iter,a0.0_s0,a0.0_s1,a0.0_s2,a0.0_s3,a0.0_s4,a0.15_s0,a0.15_s1,a0.15_s2,a0.15_s3,a0.15_s4,a0.3_s0,a0.3_s1,a0.3_s2,a0.3_s3,a0.3_s4,a0.5_s0,a0.5_s1,a0.5_s2,a0.5_s3,a0.5_s4,a0.7_s0,a0.7_s1,a0.7_s2,a0.7_s3,a0.7_s4,a0.85_s0,a0.85_s1,a0.85_s2,a0.85_s3,a0.85_s4,a1.0_s0,a1.0_s1,a1.0_s2,a1.0_s3,a1.0_s4
0,-0.27587402926065996,-0.1567630246140445,-0.25777095699041735,-0.05517075717831102,-0.19638886015983176,-0.23490024599825685,-0.13857606279727508,-0.2263895737602488,-0.06723056333047321,-0.1750604456869559,-0.197767754916704,-0.12209412865082778,-0.19795019520790855,-0.07815976265587016,-0.15573157007091218,-0.15335438323092507,-0.10238044271095938,-0.16393446791981522,-0.09123194224114889,-0.13261271884387946,-0.1138758306213438,-0.08485716631996525,-0.13369826588595451,-0.10285165742806329,-0.11206262886429477,-0.08703041484682851,-0.07294133837408924,-0.11313764850292922,-0.11075306375516511,-0.09808856767817721,-0.06225003105496827,-0.06194211257789601,-0.09415861707244434,-0.11804666959556676,-0.08518943427560713
1,-0.2975056974027119,-0.2548471336519167,-0.03041970658526133,-0.3599646157399151,-0.2518473267819051,-0.3227616533834129,-0.20513633349374366,-0.03907064739851779,-0.20592188380747062,-0.19919146344269967,-0.2545282266996106,-0.18680718458191856,-0.18270562695024395,-0.11178633950580112,-0.17736394866033334,-0.2049017930158198,-0.13111182922230394,-0.12992770803695405,-0.16511750863646224,-0.13653137329177287,-0.13907509701112297,-0.08021034587797053,-0.09369170018619447,-0.12562490509422264,-0.06940520468659456,-0.08271809436911963,-0.04710855496241997,-0.08656857487705802,-0.09734696292306354,-0.07457354150429026,-0.0555884848073875,-0.002129386682713112,-0.027039798658149324,-0.12971566892818293,-0.07517052656259961
2,-0.17439886154075657,-0.16925785877094718,-0.04507257206077204,-0.25059027876128004,-0.36475024735478884,-0.25546854753812076,-0.1332608827751075,-0.22336523547016696,-0.21411533130505714,-0.2804409465723975,-0.19817930150706542,-0.19181334214532555,-0.1466724054996873,-0.16276923427028117,-0.19442247559385312,-0.16591449733241448,-0.1465761712728051,-0.09501694361823486,-0.0924100243871175,-0.16286084164304468,-0.11810440366579102,-0.09002844625202325,-0.08426638832200728,-0.11373888684130841,-0.07335521212603159,-0.054909504351432395,-0.06266001544095477,-0.05892474751023791,-0.04003854603169625,-0.059705181691714515,-0.010833249281725087,0.024533008038290463,-0.036454779150705906,-0.0001493938152569178,-0.023051199997219496
3,-0.26423317689641196,-0.24132293832812823,-0.22500931012615413,-0.08201792748183717,-0.0822088636528267,-0.12260184537718542,-0.0875033437245693,-0.2103932488184012,-0.2906919946655526,-0.08729713091765987,-0.11360051947445218,-0.11874270731122365,-0.1583451409887537,-0.00021646307440931212,-0.0852238070168735,-0.15772274363823163,-0.11390691458502639,-0.14090160003081148,-0.1476388564608045,-0.1032881454132767,-0.09764707828411544,-0.12430534455937144,-0.04624406825131401,-0.03529697380087751,-0.08291950050523486,-0.01824163484111913,-0.049027490922185064,-0.08388837755893555,-0.03402510345643668,-0.028153328936164634,0.019702780087479565,-0.021185250565536988,-0.04476598714138712,-0.016096025662057797,0.03074000674840663
4,-0.016071044586410857,-0.14960157286133913,-0.05642408772472096,-0.07519756260002383,-0.0805337996707686,-0.10410163238545017,-0.09984714125188437,-0.18579029902840988,-0.1539378115579897,-0.12211628953201256,0.019861774420437423,0.005146880447183351,-0.13390792700348636,-0.07674017880583686,-0.099204482927094,-0.09167062781996801,-0.06713320130440781,-0.11047596385609768,-0.11193916265086973,-0.0438435917394292,-0.047699034773196716,-0.06657432989347688,-0.05985574361999194,-0.07093350178929675,-0.03821704011686655,-0.056554892288778,-0.03342364086957397,-0.05211462617172427,-0.061251414260162604,-0.036771321872067206,0.03133834244273108,0.03920324032760805,0.007746380667812101,0.004302955689782957,0.043590567669182984
5,-0.06523983554004217,-0.008121573718897605,0.0009646954796570725,0.0106148488423315,-0.07279997874221941,-0.023828658997171785,0.16039107471879346,-0.090137478609055,-0.05805559150784789,0.04299545525769193,0.052953683736922136,0.04566821563337382,-0.05273117328259899,0.02590790221117013,0.013347002736315922,0.012815740953000386,-0.13035922220080903,-0.021369982368282005,-0.030348116538606522,-0.025474433787252393,-0.07124521112546445,-0.038967160859268185,-0.05578451514212419,-0.07064442216274994,0.0573015845242242,0.06582548333321173,-0.04087451559868293,-0.02730950935590042,-0.040136564933426155,-0.012711983924746255,0.13430944129391292,0.07932155450348193,0.062178766813149454,0.00416272602259455,0.01824523140280164
6,0.1627236051313906,0.015265272961168821,0.006692580663328337,0.09509187808851864,-0.11656957185175158,0.25842207316172067,0.31108865979675515,-0.04848358874614231,0.03933513230052672,-0.013859448152290649,0.12797536605634155,0.1574162205967046,0.02497276687298068,0.11657654457926414,-0.06226834767368903,0.07803594231048885,-0.1319066240358271,-0.09931886344716165,0.09805352412017646,-0.011334865786703726,-0.034871485983843556,-0.05238607301704124,0.01649523981327418,-0.014134290292290737,0.010864965740772982,0.012833567163818546,-0.00773296570887171,-0.008426247195752662,-0.058773603703579876,0.0400833107113097,0.22435285810808958,0.02293917937373792,0.02407695688824197,0.034762802612062785,0.09659257656096971
7,0.31006883033819166,-0.024861930030842923,0.18927517489482837,0.003010172093905049,-0.09236367449792679,0.21418281117200821,0.2203676223130773,0.010195551628531717,-0.032644075051903504,0.06860490592571983,0.24021149637158207,0.1583824746857953,-0.008566863813812681,0.22582730331835188,0.13606531020907547,0.13075759281847138,-0.10880080185772201,0.018589714763079905,0.014204051764257267,0.005401701707260426,-0.007549919335175334,-0.0008774404663398176,-0.033280290717040514,0.05728526983192465,0.06168868604150099,-0.02191057399923764,-0.022936257491242652,0.04113576776262035,-0.027820005193017788,0.0028817018119109278,0.24241065845009582,0.1275253481767713,0.03934328467054416,0.07958233294196845,0.10099350710397527
8,0.3299992232769754,-0.040539069372528796,0.34254921630606927,0.07763166260559692,0.07654352143895729,0.2595287786837651,0.37233095245668885,0.09778849783908007,0.28626436397313504,0.07948688019391678,0.2837328985131765,0.3141149528643555,0.10138502734443662,0.15672127536950733,0.08159481733094487,0.1451282741820058,-0.06857593749426333,0.08451868993910824,0.05942433146950342,0.09937756642348682,-0.012418983160871075,0.03636354595988074,0.08667659334524497,0.052755079081796205,0.07140711922933939,-0.018599800540387193,-0.015932434186745604,-0.032468721562947916,0.011965508663677809,0.056709054582603544,0.20691910366288618,0.19265621468956684,0.0640260263074881,0.08393483222841337,0.12680668348833316
9,0.5994404399397498,0.06320645964357519,0.16896536621897823,0.03738141415510373,0.1374922563302972,0.4725781497098447,0.39504631199301327,0.3019558709191294,0.23530409624294943,0.19451260139418697,0.23961766336790696,0.3009824757503082,0.037087222183238636,0.27378927839601475,0.17562179033696607,0.11623358741247058,0.027984621192503743,0.21850938295228461,0.14661579334483826,0.020727903551850467,0.031854659038564284,0.0600627327871382,0.14156220709675585,0.06517791507670156,0.1138618632922212,-0.019752591407202764,-0.02774759651785913,0.029871363596998705,0.01187113506436732,0.03725845121160892,0.24360083582442454,0.16784926778760356,0.09968657362597186,0.0926110239300525,0.18969767537597262
10,0.414977418711053,0.08889308273324653,0.28462119068638,0.2294117832094572,0.07618340638318442,0.5643415549822355,0.4112525987123263,0.35076054663971246,0.16318090032492916,0.08579792670843309,0.3088056638870942,0.45440387095831725,0.22619070024965843,0.3515309985013524,0.2607319987507507,0.1853945482380152,0.04519511297343915,0.2050635898885118,0.11447138848624544,0.15555762102685158,0.13969271681030854,0.07259296952040506,0.14074131117994865,0.13073962397886818,0.057979257310474146,-0.052896451335697245,0.017793647617454857,0.04504160060834467,0.03487485795742161,0.07705527640567053,0.29701859058856206,0.14345461294871326,0.09490428315330968,0.15329936932327473,0.14672471523595854
11,0.43358667468266837,0.38927477466298366,0.24478564795315594,0.3024048816536034,0.3169160611959116,0.49445736392893497,0.5398583115407802,0.4750954835563913,0.2558403472687884,0.09305214407577736,0.3301899935594667,0.4537997774151793,0.12470322280764079,0.4318229265603246,0.3238331605533315,0.28549330501221903,0.10709965722314574,0.22776220918575774,0.10879296650111264,0.14689798566065038,0.16590857019094793,0.10300259931871965,0.1519474678819977,0.14176856352642195,0.16823550147510719,-0.07567231423188567,0.00041104165858556283,0.034512507839315136,0.0905069488315952,0.1463670791596174,0.28446266642808893,0.1399446757721418,0.17089361780883813,0.16132710553831547,0.24192504582414465
12,0.5049142568830567,0.46938301346352873,0.17331761127333994,0.2852431527559147,0.18670381947524484,0.4626890424084853,0.4673927552089857,0.5824909189360956,0.47084216090981423,0.22442104116729777,0.41354942838941566,0.48550466464233516,0.1556302421874931,0.3799629447986391,0.31694088796622344,0.2563349862569329,0.11138835962106189,0.2667722036070296,0.21528774398387499,0.14496279824865785,0.1743158532175425,0.051150235943690586,0.11323592970787821,0.16699170173970693,0.24361080057057832,-0.033590584445910225,0.018404486847299693,0.026860706870393707,0.10145928050443058,0.14675839813576322,0.4087675530894983,0.18574696324604298,0.18851777871767134,0.13855345918227518,0.25533632606923207
13,0.7501428322147015,0.49760979638145164,0.33420104205673745,0.3535972531232261,0.35224071126139955,0.514496249086031,0.4311433928127473,0.6194094372461054,0.4317857512055603,0.22232204641539344,0.4812181492579372,0.450637982912954,0.26589641243308726,0.3948075009602309,0.4045750914204369,0.3170519763391193,0.19474329662237877,0.3093173420895599,0.18916539733904567,0.2004707526642407,0.23629607738622205,0.12117804944438107,0.19887321580866893,0.14698360517899764,0.22056997076791646,0.0001968917404674836,0.05104378114222924,0.0017653799150142736,0.17521444214301732,0.21484951749271436,0.3428911440960033,0.27180208670303674,0.13000579246215377,0.14826280021324273,0.26732347456638783
14,0.8330533446828343,0.4868036953160946,0.21376595306311474,0.5375590402890278,0.3693173378712614,0.7011448089291369,0.4060966187310207,0.56683419070949,0.6246935520000221,0.3256497960961848,0.4715179765801312,0.2957605050776409,0.22054597139566506,0.5074678470202005,0.4858744695663405,0.29110520088589287,0.15445245564192633,0.303755786729878,0.19084272555451962,0.2185856524849272,0.2519845712892136,0.1185475743177653,0.1963611093070128,0.21131220434234876,0.27663731549160875,0.04706594540192971,0.11043692792922152,0.08677334821903014,0.20308490326385234,0.20964249415403424,0.3716177391431999,0.23327168399499382,0.23028450231139502,0.12717496331710348,0.3103163828859151
15,0.6328527386088745,0.6739247231583828,0.36547624056541,0.6116191270607457,0.19936509645554853,0.6763240245150968,0.5767478636565595,0.5242718597704431,0.725612345237216,0.4575332769083747,0.44859897939727594,0.39403939413387784,0.2553360366487723,0.4635645734917175,0.4744172873566702,0.29349950635914457,0.16441500813448529,0.31504759150065487,0.20136300115853556,0.19185079725959084,0.2838320959868679,0.1274182471657872,0.2501667601806221,0.18227628478204405,0.26969393860339186,0.0765040967444825,0.06749537983361584,0.16072664789027324,0.21759041669431306,0.32435415970817816,0.38060186168361837,0.2574876288071697,0.17701608417336262,0.1727338390404004,0.34919660467718716
16,0.5839672777235656,0.7929575165612309,0.4443460046691762,0.7599284198604332,0.48348075475449104,0.7245367240142369,0.5569792065243978,0.6376565126325613,0.5748527144790447,0.4552136661463015,0.47776657685807666,0.5203146469655002,0.304582349378166,0.3819781585080809,0.5133091460648501,0.2671375236452608,0.21633940736969515,0.3415721425075124,0.18457922210594657,0.19328860088400757,0.24067781335507993,0.10175584365910174,0.29961447442339617,0.16039156185493578,0.32995138695216797,0.08112421332923969,0.11740402576821289,0.10762345737058984,0.1192330070219538,0.2280184569909512,0.4528682537102474,0.3459335681325816,0.22398404744057338,0.15937787126161235,0.3948706322539841
17,0.7600904656421643,0.799279472663943,0.3990112320142701,0.8260671050470734,0.545057636074818,0.6913421923197078,0.6968736338239192,0.7298674809127418,0.42643169251129526,0.4590221294960537,0.4723718906160652,0.5757190973174588,0.33508466356378264,0.3994838970013867,0.4626873988649089,0.30968437336348253,0.2419423252656901,0.33428377361878964,0.1737368584039724,0.22455429440939376,0.2691147675658072,0.08839360141889069,0.325788521570879,0.20060396518403406,0.21662175052405572,0.22837570073989122,0.06148552484717959,0.18105311274261957,0.132948275815716,0.28967245930002794,0.4339917889040861,0.3715208233092493,0.3614322727855541,0.14775766933422008,0.4215171683063767
18,0.7529159090183591,0.8421042312489861,0.4543483389842685,0.8775370887058875,0.7520936473891677,0.6998073160632803,0.6338104272890638,0.7362448893628768,0.7278828023213746,0.591112726220771,0.4835603965626215,0.5169006806273164,0.3795410714717593,0.48491160912313114,0.5236143066434226,0.37539334451971096,0.2033905357150512,0.2941464451673589,0.2101854509432209,0.29677888653978,0.2213429217680986,0.24985245458501618,0.3332690886819678,0.17915411299102918,0.27873041146941957,0.12559052153847627,0.17454713894744475,0.1768839289032355,0.222909897020927,0.34557439800934275,0.5241410803687183,0.376239811975556,0.2899504411002257,0.19237757312594012,0.5406364948531446
19,0.863916275546744,0.8047125125968988,0.43626327615846094,0.9120774509213173,0.721454735568271,0.6989576492293401,0.7919580177652683,0.6724029752679987,0.8009756745070926,0.5450778674118748,0.4519220343138641,0.5925715491356286,0.4746823892564347,0.49676683340405736,0.492602152933444,0.2847651645280727,0.2450723658756766,0.3168200001528949,0.25700808093786165,0.2776588182570947,0.2494107482848461,0.25546705957421,0.34906747026090357,0.2753391818681048,0.31590639198033843,0.13434304064835131,0.15825766236349748,0.25975004594476675,0.3284013721792612,0.37916357022994307,0.5421006974331892,0.40672730243211297,0.29051726773868436,0.21046270727813376,0.5393101107359743
20,0.865796457962603,0.8563409769951912,0.7761715625642005,0.8743650070945558,0.7625551793325553,0.7682149884976956,0.8293882575567681,0.7495783115148076,0.6579412186630503,0.6136906866545866,0.5585709994394613,0.5577753163230246,0.47919300941086435,0.46187570006650047,0.4759072927455837,0.32417915935525315,0.29182907599930286,0.361718033344512,0.25834703462061676,0.2826111923528186,0.2613997300279811,0.2923525502971981,0.3053420652517857,0.2556161289237071,0.33908185590325746,0.19544775928319272,0.18395362992376812,0.30237631388594804,0.29236146287524245,0.4409485438732437,0.4177161471410818,0.37452991310931205,0.3710371430721129,0.1448561528419804,0.5030224599273867
21,0.809587866829755,0.9746503047981049,0.7068950292113206,0.907888946582445,0.7641726179345804,0.7263485532144938,0.815670447848736,0.8441181815534355,0.7034566927403945,0.7184936754891583,0.5514280003440706,0.5292706812579236,0.5255874072971056,0.4728997924050127,0.5441192565409918,0.2956102293276415,0.2739288441854283,0.34796797277340624,0.21225200663319174,0.2745598196430381,0.2960756173647522,0.302183206402619,0.3200028793532147,0.2285762998898648,0.3356341906632618,0.25565451497447134,0.17271831077143446,0.2843671664833335,0.3151180786727118,0.4778693389438172,0.4194237520358909,0.3767960072713895,0.36152963060111054,0.17128655455375164,0.5563975194430308
22,0.9638646152514972,0.6998265158905079,0.9236847117658511,1.0384415480680969,0.8247580218093481,0.6477004768768326,0.7137806268358575,0.6680511340343953,0.6449942752675817,0.6702395170740982,0.527463293424188,0.5685319136127236,0.5295197519196582,0.5641240263626939,0.5967764035767136,0.37164570967162724,0.23178064210653715,0.3188105686969369,0.2732026592995554,0.2450746653029895,0.3053641067622125,0.23088064207659814,0.42274592059253313,0.23867082319958852,0.3067382892523137,0.24704130876232927,0.20502280929619976,0.26689491465179405,0.43907961360547576,0.4282846016415951,0.39245180558911485,0.4481288989653452,0.4143478751471158,0.19860143100738087,0.5574116478666469
23,0.9117866789662079,0.8084996756224374,0.7416313745151348,1.0290828585284038,0.8236892642724792,0.7636878327016949,0.860128237611751,0.6934402153046564,0.7264833992698355,0.6491302419886651,0.5736361936057186,0.6296249275965824,0.5034970668136598,0.5367949058585639,0.5738092286672793,0.3686814467821615,0.26663149721114143,0.2689599544757396,0.3213758180111006,0.18139229596222098,0.3892326241131679,0.19659014329141938,0.31200504027314013,0.27844350537160084,0.3103004487721728,0.33874553935794083,0.29182121883301915,0.3393589913440429,0.43404239483074625,0.4741309051979741,0.5390083157983033,0.3940112928747001,0.4228200093117171,0.19718326237110145,0.5829415563503052
24,0.9262169058410884,0.9688678976539717,0.7230299401535211,1.0530382993936112,0.8019702614136294,0.7363145862764652,0.8831906062612516,0.7843712356352442,0.6499381329014993,0.606059804497028,0.5474943734263,0.5103533365674927,0.4999258569403424,0.495951112213013,0.5516035874705473,0.3337420283064393,0.22691093782490762,0.3580776261207971,0.25828756092204536,0.2737195957600551,0.34630290536047803,0.23789907131813331,0.3423888061732166,0.3118835773682119,0.3188144099328743,0.3922187171484013,0.2874622183779444,0.2589597359478902,0.4340676852051661,0.41611198385410114,0.6065271480636334,0.4026239841770555,0.4155623657023271,0.22165348471801136,0.6505549421328078
25,1.0108720297967841,0.9995302823745364,0.7058487978225528,1.100110226356625,0.840297409828173,0.8271735616822171,0.8096500526849426,0.8920353475851418,0.7397352239598408,0.6053562141963104,0.5491698421219595,0.5538703475242066,0.546116135708791,0.4921199427630379,0.6237027692721655,0.38650683610446857,0.3053902644365247,0.31606811548815994,0.3076184582228512,0.308279368758279,0.3630931127873766,0.2645650527739356,0.428050104632019,0.3951687843554886,0.35344458076291185,0.487836547698123,0.3540842053912724,0.3449098720778406,0.551830157850202,0.4174195299928729,0.6309750979416842,0.46327133351929,0.5196180575411486,0.24763572502434905,0.6151784040833872
26,1.1198411328793236,0.9658216263463508,0.8122558596195864,1.1474011120250116,0.9420869403207188,0.836174823796294,0.7647779068054965,0.7392108471415004,0.7986217721691568,0.732764981490536,0.5174648503692538,0.5366206523851105,0.5052909211426811,0.4911151032216432,0.5504397282090762,0.421533301105544,0.27314250490292946,0.2890085732722284,0.3020402416897024,0.27980612133485183,0.41634137104722013,0.23937495662188354,0.4348917082641251,0.32517841331830266,0.34435341351892224,0.4167356253697554,0.32383329066985156,0.4562013730665061,0.5866667862444115,0.42788045051599366,0.6853282418556115,0.4790432028952189,0.5267081744203557,0.2838752900870368,0.557121150726724
27,1.0969753527638881,0.8863959391046685,0.9577857287278612,1.0655309130453696,0.9843951155087414,0.8777067316983274,0.7302018772478118,0.7537910285398307,0.6874903618560402,0.7577642245786536,0.5184994551429,0.45711448012515443,0.58836475446744,0.4728693124293048,0.6026533632853994,0.36143495622417415,0.2705916360766532,0.33676826065199694,0.28546513409843854,0.2990833397794786,0.3936154096250589,0.2512992618802615,0.3980744150075308,0.3013489858937162,0.32532862413073893,0.4900252289159209,0.33403536324640404,0.45350632714573147,0.5706871832694114,0.4294788101448629,0.6648202785086155,0.4458014133847007,0.6565549614846674,0.2174031631290839,0.6443871772526127
28,0.9710831151433775,0.844614805034302,0.9883577844019815,1.0105075847480003,0.9091807780437984,0.8056471539718395,0.7093938035701366,0.8008495361143603,0.7446861694116067,0.8131551905038403,0.662388282971653,0.5846079496352832,0.5558619584126299,0.5301486577647568,0.6620524634457274,0.4390685305877762,0.31603520003777125,0.312721382235484,0.29521465219733045,0.3224148606528895,0.3952791311434729,0.24699623671760584,0.4108378191956466,0.3094871061249935,0.40567746460762977,0.43293850354863117,0.34901469880714114,0.4214728645681842,0.5337662664081342,0.5479824683375188,0.7863132616002895,0.51726771306643,0.5996216482118528,0.25144594469426257,0.7673970350669554
29,1.0740278464738042,1.0246163018024685,0.9399118775875852,0.9041772169103326,0.8468339506623588,0.8121932874783695,0.7235520352118734,0.8573564307555785,0.7066923803306832,0.7561378469431288,0.5914256691615513,0.5447676172624623,0.5308471014872995,0.4886526858330629,0.6133449444375536,0.4396643291424363,0.3080355050124407,0.28749723739589766,0.2458407965837613,0.30203507783413813,0.45693476121418886,0.2672033931770472,0.3961963145457241,0.32490543702054886,0.35914818948349475,0.4255778050538273,0.3021932706865199,0.4493214501630917,0.4355304296121326,0.5188002931494289,0.7384569798563898,0.5653449473343377,0.6418572419702676,0.24659639806040837,0.7071458417514677
30,1.0748690188639145,1.0594118664453105,0.9599139149002787,0.9746975188774599,0.9810134490865909,0.9224355154471705,0.7633928764478579,0.7894705311321828,0.6918504312827642,0.8262983368829189,0.6332096171388015,0.5263254859485155,0.5645927710138857,0.5021317585932835,0.5623829315290327,0.4582195870270953,0.32541954550474456,0.3510249383358258,0.2797673552713308,0.32836701116412564,0.4587487134583848,0.3008143991508041,0.5078900336979134,0.35672515699109886,0.3800000164261201,0.5899875714542216,0.3325466229216955,0.42860510565531396,0.47234511269666846,0.478447818423645,0.7094761723922491,0.49748594452087075,0.6331992809999427,0.2865811951283552,0.6955168539022684
31,0.9513120689347108,0.9889487989081609,0.9314908932000301,0.8985966349267589,0.7406351718620512,0.8327705666249732,0.7543306316671641,0.7303658007792768,0.7101148464012441,0.8177501844394215,0.5293575329783464,0.5315305547564433,0.49049894272355954,0.5112028694153534,0.6180640148080088,0.33832564834289836,0.3475769399102263,0.299554852074312,0.2579708736365045,0.291235973054115,0.4377333086113152,0.3156438215302376,0.4483301488875542,0.32847255234497524,0.37583545074592484,0.5618757806880671,0.2922361804272957,0.3809605321484153,0.548677988680851,0.5845383086661364,0.5813305921565238,0.5526867043047231,0.6085105405175528,0.3572076170255134,0.8105498446434786
32,1.1878184644893437,1.0680501610326398,1.0143343302492795,0.9729047428331538,0.8535839342503972,0.8024889108703059,0.7390044468892014,0.8265604216571721,0.7757106678575473,0.7895421767391497,0.6459284111271392,0.578559225895362,0.5700267482972813,0.5164384702091414,0.5946136545086677,0.4043664009542169,0.3659260743798237,0.3205874087183095,0.3160618775453956,0.24988084936698612,0.4025826836091315,0.300981877204052,0.5162955100134469,0.3668841255440364,0.3746677462264914,0.5879000249627713,0.3676341510727683,0.48504371546631964,0.5983034269221592,0.5403570091809605,0.6398495546850015,0.5747837672336312,0.6881890484902342,0.4161904934578196,0.6842947453362073
33,0.9615538333303605,1.0771196383860366,1.0355951000279298,0.8326778070987794,0.8782191126977195,0.7700397547146776,0.7025513539070496,0.8507574017045325,0.7785540120752199,0.8156656895165684,0.5804889469952791,0.5616663419781571,0.46929515034561237,0.4128844281501657,0.6093737933643654,0.37192730182038225,0.35926809573655094,0.2792871338615156,0.27854301711861545,0.3069730140171256,0.4224923041320723,0.3984514049768082,0.4919496967697439,0.3923951123165701,0.45029458994095833,0.667553947497037,0.33463481216654345,0.47251994531341857,0.5331015520381864,0.5444556480120746,0.699226051014807,0.5716548791807163,0.6328912643132965,0.281061567309018,0.7320059908228882
34,1.0009904964489196,1.0348417993858223,1.025734604156888,0.9769988949550963,0.9103888420742499,0.7518583954448309,0.717540948255825,0.8038844198166116,0.6946102128872469,0.7202169962904561,0.5968111519069899,0.602321350627253,0.5926576127850772,0.5310578969916047,0.5506707660342108,0.42316346314066455,0.32373681681357624,0.35690544620934495,0.30858834835866694,0.3082487897539019,0.48647726360247,0.3992950443504094,0.5440644540947669,0.33425084569075403,0.40885278287707727,0.6303479904076994,0.3140242003654699,0.5018590970605681,0.5816684596684061,0.5116445142486502,0.6251718421277904,0.5464129740160042,0.7322316213429845,0.39922291859954295,0.7160264546423314
35,1.1517840721967563,1.1229856508675562,0.9139430516354519,0.9379490792371727,0.933303249402855,0.9288191752672965,0.7187445476804966,0.7473514306258282,0.8942584417182949,0.7496351964105481,0.6605953312780339,0.655749509750193,0.45982266123153126,0.6232348865026927,0.563536059570745,0.4807926117084421,0.3517711993625522,0.2820732110799914,0.3361149016348137,0.2798627469025194,0.4094342441346491,0.38086583219677916,0.4221113783080469,0.37190376107359535,0.40019431802150096,0.6429230170773865,0.3193216400803228,0.4163919204018657,0.7072797929731867,0.5390260499236894,0.6227757966544245,0.6523853500559377,0.6691529646128473,0.4130166974873928,0.676442743721875
36,1.0446795741855377,1.0658710923181713,0.9643534186982072,1.0030867854344419,1.022953662701323,0.8045948005787402,0.7575637918513698,0.6600540041340802,0.7226257634023712,0.9070248897420732,0.6326921418589584,0.5551252287992874,0.48613073296831105,0.5999756340228592,0.6197319138610933,0.4090577076595291,0.3041967224062988,0.3047895234221701,0.34976715244168755,0.34932921004614376,0.39088283414988645,0.3577403155584415,0.3662643015644642,0.3991758819130996,0.49002033916113064,0.5988422940293283,0.3195322683178123,0.5127441699247117,0.626013121729954,0.5826699123329963,0.6238752718374241,0.6618321319449296,0.5491792683448505,0.413097904686208,0.8660167251320937
37,1.1474095819116408,1.027700702029295,0.922931998081467,1.0852104538960492,0.954069083014453,0.8118945731586634,0.7209054773273162,0.8950236392402009,0.8991679642114174,0.7870209335752283,0.6507367976734801,0.5423017682894378,0.5619921703533686,0.6655329457221696,0.5786597122265271,0.3601130247323585,0.34029474136090343,0.35120223578095366,0.387596448757987,0.3089892830381876,0.39102298405179114,0.38437482427276115,0.4448571139202685,0.4398212302433775,0.4190213679371449,0.6044581223982188,0.38677711266782877,0.4753168889594885,0.6222509302037473,0.558724851109279,0.6249574186076561,0.6841487185882877,0.6471484456709133,0.3978003943685623,0.760770899456453
38,1.00739825945887,1.0806913864439434,1.0867123223615902,1.0955139689252116,0.9977509344945588,0.8679871780077395,0.8404680642776448,0.8993503042797206,0.896583413449927,0.7808980041859408,0.5531773811973174,0.6108909439469221,0.5479209968194624,0.6638333931743368,0.5491786377604003,0.4011944128979793,0.41278766462302585,0.3395435953477517,0.3565317740832658,0.288423575402274,0.41517597564918474,0.42642295965509674,0.3875803965626561,0.3953525837447771,0.4352168062044943,0.6594776269767915,0.4596770265990253,0.4610503189595897,0.629139042224901,0.6612807607762446,0.5407983879015243,0.726962616604546,0.6465022732104921,0.42069357645477684,0.777589984545193
39,1.0548695398713148,1.0332268728359026,1.0561544066485924,1.1761642642579329,0.9686941224963422,0.7339399330289885,0.7334995887286068,0.8121704863664969,1.0011074102790423,0.8174568620095719,0.5943142966177115,0.582015994121643,0.44518817629782637,0.6987225436404685,0.6452174733789138,0.34063223313229307,0.39314514055515815,0.35436627084342615,0.38803792591032304,0.3530104336169436,0.39494056696743346,0.4022097550913759,0.4210413950018312,0.4105826348722311,0.4923472440822059,0.5071020438023549,0.5759257138090097,0.5104140277080067,0.6443310680561973,0.7110509222281727,0.5040201576360777,0.7580756470255505,0.7222567616839854,0.4407673575601575,0.807874475857993
40,1.174789335301145,1.0489851036265578,0.9101672611439199,0.9685768718524537,1.0358452459969925,0.8074842289119453,0.6415822551599517,0.8016111138213968,0.8556765652393441,0.788310785216429,0.6021719295391124,0.6767701081334405,0.5665942393313617,0.4795523402178584,0.5941565633041422,0.4034185051139234,0.32810719401402616,0.337235739731615,0.36076458205102985,0.2955692430625053,0.5114013532369936,0.3829423112537981,0.38735097621991776,0.34466090565553403,0.4313856854185195,0.5827696715769548,0.496479333600693,0.46601326957899514,0.579786670847632,0.6691803482228553,0.7385516842743055,0.7634456578458233,0.7454503406472299,0.3990144602500182,0.7227419944536082
41,1.0838972580377688,0.8877728942562289,0.9949060210204757,1.0622509855398852,1.0948401774753223,0.8712239979070593,0.6973247704679977,0.8770516427530701,0.9084566815339434,0.8200971972211422,0.5866712223124593,0.6126906074793805,0.5727771925681052,0.5668647421689592,0.6117761317656433,0.43244532753721415,0.3058367131209118,0.3651978940031016,0.36523232077626333,0.3157857228811062,0.4317209765472379,0.36225772887484087,0.430230275972328,0.3946150865991334,0.41518725788445116,0.6240614057115244,0.5397563499120309,0.4600372085197195,0.6308012072646287,0.6685305390782421,0.7285752163464115,0.6395776971815048,0.6660975477205682,0.34902996932068436,0.7292203867322009
42,1.1335300382035953,0.8859071703451025,0.9547743428592862,1.039468029801037,0.8387737219316129,0.8619509490154593,0.7499291682305828,0.887289458753981,0.8171573908518928,0.6021317989332169,0.6297246771112543,0.5628404370711315,0.5159721306595855,0.5944193536342175,0.5493094470597483,0.41962940196510345,0.3335372258602468,0.3581435616517726,0.33533779859317353,0.26173547100795547,0.47409635667513617,0.37844754275650255,0.44785930362960497,0.4320246729557957,0.3707303264188796,0.6215384776821431,0.5676030393938473,0.5302628887000672,0.5799799341087517,0.6047032014667337,0.6655548534029628,0.5715370169150434,0.6095232319127846,0.3764008032739521,0.6512803217764915
43,1.064282030094862,1.1111655931650957,1.0397583294642763,1.0932383503044345,1.027818479747471,0.7659244026340227,0.7543035702005669,0.9340187322506044,0.8660481186842681,0.7079101079643663,0.6093911068675127,0.6915379641337116,0.650769814357322,0.6450671303589297,0.6041619692519682,0.34600775388267296,0.39229106206887854,0.38584846757367885,0.3608979768391364,0.30875811435394995,0.4704903358511736,0.43024234984263743,0.5510869937779274,0.4042962968620688,0.4148667873768688,0.606491297871493,0.648239445981017,0.5633366814575939,0.7367302868475207,0.6342807742936251,0.7333110924416657,0.6120793443598502,0.8097480681523606,0.36544754105776955,0.6632901789769707
44,1.1828249168833151,1.0901019216585164,1.0231072777008015,0.9271147589016133,1.0997788459808917,0.8535597026393834,0.727303561931124,0.7989476503168861,0.7567449624397163,0.7626679570917404,0.6190877705164193,0.6124317408927513,0.5401561858759157,0.5241297960568825,0.6316266584386688,0.4664324596394106,0.39477616833372764,0.3611305977027005,0.27066735038137113,0.34849782767117377,0.4965309140778825,0.3886986847360467,0.43973418309017304,0.342676152132483,0.40857173001328534,0.6388131930308564,0.6517241128992884,0.5645612748112353,0.6158660414403826,0.5025846255232292,0.660255607679306,0.6629877926878516,0.6926628446889829,0.3491668486132932,0.7301207928156623
45,0.9526864267637459,1.1024892493194627,0.9889334899368063,1.0006081286033457,1.152639934127093,0.8524472603639291,0.7551916985954754,0.9118960982926154,0.7893325436327716,0.8215146578942654,0.5949788007871106,0.5276534446319447,0.5677787514385166,0.5220747693974019,0.6939514671584762,0.4717648597149136,0.34713088722811386,0.3430114020082704,0.30176597159501717,0.4045602045674485,0.5208336602269878,0.33346025938261037,0.4484383043829384,0.3936344472800589,0.3855447295809386,0.5667381746313818,0.578782534199439,0.5629124881448504,0.6762426153898042,0.5854174883697605,0.6360085955043573,0.6139542985143114,0.7249358978803971,0.42807042832891296,0.7188974112612975
46,1.040976563071261,1.1324554942995544,0.9576084119719303,1.0002822704035008,0.9699167062972062,0.7885276231189988,0.7319581063504977,0.801213270044926,0.7590566053435335,0.8372563627155134,0.5956630061464449,0.614379616560023,0.5429811146781895,0.44383168037196374,0.6504624237229168,0.4573259406826266,0.4119875138575159,0.309330262982789,0.31475561978886546,0.33071038385801,0.4748319316347428,0.40948204607273836,0.4676529296732343,0.41181499043442915,0.423439774283206,0.6147204416562346,0.6940102840426179,0.44867874866445423,0.6057706535374471,0.6645795702344313,0.6098538200224078,0.5786418501970578,0.7025471296222635,0.3963356670022709,0.7505533916083126
47,1.1006014848728967,1.0953735890244545,0.9430360702241313,1.0746682244292574,1.2437322745950754,0.838407763236284,0.8512167235526702,0.904117131009065,0.8971024807845362,0.9484520250431071,0.5609803620026288,0.5676094641953047,0.6345586683917159,0.6211656102918519,0.5869459590803952,0.430490497902418,0.39010280551077425,0.3672938623799885,0.32170711666783824,0.37554824979492063,0.4547449808792945,0.3668899242047654,0.5416764476800554,0.43942894331651705,0.4605192314817718,0.6132594968126694,0.6478809343307844,0.5013115610261156,0.6668262404230247,0.5913705326491673,0.6218200187747148,0.6726830206761234,0.7707669384129393,0.5963562389110028,0.7577986704733393
48,1.0715680612421168,1.1151621194756596,1.0283433357751635,1.027262198390249,1.1757314317029612,0.861296592474307,0.7605652858537417,0.7983543297717487,0.8281393513327103,0.8870588835701473,0.4865574901709162,0.6190659918519954,0.5933258054218988,0.5435800029618598,0.660080386726519,0.4710553467067401,0.37671659261231155,0.31364685729803293,0.3208259762636546,0.3687577283861817,0.42754295800500486,0.3753652361380295,0.43869363601639855,0.4451939951062053,0.5239364303149079,0.6617546704432693,0.675297070753416,0.5362489173176331,0.6671953781217905,0.6201706607738309,0.6680235806360345,0.6857843437634297,0.7151033508758361,0.465099997743502,0.6780680917129491
49,1.0849405594416819,1.0804691905555242,0.8568030823524346,1.1408139884859632,1.0139849903288471,0.8637755430765418,0.8051740701999185,0.8156702081465048,0.8398797306965502,0.8237523503653638,0.5263921961781726,0.6695130448299578,0.6124631082093688,0.6076848368712653,0.6395588742571778,0.4677328687951413,0.3247629225858496,0.29326624143057545,0.3419004290270976,0.3590248123971632,0.48094856567342303,0.3592481813498946,0.5069477580643165,0.4629349685655648,0.48860052628293793,0.6772004147075897,0.6346884326267404,0.5450412650598904,0.7519781149518426,0.5455433501812493,0.6012699861329048,0.76720728303051,0.7758872220046235,0.536046010649291,0.6289635468699146
50,0.906309340747272,1.0146590451619346,0.9454095135360521,1.0716609998641706,1.1375521409995866,0.8384847739743533,0.7439368981912402,0.845172183817482,0.7715203825567882,0.7786207074479603,0.49842858470812623,0.6706864932321859,0.5309267685554022,0.582483670597441,0.5777076968507698,0.4629712873958782,0.3689614834554527,0.32353306394907144,0.3408483092042297,0.36564466642394344,0.4696998290100304,0.3521258061726976,0.3904777536594599,0.4313623882155604,0.4843588737902389,0.6777717284135348,0.6395234328544626,0.5213508053347358,0.6646036598082661,0.6624707868860071,0.6970402668625907,0.6959507762129973,0.7058117231405692,0.4665183340980302,0.6779253975271048
51,1.040110781852661,0.9976031070220099,1.0312595089843786,1.2169530498318255,1.1295511426499374,0.7772450991232704,0.8027980124692994,0.81570211884499,0.8727661919433685,0.7961464250808273,0.6449198164850155,0.6593386077611894,0.5906179157593979,0.6442330682259841,0.5583296009761287,0.4673428850617936,0.37525582107356137,0.39824270806665746,0.40099315430918925,0.334606261809827,0.5440619213522732,0.3785714959912777,0.49194830469871353,0.5463500758451172,0.4607354447842209,0.6533025601521134,0.6100831832358878,0.5695269314438705,0.7023464947781635,0.6565598512180217,0.7112706156999338,0.7047371610661628,0.7405289711333854,0.5703584361953649,0.6870915146686392
52,0.910524724295185,0.9719613554054396,1.0753955999763918,1.162137156172611,1.2015297954447035,0.8294883219049815,0.7746588301401868,0.8508581061959637,0.8242666206676873,0.9399986637522421,0.553907269271367,0.628883455546575,0.5213698458276878,0.5745003865612661,0.6179185679301511,0.49536828242077624,0.3886643696209719,0.3386946025568155,0.361110155031507,0.4576124042346806,0.4718429181727066,0.40999326310317546,0.46800554654942045,0.47060779097560884,0.5804355396672591,0.6632889032636082,0.6216947472110022,0.6260198715600693,0.664265661659076,0.6792617964339052,0.8177500638096722,0.7582104090129425,0.6610718910962353,0.5132377686048883,0.6608695556477537
53,1.1487328497247646,0.975869651252161,1.1101909351222976,1.1383995593951912,1.0464130599821055,0.8842750026671349,0.8285432743030448,0.8576940321332381,0.8109229997954324,0.8972115857012701,0.6596401316801395,0.6949725429099904,0.5343037968078299,0.5895990299882125,0.5803104008319199,0.53084952237012,0.3685809164873688,0.2864907362793841,0.34534253798993847,0.41212875545807326,0.5384516929917857,0.3787911221992376,0.46477479470504424,0.47265259857451297,0.535680009967772,0.7105187733862661,0.7088928504078396,0.5064628636275013,0.638113621100011,0.672509051599898,0.7682617736896701,0.7918576192936586,0.6394739336596407,0.5396755569768261,0.7049368046844806
54,1.0141350798129973,1.0540977090336083,1.119844521632572,1.149664675235476,0.9443804846185788,0.7541316268616192,0.7626908443591837,0.8704848037539543,0.7759561038692695,0.7599127884912913,0.5889947654525136,0.624014865265636,0.624440402105281,0.5648426759017504,0.5683723520379748,0.4709407927921972,0.38843730737976945,0.33522381466625883,0.3327178425181515,0.3127493340777672,0.38953834174014434,0.39215783378074887,0.5496745324701942,0.4850508967720844,0.42068456648649544,0.6480478413626575,0.6580237260779336,0.6117072096503188,0.6434553589828341,0.5838594524979995,0.5614796782330826,0.7265774324796465,0.7863881032236366,0.552077020172719,0.5887926234921657
55,1.1117176435183345,1.1967781111503009,1.1720584915998482,1.1011417040274865,0.9407583010735091,0.7796278774003342,0.773318733637503,0.9125032982111435,0.8524634930302639,0.8223462231530674,0.6746210935344052,0.6284958572677937,0.5882802279852373,0.6176171879446792,0.5947149850854059,0.510601800055446,0.37023611541557433,0.3556087758162474,0.36785837220951545,0.3545726808134145,0.40796102180903837,0.4378256054846168,0.517558455099499,0.5196198073650448,0.5456784673569386,0.6802073376937048,0.7373444298755274,0.5993308618423323,0.7343370379397962,0.5843156679855112,0.7436985019404685,0.7592444039552939,0.7058845227242836,0.6232981073289208,0.5987154647850101
56,1.1407331698849472,1.0378962027802263,1.1516475688997017,1.0977430374110848,0.9220783156751924,0.8219226807498526,0.6685921277604998,0.8385384535272339,0.82668043141621,0.7571877624232373,0.5776154234088957,0.5866651635854502,0.6536975318483833,0.6115488692170008,0.5995467536171541,0.425966159354198,0.27615536143978725,0.3867482567026129,0.33583097235051906,0.3753845382587885,0.517400698720851,0.3367255443794479,0.5049171350728782,0.4895090057718262,0.5375930849802026,0.6428077260143702,0.6186637404160369,0.5820777348829493,0.7189214914258368,0.6497699360519951,0.7673857999074827,0.7029178890755072,0.796675808834318,0.6636144905371135,0.6681997177923431
57,1.173576142542737,1.1074537843392829,1.163832456229068,1.149686658520806,0.9244444638013585,0.8778081693323063,0.7818085140752571,0.7537316216480061,0.886195758524416,0.7385748085466318,0.6057512502484497,0.6883746439361638,0.6145864123988602,0.6499244491943705,0.5943892992684601,0.5286943047214654,0.368361823285084,0.36840152081380556,0.38731669500891525,0.3626706062091787,0.4689933349110296,0.4450442037276417,0.3804828380786807,0.5203047786905867,0.4601384138269377,0.63266656758401,0.668856165708227,0.5299926308232542,0.719851407310963,0.5758780257984912,0.7670082000990204,0.7774903596333108,0.6605925328793029,0.7513123258519814,0.5663192991467175
58,1.0890694307409232,1.1173908335149965,0.9265218090150673,1.031129118802704,1.0022895704100632,0.8605866847022055,0.8195362465940876,0.8285041446224849,0.7677062098587601,0.7703052005701341,0.6842314597311872,0.5796901192548685,0.5270874775857888,0.5204499470358444,0.592342749525226,0.5464862640757715,0.4048199476353966,0.3675900489664415,0.3168149332050295,0.4190000322272318,0.46876516446727867,0.4002818500764235,0.42427281928233807,0.47387669785592995,0.5420748528844757,0.6393501086293458,0.6605077047735759,0.5764337005169076,0.620878498099517,0.6142619330344528,0.7967644621564945,0.6561613753425835,0.6729359817790393,0.5997629472562752,0.6884999195943762
59,1.1010504359687738,1.090691445178386,1.0326711958174553,1.092570864955512,1.1808716614943977,0.9083588324264936,0.8044477350194128,0.8265526353936334,0.8828689661135183,0.965176213181258,0.5865577326173791,0.667468431515613,0.5929534462797525,0.5602283017111394,0.65839924482506,0.5186379145056483,0.33674301354617653,0.31792112943953055,0.31902454977874656,0.4083053380229851,0.4952346832207898,0.43380662747812015,0.40255478684310886,0.4658159068484288,0.607020359204943,0.6330339173534151,0.7209904357885812,0.5593057899200424,0.6345532220447409,0.6530471757110763,0.6266802397049848,0.6616937172683928,0.7015362619301382,0.7957577959366501,0.6961962508999722
60,1.074434394703034,1.1928384752857148,1.0010984421903024,0.981344177384343,1.0292166896365085,0.8344439285109837,0.8980716748230337,0.7941417605949389,0.7707076852217196,0.8194374315766852,0.6185086296773622,0.7154571938055014,0.5059902725593224,0.5140146711115616,0.6196680186831844,0.48420893338358884,0.40123972771433536,0.24608006943560082,0.28913638396679586,0.3128479159123233,0.39510954269033993,0.4059225067787653,0.3973958266413896,0.3731763154737371,0.5380738675078125,0.637675600389661,0.7745358877608852,0.5761912992491408,0.5828504992631962,0.6057444824037165,0.7516086319793507,0.847904064793354,0.6912769899234309,0.6754633827273946,0.835764276631808
61,1.065243345263292,1.0640343202001818,1.201886270080665,1.1014546239746195,1.114882943921196,0.8964925243523935,0.7897708523188488,0.8475243972885909,0.8039021077387376,0.8605279787052086,0.6366439628087868,0.6416279461225924,0.6394174772621879,0.5777860684405075,0.7081746968129741,0.4827240422970547,0.34539439888385604,0.38701692307792823,0.31226579679421884,0.3915042485765454,0.5067563824507682,0.46590740944866793,0.5033226917143367,0.4987048903051207,0.5510381359772354,0.7045559825026163,0.6383708910312623,0.6740295013428816,0.6639452699846287,0.6422020805624552,0.6486442938097152,0.641334745669301,0.7569553386926813,0.7475325525980985,0.8344575905176026
62,1.248820306920394,0.9484445000444542,1.1614395193563756,1.199624267904472,0.9866430353497742,0.915545457924068,0.8223803346522105,0.8798996747361587,0.889555467490509,0.8507563776299409,0.7200578076422434,0.6131725234796941,0.6083947881689237,0.6546997047355447,0.5595226009809614,0.5419008452207226,0.3524537998811719,0.340300605287009,0.3578055623771331,0.3522383376419399,0.507767113319877,0.36387508948514147,0.5286230777144421,0.5123334157166871,0.529171867797632,0.6631394479783843,0.6323289660401872,0.6092224618560541,0.7541664051065902,0.5778205501001834,0.8611752289746749,0.6629816461438237,0.7436416224779472,0.7924760871496846,0.7769889251993212
63,1.256463616343574,0.9891706897244312,1.0279804131302432,1.113108447467125,0.995796011595874,0.9472597738541106,0.7854199741056804,0.8009673669432991,0.8602431896223033,0.9046953738515893,0.6416739555369786,0.6499729553279046,0.6068204937097745,0.5464624728278542,0.5890745536366662,0.5247010579903459,0.329540336440532,0.3783312864416698,0.30510595498144466,0.38230269522856386,0.4875020819683198,0.3955120790881338,0.480929937579721,0.4269092333410623,0.5244416434583543,0.7033691876971788,0.6460054080183929,0.6439028112914434,0.6616678004588686,0.6726835531640284,0.730860802175229,0.6210327464631669,0.7426037889199256,0.7329778538126307,0.828551370039333
64,1.0515946941043228,1.0796533060424596,1.1339197172770799,1.0281794814770167,0.998641494146888,0.8238803726905921,0.7802988830005504,0.8582443037317313,0.8469987064704276,0.8474675523256048,0.5923601888867864,0.6394923799843262,0.6095132111501931,0.6474507256294547,0.6635373932084896,0.5364160289326954,0.3689854497570654,0.35599158389388896,0.35062871232203646,0.38108189893463046,0.4111817001521057,0.4312861071826305,0.4862502679848212,0.48760955648616733,0.5154617697144838,0.6548466559488477,0.636405890129319,0.6501818641332406,0.6763580735041017,0.5844783496472894,0.7642067993445018,0.7009493037123431,0.7159770723301689,0.6839911907282991,0.7921807039918105
65,1.1662402749397973,0.9961074418389859,1.0855582746598667,1.213932690147842,0.9775667403941637,0.8865852994447759,0.8159603147553629,0.8471468508112778,0.8920975195363644,0.8760379798353379,0.5871309572378286,0.6340143138107561,0.6356459231305269,0.6292612583071439,0.5663090494058947,0.5066872221049896,0.3477815281489167,0.3824163084364362,0.36076061599437104,0.37813137584585765,0.402819030826593,0.4616568614991697,0.5064880790625519,0.5083313931964681,0.559478967118363,0.6367715579943323,0.6781663221540102,0.6434808032128054,0.744706764501657,0.6206265303612071,0.6738025532932571,0.6818219306123269,0.7329305931552693,0.8496409422067126,0.8318173717420719
66,1.0195406463973542,0.979920438262446,1.0557209899034277,1.2467635237318582,1.1183252352845126,0.8188772757597254,0.7938264844096938,0.8521643247189743,0.9222854592007398,0.8427717836170308,0.5465076836691631,0.5585101792806879,0.6245663883045457,0.5691506251681033,0.6169385664809621,0.48141721560903294,0.3552685692785418,0.37645235313442926,0.3353108928036023,0.39955591427899917,0.420965922924064,0.40190242477438043,0.5266201124433192,0.5749479714254466,0.5774025944879773,0.6023038530930926,0.6141791443610082,0.6840536547062346,0.7570222148779568,0.595539421723378,0.7684571655178227,0.6373943839933638,0.7481257070757642,0.8396373966493881,0.7555201969887018
67,1.0699416377746371,1.0637459654145425,1.1097726392815541,1.136350361178554,1.0179450141937394,0.8364713655284666,0.7545455106361536,0.9190214362866646,0.8510837424454083,0.9076660378299067,0.6146443803574446,0.5891327922075653,0.6452598480732236,0.6448251067214256,0.6565808400022649,0.5175243195281886,0.38067828954620175,0.3657349377944474,0.36756185295895255,0.3922012911576874,0.5196881228174945,0.49204310418821495,0.5608695464947537,0.5422902332848498,0.5859003683990072,0.6190838673834591,0.6181446482968189,0.6608437717037022,0.7375583928920333,0.6418946338304182,0.7643213722047735,0.76465333322781,0.7788036998221775,0.8837436267432146,0.7603048918090382
68,1.186678074670193,1.1867279790983825,1.0068530921845715,1.1220629036481826,1.0676335050652581,0.8225958652490539,0.9208570993301815,0.7981910199358049,0.904128220185045,0.8900532074113625,0.6130599313217155,0.7073633081979416,0.5742330060459908,0.5939292653273425,0.6301394072654964,0.50186762513554,0.3820253128549478,0.3152992476493237,0.33054675884188767,0.3823214021975242,0.4748298558369757,0.47094463065606906,0.49639091655166023,0.5443171373805984,0.5131791903839944,0.6736225618427312,0.7163451133246829,0.6513739217400986,0.7105462220162947,0.7098886761989291,0.7230006225999619,0.8131365766048253,0.673246203944136,0.768372987660034,0.812724098802111
69,0.8458975000637554,1.0574025027601273,1.088345202056632,1.2107377144189089,0.9921067592820103,0.67207302040678,0.8766910256666447,0.8023625574771787,0.7886747101069331,0.9070671457881498,0.512931858506185,0.6631290298117294,0.5954096148570043,0.6967001921380237,0.6673053132363441,0.41199064465055335,0.34090031324994075,0.3772075865757669,0.30621234434515376,0.39568985206637297,0.4273840210329145,0.48920431892191696,0.5502425615755424,0.5433169458841387,0.5646387128735152,0.5991756959153571,0.7046162945504804,0.689151662173557,0.7007786946538836,0.6366784119478515,0.654719281585191,0.8042269445962038,0.6592615348947743,0.8247715637723866,0.8010470628477397
70,1.176155792232961,1.061010421585006,1.0792350722768402,1.189962699003986,0.9989355930765844,0.8450614802139803,0.8324834694312022,0.751144443875152,0.8351244156305621,0.7511057230808088,0.6184156219822268,0.6480310932729088,0.5634581766899556,0.6787974002919112,0.6108211737724998,0.5109848463334998,0.36148481156854195,0.2899889319516413,0.3526062804838397,0.4152966530179638,0.4797458781309221,0.4711396999196806,0.504078527687799,0.5535120549558395,0.506745611639461,0.6440546037072888,0.6518925666950486,0.6079946846635444,0.7102802828650292,0.569898121246196,0.6528013492806728,0.80713658771974,0.6843635035140523,0.8061411638215317,0.7524354480873294
71,1.1566551193944568,1.1469188230582006,1.0686804441791704,1.1593974734477681,0.877330978977777,0.787706278176815,0.8638019095453686,0.8786888646264319,0.8579286628068399,0.849613954391111,0.5855308702220156,0.6662015794729444,0.5819672938859892,0.6060922112430688,0.6115160520686307,0.45475685824055745,0.41042481293819333,0.34158329428869905,0.38330082825146994,0.39504093737318985,0.48716989134977184,0.4992488201000707,0.46767383009922425,0.6006887660507729,0.4565891398412797,0.7586001626388622,0.6462493610140871,0.6417449473228671,0.6716327480036957,0.6422425356435193,0.7454178961303559,0.8103999436096284,0.7002862830935115,0.8176178104652848,0.7210192146226655
72,1.085745518132295,1.1647936838987643,1.14352077264956,1.1457426378884672,0.9525861653312687,0.8848279450419566,0.8958788895955003,0.8891318457894202,0.8874649668084272,0.8812178891860089,0.6454995907842389,0.6822244361337982,0.6154040559666942,0.5981320066070955,0.6064273353886558,0.48741799694111054,0.4064516787487516,0.406372688727107,0.3435622036737676,0.4606919516142386,0.4572823668494411,0.5570354697585433,0.55476081402813,0.5392838243514547,0.5269783768791014,0.6803299368211854,0.7563093066271525,0.6940355984968679,0.6804277020781456,0.6854585940607524,0.7920712120145674,0.839585726971954,0.7894546760982704,0.8356266360410489,0.7458963142617452
73,1.2278434497285673,1.171441892535525,1.1616834834981942,1.177044035694751,0.9482697042347523,0.9231945479125812,0.8557230495487541,0.9099709075374849,0.8363598507759649,0.7896583985379684,0.6566812630427044,0.611361241949971,0.6510751886902986,0.6525801571013478,0.5831329221461793,0.4580526261766846,0.34409489833582796,0.39241626996015944,0.3526462559211536,0.420237376485143,0.5147750967298931,0.4707894624030696,0.5547048765251639,0.5524116448703132,0.5002346068246876,0.7029000190734456,0.7353727801976706,0.6710540063601029,0.762830297005264,0.6371062238707275,0.7785986422262294,0.7685130595658838,0.7951109077792382,0.8194204358173922,0.722219930408792
74,0.9804815454243246,1.1784401231526866,1.0643155372449533,1.1760514336750127,1.1680973689838774,0.7465173779723111,0.8726166548325738,0.7667968676820192,0.8485385177503659,1.0251952763905696,0.5430896074128794,0.6302105043792999,0.5987502261949046,0.6679589182046188,0.679856602878363,0.4051060222199899,0.334725574801912,0.3851962730547846,0.34352238756207615,0.46179967111096876,0.4842556064381431,0.437632927498794,0.5331785449605464,0.5871199966496652,0.5457199872155676,0.6286436064683636,0.6298171320607937,0.6701383852051602,0.7161897417662957,0.6636776905333698,0.6214249022454308,0.8058172704663046,0.6335768436088233,0.8700190649534765,0.8095588675507323
75,1.0536433526249893,0.9791966428657273,1.1907033852845639,1.2374091037542452,0.9933591408538962,0.7917724095806936,0.8248663765467613,0.9004858138294298,0.9158930293287715,0.8648297177045982,0.5029225628269351,0.6081844943546303,0.6748909882823091,0.7487960275004157,0.6927992943174239,0.3886408874196984,0.36005573938828206,0.3983274871981112,0.37838311755690035,0.45106741278869394,0.4968942961762559,0.48267788616879626,0.5411004186458557,0.626810513144131,0.6023795414682728,0.5780809678958383,0.6437780593394784,0.7154486825493901,0.8412159694155295,0.6456388724608403,0.6444738641085713,0.7885752658171344,0.8269961886746374,0.8737394194304846,0.7699267545243003
76,1.0429096488729486,1.0322168493061326,1.0779087187312442,1.165118350940848,0.9471196294345451,0.8189407185494874,0.8387580827828451,0.8283678483339577,0.8552012821711182,0.8713673970537468,0.5579855108984058,0.5939651695376958,0.5922579593854036,0.5995638529942362,0.6298864804356533,0.474901124990544,0.35318983521007713,0.36810528991466124,0.3819058310135591,0.3704418490187818,0.5276283584902641,0.507915975657052,0.5209014447822576,0.5873531160487472,0.4976534592576384,0.6524123996539637,0.6887890920728374,0.7156645329846644,0.7346217825438988,0.6586150266087594,0.6753285611157152,0.7241438892159971,0.6746948470338799,0.8447692328965739,0.7662499872565997
77,1.1011664014244058,1.0834645144968622,1.1565281432639682,1.0231715884156891,1.0340170152075514,0.8115299558194357,0.927847378086951,0.8634489753130161,0.7540434757363854,0.8780940581974208,0.6179412891994481,0.669139599336958,0.5731413684094862,0.6480354519716498,0.6481389934017576,0.47054563469077093,0.37755968086290337,0.3190969245530418,0.37164957672195453,0.4355802410764087,0.5016385287792469,0.5181371844960938,0.519616264878979,0.5996622742205007,0.5327160147276176,0.7037511818159516,0.7726275783291882,0.6916715992545059,0.6974795386284766,0.669807636970069,0.7939392408463636,0.8207701912204945,0.7483899000046244,0.788708860110543,0.8846363691471519
78,1.2097669570137675,1.1426943573486947,1.0456647373743546,1.1170553455511634,0.9360122161768674,0.9385105147987244,0.7795900712879313,0.8330221994857492,0.7674868992126636,0.7952534464715656,0.6688256491000001,0.6384382161850196,0.6152164096617847,0.6033710100143578,0.645058930277433,0.4849113211821102,0.324471736478391,0.34982138122033396,0.3055160260883344,0.387465861182192,0.5088315877411027,0.5087405676510501,0.5131107746143067,0.5190163879629999,0.4599900537818582,0.7034682684991408,0.7186093012112434,0.6933727746143142,0.6712555884012945,0.641463179835318,0.775182491918518,0.7881344596925834,0.7384811653894723,0.7616004939887524,0.8196712540762239
79,1.1203145925156972,0.9021658742720289,1.0759415722846164,1.1034693967877076,0.8113584673571703,0.7947533453746269,0.6983371616602332,0.8401857052506061,0.7777527826500392,0.8669362645532713,0.5571452179371412,0.5816608000551995,0.6023956544447602,0.599326518592151,0.5812507266479245,0.4383038341835564,0.2830394499866181,0.2952141425096319,0.23014710842582176,0.37357471447273216,0.5516589026229953,0.43083248220331116,0.43395783293458934,0.4989272379783677,0.47054997404604426,0.5770119863769395,0.5907494039111856,0.6264876774389909,0.6102778826766171,0.6493442673706155,0.7700040908496173,0.6683880683907397,0.7444356249559805,0.740733264188576,0.7288669103946616
80,1.2013868104621315,1.0536858362433477,1.0620581911543159,1.0901422356414288,0.9401395914895718,0.8428485066286531,0.7952261991470085,0.7857778325913223,0.6935607148789413,0.8512115683989611,0.6481028235599993,0.6314919660689412,0.5594061024611532,0.5926620524324515,0.577536544532523,0.435430744494881,0.30693785026438125,0.3480030664154336,0.28696295381665005,0.3659455846469058,0.5743733795745081,0.45561979791509977,0.4588078187359781,0.5366794092642111,0.45890896620677235,0.6601895409239824,0.6789126095022435,0.5921812348226291,0.7183787797610843,0.6370046610722279,0.7132359418976797,0.7627473469550623,0.6493808161518884,0.7167900498793174,0.7889167050872183
81,1.0987454844472437,1.066862414115016,1.176226871218404,0.9791757795531699,0.9051481631007138,0.8653879209471392,0.8301925914283703,0.9025423759702059,0.7547839053672494,0.9023222268022375,0.6493019753494691,0.6883153752036778,0.637846598278183,0.5799857553139545,0.6495169174969138,0.5198147266122658,0.3507280303473248,0.3394303598015085,0.2623861361457571,0.3775626311350415,0.5821512793328394,0.5133904391507932,0.4922010546305231,0.5316689880444183,0.5489325989320997,0.7103776085087963,0.6332878615678486,0.7028030870535871,0.6350420075713957,0.675931751004869,0.8228356490860556,0.7829483624605842,0.7991734093894385,0.7074890626089037,0.8429513305980231
82,1.1310410973306775,1.0633569727246184,1.0837309366034669,1.2577914626682436,1.0383836903789423,0.8536329155078018,0.7267624617575766,0.9096183802558875,0.8570094805441828,0.8904217674486115,0.6407912687997567,0.5954561852116418,0.6085594158122398,0.6262133854300987,0.6070584121558886,0.48553302273542875,0.29096960173549874,0.3892834245968289,0.3221627454368546,0.46705914942143767,0.5770824942295969,0.5199863256009563,0.5397096695976604,0.5584332660907297,0.5442599324505719,0.6786985221021526,0.6179333092349117,0.6694131518300841,0.7423212840078313,0.6880161651573702,0.7053161289363131,0.7573442276630675,0.7728266923384008,0.8454049291232743,0.8074712340529885
83,0.9910732457347675,1.0012409642624185,1.0674837493909968,1.0626830011688573,0.9715998572634744,0.6850037690636801,0.7725219212213974,0.788909617834509,0.7749727757431657,0.8973972872367588,0.5420853958555236,0.6390242655042037,0.528757141257516,0.6110841198026649,0.5657490526656916,0.4463184090970382,0.30367754373378775,0.3565961838853493,0.3005973774424554,0.4413736941561007,0.46642266916068903,0.5326906663165245,0.4434136571117461,0.510639210851544,0.5452519457716853,0.6250157471519211,0.6759287374037203,0.6584675451309145,0.645715321536883,0.6617310783460206,0.7615069519351232,0.7632904799430142,0.7225452790906849,0.7681360832171493,0.767590208871819
84,0.9829050696829211,1.0705383171433942,0.980614101277829,1.2582246043605472,0.9568895340490886,0.7635018815462339,0.882497233289344,0.8077043606435123,1.0526716232090996,0.8013606392152584,0.563452053831702,0.6595825317763826,0.5989240549627923,0.6688389452690817,0.49780613416719754,0.4720972991142731,0.3551478209631467,0.3494179639220428,0.3904017616722665,0.4554860265217932,0.5223004292354021,0.5401454484911646,0.5425223111260817,0.557502564158199,0.4530106943993133,0.6318847181742686,0.6389601835335328,0.5818053778210863,0.8698647840117093,0.6598213751576272,0.7267578769536234,0.8197113969105239,0.7414826062431963,0.8699341339014425,0.680991606506989
85,1.191028479569226,1.012023565247891,1.1437857788910417,1.1324209853625762,0.9878534434647169,0.8573382160702082,0.7525406390469684,0.9047268250359659,0.8092220423234231,0.7754048711777406,0.6489661428025469,0.5610576426476606,0.6105203262812544,0.6393073579959097,0.6108370301446105,0.5414458971378737,0.343929750592185,0.4423768828797129,0.36385535653047346,0.41773292832106346,0.6184616669457761,0.4791353740439249,0.5016188632744198,0.49451287050519765,0.49385925545034776,0.6920101340320541,0.6704452194828519,0.6735099520544136,0.7008088093019873,0.6542639569297105,0.8764253165141278,0.7239184066176194,0.785505167809382,0.8221843266938024,0.777721076619595
86,1.254878656036336,0.9879096729063215,1.081893286101967,1.0456924335871105,0.8304145350039209,0.8845574659125746,0.75399545516723,0.8332164462023696,0.8060909127473328,0.715229248199096,0.6088285244163416,0.6117750169623861,0.5876356586408493,0.5274095411072078,0.5022930695505701,0.5121282803355809,0.28995790179529113,0.3913827212779271,0.34008626113345247,0.4289661799598814,0.5976882828576604,0.4971474616365834,0.5284215823029792,0.5451008687407579,0.4545042253756877,0.6832103609702709,0.5704512811394626,0.7009627484936416,0.6893398483487746,0.5740345198863571,0.7951862915291339,0.694724014759222,0.8177122006740525,0.7864269599831128,0.7225205686734977
87,1.1719444657062503,1.2177333467615243,1.0780492424987864,1.0621945694327632,0.9032425282006294,0.9116603040173601,0.8653300950065996,0.8471994357809857,0.8620996928780411,0.8178970266017904,0.6021911554655578,0.6588314895600846,0.5869170538005813,0.6135328831572316,0.6221427593324309,0.45978776602885674,0.35572616384443534,0.3463415043382563,0.2796386886225223,0.4584428529098713,0.5552858748696315,0.5456089976666169,0.5445449042323165,0.5607638124862203,0.5739736913588007,0.6490611831772517,0.7268079394338072,0.7017718883285344,0.675598228680932,0.6928715249249351,0.8270929637314728,0.8610950658090405,0.7780759138663653,0.8279914800711774,0.8198915256665679
88,1.108190703929026,1.0445352838172384,1.0542308931419848,1.1807773207522567,0.9771382133900806,0.8062835234667413,0.8081029515483978,0.8450676289107919,0.8715766222210067,0.7642045171402778,0.5659383943177926,0.6386976368041567,0.5461999888026081,0.6443702667755845,0.5323447668666124,0.49850697947179534,0.33515781631557007,0.34880698946012023,0.3043846097348802,0.3903179800261777,0.4760013188358425,0.4718570272772674,0.4840517238846763,0.481564504771911,0.5232890039716659,0.7015305968997521,0.6884921102785447,0.6929022577345554,0.6899763209253496,0.6032428695602381,0.806840034521304,0.7928547097358649,0.7779305130548761,0.8708261801418367,0.7613478297731668
89,1.1067335048255051,1.1227077855101573,1.1483217185708687,1.008690322055661,1.0349664601896016,0.7972433718077633,0.8512361808903373,0.8920205770715075,0.7636276022756515,0.9319070121087331,0.6595450103846956,0.6556401481353259,0.5601559046121727,0.6235694850218247,0.6915337921710326,0.5144960894245528,0.30932184393070133,0.3948151730734617,0.251808673104291,0.461983746043656,0.5434877308840362,0.5521307977125522,0.5630810194898186,0.5205286996836367,0.5441476037615857,0.7013479523264141,0.5749466558360475,0.7310004158136334,0.6701884648871934,0.7028536663253645,0.8901314387108794,0.8746539415467166,0.788185926070605,0.7142333476672011,0.8558238191618457
90,1.1122847575266082,1.1641725009872668,1.0542239267958062,1.0992313110299892,1.1175025733789816,0.8732065393621016,0.9444722667358785,0.8314863341726124,0.8641874803810446,0.9754823429244448,0.6028782639364283,0.5607588926814369,0.5455322862984113,0.6206434465164404,0.6387123031571402,0.5070159634274709,0.33136448377611494,0.35448590089536813,0.37068523637505474,0.5177935335046906,0.5208996036587604,0.5606177799611356,0.5358021441149954,0.5274655259569124,0.5784856641249765,0.6955280860450378,0.6451415987021154,0.6943507259938165,0.6933358928833014,0.7628146336060039,0.8425773680973672,0.8164744326249459,0.8159790577126388,0.8158987258038716,0.811412987219156
91,1.0388366252471448,1.0702252667614633,0.9795359303040782,1.2148559408950241,0.9684215345870226,0.8160555916490247,0.795450842189763,0.8694349452216088,0.9543341758744706,0.8796097152040425,0.5446840081877928,0.5866262442168615,0.5799530533971706,0.6969883234343128,0.5985375634306218,0.5178340668481586,0.3329172642373205,0.41335731895187655,0.29995396068585767,0.44424396384318054,0.536991300290282,0.4887017259112552,0.49953386379556763,0.4998423453441673,0.5557317774825989,0.6650746737536856,0.5309318347051287,0.6663083110519309,0.7584208267284283,0.6815590078627811,0.7750970644465451,0.8076865584750235,0.7661768295273877,0.8548111738601667,0.8150790347385659
92,1.0555189678829682,1.0814231989947043,0.9879815392071396,1.1077188990042444,1.0701106282801804,0.8522503619611038,0.726177790805296,0.9131052931266233,0.8703657975444972,1.0371832422207448,0.5709163624446456,0.6435995944745603,0.5767759419488029,0.6379396111500728,0.7128504473326281,0.4875369015009712,0.3528781873894864,0.39019495449030495,0.38367806832997764,0.5263131827086349,0.5074555649693244,0.5118303374069131,0.5337589661488275,0.5797047456722058,0.6162861275348924,0.6444682369852652,0.5195103627645696,0.6466523705746621,0.7265694642652981,0.6919895120803102,0.8182163565371979,0.7865321458957351,0.8375939835137636,0.9016546381045037,0.8597756743783154
93,1.0924604767685857,1.2620223874283925,1.0874237959492425,1.1805741904821607,0.8815816221497788,0.6970848482500407,0.9009526036409161,0.8917373181629482,0.8797150173977728,0.8922168385656233,0.5590233698187979,0.6641911023156208,0.6296870005033208,0.6474262995066478,0.6266285992646305,0.4783566528548453,0.3730568307880047,0.39838791257696315,0.3404383311958236,0.4577131081391432,0.5077588202926445,0.5643713911823248,0.5235838772988336,0.5229995307591555,0.5627467610566335,0.632773431821215,0.6701835559477195,0.7842933181182747,0.7250625908274925,0.629479250061161,0.7576642574556737,0.8638542176712232,0.6892810049107396,0.8366594276905275,0.8014671965517564
94,1.1088368094668004,0.9996344651010952,1.028172458756539,1.1592582226823427,1.0023927413222027,0.8990314118734213,0.8166693491629751,0.8870089459819491,0.9199303618974567,0.9068189508416549,0.5716431169186476,0.5578951858999484,0.5725177827037917,0.6391990461787349,0.6358148856443806,0.5131736067104926,0.3224463966555474,0.37775381289812054,0.43107694462896173,0.4880497083406816,0.49824637234400054,0.49448524296496926,0.48578183327176727,0.5493250627741754,0.5097222643763155,0.6428436942819404,0.4759716385198838,0.6560612143769118,0.7698610407510939,0.730150124261916,0.7750875563020648,0.7806750029936205,0.7553912993740474,0.8010614685537094,0.8305967310720093
95,1.176454931950468,1.1424839285550998,1.0738301350452533,1.1106559637685431,0.9892187744330707,0.7780562614070433,0.7856256864159307,0.8585794663761661,0.8893437332882757,0.8349146353712209,0.5414816424561185,0.5451095340270933,0.6603951055124946,0.6582419086717984,0.5667257719614921,0.4759095567035013,0.2914185333530541,0.33309917688860513,0.3891278183155625,0.5167300646119642,0.4700175005844581,0.4783612481474199,0.5770914477109828,0.5359434432855998,0.5691742231324319,0.6675057583820956,0.5511489254492741,0.6408136861282622,0.6705109999332196,0.6657218930504809,0.7393280516211431,0.7360430511455224,0.6908664814668118,0.7729262226804336,0.8151593649340195
96,1.2050823120823817,1.0262511400371095,0.9450717344681019,0.9874055224757814,0.978267301844516,0.7758726961598996,0.881127767854226,0.8550706415984403,0.8427884885478764,0.8955865580433142,0.5820595267540927,0.5957810302545499,0.5738883655729365,0.6385652973503727,0.6034043742853059,0.5507608086979251,0.34981156694494064,0.3767667974658206,0.389164919113893,0.48009063633544946,0.5185330625284454,0.5075891856065262,0.4085989894470085,0.5294543015346039,0.5571390128666576,0.7012895459087287,0.5410814067411602,0.6007362937354753,0.663078667383953,0.6823636399422104,0.8576804811753369,0.8036171918883994,0.6704463077917502,0.7667117244348733,0.7870093204628419
97,1.198114390122568,1.0415488067361878,1.0928592935431203,1.1455306725207794,1.0286868929956756,0.9257637511003864,0.7660499613069891,0.7824897040277726,0.8122125291722397,0.845869553865821,0.6321332486824901,0.5331203402460019,0.6086954676732264,0.5897136947668669,0.5682347665241749,0.5345724352317381,0.3212267149102808,0.43269701132630933,0.38521960507500697,0.40807728061758847,0.5249887212210783,0.5548606647313588,0.5428423333611689,0.522412169697436,0.4979067164357403,0.6635750695335003,0.631895079171411,0.7277741584039961,0.7408941078002704,0.6167013564865363,0.832563595512686,0.7514172861123944,0.8095359568494847,0.7036162636683414,0.8511535090057982
98,1.0789531344179908,1.1876090872741265,1.0119583341682388,1.0558365554189018,1.041204434927518,0.7485142212899729,0.9070844688900943,0.8461231131947343,0.8079313299544966,0.8965510238054667,0.5320312677949643,0.6589974166641903,0.54714876547302,0.6167784042453439,0.6165154046694934,0.4624490280576192,0.4135803809457565,0.35461457490249354,0.44006709726896914,0.4889434480819105,0.48651794886548505,0.6082002059764214,0.4762804814165295,0.45845129432199133,0.5501449068810156,0.6274980154379804,0.7225721836377237,0.5952776484296698,0.6723256794162265,0.6422442867677975,0.7504202445906453,0.8747923485336344,0.7438442590596579,0.7719947870249311,0.8385774343368726
99,0.9290977063235144,1.0917953286741713,1.0139274912465743,1.0977326912282457,0.9657032430356168,0.758667731467769,0.8750278677366929,0.8336278748509396,0.8260660514078226,0.8622099397233125,0.5562084298909573,0.6449679428615906,0.596298132374244,0.6199272440245902,0.5551444062007449,0.4012544503329004,0.356719762330298,0.38562497280701263,0.39410795588690994,0.46354070122190383,0.4745025210775542,0.5343226254000615,0.4366987954662609,0.5012847728575927,0.5599499050731748,0.6450354581812072,0.7118280781330061,0.653798366975484,0.6908653666818797,0.6352419905413149,0.7269374559529904,0.8363368913617658,0.852200028803674,0.8344849369219578,0.8446760112456757
100,1.1252876801636775,1.0399277039871266,1.1798711191791962,1.1025975323359902,0.9800549141086327,0.8747797752536646,0.7750487215860316,0.8993169228869397,0.9094403599209959,0.8980015467623655,0.635694181980013,0.5925856294802496,0.6907665941633512,0.6096119218649194,0.6158183576753011,0.559130132377206,0.32876063953865375,0.48763948918550165,0.3791136199856996,0.48797272549170567,0.529185978771074,0.499982100327005,0.6092435979263506,0.499979158343256,0.533174578551068,0.7128374495895232,0.595323029773428,0.7005924701253697,0.7342994943268932,0.6498197476594384,0.8502069116132063,0.7475374725145889,0.8014856021402879,0.7023868415761043,0.7939905138957092
101,1.0538989322793995,1.0588379285663816,1.1371959903759477,1.0715601071044776,0.9663900039293503,0.8474776222232235,0.7682277882350569,0.8610474112176268,0.8527836259076444,0.8987065779956911,0.621604045621464,0.4879196230641959,0.6740932050597901,0.5867869314057433,0.5941131335637237,0.5246427710844459,0.3367259229674495,0.47792258648907787,0.3903790579212994,0.4360498833550011,0.487351421989271,0.4746348692027603,0.4882250457711742,0.4994217109650286,0.477450530989433,0.7009721395930955,0.5784921106620999,0.7216242709980565,0.6995453381601615,0.6230418555336716,0.7529490545705206,0.7126121755424737,0.8597570698134542,0.6962656704520878,0.7344293547590215
102,1.2181652093589115,1.0141364766244763,1.0803068295556357,1.0747426682985497,1.1438913535097108,0.8734374822094837,0.7660577503769967,0.8820925353774649,0.8566640153666942,0.8429748445887396,0.6868843607129939,0.5427454471017512,0.6917102619275421,0.6365565137233715,0.6140869316965352,0.5876619917758334,0.3791972481749425,0.5007834306863186,0.43419048015248296,0.4731939271700031,0.5014038172701589,0.49337190055955527,0.5355387659386515,0.5231272529293329,0.5673045418484185,0.6617104153647659,0.6529704444943272,0.7049221551308943,0.756237545970746,0.6870940031902995,0.8043959177680967,0.7293004937797306,0.8470458166959364,0.6875628594352261,0.8037182825515274
103,1.0077187683596736,0.9738265588689047,1.041190876085192,1.1205207838087223,1.0086404361460144,0.719795435301499,0.7982909177602869,0.9563179039157848,0.8572436598125236,0.8483884293822629,0.5472355956298244,0.5773413237911891,0.6335619060150157,0.6062613350808133,0.542549685906693,0.42835260636666045,0.33573152344101465,0.44543766273522334,0.39099224127168253,0.47931943398346466,0.40592115029431164,0.482018557477341,0.4986895008912752,0.5092233037328395,0.5941873061154161,0.6327097661265548,0.5997404479064581,0.7093197534189722,0.6915427329150692,0.7184190493566157,0.7014086206153559,0.7754292974693611,0.8530132676713755,0.7132185416278198,0.8213920647668881
104,1.143089754036648,1.1962624435340476,0.967454779495375,1.1076392974812852,1.099721694317161,0.9192360678071643,0.8709654173879163,0.7770768030613229,0.858120848332268,0.8763269869370661,0.6388226606124691,0.6730498094619835,0.5475292380065299,0.6848622841179008,0.5825999488128016,0.5231608122259197,0.4221324633397454,0.3742325620353308,0.3729529649238405,0.5393677425507486,0.4876998394969139,0.5301411950204924,0.46978657801411083,0.5083431488850314,0.6014161350411332,0.636550247483334,0.6380563224461742,0.5980560504859457,0.7146373961035011,0.6497225616579396,0.726214385788455,0.891772842151427,0.6884558033648848,0.7829713326680765,0.8152148967368217
105,1.2441969539685716,1.0415211129248845,1.0612680696288397,0.8971448714721714,0.8927634578149127,0.9017876178337709,0.7727690256933788,0.8388126442656163,0.7464697597007162,0.8005185240339894,0.6753769118390657,0.5714794442957918,0.600652055382179,0.6155731343877316,0.541311170073318,0.5154462924540097,0.3616723909358816,0.3911535081057256,0.3915085252712177,0.3807295098631678,0.4980178743981999,0.43315521453827643,0.5241372019493181,0.4891020147861713,0.6074278918725997,0.6674699170935203,0.6468438085043071,0.6773299725898984,0.6237440962353854,0.6554087605532675,0.8399627734456554,0.8126094667178796,0.8015641782675498,0.7610517865812014,0.828022736569247
106,1.072071057533035,1.0454697028735649,1.155965204530197,1.1130254692346693,0.9218946908449316,0.7420611038926941,0.7956605651118258,0.9269819762158242,0.9592103519132873,0.9138025917562117,0.6359351704874154,0.6165224736493631,0.6590392377803,0.6354624856831279,0.5793296387871363,0.5503025652163623,0.3874186774940946,0.43496298111519294,0.3917259866533222,0.4376760137619076,0.4686773784461886,0.5267729121322938,0.4816589274636174,0.5333595019523006,0.5882993549319735,0.7224825024063136,0.7300531373732665,0.653046501181382,0.6941566857935499,0.6449426786736585,0.7364036616567236,0.8031213723859452,0.8746222524060332,0.7779225245721492,0.8456580080413372
107,0.9688277721779175,1.0713854678550339,1.1711493618136064,1.0534565754281306,1.0789388593305211,0.8090892513614559,0.8843050984861976,0.9348242802022193,0.7590704125172087,0.8890012628329055,0.532070810666438,0.6134577349523065,0.5740792547879578,0.620027302208728,0.6232514770951358,0.4622242638678945,0.36675758383303714,0.4610426406029821,0.42169503964813904,0.5140738622249077,0.3658955323659429,0.5831775018720684,0.5617018877978264,0.48893950449582146,0.6224537974442632,0.5635509741065486,0.6169097399307066,0.665921047759459,0.6514315271897969,0.6884132150348798,0.7069036280401415,0.8848216478480948,0.7922174827614503,0.7475406911985281,0.8915706738351957
108,1.0686424541043298,1.0929123860178995,1.1997589422333483,1.198623073856776,1.1027589273643532,0.8338519839720213,0.867625473638145,0.8867676186903239,0.8396402203009967,0.8845023335240603,0.6511413784861205,0.6075409747265552,0.6566277010022034,0.6246730038222899,0.572070245030945,0.5064076732670492,0.34643915528281227,0.43502682556706856,0.45642410374079884,0.4496363432385685,0.4627032166564201,0.5382238595071357,0.4936407830219028,0.5578550924983683,0.4951749237046991,0.6438345256343199,0.675148727398277,0.6488997749410474,0.7391838082577207,0.6071724238734919,0.7460925829185414,0.7925689703596042,0.8134857304324146,0.8264826726977655,0.872089925143249
109,1.1610057887820342,1.072228393207928,1.1745757451614927,1.20651417975709,1.1432027409659467,0.8503233404210558,0.8021174503424499,0.8477570226618147,0.9268633442216415,1.0215013162074902,0.5979873925224075,0.582042454484749,0.5441927479097359,0.7198790147617574,0.6197414558140768,0.5091110284959485,0.3703303535762402,0.3439753329173022,0.46889171440184507,0.5205899750405802,0.5137757443559332,0.4990887857834723,0.4709321592980389,0.5634540220601281,0.6596516961976855,0.7260636790428987,0.6033772302986422,0.6122255440444047,0.7481280743258074,0.7474688535254087,0.8116590418164975,0.8882454427174227,0.8466836156401288,0.853146792882478,0.8847115620084938
110,1.0700316593508974,1.219103518670825,1.1708067309984456,1.0181489828170123,1.0929227992777812,0.8916108698682605,0.8468317196585746,0.9314728796573986,0.8976470227593516,0.9013610723059571,0.6658436213469233,0.6874049012608006,0.6096946275765835,0.5378230233599646,0.60746934558637,0.5049258526669013,0.38484891374059677,0.36064370638223153,0.3207181138675674,0.4520958142447135,0.4996967776645093,0.5197913552370799,0.5156943774326964,0.4630137013279429,0.5560364961172416,0.6760772466331595,0.7557324518194695,0.6832795264023055,0.6312424008413771,0.6719942253126321,0.841998683442795,0.8963977036503928,0.8093479868826554,0.7772045316698084,0.8762364471222462
111,1.2343615349056343,1.0591996498845497,1.2746248613592166,1.047728456168102,1.2009922015908545,0.9102387868467882,0.7920695242006963,1.0346556624327876,0.8660851517148418,0.935532863071959,0.7100222487206067,0.5584746387181372,0.6926406979700821,0.7063907469962891,0.651799758757472,0.5124556592895999,0.35131749718407773,0.498348814514178,0.38950427202202365,0.4331841092804517,0.5646468956610619,0.49429008039291966,0.48690020221641406,0.5470021537960554,0.607455419239463,0.6891592595141538,0.6822056038589784,0.7406598319450763,0.7766385956916821,0.5329460533276376,0.935450960219882,0.7916674743782672,0.8256133361394824,0.7802762173879295,0.8807833783734564
112,1.1877583065237856,1.0364126963422642,1.2407171509430373,1.0123624313593176,1.0740718814113186,0.8392629073349088,0.8595271538904454,0.9435908718599548,0.8255861983398032,0.8535588186740444,0.6369029209240853,0.6272760347622123,0.6521832383805791,0.5831487312132426,0.594940075625098,0.5152285838530402,0.35005559033962313,0.4312145973540915,0.428989617088948,0.4207617960387069,0.5133097894942561,0.5673708453992029,0.5082179045035501,0.5040487648873538,0.5528268212340697,0.577805227414416,0.7212784198546529,0.7579357480553024,0.6535083580133751,0.5738748047091508,0.8719490422343075,0.8311148523319698,0.8357452374158236,0.7399383944704189,0.8092547740325092
113,1.3134860789747473,0.9167023989555884,1.0406307555848766,1.000879022470402,1.107108985903213,0.9555923430178367,0.829876032862036,0.8005040958070329,0.937685446562936,0.922344132538734,0.6505388016040772,0.578636928832438,0.5799124349834367,0.6736030519292756,0.659350007180042,0.559796686605916,0.32029325301282385,0.44683863573518,0.3677477065024551,0.5132891709146938,0.5853940927045191,0.4902545532947721,0.4494050167889059,0.5172698652394817,0.603974676071126,0.6626188473165481,0.6747411506017609,0.6443287028015963,0.7470149873127143,0.6417318178642772,0.9309255129297545,0.7815327784902615,0.7319315772360598,0.7501594113068158,0.914680611285195
114,0.9756355278689087,1.0595766391170909,1.12953982617654,1.176487338664025,1.0053844042795614,0.7726960890173582,0.7963554392208306,0.9132473348635161,0.9567796088815071,0.7850190515506226,0.5515100864541025,0.6040251572864369,0.6832862284581793,0.5875123802466824,0.6206348194526072,0.4835490188481601,0.3547305601889935,0.4875628160921155,0.43648101094211583,0.41981405895169677,0.4945446905424046,0.4464554226499427,0.48362537873070044,0.5163025513211513,0.5669174420513605,0.5998555443958687,0.6711551337803192,0.6575345277262935,0.7781366267679795,0.5554772701452534,0.777244901454158,0.7870965355885218,0.7768944714456011,0.8054153963614216,0.8251185903213063
115,1.0307709229820219,0.923780548135222,1.1806545906918764,1.1248317415435147,1.0884700696042264,0.7813204533884499,0.779023313254349,0.9738270572970449,0.8264301060786461,0.9606023090417426,0.5556415918367292,0.5526827328596111,0.6076657331839251,0.5863049445272093,0.6021039206172287,0.48311602397933834,0.34513690112100603,0.4826557526748863,0.4036382073016088,0.4879995508704516,0.4880582096685272,0.44353864138964805,0.49662000456911604,0.5345289771620618,0.5399984886240733,0.6563305694506815,0.6337188517583334,0.6969735516843938,0.6887596713232434,0.6874354144198966,0.7698791046558058,0.7185384755593621,0.8143439311225998,0.7731822090692986,0.7970340912283583
116,1.2209113128958344,1.051888897153895,0.9969145446656856,1.0450227698103887,1.0482188767900604,0.9377193806514212,0.8236924085758216,0.8322527910622729,0.8536902790782018,0.8602703049703677,0.726341374912875,0.6412375918359988,0.5434310272709819,0.6038489642812146,0.5715896101312473,0.5778950413441585,0.34794330190931533,0.3773103912843063,0.4272705591368797,0.4180401565033747,0.5892528582005541,0.5032362762553158,0.4481018427967478,0.5455473695283927,0.47441196375313366,0.5892874713910088,0.6702529660629893,0.7181024638178715,0.6582079992522095,0.6149747832628052,0.9060295988370508,0.9371368900352813,0.6835126115784891,0.629009180141935,0.8358412122149819
117,1.0945944989107956,1.1987432483658553,1.137997726577672,0.8638091831389163,1.1415609207553714,0.8795806120520364,0.8666494927461161,0.879179185259523,0.7536921906737205,0.9648948944307167,0.5965913916809543,0.6510293902174857,0.633910426772726,0.5238013474714156,0.589424319996587,0.49096595665628284,0.4005159611643616,0.4667795725774882,0.3749727098209221,0.5021277790512099,0.5778659722534953,0.5883049526128951,0.507191341564515,0.4977128250302827,0.6090573037223729,0.7062570300341289,0.7569447787058753,0.6578821210263834,0.6338195940591445,0.6382998753163642,0.7556811670434345,0.9199639014871273,0.763603322755845,0.6566570798041083,0.8006438952722041
118,1.1646379670217453,1.0227051441696948,1.1228642299438343,1.1802225459977982,1.0144240041398964,0.9217434388043474,0.8357055552239863,0.8655378102980451,0.8889532531122597,0.8841140339912741,0.7145218263352399,0.6009891995122513,0.5610484029333983,0.586465260267587,0.6340126108841126,0.501691011259134,0.4144818076039649,0.453341118741714,0.39565987313912376,0.5169875510045674,0.5463185623728477,0.5304458954058116,0.4938029136041908,0.5503155963028856,0.5790622256810125,0.6673485383026843,0.6756661718327706,0.6086718249163435,0.7401830404597266,0.6480896651613112,0.8281985344229578,0.893796466401737,0.8078586600401699,0.69071413402554,0.7712528991368834
119,1.274814559285014,1.0992888300145425,1.1405835624404979,0.9670706579669782,1.0677263566394721,0.8840976877384922,0.7769268587002406,0.9204198552834568,0.9277961887110071,0.9177344803711611,0.6704770391960245,0.6501929952483962,0.6118568113441862,0.6687886436140317,0.6234747115715586,0.5339899368483123,0.3467437194806928,0.46397996400877833,0.37016698403873116,0.5449105457967485,0.6041186145739905,0.5277072150337905,0.5067351211401917,0.4811925264180905,0.5633457473583827,0.7366100386563521,0.6108868168143256,0.6388466974430919,0.6168991548683596,0.6790924544007696,0.925967129679304,0.7384743794660331,0.7833885983224038,0.6818829345354473,0.8085436825021692
120,1.2000226766994173,1.1455122018456336,1.0694158379786824,1.102747983005736,1.016238148974468,0.889919946064081,0.8377445176922294,0.8235021829132931,0.8354558244763544,0.8961533392537141,0.6824101143501119,0.6960840635701392,0.5956604245825882,0.6114913649473767,0.6222970563253029,0.5178475599882604,0.37741889591038014,0.4282580034051673,0.43024467919365605,0.5031960658095893,0.5358615736501323,0.5966490687346382,0.37589893237196687,0.5679698304540082,0.6031950331426468,0.7035729168674654,0.7248779646545982,0.6304979611695334,0.6985447741851467,0.6719632526387873,0.8422264452668692,0.8529496906815512,0.6908367593477824,0.7255309979349994,0.7821151740364654
121,1.046986243614269,1.140491125458188,1.2079487080912568,1.021939808898919,1.0616487269291315,0.8644352451186356,0.7786874603569661,0.8473837045354696,0.846356770594157,0.9500732731522709,0.5906498106061804,0.646250156803068,0.623671086566941,0.5745342691790603,0.6322475509459029,0.4924521715066813,0.40668324073349077,0.4137374583974768,0.3886441184531607,0.49679720399658533,0.5185752848916017,0.5854562142492626,0.4657738069205367,0.4894272412998391,0.5703937530475978,0.7003562940599559,0.7158279379757936,0.6549986851539911,0.6689547811507646,0.6569377629068026,0.8515508630349604,0.8139700487688588,0.6745365945090503,0.6941125544280129,0.8083721136492881
122,1.0712214727920615,1.0728646695126773,1.0486468065941343,0.9932504185781035,1.1009459490765543,0.8051510559260666,0.8286945745005532,0.9226660219864022,0.8153005411845045,0.8985755585470001,0.5989772952368966,0.6251945551376863,0.6264083790796173,0.6046332385651699,0.5900974473342627,0.4848953792677216,0.4083586517631206,0.4256358581628615,0.3738223985732311,0.5785837489489729,0.5822117717225348,0.5691999783405894,0.43637977452930576,0.5304946812398706,0.554163976636153,0.6383763793781724,0.668574730064885,0.6593358083247816,0.5787789009396862,0.6111197253883721,0.756740497681702,0.8866866902067264,0.7049669724828593,0.7657571346598594,0.8218151613060369
123,1.1724596059129984,0.9773454233086538,1.0894143244539125,1.0879746063388254,1.1028463368487682,0.9188783734937774,0.8415863008338507,0.9066910459915305,0.8635338828256914,0.8729815152876519,0.627348496025887,0.647479708561786,0.650717878450479,0.5805459646753347,0.6622628922349129,0.49610333149793084,0.3559609642903876,0.4384532208135607,0.44242078088934844,0.4419573963980879,0.569279277186496,0.5469011353341313,0.4555643274867529,0.5319033344783479,0.5531098411082935,0.6491547175675911,0.6921007090720261,0.6704621035106348,0.6559494766936721,0.6993970197189028,0.8170130140719211,0.8370970518813471,0.7142377026328764,0.6319497801576932,0.8483770636103705
124,1.135171691450521,1.0759172559508516,1.009935390476692,0.9979851043102317,1.133137520189321,0.8218652669779463,0.7752359009088277,0.8542845527236738,0.7532471808965415,0.9302795952059554,0.6726283892502327,0.6489775043457366,0.5996881248731962,0.562398016202307,0.6597881043833562,0.4449673554683995,0.35864908388331124,0.4435223362066154,0.37167719363813184,0.53643145201697,0.5585423139491765,0.48057042171542647,0.4589954997977055,0.5223995367420661,0.5797114204709711,0.6932512620033766,0.6490957218939153,0.5892793118868094,0.5544698573535009,0.6486438544451396,0.7373743124341019,0.8812364907094243,0.6318691953858164,0.700342277760468,0.8375090508884575
125,1.1919693961607627,1.0934805667342733,1.2358553539865396,1.0451348607320838,1.067643471873324,0.8809983357353304,0.8380517665240548,0.9576197918577642,0.7470756292831302,0.8203320281997545,0.6573299481508103,0.702559793332108,0.6670804033679678,0.5856821654393549,0.6594120202405999,0.5445679637220818,0.3425561390403036,0.5051448949900113,0.3983421589408621,0.488062975183941,0.5465702880141459,0.5412781947548928,0.48901280177079587,0.5319101570868325,0.5505779928308784,0.7246403995344776,0.6967077410511995,0.727168505430315,0.6204171478958954,0.6739192471448938,0.8383805166627414,0.872014402557548,0.7657644688128238,0.7349554981097339,0.8757249332348926
126,1.0026057689178776,0.9480895940108243,1.1503309804435822,1.1221356345198763,1.1476327293715303,0.8734861714954455,0.786970280619581,1.0431849715912578,0.7868046140811825,0.9170576222453172,0.5657260455875449,0.6397650832962581,0.680398751467871,0.5905196214548002,0.6513922179990618,0.4386798275647693,0.3408759139096822,0.5592633674750863,0.38587241271089856,0.48721075072223385,0.5632143717317901,0.5415282422131816,0.4921653531568165,0.47314802299465836,0.5770204407271731,0.6985756340584865,0.6119058620646751,0.7027101802860722,0.5744586297786305,0.6522120456203859,0.7173192393605206,0.8134822003920243,0.703008051346842,0.6615253922250879,0.8899528070999487
127,1.0260149314815292,0.9464608931951334,1.1203913122403395,1.0352375493007846,1.1810452910572822,0.7163059522301236,0.9294504043047196,0.8734966502623676,0.779764231020539,0.863217813855032,0.6001456340043493,0.6662947314013197,0.5894229089553299,0.5967344184511995,0.6493557323205853,0.4438591349036872,0.4115177583890013,0.47499775141864214,0.42504929409975345,0.518198216685889,0.44066991700991237,0.528982625127623,0.46978593699183907,0.43783535981886235,0.5836588905241604,0.634916465998671,0.6761865491552297,0.653459159194723,0.5411551035309065,0.6897435178929526,0.7834428032981475,0.9127089782255837,0.6543202703307205,0.7364931563481505,0.851026611454686
128,1.0335480809340047,1.0166626324492323,1.0533915027565803,1.1783301182116164,1.0950640261506193,0.8221001008930272,0.7763809951814948,0.8900568462305469,0.9042545747760811,0.8471236808357145,0.6650672887472548,0.6643401148131558,0.6069685856407203,0.6123911605059106,0.5804240511955617,0.5078929449410656,0.3363874599422157,0.47170457030929225,0.48378789890699647,0.5092934255653053,0.48117182401932057,0.5343734633658426,0.49140500099139395,0.5222068195126905,0.5438952874909873,0.6290864111334878,0.5973162171553943,0.6945671713544231,0.5208207814846408,0.6272591632222063,0.8175759291015698,0.802555653916921,0.6747824848494932,0.8253199738597912,0.802869040426258
129,1.157478913813448,1.0576195132778285,1.0218589954245083,1.0115318556808013,1.110815938446604,0.7758854520314535,0.9165388556356115,0.7629520678327631,0.6829686878700852,0.821500406345972,0.6208830302746107,0.6712746477110291,0.5630169210994356,0.5894288939180159,0.5571285047343983,0.48350939651931146,0.33790530694114473,0.41898742969785235,0.4260897377566244,0.4976945378797879,0.4703749120526271,0.5355258176343332,0.45481319229741396,0.5209961334955744,0.5876768851518535,0.6409630863838948,0.6172583071456783,0.627331119441172,0.5495879195322104,0.6647079027582685,0.7815769188662289,0.754898590376277,0.6175111563783259,0.7209207491994994,0.8326552832024308
130,1.1483058877174304,1.1289890129197524,1.1343482110895808,1.1328716205543707,1.0046281531532584,0.837323231245557,0.8537445684241749,0.9453708666166913,0.7896591262839457,0.7496505256686696,0.614261988441934,0.6817419599734601,0.5832103101035448,0.5948449480572193,0.5596233712550605,0.49785442429585497,0.359322462751582,0.44970627498339777,0.4253554351269816,0.494800298756711,0.6177152975199474,0.5237542149705523,0.4575767007785006,0.4906441439691601,0.47974798912152594,0.6255318026192799,0.5509220802828243,0.7167987990327833,0.5784948501111837,0.6098188288758376,0.8705753869603141,0.953790056279159,0.5304226937638128,0.8012681906616937,0.7556045532316189
131,1.150198845663182,0.9557176916399138,1.0353670892588567,1.1131913321638125,1.072316129323012,0.7683491933956721,0.7810954388680394,0.8555822866690175,0.8566948273345596,0.7423796135151222,0.6147376250098148,0.5660521246450914,0.5371300071943703,0.6011594956256929,0.641896075840251,0.49466887697164874,0.3525002708013753,0.42530551737979133,0.4463636789869799,0.5376786042034977,0.5911899449221909,0.48709027249842035,0.44571640822092673,0.5351983079931648,0.6404142370737309,0.6989290881483157,0.5730957648228701,0.5951650574332368,0.5471610833480489,0.5693303102311862,0.772005365213127,0.801227974065905,0.5570292913310266,0.6743418189173696,0.7482617430042207
132,1.281171512889604,1.1100515645366422,1.0563007930298398,1.0027695426374401,0.9961147909803294,0.8919395233872591,0.9103883695295523,0.8660330169388339,0.8204892608851088,0.7231093790387438,0.5648756161628379,0.6486259396406869,0.6668158895243601,0.6018702472786308,0.5703337732160254,0.4683847067295671,0.3974861332399071,0.43350146009187596,0.4151685484858596,0.5598335781310023,0.6125680613926041,0.4868417969318136,0.4262819262454024,0.49416828188176953,0.5723645460402306,0.7016527491162576,0.6042439435326519,0.6845037144041974,0.5298563268937306,0.5663128519391736,0.7947798265874022,0.9103775229760173,0.7029512135386553,0.6335266892452831,0.8308731462939047
133,1.1325164688200906,0.9964739857547444,0.9571636819264738,1.132303237675384,0.9436250099844447,0.7919276061943783,0.7638217843664801,0.8927653632039523,0.8259361102028333,0.8353611152827656,0.5644943883031237,0.62661305442827,0.5598158794236661,0.6048667681567417,0.579108681414774,0.5146058546132362,0.3779738041953731,0.40630301125137686,0.40782496011799674,0.44356709861634047,0.550261229356505,0.5445269738094305,0.39425680658094714,0.4875215416161543,0.5212387571411032,0.6653527041307847,0.5986339021274232,0.5833154539405657,0.5776224526264295,0.5990532460581258,0.7840794679915871,0.8421016229374381,0.558461284229988,0.6943999829977806,0.7522283203789751
134,0.9665154419462038,0.9699322144572835,1.0840935299749117,1.0138523904273598,1.0524777205592803,0.8483210331120127,0.8902438032034279,0.8899957269609868,0.7762752987907388,0.8084567075701848,0.6034249631240922,0.7019631743791461,0.6144384798212694,0.5592286857994198,0.5498670640320757,0.5346584983560988,0.4130004279490672,0.48010697543681335,0.42607486776977926,0.5182380290387489,0.5362787926065027,0.49579630956432497,0.48171870471691863,0.4555261049966136,0.5661623508332801,0.6377567118128666,0.6758444230050442,0.6857556687801392,0.5937435014996242,0.6292964245831139,0.7626838069471977,0.9184633422405274,0.5972778757413781,0.6281290431300998,0.7651089622629796
135,1.2583561004738062,0.8601535113317805,1.082410418129864,1.0384897548190315,1.0601679163417768,0.9013376752407395,0.7692125159639729,0.9473285685114744,0.8360536092468145,0.9626552373172286,0.6825618480717153,0.5915301239486839,0.6590930530645152,0.6022188698905099,0.6879866527889802,0.5982137635691993,0.3141023511245769,0.45809549836960967,0.4129621132489334,0.5456673622318973,0.514804234873621,0.4767788977136259,0.5104863765328098,0.47000168534422043,0.6147307691405143,0.7588734747310981,0.574474320700266,0.7320688067940913,0.6811776032072796,0.6751524471698283,0.7917315370483649,0.7723149433122432,0.6749109191931987,0.5010914839803792,0.9017605849639918
136,1.082232725249349,1.0166119013901802,1.0451910219882234,1.187943379055982,1.0271911757288537,0.7000848748034096,0.7626914097765809,0.7621555952081277,0.8166904039618428,0.7714405234383335,0.5250429831356684,0.5477049217327077,0.6560095905557087,0.6690766981249692,0.5222616109767478,0.523546713874804,0.3655980609108674,0.49170324344549765,0.42793631101904284,0.4620527325683288,0.47805994664741686,0.4511199106891821,0.494601147829208,0.5442113761968052,0.5539924694217464,0.7071059780063027,0.6331400912427965,0.7348426852401412,0.6799771342174428,0.5382503182398476,0.7080203963530127,0.7333162290162059,0.6515230909950427,0.7364051244663414,0.7752144649626956
137,1.0837769045609735,1.1193919894470037,1.1339317405018465,1.0490089329644863,0.9161365399979905,0.7420518868558321,0.811167059351567,0.9809733679266252,0.8268674454075439,0.7342619799165957,0.5405400529383755,0.6315829614436472,0.6715115342716081,0.5960542267782523,0.5460092123294981,0.5055910642377555,0.38129359279363145,0.4995500567800938,0.4745551129929769,0.47673335715944726,0.4922301405621309,0.5604051938496215,0.537986247243287,0.4766462072588437,0.5260530494329069,0.6641546647628135,0.6402642487958672,0.7908261326077766,0.6401252821989043,0.5866535601268235,0.7352121867985266,0.8029560661621387,0.6624006722146832,0.7209959063902639,0.8563597778768457
138,1.2899362423678369,1.0344343565252145,1.1830080696191903,1.0620980084283247,1.0833444116898663,0.8418777356666127,0.8599926253757015,0.9519722768729509,0.8034326972741634,0.8296224483672932,0.6564114673412376,0.6637108368924844,0.7054148198000891,0.6669399356797775,0.628112279125451,0.5542524812575043,0.3856597402655841,0.5453969381197518,0.40160259479285954,0.48138625841073,0.6062044929503019,0.5803408425155894,0.5714671120355058,0.44990524226017026,0.571739409449026,0.7963680851691455,0.7589077279489309,0.7728832087342229,0.6807140229423323,0.6057997337102893,0.8364126295344361,0.903905233099743,0.6687390805256379,0.6495670408212475,0.8519157076078464
139,1.2683210797973432,1.1306046632629387,1.300543504376418,1.0096423634134215,1.0071076542272115,0.8772842797068632,0.8683854820910278,1.0620873530369064,0.8315972006292128,0.7832532160437514,0.6304701897748859,0.7220001091752036,0.7058753840309788,0.6755325039458344,0.5332295963206001,0.5699691693072089,0.36003041940300384,0.5243026057466086,0.4617484607508372,0.45274717103622025,0.5747783971204883,0.5929645647366453,0.6133111411133477,0.5347975679674204,0.5669331600826015,0.7016368793250387,0.7246054580848873,0.732981688655796,0.6677288577042113,0.6516338246443576,0.8432966855929054,0.753085864409877,0.7731517738431744,0.7314437870623796,0.753193694968349
140,1.1434423282746669,0.9877347266611589,1.0647567404522467,1.0452663922046925,0.9578843196033304,0.773787703504204,0.8730489871668601,0.9098087677178293,0.7525607136203849,0.8806290976919044,0.561760779521819,0.6909983227890866,0.597411205248189,0.6751684240703941,0.6275343836976202,0.4938195482132036,0.3608510214743186,0.43453927458456015,0.4000373188891555,0.4843669407819457,0.5296049634018098,0.4615483667373248,0.48773216631222377,0.46676525315066664,0.588306911551338,0.6957798164209751,0.6833194739271785,0.6752572504636092,0.6639994359696594,0.6445842670563326,0.8032188602350107,0.7212308678998453,0.7201555012871135,0.7960936389827027,0.8130917294759061
141,1.1350067149616079,1.0329798050281311,1.130553068054759,1.21299820789898,0.9987973544812693,0.7025502509794852,0.8449720448448288,0.9580418570581435,0.8741496862983318,0.7840192691623044,0.5561435112621944,0.679210042484468,0.6474372752996518,0.6204983332919488,0.5706864820671596,0.48213227586808616,0.34681389143340496,0.5124341405446503,0.4305508509697614,0.49909045278130226,0.4911902764998327,0.5203359041999998,0.49106052045828186,0.5387792400967781,0.5699210207921273,0.5966899820701023,0.7252540115345452,0.6508151585894881,0.6998909445436592,0.6386460130392742,0.7559791332101102,0.8199147906289015,0.7258962069883709,0.7410448931075202,0.8277422853521031
142,1.0370184475466453,1.1613872631179847,1.0599780240180028,0.9748060856717081,1.0853857964903477,0.7660183878910007,0.8371313394417621,0.9181666148234826,0.7623255971971857,0.8332226226986051,0.5643047856117249,0.7011553078387163,0.6059958677125916,0.5178037968324731,0.612768424230533,0.4716750170971038,0.3950261506709349,0.46313249588159244,0.347192428636877,0.48445035214882887,0.4803083278281135,0.5630381668040461,0.49559603707710725,0.42321750383168566,0.6346379464856804,0.610521174219534,0.6765897696083483,0.5875651283305144,0.6453974121979684,0.6571508706326596,0.7311949398813855,0.83264883459206,0.6806200625553964,0.6172610833456682,0.8380262481624015
143,1.303269711935506,1.232091858627751,1.091037965929781,1.082379192314237,0.9919980006759378,0.8052586703443231,0.892028683836162,0.9366846931212334,0.8594048339054952,0.8374288886754062,0.7437163810051368,0.6754704498064166,0.6872785450241488,0.6199425928748515,0.5815969551190692,0.5704357375627185,0.4228194141531383,0.46640732015359276,0.40345065328026675,0.48094300810163493,0.540271265408879,0.5825727472240358,0.5492394552677392,0.47053924030257943,0.5919699645813655,0.6278020132573261,0.7505754788534835,0.6579824610283658,0.6819084999150908,0.6076843752415315,0.9044936324058015,0.8810354546945053,0.7890470956353284,0.7337879215783187,0.8021619853034306
144,1.1647186308414585,1.0985754871294522,0.9295269397808861,1.1674580861017367,1.0498149708965197,0.8243224669363507,0.8723686178612858,0.817593127771586,0.8477126494004328,0.7613250187365448,0.6407166037858207,0.6595338388579765,0.5732792338049881,0.6339993928534695,0.5884372666497206,0.5301227855835371,0.3405376729405448,0.40215326481017954,0.42582248292612607,0.5251143547427236,0.5465260766505418,0.5447678661892802,0.4360281671260068,0.5587671403974817,0.5734306804548863,0.6876302698175718,0.6640428300235406,0.6424360164105748,0.7133103520968174,0.759423641754182,0.8020242273647095,0.8630920928417797,0.6612829008632262,0.7945773447372593,0.7999017618358685
145,1.0969221865833645,1.1987142597086151,1.060319551035473,1.0189871505357,1.0262015665248625,0.7590974373791202,0.9010444961073006,0.8078476749676514,0.7936709128003732,0.8569978322598653,0.6386986738373976,0.6900547942978976,0.5820356227835476,0.64342769849993,0.5106735036576229,0.5214549384155533,0.3418779412647023,0.4257317938109935,0.42750859306195954,0.42455863294429147,0.5313726143166861,0.5708368431392548,0.5000472783248098,0.5379935789402339,0.5196914057209825,0.6396371582858413,0.6970671302442857,0.6184053639496265,0.7048060451730156,0.5792822353062809,0.7487985508104482,0.8312677301798745,0.7529478573597275,0.7656489301562011,0.7661698692936645
146,1.1770097366790033,1.0292672726210288,1.0311939728102295,1.1808989459121428,1.1938242849849674,0.9356749966753957,0.7304553052249267,0.8615304082438706,0.9188803087268294,0.8735906463282002,0.6302828570203287,0.5803702400456792,0.6215844072487353,0.6971864579935545,0.6361967540406581,0.5693156476394147,0.35176195500849317,0.4061210943739278,0.44103606911517834,0.5407616055890825,0.5351951866716946,0.5063437206702989,0.4241521549063768,0.5686262248058018,0.626105599896573,0.7101782025747758,0.6902613359974754,0.5522471202571342,0.7267756563112964,0.7694398752363295,0.8432267020078205,0.7790628601901113,0.8030734907608229,0.7945369777281848,0.8459151543457762
147,1.145704465022577,1.0856215632641608,1.199603193916683,1.1244285053393432,1.0830146796968836,0.8583671289408104,0.9141905211748425,0.9655097254134098,0.911186364139498,0.7473800902116158,0.5985069882028339,0.7434463561603395,0.6553096520579318,0.6971741367902302,0.5735938287569423,0.5462957562050099,0.40300526999697805,0.4437428669235838,0.44453561918272094,0.4597477394067252,0.543775403056721,0.5521433046975377,0.5240518045621747,0.5504266723051003,0.5986100398084256,0.6621605387226811,0.736147263166359,0.6359533323796278,0.832054138723854,0.6032319442090017,0.858512530161172,0.8381508752359759,0.7497141465870782,0.9033011238021145,0.7552477808852437
148,1.2627460224415934,1.1347459756401186,1.1260742183983217,1.2669053149402103,1.0901425554392423,0.7842247189203001,0.7766069352782505,0.915465897374555,0.8118416244713325,0.808559608328541,0.6725920090534414,0.634724696858457,0.6099497791609019,0.6687411839724957,0.547099788246435,0.4917696228244198,0.3534693454054252,0.4855632420045163,0.44821135264854906,0.5061091179225728,0.5975465893980899,0.53125699280749,0.46245983844887234,0.567692526585723,0.5805677078967532,0.7206923650948625,0.7339962303135359,0.5765618477534065,0.7575427367063172,0.632100534576328,0.8567347561465,0.7702394929921532,0.7825736608174279,0.8378267726234412,0.7863173079565979
149,1.1796000141918286,1.0405524753458888,1.1024537293229923,1.1517688551627179,1.151735158762472,0.8503006737591852,0.8212481630427285,0.8856290591849496,0.8544462024440154,0.8427836712702377,0.5734522135590423,0.6432026883773596,0.7076190328135183,0.6904261214509282,0.6514555829105048,0.5873161053481445,0.326029704966766,0.48361681813153756,0.4069955429422881,0.5145155130195325,0.5665025413718118,0.5375173808521048,0.5049065336062846,0.47187094745556535,0.5862450960271691,0.6652678261432342,0.6839386060918102,0.6629712927854758,0.7117230437584043,0.6785395097667164,0.7870287285279204,0.768044348187069,0.8324936501452884,0.842835338963134,0.8988878272089584
150,1.2234836425317561,1.0217294847549485,1.1655092059007226,1.1121703265707947,0.9427324855599306,0.8056719189950788,0.8458151710550672,0.872110015430289,0.7842964676901871,0.6794144730376215,0.5451334538183941,0.5774466444468253,0.5565879618535046,0.6544040918838199,0.5310370282035874,0.5166494064167578,0.31282046176526085,0.46831828304157586,0.4294557644222408,0.4883021874091663,0.5736371162731748,0.4846255787894951,0.5106280433478466,0.5301952719606867,0.553088289891031,0.6538067099496967,0.6334261176703039,0.6456785713110413,0.7671666761676038,0.5000448395513131,0.8334808758830099,0.7630260620634697,0.6986194134208401,0.7635340889996249,0.7454381846108569
151,1.1297189462774466,1.019069496765686,1.1320517099010674,1.0894973798843317,1.1679847424895913,0.8398710493372953,0.8377253346827043,0.8823666759552536,0.8715698373146813,0.9336640121342037,0.5869688142131877,0.7413252634009038,0.6295387985869496,0.6688545893667641,0.6466967285870302,0.5529503571224855,0.3017601516679995,0.5256212273607828,0.4809055388952149,0.5154750318214134,0.5642223927087637,0.5340945314274876,0.5358881216659723,0.5028226974360357,0.6038773599628455,0.6315466216605166,0.7367557933774496,0.6992609869068407,0.7111422717123874,0.7156909565058558,0.7754529169809131,0.7867555409536213,0.8191152363030332,0.7993038707929103,0.8632652312961817
152,1.0503579791563329,1.0566756084652995,1.098707203900134,1.2106839967048284,1.2395013494885845,0.8905594506478658,0.8408038675076459,0.8814746249419659,0.8674341865530039,0.8467286031863923,0.6601822795763952,0.6476382098468099,0.6549394714610774,0.7144801035384427,0.6179019969162225,0.532133006376482,0.3193216227877622,0.45827214360005164,0.5007653951367759,0.5368057059731559,0.5495393798670247,0.5291778537225771,0.45522856718062615,0.5558959445214929,0.6171519373705238,0.6291863489337164,0.7227193928449893,0.6838863225241815,0.7943310711777463,0.66513131846956,0.8192845825975977,0.8613706290403376,0.800087977596279,0.8510999889134356,0.8697125938913206
153,1.1152984033921696,1.0460863953554842,1.0705987435538766,1.1455124113154556,1.175853322176212,0.8841898512928915,0.8309884243029705,0.9407004586490815,0.9094615352047309,0.7680679196404112,0.6139213353844641,0.6497953855819207,0.6150964879103159,0.6500865610629254,0.5826895512317058,0.5188059823580105,0.349991662247078,0.4649120678395683,0.5158258697960677,0.5160720169723059,0.5918171328992131,0.47671397188514064,0.5477654469901333,0.57674580278184,0.6374214514606076,0.6449135442742533,0.6325044630667054,0.6339869979407801,0.7334145199463572,0.64842520549137,0.8088706405436711,0.742755492921549,0.8193152932161142,0.7839676304199291,0.8000873842011302
154,1.182322067206858,1.1164061007141501,1.153710220213325,0.9616924870720186,1.0302318498990473,0.85369546355347,0.8365819145363022,0.8926050494505601,0.7804996336417167,0.7073038386437434,0.6626928876678619,0.6828204319921426,0.6666935694557067,0.6134903575578927,0.48148483186412727,0.520681002530043,0.35319424946459144,0.4557054664504552,0.41035819161356324,0.42490992070605393,0.5289016193355871,0.5184843050702512,0.5566474277354376,0.4619048002588231,0.49705826268415515,0.6449650735953183,0.681425457840904,0.7151212846880652,0.6004215277673586,0.5448241035405922,0.8086626173220157,0.7881040809897776,0.8134940528686486,0.7300225618054508,0.7648192587134368
155,1.1563641222782368,1.1743868079592779,1.1069446894416264,1.050789807676214,1.0592849591196918,0.8383504635967742,0.9077775590521473,0.9484045498690272,0.8415256428313171,0.7486519709662789,0.6172583727681218,0.7796130108272524,0.6558979702624388,0.6185899202016959,0.6315869534645174,0.5086506199212046,0.36590806557710265,0.48239902083595654,0.4531613772985091,0.4849968111387948,0.544645641138362,0.4963774453405403,0.5408949573041787,0.4965054428115262,0.6585918741225827,0.628326696753336,0.8257086374286184,0.6788432682316092,0.6726243490068506,0.6493516854396668,0.8901910808862756,0.807686756685539,0.7587803293616933,0.8269703750100295,0.7984736050095564
156,1.1149484846245108,1.1761224642008465,1.0929989109619784,1.0399796210211603,1.1452827940102905,0.6729415642873544,0.9174542590609658,0.9068354184962764,0.8178312933579979,0.8035550522373089,0.5677038712326329,0.6750578402944729,0.6450362020822207,0.6796035407531991,0.6206852249776085,0.4831589640404225,0.38039541363599827,0.44801564792978865,0.3968121959728399,0.5340928930015262,0.5187039792940724,0.478921415478146,0.5331913063105819,0.48407423384509873,0.6345299155109103,0.642114541225406,0.7428420919881398,0.6150377771974718,0.6806050517148781,0.5782200172682906,0.7504505229473631,0.839183196107815,0.777372350434266,0.7025007545601063,0.8670817735280515
157,1.3161139337349428,1.1145962696848724,1.1029338881727453,1.069488388832385,1.0822339271538894,0.7227680542738544,0.8795755573372304,0.9317247368952729,0.7679672743638419,0.8331418645117071,0.6805227665487817,0.6391620059561272,0.6842250696987554,0.6365751708897333,0.6041224346927012,0.5527183495273501,0.3725782118807125,0.521480113832149,0.3650052102312552,0.487383766092088,0.5396320507680807,0.5000886745531719,0.508338472778173,0.467670800950173,0.6128278348992292,0.6941079145678899,0.7430299095950085,0.7131439050340806,0.658660298645386,0.5983582644542282,0.7543675265389367,0.8212200228201127,0.8495073876194925,0.7134673663796554,0.8079364964775082
158,1.042543338829982,1.036908051005342,0.9586847835676715,1.164053040626429,1.260961424310882,0.8069401562316725,0.8215146980186472,0.8314587052441866,0.8581468096480664,0.8441737218388198,0.6256426429154035,0.6694367140523738,0.5818569005569558,0.6422410636208762,0.6229580889234334,0.46691662174105714,0.3347932881024601,0.4257034067548081,0.45563139807641806,0.48273237876361663,0.48588726049006015,0.49199152231141063,0.43073250771996296,0.5099709206091675,0.6346762725503845,0.7116861205968685,0.6679809562158128,0.6703116032319271,0.6390110581798724,0.5827062176690854,0.6676219787161648,0.7572332560010301,0.7462093318239815,0.7784045282724549,0.8284471086701273
159,1.1375207009142292,1.085107351305175,0.9462132548882529,1.1913603699454711,1.1348107951385151,0.7818835941844906,0.7595143852030344,0.8734730605957877,0.8984016373849022,0.9637430849291783,0.6645406736933135,0.6153860576912333,0.5876810988455335,0.7384600457198984,0.6666396970626294,0.534518000315847,0.30733531513823764,0.435449699796241,0.5110980365075616,0.5296726948978044,0.5430245246683499,0.5563381378898755,0.5261967931867131,0.5827932721226364,0.6167011135977238,0.7288336627699517,0.6563316970962141,0.6709882295720362,0.7406279226067221,0.6145204805393768,0.7130992367623663,0.7249329601310437,0.683258459533151,0.8904069311050186,0.851479040890885
160,1.2271029706798386,0.9819059122524834,1.0255359776372504,1.1033660118810766,1.111769692742615,0.8800975489803775,0.8389082172627671,0.7600542853945543,0.8918633860374412,0.9007226166948542,0.6996778961283537,0.6176006994813501,0.5926869521200403,0.6777980892391651,0.6524429050504496,0.5239854551068168,0.31729961933254497,0.3475469905280026,0.4029323807571583,0.46942450754834586,0.5311515305267335,0.4375806016927918,0.4532934447683766,0.4574668714865995,0.6116297213145165,0.7592357990585722,0.628162133171806,0.6258576331418524,0.7537600346473384,0.6240517306462918,0.7943786368885245,0.7196488857580783,0.7276888176059035,0.7835099300104741,0.8134396330833358
161,0.9724542368723901,1.142898654703947,1.0847975822343385,1.1593040151606369,1.1698537075273827,0.7889186472503968,0.8555928307152236,0.9132096411314332,0.9231182181759348,0.8173359039901323,0.6223864215822441,0.6940679203737179,0.6110787894406075,0.6153085796568252,0.7007320730647035,0.4588772487990138,0.38055742476375365,0.41633739975671724,0.43458113326791076,0.5325009343846194,0.5162051918408677,0.5363137887667169,0.5258632279222664,0.5117068542585113,0.6279162330553256,0.6209712756470299,0.656231241111819,0.6473660061919078,0.713052012498481,0.6828227008992455,0.7220112960932433,0.8094242018275042,0.7824432932325309,0.7973025098218918,0.9259795415972624
162,1.1197816060346284,1.1438518566125322,1.082081677499768,1.1071682558743743,1.1364402037632064,0.7486912816434725,0.8512374550890527,0.9584020276929522,0.8104570516358769,0.8403184762973446,0.6097486860421886,0.6843238736494064,0.6737431857688618,0.5885946871255578,0.6667201306201019,0.5036889948726908,0.3626785973092405,0.46904552101754415,0.394265994457734,0.4843136776041008,0.4930852236111148,0.5849649910463268,0.5752957350367928,0.4912133402191444,0.5939403645663519,0.5979579583607282,0.7431103731302227,0.6834031684379049,0.6577493472420134,0.6444420564367799,0.7261628724568063,0.7966810629958201,0.8500214405662921,0.760252619195315,0.8489776612676703
163,1.174695562681817,1.0503123286834992,1.1150678228065025,1.056319907916772,1.1272595901042846,0.8263535426052773,0.7851235010742428,0.8486272284738837,0.8797450015850374,0.7846073987026829,0.572045772502344,0.6097072924342868,0.6752631039453214,0.6626642360611721,0.6490080463385941,0.4468724276374928,0.36428477581440266,0.4541935217021279,0.42093486302930644,0.5586916960954981,0.5489752442068341,0.5665670297604981,0.58630332031064,0.4970778967864284,0.6134279291321776,0.6454214106600491,0.6296746704956153,0.591534927890046,0.714795565107208,0.6552353192126881,0.7130138878429297,0.7779946664915786,0.7857552039575241,0.8737824261515534,0.9308693037193112
164,1.1428500290567691,1.163679444663844,1.1082462187524944,1.0507719624853702,1.1819703846672107,0.8430490558851865,0.9571925592202898,0.8644647722774399,0.846505707585997,1.0206970207630537,0.6568564961992458,0.6756506906272227,0.6596625685477671,0.6324878523723754,0.6788279514316051,0.48414925001207737,0.3660329449614527,0.39977655652713573,0.43633687840358093,0.5925225351192631,0.4653310522089459,0.5412571224388482,0.46727376653123265,0.5181153929154234,0.6626242448385046,0.7544624484961802,0.6743674167881033,0.6107994821913415,0.6874228050067045,0.7681872783522976,0.7346391985314944,0.855735098357538,0.7744680920309122,0.7587783310262517,0.9146003820433739
165,1.144787396225941,1.0700865180799652,1.0937034886302406,1.0716399015964408,1.2989926294828669,0.8501023859933652,0.8970982930383945,0.884211600768994,0.8929756009179932,0.853511522343043,0.5889835946779146,0.6373699389599243,0.5555572785068466,0.6212930041896898,0.6773921264913834,0.46705460027125006,0.3670935370992535,0.46439429291194456,0.40905491226944257,0.5555928480474742,0.5314043133588569,0.536294586192456,0.45248232178809406,0.4924168761874599,0.6242329739658632,0.7148717716222472,0.773821554320085,0.7165803222445362,0.7366672727776067,0.6528842717225813,0.6543277909930767,0.8006921661848931,0.8201790013964357,0.8282213017729589,0.8697558733517092
166,1.0144554342601615,1.1606001964376365,1.086487051601808,1.164081086405508,1.1207424854380736,0.7530988856252555,0.8316833119206253,1.0234275834740898,0.8779777531317524,0.8336240919476261,0.586495444881975,0.677464203721652,0.6389519175010647,0.5895833848085079,0.659682467395305,0.3677596631723534,0.37367641011862285,0.44915889198349884,0.4651253277709773,0.5225424519560362,0.48701700675467563,0.499429900341532,0.48653543707224245,0.5771843748744281,0.5506913119269172,0.6582391829431045,0.728242149859881,0.7218576331465294,0.7568159742426981,0.7305445545566907,0.5797834513710622,0.7838736666702298,0.860280808967003,0.8333510010899241,0.8099397805532965
167,1.1197397380988785,1.0938921215753048,1.1826961119322994,1.1429968039593112,0.9591240457895599,0.6907597243156318,0.8905567211514106,0.9179278523226138,0.8833091481479649,0.8033112302535819,0.6669540809762968,0.692967660125503,0.6935292394151695,0.6372552982660282,0.6234605548949077,0.4683818702470581,0.38738436383433117,0.4806664780062561,0.44399679250376234,0.4721375603661332,0.4810052593688239,0.5743423869541298,0.5558169799045377,0.5025179741077912,0.6424151417998767,0.7146631127248934,0.7611579458492868,0.738783943765627,0.7277383472064373,0.6615748626645492,0.688236325086193,0.8775828173107778,0.8735790767461027,0.80904502532002,0.8999230676245237
168,1.2343926987772555,0.9790395368102256,1.1173397885742928,1.1768338281469375,1.065274595401846,0.9128499652692157,0.8418779117484614,0.9382951047667756,0.8650122384464825,0.814355712782777,0.6720372045875356,0.5750654644863569,0.6426502558227924,0.6417330768936943,0.6048271512572072,0.5249955532297544,0.31152955858369263,0.4585349868245787,0.4503990455099337,0.49700783500114043,0.5405783576689107,0.5056863489672082,0.5254122927679883,0.4895864946402073,0.5246120548039719,0.7851536265211483,0.665036129109043,0.6654882599467825,0.7489226690144832,0.6946990352843572,0.7525629789675091,0.7743032138266207,0.7128732548237673,0.8473327846388259,0.7379741939694852
169,1.2493165904887393,1.179783336040515,1.1530740685379026,1.1156405693070193,1.1927190527697724,0.7857266135859884,0.88901887658083,0.8862781902288712,0.8584466959843617,0.8666759839154429,0.6365424361111574,0.6987213125898271,0.6881142022555355,0.620408602214924,0.7375210853618211,0.49402576613765636,0.3541506301198106,0.4339204110741458,0.46262114837821905,0.5192758735561867,0.4045465066411702,0.5239790363347054,0.459589293186484,0.5522722734534181,0.6741004005795728,0.6318734474270289,0.7070537257445346,0.7009781125302237,0.7390061701434101,0.6628472505735368,0.7671475418115189,0.8292658376598644,0.8171057107330328,0.793567605845434,0.9641722058041597
170,1.1938282522358286,0.9919546284215714,1.1249342250505503,1.071359560289595,1.127760694446176,0.8162125380819817,0.8274830659513207,0.8627461974681812,0.8023951219400596,0.908607101271331,0.6725085942277415,0.5994852774884818,0.6789729483261541,0.6148631151845677,0.6088289406067657,0.543870351889143,0.31636850857418525,0.4393794242266512,0.4240565740023492,0.4983617558071033,0.4754774540316126,0.5087316109553921,0.46973641259877,0.4262580506663476,0.6110286106056839,0.6992882575398698,0.5743744691097117,0.692025517114182,0.6212412000392943,0.6328647920488985,0.7441398146009883,0.7544158182273447,0.7193802245268699,0.7684794497751937,0.8548742968254882
171,1.2695161165650861,1.0462693974317967,1.0963594847058977,1.0499330621661946,1.119554184855347,0.8788441574298466,0.8820307951528449,0.8915037793980098,0.8104366499797896,0.859579988967042,0.7212567198367832,0.6264496899627907,0.6600681219867734,0.5741542697227733,0.6469044525709033,0.5006177795008366,0.349460067090244,0.4319641018093696,0.4284420699171961,0.4875246495289626,0.45431295904877383,0.5787050744131224,0.5612711897336028,0.48203391674081575,0.5756897592000803,0.728080356707398,0.7044319199290895,0.6985238249776632,0.7026729434348382,0.6803544368369996,0.8069056555236436,0.7264420863688886,0.8220538386755464,0.7413594612211512,0.794417687761394
172,1.257172798169791,1.0876268906431363,1.0701812734274108,1.0849709380919648,1.1951348081410245,0.7794908117298567,0.9263815146560148,0.9646487278953537,0.9125911858404827,0.9312606170120605,0.6588373625106002,0.6675012578556072,0.6824675626363932,0.6453804996189949,0.6472284344703908,0.5067056810237078,0.3853834389149586,0.4244862532389424,0.46399686557580966,0.5427525582173391,0.4416510649409577,0.5577871271610877,0.5705066801541543,0.5848573020062136,0.6152489746073906,0.7602848065655716,0.7610727986113264,0.6616689107977891,0.7276035882553453,0.6854682145679325,0.7524049388937359,0.7952454535094075,0.7904040613501297,0.7998290324341828,0.8289779007266289
173,1.2546440175491649,1.1652319570763,1.2230132385370212,1.1264839804020328,1.1124446992630694,0.7698699591581919,0.877209055983822,0.9663522522020179,0.8992615366967016,0.7554481272709208,0.6757727538627671,0.6600206512252507,0.6490476542159063,0.6043599992037686,0.6614593760778582,0.44733420011438546,0.3718873953815982,0.47674771705042035,0.48107369445562875,0.4657951732799241,0.3750034021409538,0.5564427593998643,0.5118686664565948,0.5477986411645965,0.5928721616572631,0.744554924313741,0.708551825060443,0.6969767821000983,0.6784991388765287,0.5472895481635087,0.7710415274595888,0.7713308083874986,0.8406285777090815,0.7743195160879563,0.8094701708314194
174,1.1553026227146252,1.1143583349304242,1.1688273353740999,1.12096844687781,1.1308469615180106,0.805121145781726,0.8276277772653221,0.9547529293622148,0.963606539119504,0.9047309045451031,0.6141073432747742,0.6109519430413106,0.704808854663135,0.6799765370375206,0.6521142666185973,0.45986403385924496,0.3947307730823124,0.429839506016341,0.5187507877910158,0.5381504071817342,0.448653686331337,0.531000656272737,0.5049624703081739,0.5402376006953796,0.6016145209656388,0.7074481050352218,0.697561764352947,0.7632543178512123,0.8269143945218107,0.5789840305011127,0.7399935004037899,0.8141847714049594,0.7804739997101736,0.9173001007273917,0.839873914476521
175,1.1111177832633339,1.1604182635331899,1.2331489065898094,1.190982922008073,1.1516774263685785,0.8418936465301898,0.9609267749593029,1.0043994677989136,0.8819357659099425,0.9120560168374486,0.5559553749700433,0.6390469422463634,0.6697889730285563,0.6686300655621855,0.6456440467092841,0.47873678442886375,0.3716196386286662,0.4857339126294836,0.5187738616085955,0.5757849971982565,0.4199625909332,0.5448619074790171,0.5933321539766725,0.5526900742415783,0.6402895226721425,0.653639994884475,0.7669262718250877,0.7338559123151511,0.7805796805361178,0.6268040766129755,0.7155099650941604,0.8610554241210051,0.8745647906644111,0.8353057517760202,0.8667850104073352
176,1.1131678530789801,1.108228042170119,1.07484334819903,1.190272874455733,1.116048613619348,0.8369305162395662,0.8566376253856891,0.9253358209960515,0.9413547362186961,0.7977948218835028,0.6485606831482378,0.6374572530836898,0.6668163442732016,0.5918620597128459,0.5794311314439036,0.46346252293418694,0.39643629552836845,0.46577491153353456,0.4793963622972189,0.47652263012314017,0.4273163255562318,0.5524499992826699,0.5576367263260056,0.5327679798223295,0.5908402746657164,0.59298392003182,0.7413301544663974,0.7604070969880119,0.7443112278825521,0.5386322252088686,0.7604509540456751,0.8345216976724235,0.8014192857724485,0.855051263092565,0.7487942052840897
177,1.2631931944014294,1.174344226067825,1.0430615104111585,1.1806894845493638,1.2218707135575093,0.9091948011171294,0.8762142145403937,0.8927057705428424,0.8832121430636546,0.8642040083561895,0.693437086640269,0.6235382919809291,0.7122783920085692,0.6320770079224873,0.6443201748085413,0.48316952018763687,0.3662775989097528,0.46357862235059605,0.5145520494801212,0.568993231157817,0.45906203783552524,0.541289742387297,0.4450685289005494,0.5546240211422185,0.5749987168277108,0.7660393381610638,0.6877627099533268,0.6670540971784606,0.7649041817391941,0.6927718820843649,0.8568510083005256,0.8412821870391003,0.7579764336157729,0.8694911937119725,0.8160371629134355
178,1.2096139792996763,1.078883975710315,1.1094575466331027,1.0225579690660014,1.0775980600100632,0.8227464532306422,0.8677886020253813,0.911987932874248,0.8445474373635385,0.7946303560183443,0.7104717163051957,0.6556073789205642,0.6143984367450362,0.6219947291892047,0.6667993879912026,0.5024775951214617,0.3835996584459227,0.44013599105774354,0.4429811517126143,0.567097612333636,0.43660206811378705,0.5352088246121562,0.47802102605805286,0.5092012714856786,0.5703681001805956,0.6558304661100477,0.7758980901497847,0.6358570061338951,0.7017795788578326,0.6414872770714612,0.7860305547252224,0.7967918118062653,0.7605168971514674,0.720597945357847,0.7501662506779885
179,1.0200677496797865,1.0167513670512747,1.015449190630013,1.0703944611417773,1.048543918690764,0.7460419168238064,0.8153685232891069,0.8325338433386532,0.7869344917940875,0.7934065568404907,0.5919102128513103,0.5801709159875388,0.5593125058177133,0.5806706247810276,0.6276360658632908,0.45659994182245955,0.327940948635846,0.3763172345243867,0.42721954568234505,0.5152567515238414,0.37038419497673924,0.4990753810873019,0.4110152970496078,0.5347555547962042,0.5998745452150511,0.5356438437230584,0.7321289300856401,0.6067440280699982,0.689987440952333,0.662013221183047,0.7476597982891007,0.7334466635274532,0.6324396652318933,0.7914544545738736,0.8623337296333023
180,1.1616246260964482,1.0501908278826415,0.9830137401947381,1.0762367563097857,1.0803674924648843,0.744733295583768,0.7996909561430516,0.8081141794224298,0.7867949879049108,0.92978923081474,0.6511769026448249,0.5810311521996845,0.6370475925523112,0.600002350828136,0.706195761241833,0.5041463859263675,0.3506053258068409,0.47256361616111675,0.4380602408613953,0.5014692121287909,0.4039491054545656,0.5342821648190482,0.42682346865286624,0.49341560036552434,0.589206939205744,0.6346962185009779,0.6310628961177832,0.6562166331695218,0.7133392143286739,0.6193714715173573,0.7950921639062178,0.8489329393512948,0.7659586873003141,0.7987898432342023,0.7957554347295859
181,1.2991482091543287,1.1437663630330681,0.9068686499570745,1.2128702518640904,1.1729592522231274,0.874407820491524,0.8282820724460971,0.7571826057749956,0.9995914534750698,0.8583470885875482,0.721931760548886,0.6378354415988713,0.573505118280318,0.696365833912693,0.6790564146170273,0.5023291273899276,0.3605035705360876,0.3726498542160693,0.4841585831637931,0.4965771099367248,0.46487561981064585,0.5630468056742837,0.4256709450244833,0.5697966646443613,0.6205265130858783,0.6706129312555323,0.7068380225702959,0.6700347922118093,0.7927333725363556,0.6227128601011928,0.8531845584429654,0.8214149963103423,0.6592357556352701,0.8806757949416492,0.9203455221332386
182,1.030078921157692,1.1439835673142535,1.1097730934831413,1.182696200520215,0.9841443927759832,0.7211619512691654,0.8162920820174169,0.9242658109470133,0.8594837785469978,0.8641260066808232,0.5939732116444988,0.673987171580008,0.6566388158394523,0.7020571543453311,0.6104601899442221,0.4352783794334804,0.3712309237265269,0.4624262200968764,0.5192918617090114,0.47567906370562285,0.37846906529085644,0.5949590912832367,0.45664454300050095,0.5632127517914403,0.5306846524712256,0.5548464987522093,0.7269335672121069,0.6329221773104139,0.7859524486900147,0.5519566362991176,0.7234799129517446,0.8555515382382035,0.8096706208105405,0.7273093040170824,0.7829984544632733
183,1.1955370580942364,0.878726948249475,1.071166654541817,1.1216982777603979,1.1230110551049797,0.8040458298437536,0.8325751894307465,0.7874396810993181,0.9057737200039452,0.8980721806318768,0.6434698337709019,0.6222010126407094,0.6190552775063958,0.5919074052457804,0.6267051502385601,0.46620232596873845,0.3429833809524705,0.37125479326963906,0.4756145308281873,0.478995226340987,0.4382600704246655,0.48436954482187083,0.4456082337926316,0.5651482167267499,0.6181289397618366,0.6650690996077246,0.6592751032070933,0.6750110290023152,0.7819033161013804,0.5909911060993069,0.7638751001198472,0.7562671670582424,0.7453054351602197,0.7390734057144852,0.8424901479809477
184,1.2853355303569858,0.9988198381949925,1.2724483503487702,1.0666147621248998,1.1930703794398636,0.8462755201441896,0.8927113560881952,0.966830421588829,0.8342851483696913,0.8503719345586258,0.6608367287512026,0.5835666701070886,0.7116362476370188,0.5597023281080797,0.6068288120311527,0.4597503892027476,0.334603238383179,0.5011997308149989,0.4752853667622642,0.5173528881737567,0.48936053486371156,0.5259980546499989,0.5450987211236629,0.5518550120318715,0.6280919314542704,0.6823532613221536,0.6993726639111288,0.6971396699122343,0.6565899789186955,0.5968533188257535,0.8295432879407422,0.733653355781462,0.8728468248454684,0.7087926297344158,0.8291526076994746
185,1.2259322542325182,1.0724371935951051,1.0524136437415583,1.0810137354674398,0.9637207299072725,0.8573212161565495,0.9262552648714732,0.9099151713362141,0.855277538341987,0.7300554015097027,0.6904826176514058,0.6454319993142926,0.6099255044250547,0.5868027015837278,0.5478031742334281,0.5380230478092831,0.39628726728872116,0.40547394397415837,0.48184693230388076,0.4308483209622771,0.4809869107252234,0.5717860200293688,0.4984403469466346,0.4902941974758541,0.5569323362368314,0.6692692254135555,0.7507358540239807,0.6487626318958214,0.7170547875295903,0.4836391869829231,0.839976106486881,0.7705443060279811,0.7355551893167376,0.7108436891716651,0.7462987238112488
186,1.1400565342595224,1.107305980124364,1.0067658569366005,1.050447926129467,1.1917924977169123,0.7571948751130475,0.849618530193185,0.863427068920159,0.7461433878490835,0.8612931650284656,0.629614215012559,0.6209932183705212,0.5847478045783262,0.523161028420706,0.662713636967735,0.4344088495331764,0.380073859215301,0.38585219075341315,0.3976375487005942,0.5017113365157039,0.44260530209286886,0.5206958637743309,0.4379973086312208,0.42786374306506225,0.5744224891300498,0.6113457169514132,0.7783682180657243,0.6125844538214975,0.65514961486875,0.6692174122481778,0.784474914206694,0.9012163676064676,0.7829697019929053,0.6403422317729219,0.8813857488112875
187,1.3128140418293284,1.0729892634143081,1.1161715232169154,1.1933221141921757,1.2624674195613883,0.9591540363658451,0.9375769722944733,0.7870222123420854,0.9057808619877965,0.923078414469443,0.6183760542262977,0.6993073076533167,0.6567293116386392,0.6076551757999495,0.6425189862752264,0.5238092529646734,0.393673996340413,0.37166829027645154,0.46356751187402767,0.5095014048398486,0.5065458286021041,0.6061903069647012,0.4870463502670889,0.5999387410970899,0.6426282205162692,0.7568741186012667,0.7215611642567082,0.6224111514035096,0.7563211715192073,0.6182323772784089,0.894414162500824,0.8524439671989563,0.7730619164304493,0.8159396964991561,0.8794698943389698
188,1.1225313899558635,0.9823969851752333,1.1261866545276111,1.0947255277600183,1.182798968797674,0.8553007383749125,0.817731874101087,0.8833331249555686,0.8835428642005348,0.9009256021401275,0.5967206766587733,0.6133899470783106,0.6645492007927967,0.6204149206595114,0.6729516924375422,0.5171276528474481,0.3949026909660909,0.3557342750850214,0.48661701790150014,0.5249482243340757,0.44983740311827636,0.544893113640238,0.4988658264961674,0.5413594960021982,0.656672194535432,0.6440747862553486,0.7065135047582469,0.6265212794429438,0.738531707311548,0.7211744191804645,0.7592293589012372,0.8283022083128095,0.7686693343795543,0.7729834447824173,0.8888606226724797
189,1.185541425249557,1.1434890084342177,1.004331749610976,1.1639443068831268,1.1715565645429837,0.8523712138504909,0.8687784214181613,0.8270833656662511,0.8744947360662249,0.9118618024408867,0.6133808233450408,0.6269192527280927,0.6089540005507426,0.6815528022118833,0.6935233224679163,0.5404706750438006,0.3365245538841146,0.40245807542357637,0.536261901781607,0.5294601876536372,0.5029553846504272,0.552120355745414,0.5051687141002228,0.5615107744253915,0.6701945160082126,0.664504231196863,0.729327653932154,0.6848000491124576,0.7571258698896399,0.6675706611494159,0.9319718699089582,0.7957672767160122,0.7180243714479854,0.7377420695735927,0.9054491742645601
190,1.2058003567062556,1.0898030910055811,1.0552786813938464,1.267859207601155,1.2267439704444838,0.8840940602352647,0.8431156287670009,0.898576228989346,0.99370224310297,0.8483750910236263,0.6081897580347795,0.6372025976983826,0.6386327699621996,0.7123915885343663,0.6445013536196538,0.4932223741263813,0.3532973974727512,0.43314425826219144,0.47643326884260706,0.5403393982595044,0.5066085420593274,0.5324859917897612,0.49040338548159407,0.5946395995418363,0.5841722656334025,0.707867277963095,0.6828692423465627,0.6587698631347976,0.7987034246252971,0.7119946140202413,0.7649401450007396,0.7727480601100323,0.7463192824922563,0.8238948974530391,0.8523331892901209
191,0.9784964298022167,1.1507447147179117,1.0392111266979107,1.0768346073914432,1.1591225160271459,0.7075689122926764,0.8043308168847518,0.9951228839538937,0.9002216233700645,0.8312025962871307,0.5178523466380583,0.5863623687940178,0.7125891548863281,0.6390570918408094,0.6288637863019583,0.4281192270442402,0.38503463837735247,0.49848327249116803,0.44086380728183727,0.4490166080591797,0.40562510629276216,0.5354805738842747,0.575103147371693,0.4959952865480437,0.566785121205651,0.673644167300389,0.6723934121622359,0.6978090166928511,0.7704898298798615,0.6405166937031436,0.744353184556274,0.7670927230198593,0.7884127187025678,0.7872573383665684,0.8262364721864626
192,1.0882577883663451,1.1739851943814243,0.9821847168492334,1.2680451372289567,1.0501505064531345,0.7740222167768693,0.7335327102967137,0.9520736305358666,0.9183861700360579,0.7905923667574591,0.6068936835843359,0.655716209172316,0.6922500352924985,0.6980257249982961,0.6227902076613544,0.5190728944630951,0.39265323127919255,0.4611203100179644,0.61643676929273,0.4503807989255005,0.45989215059165534,0.5589839834339108,0.5683956961317651,0.6034979305415997,0.5308261692292274,0.63877814372324,0.7311505590236529,0.6984761511520929,0.8784230913717002,0.606643227083977,0.7607533524889557,0.8026533519800673,0.7366768980024602,0.8795839897004936,0.8096419488139984
193,1.3198813060819097,1.1631408061757007,1.0894027879502342,1.0346814443871353,1.198089664263747,0.8298532565724815,0.7762347071449291,0.9339017848823139,0.792011773975384,0.7965382962719476,0.6694632609212214,0.6943631109199606,0.6984741043758822,0.6204550737325921,0.6469273356511609,0.5544515914195361,0.37168743746486554,0.3786990050308039,0.479728979920975,0.5690562023661251,0.5573346155047487,0.5446474027512269,0.5673444631191117,0.4867211943921408,0.6086151776907045,0.776358336316084,0.7256228837526157,0.682351752167149,0.6844433452273085,0.6753391444001919,0.8968069785120154,0.8386532911812691,0.7212974159719094,0.7284075768366058,0.8179702009270895
194,1.0987452479728441,0.8691355619599787,1.1050109581717895,1.1298699874562472,1.1006516054590127,0.7587063585572735,0.7191714305429315,0.8810291798690336,0.7815743356337791,0.8373167801127089,0.5653557635299382,0.6343803680489625,0.6707516666269829,0.656922773135507,0.6290094364859633,0.4803237032003451,0.32997005552671355,0.48783641245372544,0.4721553959926881,0.522852798575093,0.5092472321336559,0.5558434518920712,0.5585316717700052,0.49309527739055115,0.6208835116409293,0.6430657337969068,0.6606418394821322,0.7207952946816385,0.7657590675892565,0.6208441272828181,0.8524039027945085,0.7541468145079836,0.8680023413773761,0.819940513852098,0.8691432759228992
195,1.107031221364963,1.030264877746698,1.0639920779269874,1.113775673350863,1.0408823358786221,0.7661390105729357,0.7198922322748442,0.8877866292321053,0.827336056248481,0.8266797121391363,0.5347422825442407,0.6132664758480508,0.6456119674632934,0.6171588758349746,0.6290335047769864,0.4981512789304628,0.3575195357888648,0.4234469773574769,0.4816822267621744,0.5627893170508951,0.5540215079961808,0.5234635728251705,0.5592834599209491,0.5073726271718002,0.6525580007982723,0.6738831825062963,0.6961192650795905,0.6465854931477732,0.7472251114421127,0.7169455057945757,0.8100267946264195,0.8565757180352217,0.8776320009732336,0.7563890039679995,0.8142627177651578
196,1.2009248218726567,1.09729461405108,1.1320753981461515,1.1171718384470841,1.2509591815587267,0.8855313734188068,0.6861885630908671,0.8797211030248642,0.8496022900927864,0.842491612482924,0.631643298148157,0.6667651892248063,0.5848076608635391,0.6003997679720535,0.6898183947428493,0.5090842688528838,0.3574920991892512,0.392773804708877,0.4911060107313026,0.5449743276361657,0.5353495049117727,0.4614456095679841,0.48752431946673525,0.5441052326229329,0.6775443610011622,0.6503061282794484,0.6673246979467369,0.7326764668509976,0.7420132771898874,0.739200220036672,0.7779000230116544,0.7045313161920961,0.7938606723005488,0.6911868879053433,0.9531916358613726
197,1.1341444582567317,1.192525778717767,1.1819985151158638,1.0903184601844842,1.2348639195210325,0.7528378552525524,0.764165022319969,0.887611471523281,0.7930640418848781,0.9169501746792446,0.673096290300072,0.6672263769066686,0.5848358866747108,0.691726147221029,0.695662572361605,0.4715874487377022,0.3598878520895553,0.3868076252807985,0.42866182281933624,0.5931226268545675,0.502168902764165,0.5087828800264241,0.5091262823010357,0.5127005620347259,0.6582897679021493,0.6099073065321988,0.7117503684983997,0.6877200077912964,0.762324587040709,0.7433173474430613,0.7789673185884889,0.8414211428134941,0.7504975436218286,0.7989920098710346,0.9589097884027382
198,1.3006924858515228,1.1418731645444038,0.9735770319569323,1.2202874834852087,1.1247810421543167,0.9369639466977326,0.7245107204106661,0.8059317421752072,0.9190937234526257,0.8039943426585061,0.7363010734107476,0.6644083561577159,0.5680829109715904,0.6127181489250136,0.5850534793179709,0.5655021292155866,0.36067099605086517,0.40818771104898177,0.47607243767917856,0.5256423405788171,0.5822840249607271,0.4186145527497547,0.4699992320591932,0.519965467014947,0.6025316456640751,0.7816744644737775,0.7045378865667836,0.7056990952338066,0.7114374293078112,0.5827892640089243,0.9729974623179539,0.7546792611016494,0.7517604883038729,0.7793697924123006,0.8388704840797081
199,1.2853725484228309,1.02551068540847,1.004633129991406,1.1465127083233608,1.2111171709068584,0.869556080902729,0.8189558131362071,0.8420302327230813,0.8361904892875197,0.8827843362370462,0.6380525327346664,0.5810907240892506,0.6784948138474038,0.6400840751982114,0.6539901026793278,0.5747493877169443,0.3384093648876281,0.42988502294696485,0.4514452239143204,0.502864963527125,0.552315751077633,0.5087990443975703,0.5162111784396246,0.49108222076569696,0.6927286483998051,0.7322886507110102,0.6098659643428943,0.697526804298017,0.7294694367362624,0.7102244266067737,0.7764711600457914,0.8228739989588019,0.7930416491485353,0.6995887925844545,0.8806748035604706
200,1.1243951226353486,1.1922502320212427,1.1400393225520464,1.101315900699575,1.2703653288166123,0.837056904772447,0.8015908118579121,0.9075173306793556,0.8788539195974272,0.9271555036758486,0.5848302690581917,0.7168742914119567,0.6651581626693199,0.5894056294356802,0.7107056004436242,0.5201589602111516,0.39329445329219437,0.4430316181202623,0.39134897039781513,0.5811112395991935,0.550961993486877,0.5970361091416208,0.5632556291127205,0.4426396946114465,0.60504070135396,0.5946239509463671,0.6166719296014462,0.6786043366046035,0.7592099104890773,0.6537483043932419,0.8754931939058306,0.8441361622217844,0.857609319083703,0.753417192089253,0.9154600017566668
201,1.0530543608808902,1.1767126678014848,1.015079901824362,1.152692112897697,1.0787123858733982,0.7456199815984534,0.7153112925799514,0.8446049519351457,0.7650579693395303,0.8576290453584489,0.5158097600125978,0.6918204002294943,0.6244787430223536,0.6441799415775269,0.5752443239625123,0.4396461001118895,0.3428196933164893,0.3776367472816675,0.4376284720816318,0.6043069390782521,0.4970975870431837,0.5126456035432077,0.5291767861213035,0.474494944734995,0.617884687955562,0.602061010933566,0.6492046412121455,0.7016308588919786,0.770485799805906,0.6592209734714479,0.7874755254840623,0.8656018983482092,0.7685311873848013,0.7445018948574593,0.9168320428062664
202,1.0608460798890254,1.1994664889019775,1.0437195542919844,1.1291027131243654,1.064236992901754,0.7726075114233415,0.7071655725284751,0.8253556657639096,0.8590594143534742,0.7625720982297386,0.5543905318358862,0.7023062741554121,0.618287559840243,0.6507232376704857,0.5313466800885916,0.484276114834097,0.39582211671899237,0.4482995218724234,0.43052968669793695,0.47386603467280525,0.526104167669065,0.5666877730015824,0.532733339467915,0.5052445161482553,0.46973275704695433,0.6443532609486096,0.6594910887053681,0.7118441094047698,0.6761127752071306,0.6040801807309304,0.7926966319206517,0.8132339670127007,0.7311037455934954,0.7057671850349704,0.7665616515182895
203,1.100618595597049,1.3436808887298723,1.1443617923532026,1.120066114988073,1.1442682152425672,0.7894449593755931,0.8329003162129913,0.9190818689028957,0.8586039168060469,0.839498860164887,0.5754681581417277,0.7447755061243172,0.6622486140027901,0.6709548294878069,0.5893053717557857,0.46194784457043375,0.3649134720245568,0.4749001727759305,0.45501239670949056,0.5437174310868996,0.4199671751063334,0.5556719924268195,0.5252083761069954,0.5170335774005363,0.6186853629043825,0.6322079912589096,0.7260830120625426,0.6434551106632349,0.7500983607908078,0.7155951486951535,0.7983332229715826,0.8740829637921956,0.7369733260994723,0.7646644171201066,0.8540681296430583
204,1.1476026299171238,0.9127611365745402,0.9116398921569053,1.084437758791421,1.1271715796293882,0.9217093746180973,0.7325017245369878,0.8511089637138294,0.8742205878619407,0.8801510587324037,0.5665762923674741,0.5389198991506856,0.6477681263384978,0.5960559090676704,0.5751230599529871,0.46376216426350836,0.2928520925090192,0.4112295161475442,0.530567588045592,0.49094237308725963,0.5560849558566416,0.4922790801564164,0.5727772453170623,0.48394351694701015,0.5461851242235275,0.656471681745448,0.5382140489217391,0.6791544713464311,0.8227727443811506,0.6696652942515511,0.8159264193573588,0.81551094519722,0.8567113831829964,0.680071846263707,0.7530804885064101
205,1.1837097277556148,1.05862676620666,0.9928281303097211,1.0836500672848692,1.189418249031875,0.8287495288623196,0.7956430031676385,0.8040031430779955,0.9322699818486005,0.8591882949174685,0.6237753051133186,0.6312335379930591,0.525647276673809,0.6668050634685492,0.5747103949671717,0.4901943202517477,0.3610952387759325,0.435718106873038,0.38703361643480516,0.571126779873006,0.48943601696243716,0.5110102050024771,0.4486388168159189,0.4189131191081685,0.6000343694885637,0.714050193121122,0.6421091633360301,0.6619970627565476,0.7621160456412784,0.6486757028993084,0.8294772127692028,0.838586267655747,0.7054976531456207,0.6379073923123868,0.8115770862439805
206,1.2261881438712718,1.1187121523459143,1.1344453254578193,1.119950430436231,0.9942225259547983,0.8168298055688121,0.8696627309274283,0.9795642554888232,0.8972980557974096,0.8134936237990023,0.6436910949829469,0.66898230281879,0.6325489935936255,0.6271285110179254,0.6129648858083863,0.520503527169663,0.3939879924871092,0.46173967451891484,0.42883643258816034,0.5148889349114313,0.543117323742236,0.592508567809096,0.48823374222285737,0.49989194031376694,0.5354787199522972,0.6647627293492613,0.5813470266286067,0.691325421949925,0.7751783295926955,0.6172354570116444,0.8088419394380817,0.8251807879773136,0.909561712592009,0.7094517966842362,0.789914663200856
207,1.10200775721728,1.0571425795721885,1.0606504683084719,1.1384830701323279,1.071296948932466,0.8513645709230225,0.8478427464000873,0.8744970526754209,0.9026138691518286,0.7955787114815718,0.6448384630254304,0.6322992942109662,0.6558273720452583,0.7280680234495002,0.6141200793984507,0.5143627693565898,0.33441443072043775,0.4095474530511063,0.466736032070315,0.44939128557193586,0.5933694775880388,0.5817011463779423,0.5049210932155951,0.5385160072100117,0.5982356429951083,0.7096542681133728,0.5840174536631815,0.5897657570693933,0.7823506783344987,0.5918496891902236,0.8915972277270776,0.8700101786811426,0.8099910450250736,0.7023455578513481,0.8748168433835881
208,1.268716653425567,1.1209364957890795,1.1696589372680555,1.1231510191452214,0.9632876360452179,0.8522947833031322,0.8740349642772092,0.9546085571589817,0.8459551511697186,0.7555277077357819,0.6156617008860543,0.6435253673286532,0.6676919246985289,0.6020960621608502,0.596631390778761,0.47484654568481505,0.35313083264757394,0.4850098753024973,0.3956217596744891,0.5009630841433221,0.5312164620807333,0.5713205948523565,0.5044977994918691,0.510526961492151,0.5788872423398281,0.6712472554360215,0.5293921335494793,0.738784304672649,0.7698073879076471,0.54189576793632,0.9106019091418399,0.749140900021263,0.752943386861291,0.7644546489655942,0.7252690306265248
209,1.1861735825517732,1.057166290881076,1.2659935915998604,1.310599848852878,1.2182896086508925,0.8687176431134374,0.8791726409975388,1.0597257073743127,1.037278362674265,0.85818627144214,0.6764177680012451,0.5729239055209927,0.7037540200762032,0.721637480887003,0.672292352765318,0.5224674342455906,0.3571278491259062,0.5103855676696334,0.46418165838451725,0.5587734378000954,0.5148241190491607,0.48787029248330016,0.5629656492132602,0.6223085139558949,0.6194377514817845,0.7374070797626859,0.4600993544464692,0.7401591423720401,0.8694012742788768,0.7175758263189195,0.7875662010741059,0.7490218441192649,0.9798775088718555,0.7846565060365258,0.8708673599589796
210,1.2043725879041651,1.1945568257838903,1.1331536421188702,1.2118824300045128,1.1232405187750465,0.8589431450045886,0.9438711304841993,0.8787803476916844,0.839198338977487,0.7290332885384979,0.665235506147065,0.6822616639303674,0.6022068402398915,0.6416711102251994,0.600044676045588,0.5227510937235931,0.38829984862701405,0.42473166948337615,0.5049169755410304,0.4766959250951174,0.5721744970663045,0.5530687974782347,0.4617393406054934,0.45733956754602495,0.5900365689692222,0.719630689812635,0.5427512360780562,0.6855489789597546,0.8086387964976528,0.5993033263561511,0.8901811921714043,0.7544501987811079,0.6669328194773272,0.7623207936907183,0.7261622704644184
211,1.1514169749342678,1.1505236919555792,1.040755167123125,1.2319509901707235,1.2596945331999472,0.8133911983663796,0.9681390363348519,0.8759714599678919,0.8963177194859778,0.7582357851089747,0.573161774260469,0.7623989153018802,0.6897958467381673,0.6480902076452962,0.6595922877867473,0.5451957274632884,0.4285219878506549,0.43502175178511127,0.43262442142571667,0.4869621802489865,0.5242942067075076,0.5837450654738128,0.4789038300559696,0.5083514949773567,0.5981464228315019,0.6743885026011074,0.6332156347152287,0.6597558803485599,0.7713142058565157,0.5949208019053016,0.8203024916040353,0.8354772197288973,0.8358124775968803,0.6862309528619475,0.7689145876838033
212,1.1557040884429681,1.0676685701139448,1.082032025852329,1.147581683615135,1.146501079670342,0.8737288856722719,0.8052460716860934,0.7945609853459185,0.9040011297740063,0.8438190885344685,0.6087951428155156,0.6771712993809952,0.6208931424552802,0.6266003303327872,0.5709297528466561,0.48385693775355576,0.36986174979469877,0.3938951888022506,0.457472919382633,0.5030455105253662,0.5223430061118646,0.63318475157959,0.39028313286755834,0.5183664311485023,0.5306756902555775,0.7686501959000897,0.6212196664339382,0.6938580056327284,0.7598516525791277,0.7282293052687281,0.8017926175060542,0.8020796166016675,0.8650410723871143,0.7045942349276518,0.824837014019197
213,1.0718333714341075,0.9228270821643869,1.1232758295765521,1.1929118526848121,1.216213944499004,0.8329631518849705,0.7432308789927788,0.8596064438797981,0.9199836662476419,0.8989552862166957,0.625359252740153,0.6312759351426966,0.6479703604997298,0.7002203530790211,0.6523857713282926,0.5034387630816576,0.34232510998884236,0.4354643323186731,0.5217669618222547,0.5382965280868958,0.539485382410627,0.51029743700309,0.4296162212608948,0.577760229419424,0.6119820984088766,0.6539979271195886,0.5199857058695774,0.6337409201366279,0.8178501166151784,0.6261021902355923,0.7898676431751799,0.836862396503007,0.8635771995280612,0.808180240325568,0.7566571050081408
214,1.0729218522565944,1.2308978794420486,1.2921595578664204,1.0519364339743262,1.036072870250244,0.8001621256931377,0.982733106091831,0.9904594621020231,0.8338429229356651,0.8112104778131979,0.5891528954833267,0.6930741561460474,0.678508573004569,0.6173113658003293,0.5752626208382758,0.4948303917888166,0.3904949770743141,0.42604825456147044,0.408404910259604,0.5151838612242509,0.5283773062146194,0.5900949230258787,0.5408497277110773,0.5457505063784062,0.5184723613915145,0.7282693939282798,0.6643651409902266,0.6947249542060416,0.6901194065553324,0.6220715287313435,0.707519525085025,0.8357950885609163,0.8933540414929008,0.661542426666603,0.77063126377658
215,1.1367621658665392,1.0720686767306933,1.1413651818747264,1.0994388160842101,1.1803687825610123,0.8656280167494091,0.83907360160735,0.9334591674033306,0.8880584224631634,0.7591830700534771,0.5991765756003198,0.5612108118567631,0.6779912199454287,0.6668946620221338,0.6368303929269534,0.46430029930475825,0.417510220752622,0.43768416464150506,0.48188270573745434,0.5720810804540107,0.4387930348954274,0.6056761746887109,0.5116579056214587,0.581791700636088,0.6630460863845952,0.6790824271924228,0.6329893985194661,0.648685030661413,0.7522083194019207,0.6524239042219442,0.721812289870831,0.8669654559592885,0.8111256459855257,0.6984735554715926,0.8379354312666647
216,1.239656240374627,1.034361139474667,1.2267185223874044,1.0057974518327355,1.0745372662458386,0.845290714581236,0.819672730594281,0.9551595751157627,0.8565569138000421,0.6657107531248015,0.6934880079543082,0.5873721518628778,0.5977639900355354,0.602121300428482,0.586105775800084,0.5307159400467164,0.4154372989953843,0.45606845520973305,0.45416574249314423,0.45839313865429404,0.5407606968650109,0.5254663733935087,0.5260898417611652,0.4515291710341038,0.5720857453908348,0.6903872082348793,0.5688498121394435,0.6362952754544094,0.6335540137766987,0.6253766677288671,0.7719192916197001,0.8138750480583734,0.852074458001768,0.7009680757981142,0.711881860475766
217,1.261452517076254,1.1494470254451699,1.1849268202835899,1.2170591975971297,1.170548714047252,1.0104724935817977,0.9020645499423192,0.8982949609218049,0.9461021114966346,0.7147014213072337,0.6716473000590212,0.59671847325274,0.5965354259543647,0.6942517060577227,0.6070807272483016,0.5910242912147317,0.4220419762559071,0.3387276970785147,0.5126420808398922,0.49198218813914335,0.6027188278382529,0.5604401965993219,0.369197694469345,0.6037444507251405,0.5884537539189958,0.7283972940976473,0.5048711600195259,0.569375068649006,0.8242793024534636,0.6740281616621402,0.8395922572723313,0.7229139759244982,0.7425642513330919,0.6293361478334627,0.7854809581669913
218,1.1100409894596628,1.1218337669647476,1.2065001503064061,1.0830251078407107,1.1901528662693441,0.8303267302039259,0.7641107078437688,0.9356977545570782,0.8996424836324479,0.7885536402787762,0.6322730122204193,0.6410925336160114,0.6915799453106185,0.706241486036504,0.6451878769132808,0.5019404976789574,0.42604157648893876,0.4271685720068899,0.42799849758945185,0.5772252970847958,0.573244769033737,0.5690270781820175,0.522691942086293,0.5531582012910314,0.6018703265036061,0.7601239401215623,0.5823236832054011,0.7150558104915337,0.6969243845297486,0.6594399674132541,0.8124747121042099,0.8279972658147216,0.9495086538032815,0.7903749406288172,0.8176482761639146
219,1.131264834987021,1.2648771496290658,1.2090376396717994,1.2028823189918674,1.1045569984502572,0.8155826742722657,0.9012333942010049,0.931701896808727,0.9844381007987618,0.8356977393594532,0.58429928807558,0.69268685344299,0.6694027470901107,0.5791523467657689,0.6270553947214086,0.4701954700384747,0.4364008923097076,0.36994039005925705,0.4993296238536434,0.5019754861523144,0.5838814440510718,0.5736263820723941,0.49481171014258374,0.5738173739309378,0.6043569849135126,0.704181852665042,0.6175273393070637,0.7055876300133304,0.7466757874260547,0.7119254320210027,0.7431328393014627,0.852100373338721,0.8674357803130059,0.8030334196798479,0.7952004348517414
220,1.2038722102257797,1.012366709273463,1.1503524836699344,1.121130629608138,1.2538507247088022,0.9707556203361605,0.8690329253622305,0.9009562597005699,0.9489481091540422,0.9275367013985828,0.6855856816558494,0.5911185952228541,0.6652579244001755,0.6487325627461713,0.6807632683695993,0.5857525644882939,0.34480613491465795,0.44488154450182926,0.47325234727774856,0.5729942575119129,0.5730347236706028,0.48265655025856735,0.4726964173187208,0.5765387657116775,0.6310352858191441,0.7310386333967017,0.6003602965232739,0.7327052824472623,0.7196679249695566,0.7507497660474958,0.7820833319398826,0.7619726696255972,0.7929059237768337,0.7820532133106577,0.8447880514708226
221,1.2487611934727325,1.1366731121785871,1.1147909683305186,1.0428634084415378,1.1519068346612724,0.8969322489649063,0.7602739546670314,0.9109255042548953,0.9094146585581954,0.930702720779006,0.6755672151537524,0.6250492241235878,0.5912003276978616,0.675193137802859,0.5888721109936754,0.5597192849239235,0.4203395345038856,0.3814223268503796,0.4482879908664691,0.5577298924146032,0.5782140173912248,0.49502433212245756,0.5213758621296014,0.5142939638780342,0.6186822342485172,0.7277838549909934,0.6206321419042614,0.6271726554128152,0.776314372930986,0.6718829997719725,0.7786474316183426,0.7312961955956148,0.8236658174938161,0.7981616087477396,0.7751135599694616
222,1.1103036520119627,1.1697663819711495,1.105436821934712,1.1361708436093145,1.1405541475383496,0.803442384216625,0.8775138899413277,0.9665642519272315,0.8906312111976867,0.8806483395558908,0.6885060397056382,0.6912373910369733,0.6598346490922095,0.5935135284191899,0.6029818830292843,0.5211967920677469,0.41926128931297324,0.38113679023578984,0.46437872287832704,0.5056034139685498,0.5334871797864458,0.5231256042705823,0.46906109212169966,0.5218195420407553,0.5742587604167831,0.7013462532037181,0.7453553256603265,0.7138061301209737,0.7816005479087736,0.6152949184493774,0.7530595517437201,0.7762672789826004,0.8406069938366254,0.6664545691690913,0.775143456365029
223,1.0863480527343743,1.1761685869176146,1.1536341325386514,1.2167315408252204,1.1952993581249205,0.8455616027130015,0.8572482105857634,0.9539072891557188,0.8286961265325457,0.9132158440113174,0.6338619995405705,0.6589976184819815,0.6263786594599565,0.6526031645565634,0.6443635484566907,0.5311726320891048,0.43495361279692557,0.3855030890023701,0.500159958051663,0.5500549266512862,0.5187567414181975,0.46192833682349316,0.4753578019454672,0.5460443405350119,0.5299459172285607,0.6821061076582531,0.6229559396637312,0.6771200048139486,0.7678834726376982,0.6428588518727996,0.7606952742899065,0.8806900325778978,0.7820269328571626,0.8161262589677,0.8273032369610224
224,1.256050419983032,1.147959968134352,0.9207190451028676,1.2399110624989356,1.1276910257217783,0.7639570885168013,0.749613450752814,0.7868200753491301,0.9521132748076063,0.8489379934927017,0.6540301903345067,0.5412468349630902,0.5746021940468239,0.6858786949005085,0.6337721546059507,0.4843936829035787,0.40707825810001924,0.3458243068147028,0.5423185572119591,0.5154057759308263,0.4904462379007869,0.474950661620951,0.44042069145273677,0.538209114277409,0.5057852531820126,0.6731717626590437,0.653043145815186,0.6240751829658707,0.7652780727034415,0.6544399408298167,0.7580135123137915,0.7803946111761582,0.7677622751052422,0.8688987593507325,0.763479813534458
225,1.2788890553712022,1.1685686400751705,0.962281333797738,1.1488520634264032,1.1604520447819022,0.910197413200837,0.9506652082391607,0.9291664026069244,0.9027358519063003,0.7754226225923226,0.6743620859251699,0.6778231849827062,0.6353703682621105,0.6881551315752534,0.5432844462908177,0.488234991675479,0.4420301188670367,0.414351792129857,0.5205972707093313,0.4881299736463173,0.5568834979601149,0.5670772164818991,0.5276308018528992,0.5323324409266104,0.6136258273601505,0.6526540993182425,0.6423465305616225,0.6956947217542598,0.7861577771276638,0.6857023099863988,0.824337163074147,0.8256859589418466,0.8669206794108487,0.779170717801588,0.7759941527665717
226,1.188681602394967,1.2380714478307575,1.1064409854688444,1.2002918657591373,1.1006099506858358,0.8383771118402521,0.879629003181456,0.8732246516664183,0.861365870586301,0.8494937299810016,0.6664489762490144,0.7143302920054049,0.6260030809647334,0.6834863599085022,0.6144196035043836,0.5012941453724513,0.44648922134784247,0.3798536596295496,0.536953409167748,0.5250576089681053,0.538352079221539,0.5088165802997356,0.4921687369047285,0.5664988766260527,0.5442937541177519,0.636658113870112,0.7337051487650388,0.6950302845933187,0.760036969311386,0.608598460159127,0.711743664455517,0.874872861665096,0.7744082918637023,0.7920439457900678,0.719865368127679
227,1.2003499680639336,1.1781892325169196,1.0876799085353503,1.1348888386679032,1.3796466081089167,0.8396646946315055,0.8324009856353034,0.8397718276259185,0.8549552183475491,1.0230231985586973,0.6134955893343308,0.6227759737700087,0.6121298182392283,0.6613663446277681,0.789600219389681,0.5499996979818644,0.4044833213058254,0.38450636743331223,0.5127971453394929,0.5308983152372404,0.5207414206505779,0.5079058183580984,0.4636859790862602,0.4884582704920107,0.6023882175549005,0.6688103224351725,0.6920692745759739,0.6931624969177884,0.7451480618307837,0.7099755071851137,0.7466939553024603,0.7933118552755629,0.7216289603189934,0.8527210218873414,0.7596394235891193
228,1.1963498838538924,1.1192785083348575,1.3162571201591742,1.1112091586788977,1.0977156823622247,0.8567277796921862,0.86417929418398,0.9764398520244533,0.8539764199541382,0.8327972787079538,0.6208291341217085,0.6450084807297859,0.6783172523829949,0.6080651697495734,0.5899830027042722,0.5214212327860611,0.45672443798106105,0.3951963005964023,0.5259471531879125,0.4760836619732809,0.5605330596356257,0.530054495478875,0.613973866884626,0.5618041620862202,0.546542568951411,0.7066658376431552,0.6641480987640176,0.6699896633819491,0.7966508125704421,0.6278161859593463,0.792392044325806,0.8249679274116941,0.9127206838956226,0.8424490629238307,0.7647354793703423
229,1.1343738605897604,1.0647428952172442,0.9919290868699466,1.1179179093296632,1.0926491809987273,0.9464398864667797,0.7421820105870857,0.8440614351901299,0.8650747846408176,0.8690852927542817,0.5915875313621746,0.6011159713578313,0.6471885414472618,0.591804368093243,0.6463294751892281,0.48689942716210266,0.41201301594398904,0.3820181099353891,0.4851028289005978,0.522587568910616,0.5196129606220541,0.4536455061005701,0.43434314743676067,0.5384773638508606,0.5623658884612177,0.669022925694322,0.6625103724233598,0.7049919773660577,0.7861930389375229,0.6073899278835251,0.7416779458758528,0.7370785422136109,0.8211195806278715,0.8074168030289524,0.7019444846951959
230,1.2541888936818206,1.0893522303185375,1.126514516467977,0.9898644161406301,1.1435909479533226,0.9370233769559664,0.823635356596582,0.8565846874028543,0.7745375396580556,0.845364855078315,0.6709912691864842,0.6703893420458321,0.6364734071052205,0.5667820717600055,0.6674688685907809,0.5402341149008604,0.4010805069283543,0.38545713505084844,0.49291872288365646,0.5709286337651795,0.6002795115395332,0.5285549554305645,0.5583882288964899,0.47896210579861814,0.5938722492464812,0.7451629965934747,0.6824138890975098,0.666308110566685,0.6693528244195477,0.7302012042503555,0.8494106482277971,0.7653133375717351,0.840160990927606,0.6810906211869618,0.6967376322893493
231,1.0741395874203048,0.9988260592360312,1.0679215493590102,1.1802461781982152,1.1327673529050253,0.7865568465117696,0.8171586026405737,0.9296354710807025,0.8944399766244752,0.8816795252469121,0.5423663220626597,0.6010257268809929,0.6782577280934814,0.5644911482852497,0.6345483028659392,0.42233479928007145,0.3809582468336239,0.416405692352786,0.5043915967165338,0.62480024576095,0.4875442026776793,0.4828569261561009,0.5268460499405667,0.5354835034607641,0.5383642793170569,0.6720530850548143,0.5913058206996915,0.7233931747478468,0.7821189170737463,0.6408638277218807,0.7546639491189201,0.8533379378697992,0.9028792250824995,0.7430488788716114,0.8348715272905042
232,1.2654050445185105,1.0543484920043775,1.0396554128563649,1.1553587489774388,1.2637947152379807,0.9362621923451817,0.7942285365258009,0.8453543459860405,0.9131499188968355,0.9317532097433745,0.6639344427092282,0.6600788337236407,0.6325546694408752,0.6689114260269605,0.7327907730271155,0.5099792808746456,0.3845448480598227,0.36292762195540784,0.47972008211701334,0.6369508810381709,0.5521762219420021,0.5031683720592757,0.5157157600757399,0.47562651095870906,0.5892080872467191,0.7340682818324595,0.6035426979831846,0.6100480190468516,0.7573064037695332,0.7416563791486586,0.7564482830815598,0.8473568824240807,0.88355037712,0.844075694848319,0.8355012858649697
233,1.1215919904388243,1.0590159776877712,1.1696808369117346,1.062060410741826,1.1785550762423167,0.8238590428408611,0.7689860718660814,0.8895922112581935,0.9203383149855895,0.9230816112637501,0.6280248365695577,0.634737263963066,0.6601936376494504,0.5952445821123237,0.6787218697596613,0.5164751545830953,0.3986692065380596,0.38054210854530374,0.43954511886900227,0.5561321224139604,0.5064583589598592,0.4584719968272101,0.5433561962973759,0.5025386712560156,0.5699014729551302,0.693068602352883,0.5804722748669592,0.6450564495117833,0.6884748465578834,0.7331416951679501,0.7646257137467805,0.7618642578058858,0.8560376548846864,0.8208249729382439,0.7545621689715825
234,1.26869444913207,1.185985502768751,1.0754862480222613,1.130589149612352,1.0462858356889704,0.8358660823499484,0.8338869559660871,0.836740208558296,0.7728583872514014,0.8103834354961772,0.6576061365019465,0.6523600840568028,0.6212627824754452,0.5629401470496209,0.6337227197267399,0.5737351055743904,0.44703417491266706,0.39395499674597156,0.4540596453133876,0.5167750345061446,0.6057174283855177,0.510817637118184,0.4920988616661234,0.5210693617826165,0.495604463407032,0.7408840823785259,0.6253441961102817,0.578838662703592,0.6710035718483179,0.6201229086927647,0.7888458955062695,0.8644697353162707,0.8228796526462803,0.7548626681403825,0.8073888588296773
235,1.041509046219928,1.2573047632003367,1.1459287195480503,1.1034649642315335,1.11856458239166,0.8010379575025602,0.9433046444006057,0.9092073502220721,0.9515518598873011,0.9199302705337215,0.5298735092391592,0.7121769794852064,0.6452359311970131,0.6056850152612361,0.6597127288236663,0.4540169365061713,0.5347787259954555,0.4444403008604005,0.5152952465804714,0.5573636125936372,0.5054113033974952,0.5847925661234434,0.5207326094494829,0.5299515910148209,0.5543374273700736,0.6872104441598763,0.659259330433855,0.622175711834732,0.7578480020093046,0.7006620040821905,0.7467144993430629,0.8209635368964916,0.8302810353911252,0.8907035294926157,0.7133114422088235
236,1.052173480947713,1.1545215380887135,1.2573884519530625,1.0180169518381412,1.1209186392211556,0.797461638851934,0.8553582137871012,0.9598032648485225,0.7902531773022733,0.9385054422704104,0.5825362529288582,0.6796168075728084,0.6244075032054878,0.5740320817074651,0.6378814570861675,0.41213669406647263,0.48292695587451195,0.4425389715204141,0.41216964857358085,0.5935168962573034,0.46888453565717253,0.5347669792635261,0.5755544173189769,0.4123279018804482,0.5935606000740672,0.6267737936231861,0.7089858290874316,0.6868171444545665,0.6668971155065321,0.6066134085919501,0.7382427289413676,0.8171695218395607,0.897129998134564,0.7032283201367571,0.8025984737982614
237,1.143488846611615,1.2594863451783098,1.0611429803726393,1.0414407290728214,1.235789720026089,0.9391202371794218,0.9760782308116468,0.9109176309981997,0.7310971031145038,0.8860143430437277,0.6588395567359484,0.7159974130969797,0.6184486463171057,0.5730255354863312,0.6369215245067874,0.4702605938604626,0.4968918191787057,0.3533039003020449,0.4307791663156535,0.5063842506612426,0.4854280004839114,0.5697945130029438,0.5394257357530137,0.4792355809304119,0.5436942566163423,0.698106582862178,0.7785695868320817,0.6304773780132011,0.7668800068978567,0.6122065749739354,0.7537619225516395,0.8627141016476425,0.8587707293055459,0.7651505390124869,0.779821079019837
238,1.2392925618670259,1.2675546970206384,1.1527530805124533,1.0931233926994306,1.1450983994846364,0.9345213326638044,0.9694098620782974,0.9489909497406577,0.8688864310565475,0.8157715336254738,0.6652426949604539,0.7103323112353014,0.6508710712940036,0.597067862900265,0.6735101301356209,0.5152603313169496,0.5127445651829541,0.4028692866183521,0.48273262238025777,0.5572037923780879,0.4808384480532687,0.6159688112539553,0.5556556361105184,0.5203518719930715,0.514617169207612,0.7200650970848231,0.7340160209008721,0.6103063416229975,0.7494297519093527,0.5787122568633365,0.8448111960260472,0.8831097485798689,0.7979944652885803,0.8147267448787248,0.8264889458245498
239,1.314195047707599,1.2813152529141703,1.166965955817932,1.072605228135045,1.212001901100772,0.9423102179241046,0.9283589886066622,0.9750575607671703,0.7936812335509845,0.9214172850881661,0.6887334196481009,0.7887628571239704,0.6784250985169779,0.5601280082994973,0.6847163188156947,0.585670076915394,0.5569054221617125,0.41793665488415366,0.3426133927938916,0.5586484774836141,0.5813360138312071,0.5906862560839938,0.5752776983100393,0.40426909348214224,0.5511069173543166,0.7239685843582812,0.7711222458151565,0.7470292733908047,0.6391598566470602,0.6558409165105243,0.7681399511296493,0.9141173792937775,0.8576322638320472,0.7700389359141423,0.8375483964114907
240,1.1402074032438811,1.0880868521846794,1.0408400049289723,1.096993233750697,1.1849514892767126,0.8254753664073915,0.789452728785609,0.8459357171257875,0.8377931641083263,0.9064312738891996,0.6550367147275526,0.717645501648936,0.6179422278294273,0.5604629396001899,0.7190754814630158,0.47723035920849066,0.4207485294088519,0.4327947551202673,0.437542343279189,0.5199733270861311,0.5532972125774882,0.5086721078197577,0.561278589563109,0.4631400180090329,0.4998332594155085,0.6614363251136217,0.6237672961414606,0.6808831813480105,0.7321069861666927,0.6418596331843301,0.7904195699236757,0.8305843039831706,0.8594107015150156,0.8552645607422864,0.7687369597358982
241,1.2324478909053687,1.1629118199107644,1.191236698406661,1.1083043816283573,1.091621052512318,0.9225249539432498,0.8755992227673768,0.9144814983950353,0.731497986548791,0.7350431900234271,0.6483150282181926,0.6854550047291974,0.6500131683067071,0.6155766750298398,0.6510337894317986,0.5184256193967194,0.5313141555427284,0.43498840605577405,0.3906063248731762,0.5527687819295338,0.5600877342116657,0.5509012010982717,0.5274568379429754,0.440809276404571,0.5189902691717297,0.7798896768263522,0.6719055849578512,0.6214484918909602,0.7305116848927762,0.661109178798363,0.8556295523323156,0.8284794619254638,0.8117120881901212,0.837118170853669,0.8014816180938776
242,1.2259269555038566,1.0989776460674445,0.9920336772963549,1.1743650655196303,1.0775729861205643,0.918761777577127,0.8257042780662838,0.8145301264426047,0.8659707067830522,0.8869240702179737,0.685480869618493,0.6781476092443868,0.5659788623104803,0.6060681780865519,0.6484865515192865,0.5675923141097412,0.4341150784304808,0.3817536131914235,0.41901312888948683,0.5943820701623179,0.5697259191582682,0.47730679959728306,0.4622196123105633,0.5054285627574888,0.5374033742336229,0.7294768986136448,0.6839127983791067,0.5379089210117997,0.8196002542235956,0.6428965003249554,0.864003715693517,0.8655196372751259,0.7454558731198428,0.840921488782006,0.8326710615432662
243,1.1841308133612223,1.1643217672130466,1.1420648069724264,1.0190211003691192,1.1489536860355267,0.9234515113649292,0.8688528574305402,0.870539385317158,0.796835254075978,0.832129036363362,0.7508496264443443,0.6872212394857633,0.6289918831313257,0.6021352151006327,0.6663773495059717,0.5583862864936189,0.5230066918605119,0.43252825690430036,0.3298538185289515,0.5672884067655588,0.5588130011176227,0.5044259387505657,0.5178708432112165,0.49361749737756117,0.49359559776015094,0.7649607732702839,0.6835255303160218,0.6450925035179496,0.6689302343103009,0.7488483003889777,0.7726965216467065,0.8497793102722389,0.8111453363100903,0.7470627957842841,0.8014699190674852
244,1.1649089453428327,1.07452925968276,1.2117548210201083,1.0901057005553367,1.2096804824804614,0.8587057022523736,0.7770530620449789,0.9178658913280067,0.7974758321596324,0.898952715849916,0.6251279690685319,0.6562108421926959,0.6061310781836275,0.632187359604766,0.6846393243432382,0.4992756919367012,0.4722877158446942,0.45757287506627065,0.3774399210723808,0.595714075615245,0.519105468329722,0.5339486542326916,0.5447732731468866,0.48107961055817716,0.580397764822122,0.7238280679645803,0.5647100436609154,0.6894747606463392,0.7011757881034149,0.7590481418747766,0.7607560535875513,0.7708863720229207,0.8276473409106979,0.7544852810282594,0.8270517273578722
245,1.1931199427328414,1.0324726778342848,1.119052490193447,1.0881496819731389,1.1034958313951306,0.9182716256923409,0.7642629316248974,0.7869785956054545,0.8436927114075758,0.8125918640210819,0.6452980743070476,0.6430613595814457,0.673691382324229,0.5281379744598358,0.5874601671244027,0.5095385738105678,0.4449220076602425,0.47277185298098867,0.3681746084442799,0.5340217735956656,0.5819533053733195,0.49849138249202174,0.4895640309679976,0.47146183898249916,0.4775459981603545,0.7143929157144774,0.6489804753201278,0.6758197718937302,0.680109254050095,0.5940286251397711,0.7744211133302448,0.8048074802865195,0.838518576098052,0.7231270777599976,0.7507789455402771
246,1.1159153168302527,1.0321370600162458,1.1271406746386958,1.2338443590107266,1.1816373932925464,0.8931583906036836,0.821172845305048,0.9350818390209068,0.9259396422337622,0.9285604790356599,0.636312264394891,0.6239788940682698,0.6300912085287629,0.6566795239922333,0.6772350753085343,0.5008904240886687,0.4650090571011207,0.46959816136410804,0.4679022402113967,0.5706660312574824,0.4707821223799006,0.45977304925344886,0.5290530464659889,0.5512674998215308,0.5098054798413181,0.6612788656810102,0.631658213476306,0.728044908324006,0.8006528854121722,0.6241159637410083,0.8312861679727952,0.7206059057841643,0.9194448797101953,0.8342957616419848,0.7511092577429566
247,1.2944864188209708,1.2165098936379006,1.134419622835956,1.0516810487930301,1.1623018485942562,0.9868477974469921,0.9028535174437609,0.9650658546622399,0.8889838987058918,0.9111276330911182,0.7528397768687549,0.7242934050631264,0.6722426401619035,0.6312702370441478,0.6422133137828752,0.5771888422530491,0.5293700868071999,0.4444017738767671,0.4396789922915276,0.5557031257603828,0.5662215772600581,0.5239953002975362,0.5409609008782964,0.5366378147042072,0.6095698406226276,0.6899984241308796,0.6853468466055513,0.7363042597276714,0.7065207798732795,0.6889370203369443,0.8516701831597744,0.7571225823370547,0.8632111132152693,0.8500149169222395,0.7233043234581186
248,1.0965324474623392,1.1946041894288713,1.038152299279292,1.0840651622833208,1.134566704592994,0.908995762879918,0.8857884052116247,0.9600502090320902,0.8369321672052081,0.8495565072416678,0.6512504518490099,0.6605404677824166,0.6824227271219355,0.5577396052089196,0.6987867537556187,0.5358747121438117,0.5197328650510483,0.4564723993617485,0.3821556470533589,0.5010999095160877,0.5984514639782399,0.5765066771550702,0.6149957638475971,0.4980952323065793,0.49402946660928515,0.5860385164736274,0.6724447070448272,0.7065841986031155,0.7560984421018508,0.616032089968737,0.7210221666564026,0.7512398613611172,0.9457447087713715,0.7246423229474357,0.8648466409060753
249,1.0952728766914062,1.1483933660666357,1.0708676362205996,1.122689066051255,1.2422826087607843,0.802882304652947,0.8501139727953032,0.883379987935725,0.887126441164204,0.9538829314178758,0.6601702384334889,0.6525245248101149,0.6366986793599174,0.7017621945495762,0.6746766992219085,0.48950962489266175,0.49859926951411593,0.4730347616484792,0.5050887460221989,0.5540873601490212,0.5666626820486977,0.48133070939339984,0.5285077531998654,0.5928235641992464,0.6084544168433126,0.6939293659822283,0.7068176636797416,0.681435440577019,0.7750626923141782,0.6977268538624761,0.782469421980142,0.8367332338425235,0.7728378868359432,0.8484847390795758,0.872211893827102
250,1.0845704830170093,1.1383832110620418,1.0902801338902748,1.0058792940410513,1.1107649917143727,0.7815480907501593,0.7918691777829819,0.9068461538712427,0.7933497121706546,0.7984502498508499,0.5826106752657836,0.6275870015865641,0.6190861854259659,0.5299087412256198,0.6380716377443012,0.47451780250868847,0.47757371487494105,0.41080285368949293,0.42357001673472144,0.4952700544264784,0.5621084963358596,0.4647905849546702,0.5503582993906658,0.4914710212945213,0.49474847705839364,0.6534778078134922,0.6485614711444347,0.6370582540777845,0.6122285261627542,0.6492398452330208,0.7163056882142377,0.8310512585418818,0.8460383124213379,0.7760144017280601,0.8201496381200672
251,1.2438234322195751,1.1396884433754577,1.1173765941053446,1.1744957389638708,1.0520115292321082,0.8943479896921935,0.917957645496552,0.9270188484292315,0.9523852153091135,0.7984714682832638,0.6633633050676486,0.6575049845796264,0.6249339252619637,0.6579261458883361,0.6735692808315037,0.5312150162441603,0.5208618798538165,0.36991721617834206,0.5442418909229694,0.5523297044709882,0.534794122223335,0.5194516075806248,0.5202101108247383,0.5540696055236468,0.5231938563956648,0.6617158333727657,0.6818714930418558,0.644424834254929,0.7598630497358152,0.6047740993390757,0.8978082749387586,0.8802584301692862,0.7799341320090081,0.8456615701571775,0.8017854999144194
252,1.1827333482666411,1.1344272210724187,1.2483476202977053,1.1593415016697461,1.173290917165265,0.8606931498753264,0.8070872970345745,1.003821168006397,0.922361095318984,0.9006368431409447,0.6289464270105374,0.6263968676454981,0.6813186934366413,0.6617429278728649,0.6778183733163703,0.5619126223665585,0.4564147726075567,0.44067092650645134,0.46281109428957357,0.5496409364116227,0.5200732916597226,0.49479229020198723,0.5860606168770683,0.5375241851192183,0.5513467443391478,0.6398623247900825,0.6614875766574053,0.7930755281300501,0.7907900107193107,0.7032384735087922,0.768669559948351,0.7780631601221608,0.8815861492090042,0.8749967471248894,0.8838832493593167
253,1.1773569184606711,1.0890114057866391,1.1316465684848738,1.0543949684763376,1.1675843918021578,0.7173904620318112,0.8118723467389289,0.9271896756805149,0.8235378811424499,0.8191432856172645,0.5804181729658426,0.6318039909871407,0.6898199432598187,0.6295659295118698,0.6813047849566449,0.4935466652296927,0.49155355837706854,0.4389780989846161,0.4359486954612524,0.5700589655644039,0.4973435888678991,0.5373412435287672,0.5666463274214728,0.47088127716083306,0.5609599003580152,0.6473288357295426,0.6663416431675677,0.8027654593063459,0.7091408667871932,0.6771017023787902,0.7631530756885276,0.7396113671488213,0.8568445227326197,0.8491444500716319,0.8132592908197097
254,1.220745172440153,1.1131023414132293,0.9775489628605272,0.9277448985985726,1.163668187034762,0.6581670772671425,0.7784303949064075,0.8306837009623464,0.7624242819510378,0.8840826006036906,0.6486196559038389,0.6464327058804995,0.6067810965836191,0.5088164482588968,0.6927139686316757,0.5161904006088379,0.5284011648606173,0.4288893822009737,0.4450668352036592,0.5614878171367946,0.5429927253105236,0.4978700418974046,0.45795931467438455,0.44775903188914745,0.5796721216263021,0.6702274183647345,0.7357537682402446,0.5655405652747773,0.6928299269090004,0.6107366625904009,0.6780023401620491,0.8288283136243088,0.65521791658912,0.7204798140579993,0.8514334318816363
255,1.2150877810951835,1.1548540627217145,1.0937034004456423,1.0274719433646393,0.9512421145477864,0.8548114252842978,0.8005855867817772,0.9016753127582106,0.8516724075118237,0.8300169189720855,0.7344880371606173,0.6847872271117725,0.6146731348732846,0.5772930516504923,0.610662783956203,0.5524468286142543,0.5594847559141836,0.39775562065978254,0.5104538211521242,0.47728373326490836,0.6160901944442897,0.5006691312906972,0.5319209515160633,0.49603006510033576,0.48141260401515384,0.736198947334471,0.6770290472742382,0.6628855175880926,0.7472337270815163,0.6448405475847387,0.889471637634436,0.8328036794079026,0.7368389210648087,0.8827987481685913,0.7162227611279912
256,1.2385399804633765,1.058726875373336,0.9384135807574894,1.166408807409594,1.1315391119649554,0.8838264575128068,0.7471519071150418,0.8486879147963653,0.8813119601046231,0.8117813852973188,0.7577726787026571,0.6356551582891294,0.6429580272727559,0.6613826162818923,0.6564843284921277,0.5611423202870168,0.5144351377440217,0.40053752674322673,0.5074401752106321,0.5612170209612672,0.5402598866006567,0.49113397580584073,0.5190194662632561,0.5055742005007727,0.5180039789813191,0.7306259020704722,0.5978355466906939,0.6367850003554858,0.7321520656251735,0.6342195398180472,0.8352454334286221,0.7242082217607628,0.75769461548599,0.83587052852046,0.6972831988604649
257,1.162260002988578,1.1989591718307635,0.9715860497181362,1.1131679532139267,1.217974828173353,0.8789250088410259,0.9399954060968398,0.812471525695559,0.7786644949345645,0.9009574504345039,0.5570328217479161,0.6702934957021413,0.5872185346314198,0.661115110554925,0.6903051855712516,0.508342940773685,0.5046162884781527,0.41731211616594865,0.508295272303882,0.5618251188926253,0.5170787126714984,0.5004907070023116,0.4909997536831978,0.5753713841536106,0.5963064302404164,0.7359320778223806,0.6975308019181325,0.6519191833723739,0.8090817040056725,0.64645822696793,0.7326656847177495,0.8154699882569424,0.7230623631079381,0.7377353451074333,0.9342223200830547
258,1.2546919331731257,1.0386011778850126,0.9983138048412834,1.103306383351554,1.0579221235727168,0.8556614190788008,0.7538375212314404,0.774249570631695,0.8731957642282778,0.7418391299394822,0.55428258012838,0.5983269688297397,0.6512322998449501,0.6614728039227041,0.581722294313513,0.5309641761317124,0.44275507832495875,0.43158791195145363,0.43004472728954213,0.46224242620152045,0.49443153652599714,0.39942370370308405,0.5736609689660024,0.46762962104363126,0.4907702149701141,0.6964984505606788,0.6547377822184591,0.657613182566186,0.7604265067354008,0.6185360621989086,0.7827171668480488,0.6938389482126005,0.7151036584446997,0.8010464659764105,0.6755452924577543
259,1.2284953956130462,1.2043273524648268,1.1682763968903611,1.2543834229147532,1.074270378443359,0.8107368893729023,0.8820355112638303,0.9588149193333989,0.9060741753385055,0.7908300617144286,0.6091394788134987,0.6510935580018368,0.7086819149558773,0.7000135892279746,0.6146822585420086,0.5038553847022946,0.4495450953815983,0.5175115173852057,0.538919634525788,0.5593607388739332,0.4828012502681355,0.45272628785379837,0.586704311826316,0.5214810201929404,0.5643006607803946,0.6299960035391772,0.6377026023721273,0.6359842196331795,0.8569967374130478,0.6353623990094364,0.6490538187290668,0.707295298089595,1.0039931123318226,0.9658087036653604,0.8349048371621223
260,1.1430885095507635,0.8942903736815004,1.0747547358023137,1.2075142659777165,1.2313397480310844,0.7264497154526466,0.6978850951496942,0.8401183284620953,0.8107648407631198,0.8595529156981796,0.5874367999014352,0.5239064532747779,0.6138185680363709,0.669936648117436,0.6336812724307709,0.470899056685657,0.4273113607958985,0.4231821737744928,0.4443050460094143,0.5554047889102346,0.45516609659309437,0.4319033184705738,0.5246151065202838,0.5244560335949877,0.5506713544520208,0.657192527284667,0.5531295376341917,0.678427848057395,0.7037667694746292,0.5723325624742099,0.6971471877407202,0.6515498802163562,0.7977719564943442,0.8384762761715724,0.8610157756682711
261,1.2359982514361685,1.1418741091211664,1.1269548880077722,1.1481066535587514,1.2284040210777452,0.9195992278176356,0.7254603083016772,0.9686847056148604,0.9142858567140986,0.7467148596043793,0.6467491507124603,0.6960457712185901,0.6092076088707739,0.680263121375436,0.6107307278002547,0.5541259918571133,0.5098730834450047,0.5153723671643373,0.5443169322864246,0.5621722118173846,0.5153619125934502,0.5006637676711035,0.5660519701806204,0.5808324492392489,0.5063515442485542,0.7188170503631717,0.6369913106968671,0.6904027860154164,0.7785290696558294,0.6237976651539683,0.801767608478843,0.7724224666566419,0.9160615510512669,0.8510463033758832,0.7458500139883708
262,1.2303847136227737,1.2213245861180777,1.0241923891812212,1.1477605300481766,1.1531010290613015,0.8517100324223605,0.8690906400576051,0.8360281504887241,0.8129449949238621,0.8043431098937275,0.6711532781024424,0.6699436437369284,0.6510185621234651,0.6496139525765513,0.6530790110196854,0.5205656667702959,0.5160970253054947,0.43948059002858986,0.5105630040758609,0.5386999654765573,0.544829232884003,0.5103262130914175,0.4874674407923494,0.556030304525974,0.5770405024911092,0.7826629932117246,0.6689527922117382,0.6750461612536754,0.7440153338957094,0.6707912713814094,0.8233922447870612,0.8372493514134431,0.7019271663723772,0.8532551237406834,0.8683796833068568
263,1.1149302073476606,1.0603192792627985,1.0697758542215166,1.1857023489044087,1.2487910873292285,0.7895934088336083,0.8173661211541504,0.8470691768842789,0.817869128767581,0.8769257469454121,0.5664922610421033,0.6809155237079612,0.6719452614762669,0.6428329469304522,0.7155716746254422,0.49213244587717897,0.44339721482150246,0.4485523161970862,0.5068095614472929,0.5886091047285114,0.5044479037017962,0.5350275606885282,0.5669648926187498,0.5229952474336212,0.510261692570133,0.7211240740212678,0.6090972998484335,0.6971281885841507,0.7052581685761516,0.6765307719335921,0.7614140850442104,0.8065240288545601,0.8590055306561244,0.8535135838786065,0.8954522599917327
264,1.224206145834202,1.044616069191532,1.0026349049871643,1.2271537851739058,1.0761689899976932,0.8801390719315161,0.7768391533967538,0.8530130088974289,0.9442604616776253,0.7902720822471839,0.629974541923241,0.6368999055091259,0.5979048545173443,0.717899784947349,0.5751150517330466,0.5398260831100616,0.4822686308265419,0.43336366842141244,0.4954826023076004,0.5182134889742613,0.47146821891587476,0.4623870059298541,0.5392959869690479,0.6047030114869134,0.4832074530572369,0.74133356309816,0.6665522697864443,0.706406201687197,0.8099051639175803,0.6377175129850456,0.8433371449426503,0.7759673418103208,0.7867524295445281,0.8461194335026285,0.8317221010543387
265,1.2180672300396642,1.1419719615366812,1.0538194128926244,1.1652902344855054,1.2003764159083343,0.9865746631064425,0.9084570352797425,0.8282061387307447,0.8708205383493117,0.8018249079887834,0.662551150463615,0.6596093996179573,0.6854295810786222,0.7272384952688411,0.6889471877149497,0.5353281709631776,0.552190932656244,0.43913687809301977,0.4735809926239002,0.5802203417732663,0.5526723282481116,0.49525503206795896,0.5580508530422765,0.6012479820501204,0.5640427117968303,0.6656938284080758,0.6368424095268179,0.7460111204747581,0.8162763208447945,0.5876888307417719,0.8383602460212424,0.7335522953287554,0.8309981313090233,0.8748139908103043,0.8276899029441671
266,1.1055029237344647,1.1006698410291664,1.0753429833265964,1.1128055109029649,1.238011009811783,0.8683506663915561,0.8096818916524697,0.9020287761478711,0.8927895957030882,0.8854349258142024,0.6732474592928643,0.6645892898479134,0.620345580821738,0.6718693781890246,0.66062042553056,0.5010833642328079,0.4960284916668978,0.4365500188072998,0.4696597302457928,0.5833935982597825,0.5095156738405078,0.5412536031382758,0.5546570749646382,0.48470879047389415,0.5569651665350419,0.6925916229567008,0.64392303934123,0.6225044117845325,0.7459495108648468,0.6499484111620291,0.8048108919068429,0.7544297010237132,0.9222467159964416,0.8199489263523287,0.809421089046263
267,1.2225394245246335,1.0998754264486639,1.086500104038576,1.0591166505950431,1.0783254323288933,0.9828961237191866,0.8579105467856405,0.9249039525583865,0.7802446245949177,0.7490997248533628,0.7193657187585956,0.6212616968961132,0.5766177722944223,0.5960466639602076,0.5419969233871441,0.5017452639391669,0.5060077720712723,0.4173888897818593,0.46791150937587495,0.517556645449099,0.5084902150275382,0.5524070483940756,0.5245026465774416,0.5188882800811013,0.5097595528954342,0.7253815439184884,0.7099703054704392,0.6372902097651169,0.7083108651040783,0.6475719666599427,0.78901611293748,0.8496167658843895,0.7995029427504545,0.8198610210713209,0.8015477136394715
268,1.0603049766814754,1.1374056819706138,1.1201278003975723,0.9585000383681501,1.183275786576584,0.8077772987912073,0.8691357487638266,0.9191063095592376,0.8118807775699093,0.823270901783613,0.6528523546343239,0.6498159624596863,0.6879680138477644,0.59339400950255,0.6164960438432693,0.5163523232107808,0.541552573916402,0.5020983795011713,0.4723195668875771,0.5819501892114964,0.48904762879580077,0.4350873658765521,0.5672290226457563,0.5346343716285965,0.5602360915611624,0.6462663569595426,0.6807341769230493,0.6579118590907381,0.6924602671112325,0.6796977206540337,0.7366733854482432,0.6762016310140901,0.8664449420418274,0.8170932777258392,0.9159524872452272
269,1.0758274683940545,1.1039212824496651,0.9279381257887002,1.2633943485974175,1.181652113711504,0.9019645589977676,0.8485283900065053,0.919506507078145,0.9353539941425704,0.8963766408159588,0.6652079289843054,0.6394393495145004,0.6250150867941007,0.6790423388522369,0.6717757985668806,0.43876303564733987,0.5105698174015424,0.45187323621557235,0.5703300479555367,0.5646308050951641,0.5180142140245724,0.4494339746782452,0.5445690015109762,0.5519401892727028,0.5278242615045682,0.754616861235484,0.6762276699180347,0.6906978921067632,0.8705230058885853,0.6604179301551991,0.8707107901644556,0.8068223031230042,0.8259634735723325,1.0158170832849462,0.9495740553241561
270,1.0460287409494842,1.1140756367216094,0.9267915873890461,1.2144288521960627,1.1484687669055833,0.8235314882064018,0.8658099451891783,0.8075981592366612,0.8800826899041604,0.8192888352560851,0.6069716172357388,0.6686618016186665,0.576853300960583,0.633018055532879,0.6522021247743393,0.5225634077829902,0.5300349308863621,0.4182593145151614,0.48638795690602943,0.5241763170917249,0.42120254313102984,0.477489315236877,0.4630885797518272,0.5415728449458943,0.5312317487685376,0.7167204302947983,0.6766148847531401,0.6008699767831767,0.8071745207001437,0.6945820476020872,0.6473857082972168,0.7888457381391021,0.7528728846998227,0.8225719219666292,0.7695007325802223
271,1.09594672773684,0.9700550943926872,0.9193737374993428,1.1167702816105045,1.3331059013297817,0.7559749500560372,0.853557134267058,0.81103142972364,0.9162196526037976,0.7890339856371891,0.6309464361030779,0.5880077284861427,0.5553919580251621,0.6862850272709707,0.6994946990613344,0.460569687885539,0.49297268156066687,0.4246778620330768,0.5248995489092528,0.5483821193626477,0.4686943769547628,0.4270620322793655,0.4930492298311068,0.47613866272494737,0.5996914414777519,0.6701538500988247,0.7449890346005736,0.5993805161639075,0.7735480843025562,0.7022596068506677,0.7350484760029911,0.8698669106305457,0.7917368982618501,0.8931409410472075,0.8313243222357216
272,1.211670086950502,1.1469107787136401,1.043184730790276,1.1740598131676634,1.185407368578205,0.9073769608169412,0.9186599996895395,0.9463372063434483,0.8974938303546156,0.83649157459013,0.6728072752171799,0.7016828515691909,0.6888365776313466,0.6331503638252641,0.6985790233962075,0.5139446923126434,0.5028877173219074,0.46495588684503886,0.5108305112906719,0.5555198432397956,0.527549566781846,0.5250229451697728,0.5281076834323004,0.5275950193373193,0.5284081525169959,0.7401697947878219,0.6434475352167769,0.6688914654313575,0.7980395387463536,0.6877437878510284,0.7771461908933819,0.7987232940126628,0.8106473379563178,0.8286942279112712,0.8280931653595257
273,1.2188551151424765,1.262428658378347,1.0280529510291205,1.173170813970367,0.9776799459560576,0.9199049857123575,0.8611496116098438,0.8967650322589648,0.8982992018172868,0.7072428453811389,0.7283574020298242,0.6445785108876978,0.564263006354286,0.5992183272304994,0.5587996027657522,0.54708275329516,0.45614981055632314,0.4826866536823072,0.5357261802664243,0.4535486514032941,0.523504961303867,0.5073017617624535,0.4994151848205579,0.5396196503796702,0.5771255939957991,0.6733659784796031,0.5713365612004062,0.6310741476395921,0.7059931708796091,0.6576833776061948,0.8141481405137827,0.8675852686440295,0.8043300928874895,0.8219485511186713,0.751901586840248
274,1.2015207582531304,1.1948939318290477,1.2340508655150508,1.1448390743033912,1.1486908183816313,0.8996579210544702,0.8577275310166932,1.0057365618717442,0.9235489523329419,0.8369015268667698,0.6666073240937042,0.691728471323948,0.6810173487406289,0.7042837598477956,0.6980400435786044,0.5078618422860615,0.48972513392635997,0.48219817260263365,0.4887202654731557,0.5613357740928957,0.5196635542160177,0.5089016153074969,0.6133068016511246,0.5537973872484985,0.5706895133403473,0.7374362760369355,0.6458041517117143,0.6799685169136004,0.7387560169069249,0.7237474160924884,0.799322799375352,0.8725047708852506,0.917249634300708,0.8582798671052987,0.8620912668437374
275,1.2125084057914908,1.1069587219653625,1.155494595823463,1.2997837367230813,1.2560105661114818,0.9532502087884585,0.9450983506895253,0.945937885253712,0.9872957912833444,0.857836707763784,0.6229406052565029,0.69927693919037,0.6041365418082498,0.6824602593979732,0.6993953498220677,0.5189277226499489,0.4743463688700437,0.4424987673522475,0.5626551809466318,0.5148440983852706,0.6095801417192861,0.5494261453325321,0.5765211590409637,0.5628900982322684,0.5876602595658786,0.7599670964509498,0.737534673307786,0.740737484169063,0.7843687693388044,0.6797593033009828,0.8397820167793724,0.9089190008898647,0.8903322141235626,0.8923513118345165,0.8412679005991945
276,1.1407069332082431,0.9778482097695091,1.1117548586126014,1.0734293747322217,1.1776719341747008,0.8491939608097941,0.9318128546208688,0.9516106312953747,0.7994141805680369,0.8161163194017513,0.6492367984155849,0.6823093941523519,0.612811843787868,0.6208133435354924,0.6221675103066977,0.4445490026501017,0.43213331639736396,0.4323252150821615,0.4451520450439974,0.5683020969549317,0.48312427266911373,0.5381617270148444,0.5368201050609356,0.48430959131341855,0.5249646355048954,0.6930661530411962,0.6595426123115438,0.6724648508534521,0.7245685303563549,0.6973396240853524,0.8123587884506519,0.8669443665807042,0.8383203983580865,0.7985899935147953,0.8914224907541468
277,1.158664417187988,0.9320444530514993,1.129804260539129,1.2110331522530653,1.2334151614189162,0.8903562255710653,0.8738534248306817,0.9756325174722099,0.8787158214844515,0.872699036956111,0.6671067575168543,0.603097273280737,0.6858131513909328,0.6875938148784841,0.6663127850754564,0.5528187999023593,0.412969521768802,0.46596979636109837,0.49352986281004907,0.519393022820452,0.5647799286218773,0.5021039153294685,0.6039395080640828,0.49585446366536945,0.553959354175559,0.758395408406584,0.6522072225890421,0.7223202782629449,0.7920266965115166,0.74999101663108,0.763820640556061,0.8156221377207608,0.7875352625388566,0.8960951895424919,0.8747360540172447
278,1.1556207285158848,1.0546604618558009,1.0551454572861405,1.1142335272621307,1.207944329238157,0.8161263163771921,0.8684470109433492,0.9056974612849609,0.8345058764463962,0.9287980013815472,0.6586478290825274,0.6435165285915133,0.5600323403263768,0.5648546802941419,0.6494121280611084,0.47837933215123063,0.46592922500129513,0.46978006170117126,0.519664374814186,0.5978675192577393,0.5242352970944731,0.5562552777730616,0.5283336526460872,0.47433474575513523,0.5285882797483532,0.6778320916504781,0.5354970346015009,0.725231984493061,0.7107027494095852,0.7555384952421079,0.7829511041003885,0.8035261254597751,0.7649860267531241,0.8185189408351441,0.8642593433195961
279,1.135793723527669,1.0958220830409053,1.0194835204339494,1.0892792304205825,1.1844411196807374,0.8441165494247183,0.8380394010405471,0.8544375490778134,0.7861438498697377,0.8849172879753773,0.5969609228968742,0.6377498814589471,0.6279181115204107,0.6181479658091606,0.6182996587979792,0.49216029857224086,0.42359353735685057,0.45122355124010094,0.50882403974799,0.5553105861126791,0.489076052495579,0.4737664608075957,0.5629040003059982,0.525190524575478,0.6243959440521542,0.6569101173518334,0.6158097909401681,0.6311708635706703,0.7418667068849787,0.6794256600981314,0.7759861828542824,0.7964505583504435,0.7854486350914435,0.7945284943314083,0.8225252853470617
280,1.0418183591497916,0.9723868517616859,1.0661088448669793,1.1650880345030021,1.1639222336922375,0.7912894147882734,0.8572854837956703,0.7787431693947957,0.8326728804389809,0.8617015725910513,0.5957963201484644,0.5694206210295885,0.5468483198026736,0.6418000332766822,0.5685481518273068,0.5000406054897306,0.4732235563613565,0.4615899138133647,0.5660185060855433,0.5325763671423586,0.5303355752296615,0.4313399155864147,0.5071839498878872,0.53798831814001,0.5670270451663568,0.6712141430055849,0.6101003281770563,0.6136456126097558,0.7591183510311674,0.6966609557644325,0.6920835818180083,0.7633268431969439,0.8147678802260812,0.7629928465477539,0.8808106741596211
281,1.1859976229697418,0.8980392073543975,1.1802937263011608,1.152871723935914,1.1739214832710352,0.9508554593467615,0.7345949931990776,0.9224146519930349,0.8604231886600886,0.8436850978311949,0.6356399428070678,0.5392204455264265,0.721935845492726,0.7003603060759399,0.5530321919628648,0.5164911511482484,0.423832633667798,0.47037394744007843,0.5545658128414952,0.5438798170888457,0.5215453485725746,0.40432121611003446,0.6374472096280426,0.5315220158902461,0.5313439929741139,0.7536072974215372,0.48915045617071684,0.6783483608047494,0.726514421547291,0.6649621350424535,0.7927250005492572,0.7023911942548552,0.8798200904424176,0.8140091729566796,0.7679836748017064
282,1.1932611690770716,1.1448273760740264,1.1454563094372614,1.0480242131804596,1.4158227872414963,0.8964781030511404,0.8919104058151426,0.9422349574804489,0.7508372878101206,0.8461163327953762,0.6759355382943099,0.6788553155784107,0.662591676446137,0.5772663841312013,0.6905103609944384,0.5527139236824393,0.5150039210936684,0.49958179098545985,0.4599822326159403,0.6042974981528972,0.5759773026125502,0.4987273369331665,0.6289114968689911,0.4553529081192878,0.6246170359337128,0.7515694060826105,0.6206885990680068,0.6860990116315973,0.665267747172194,0.8096060740415327,0.8171341599428715,0.8419096027707853,0.8428349372010802,0.7983638012466495,0.8857517464872877
283,1.116639182140835,1.047947672634981,1.1388445672524539,0.9782099263312104,1.0856972984425328,0.8077982383751376,0.7555830690922976,0.9429607125498732,0.8891092846170063,0.7260322429064041,0.5956338628849396,0.5893116123431972,0.6913211227828879,0.614629002030207,0.5684910756087287,0.48451485030538155,0.45267838562068474,0.4857498503658667,0.5191227261960885,0.4855452133989357,0.5029518277629632,0.5067379775123122,0.5530463756545181,0.4441759041099623,0.5290020988850249,0.5918909126048931,0.619328681451667,0.684285279372081,0.7805952170395027,0.6316769181788361,0.6867662695938288,0.7858431096603696,0.80583515001864,0.7358165147873834,0.7865843792279745
284,1.119952030364928,1.2674072028989332,0.9996536442810801,1.0821499369938756,1.116250256797745,0.8482112727906881,0.8951819580391382,0.8404663515379017,0.8914506216631787,0.7699573160418589,0.6220506818496271,0.7687414484630468,0.6708009245354241,0.6750115752527471,0.5824731293625476,0.4862315769667056,0.5449205907709287,0.41461775550912583,0.5673979736210465,0.519426591233578,0.484694896075993,0.6161836863759114,0.4819668368523511,0.45007327187590374,0.5554296903323503,0.6335217969773219,0.8154081862075687,0.6328077565515347,0.6908539910593847,0.6447325139591984,0.6571022095934644,0.8935667555811605,0.81137585876264,0.8662883743126857,0.8765659351411
285,1.21587061873168,1.1806262091251232,1.104333889167284,0.9468657928310024,1.1445662847498035,0.9243051028429512,0.7199816836970434,0.8462549845391436,0.7290192388357637,0.8069177513022918,0.685790543508414,0.5985262294173654,0.6282108400812022,0.5854309592520572,0.5830552857474187,0.5211697295378726,0.5182186285925243,0.41789225915507,0.4371206823686752,0.5000149342415394,0.5649118732143075,0.5552654712426229,0.5609808473700941,0.3877396827679831,0.5149075553706599,0.6937144986679644,0.6258806084137223,0.6702621218926987,0.6277230740944602,0.5740019814161942,0.8173020837680843,0.8098751183507025,0.7379388323617535,0.8492763107403978,0.8239787007584835
286,1.1715041090994656,1.106296454016916,1.0454309534911923,1.2255573547235903,1.0730218335965342,0.8599362409869993,0.8592107617162322,0.8524977602641525,0.9161686252834159,0.7795940699698699,0.663493884527262,0.6182426865645012,0.5692118019344261,0.6908634082888787,0.6389034869278862,0.5242710637053454,0.5081160977276542,0.384132684958878,0.5093988714430208,0.4999302503090247,0.6349082021416316,0.46331343359564675,0.4886249438175948,0.5086203639272336,0.5475193124147947,0.7403967527732812,0.587067826902965,0.5454204279340675,0.7297286012624169,0.619231313460465,0.8148804588934263,0.722600449081285,0.7310900870376151,0.8365365946930838,0.8462813894372909
287,1.2991035344890918,1.0404622100451595,1.0985736262896768,1.2463574493311746,1.1400468732298807,0.9527105212085327,0.7952326922254289,0.8842433548961443,0.946237889808099,0.8294018499400355,0.629147367278799,0.5841981041972073,0.6878650637077445,0.7385729018465252,0.58082354416586,0.5348522157994599,0.47502885607461176,0.44041734403209765,0.571011360751715,0.4877589295898278,0.6090132927685027,0.46373549097711875,0.5603310572762471,0.5451355583494992,0.6084057590468579,0.771181485078839,0.7009315288613686,0.6788264442581622,0.8380399657779183,0.5998985328874977,0.82982571671637,0.7243569765545477,0.8653346641599848,0.9168853428227097,0.8589057876054045
288,1.1514163900981451,1.0058661591171303,1.2137092995523053,1.2645661874395282,1.2312230737565777,0.8839102323791835,0.7193541426013093,0.909336369267841,0.8918416704163253,0.9001931552329041,0.6138849640308732,0.6592447863036639,0.6479813340292329,0.6536843878938049,0.6506209017367193,0.49400493857891936,0.5254123460815744,0.4592467001443563,0.5356172544587934,0.5852760315958319,0.5508249915278263,0.5415607552874622,0.5685285207285297,0.6089265898371018,0.5842858915154339,0.6962874018798768,0.7043744728060295,0.6841037160049448,0.8234083576686728,0.6184220676774616,0.8607332529744108,0.7953690870505161,0.822162708804729,0.9222676254926234,0.8821279638396586
289,1.1628158139694675,1.0548708518457197,1.139577147373763,1.2639102993090074,1.1693281303583225,0.8656608873982394,0.7232738480892554,0.8419771004543453,0.9288375892200431,0.8787293440245276,0.585229094647942,0.6722224420422227,0.6639538506820615,0.6730675506283292,0.6360009549661513,0.5369912963470876,0.45766429450630686,0.5121706964957712,0.5661385813308846,0.5538420208412227,0.5747162679275084,0.48276019809313225,0.5574237164511677,0.531717678648654,0.6066903753980701,0.6859998162225338,0.6092474820740054,0.6967248540969588,0.8068136488185248,0.7527383307238462,0.7839309798692445,0.797912247355167,0.8054787243836462,0.9071804348749244,0.8175568110431432
290,1.032248999434155,1.1307382629663114,1.2563305456905696,1.2611634885629233,1.2603716721444185,0.8190072227977433,0.7934468639757282,1.0417103395205989,0.8970562128849711,0.9200944093529856,0.634034497378674,0.6709721593661127,0.7516448642902109,0.6899986873170675,0.6604188356945631,0.5070647480573248,0.5069701983574701,0.5211214879095113,0.5923557472204937,0.5370616885339456,0.546946879676436,0.5386480244941709,0.600884932275294,0.5785717019537208,0.5742769909629246,0.7032772103093139,0.6393172163600878,0.7999499749036316,0.8069190233375387,0.6672298764360638,0.7869013239799763,0.8376319461606929,0.863058370053025,0.8957959602628214,0.8257387263113783
291,1.0889227057020343,1.226204643732292,1.180465093507854,1.0711537438646939,1.3135233036707876,0.8187726975815701,0.8924823345338035,0.8461443584440813,0.8731432178989819,0.9583379964957712,0.5575734961004247,0.7466729117771049,0.68900544351393,0.6181198251462419,0.5961380954404831,0.5339460853271547,0.6069277774344101,0.48154712496677776,0.5257751858474525,0.6052673928411854,0.5172152467169864,0.5472146336643109,0.5921613725635526,0.471841651448745,0.6532617457095586,0.6592660742853664,0.7677590030016277,0.6571246654850252,0.8036450258720875,0.6811075817943478,0.8374799011327996,0.8598284885542129,0.8170440478220953,0.8158632431379018,0.8437370598388918
292,1.1753088385789554,1.1629615625114456,1.2478745193172665,1.0990823308197366,1.2103803966917313,0.9435886330023909,0.7855155631809403,1.0884752060299276,0.8277044304581733,0.8311740722165355,0.6292825473395094,0.6565605076529115,0.7419231292148297,0.6274187630231368,0.6532974649013894,0.5554069159886775,0.47723578780231124,0.5474531007603669,0.4898505883765467,0.49437879831538206,0.542039671365607,0.5977937346434632,0.6124767029827822,0.5394702312645608,0.570219068908403,0.6867982192523814,0.614262549077173,0.7560054981740927,0.7195360381396207,0.6607925926275542,0.7644512897579299,0.9015647262337719,0.9909493307594726,0.90155738621377,0.7589118481510915
293,1.2736035265302128,1.1123738315674871,1.1276433370544305,1.2189488287434296,1.1372029793359084,0.8455627751044902,0.7714006313440576,0.8593372452287873,0.845702571852956,0.9830892910491751,0.7172082393844336,0.6341140528600779,0.5954384084064732,0.6680233873199632,0.6652468979384591,0.5356534865396583,0.5464020425037345,0.426759435559471,0.5376506204518746,0.48296247556884625,0.5795213418666454,0.5208634603941342,0.5268797042267183,0.5028730455306973,0.5755140267248453,0.6591029676426614,0.6096906240088877,0.6799717653165689,0.7173012850072427,0.6332758931048401,0.8721793978659331,0.7997389741425087,0.7702809981049603,0.9256359612134344,0.8316314500930213
294,1.0884580054460553,1.173827724445836,1.0809966631474146,1.0999999513010625,1.237433509832726,0.5731364692678154,0.8109651821798477,0.8604770738872108,0.8800640521551857,0.9241691008597931,0.6331774407716886,0.6770002310699769,0.6415200439754998,0.5916061227177964,0.6793732446912064,0.4845625636016758,0.44954597832127313,0.4764939336525199,0.5241192102269205,0.5761501002507069,0.5349824560449253,0.49997960291025206,0.5740008368446106,0.5307770258497313,0.5653460618892717,0.7010007637008333,0.6506284971101184,0.7292927226139947,0.7303185894214412,0.658812109390774,0.8001019563786059,0.865147329866729,0.8359405772007402,0.8834905285898202,0.8627515992421789
295,1.0934409050775156,1.2278329600624225,1.1243348126535526,1.094764448979293,1.1201514940476542,0.9044985930635526,0.8209289172324498,0.830939621856499,0.8722253632284891,0.8424442922384169,0.5928787457986878,0.6600657867153961,0.6490780408100156,0.7278775725108805,0.6346412257963363,0.4996360669560284,0.5104803189229254,0.4519478748470067,0.5333940178788737,0.533864505271134,0.5993700265195079,0.5003964622516621,0.5307939810369533,0.5224976878567896,0.5109802031099242,0.693333299372485,0.674772736328106,0.6613353013067902,0.7768114540802722,0.6783307548234266,0.8128682290122491,0.8369595521132039,0.8005236624494092,0.8851139295817553,0.8050322034935447
296,1.1270119778999315,1.125642481085118,1.2505926695769662,1.2028488409320826,1.1684185549810056,0.8254755712762168,0.8130961886453594,0.8816406320473985,0.9115550952962468,0.7615713040621288,0.6748470916123936,0.6336371917538259,0.6195877393692861,0.7003006387754543,0.629387699310288,0.5268257329449306,0.4588162489540269,0.4438870242501775,0.5591637667738925,0.5289874120346267,0.4718640839466044,0.4760915786900404,0.5313309686274234,0.6805112468298221,0.541725564861343,0.6735430440457615,0.6667315353312975,0.6613870024323221,0.8419138889279576,0.6649081774424783,0.8381807184641881,0.7259040818630814,0.8196297091429456,0.8643388653321984,0.8648021206830546
297,1.2383256564714933,1.0904513644496863,1.0885254615535747,1.2494121923257642,1.1398007594831554,0.7933628228725351,0.7725514511862931,0.7730210521289609,0.9701039085027742,0.7604176726645391,0.640247206971306,0.6664923127092324,0.5682398942588881,0.7335893697948558,0.6561608437543209,0.5243925861846288,0.5228527406577499,0.4419933070226466,0.5970246267334027,0.4931686806077705,0.5192137139573179,0.5186326361511556,0.5890362961828397,0.6191981685131198,0.5068874774318622,0.6989759984250414,0.6043908310633308,0.6675977447919268,0.8643693922162805,0.6275823258781921,0.821331107598541,0.8702927266421063,0.8302363217224547,0.9309267330802096,0.8303839101171593
298,1.1493701840987183,1.1739023396199064,1.216262316477601,1.1603892293411384,1.0667413536857857,0.8937037032839276,0.8152472310705347,0.8941748889698954,0.7976293799072666,0.8796458540465127,0.6724912364482604,0.6149473318870798,0.6985636871623457,0.642440165355284,0.6374808932677664,0.4914189056381607,0.5007421974509938,0.48448250587978337,0.4863740495805175,0.5331160451415085,0.5267297682405003,0.4714953452365678,0.5574248579249141,0.5556899618758782,0.5655484154203756,0.6569248369406149,0.6717444188041458,0.6534578314940434,0.7064148733300437,0.7199280574090743,0.8373753304453353,0.7910227661266641,0.823043085269107,0.8319399096933016,0.8687464006816563
299,1.0153296850942204,1.121643529781939,1.1430296537037816,1.1444162205879795,1.0159232574001018,0.7799485449080624,0.7685633113085253,0.9308440546405514,0.8886910559822949,0.7758129752662681,0.6231927387955309,0.6181435836403336,0.6722027534608275,0.6214571882474624,0.5752521753627027,0.5017053527472696,0.4521359762557824,0.5258882426153451,0.5757983376980886,0.45656697399375507,0.5189921593961745,0.5413138282211518,0.5211575528842503,0.6095419545214283,0.5001899636050937,0.6867161690607344,0.7373724074921583,0.696534972412139,0.7544930804414458,0.6767385286066392,0.7685641818874607,0.757383227187684,0.8921959918206926,0.8998647869684082,0.857128010788772
300,1.2466378572395782,1.2183907490045718,1.135353673095629,1.3503894693480054,1.3663936841091855,0.9535729976350684,0.8271966948768612,0.9320410998309206,0.9550018483013043,0.888565544640227,0.7686897860291835,0.7144105181395987,0.7063730844325651,0.6643064969012415,0.732530844559744,0.5704093225511192,0.47968427128568697,0.4682392941100162,0.6200409126177002,0.5589258834772829,0.5647584832187685,0.4961079760363934,0.4870479337170968,0.5594643193885878,0.6444680701225025,0.7323571168166587,0.7401650689973663,0.7250443899480314,0.831093815479637,0.7922184380222083,0.8448533287477255,0.8398617448965116,0.779610502248747,0.889940882257064,0.8932818954123474
301,1.1631568734852533,1.086293226582632,1.197016624016868,1.1205324934912944,1.1631025394354042,0.8792535782344695,0.7807976013612996,0.846738223465896,0.798890471267037,0.8340085114527986,0.6691272035031061,0.6700290453036335,0.6231994215005441,0.6541318188739608,0.6852145206521106,0.5366054335453818,0.504246830217906,0.4902919948859714,0.549983955328679,0.4918339484294112,0.5427010594692223,0.48561448435971233,0.4654989147921996,0.5303935778606849,0.5590043244105742,0.6568560284055914,0.6497751210505962,0.6753142145634042,0.7448207510668771,0.6608734206547924,0.8607667967720805,0.8344615157936762,0.7172571631359097,0.9129266080846876,0.8491343077841055
302,1.2274009536115869,1.0483531945571656,1.163766973284728,1.0281287667299805,1.1322787263092255,0.9217264518297515,0.7381764664344808,0.8699572059355768,0.762936078669394,0.8741417446595292,0.7177526753452256,0.608921417102046,0.6895704540691079,0.578716054756331,0.6464812783636309,0.593756565813501,0.47019300368581735,0.4706309861211402,0.4524082380946417,0.5940753599900538,0.6398469297212834,0.4910959201290931,0.5792982865826597,0.496233368022049,0.5796208735871025,0.6861750082796421,0.6544032551163781,0.6243187214538519,0.6572108265150869,0.7181376828205388,0.899492231556065,0.806356189927843,0.8173348396464379,0.8137813195939072,0.8312678245710288
303,1.2581540984812434,1.121361824797201,1.1741006070866689,1.109021825098969,1.2156654057924725,1.0259092594433104,0.8251020231601282,0.8810390192882775,0.9046695861269862,0.8517105325615757,0.7249877549647012,0.6541537552330985,0.6209625061331995,0.6971623365615386,0.6555538260097284,0.6001009623000879,0.4823923402278692,0.4551205765346293,0.547879131488091,0.5582541050789505,0.5492773028489834,0.46200951377706334,0.5613357191691883,0.5787238021785823,0.5402470200984159,0.705895255609418,0.6661540250119931,0.6804317823707431,0.7825061829679179,0.7423442197874737,0.8523731253374511,0.8678685998339488,0.7941188473351696,0.8861607275259313,0.9040157372557145
304,1.0721700861262773,1.0991467232967544,1.1859290400157834,1.1486559765482558,1.2731858924476742,0.7789287855320876,0.8777063109359726,0.834329233695447,0.8456195847551161,0.8210161744794968,0.57652824921355,0.6508076630316797,0.6515630945851851,0.6912250626398831,0.6332100183870853,0.47535690819001153,0.45188428498140304,0.4984336357916843,0.5057905197511824,0.5427823091976438,0.4231125393225216,0.4762621608498705,0.5589053786690381,0.488003406984833,0.5769252507782454,0.7404926528912237,0.6931210056812184,0.733005374602763,0.7645130553603541,0.7196745113655036,0.7005096442851986,0.8234558031038575,0.8953729874992299,0.8779351070313116,0.8407185439728965
305,1.1667401572205234,1.113616472575489,1.0944999785190532,1.067244819259371,1.268172626702148,0.8835919933465907,0.7649943739043412,0.8000584352130486,0.8243345605200089,0.8340067329561888,0.6573369913256607,0.5050679030647771,0.582973803675257,0.6909356241874797,0.774683075038402,0.5010933475770328,0.45120823715823444,0.45075105911201435,0.44464532485612684,0.5556383392449759,0.5215747856896157,0.40401575479876795,0.5291675635977956,0.5241438801147298,0.633429472773684,0.6481488588524396,0.6088803502839013,0.6423566672096107,0.7077213064625789,0.7323299029033754,0.8104420589634658,0.7119671696212544,0.8238830169784574,0.8137074226626089,0.9534936010254033
306,1.298010346040329,1.161187671032291,1.1347171842125825,0.9193743277040614,1.0987322650381754,0.8797216056340317,0.7956918183168145,0.8718178948229405,0.7727529780684643,0.7721724989812133,0.7357210303206249,0.7190225936082321,0.6642325110469378,0.6156112477762983,0.6271500590247078,0.5452538583423505,0.5192762069508198,0.44517373625782386,0.4522615435788494,0.5086493435016989,0.5475181225209826,0.4861204431473288,0.513579103784129,0.48766839071775214,0.5697911006390599,0.7147087559013009,0.6503271029566671,0.6306611834569389,0.7284122179620587,0.6280300116221482,0.8202366660314515,0.853825709879534,0.8949651443621884,0.8133265582944116,0.7580192322638677
307,1.2393173136829776,1.0622006382666516,1.1460632387713905,1.0417940198109366,1.2902884894731637,0.8225080821993461,0.7434243610602466,0.8490269657285566,0.8374032798653823,0.896295692125153,0.6394923459621281,0.5617178778685632,0.6814321034380301,0.5704392734656838,0.7004240808162498,0.5343855471983238,0.45087514018025343,0.5067811284693552,0.4513591216708761,0.5672672717044036,0.5499047489164617,0.4560225964589783,0.5998287267091142,0.48223371944323234,0.6266094091460719,0.6933333872161408,0.5770062309148556,0.7627877219662462,0.7042391486890157,0.780755478772891,0.7837949535627445,0.7836837861998468,0.8397708993777374,0.786021143275192,0.8854746023263151
308,1.212652576421192,1.2175623453384627,1.096987794935708,0.9252230945518731,1.137384663539148,0.8500406279169394,0.8965728322400569,0.9019644296264634,0.736282891176901,0.7967754803116318,0.7161835032625783,0.6574307001586961,0.6701552677614914,0.5809575879797707,0.6553529041513686,0.5231035056387493,0.5109897353768935,0.4459750924361518,0.4036407339401834,0.5532583686021102,0.5214514848781064,0.5023701426441576,0.5506067434090611,0.48411715884899,0.538059275190561,0.7652555731721391,0.6670750615848743,0.6354934624905384,0.6649180631031879,0.7051070824217753,0.794238950264504,0.7632273194235529,0.7519027409916732,0.8830817098745223,0.8198855522453732
309,1.082978915451005,1.1296467453592325,1.2936462168326053,1.183704473200159,1.112757262883476,0.8782054421993657,0.8812451051847423,1.0857422768674476,0.9203824910665752,0.9316239204042024,0.5942925550543259,0.6716643145534081,0.7413430412306345,0.7154577412844492,0.6525249053285772,0.4927857119296261,0.5033923207564358,0.6056972008965394,0.5267592508869984,0.5226133216314677,0.494732939015311,0.4968976318255728,0.6693360773006871,0.4955410958975601,0.5741414629165058,0.6292140751488455,0.7104740634687694,0.7876534539659152,0.8083342833356544,0.6419352870921604,0.7183239009047837,0.9403711742403775,0.9424642420159772,0.8954838493592185,0.8564087384090165
310,1.235996212744677,1.0270977012304963,1.1789013222927378,1.0923249687355678,0.9580653362694,0.9070284767861965,0.7855537497614105,0.957983960331569,0.7986544631135752,0.7903305158688634,0.6631189875909461,0.5863077249167865,0.6962449339851974,0.6184694352877749,0.6077410992384691,0.5705764146441592,0.384937470230333,0.47932762552057107,0.47866348624401944,0.4716319351620783,0.5383538044917864,0.40862733256897776,0.5636031338008579,0.5744210011331436,0.5143900341148981,0.7179249179651823,0.564356955736414,0.6861112359025768,0.7725247086866232,0.5769309033126487,0.7891732068168069,0.7972833574202738,0.8406461489351367,0.7761194858894542,0.686904265490216
311,1.3987680225351553,1.1623395582674463,1.1521015681249818,1.1063108411479519,1.1207430591860499,0.9921146295471153,0.8126426214286245,0.9221851012282263,0.8962995847274907,0.8168711712581853,0.7549119866284246,0.5956936730302506,0.6666326212636371,0.5749857403101861,0.6449153673833378,0.6064779937818527,0.47860582924712175,0.4711338411943976,0.46550183985958615,0.5425849464440728,0.6155361010354057,0.5348671939331259,0.6089093233618342,0.5333919555812953,0.5666132629078298,0.67880584580237,0.7264324649113694,0.7011827163841159,0.7454241452819883,0.6414601976924532,0.8968931933374615,0.8002872289944547,0.8653528200714924,0.8144322956881074,0.8183998551899783
312,1.2562310288259304,1.1713394118334666,1.1607028264466581,1.0307621996826968,1.1079801914453955,0.9468713307179168,0.7010801570768057,0.8964788159038735,0.8514421453765002,0.8084593417232944,0.6958676085178236,0.6167051037364442,0.6314133205907058,0.5963438458150961,0.6169287385623724,0.537805714865364,0.46648062623636244,0.46326233096768255,0.44053722853814553,0.5327007042343045,0.5436068211954229,0.49857598849823814,0.5651771548662008,0.477133672735139,0.5267368211753167,0.6916861729248295,0.6026143991042894,0.6676668812960034,0.7400629448840352,0.6800137089855138,0.7724130161355369,0.8607015557817584,0.7888950606779304,0.7713918187221759,0.8152801336102783
313,1.0917773712812961,1.1706197179551763,1.1648429821664408,1.0400272487606963,1.1208883492166328,0.9270372329937537,0.7953445587229766,0.9194843794785841,0.8540669349803773,0.8452855115244913,0.6882893526109974,0.643670952003271,0.6377082922012598,0.637528240226763,0.6112192220535252,0.4880296116595406,0.34643135422186255,0.5189682221222891,0.4618243757372925,0.5734794806904773,0.5346866701589665,0.5257711996778573,0.6233183754540719,0.525909840678888,0.5659531205571517,0.6653997766895361,0.5962215234351479,0.7023065970021384,0.7693255646925541,0.6367966710217512,0.7989543591657828,0.7976411474382816,0.8860546502686676,0.8357198030076332,0.8226800325936604
314,1.2545822860333145,1.1511093952318414,1.0252419145150546,1.0587295114718644,1.1267635016668591,0.9731338717901932,0.9716232916875653,0.8064582518743648,0.8079506771698173,0.793847654172283,0.6847752888726399,0.7053224298778354,0.590926710796982,0.6306648355508693,0.5064967639718676,0.592514302767857,0.5421515147367488,0.453746895926492,0.46495336022343553,0.5073515168229796,0.6004200730002073,0.5542302046032297,0.5054260972329523,0.517204423243185,0.5142319339159502,0.7700857535597958,0.6589136903037554,0.6213180450474964,0.7304215980514497,0.7115694304319633,0.8397400958277029,0.8371617016032671,0.7526925628424935,0.7581719183647994,0.7821813501572208
315,1.222009654697255,1.117948350511266,1.1766818880592278,1.1781053062057953,1.1875022557136403,0.9792305476983957,0.8184992034717227,0.8373306539877116,0.9090411650694225,0.9195369620909346,0.6810073410257746,0.61212588039217,0.6013607353091932,0.6077855770786715,0.6828431273531568,0.5523941010597797,0.482032364898519,0.4610430135400967,0.49260667121112384,0.5731375831113334,0.5402408510825597,0.4951255469538266,0.4929927554121293,0.5414796881119013,0.6055344805084453,0.77120510935905,0.6646268825427377,0.6862453227084807,0.7701693532199999,0.7405355910406448,0.7403604383568065,0.8085916932831776,0.7826454079872178,0.7434790057864329,0.8811229748856815
316,1.1399755599750558,1.1471264625381477,1.088407088727075,0.9979409348472503,1.1393378652718642,0.8330432657765175,0.8302760290569439,0.8648665120878629,0.8115997767296079,0.8077634642460286,0.630943014349756,0.6825388265191437,0.5844675887080525,0.6342726045192211,0.63147381448693,0.4696081960428225,0.4863487321771432,0.4705849693692916,0.43804015488572173,0.5213575020596262,0.52582970723283,0.4473179231661204,0.4796448723194866,0.5030921505998962,0.5808800988057817,0.725282638156233,0.7002412030472595,0.6458250123582464,0.7823083998761041,0.6194579303034421,0.8242068975105321,0.8066036376258103,0.7501881695261625,0.7089365371574008,0.8110077766044406
317,1.1437063445200506,1.0838102459574306,1.133263456388631,1.0731532738505565,1.1400174486040715,0.9092845113123125,0.7394637326378856,0.9313426952219356,0.9085914617004875,0.830004922120599,0.6100515260232924,0.6178279484996893,0.6588146080981959,0.6241656540919389,0.6408115357153088,0.5277287844976261,0.43215395245931654,0.5066284773342503,0.4852856896680582,0.5524336475445518,0.561502537410344,0.42058229223975696,0.4942384093792068,0.4666567481113518,0.580087258861481,0.711171001199251,0.5706287325404893,0.6900435770656698,0.7337967628351192,0.6452931381269493,0.7205777919371404,0.7667651212111402,0.8603467138097949,0.7004960447289,0.8430686040151807
318,1.1315540513547153,1.1461919497406416,1.25007357752622,1.0640634914902682,1.3025103080423583,0.9105376853300153,0.9201876245020606,0.9912364897817145,0.7836777871660732,0.920492393814153,0.6918132574056488,0.6181830203031067,0.6045803802283218,0.6653484205000789,0.6675538555753358,0.5145354161256283,0.49177410327358656,0.4404860298709655,0.5332503141521598,0.6235139650793857,0.5150838082717812,0.5259612697261267,0.5264638482573334,0.5180055995637913,0.6106532841634347,0.6788276917972104,0.7163175343564119,0.6727170327322263,0.7199838372584301,0.7038578794923709,0.7531179140505203,0.8902986222450863,0.7921643394879444,0.8445541776566103,0.8853843229317686
319,1.1416873854390792,1.0785449768285553,1.2198546259075782,1.0744455967120752,1.143947818781451,0.9907230792047497,0.7627590157300266,0.9190009946497326,0.8598098703316328,0.791111682468664,0.6588292643762558,0.6428443801579719,0.6313690948099089,0.7288274208134911,0.6886418704247526,0.562822941380148,0.45171922298020106,0.4359006131716806,0.4911586569264491,0.5355110290096615,0.5460415421539077,0.5296799434135426,0.5343378269496876,0.5422780589762225,0.5470298107314894,0.6294548674589067,0.6845179833175452,0.7086720684183021,0.7591319842213311,0.603676410129023,0.8357568993272685,0.8299547813057708,0.7612976612223201,0.7576530271679369,0.7714447180210385
320,1.032679326391312,1.2250434481141628,1.2168665723541814,1.2262953061735202,1.0910923223736801,0.85213383656308,0.8993220017141075,0.9854462021822379,0.9346738232053752,0.8913897872100426,0.6250299878161081,0.6342903421087098,0.7001138094626904,0.728771901672299,0.6477516875135043,0.48009196540498045,0.4359057324269995,0.483222341885314,0.5466527999157216,0.5388199132330456,0.4956848204689717,0.4767384139557648,0.5757861757131448,0.6325067681698691,0.5390070384893983,0.5960930408777234,0.6914317867117539,0.7379576091440964,0.8305889438792181,0.6078054003776305,0.7815832469646153,0.8757333512830592,0.8287212958460903,0.7501143110862293,0.7825835706114697
321,1.1068440329249714,1.1278342398064325,1.2397214092171929,1.1330743899174904,1.2548760047777283,0.8197237998363742,0.8566108151004511,0.9567623437396643,0.8558869660076669,0.8126735023289797,0.6617611591648809,0.6290961419547885,0.6531370981297315,0.6796727133123237,0.6339236575374805,0.4702916444491412,0.4077702107442628,0.4865302516941044,0.5551507078887992,0.5379054527380933,0.5270824399697844,0.4341319334674204,0.5553472387556262,0.49279044172051667,0.5658075096940169,0.7172876999167661,0.6571370606981638,0.7187098263947712,0.7388561627507408,0.6554265532182797,0.8261166063697156,0.8537949648777612,0.8713715302228162,0.7258279344110958,0.8476862849064648
322,1.2552790258182616,1.1404681890820085,1.178338741473108,1.1410710133270698,1.192703438242463,0.9894264687942338,0.9353173000749848,0.8852665617996334,0.8538252540855935,0.8093719829889303,0.7079146478119427,0.6190942857921494,0.6350798804084267,0.6740467040238054,0.7049503808264975,0.5320649932046195,0.41297670767547245,0.5140856229626789,0.47735544181476325,0.5548282811416694,0.5318636090532133,0.518471245402365,0.5150461082074562,0.5895898168871869,0.5561892270312385,0.7346068577224654,0.6604015270832367,0.6669844990508055,0.704627934179294,0.6303112816752798,0.7669216031442291,0.787253075719547,0.7842847508940638,0.7613358872883599,0.8030962491435235
323,1.2014539970814075,1.1751704348769103,1.1416465792550383,1.1153693172046126,1.190338413130665,0.9383449102480138,0.8788409113401584,0.9363000762796976,0.7688244253771677,0.80052702078924,0.6808467151854549,0.6627542656862644,0.6892794498894329,0.6006389670942508,0.6508827736113953,0.498985479829518,0.4464088902918655,0.51794203143011,0.5206861522060102,0.5332920734364237,0.5543267945789057,0.522281517324249,0.5399509622905941,0.5272741813948036,0.5181893389388273,0.6677396082292517,0.718790023587925,0.6848319356365093,0.7281176472724948,0.7113091947910559,0.7720843282743219,0.8119484593429398,0.8470001935187519,0.7463288828340945,0.7530882995153856
324,1.0917000008705433,0.9845645758869637,1.2434536260767652,1.0679586280844902,1.0884085534561172,0.8819954070756174,0.7705331815185188,0.936075989223746,0.7906506689214319,0.792103915768744,0.6173062077385526,0.6255271970443199,0.6736597876378461,0.5988490126273015,0.6425472472177873,0.4975563542625246,0.41631214397519994,0.4461834465295262,0.5422940201356946,0.47393462092438704,0.5342032484635846,0.4375347879748659,0.5117763955590273,0.5477005217004507,0.5597560870000906,0.5718043065966778,0.6940988749299766,0.698519430181695,0.8029372324399563,0.6109721128317633,0.7656135113755336,0.7714166558610539,0.862841333017504,0.7152307811926448,0.7701946229013181
325,1.236440601944167,1.071492646858741,1.2487655707809866,1.0118408522497098,1.1345061144610291,0.8646314253867653,0.818210257065806,0.8685104617651688,0.7975379496642758,0.8245631067444401,0.7054210341820881,0.6543315342391203,0.6939426734266463,0.6792076374870051,0.6233633295466443,0.5385039666787883,0.46980710227408135,0.46200994261897854,0.5597018444764491,0.5143095695218829,0.5891243459439617,0.460562858484154,0.5393673281092937,0.5207597908302902,0.5754348922123564,0.6958487412144609,0.6851785848675336,0.6901897977739782,0.7146362874718983,0.5769283792821842,0.8312146975327113,0.8212828751227188,0.7365588600218596,0.7508669027808758,0.8358306385350418
326,1.316145856163891,1.0752685505929107,1.1957030827698765,1.0977611137996854,1.2205339529323516,1.015738571262814,0.8353183154682499,0.895272069686073,0.901453966603292,0.8343176277858533,0.724360679905201,0.6276879881740336,0.6590793128354765,0.6427098100080644,0.6183379663101702,0.5950805000979235,0.4293419705434667,0.48107506492656804,0.4508210280260896,0.5252989895094902,0.5698842496222842,0.580366968420668,0.6009733642825514,0.5122779804233748,0.559596868229573,0.6847943713395589,0.6911859931206905,0.6592847960880814,0.7128102219121273,0.6828601705230473,0.8073577850857603,0.7293899714644585,0.7639395394773043,0.6773737580857748,0.8512093293891375
327,1.1914256432453,1.0337874014234592,1.1728219971756921,1.2322189821174616,1.1577472330187968,0.8461453695699355,0.8536011883202935,0.899255916994182,0.9475104001209422,0.838885467794749,0.674820444385945,0.6276983887644576,0.6570376685223318,0.7288516663000484,0.6310796219558903,0.4557119531204189,0.45349398840954885,0.4222656240914061,0.5060680973677155,0.5586116677372728,0.5449866245937429,0.5206432281173654,0.5666155656592385,0.6125716078492531,0.5982854959841408,0.5854012901360222,0.6330025243756658,0.6931358717989986,0.7609997475405428,0.5860166213684928,0.8493457592420017,0.7487585987575804,0.8231506154600237,0.8870867944667788,0.8694949344644111
328,1.2185749698000343,1.2566094163001496,1.226048044107308,1.0668022235754493,1.0771264797963362,0.8928820201528361,0.8997153797986039,0.9274066418510083,0.816101007158383,0.7663173650049354,0.6768120432587346,0.6940142137322713,0.7187216051680503,0.5974599850332709,0.5592433662043841,0.510887913393595,0.5286317589765108,0.39960347491351855,0.44986737700204676,0.49898711831380116,0.5688894926054149,0.5128057230819559,0.523357669835096,0.5054180646575939,0.48875248904149116,0.6669090145724237,0.7364463391313814,0.6656843642574517,0.6623070462349803,0.6119207770218804,0.7080064467374958,0.8013351776779837,0.7852352618127079,0.6935623903927759,0.7383277609739465
329,1.0058372078958218,1.060502641472852,1.0776239106390415,1.1380838944445109,1.2746652986563105,0.8079756240224787,0.7509567048724851,0.8522621760927522,0.8410922701322358,0.8986207341650723,0.5771315026808758,0.6157153330212721,0.6709485097305765,0.5887882288790784,0.6564259015987757,0.5144807717175934,0.42027595096517056,0.42513678925044607,0.44424135446845514,0.5590429205593144,0.5261428999782716,0.4425781364485165,0.5722349928809443,0.48873186983536027,0.5977769424414681,0.6214085494645023,0.6678718147866622,0.7600653198566802,0.698182532285534,0.765410240063223,0.7574349231241091,0.7698905898100751,0.7958373798417003,0.7598453166137557,0.884197009963372
330,1.2438205652240777,1.0833894214497393,1.0097200616381163,1.1612704808269996,1.1665065806719188,0.8967419275874199,0.850057508988305,0.8487713855708992,0.8502778559393978,0.9004717168725976,0.6712320367974096,0.6272774457219537,0.6409093427660769,0.7041843000431802,0.6913400863216705,0.525024182392184,0.5005952562666507,0.3597282106605628,0.5505199251148717,0.5405244472915869,0.5591155340825058,0.47369149975188063,0.5006433476353789,0.5544626303448816,0.5600554131153461,0.6025338163400799,0.7170227597230796,0.596140621845719,0.8027986050337215,0.6778914413947623,0.7369987131012637,0.849342477472871,0.6691614526160725,0.7543995060941024,0.869335462671111
331,1.0972048909645513,1.1935654604818016,1.20610391335949,1.1265676262646438,1.205889163517718,0.8710535687529577,0.8450392420712601,0.8664981849390498,0.911596913304185,0.902840522660602,0.6051629028670049,0.6186787427161294,0.6570233622766624,0.6217993176399444,0.6733081742179019,0.4704476298559045,0.4986770872226742,0.400160684003816,0.49832769629348816,0.5694013377374892,0.5321255485728843,0.47258665546057416,0.5503905508524862,0.54167134484566,0.547925772634685,0.5832337103308038,0.6950673923274355,0.6926536794555134,0.7148196737690722,0.7283530510624728,0.7161280376099284,0.8576415441575393,0.7420723672438858,0.7771951796665958,0.867578874051375
332,1.2032898219832173,0.9977532014501167,1.1975255027733742,1.1853034689136965,1.0930809153190282,0.8753209565897554,0.8221089616441608,0.9388603524064145,0.9611623427211076,0.8106990809169602,0.6135209965222392,0.674271389365715,0.6498469364412082,0.7754731637855627,0.5664202089969081,0.5191701158714083,0.4776544136976895,0.43237168253127994,0.5665589790106352,0.46375344273471875,0.5172874529247632,0.49037262664094605,0.4967296288667371,0.5498013353827992,0.5092584983538619,0.6700278085977314,0.6834697734031303,0.6590419599858209,0.7826543859109301,0.5470976064310985,0.7550945477412792,0.7652682102240067,0.8005944352671585,0.8083155522783907,0.7619891051880907
333,1.098532968804387,1.1498402155269671,1.0844095391239394,1.1291854580275857,1.1249647974088233,0.9043530087920029,0.8222242224007824,0.8715177390781882,0.8789149107408198,0.822080326308477,0.6484776941428421,0.6735546246826686,0.637835680230818,0.6942001754488835,0.5624556503920115,0.4687323145795629,0.5382645629085736,0.39605731389493026,0.5515884462456024,0.45631141236696154,0.5639424865559493,0.4741702069447826,0.4752138221145063,0.5254909810193904,0.5029520295350203,0.6610438261974085,0.7197021714020042,0.6826009370170296,0.74274605589914,0.5661183945165397,0.7153443110476918,0.815300945041259,0.7510806900821217,0.8184766053985612,0.7304131333916992
334,1.1069902402731273,1.0725789946153552,1.0949247854650739,0.9841955488640812,1.1122188704086915,0.9276480267713151,0.7490844988632837,0.8497611369396018,0.8133606284086397,0.7884000705273162,0.6563302242272462,0.5995158330748762,0.6185758591584829,0.5728550412044864,0.6317712347319159,0.49815615471029695,0.5096490139515994,0.37528269729408514,0.44906854176735267,0.526806028672638,0.557344646003334,0.49189099308554196,0.5628783634467456,0.4656285516631331,0.5034774328477307,0.618331174056195,0.6787416472485821,0.7133811863010642,0.6950589525041135,0.5442873312980083,0.8075747216228242,0.7312959727573586,0.766380445919091,0.7021294457766092,0.7652448852527404
335,1.2802723957556337,1.192528831444076,1.220478498201938,1.0397273155664057,1.2811878605710514,1.0461470088777347,0.8129829504835773,0.9565573958988991,0.8721312503768603,0.8366810968968701,0.6862187432706355,0.649140661380306,0.6977416367156888,0.678455909319237,0.5844757624590363,0.5645876776313985,0.4362756575265144,0.49207721065242493,0.46292500068778064,0.6000035242863717,0.6155133418014331,0.503452058648247,0.5710237722154903,0.5356017463509706,0.6093842289568254,0.7126457571819658,0.6283942752620539,0.7141301797929178,0.735767447591972,0.7155219978202474,0.8960930477443039,0.7909979448750641,0.818747024341324,0.7182653951852888,0.8546601938378553
336,1.086679073430889,1.2137921069482032,1.0269535288214882,1.0371757027261803,1.0947489561375656,0.9797703695858146,0.9486497539674679,0.7553011083665556,0.8584282947522985,0.7938089588117585,0.6579084623358122,0.7211823528035312,0.5910836001099333,0.6605118865530278,0.5787667991508425,0.542714915131945,0.5799579468225919,0.3774101665692569,0.4566757325239628,0.5278573122531685,0.5808979637211839,0.5375269414961339,0.5465929033231247,0.5525211587433814,0.5299802602143397,0.5578848035183674,0.7026889878966793,0.6357245147867439,0.7602271833333274,0.5110888934031164,0.8459858475813343,0.8976277240567445,0.6476717454007996,0.8017291704161502,0.7985663709243908
337,1.2826434345885684,1.129119141037734,1.0715293606561087,1.1883129514149295,1.1909768452834617,1.0416047066974938,0.821669784609921,0.8141969995037497,0.9263892038310315,0.8728979553483587,0.7185540145973208,0.6741707251775715,0.6112697477879927,0.6249190832767184,0.6532667010321669,0.5913824709178219,0.5351287623127372,0.4099697540700098,0.49899590383320813,0.5691911030444415,0.5974856070977759,0.5002380385301491,0.5092306981778962,0.5074709330278337,0.5450287259712955,0.7312037291980353,0.6558300126608895,0.61842797401186,0.7090664271722074,0.7213298151077258,0.8896150732306692,0.8413991708676802,0.7318761230424429,0.8097299422034169,0.8744293405422805
338,1.3216953707533179,1.0710990622127379,1.1545041640739035,1.0791897171878497,1.142500197220117,1.0058774272123876,0.8510038524512797,0.8535661344793922,0.8305586992391425,0.8662280536232394,0.743862548933409,0.7005613706076375,0.6326279100794253,0.464165380732257,0.6297410399269823,0.5981501336769194,0.5185834386518469,0.41269726107408566,0.49397822123539203,0.548147252825562,0.6328187108813457,0.5192109306391824,0.5812754531176513,0.5636154558104894,0.48751533691050375,0.7619506536916014,0.6285361416111561,0.6800865369592721,0.726979999800194,0.6634662111980925,0.8505301319897579,0.7870375108247037,0.7745509464042581,0.7276275051866719,0.8324175702555137
339,1.2789806002681994,1.2324923428663226,0.9544000439600306,1.1010425469385827,1.2009238966420699,1.0505152360031162,0.9043769853077939,0.7979447982875942,0.9638669044393671,0.8623323602760482,0.783451860953861,0.6821524157970895,0.5992549090845025,0.5931925811916395,0.6260270501443672,0.5992433871565686,0.5401410890091605,0.4583294380785823,0.5344289056581095,0.5297345065244499,0.6716726456325597,0.5332679587420526,0.4891079666675502,0.562276094656448,0.5018303479452674,0.719515553558703,0.6806866025276654,0.5567375389976854,0.7308672936183374,0.6499020857288418,0.928745647651922,0.7790419291302293,0.7726794221141713,0.781798407036375,0.7645425338890695
340,1.2431153876831758,1.1113534295582463,1.0773255249209321,1.1561374595277523,1.1847356937605173,0.9434387713864645,0.7709837188971751,0.8147469078164233,0.9007667885894673,0.7763399173672343,0.6441518801679285,0.5999391892902721,0.6368752469314058,0.6854537696289015,0.5623769694365253,0.5355948476074485,0.552894007511419,0.4557553649906224,0.47778086713880313,0.4792104711038689,0.5410356770931418,0.5136953017282735,0.570229010119625,0.4963704685306033,0.5097619474787296,0.5840830793292098,0.6503223221487879,0.7819412468206012,0.6999952176720479,0.6984668438202739,0.8173700792673184,0.7981032301766753,0.8188852536155143,0.7854274698793886,0.7287554408492891
341,1.2142700570615672,1.0982011246143115,1.0649257238930623,0.9612148059733943,1.0959541663557757,0.8770879640924072,0.8615530829157202,0.7947410594439559,0.7397431886053976,0.7464569400994818,0.7106770057660765,0.6560826017440204,0.6348226272729478,0.5425341282219669,0.5743706628075231,0.5227935423946111,0.48916643674750065,0.4118343823181746,0.4974811557494526,0.45437693017439157,0.6229389351384624,0.5726299109219741,0.5268937029637575,0.497181601590304,0.5259182977681842,0.6953631915026172,0.6988131696546144,0.6757865354996708,0.691904902542466,0.651613184886052,0.8768908766651524,0.836713921410666,0.7636202996851291,0.7341733556312529,0.8071028266545197
342,1.1803309864311018,0.950223046260636,1.1270845788607269,1.0444534432061086,1.1472523523196883,0.9149801572753373,0.7452162470031645,0.9545876316802323,0.9291202614043027,0.7840029195446198,0.6359810658547252,0.594605157058831,0.6657939940045439,0.6116114427074251,0.6113257427886549,0.5156582013327715,0.4065469400494583,0.43525834030504373,0.5366803767359765,0.5307037693590868,0.6110059659835975,0.42355705600799615,0.6327214050489476,0.5207166094745677,0.5491633534334639,0.689526958743133,0.5636614384442868,0.634177584874694,0.7858001176131346,0.5800668508022622,0.8213023690694649,0.6741518061988327,0.8008599221108249,0.7645737874704531,0.8308612453878018
343,1.27899409176744,1.0987936672984695,1.060711272628459,1.2116838370674836,1.2184719334853304,0.8194239121290614,0.8315029712661515,0.7502167736540446,0.9019752429243076,0.7847590300419612,0.6852026436180767,0.7037114380675531,0.5900905594821526,0.595328052307943,0.6360028225924578,0.5185844130083129,0.518573463714323,0.38894550489280855,0.5466461793723655,0.5606383563988857,0.5992626530078982,0.4678252425873749,0.5505659771457281,0.46869836524055186,0.5397308811127693,0.7155985299021103,0.6626798328770886,0.6190082709886755,0.7717263500571703,0.6506994583222907,0.8153581063424367,0.8243705788042489,0.864789709374653,0.7929004078880924,0.9221239442944708
344,1.013432122344362,1.0587388104292703,1.0634501698460148,1.229836312723946,1.2224296061078008,0.8075575948473669,0.8590603934214667,0.8256962956829964,0.8975242808565653,0.8643334303658665,0.5709348203988542,0.6577638993710473,0.5905051709485449,0.6630862778200308,0.6357899600958679,0.4454088320623932,0.5469775081461127,0.5067816282871009,0.5888076586967514,0.5964573068267698,0.49974085919710026,0.5276237208198997,0.5499851163357173,0.5861230264649605,0.591522223625577,0.605676232477201,0.6789182633102684,0.6657818790188033,0.8534426387315645,0.5950321133714578,0.7360167287814537,0.8929593130558358,0.803839669035809,0.888768062325496,0.9106387792611487
345,1.0435014904390845,0.9645205576999867,1.1241232441899116,1.1359149804945168,1.1894531976668312,0.817094535860532,0.7340060531218413,0.9379444713797404,0.7746531153731875,0.8179929848856704,0.609498691773892,0.6250269398380248,0.6838115781618889,0.6421249682921941,0.5805340471987293,0.4876006894982676,0.5177921595711108,0.515432514809895,0.4685162842924152,0.5398289964724614,0.5079781081880765,0.5024241332416055,0.53794322714695,0.510581006478372,0.5664437055795747,0.6501928453469048,0.6642249479616374,0.6599935374298187,0.7356777267856489,0.6624879821007207,0.7463446072256253,0.7825605812029655,0.7385315843061175,0.7317062795305143,0.7767091679463412
346,1.0594695800527814,1.201210931690185,1.2258322545036477,1.0767740115894562,1.3029523563934058,0.8261903407552217,0.8907284353200471,0.8736239279060418,0.7976566838371373,0.8473818800191255,0.5749565752294399,0.6815329214316336,0.7137943662587735,0.655205293480691,0.569288117101022,0.4417301292879636,0.5457247378656095,0.5496388139846835,0.5434526917199451,0.5498669589402645,0.5530639365744987,0.49951280530803205,0.5813322074316452,0.4702431248925906,0.5630233696664962,0.6464613295249768,0.6387890098266409,0.6983172384007302,0.722938193740863,0.5959792848189233,0.774805726647896,0.8262512403008795,0.8843113891186568,0.7779314812498296,0.7974716628449308
347,1.1870371463040739,1.2775199727401145,1.0625548318687335,1.190436568314707,1.3323156819553552,0.9457958968282051,0.9231415274231485,0.8220810566630523,0.8615920878966153,0.7517042337367911,0.7155363279813309,0.6922323677041258,0.6380915478145066,0.5945951643215558,0.515612667585334,0.4982979452871644,0.5977449243650701,0.4724482809776052,0.5709046893473964,0.5336497893318846,0.5453497422986942,0.522637024510104,0.5445918755570074,0.5123307450867036,0.5642516541205839,0.6630476697451297,0.7249169388160867,0.6601282584624126,0.7411864523677598,0.6121578775774839,0.8555663860979581,0.8060538748648136,0.8161615250833936,0.7876411483372986,0.8491355805628406
348,1.1399559413432914,1.217054037714729,1.081509152952941,1.1883840020659475,1.142166736722698,0.9329204862542211,0.915564682098423,0.8020559681244829,0.9238157173493557,0.8154607597003295,0.6679921085112066,0.6723353156428674,0.5835304187608316,0.644387131242032,0.45337066272596505,0.4743664866334544,0.588027531591753,0.4592689689948659,0.5442980232506789,0.5334943540747563,0.6141849156766032,0.5339203499875128,0.5667924762119703,0.5569708599111667,0.5397020189943839,0.6533397779962069,0.7361216585809247,0.6803751952867058,0.6983574621476345,0.6386341339110528,0.7358506121866277,0.8682351119359271,0.7341639624326347,0.7955647208050006,0.7944533782075311
349,1.2108067582701858,1.226406452972802,1.2028966408805855,1.1789201777070129,1.1111661942711761,0.8553619582615435,0.8534252983646982,0.8213923098739666,0.8345842451043595,0.8331666843983925,0.6399400433315376,0.5992260925082113,0.6232542377548136,0.6782969826431331,0.39294935815634885,0.45081584928796636,0.5288708300451954,0.45431384154862975,0.5763959756454323,0.49945195535121123,0.568846952678629,0.5163691166326791,0.5835988707983777,0.5274861415001533,0.47944440183660314,0.6719742909451633,0.6815453015157125,0.6848507145683906,0.818328082488907,0.48437529945112606,0.7840236714854362,0.8081550135229931,0.792008703844425,0.8257082561010223,0.7983296086931394
350,1.0591990686640664,1.2302060904976315,0.9672269999479792,1.0984270571858508,1.1335135383583261,0.8197338998746317,0.8578464512997626,0.6711910169540451,0.8250088304428023,0.7439779056891644,0.6551913299722699,0.6355212692401467,0.5915460236347035,0.5755533087242513,0.523057003902164,0.47199817727693916,0.5554686419276622,0.4212704075059692,0.5000478015414067,0.4769860424998352,0.5867534128809717,0.5499968949199708,0.46756165355853796,0.4840469640956931,0.5442169871886773,0.5755423838774072,0.7024894999180169,0.623139678713826,0.7132461764106001,0.6259748988559902,0.6642783787774765,0.7864766115604028,0.7156329022558032,0.7114130171220151,0.8009965093204612
351,1.1632978548282442,1.1015227553828364,1.2891253385412376,1.132780874597111,1.18292189817284,0.9412112590766868,0.8362007538602235,0.9318085204318165,0.8450600627518599,0.7792732694022383,0.639406551874695,0.5909715855244683,0.683160925316151,0.5979844741913741,0.6051684282522225,0.5400423338728597,0.5521896018309794,0.5011541722922398,0.519640466344222,0.5264607557371803,0.5883497357947397,0.5466541900521622,0.6511050669413012,0.5122878748052235,0.5661063353537475,0.6470350722144522,0.6827499547752472,0.759754117528702,0.8307393594428698,0.6098243801138072,0.8154426574723102,0.7848325077874055,0.8586110459498246,0.7893598922393369,0.8213887682008336
352,0.8847009497337572,1.140609014094509,1.22379248006501,1.082541281407337,1.1379712372047748,0.8278324248640017,0.9324003586124089,0.9345863818947058,0.808445891188805,0.8540130241390365,0.6445187522908615,0.7251995356754759,0.67106660386507,0.6182273164264112,0.5914492859092699,0.47905829738996386,0.5724581098375594,0.45179370906116467,0.5074637331313275,0.5290043716205003,0.5694390423983026,0.6011165029934754,0.6083948378821185,0.5590536997926238,0.5041426553182037,0.7294936732053463,0.7735554782673654,0.6593761738156443,0.7244622314992497,0.6430350097338244,0.7968836735395941,0.8638959575160488,0.8445273509275851,0.6995946676545564,0.7522054655261514
353,1.0982788982120786,1.2012173653602574,1.116197666302463,1.1504565993682243,1.258396432752258,0.8687198795095454,0.8994507806868244,0.86231013601016,0.8235492359748462,0.8679492970867071,0.6630178635127597,0.6639111545819993,0.6124527242744415,0.6444410555468072,0.5703529341138455,0.5138496746345427,0.5352228046697541,0.40188277880930756,0.45690543603287226,0.5632856850150304,0.6066295215924166,0.5456216760896959,0.5250877828355103,0.5204835164102868,0.5889135642439958,0.6377288289703216,0.7015512738011458,0.6258335409481333,0.7308013030909379,0.7132549459255034,0.8371261367308496,0.7918516462923437,0.7848914772514604,0.7885022930354807,0.8625428934558772
354,1.1794749559474835,0.9531100804088976,0.9678176559531658,1.0547068226951484,1.064207675554043,0.8715461449669779,0.8248384493656247,0.778429778244321,0.9220338828878768,0.8823695655285294,0.6361746308327648,0.5988151545320588,0.5550694947284791,0.6567041781124118,0.5164399803458473,0.4703903271647668,0.46081149164071,0.4210436611329619,0.5564820245761766,0.5636210740713239,0.5660029579224644,0.4688415808855886,0.5135635308336222,0.532506071503972,0.49921372325158275,0.7051340256222632,0.6334408443024733,0.5178357510688,0.769096155051751,0.5543049432185881,0.8115694755503752,0.720469520365142,0.7424403128517602,0.8473572955636437,0.7684899310384006
355,1.1529508638193033,1.0899792032648878,1.083368223414801,0.9833294788863294,1.3137381005050714,0.8897944492460549,0.6989490190517289,0.9270096022080501,0.8105151380265172,0.9036465168101508,0.7031839416272854,0.5887457554178762,0.5789511962760115,0.5961946523691959,0.6087130166702728,0.5649488404117026,0.5195653809297989,0.42910007367419956,0.4000770487051159,0.6375597362654952,0.5888558768839085,0.4770691997852943,0.5231763253462736,0.44038140902955386,0.5889275536491712,0.7216812407832329,0.6283590577402238,0.6756197552403642,0.6542969957891296,0.669102067150223,0.8543706084693421,0.7115138280098495,0.7306668260024398,0.684956487511389,0.8469855681488421
356,1.104559389780413,1.0315363173192205,1.132596492252362,1.0808906511063885,1.1972241124593115,0.8173541750921018,0.8085643155409143,0.8849386084337134,0.8388586047237669,0.842748224477668,0.6448261649471083,0.6008311940782355,0.608209092012491,0.6256769100406814,0.6152189039195839,0.5102759763457307,0.4793712387433998,0.4407856704042966,0.5140556173108295,0.5091137656595783,0.5620962435657717,0.48598271302624424,0.5491475175364492,0.4526651169961555,0.5185412184539274,0.7227522097490557,0.6689233568278316,0.6321641513657191,0.7967953849933898,0.6430095768575874,0.7478578574643541,0.7643617475338766,0.8025062208695478,0.7781845243427189,0.8041685503955703
357,1.198879244432134,0.9214277420766936,1.0780652911991064,1.1869879295173829,1.2648627616774293,0.8843380911121741,0.7807513664972279,0.8789621510988878,0.9456264544698318,0.8228202203015328,0.7316401533876926,0.6020080952307293,0.6302849051634503,0.6410535830594073,0.596224923849703,0.560864848345606,0.44901840102967694,0.5140578999823467,0.5120168588112758,0.577440988944801,0.5612884082465971,0.4681787131027513,0.5834313364973669,0.5515435427450455,0.49732445356677757,0.7398936440365059,0.6042749979894553,0.6489114950539752,0.7799399909727082,0.6812194259817368,0.8398503723203994,0.7780559289857703,0.858675295986028,0.8365002188436764,0.7678148770461091
358,0.996382323733719,1.0458349233011632,1.1577168419767894,1.0394401493886583,1.1136626604457431,0.8080763765628145,0.7981181914431814,0.958068988137424,0.7896643983723254,0.8204745661741277,0.5459340987807026,0.649142886001175,0.6159726684813384,0.577945040933432,0.5536111260443233,0.4627826332858273,0.5160414695848268,0.5087215379811607,0.4538131396510554,0.4712233088016673,0.5167903184320284,0.5107993431145594,0.5879712378823541,0.4915878355019745,0.5146170289176337,0.670676141171995,0.6664580932290701,0.7310028821501239,0.6800206282277537,0.6135124827953218,0.6742168628715042,0.7864241761930124,0.8587107585383773,0.6720244669254706,0.7683290954228204
359,1.004212107689578,1.2239498354937672,1.2964299578056118,0.9656087062968544,1.2262252510528362,0.8628719726601664,0.8690377174459913,0.9407064870092922,0.8254783984721271,0.9163813504861291,0.6155429135697192,0.6871120783921905,0.6851385445639471,0.610341596637596,0.6343646389623555,0.5206156367443435,0.5961112455864055,0.4837631982363037,0.44598128086601196,0.5818568629503889,0.5232100486663076,0.5233844527786222,0.634741720503586,0.5458529133779759,0.5975493214458717,0.6275499140648032,0.7644633609695451,0.7491947501164142,0.6224800401929367,0.7013557679305324,0.7939458436034513,0.8742919360027918,0.859822680168762,0.7734293419056368,0.9064466661887094
360,0.8911198039594893,1.0523466370843595,1.1923316827238217,1.0927828705259865,1.0716356123131,0.7196618168952006,0.9217251231974573,0.854844525293247,0.844474341904154,0.808758600091056,0.6015365154688345,0.7009614812357398,0.5894075656662083,0.6661097481356358,0.5849933035493818,0.4124228349911116,0.5067658005491152,0.4945191391119511,0.49116516479119676,0.5262830291841196,0.46265818109812074,0.5260330981829733,0.573522070221159,0.49344086634716744,0.5658123030163963,0.6446131729314866,0.7077814855519449,0.6935072134512805,0.7477362437071896,0.5856032757385202,0.6973502315334335,0.8350163585636005,0.8445452896746234,0.8191596664210777,0.863844975925355
361,1.1373042485607203,1.0898561047225765,1.2130061839507085,1.0087623949669255,1.1648912878085635,0.9001137914503476,0.9655953713766057,0.9222780408619958,0.7612237266133806,0.9210031846392407,0.6838112652576189,0.7022763929430766,0.7208487585554904,0.5965274916301166,0.6256862727799996,0.5681475093800579,0.5464892197390772,0.48486757704969297,0.4630332188222239,0.575657018973413,0.5170880313083068,0.5393817813706749,0.6319936146951515,0.5353536982915426,0.5798835556854761,0.7331254475895976,0.7288654326344836,0.7216343714393849,0.6776968232061893,0.7472299227677832,0.790614999406121,0.7947179349928628,0.8227459767782119,0.7810258610513561,0.8211745639542106
362,1.137198439312126,1.0122935541856541,1.0321199094110627,1.097308300610971,1.1660937415355368,0.8833883348411802,0.8041343353263537,0.8383314365112302,0.7075098335317601,0.8092219590683895,0.712290866607064,0.598124077794699,0.6068299670294994,0.638517457391722,0.6392327932471595,0.5689281201050493,0.4657184842612969,0.4569475955433753,0.4871443898708371,0.5657515441028091,0.5384768435788021,0.49834956863812246,0.4944450186523824,0.540473804236973,0.5604740424113106,0.7417001540413352,0.6352490109631954,0.6425528858284031,0.5849653786993746,0.6268067691038528,0.8640717746745814,0.7532643890902856,0.7522006642511603,0.7901877266626208,0.8710114787943304
363,1.1009237179727283,1.1631691704688558,1.089303604089689,1.1540797291934561,1.061736622729335,0.8598735640095103,0.8736526306605603,0.874687353846689,0.7476681359411562,0.8223215879125974,0.7014399308634238,0.6857204237607707,0.6284908895480783,0.6559602125750204,0.5338738433892396,0.46799906640708944,0.5198239019185446,0.4986366031558982,0.4353942127690205,0.5384684857905905,0.5439852411304843,0.4906930722581313,0.593024059110091,0.5915684684733634,0.53170675598612,0.7705108745337401,0.6570220025048381,0.74201380270027,0.6485690547067036,0.6343215683765749,0.8328909126713769,0.8558837459096401,0.8756898778316156,0.7897573253064987,0.8167078642171343
364,1.1512402107653594,1.0064565905695937,1.1529772682315573,0.991637619429937,1.1816470510792865,0.8790382033260506,0.8190334907035113,0.9933304368148418,0.6739119364562212,0.8435022229670066,0.649689875886722,0.5817544807230655,0.6505369589882259,0.5415440345203001,0.5846211761044238,0.5492999741578058,0.45049252744787405,0.4955816233762951,0.34001179429751427,0.5052508709488285,0.5130647401451301,0.46651721758713693,0.6582832788043425,0.47006983530053004,0.5156750295438524,0.6329895259626277,0.6887103831442316,0.6938540857483398,0.5700916252372568,0.6292998154932519,0.762496677540764,0.7712629650516392,0.9172584641642963,0.6792481596173454,0.8229039421264746
365,1.1823471783249249,1.0485169070904758,1.2620064209800828,1.170017933994284,1.2626365011583571,0.9201688471597442,0.8445955135657559,1.0068497850426121,0.8247658027796485,0.7516648078103978,0.6330148564485314,0.6664359131841078,0.6326817964564437,0.6333532816427097,0.5853722611914262,0.5364750235054445,0.540510600392498,0.4886344689475569,0.45273098915551746,0.5199862000859582,0.5841693268833283,0.543289944469433,0.5718573538772194,0.5093149258206349,0.5345584354371242,0.6201674521887963,0.6978207024276281,0.7501544340521964,0.6652771779531461,0.6731284727225305,0.8899972466981254,0.8848018454068822,0.8346902864550302,0.7675600728321305,0.7832723356540099
366,1.241425849767497,1.0923072707626456,1.1501591037564927,1.1852887672209538,1.160785194633901,0.9192129092032256,0.8443204193398867,0.9306829589290249,0.8932262092359522,0.7977948575758056,0.6988548936841049,0.6632957759418007,0.6369329503910789,0.5868012507277787,0.5268799980034149,0.5188227252623396,0.5260486606025531,0.5096090870436165,0.5210455910046781,0.4948760085763091,0.6104057395453768,0.5097699564569902,0.5760866982487369,0.6055633633986892,0.5390142721227856,0.7614681355344236,0.7651899750447684,0.6667699892815828,0.6897720384200791,0.6499551877503671,0.8769995666381301,0.7484841202993255,0.8022397461935384,0.8025165014696525,0.798569331483761
367,1.1527190889997652,1.0773425803588577,1.0713763362926572,1.029376423543232,1.182599178662529,0.9391033805524829,0.8590787215540078,0.8578703394448826,0.7271061151136474,0.8424198175518812,0.6615687351095859,0.6505105968877768,0.5872290373726738,0.5799090688235251,0.615290851023804,0.5563951226474495,0.5562157091922588,0.5052549176026406,0.409955894884688,0.5267281835005898,0.5649605036554669,0.538487322274533,0.5355949896369048,0.4719959508164362,0.5321867564883254,0.7002928886690944,0.6914981865909289,0.6144732955023077,0.690114919335425,0.64472599342299,0.8919994477497935,0.7620560596835904,0.875823673451222,0.6667858251285539,0.7522976190802831
368,1.0402727347911576,1.1806842832572415,1.1146316292871057,1.0738928368262461,1.2865943423229425,0.9083449251850275,0.8776442602176922,0.8812438932475013,0.8598394383738319,0.8095310151985695,0.6555902473049193,0.6722700434221403,0.6025447240612758,0.6607070247179072,0.6628770793423593,0.5003267241248699,0.5101090036154472,0.4223698005856139,0.4133069375257215,0.4869338566780074,0.521381143332423,0.5422714947927068,0.5679089579110774,0.5511048748868681,0.459811546516688,0.6821973187971578,0.7310429287656106,0.7130971057384122,0.6573401894188093,0.6939305545872572,0.7842709095072229,0.7946509942615426,0.8848141086465553,0.7635593365338009,0.8832552913044815
369,1.1464934347519282,1.1049879923593764,1.301322276532156,1.1057856804942254,1.1802394647855858,0.8410544545074845,0.897570503087999,1.0449602515127334,0.9576081783273651,0.7499216137932978,0.713942099813171,0.669085046249466,0.6692184054249894,0.7038945496846871,0.5696727832591073,0.5077624327027424,0.4836861550836309,0.5144766835030394,0.4367842425557862,0.4893482919879053,0.5629516115340072,0.4571311088422749,0.6433176859245109,0.5918056347694849,0.4100715061628204,0.7150262078272527,0.6311552492715936,0.745810046742414,0.6734455641603392,0.6515605089394195,0.8090217620562117,0.8541913740348899,0.8711731782765835,0.8369990441352346,0.8747910124748515
370,1.2130322879692277,0.9410923626831809,1.1329386112054936,1.0497740653155954,1.2753008901903842,0.9106837481567871,0.7858562645917675,0.898215203488918,0.7310429805014477,0.900020725985083,0.6791725531160921,0.5693331837875435,0.655499365178561,0.6274059491271283,0.6918859217014349,0.5445416285021629,0.4407384785342528,0.47885794462225206,0.32858118096621036,0.55165979439216,0.5489349672327196,0.41878527082906714,0.5511757477483159,0.5530522338023449,0.5372692922279714,0.7145357985772153,0.6799747525792486,0.7231442378347049,0.7273089220594597,0.7020151395191296,0.8220241473259086,0.7845041787747591,0.840603447943977,0.7908027053181094,0.8052276999547829
371,1.1015105659131867,0.9428546857991504,1.0809876116679717,1.1546286560389452,1.1070287521012285,0.8986530503538195,0.8135889177297707,0.8267725811296429,0.8387825434446198,0.8244014789174223,0.6323700768334279,0.6091131250896202,0.5797041270409173,0.6429242736443961,0.6517602005113039,0.4690718572133673,0.4631229305171781,0.45445182733281,0.41873207132023227,0.48890944293504224,0.5408243973559909,0.43585277914562714,0.5917842767197331,0.5767934111643065,0.5496914900951178,0.7069003203780726,0.6217960375520079,0.6823141362673484,0.7755038483188303,0.6549467403879174,0.7797997431920316,0.7569916159615279,0.8350346274024714,0.8566480118698472,0.8547622041242724
372,1.2187085761206355,1.1211650891608538,1.2429413132139615,1.0894843361233972,1.0721422574366668,0.9496990106442353,0.8625045072037483,0.920270610622183,0.8253111477795254,0.7445631521375615,0.6253741142109456,0.6882549867671063,0.6606846367754289,0.5983448065591241,0.5211024307592249,0.5144522855182145,0.5486633975365558,0.501243929549168,0.47871575174558717,0.4683495111636749,0.5959374912210056,0.5681284580336745,0.5605969029699494,0.5259507195260178,0.47684451989421495,0.6677338140626401,0.7177708245878124,0.7564783336907582,0.7123102653232174,0.5655081672452649,0.8270090240239603,0.8862379758629579,0.8228677545529505,0.8170330266196948,0.7010684499828481
373,1.2453456150016637,1.054837750587072,1.141964805693409,0.959445205636667,1.1372403792233596,0.9145913896511051,0.8505949782722976,0.8377231579390338,0.7876513958645313,0.821672678756644,0.6552389396389615,0.6487865098087888,0.6307893180578101,0.574459027294998,0.6052831296052836,0.548333471837525,0.5050972211860102,0.46711171947410457,0.3555970641348912,0.504545023701658,0.5517070861160933,0.5465578119616208,0.5654225346314807,0.49911780050226784,0.46911737339543463,0.664171100074253,0.7091406793183133,0.719667142028125,0.703294848774354,0.6165634840808817,0.8583581122015362,0.8524728874268008,0.869921166060751,0.7770847442718019,0.8742746540482135
374,1.218895839134091,1.2221551944960038,1.1934927311894015,1.0131577246706838,1.1415174201926481,0.9031376624497955,0.9226758157022465,0.8792254777056393,0.8583059284217531,0.882460814105498,0.6967643314026702,0.7546062774156432,0.617464712852487,0.6014747724491376,0.5702948067105851,0.48766899616893067,0.5767383261496366,0.5075414052073722,0.41700547755378403,0.5813587945394194,0.5558673615043541,0.5907288990664223,0.5919932426887646,0.4962734436392518,0.6034424507655477,0.7723036626424227,0.7650724339916231,0.6877177517427181,0.7455466890283696,0.6878566307235044,0.8444757448718421,0.8379096552345895,0.8195831886400742,0.7488096615273121,0.8913342868606821
375,1.2134294244178572,1.1844680886305197,1.222808307166883,1.1817633826075786,1.135189709223956,1.0144415763962957,0.7989979876119226,0.9352496435671218,0.8612499623516219,0.7997328450176169,0.722419223664685,0.7147339475484591,0.725347924775102,0.6899045882096211,0.5299705511460713,0.5512128735992539,0.5052269810481198,0.509784530653123,0.4907201842245871,0.47151385329054146,0.6031024959868792,0.5564263175403593,0.603649302845674,0.5980515370642531,0.583524230776682,0.6992008158712846,0.7833558741132736,0.7520128191095772,0.7967636548723344,0.6409086304123567,0.8894666708438266,0.905132779321886,0.8621888182474906,0.8036987858843817,0.7942151185979559
376,1.2445583518036925,1.110703209743977,1.0732637232812263,1.1690135594964008,1.3110770015089024,0.858909491286178,0.936237009612808,0.9213929044782366,0.8153977632363922,0.9486494257710603,0.6663299783496478,0.6885931513207216,0.6727548633830762,0.6417923515957324,0.6544455550265178,0.5433550202424083,0.49923252408116886,0.469555049777738,0.40327170682137226,0.5354575057454659,0.5679375417377102,0.5239512038685453,0.5323888119787183,0.5430911267177861,0.6014526571410344,0.7470534930808297,0.7564695426431285,0.6548121270254764,0.7316324368515408,0.6862350489411728,0.8010518550149623,0.8653229577941298,0.8846663153552453,0.7510956548264723,0.8954149243933262
377,1.095109509927269,1.0863985019281395,1.0941627302715045,1.1462424932446338,1.236151214764804,0.862737159320719,0.898673415214682,0.9469085117982206,0.8947487268916079,0.8476617552627945,0.6445573289326856,0.6850690523500742,0.6851022534096198,0.6859157274744655,0.6743903905092664,0.508647787664495,0.5129319535310324,0.5088815331572119,0.4307826669752948,0.5309921793932746,0.5276844284094526,0.5614814828081095,0.6381526022268362,0.5581607367157817,0.5646809774428845,0.6192594012557808,0.7501168906496273,0.7750021554776179,0.7585926405903045,0.6799941999059171,0.7642117057300368,0.874252192285731,0.8383878570443423,0.7566412188935284,0.8992853658997597
378,1.1763795931193668,0.9586089450373121,1.1934458634143936,1.184367051303755,1.186084475489816,0.8894100282089366,0.855370938313587,0.8916380504176697,0.9280808492639054,0.8982553233962081,0.6498000824865424,0.6386396054536883,0.6256567852215162,0.6375581108098064,0.6604476938917629,0.5123692133556237,0.4333921348627755,0.4352121074646842,0.4670331041091961,0.5263858026875448,0.5688906465361113,0.5200942390845962,0.5923714522551321,0.5558225629961691,0.5897678949059323,0.6797620427484262,0.6825806234384433,0.642761982287296,0.7484603369824698,0.7346227121924278,0.7571990682202827,0.8340083811514949,0.8335614066282417,0.7727300756342248,0.8994114597252768
379,1.068190850979355,1.0345160131787443,1.155388189860528,1.1086667857340546,1.4381873619823287,0.8465941072327641,0.8289490968533024,0.8904032956557729,0.831816550850516,0.8501737498002326,0.6124484133030306,0.6511378658803487,0.6278551646974548,0.6945848357939053,0.620281280815834,0.4446357437160311,0.5093750204892183,0.4633590152512587,0.43250715892063485,0.5462283559827905,0.5114481002698693,0.5328633529579208,0.5401577097310785,0.5299783438335295,0.6318865233179519,0.6025990292021601,0.618487631548446,0.7171826271327535,0.7259775658046514,0.7845867469187185,0.8014387824815101,0.7763305438183077,0.8301527171995213,0.80378711752026,0.981656342793078
380,1.0775057825050243,0.9339867516251288,1.205681156871885,1.0824825812453045,1.1675934015885812,0.7613756328705918,0.8037591878172688,0.9400824368022709,0.9006672813279522,0.7990408313488548,0.6013506091799885,0.6217685039397526,0.6095464231168011,0.5876521245609958,0.6526545763886344,0.42230492107244877,0.49927563357865956,0.49598133504841546,0.46566401835716964,0.5295907336003378,0.49730388909237483,0.5139881952642387,0.5962252200334262,0.5174084639351285,0.5946456093524777,0.7046035516386359,0.6877476301389851,0.6924130325748692,0.7651303761637547,0.7026831726985907,0.7765449527351249,0.7876101644640902,0.8459321504965888,0.8320982973446612,0.8683288836516025
381,0.9607116061671526,1.1442503395611703,1.2462409801442786,1.1112767316959888,1.0440383767512835,0.8086035764086419,0.9434378784031324,0.9161821556930452,0.9335712998034867,0.7120287496824469,0.607157130413218,0.715247159306212,0.6585365798320594,0.6163026603622848,0.5625504324520667,0.37963947890230487,0.5427159101154162,0.487333756190152,0.45465420947296376,0.4240562847717426,0.4931879046831083,0.5932294056300008,0.6157621286933066,0.4734166479202132,0.5340586905461508,0.6157723453596513,0.6911858504943671,0.7468048395627722,0.696455991638829,0.5548149693647806,0.7105036592598115,0.9068015154285161,0.8843302265155132,0.735593995212013,0.7834386666501599
382,1.2309205344335448,1.1315787573818459,1.1091562968566735,1.3292697307659895,1.0687020258991864,0.9363682876145119,0.9218318566503766,0.8407051198388455,0.9863103458350826,0.695417080088187,0.6601051853625652,0.7560474536101645,0.5926518193275045,0.7289938476273611,0.5405502932488657,0.4821699151986354,0.5164836977239504,0.4719389758600555,0.5412523163245239,0.476982576350451,0.5533265350112092,0.6092843956335159,0.4941219095621394,0.5594689711119081,0.5381605591325956,0.7212942186364378,0.6872471170885729,0.6341099043494185,0.747558777718895,0.581227522736345,0.8082775230464292,0.9039758932220852,0.7702380446637437,0.9052081637586393,0.7962459495238849
383,0.9844501570647666,1.0664645473673766,1.0986592387190122,1.0404433003505966,1.1161262222793638,0.7506538604647546,0.8869680352736443,0.8676783480991117,0.8317237523998272,0.8415356770694532,0.5471501398949146,0.6830436293758071,0.6289029085437376,0.5999722716610199,0.6410645000880613,0.4533704274405606,0.49327178879827105,0.5003334708242985,0.4103147265663098,0.5038604827097802,0.4891280698378874,0.5039913463132548,0.5591343806576421,0.5195081314536155,0.5255151287470637,0.6787749851024619,0.6516192807901167,0.6671603995940045,0.6901252168472927,0.6809153470581337,0.745364533284867,0.7851976901280953,0.8377670187883939,0.7399521587028212,0.8518228818443954
384,1.324254695222085,0.9692292485733562,1.1630778157038937,1.05708494035159,1.1508767903493056,0.9856746328976962,0.8710964547073523,0.8179809306875934,0.9294037671163395,0.8051953699821481,0.740663768830597,0.6126205562215823,0.5847337285477243,0.6237530352537242,0.6480756967725914,0.5818400742487989,0.4501260724521142,0.4934674038418619,0.3994162812471353,0.47020955972626743,0.582230567525905,0.5220130634440232,0.5616952614465642,0.5325980879783614,0.510700758211032,0.7554007491146877,0.6645781460388407,0.6525285085751693,0.7434721925236207,0.669901231717347,0.859556129718279,0.7559771111632745,0.8736989276094278,0.7290513392590631,0.8418261240137561
385,1.0861604915860605,0.998074577998057,0.9742791316380768,1.0961920900661992,1.1119769490753146,0.9072603293646561,0.8312231198108564,0.7994788824633609,0.8153679596779149,0.8008073991016786,0.7065544842918439,0.6161427948807365,0.5754971348507908,0.5098851296819407,0.6562772799523304,0.5290282665476698,0.4324729546579539,0.45051009004083037,0.3704802919405107,0.45683861486931854,0.573476594398968,0.4823930432103266,0.5360305108240853,0.5043005773057774,0.5234420272467492,0.6824426058606599,0.6501935405403346,0.6161879266654507,0.7040421657713545,0.688196401011854,0.7096194332186021,0.8396445013231011,0.8216172052331168,0.829135142140637,0.9427946686155504
386,1.0478771819833514,1.0218945317917143,1.2580035414628097,1.052392225018688,1.156190851063362,0.7876706774271072,0.7352271476742234,0.9703587008061286,0.8369679909342855,0.822402657581923,0.5910006098225955,0.5848690218139403,0.5917321748754367,0.5992763846249121,0.5862783929266498,0.43543030591114673,0.42180030407091085,0.5093204405471565,0.4710543038261651,0.481650397762143,0.5063467893469757,0.4214655249713467,0.5733844123292191,0.5736727226389293,0.5597706657903776,0.7244817388717991,0.5983502777099634,0.6822483186140476,0.7434148797301594,0.671368879131381,0.6639716818561452,0.7371890515277237,0.8225203776202917,0.7837304025172175,0.8060440263222911
387,1.0752205004007858,1.1298755838373846,1.2243310179412519,1.116250944677673,1.3176081948611036,0.775102837694317,0.9120742288210869,0.9238235276651354,0.8925114297265955,0.8437427760511356,0.6137122527810079,0.6805327315419185,0.6729258632532469,0.6216010990242804,0.6719809955296837,0.49174637024928114,0.5011020180062038,0.5130280369164416,0.4293596867862324,0.535365955494067,0.5454973396577013,0.5183228475850632,0.6209111040922716,0.5568330139573874,0.5224665712522133,0.6891507074077011,0.6564982674468505,0.6948458900018655,0.707652749137363,0.6708811079679973,0.7535995669581913,0.863652508179314,0.8468221142247745,0.8630109464852235,0.8796470966318186
388,1.0701206290332963,1.1382368561172997,1.180513326576317,1.1950067422955803,1.1344766452365578,0.9199075719378484,0.9115905236376209,0.9652720034064023,0.8216272410040857,0.8574033707308342,0.6101304689548734,0.7086789977280059,0.6540846712254652,0.6283642853088987,0.6160369397487538,0.48990012583595594,0.5135421515756742,0.5204137809812707,0.39014552926409946,0.4589356495625414,0.5705464481595273,0.4940328370904193,0.6462105753839554,0.6127335826039899,0.5428959306347091,0.6966995869856099,0.678377684421825,0.7482047991342485,0.7751794044037917,0.6963944296460802,0.7661070166443786,0.8591843219626223,0.9183521166992596,0.9079620853852477,0.9002543184208347
389,1.2161284761663413,1.1005046524065305,1.2450876245529412,1.252752171351389,1.2207085031697584,0.8578214988257309,0.8345251989887454,0.8773283941315538,0.8760118441485065,0.9163185963342657,0.6138060881893426,0.659528882075412,0.7077389413423509,0.6470786897176575,0.6555199359710397,0.5142710226714301,0.46522225331088757,0.5074577950191023,0.4069623505496115,0.5241423114575392,0.5166378987028525,0.5596123934013899,0.6219787753397035,0.6049693299332174,0.5360609323280787,0.6577799388660713,0.6564744623250367,0.7301580038948292,0.7373657121352284,0.6652936420174942,0.6960425493241454,0.8627483728475438,0.8731944329149413,0.7919709481008546,0.8899008404935739
390,1.1529121538435176,1.2643269220252327,1.1325264006818525,1.145704326474065,1.1304627341415678,0.8435931947738969,1.023266088531708,0.8993770477541996,0.9040761561964663,0.8044801118745464,0.6800199863197218,0.7557602146087529,0.7127131942027103,0.67822855168688,0.5659966598393641,0.515988441626519,0.5375019451626238,0.5022505153884846,0.5092577001227203,0.4586510942688323,0.5659161638151408,0.566348432879655,0.6084521678611955,0.5663294978193951,0.5495499748996714,0.7299088430393295,0.776479190036097,0.8187265543326171,0.7911294007623728,0.6719245892695295,0.7941719545535528,0.9419325031301212,0.8958667076500213,0.7532867162887238,0.8055824919947772
391,1.2293369913206753,1.1733348094138112,1.177061073353385,1.149310411798444,1.273018784418219,0.9435598063552563,0.905073388886183,0.8145624216402556,0.8507376074983026,0.9015600239781119,0.7074273582906332,0.641523398088493,0.5773976080369393,0.6766623319958489,0.6254682205813873,0.5615505956834043,0.46160191735428313,0.4569471951803983,0.38675752953152687,0.45413984668547736,0.6179796444834618,0.5737964179646898,0.5083325097911773,0.5645751917158177,0.5662417892892926,0.6703043211201891,0.6783865914647238,0.652391975859879,0.808468191246795,0.6942863747577472,0.8175722241860001,0.8104445437602152,0.7541688693006952,0.7591978517999066,0.917753497961914
392,1.0731718115210427,1.235212955905828,1.108534916123316,1.141453717012411,1.032224512833901,0.8145826344138584,1.0534138643631588,0.7454068436828916,0.834113295404389,0.7496381337707101,0.6184181282425425,0.8171231449881996,0.5798444101154884,0.6145967072289845,0.5722564275967734,0.4941490805873472,0.5874733238893959,0.4392081920651507,0.3322112519171339,0.44543817399906893,0.5573737882737122,0.6093403589628557,0.5496847464116962,0.5006404019736604,0.4622125119834216,0.6564910002751502,0.7813734806796132,0.747129905574178,0.7397221762434443,0.5599290463566731,0.8415549047933545,0.8998979827902482,0.7239847816269074,0.7989392207271464,0.768286335873779
393,1.1979377238884776,1.042722770947322,1.1643836136360715,1.148733717465377,1.136448602371173,0.8308141622111773,0.8124206410265622,0.9593779360997352,0.8775993975213516,0.7378077153253343,0.6499943936767199,0.6124348306960613,0.6376258401167808,0.6173413329525073,0.6300833316119778,0.4972210155037913,0.4543582657012128,0.5425725309672551,0.46066675153151626,0.4700361625383129,0.5384682592295388,0.47644414581898337,0.5977524112963428,0.5015992985591714,0.5444613867192256,0.6654475159616634,0.6233841876056507,0.7338172070077507,0.7244173931136866,0.6343792110522031,0.7345757756525277,0.8452682308473618,0.7628744081197973,0.913679888120498,0.815009708449269
394,1.2080784328917735,1.1433086270488269,1.0694713412713832,1.168968903196027,1.0951687649678759,0.7570706050493315,0.8656078158331091,0.8515792513699328,0.8191425745745211,0.7890333568716517,0.65009218155947,0.647964386820936,0.6536692040570521,0.6976946071807675,0.5910155258206383,0.5249917656838777,0.518791220216989,0.48472856280428667,0.5181838066985647,0.49927852289835994,0.5941024614134045,0.5601543216474398,0.6506922257210497,0.5207548695565172,0.5586611322284267,0.7172823766706656,0.6987029184299368,0.6959009785875305,0.7408263529471881,0.611061267045923,0.798448290785783,0.8905364998186328,0.832442017129849,0.9323641806202638,0.8400200488670917
395,1.1795888388185456,1.0919468578068174,1.197275257240071,1.1255046722916875,1.283322358378833,0.7996007089941546,0.8547915861485876,0.9568171930126642,0.8869795314286318,0.874684781317318,0.6155149328528017,0.6295953583413024,0.6136422127285377,0.601209469715035,0.6231880932854299,0.5391964434037227,0.4974054842507629,0.4768079807718967,0.46242936889581476,0.45508357029858765,0.5733074597223252,0.47056583781965244,0.6426518119024963,0.4644634667416621,0.5374938051720862,0.7366131573500976,0.6739507949808003,0.6777234919782709,0.7537688329338464,0.6840682391693775,0.7769641829636882,0.7903761701699217,0.8558635918309532,0.7219057468332175,0.9842901593596953
396,1.1449553551313132,1.1820900220609414,1.34333649468094,1.145907159210259,1.1665081057021425,0.7782850520026316,0.8779609588403907,0.950386850294025,0.8172140763357896,0.743820243889469,0.5988285278907368,0.653969970667042,0.6768109096575592,0.6219437387592535,0.5594451551484443,0.4764141876617397,0.49976197400527467,0.5085086533023586,0.4529596388834961,0.391248537033066,0.564119777745645,0.4792549875080925,0.6505043026965747,0.5051314653358445,0.4793251546089443,0.6048275620301076,0.5934181247110721,0.7762099287761415,0.7220375407081512,0.5817511967847673,0.7586462172894002,0.7970505442554556,0.9144748280620854,0.792888109279142,0.8629424661136693
397,1.21161245683646,1.086263263024894,1.273716401401419,1.129737477287219,1.0597487219422828,0.8150511218618388,0.9046828077459921,1.0266490798623895,0.8998155540791489,0.9038914604972861,0.6303335175936855,0.626493419948275,0.6624635889109022,0.5581529874343942,0.5909978685647468,0.4974865093293193,0.5040392356226541,0.495891711921134,0.4562816085390855,0.4418610597334322,0.5523881534625164,0.5122436977462774,0.6408282707776813,0.5194912590426883,0.5594759342162631,0.634144480372304,0.5381718880775526,0.7825828885950288,0.7206099674634271,0.6312489212489676,0.7687305356371689,0.8301448428620244,0.9294719614793452,0.6469857266367463,0.8397839872040316
398,1.11148101776662,1.1230601975378434,1.1764620946761477,1.1731179690243345,1.2795366242547974,0.8274355046105135,0.9167721960626085,0.8577300125023898,0.7812175558479413,0.8391814274141889,0.6303293354447093,0.6441536697780693,0.5903578528912364,0.6459542256483596,0.5678767118240147,0.48170142908692737,0.5098593265972428,0.46711371090728143,0.4568754048666238,0.4407948121388993,0.5147826910047446,0.4899251759649902,0.5330301812491538,0.43813399864499253,0.5581290031082167,0.6392647518666241,0.5971386248447956,0.6727591409379482,0.6976208134678409,0.6951430605138035,0.7273491325142504,0.8780558331625644,0.7756218075884596,0.7273555923558424,0.9833663350793069
399,1.1122980492749939,1.1030353743329748,1.2122706707579598,1.0806901147096757,1.2365163330060778,0.8723053313106937,0.9111616638890295,0.882741750895253,0.8146265012424745,0.8073475356450095,0.662665528913738,0.646709701731116,0.6273430905717996,0.5901781221548295,0.6206766549487014,0.49190933165712747,0.5291745878791606,0.5115539384831362,0.4284522533487577,0.5163063972302857,0.5796066577442704,0.5024565821027026,0.5909341310957986,0.4461374236785821,0.4871164590895928,0.6823578893870234,0.6952471115026029,0.6858219028567109,0.7482879962849385,0.6266541490045454,0.7978424841740048,0.8261104322159043,0.8559720231232175,0.6907064523217874,0.8784549962375872
