iter,a0.15_s4,a0.85_s3,a0.3_s1,a0.0_s2,a1.0_s3,a0.3_s2,a0.15_s3,a0.5_s0,a0.15_s0,a0.7_s0,a0.7_s4,a0.5_s1,a0.7_s1,a0.0_s0,a0.85_s0,a0.0_s4,a0.5_s3,a0.15_s1,a0.5_s2,a1.0_s4,a0.3_s3,a1.0_s1,a0.7_s3,a0.0_s3,a0.5_s4,a0.0_s1,a0.3_s0,a1.0_s0,a1.0_s2,a0.3_s4,a0.7_s2,a0.85_s1,a0.15_s2,a0.85_s4,a0.85_s2
0,-0.7349919018945648,0.02222212467875017,-0.6662474767346276,-0.4651814528425944,0.10956639618666375,-0.33104041633909687,-0.4989797577619147,-0.24969929100679555,-0.4346562933331959,-0.16015661527734776,0.014948628600468222,-0.4124738355789601,-0.1868972656628114,-0.5275903536154266,-0.09926759578132321,-0.9888902633160805,-0.21155224906301864,-0.8784188816352674,-0.2547641406802452,0.3348533304200278,-0.36809758862223885,0.10808747961215241,-0.07240083612148966,-0.6434014616401778,-0.2296843786733126,-1.1125390525601113,-0.3504348012024243,-0.04306234701576211,-0.09829998548260084,-0.504896511856316,-0.18696300676126604,-0.03350519811983019,-0.3948123845128907,0.18129907354663924,-0.14085823569636013
1,-0.6620577520075108,0.05321551802056456,-0.23719314601471717,-0.4453042653494803,0.1975238123043973,-0.11674731536653091,-0.5021975107400151,-0.3526767413968818,-0.15860345943303364,-0.14214008955859098,-0.17848607231104274,-0.11878124258199486,0.059836443684416325,-0.1988997887699283,0.021025412982567132,-0.7141271101817596,-0.13702463496775572,-0.5340251821222106,-0.07911083541937106,0.08412120900036235,-0.3631617069890403,-0.09404991693063182,-0.043463335765283134,-0.4038245771774226,-0.37142524416183675,-0.4074482957660781,-0.6525557178807637,0.053877469237435235,-0.012094305888164875,-0.4757658736483638,-0.06045400705150303,0.03317760118028806,-0.5944521020087679,-0.007343208265632582,-0.09812449568025819
2,-0.1460029955530039,0.050151706949320723,0.07229087872651915,-0.7921540309266318,0.20304444570387514,-0.7009939211339582,-0.6950644690035672,-0.2045039270294325,-0.5825745253352127,-0.12301120830899805,0.03262060403872462,-0.06647723111833628,-0.07066722023122889,-0.9552925483812136,0.03553845752559125,-0.5866128358218481,-0.0322634394007949,-0.29918819117383605,-0.42193833971696953,-0.01378353793845348,-0.4430195348604243,0.05129277448246012,-0.012858362723676974,-0.6660134576381709,-0.2619435248917632,-0.8317739993820157,-0.6037406198842046,0.04761009566679641,0.20223977253007455,-0.3183623131675891,-0.0382883292877398,0.03887829031139575,-0.4422201897935066,-0.08600824684229003,-0.018111366930777844
3,-0.281219062417157,0.1254915206401367,-0.11063860241374993,-0.6710441363341701,-0.04171344356957913,-0.006379026665810625,-0.6017718118383711,-0.35241229656005063,-0.6953261174043448,-0.10878275176184286,-0.19050548788246072,-0.2291202614755879,0.07252538684916733,-0.6992526670876948,-0.005820634270370689,-0.6475116537267385,-0.04669062919435438,-0.19429931393289074,-0.3805531794343799,0.09721011950144501,-0.5248720652478793,-0.03454402167968716,0.06377843183424653,-0.4473475771593233,-0.2668414207370599,-0.3101389150263127,-0.34503161538876786,0.1631965773102729,0.04108596089830638,-0.2585982980664681,-0.0670960327882805,-0.04130749729384499,-0.4177013055589946,0.0014362364813849879,-0.013573964025000398
4,-0.32897771419566413,-0.012406486288025348,-0.10665794485289207,-0.4677307546845877,0.17477611007342597,-0.044666633346134244,-0.38644004339249416,-0.3517175344792236,-0.18351160973140845,-0.12307391079303248,-0.1768936471527147,0.08216138175724978,0.09396542328515262,-0.40144586139841243,-0.014750453072220324,-0.17020388614737084,-0.13859499769599548,-0.6476947710494616,-0.09527659732202548,0.22509970986286915,-0.32572966162279426,0.15307808914294285,-0.015594263028932784,-0.28132519345681284,-0.3166638051115531,-0.5031436904133731,-0.4485396925476278,0.14175355621960004,0.22862569941083027,-0.2783397931749899,-0.05133494322072468,-0.013172174179048327,-0.3599178098416871,0.03785659311129399,0.09651826244587251
5,-0.5080757191803382,0.0738143325520107,-0.3768436950059977,-0.3651497886731666,0.08797715797944064,-0.32789901184341597,-0.3447142836617325,-0.6581900882613827,-0.525227493778404,-0.06307320373371036,-0.05004070198507407,-0.094637977697093,0.1098834349300283,-0.7314221128404506,0.053804411375192936,-0.49928164443786965,-0.29322553964642684,0.025254813083766287,-0.20243047319616067,-0.0545895704883747,-0.23259768287003296,0.1898998572886144,-0.09922380274247773,-0.450333823557788,-0.13747915324004684,-0.5308004242570556,-0.39795454544585895,0.27743252977318617,0.17099034653034323,-0.6485893362815508,0.09830017444826473,0.10131917163278453,-0.41349921835152537,-0.023388954643901,-0.036018646813300394
6,-0.24936295435335648,0.17851517948926077,-0.26308253621892436,-1.232263789378834,0.032088353952284286,-0.276456336732068,-0.08668437133387993,-0.48889251187634786,-0.4861612864754764,-0.08492626192558189,-0.10805287151173565,0.04063180823512932,0.21897414229541354,-0.5090263279459804,-0.09820893734164393,-0.7114268751904889,-0.0036420619164351797,-0.20672169586757588,-0.11807391449995118,0.12769473937203862,-0.3705341725781358,0.09238235159809441,-0.008588736687501375,-0.5571135644322491,-0.12204576954829838,-0.09841818081139356,-0.431135550229328,0.28760888178956145,0.34963449586448625,-0.4728376874063208,0.032511291078853845,-0.029845832009786296,-0.07748419543589974,-0.12490786056542758,0.008344953348867777
7,-0.5569518979203354,0.2998741916943533,-0.23217292969360415,-0.6482964974345062,0.13967441205196235,-0.2438851833780266,-0.48677462483095724,-0.3520583657620816,0.013963377399582345,-0.016404498924543445,-0.06588349274531483,-0.03585784776196725,0.11715619197275859,-0.4090344151778441,0.17953697184007983,-0.6993615563584241,-0.19616624719081077,-0.18044327806603833,-0.13089271310815714,0.11367927569222416,-0.31402980598506747,0.12494631277803063,-0.08332048864583984,-0.22825527649216942,-0.08197146377989316,-0.02435710815800526,-0.24748799292011653,0.2895096845136981,0.13094931910545382,-0.5849807642787278,-0.11463615233138293,0.015237002047943829,-0.17441470491998798,0.02954726242869642,0.005652076849394901
8,-0.16232380949039465,0.18793222058180137,-0.10168607245198193,-0.5810856569230571,0.04615648550585585,-0.059530230260320144,-0.12200662467608403,-0.39020913778520505,-0.5018726424680425,-0.13606609968895333,-0.1073636994489794,-0.06712436922442568,0.12552131146357762,-0.8431337186088856,0.09462110607304651,-0.5158184078848933,-0.2934188003082099,-0.24806015124989572,-0.08142358407396331,0.11989155353894673,-0.045307133547694,0.24556466778291253,0.03350262764287934,-0.6201844489448456,-0.035038545987101995,-0.4066810892594155,-0.5065069548699143,0.32948079756017634,0.1620501819440572,-0.0026662787240286576,0.049897195169010256,0.05815866616038991,-0.08002017074336923,-0.12575229706061383,-0.004329776638703188
9,-0.31521069844825,0.03612314052856431,-0.034608527751634144,-0.46085439708587134,0.29958185141792326,0.13410083909483494,-0.4761922426999786,-0.31478920181033215,-0.262618342012311,-0.10608855738171942,0.032212217805107315,-0.056203045203603,0.2016937524828115,-1.030158422640245,0.14533940080582283,-0.31868745458066317,-0.07181550266683379,0.20932382384885084,-0.08651559515185046,0.17385533506111162,-0.07394203851132156,0.3044943661272953,0.03982668046532219,-0.47846008886179964,-0.003377020293615099,-0.6562343471037234,-0.35371230640826307,0.2691265194214645,0.21359526474150176,-0.4596817503110002,0.18672743455218052,-0.04742148004505656,-0.2060295252812241,0.09395128036302552,0.15762238811809712
10,-0.22320277711389186,0.18131156318634967,-0.06223971402704584,-0.21900414538841656,0.3395415323005571,0.18439442244847065,-0.2622685108673265,-0.29703528567879683,-0.20220786329268114,-0.08737574484720768,-0.0031827169517546945,0.081464060828521,-0.07895215412701512,-0.7708540804001814,0.17363911706267648,-0.7817528716043658,-0.12876866894279304,-0.12640624153615176,-0.11740513311165666,0.09027135525007526,-0.22348905872642394,0.24967325353209224,0.002752805796195072,-0.3706783674107212,-0.14102311203376858,-0.6585173876548684,-0.013822040391407438,0.4485593626336486,0.2788031125969437,-0.09053395130279383,0.06990547322711968,0.11394733331025547,-0.2557259559118133,0.01975926453125655,0.13513983973512161
11,-0.25988858769947665,0.29808296232469067,0.20375722699069543,-0.07957846638924441,0.19588912416321522,0.41291398432154147,-0.23102085191805627,-0.09416639183442699,-0.33712732090062514,0.07262251187297215,-0.023841312942703946,-0.09280310225647838,0.1255807007908541,-0.7016843232052133,0.32280984785755945,-0.4728472858748718,0.04341741284548478,0.11871685474453354,-0.10143605933280939,0.05435250697354384,-0.1616305139169018,0.352002961982587,0.1965696255068807,-0.17032277537658408,-0.08489516142550019,-0.49096873399181684,-0.09731978924973544,0.7698059890754121,0.13465251940968087,-0.5091168820254233,0.10710891602965619,0.03549191247096024,-0.17043979855823804,-0.021857688586317446,0.07414103226061378
12,-0.019303401354943045,0.32474141533682854,-0.312949899562806,-0.1010392885378105,0.14668074237088802,0.3570788202191696,-0.35646249012516945,0.0008682823682675256,-0.33211209522306445,-0.053060626043882606,0.014816613079529275,-0.002244803373652987,0.13899817621959046,-0.4273246226777758,0.12567476391840765,-0.3250502796541439,-0.042519804522614696,0.06224164916546146,-0.13598838895600862,0.047750984247212254,-0.07853568962100449,0.20558031885105335,-0.04405938651843632,-0.3677122564980225,0.09026161115640334,-0.27926602771830655,-0.27829312738417933,0.468132600586051,0.09725171925283896,0.005337476360808349,0.12490641879389217,0.21072430835919628,-0.003817024983249151,0.10636610404209518,0.16109284066503704
13,-0.3880146688080689,0.21413538761578244,0.45367078352855605,-0.20914707653896725,0.22532130373949028,-0.21751510031227994,-0.3259868867992508,-0.23940834831632168,-0.5231833976529681,-0.06327074022936585,-0.04402347575811216,-0.10273520046467949,0.23103809367188105,-0.4168950882429209,0.17808499325652372,-0.5753355348423685,0.1031443415747279,-0.09127861851495901,-0.2481089908084189,0.10223522555244194,0.03199106932299099,0.1927358067305608,0.018780438207229112,0.07954834258096609,-0.10558772791531226,-0.10301884477654336,-0.31572668816897426,0.3617180041743797,-0.027198775981961062,-0.2681835732723656,0.10070808087910973,0.15305558842492814,-0.19034505902605892,0.09770038905107789,-0.07027192049092065
14,-0.09638551300043463,0.3447311577150596,0.2702284327062778,-0.6551388333588217,0.37406876175201287,0.2164985483009203,-0.013684663632064324,-0.30716577092407626,-0.3071828420096188,-0.05930421272671357,-0.0037348182118997417,0.09198403084842707,0.1668794412585693,-0.799729053929925,0.22301735784434717,-0.5839845203140495,-0.0782660220875277,0.11287946431159868,0.03877165729320503,0.22740297879808952,-0.1125417083278065,0.2410209036453832,-0.049037774061901865,0.0050790790367942,-0.37644941780864516,-0.3425664049717156,-0.15620486408915388,0.40754374391572534,0.19411311621440294,-0.30334254302283153,0.14414440353145158,0.22796968350684688,0.096324099231993,-0.048252215319274636,-0.017092960371686467
15,-0.1350233433636563,0.5556488076693349,0.21845426830802042,-0.30874763089041807,0.14003507613576227,0.24280697461229678,0.023635137570283613,-0.2346299289640366,-0.02962292718394373,-0.08363931868182342,0.04875531349297765,0.008044132165437638,0.15587924975043016,-0.21476599858879059,0.15189745417635755,0.023705658441122573,-0.013730729792262902,-0.07740418797740237,-0.06931629789371127,0.04120986200129874,0.03187973753288301,0.214206976272478,-0.11997235718487471,0.1544203314336478,-0.15658920578047258,-0.32768910406998236,-0.09656159583064823,0.3173912679757736,0.15550043453209952,0.09016552820421826,0.16575217194548691,0.13686778307374295,-0.09422659599824182,0.010501583189133945,-0.013843103788292448
16,-0.1690102813571671,0.37698618433512077,0.26196346676467264,0.10592969261216476,0.20670614050750202,0.6121628172141914,-0.2677397914084195,-0.08695827999974151,-0.7333036599648961,-0.13581344056376424,0.07726526857191524,0.1896611040528645,0.44125993848986533,-0.2749400003868305,0.07714115614377191,0.26568282415477973,-0.006604625064221881,0.12934565330754907,-0.008974601999034649,0.1846630464806279,-0.1494322664975383,0.2766161220464023,-0.11871548119744085,-0.01248322478539722,-0.2605913844257174,0.05864058556957358,0.0169256142863925,0.24279361015909778,0.18082210601144572,0.11058358893361536,0.23971239090845847,0.22161254457749335,-0.1744026941458338,0.13712712453640463,-0.04541429205897564
17,-0.0462672170676245,0.3478084907569892,0.3311732759987651,0.1928756189183162,0.1420980886196463,0.4300997514711713,0.062444256554388296,0.11732191442177708,-0.430933792522751,-0.003955907057935457,-0.061878702012106115,0.016237298735422557,0.10770050963722647,-0.3194374954519804,0.0499468707504879,-0.07258826830739469,0.01750879672097659,0.16268138009279912,0.1565794003031284,0.061555594558858936,-0.12553722935991218,0.23009243757205045,-0.0568392183317778,0.008394627612090977,0.09859231300305109,-0.10654120427821995,0.16740227893141202,0.33265072083958863,0.26142593251881413,-0.023945724932433007,0.3964559519172097,0.12051171538104388,0.19158925417505718,0.11432973455517842,0.12535861252800273
18,-0.1673193754942635,0.489348792474709,0.47117987991048255,0.034506794461413845,0.3005438620635369,0.43486190489016324,0.0020705088364704194,-0.06079258564369865,-0.3251970902895086,-0.19792673552689094,0.14550424608102203,0.24060871747620255,0.28998791904338195,-0.38477952490763445,0.015560653688755921,-0.36143335947705046,-0.005884144919920568,-0.003444836373915086,0.07648766164649848,0.2741526980981183,0.10969308695696994,0.28588970945519654,0.022862687426803516,0.22895365597124107,-0.1794523980479384,0.13532919463585505,0.3211841924476095,0.3475334442497946,0.21438780855490683,0.180063706922595,0.38045236579265684,0.24832930710231207,-0.05376681284588696,0.1392676353920791,0.08284342358319234
19,-0.10046907814371533,0.3945687997479985,0.37033470310229516,-0.043288187350865814,0.043150952435038595,0.6579795024845285,0.008427078543389033,-0.18621179265600848,-0.1334673138983366,-0.07112873617490678,0.018458734664840833,0.35257574465674246,0.2669764213864816,-0.5921404104545422,0.02032236912429021,-0.11878082939304267,0.2575791555957674,0.01639129257949542,0.2756350683966103,0.03941213170949866,0.02737104721930901,0.27165076889828543,0.03419051708668709,0.27957381284824456,-0.11665544606056677,0.2480674572113449,0.23242955561039616,0.456965582930755,0.2772741638426712,0.35726197844714525,0.3928738139822826,0.2890788529629863,-0.03417581813370946,-0.0950440029716354,0.020654155081597972
20,-0.010931438899355526,0.47326623725442774,0.4944110428273289,-0.17213685025588502,0.29842036726297505,0.35378778720349147,0.29108427320576347,-0.11667531991458746,-0.5302365856203632,-0.14436882968911305,-0.07958061251475582,0.24182353181119018,0.34250932385327887,0.04023487833178971,0.03990313848472846,0.009470741615938291,0.17953061557931543,0.14750968478497628,0.18058629798782946,0.1600368252819775,-0.11696649054897672,0.30592201196307534,0.010612850657946163,0.22501152233027522,-0.12314405512124038,0.5621308876902767,0.2649720341995371,0.15026017571197967,0.19773030026863384,0.03300567513248806,0.4327514197551988,0.22127291648483355,0.18194839619195194,0.09031289412506417,0.11868721644662976
21,-0.33224904913504155,0.5066523557390283,0.24375060411934815,0.1696455546429496,-0.005827951640077933,0.6291180484586247,0.016018277517067914,0.0554911512561974,-0.18165451045202455,-0.048689793862697284,0.11342351955736596,0.25204692195583756,0.24617246062588102,-0.19055092706120436,0.14163320707870125,-0.4259691748569348,0.170112073919888,-0.06413106915500401,0.26853465571243884,0.258164270866839,-0.15418495099033167,0.32890711559719366,0.10779891969202256,0.3432634982852854,-0.10528512958749386,0.1988244099131758,0.03565982498173538,0.31369596494689556,0.08802767679336793,0.11256246038669451,0.3814729471557118,0.3808238613896152,0.4447203914667959,0.1758338326937008,0.08052322974114652
22,-0.12389165490431386,0.5024342978930202,0.2318377801972134,-0.03332294946138217,0.1454086112407028,0.28558544198143143,0.09911673928202824,0.00873167181019201,-0.619453532385241,-0.06495051440397773,-0.12405789906721729,0.2205881611127373,0.13479494711539092,-0.06419060377844209,0.2727062475730394,-0.40577060634780987,0.15883633940829106,0.20298526075955597,0.30040533373260414,0.15898469092073853,-0.15283400582156695,0.18560624848476584,0.09606138468093146,0.2515797579284572,0.006334765158162919,0.4013606999724547,-0.02791631113593258,0.5708966697429227,0.07436421435316778,0.489468473307063,0.501169699764379,0.09342055930592506,0.033424833068188047,0.12711584746980592,0.10572518723130703
23,-0.2590197430465139,0.4283040323377977,0.429444843437211,-0.06755434650817194,0.2678696018540616,0.3230849125537108,0.11108026305984975,0.19254042118077913,-0.6805336940821172,-0.0703549145348652,0.15550941135757637,0.37003643946414955,0.23960149636854913,-0.38001153075303373,0.15451110557394615,-0.2776232796558349,0.2889889767292042,0.06823435445517911,0.22235192186000768,0.16145916359015264,-0.27107017970101976,0.16540903875650753,0.1206986131113319,0.06977587828825577,0.1856154779699739,0.3158135592277122,-0.0694100996180709,0.346199218131082,0.20394546111036577,0.11990550324126723,0.4331231370596311,0.1748622310761072,0.09248200704933021,0.15933952988824046,-0.0019446956999913494
24,-0.5423621548151991,0.6500256101709536,0.01194938309109067,-0.08911743631837775,0.33363831207270234,0.1870350660307901,0.20360178466479856,-0.05066072239090832,-0.37550162492126704,-0.07026892928624275,0.11313105224203464,0.38177407327952534,0.18567160488560092,0.029562756637878308,0.16087384780553343,-0.10026042934662052,0.2808932862201786,0.2567495952866369,0.10294514664021598,0.19828307481731552,-0.23602384815415972,0.28029875041056773,0.038183299406326206,0.3378483314023227,0.131152905612633,0.1221415036935479,-0.020412085679045122,0.4184382392632604,0.49565154873941664,0.12811982286346812,0.5926778085857547,0.37211229698086445,-0.2190812871489979,0.07382879955225954,0.0022283964516195583
25,0.09649928624240912,0.3390324819482402,0.46286257941191966,0.2715566927473831,0.5082726796077415,-0.07602731718128962,0.358128492719352,-0.18633954956732152,-0.2982135924144669,0.055181859828468745,0.24495652745773142,0.38949259071183906,0.5133986762419743,-0.5987582862780383,0.29658665146210045,-0.20029707161467708,0.5670312330057434,0.26831043709359736,0.5191913859105574,0.28128756874890914,0.0840202573897741,0.1256132650413582,0.05812907604931969,0.34586742300417295,0.36061901067810903,0.6953061705338741,0.01510026202603855,0.5271532123155246,0.32786924970077264,0.3177984045051696,0.365141688728174,0.4355290332898796,0.39961060432574724,0.06922719317690564,0.06337109296210072
26,-0.18236567779886348,0.5685861460845362,0.27757789180804743,-0.05003326359175292,0.4038195468505918,0.26262881194149984,0.32805968880283504,-0.038771638403395536,-0.37334117334910544,-0.025323253740832104,0.08428902211793102,0.3151216503159241,0.08780111080499454,-0.6613376015458068,0.3876630424053706,-0.2799404917651922,0.4594862624701163,0.06613956914616326,0.34440384019215364,0.3591313175823533,-0.026923250301058785,0.033318004593649114,0.04709993341183925,0.33988026148655504,0.1903639207052636,0.6941637145843615,-0.3217227098042751,0.521875758337856,0.236124111871385,0.32297824668764696,0.43782967630883973,0.4159837795050022,0.00839726191037983,0.18072848529227908,0.06302408017320021
27,-0.2577374538710742,0.5282202097408366,0.13840124707578283,0.08127316331075973,0.4699445570042545,0.17000166026365907,0.19915515366850325,-0.33260492531439523,-0.15828817647516102,-0.011539722420900594,0.33631482401593293,0.08065885729939766,0.3084580126043417,-0.6965011062179243,0.40298882139336145,-0.04356606682441422,0.5351615538075194,0.017295750754599146,0.33041330926106727,0.1499541928664402,-0.059186995909826234,0.0068610053134604485,0.04685711732474117,0.2593354951048183,0.11130071425534158,0.691641417980905,-0.04934743964951947,0.5639321091259148,0.5992984601835529,0.27887094262202505,0.5853467150680292,0.2705230426208993,0.450187397350965,0.06015977949097486,0.07588889872055053
28,0.17385651004128405,0.8805741920566542,0.18870101899025482,-0.021472375090226606,0.5878224062659175,-0.011778650201511476,0.04324662715613119,-0.05878972434606095,-0.2806605942741235,-0.14599598078580045,0.32963999276499134,0.15068026945221366,0.3288514710179081,-0.4590036593011441,0.4521854970935174,-0.36363076785710324,0.46338038706378304,0.2800351682079123,0.41668924095980053,0.37655464231757985,0.09794279382884713,0.08693458992145997,0.2584511282077852,0.5679861670475104,0.2803150142785411,0.49152323856772234,0.044623396303615254,0.5919876573127649,0.529722684911635,0.2496754890972197,0.4713219128988112,0.4770992208852495,0.07188117925437182,0.020438225152644793,0.015567261469582021
29,-0.006842031422823969,0.7130529510899337,0.03042171280133522,0.03086402390696885,0.4071663171031852,-0.12414342273988822,0.022878658880599697,-0.0743727641957658,-0.1807576905745793,-0.0667471734103944,0.25896528198883745,0.3834059320984389,0.39857465605333564,-0.7022119212289841,0.29644915277249817,-0.5142995817508988,0.3907974344848474,0.3554463102333687,0.39735125648060216,0.3474508218987338,-0.05415963372843339,0.032080830958282805,0.07177658902374803,0.21851498564972038,0.36879529399601685,0.17241426852792874,-0.20924105593178483,0.5514961625619575,0.4668419896134282,0.3192095155426752,0.3326927223169856,0.4574230934975131,-0.13007213318572514,0.1724408703387364,0.10222275544820177
30,-0.1181210498258698,0.6815803843501966,0.46293543488070177,0.1678743533067745,0.4256474035085949,-0.22483907660213423,0.04103945174225521,-0.21708460580428138,0.46511738724150387,-0.05081869591300378,0.28302190717882547,0.49290872866399416,0.3196744836778608,-0.2597367104412105,0.5961863456693739,-0.23241347347013416,0.5312633249513963,0.2412417024211193,0.4752920930375813,0.460814734215332,-0.08263652922961975,0.07483141331972848,0.03446222170337878,0.23503729461028075,0.34912312720441696,0.6353049022596917,0.24831773404235286,0.6007837084249874,0.5152441765723774,0.3172248924649975,0.34147158026547986,0.46528768363359374,0.15337110630976422,0.5091805418257573,0.09471048067608287
31,0.005064100106448213,0.6792453831959208,0.3822579590303468,-0.14925895445691137,0.6221990580254483,0.1434064641265149,0.2576815577884375,-0.18675383756065933,0.3879755759394532,0.11505097231220889,0.3026601530748198,0.3240373116959562,0.34538650212221345,-0.791722704462303,0.3281126406752356,-0.23283577598397537,0.259999602595255,0.3229413921186934,0.3485848981793571,0.4861551644898722,-0.01488589682467284,0.15221716943646293,0.25504321079733766,0.19404846091979758,0.2557847301351886,0.8662841348930158,0.12230726225560443,0.5378113872370044,0.5950442529543273,0.725216210855402,0.3810254014821651,0.23176586672663818,0.5137912329004877,0.15044570163110146,0.1403792877697438
32,0.05684641175830848,0.8114830938097441,0.6527065711237237,0.04837016274293782,0.5399544693309914,0.3009388415091511,-0.035591185509675036,0.05569258664028422,0.389139418590571,-0.04941815625620958,0.2573442460455849,0.4745542349980971,0.6115860589334066,-0.7789758883736604,0.5256107155366103,-0.04240669102525145,0.20706947010252852,0.08095544298859997,0.3937581601535304,0.40768249805672885,-0.016936323804949395,0.17315183557773317,0.08620773578989374,0.40724970652343395,0.27588455733736783,0.5267866097589836,0.3712072515639312,0.7095127678242649,0.6532132231389132,0.6180606601152638,0.4181464123827987,0.508128471203156,0.014080483403412072,0.17765710124053724,0.11094871318211166
33,-0.11746078544307381,0.6828130773313652,0.5874149372971638,-0.25811852910950916,0.7466442833257108,0.013883282331156176,-0.06861368910263493,0.22983023511250833,0.27811593342456264,-0.01386993486188298,0.29500518337149034,0.42755413580206786,0.49285144050328206,-0.41974503898666876,0.5540161326772444,-0.11692514132802528,0.2953980645690022,0.1075722783630757,0.48138313267160227,0.2978162232182373,-0.0876189638093858,0.08838453583512376,0.12534969782910726,0.04748351028274876,0.3195640488135253,0.81028380054142,0.26029941410507484,0.7311223439177248,0.829628503880776,0.4974651857201501,0.41853307936191697,0.37321516244787917,0.19015106390802095,0.09844389393462899,0.06854164503149071
34,-0.2721769265872602,0.5109152113786845,0.33174959995641684,0.015125354836554653,0.6552373366016767,0.18278743714396256,-0.03219224411259915,-0.06049462838518167,0.36725189006668857,-0.03846135025151649,0.1876322050057006,0.40345791388501284,0.3544475458695293,-0.6808595735534858,0.7532747921523322,-0.11768672231285499,0.25408589248130076,0.29376157368809286,0.3659052425058358,0.2869267557241024,-0.11848907806672565,0.03398204441117543,-0.00900481478863337,0.03386278476768988,0.12236798540694,0.9396281516762508,0.3940414037788643,0.5402617085879217,0.8482963206408557,0.4268533766604819,0.21756357635696097,0.6315739585993732,0.2120260071708751,0.06936187563362643,0.2615619079725282
35,-0.12994048780974166,0.4297905933380188,0.2268851644501696,0.14090244057863738,0.8668998718329048,0.20192755442877852,0.4260790268016338,0.21242911801402542,0.05207314064223349,0.027760069191350222,0.44553155918780313,0.443622735812569,0.5577449798108989,0.26680905199026544,0.6778859421049132,-0.12760294704050654,0.5278228102170806,0.30006925030432796,0.38705590211613233,0.41951836840329465,0.1887585520339868,0.06837374386966874,0.04883810155399834,0.15131990279054675,0.2981360712635094,0.7220479714121699,0.5416939376749034,0.6123007148353701,0.707164296759774,0.2040714376715324,0.44578294665313173,0.5588246180318882,0.31788253091488317,0.10606778330364763,0.14037844120928902
36,-0.18681755991427373,0.4553259390060391,0.21816098353204985,0.2843663913546136,0.9723420320764289,0.14253757466431097,0.40484331807484414,0.36013496705444387,0.22025914059605517,-0.13194171067931182,0.23940799041735863,0.37429574989309866,0.5853698394916066,-0.4173525846081467,0.6119843524380993,0.16899610596043152,0.3889791192800781,0.027239853982525392,0.2423431065915978,0.30107687151351065,0.13954459796977473,0.08704625698513682,-0.2177033108684187,0.09729159898764773,0.4246140471626857,0.6598181459060795,0.21675238849264034,0.6440070873454831,0.5164594469577699,0.38357266415729474,0.22522764311134047,0.48397476422934704,0.015372667699375599,0.3096714881272208,0.2300225004967013
37,0.11611032609859365,0.7140184032923198,0.22919021455357252,0.22857219308672372,0.9721536177603952,0.453679843688953,0.1345373123063903,0.21328998308528319,0.3259867297391358,0.10291421386629158,0.5164707169428737,0.6038239009388051,0.5874639070041983,-0.6691944717701303,0.6381804057356091,-0.05198757347987218,0.3262698513631034,0.3715688357459267,0.5493908457976977,0.3567822793804433,0.12093668052883139,0.09657247965608473,0.016412662784410014,0.23149112130529553,0.3567127955280524,0.607397576403174,0.11200314903598871,0.5694906421704158,0.5757154595105026,0.3473604215131603,0.44028380199519346,0.43727728922937537,0.6306597136690658,0.09491630472600736,0.24567988431583027
38,0.2153587107434071,0.4949810660958683,0.3021763949611327,0.35371888467641194,1.001305469526062,0.2503743536961317,0.002342853889879218,0.38219634041782136,0.29451361563047496,-0.05280608332546331,0.31777665374410474,0.4613998198078666,0.5372165327243025,-0.6964374962809922,0.36505108547765697,0.00752861026372309,0.44750682122379076,0.5106060611953628,0.36851921428378864,0.1796985580751605,0.41610074841417954,0.026354896011665026,-0.015240425519747802,0.18668042886707,0.5245379433975609,0.7329177880313429,0.5440317260067635,0.4997151681460049,0.4074607845133062,0.5780762854301926,0.524236384709132,0.5613004853958179,0.5152783495100807,0.16147221714310603,0.2508352405271265
39,0.07891139809299452,0.7879116228704139,0.36791666383132704,0.6942476727691747,1.2967804995814136,0.5794969347648451,0.17712375475818842,0.3236920300729317,0.3819361376850523,0.0929872025304487,0.6806582836409243,0.4855228906704646,0.659111658490404,-0.8219896866108818,0.48984722602705655,0.2719184673852418,0.4691976451558408,0.680931891632404,0.4951355833586919,0.3563679498502898,0.3838259620808941,0.2553376437202295,0.02485272396625865,-0.14350358921975034,0.3891846222872044,1.226419946789765,0.3386318866507537,0.5199016835592538,0.5518326103217867,0.41241281650049866,0.6884822777750016,0.791415759779504,0.5901057313519846,0.13479099564553487,0.19087826747194064
40,-0.10240732686896872,0.586959743064172,0.406750206738442,0.30022070319004895,0.9684688423039202,0.5522087767732793,0.26339116308896393,0.3953825887575778,0.5333862194404175,-0.012439161242570572,0.21069253622926687,0.4722045754159861,0.540409931553,-0.26243229807271584,0.3198950960950546,0.14195678812416915,0.3294941869534908,0.1671472459536227,0.5019685358197128,0.09949509738675213,0.391530077178436,0.09346901446439557,0.06445876165369165,0.09866656972641732,0.3967289743161859,0.920734672338977,0.5765754211400886,0.5866037680922537,0.3509483547716773,0.5508540042158759,0.7777810687316391,0.5033086351404026,0.6699493749137453,0.25625433955477317,0.28884355480410284
41,0.03614310186667806,0.6890662814577155,0.16500830750080003,0.5426340328336254,0.9700824748147664,0.2619223596165232,0.08732257373683716,0.515847738231838,0.648368213815875,0.244594432204516,0.11281651130104206,0.31694662794233225,0.4841264275727898,-0.6544452571041864,0.5583302082630177,0.18016841059571756,0.34491862851569266,0.4783834974586999,0.31588325007574397,0.37209027643532233,0.35873464662775967,0.05008889176693272,0.2162537478533885,-0.022624259053516636,0.5260088715796217,0.6467295521627262,0.6669821571497057,0.7035557056891049,0.5564411182267539,0.22230845995392684,0.697496103518034,0.5469138235124014,0.35239608566885205,0.11429783611245625,0.3460392251386414
42,-0.20449572273591524,0.789304869604526,0.29506969070158595,0.47429003062519753,0.8861697492748495,0.5365988896355858,0.2952667004722448,0.422499703074094,0.5586482279408043,0.008238566377355983,0.13196509399687245,0.16607340756713376,0.4599590289356777,-0.1557630001213259,0.5421681776344807,-0.19980879205025387,0.3274032940789814,0.4453170768199727,0.23817292521098105,0.19951539396308438,0.3467365014800169,0.0022093644424897585,0.04395360530381598,-0.0119056780684694,0.30746491755050254,0.850708959485051,0.7728331236998149,0.6492037552266605,0.44477494106427246,0.6778489340620153,0.9001157736004112,0.2022815300122332,0.737111100258073,0.14677412945030147,0.3738348493949637
43,0.01985190701936356,0.7790692244088773,0.5224227955658027,0.347553218488377,0.9998182719350116,0.5153097006920772,0.04716226150957718,0.4068321764314671,0.5018089570516568,0.03121189386849647,0.3118047156742973,0.2787174459468826,0.7638771556143243,0.3217370218791187,0.668668023702959,0.44381487986697543,0.4526531660794472,0.3083021732704858,0.2680138453664359,0.27469514393453043,0.32085461277653254,0.16414276884874923,0.25419062652352087,0.37382924002454926,0.28579215848513295,0.8100204417216864,0.8256151581352935,0.5896488455762057,0.5911736254764723,0.522183121612988,0.6754528839227625,0.4357576116204087,0.7144119123110335,0.17288055119787743,0.3344104654242155
44,-0.020985731596028224,0.5708471993355823,0.41843063883510234,0.6206716080549692,1.0007243406161797,0.3034299412333897,0.1713184709501246,0.3974991471491421,0.7974133779655406,0.10731240779239763,0.29498089328963684,0.45786133625962017,0.5663365312037838,-0.46573731801393436,0.5850398033185988,-0.036987890854253205,0.28041422436949354,0.5814236126619381,0.21159697421672924,0.2012115277455156,0.3520850212673758,0.09112333930647751,0.08072462656140678,-0.3781726977851391,0.4822727037775375,0.9906153637356896,0.7899873125626447,0.6514608038027655,0.3515574980582491,0.571893742463546,0.7402951506721793,0.7260382736689817,0.5064743595073654,0.19983914049156248,0.19229855783669011
45,-0.12269278169044734,0.6962804928694495,0.2718290169783267,0.41537658070408956,1.0208370537651907,0.3950593243890938,0.22312611031220234,0.528270638419289,0.5796206157492803,0.13141402741261501,0.5171527447176653,0.11118611981460126,0.4403161011823779,-0.4273559121094122,0.5776173765992838,-0.007426428673934227,0.16368288244652113,0.5141458372611031,0.31953640279236917,0.225342976294011,0.2549539776104561,0.1009630943415438,0.17264966736589177,0.012673983874952863,0.4832922559073373,0.7759806666621984,0.5845598883106169,0.7440271144033331,0.4583047846061525,0.5001906904613207,0.7404098786112452,0.603828376446873,0.6249705817550211,0.019405484562873068,0.26535910384028083
46,-0.17063491013769866,0.7272366357487431,0.6685187101332959,0.908766987783634,0.8303785396027474,0.4226394438778817,0.31090082434254895,0.5433032626153749,0.5148923872515481,0.09662830691962362,0.5569718648894392,0.3644027018680378,0.5258740384237525,-0.12590702793244382,0.6475011412747563,0.02770143472354862,0.1044424554233179,0.7553975102001468,0.4388934211469776,0.16122541155298714,0.14258795310636974,-0.014439951262753596,0.31264341155685216,0.01627175883752016,0.5416026665961543,0.9409386184325581,0.775467661491649,0.6443572944142126,0.5689878799875754,0.6398796200968841,0.6396799658297951,0.6797240529873432,0.6232874423754169,0.17075923250408068,0.19972478616768738
47,-0.07296085279385257,0.8856583226729442,0.46990579772183494,0.995370833195839,1.067416174065706,0.11067571332585856,0.47417338715122653,0.5409280248591277,0.6604601201489488,0.06195495816451271,0.26249821965538433,0.06739937377315668,0.5463101292632935,0.08883034707617149,0.6170963419802007,0.41163478395489905,0.4018028247623483,0.7191021232746518,0.41188936918404223,0.35698871034987595,0.40645165334222755,0.20229385804085964,0.42303486341536584,-0.12554620914777878,0.4884490560817482,0.6817256778840409,0.6468211036859128,0.6988239521819518,0.7057631690494466,0.6350189376745559,0.7160316451672268,0.4091346770752877,0.8367103712210623,0.15913297089256767,0.2626188860250092
48,-0.12966758650586252,1.048724528851921,0.6556061344597908,0.9543313265755135,1.1015978891859124,0.3163327003702818,0.16861998068114759,0.4663090298091294,0.506880343770926,0.07576378535245723,0.315498387180983,0.2057027631144421,0.5564307902325863,-1.0603678310037428,0.628080405127145,0.2865978238922717,0.30304131950084096,0.8026985604433835,0.22237043840774948,0.1687523437517848,0.32208566026547303,0.14112858592908642,0.15823733566746323,0.084048580740396,0.6211021291923629,0.8484207091681111,1.009549162984719,0.6840592723926429,0.44148295758137035,0.4243692717379912,0.5685926127206188,0.7809730108606145,0.4083564297020012,0.19047067730856465,0.26171948621795676
49,0.1353795250653756,0.8478866914331213,0.42184434835889545,1.0174957391038586,0.8511717660764346,0.5712725808754283,0.22030827992340704,0.537401178711677,0.4972246726966254,0.11683217169050135,0.33172880749988043,0.3999776690461976,0.48460236193637846,-0.8431810636061514,0.5115133012824594,0.2047900904246772,0.30476172029601045,0.3795254484802877,0.4971249921675215,0.06377617780275482,0.23623584980123988,0.161620339484494,0.04429267587095592,0.07004302868312957,0.5818241792830525,0.9301559073944907,0.7712330871914255,0.6392805301908524,0.43607916081160086,0.5340581911714382,0.5756121852319893,0.5954339748658923,0.3491884097587781,0.23515161887667302,0.2880365298371953
50,-0.14532144534566938,0.9422439033966021,0.2764261636698902,0.7259562575818003,0.8604971561899019,0.22337657301844002,0.2124648349374573,0.5174271944377793,0.6098852946808253,0.12411257678207399,0.48524623410949025,0.25894334255520657,0.6761681221905347,-0.3230720465454294,0.5873303267488664,0.1330797454870928,0.3675253758655114,0.6290818689326845,0.33495223501570215,0.29390304869701406,0.5940279716981606,0.1978409593604289,0.17196744759181626,0.018821704290866513,0.5500341717765342,0.8301946568595849,0.7184187998944382,0.6499724997104238,0.40320180684204704,0.5040812253895892,0.5490293198423144,0.6342216699795069,0.2535667276359656,0.11756320842058542,0.20758531281053105
51,0.056492800061103354,1.1031935231269747,0.44044957765149356,0.728625845828679,0.9479510050670965,0.8529256340460616,0.4939357554816025,0.465439566141828,0.6756467791716607,0.3102232411889067,0.5060672639673444,0.16641404999160336,0.6250940046811314,-0.24858315066226183,0.5699671464068468,0.21084968837050874,0.6731816222378283,0.8824676937386049,0.4359684308029034,0.20932138820666915,0.4706450054340907,0.24625245574493526,0.2374011450844599,0.020751102618820502,0.5810597779142602,0.6406233901325799,0.6719729234140684,0.7556440426560793,0.5965399481793987,0.5031164905272123,0.7652525693857294,0.7186560566974998,0.5565928443538343,0.30124637805103893,0.251877399668644
52,0.045491331980351074,1.325940844195649,0.3642648036554472,1.074264416743361,1.0057271490794033,0.6240883534464169,0.12221053012592747,0.5153088055638535,0.7644833490869757,0.14142124578678222,0.6099647975494302,0.2254494079014981,0.5925665135450862,-0.09923154850677375,0.6009412285095368,0.1462872680851923,0.42402917804228535,0.971515837703712,0.33098386539191027,0.3653713632845009,0.33108219419339513,0.28230485619232115,0.2375856609127949,-0.0052065869427570105,0.6176666830177042,0.6609531717752775,0.6747480415068345,0.5617824266763114,0.4729009473276352,0.5203647618925804,0.739689818056257,0.6687907984208131,0.9906946626037751,0.3933792748167309,0.1638347048079304
53,0.1318238818713588,1.215604276480458,0.49433360478431027,0.7983683808364648,1.0037879604088666,0.5275336270484601,0.14457775823715904,0.5855455102166536,0.7361748414799816,0.20011944668985251,0.7152389646469413,0.2733470266487816,0.731284951624163,0.4082468630816606,0.6610242995357383,0.010540280280801936,0.3552768933961896,0.8174429691271617,0.32877058609374865,0.20317427495518706,0.366425322117648,0.1988752579652932,0.3341674489936756,0.35921921224879905,0.6504894643389258,0.9517884542831497,0.9425930704762602,0.6778378195948489,0.4916809111035649,0.551195955106527,0.649952543084991,0.6993657742139867,0.5705792565772438,0.5008229935663169,0.17868005310645702
54,0.23549909678819642,1.1357340976221617,0.43170887068501684,0.6867936902154201,1.013594215607137,0.44470434291165595,0.16476852390452287,0.5358502533956961,0.7951210009924161,0.14759871392888213,0.47239568183560254,0.5653922954110709,1.0279142800617769,-0.3107492381457587,0.31754431647428993,0.053417986181580154,0.3502763095065206,0.7353710979890564,0.35598228315730307,0.4665468974618774,0.47097098021428674,0.23367658611078018,0.4586646740056794,0.18678082098069038,0.3251020939867526,0.9331227380299785,0.6210221427110929,0.6143263683590781,0.46665083980136973,0.3686719822550559,0.6397245555712106,0.8742398089808519,0.8332718978247518,0.440023025301641,0.19935041298635597
55,0.15594079419680165,1.1693293266560743,0.3270087015212184,0.8320251653283431,1.0339755995224236,0.6245408520331381,-0.02357919967791884,0.555901824598106,0.7996481601340629,0.207697149266943,0.5985524582016284,0.4351714194287525,0.942665159779207,0.3391800050562413,0.5641940053666065,-0.017096901336576775,0.4173151001236054,0.931573526222054,0.5217700204530958,0.4798866961573703,0.4550629453617776,0.18419818205691776,0.34064614137371985,0.23968244904053432,0.47845097432645334,1.0724427215838257,0.8127905172660372,0.6657724312922386,0.49132697840424316,0.20787527675393133,0.860474187928427,0.7345773361390731,0.5666545312840321,0.35951118742712407,0.2969965876042686
56,0.09205678352389488,1.264391311529034,0.41082817014260364,1.3092830423560762,0.7372715921535747,0.4144620708365936,0.2256390076619979,0.40679610759417206,0.7787645843326613,0.30353210352932547,0.4473481746784631,0.46167726396016573,0.6777425489864595,-0.0664384829501374,0.5778492960300269,0.28994318832318244,0.39139195126522086,0.6527201941911416,0.3306952817767771,0.3574538248276309,0.389558924100935,0.15665786449922975,0.6309330108511233,-0.12070615789035104,0.4508898331925195,0.6813188181881082,0.864938569016511,0.4926732440673238,0.5412054115991972,0.2843324783455453,0.6614194692803843,0.5595857531582441,0.9217219364935069,0.38132624989021563,0.34946000331363286
57,0.17605854612729666,1.3193884120364006,0.4977550529043939,0.8773809441138196,1.0364260676320454,0.6800385491930909,0.3226765171935255,0.5076972816990125,1.0615893388458681,0.3855125950037446,0.5896390963716238,0.44157486955231645,0.998317407058161,0.3022307552655036,0.5891815313379709,0.16132048158467244,0.46077288398411703,0.761352669708695,0.27732282713839296,0.2134996949689366,0.37361742058474073,0.33786159104644264,0.4954743000066393,0.07206340651409579,0.4387747038187863,0.9253836836771755,0.5672825664889183,0.6841591560650633,0.4033215146741218,0.36678711900895045,0.605696708919623,0.983354955923113,0.8250131272278248,0.3818396006521204,0.3293080177181845
58,0.00640290757504864,1.078266064675725,0.20421438302667166,0.9157444684491356,0.7290919220152904,0.5955418924896789,-0.021377202327660747,0.5266306177751435,0.628357896900174,0.3562662418740219,0.7229244173580456,0.5434520723219021,0.786657544106686,0.7828908139456614,0.7129584794791847,0.2958432184027205,0.37408342285821417,0.8814637695299194,0.5194132011449665,0.34641807148106485,0.13613426936629275,0.1959212761528687,0.5672495857809475,0.0354392332087399,0.4877889595826821,1.0499895056563286,0.5112288757721439,0.810506143662135,0.5160658722929448,0.4605767074826692,0.6986858256269888,0.7682188845139819,0.5121769218995165,0.6777184215390148,0.36152402382661264
59,0.2513853933628422,1.1116947907688082,0.3808166210659095,0.623154568739072,1.0840590456424104,0.453142704023332,0.28991787347565756,0.4851715283873761,0.5789923174296253,0.3256397953043222,0.8084545987402207,0.5084977023670219,0.8044573270794253,0.9132672622723561,0.5607037241645796,0.1409386433733622,0.4781194984419428,1.0355232922732185,0.25835818515944914,0.29529979119069744,0.49799543469708607,0.4820210570322065,0.41261764540336743,-0.11374711685867472,0.5314437427992517,1.0353901395618212,0.47433990956675104,0.7221039810681839,0.4735450382341172,0.774051376601369,0.7190514218848101,0.7301271319877101,0.5566938910300229,0.7929463021649008,0.4248293736692116
60,0.3398962680964914,1.011351254058374,0.4872643171284137,0.9436555403765997,0.7946789591839856,0.31055950001834265,0.1700032054662407,0.43979062507595784,0.6266873783766124,0.5789316820620329,0.5974027584294684,0.5789116675757325,0.8152273573443684,0.6608301166018158,0.7056887880850992,0.44155455923431025,0.34791130496243583,1.1859855190289061,0.31239339389890763,0.21583906715607312,0.27193168900965303,0.2969443297221519,0.3477741632681556,0.13180698544768515,0.6293233367374848,0.9292862417692291,0.6249998736383707,0.6651087002216532,0.38451127431178,0.6159991569631907,0.7572920082508363,0.6795568675067056,0.650616102148061,0.5472309734753124,0.24809119885802916
61,0.2696361682028167,1.2937658772895133,0.506400788192841,1.1101076408733168,1.1132461484442837,0.29079997863669305,0.064707820912869,0.5784729205745037,0.5757911989168045,0.43530644765991294,0.754584096202108,0.7451367016351513,0.7668570837372759,1.4020855886317918,0.8178226816141078,0.39924710454931034,0.49647996017280016,0.7968911888295003,0.4270543214398367,0.46077789197585906,0.4052971347838335,0.27453711294607025,0.6343255308631185,0.023842746313429655,0.7731767220433523,1.0765624227540775,0.5103913172822389,0.7252685373966266,0.4617182802944587,0.6547492285822976,0.7224423426656084,0.8755418449346926,0.9741995828615311,0.7337038768882835,0.2995239537811487
62,0.4905366557448868,1.2511748361276354,0.4191641657677287,1.2633952015685208,1.2996037952062234,0.1605786990782026,0.2623839066423536,0.6190553834941244,0.6350244423147038,0.5346672736267674,0.6408378665623191,0.4286178219844774,0.9303789644442368,1.5072360209021323,0.8119027999497848,-0.0008365717381756677,0.5464352414994291,0.8439734884482262,0.34887779917238515,0.4182509437881151,0.36888735395287164,0.2690838675755264,0.6512858475244103,-0.14867573718850424,0.7936905996599951,1.0463871695336855,0.8269120632000064,1.0253506284830638,0.6551528610092907,0.7057697417956493,0.921217636355514,0.8614795702457854,1.1317219116390493,0.7077410911089701,0.27797614932717707
63,0.28212594464384927,1.1004405140203406,0.5179254255059571,0.6270270060401978,0.9942855004060895,0.4966639802136233,0.29064169921912825,0.5396180013833805,0.4230848213013506,0.4265079246468477,0.7773478723490012,0.6157187666500168,0.9739382217581283,0.9885558692081522,0.5593167427740676,0.41739594865391483,0.5106943215579667,0.9761087640319743,0.4997482963219803,0.3576539533117722,0.36067368669166155,0.5611688894090291,0.5564466209956225,-0.12092322922473621,0.8177879312704364,0.796417245867785,0.6248632505151839,0.8070099575186179,0.6520718731971803,0.6721378843128631,0.7767848001416928,0.9181294394376897,1.120830764143879,0.6729550444866292,0.29467461013326907
64,0.29247029262024504,1.2155000755793153,0.5047678762859539,1.0262654865744052,1.0239403174522672,0.5325609370267551,0.19017808663497582,0.5283097825220437,0.808911327372519,0.4541755630738872,0.6737632680817853,0.2944215668592989,0.7444652073114962,0.8484896700959768,0.8804841808615875,-0.057184282562803807,0.4748743067578585,0.841199013897581,0.5724661886976118,0.49198419452436093,0.5900156404174077,0.2138127538682092,0.35424466936837756,-0.12402365572412614,0.5201328298052972,0.9147529247253733,0.7991543863153432,0.8098941834107387,0.7179909535520925,0.5636661014842315,0.9930191083835809,0.8935754640101821,1.2400135211373087,0.43807533994153713,0.21208627333447178
65,0.2558000426750336,1.2109809043242077,0.5015678485812498,0.788617242131578,0.9596964228020678,0.6314827221981432,0.21770636429956142,0.4057172514299101,0.7265310688611841,0.45584235439230275,0.6979556365269519,0.43029499667391424,0.9817948635944979,1.1691264031942032,0.6825580412669349,0.10950358863877488,0.4915703706874779,0.912935913627883,0.4121303895928138,0.38004730314815,0.3628824716505455,0.3711336787900151,0.41510989676996646,-0.36727726958337015,0.5297334610701963,1.0551331122708385,0.9211966791343064,0.9603347001247009,0.8336063203393554,0.6132081112228103,0.9842174743202577,0.7228125464622164,0.9940631430940097,0.617607643022188,0.27503706141582496
66,0.1722077245778422,1.2069411975952042,0.5412852679244184,1.3941957805946794,1.04248002647123,0.5376379850037687,0.4101054455790417,0.4718601688366857,0.5106469621874337,0.22034599953396605,0.7250306626764167,0.3801284953476818,0.7816257577434726,1.5338755129569854,0.5242640364520057,0.4065035108519217,0.3738609972815429,0.972712049048445,0.5494975068192098,0.45633763146536904,0.5249383536327933,0.2688878885512393,0.47978949298626106,-0.2945935802718724,0.4854341467471521,0.9253377227496691,0.6993874464200209,0.8553556240284663,0.6043790227904369,0.5070750001134539,0.7722989046392059,0.9615081641485455,1.0079090654827945,0.757766965523734,0.14069192889655008
67,0.36070291015582356,1.1514671584683274,0.7424788649082688,0.8794384012763748,1.2508680184672678,0.5433045688388857,0.513085529452074,0.5511001179735168,0.7677583547984904,0.13057522078452133,0.5736794067670556,0.6058082823090893,0.6643981139813024,0.7399906533073752,0.927908583482826,0.5824439404690978,0.5337214658101598,0.6975329693228458,0.7088236166472728,0.7330776985005788,0.520093088854438,0.4817576612165723,0.5415276184754593,-0.0222476234865304,0.6150679271819153,0.9649936381986514,0.7533039282596794,0.5669915333450074,0.5209231842058528,0.6683847826905386,0.49698513607057165,0.9706273851009006,1.1284634894770074,0.5291198378173456,0.18938107483843145
68,0.13256126414616592,1.3582353545029675,0.7241959421480177,0.5028763735787365,0.9109901496534718,0.45292477341955695,0.4778113800370286,0.504291373548669,0.8748790954968475,0.2739277436426275,0.6295756423022357,0.5838619159295713,0.7895146997665518,1.145689374831652,1.1129185898945833,0.5924367598387956,0.4184749371461583,1.066333936788435,0.39175933986855815,0.5640516281730937,0.5322828879024277,0.5807049630767798,0.8848169971727936,0.16247858388503497,0.558933467014155,1.1313142761247947,0.7753748363721954,0.7088772331877319,0.7750005578090948,0.5592962217572313,0.7041642481594972,0.6798850465306614,0.8331101788204552,0.7271264847392294,0.18376046279311695
69,0.479232592474827,1.421238782018496,0.4940675468446664,0.739068425342653,1.0365395875188834,0.47234752127222723,0.7135237446055733,0.45182620801614326,0.630486501264053,0.1596346129090902,0.6059846594400335,0.6135535192662521,0.8671666135903252,0.4941499954980333,0.8161154304820701,0.6292883537550946,0.4605860069915096,1.2570968049821971,0.39309422789967974,0.7505355607334048,0.5532186351679393,0.44979596465890737,0.5471667433408289,-0.38155590602094586,0.28688303657242586,0.9854087364996971,0.6782245481730408,0.618387181053334,0.4864954170614365,0.7297735693497577,0.7878108634018277,0.8268703114974181,1.2520534469588211,0.8940142902385857,0.28698594165856856
70,0.20357089767363903,1.5226776972956655,0.5115562340618702,0.8754773213592155,1.0790883880644222,0.346844290580979,0.4970452280936397,0.5817199374823445,0.7922781398902774,0.1106435138158985,0.5440453734096449,0.689388102176044,0.9135522497095788,1.2223339030315563,0.9382671649846636,0.3722145292333674,0.6475531476256258,1.1026692229472523,0.4407252988769491,0.5749274245806091,0.3776666755742627,0.5542198719962643,0.5970609602595585,0.00015421716940844377,0.4458395374176869,1.066513336128534,0.9266416468837224,0.9316839243440034,0.6098163956270284,0.5365707313510631,0.6521865292195252,0.7617653964601683,0.9666458656977344,0.5223095904692993,0.12356138957115144
71,0.3861862657332211,1.129613753001593,0.5123567078958082,1.0900919856978393,0.8601672178511109,0.45505439472271303,0.27197029546369167,0.6217576904415361,0.8387146158166745,0.13369636390971015,0.5070767378827452,0.5338381658057973,1.093501131586046,1.1451317855350163,1.13754683474163,0.32853362351527937,0.42505493998717336,1.1003861374516317,0.4031559160885122,0.5700087278365114,0.5296876367942531,0.7185428104986193,0.47995964238895894,-0.20730020690346412,0.3383642524700007,1.075166853890431,0.8197562371837985,0.992388443316838,0.7555586889050221,0.7709530557277178,0.7216943123359026,0.8985610396921144,0.9905573707438704,0.5904947828306794,0.17889544535704277
72,0.4764806162800586,1.190480224295223,0.6275397392623192,0.9373534378400854,0.6960061762895297,0.3369335844911557,0.6563411548739793,0.5083929255922834,0.7366054742903119,0.1833435931702831,0.44156159014623797,0.6231357786754259,1.1257157058001916,1.1477905164144382,1.0349060569462574,0.5770021697935301,0.6002387067439615,1.0332300926668831,0.3432420286660194,0.9009214001550446,0.61916918026305,0.8718721796279199,0.8398667688600754,-0.08833762110425797,0.6333701700792915,1.1534126359023755,0.8007091807118278,0.7410219983465429,0.8975500739823541,0.6714287994700532,0.7961959162573915,1.0528026480607524,1.265530505202967,0.5472875098653022,0.2162198833440564
73,0.3820802099333004,1.3979594607481045,0.6874770053960456,0.7261151835428606,0.8964787470138444,0.6499790058501692,0.4831354814810304,0.6308703680469927,0.7384152256177399,0.09120816475364313,0.4345413815393822,0.7236522694792129,1.1401240355757438,1.3085484532201384,1.2068331264554673,0.5593128568165963,0.6805525663933977,0.9593583392682562,0.36321345280995426,0.6169432620738071,0.7550040789057682,0.6895927438464182,0.9593348848507613,0.1067289533962724,0.45584495577535356,1.0505280479587293,0.840153180668307,1.1430387522281056,0.9748267393046454,0.7088369543542408,0.9999588924087487,1.001464520306832,1.2467221591948707,0.5969620552076498,0.24752704196269215
74,-0.06626228634508377,1.4758257759729934,0.29101066670390485,1.0322258446411303,1.0206012918436556,0.6668533481731647,0.7878048348507765,0.4505034500604642,0.6248140130901465,0.05927503921969176,0.6523850275045224,0.629636472123719,0.9602779608820964,0.9348850602133035,1.0703014215131534,0.593115400451279,0.6752450541482184,0.9136907284374631,0.47377270192421383,0.5408776888969633,0.5744592366930363,0.7854019543282514,0.9273734432439398,-0.024144613322017332,0.659308721481724,0.8518509708992897,0.6701966654649182,0.8575371525378246,0.6448269290604268,0.7165714788041714,0.6365312721255796,0.7836627137003506,1.0715127046876585,0.7418474330735372,0.15656423637919892
75,0.40057202715304585,1.4655604701796596,0.30832717291341866,0.33731228622142795,1.1776200330052473,0.9007031990001453,0.8017301789917005,0.4775697221518531,0.7621784394982065,0.03747165565003732,0.7077123936845191,0.5238326992587301,0.932337885902079,1.208189913182022,0.920462382774904,0.4216091438771262,0.6142943612661999,0.8689001258585418,0.30642415767181175,0.9595390768477859,0.7421423821455753,0.8474436044147169,0.9304524128430132,-0.14066152122576303,0.5017462805688568,1.160295315494706,0.7729306398138105,1.1099490882737113,0.8345852016661819,0.7454437525069839,1.0546420509624006,0.8044234052548315,1.3213812045558582,0.5095670071133288,0.26826058636394035
76,0.5201505502569569,1.2516430434417405,0.46558726095750624,0.8450910748250742,1.2491410594437147,0.5876248634853563,0.5514140060374642,0.3829319762903767,0.7468793786014096,-0.12060812226967943,0.8195556573136574,0.6046790715390136,1.0051935761930215,0.6905976287168638,0.915603549551298,0.6632322043180399,0.7039293148715425,0.6432882914224285,0.37158586701382157,1.192317757197694,0.6381846772749104,0.9723402075543172,0.9504195703587404,0.050961674163820934,0.4580208647897654,1.0071129260750862,0.7834966572956767,0.9470822638186804,0.6797498071409876,0.5710891485173181,0.8537878963713879,0.953892417108559,1.2427189171721,0.6188969834813307,0.23857389005351878
77,0.40455550059907824,1.335020793349571,0.6413184435655122,0.5299485955439802,1.048301750266328,0.6303376072140351,0.6321294966285741,0.5551867833306027,0.9958745460351943,0.06130093868636936,0.5781231165178071,0.8345897920778038,1.0955343304510705,0.8041349974380583,0.947479007386855,0.5035516629563056,0.3987410913552999,1.015440030873819,0.535950274227043,1.1169492644218062,0.3761208761454967,1.12248450170416,0.6964436936585601,0.10862138359049,0.5378614613276458,0.9808778400455087,0.7564079568132457,1.0287582568104483,0.7911155579578145,0.5810934071518257,0.854364549829842,1.0766409571290199,1.1043663807177215,0.5887012289007999,0.292710568187219
78,0.6437475743445601,1.4728831725687745,0.4089288873910126,0.14696296498388361,1.2941715462519872,0.3696929120512742,0.65217526390036,0.5438928287034599,0.9737637935144635,0.004450274703909435,0.7413105919378733,0.973587416749703,0.9626967675423045,0.9575289587605003,1.1952916972380085,0.41069504036031534,0.6371411013142692,0.5483754401920409,0.5064314255271974,1.0291399119606919,0.5990680690408368,1.0399651675283632,0.8298132848385217,0.11383726937116759,0.38160905133729106,1.0598406718276603,0.5738738371691778,1.1159163125734943,0.5500292989477853,0.44612134324116914,0.9145560144742961,0.8561420421615925,1.1452407796432151,0.6508913206194413,0.1649208922475055
79,0.1800673628972011,1.2112879062171775,0.3543128468134565,0.10080817103716602,0.8310996071002694,0.2342966931513496,0.5437083747369214,0.5506820510863113,0.6806251875373968,0.01700953076849565,0.733776019430623,0.5827252611397389,0.8178389252748091,1.356717941651675,1.1604784416449174,0.4475658516129835,0.5202138460325426,0.7923207006528297,0.13144279172971984,0.7862131414516247,0.5010685687770012,0.6759274672841875,0.715415120425469,0.037727142566072555,0.31954362320138546,0.8707459042855041,0.29610385765788455,0.7973288830026409,0.31168143055177444,0.45569747395296917,0.6755357278587334,0.8302477487030248,1.1967776320705297,0.5318766813216347,0.21137891678007872
80,0.4565953352116041,0.9980384524194735,0.26203290538415336,0.37026939108114504,0.8337492544238414,0.2608871078238677,0.6710531332434091,0.5068449183062329,0.8885442819794829,0.22154921122993582,0.47171518846993876,0.9153010474579228,0.9329627453096931,1.1817457571605696,1.1217184396409796,0.5921894948682004,0.6079530622178231,1.1492870039025234,0.35192667298718167,0.8333900087275068,0.6724466824918637,0.786233546448293,0.801088289678515,0.07854894746622808,0.27775409965108566,1.4421372705245339,0.633158944134262,0.9166612114768741,0.6943629717666121,0.42639825453977986,0.6640692207968601,0.8048777753348301,0.9965680418342061,0.6599855451768557,0.10715591699795318
81,0.6157765781809282,0.9889211336209571,0.6048841772997409,0.36361224202395903,0.6290182057130337,0.3325498716068293,0.528046654377015,0.4788354587747305,1.0142637974329798,0.14304856246601402,0.7593933034343026,0.7678678518165818,0.9725575888817044,1.1574386472733595,1.314212272162079,0.5704451717381765,0.5591899180118807,0.9400664234436364,0.45237276209331956,1.2280928486284433,0.570122141476088,0.8635341977048477,0.7476286997749012,0.2717995346388206,0.48415424735142837,1.1745092991896466,0.48550023921325003,1.008229291044094,0.7115433052777079,0.6152378274354751,0.7967360979621269,0.9971249249204341,1.2543972665671577,0.5569729825612468,0.25001405152325373
82,0.5087757310840566,1.3675655226900838,0.443911153128979,0.5298817906280758,0.7988391711456042,0.6300604588563139,0.6328388611410863,0.47754297362052217,0.8256647378792012,0.09580263678878478,0.7270311306121069,0.6906856214264083,0.7988335025596935,0.8674564837234672,1.0801827090210854,0.48969384819533035,0.7646169672682901,0.7166383970343644,0.42642559959038173,1.0873397827355085,0.7695739835409208,0.6457663760351158,0.9446674564115545,0.2713256859111384,0.2739729075000135,1.2008442020926804,0.43261577158936826,0.976370424325498,0.649537892645561,0.5063342795584965,0.8520419134521334,0.6247962750672547,1.3145284919728066,0.8151624774499704,0.29774922376788016
83,0.6852579828946348,0.9945595866013757,0.5753825927426139,0.23079191587045614,0.7383960853307188,0.31773414655472637,0.5145284672214088,0.45879765124515437,0.7905460511451001,0.18063073047008196,0.6340943666025202,1.0214561520097223,1.1452437552691275,0.920659369885694,1.2068028810788392,0.5198543037924982,0.5639064742682243,0.9736322511895565,0.5081927945233119,1.013587815580692,0.5038792960194608,0.6128283579930582,0.7039370757651389,0.11821548609131585,0.3502100798458653,1.354406777904464,0.5701606527912831,0.714580099790823,0.747043762052933,0.48198796865887267,0.7200288631890592,0.8562334119134485,1.0651957761402313,0.6799076362512368,0.11593081669654204
84,0.5643850224492362,1.382482469173223,0.7513338803738887,0.22231624524076588,1.4841328087293106,0.6930605891938281,0.84604971555146,0.5131449316442606,0.7838158503126298,0.2191554032431678,0.5079137371800126,1.0068315097067075,0.6902701644900068,1.2041339978238383,0.7534091197080892,0.5440556856868185,0.6485178776824814,1.3031752630719482,0.22922725918602777,0.6631111845648496,1.0756799835337763,0.619466845091728,0.7883845015335249,0.47815080398192256,0.5096655058367338,1.3614805380376582,0.28176450513407825,0.7710847029565997,0.7076066529440541,0.3556849069601149,0.6881723762716205,1.2066794137252397,1.1693246832732087,0.7093179041059299,0.32289433219027475
85,0.5560143470709885,1.3434845597519411,0.6809975169369888,0.4703529294907086,0.7651623221388315,0.3158813724717998,0.7603376998474761,0.5685799991883274,1.0109753243242494,0.344939094992876,0.6485608733441142,0.797218682480848,1.0314845606926242,1.29906436779994,1.288527996127312,0.5130647637520671,0.5148369455046495,0.8505145918147496,0.42869263274827146,0.8072287240183194,0.6204301884817938,0.5204521824091566,0.7867137145816303,0.3577848838525114,0.21225271200744333,1.168564230011086,0.7020874996870752,0.872584057128658,0.605371274494792,0.23267261865661393,0.7988358713488325,0.9158494277082366,1.3286194571735384,0.4905548700616234,0.2688309515211143
86,0.5460970790951629,1.3913487352268838,0.5716701781219291,0.6178025698204126,0.9512526056174173,0.23158275367940287,0.40521846829961405,0.6276847732497637,0.8064798568485245,0.11577509971168895,0.5472256120635332,0.7322088524001483,0.5573409059963628,1.5213644219443667,1.304709221406323,0.3331799803998647,0.6140579807657724,0.8714444012599407,0.22236288178267793,0.6912434463153925,0.6514631162181859,0.5421681081862844,0.828995971523079,0.7098785898384241,0.278905214077641,1.191968007360226,0.6979676882375403,0.8981837963534947,0.8266219471911402,0.41457958278984075,0.5862061397212026,0.973878260377346,0.9407769640283525,0.45139133915720164,0.19647755020224905
87,0.6156369103063863,1.3265997584132623,0.8395431156787327,0.8990092557266961,1.0713767748470544,0.35204996797980576,0.6742993828634428,0.4753026693211264,0.520342461231138,0.10369634417863588,0.7868131468595447,0.9031450907485395,1.0714177167461987,1.3822102058295558,1.1413914111416812,0.7734909079470212,0.46232258425949,1.3472574515999072,0.5172757285602894,1.1586749858885428,0.6714331406528871,0.5061114574424677,0.7666211704595801,0.1933940289203569,0.44401091376820856,1.5133834663626629,0.7502326457605568,0.9137993690671901,0.754019152450282,0.7219050488430954,0.5014814788480946,1.0119432933818082,1.24023781458753,0.7080368211106829,0.522061062780063
88,0.42185486903230424,1.3727419904465654,0.9045733020966675,0.5380632289614009,0.9434862195010227,0.442170083883412,0.8432351019610373,0.48085311307913514,0.538611127918953,0.1844505354977426,0.8457850375928067,0.7312820534622686,0.8004260699888386,1.603332211641342,0.9357222826243458,0.8085785306309985,0.62135060411551,1.0732358143047334,0.5657833847640947,0.9654026145099113,0.8250676779016979,0.5584675333406756,0.8557154424417133,0.45601318587100975,0.6519708429952071,1.262425341787793,0.6498233541584562,0.9224750309843981,0.9336905906559162,0.6785964759275822,0.3864327432665482,0.7348888952705168,1.2957780462850883,0.6673572249391899,0.2717574168926347
89,0.47333758378686014,1.2984471742026145,0.6915289875724531,0.2793495943654961,1.1928150737311358,0.38839056652485826,0.6927367322704,0.4748070299129749,0.7666958369697202,0.29082641067038273,0.6148704391408235,1.0081642684940204,0.8927518995414063,1.3874019189727258,1.2019942757039157,1.0470092825402473,0.6215070987744968,1.268658108194336,0.3101485976473822,0.9786216664248722,0.7071812491784206,0.28508987821310605,0.8687013868655686,0.3128684264475956,0.28034412589712354,1.480633924257181,0.7986516701627479,0.8175590991844237,0.81548983015174,0.6493848682773873,0.2762981350032062,0.8970447335597044,1.1416267294085096,0.6952956474970337,0.2846655277075964
90,0.8383231951053236,1.251072275811175,0.9265359316567854,0.521509203438117,1.075301364593023,0.4502285428993971,0.7368885147055133,0.5933330412880483,0.4935655307783497,0.3220845908417799,0.9372388986363455,0.7711163464582607,0.4166398970721003,1.2702893638898445,1.2969883687562453,0.9019329390122461,0.7505157129519338,1.1648447303489011,0.23426014969181058,1.0262136755086928,0.7722946663797878,0.4556621792034509,0.7132342798027937,0.44033457608104026,0.5424451325277586,1.2269682262871315,0.7955826251710635,0.7720201520143463,0.6638764443940436,0.7966983830704649,0.3557113377967318,1.0155767612275293,1.1314287544407011,0.6020047120221099,0.29030465882094325
91,0.7939447667547128,1.4722980027509531,0.5052266793050348,0.9246695477548611,1.439983193676074,-0.15635374142268718,0.768656026963037,0.5459518741969598,0.3898992519220565,0.16344257623239955,0.7118939612124793,0.644557263876394,0.4747075624945452,1.1483373215826793,1.075744965163486,0.7807419685147025,0.5839973484894361,0.926416318168835,0.3502046021472168,0.6452155259140941,0.8688202523600015,0.36624714607352227,1.0206686127888231,0.6097672569261421,0.39048292138435065,1.0693557560860514,0.5785416142472954,0.7099781944414679,0.5938027134681987,0.778207946969294,0.47014181323891535,0.7918162702917904,1.2574435108785385,0.7082984338002616,0.38858419393653365
92,0.7199453755590102,1.1347487075234346,0.7101324104256956,0.7152888167422626,1.1571014110958595,0.30887861871195155,0.8645865220292779,0.5106305733036312,0.6339824423175631,0.3245090938618583,0.8909255632046023,0.9958815305465767,0.6135918864295857,1.3959619342489944,1.3301978118781155,0.9022489852687241,0.7238161900642277,0.9082878630977056,0.39586920967725225,0.9349477298701434,0.5563483799929125,0.6992368258176366,0.658753093432771,0.4581376905830068,0.5231916549543267,1.1684645334787247,0.6370823167573337,0.7231198990771238,0.5550782372213607,0.8566629247611994,0.4067651525851538,0.9224044697971261,1.3063390489745776,0.7350487114898292,0.48408635986575516
93,0.7235084608796692,1.2570851635766824,0.7076411444899855,0.8986903445713437,1.1636367243262953,0.3395743133684914,0.9444714740359118,0.5031549755874862,0.7470747886985468,0.250379608991828,0.44566118676759436,0.7931053914502832,0.819080385195146,1.5594628026540909,1.4228840215004324,0.7734462636171011,0.7951800004467405,1.3834556669053524,0.41027532629603447,0.987920732313025,0.9166218669231463,0.771054574030763,0.9051091127357904,0.163908402337534,0.34048661548553283,1.5961727115262834,0.7107069476892811,0.7965120499571944,0.76857183774617,0.46658774107623513,0.3436247257094157,1.1526617729319701,1.344226980090116,0.6517358291501218,0.5007179674852771
94,0.8643070537580163,1.3935497145414015,0.4798023511352301,0.9007134526112163,0.7090814541460364,0.3272220907640094,0.9057063423642425,0.42139627330517737,0.659684891104828,0.24089032492831397,0.7057616217858803,0.8290469815658378,0.7018584375005543,1.6603554899273636,0.9809411886631396,0.7514045853571863,0.691205159752837,1.0150429929480742,0.4112357463429107,1.0463508158018036,0.7355187323970305,0.618697853157583,0.8390755583059435,0.4069026941178241,0.519640424270833,1.1132363690712825,0.9617594201245514,0.5348731943565128,0.6446287376894396,0.325989433341222,0.3591146645451364,1.1172494186654118,1.4566231872183997,0.6432340348795722,0.3361408847616436
95,0.7001671449622692,1.4063579905399615,0.739335503856446,0.6867177975673793,0.8846034584133827,0.26884883889775424,0.8441686490807092,0.47467102831572283,0.7435082204203021,0.055319564590759915,0.7736332258933452,0.8518188819065713,0.6725395484107484,1.294032955004425,1.0418154935239816,0.4010481593323708,0.6711898706149176,1.157219441868206,0.5724381352453608,0.5878208077956599,0.7268769666828563,0.5695552396807602,0.8368286653493506,0.36159759223180454,0.36676509279089925,1.5081470982452188,0.8726606268413675,0.6832459424011621,0.6726225783556643,0.5795931907951204,0.537587093421417,0.9914912440981811,1.3482307483906064,0.5414946663034939,0.5890124277157698
96,0.6080404778422431,1.1561097965003304,0.732251718137916,0.9818688640664299,0.855503102072523,0.37899206016996595,0.7874215910244515,0.6332346504257786,0.8440798505901499,-0.04140159540443086,0.8224887044461655,0.9412683269647468,0.546325878795332,1.4891371881196012,1.1421484912608841,0.6832403029193127,0.5371345276188029,1.233869301910974,0.5764988426483888,0.6934410698149099,0.6679797704012345,0.4887216963685571,0.8051202249047094,0.5257183283289543,0.7055573540716897,1.4407630794223323,0.9001237648057585,0.6365491446616618,0.6768549488225548,0.7913040069448471,0.5611935384883397,1.0996119179456085,1.203914695138859,0.5898370222017193,0.43208408660496117
97,0.5879754322510143,1.3930314517249305,0.9000211561482164,0.3815095169018674,0.8743011578335881,0.2645210642915745,0.9565424337841552,0.587349903924639,0.6759581400976156,0.12669189411520615,0.5895740346935904,0.762192572798174,0.6067347061171748,1.7001926420155917,1.3647640892334982,0.7086940339031377,0.7748413867879821,1.0033535800857902,0.3261676234991785,0.6430160060130483,0.7829913145280951,0.28770586892801275,0.7464058420061621,0.833399983042264,0.436088082626854,1.262968793346329,1.0282519255442395,0.772499573415384,0.6064005642900632,0.6385076227441222,0.7608776584259647,1.2435163475937905,1.2834670780353254,0.6009951209752705,0.48156808324618117
98,0.6053823608017539,1.2106271103665167,0.9551344881827855,0.9176078586364305,0.6819621009949586,0.1961773121978481,0.8792123025234811,0.46801978126497235,0.640580175444295,0.02965234228655142,0.7784272651003121,1.031507481154474,0.8933813624872109,1.1810586181456593,1.1034990646320093,0.7099196271315803,0.7491086400017657,1.3391325607821583,0.3791440112754192,0.4880771795578791,0.5849136388619587,0.7665681151315558,0.6405306744575765,0.3927608830463667,0.39706857399851314,1.8535066518779506,0.7475899086864197,0.7028988919829903,0.5613286804241893,0.6098786312242086,0.5854067511175162,1.5555304924368227,0.9783818237839385,0.4789319668126176,0.6254093827222517
99,0.752418495236946,1.283580091911801,0.7287567289265893,0.8791618604766895,0.752237480518489,0.26635125667247805,0.8569150412183326,0.2917967487250785,0.709021429460598,-0.07115591404478619,0.7407028976996695,0.892441913744332,0.6340871112634663,1.1844271736416578,0.8850418792155658,0.6698204230371805,0.7516343690060601,1.1429805836672813,0.20792671897581005,0.8066939342376991,0.6804503566678197,0.47416907187530055,0.7214946251576311,0.5739679917596234,0.5050501422463181,1.4985764022305448,0.6268898351432195,0.5703876876873297,0.6039669050056956,0.7131954783481531,0.7387484417534634,1.3054290049476311,1.0252544295562958,0.4216202253910998,0.5480702889203894
100,0.6324655858694049,1.4599170755056978,0.6378742131821724,0.9035004191416416,0.8290127225441914,0.4085125939514541,0.8663729265781401,0.6440253118872338,0.9430811022927791,0.10743532981648306,0.7456138597296462,0.8226551771556541,0.411401936182035,1.7753945713232477,1.3001594563090273,0.6445083922130972,0.7739097856538393,1.1924775199505457,0.4567223565648615,0.6337839323412582,0.7212469472666625,0.5420332709678057,0.9708064919318167,0.2819332285093927,0.2385402198347849,1.6155888048788285,0.8569789265336172,0.8368323046949435,0.7224141228494512,0.6681005128451367,0.624671096977879,1.5002350094375485,1.33538693661477,0.4687464670965782,0.6348779423972297
101,0.7814996855935747,1.1903513829613384,0.5665937456604326,1.0433791986073737,0.9558954599338447,0.29130025884387034,0.3344529680445891,0.5290993792685161,0.6101208384500518,0.1367699318886431,0.45060840282989034,0.8683936803629719,0.5423414085761391,1.3998211605517556,1.0446841140394443,0.8492379893222395,0.6171098325248578,1.1886843699605216,0.340555155648841,0.9429912486962119,0.6350251847390316,0.4801269779516929,0.9492509771427606,0.4015615014308956,0.4724521852365714,1.3930045344791857,0.9353044279031807,0.6487243900618087,0.6688968863848058,0.5336472913555743,0.6763564992235587,0.9883157887823207,1.3576745074941003,0.3641031638465116,0.5949993939309006
102,0.6673450748900206,1.3327592150834775,0.8939161165130061,1.142229747390976,1.0502532273909742,0.4996714150195021,0.7504861678208313,0.5095673423382567,0.8286467671128868,0.17765930555359283,0.48019496035061704,0.7994480800741863,0.5056515342859759,1.5862238277282557,1.250401502092095,0.8207564530283055,0.5668306492861291,1.0645095833285985,0.5248455312021977,0.7239953064845992,0.5622935456209053,0.7318744063000162,0.5956297170277438,0.440304614044396,0.4689576973350774,1.6578117187497368,0.8518566017541686,0.7498684833548335,0.6319495238865921,0.6325354348056286,0.8339984189658085,1.190374036136742,1.316453004998385,0.4012336028318887,0.9319929895419032
103,0.8874224295956905,1.333024709716441,0.9777081833758504,1.0988397922661934,0.9376482321768547,0.4573013770259985,0.6595998629018721,0.4138783545731554,0.6381369984571047,0.208031125108111,0.5823169884560883,0.9642706708761934,0.35700407664786327,1.456890706344585,1.2407030293474197,0.8985227647038692,0.56247929298193,0.9076712696027258,0.5258028489959286,0.7792517792592306,0.7351389059837377,0.5476155427224971,0.7351868516867978,0.5836523703744718,0.2502863130676576,1.4866592948887711,0.816246939434933,0.5280076426188895,0.577424952778956,0.5421484820215894,0.912206442607029,1.1613689299529957,1.3720240125080074,0.36669725290161437,1.0482901605129151
104,0.7826620398581745,1.1079920250033002,0.9470186691359426,0.9972486082106305,1.0262931273524436,0.23139851385813154,0.8123594486768568,0.40317841968992607,0.5496236327687997,0.24903926546412258,0.5134408695670002,1.1150121768839774,0.4074764691111806,1.5485549032939159,1.159514127095357,0.6782322207178304,0.7706380716096486,0.9225775384124961,0.27566859353956974,0.6935604334813239,0.725008152105912,0.6669275020336527,0.8682708462554566,0.4745752887234146,0.47481080356924354,1.471570298727242,0.7151496014072056,0.5595047098843163,0.8839032489673478,0.903815537861496,0.5625951301541512,1.1663015093762925,0.8900014150237443,0.34318297031079975,0.7232823071922325
105,0.5127764544993112,1.2291363316040798,0.6712221200614752,1.3106948506132623,0.9056938288231406,0.6463229864217768,0.5587839583709544,0.6611457256249296,0.9513873664507814,0.3698422778489719,0.5477673289655737,0.8179141245135333,0.5074548067036091,1.4553373835681205,1.3891699107185025,0.8586578443408994,0.6219316237964951,0.7064831706221949,0.24068183816424715,0.808685417980232,0.5535051179889066,0.8307588769572151,0.5549209936940178,0.7569181140328246,0.3973766829736765,1.3674196627778181,0.8536643594218501,0.7311987938886821,0.7526065064935118,0.5020776005438812,0.563599165509717,0.750216274145503,1.1856870354941123,0.5119406815571009,0.6467660909964503
106,0.7214856360423363,1.4678061941276046,0.7406071856321953,1.2099325883136833,1.0975132508108707,0.4454242604903093,0.5462957400410104,0.544002794607124,0.7710417522540365,0.21670480418374075,0.6569973204589163,0.9236816676522022,0.6589887854459796,1.3688179091880737,1.0635446992817625,0.828344439181141,0.7493828046781832,1.062982322557112,0.4359308778162178,0.6253299082223347,0.691660777681245,0.7009366062761144,0.6438098953269151,1.0015658657397597,0.5708111792248072,1.575946293046559,0.9767481353559907,0.6057729288498013,0.8802003075517801,0.6893524958234054,0.9276002999619474,1.2969537259867663,1.2288385081071294,0.1322732968718125,1.1245413784839422
107,0.8850039832886556,1.3992617549380664,0.9382705107677107,1.411035538875805,1.0288546756745798,0.5118138255208535,0.7234344483366,0.4246206240924985,0.35746807246256457,0.04659712010821487,0.545104924909011,1.0600934463075151,0.7206424810416151,1.2702559137977856,1.0459182968411223,0.6479965820947207,0.5287526231860922,1.058543922494399,0.3911432414648887,0.8431132037070453,0.60464537839381,0.9578643193864272,0.5797530532729055,0.848239395030584,0.1663414177112152,1.6568949264612127,0.6963610596344485,0.5344702330270477,0.8093544029720539,0.7081333937329267,0.8925594387710494,1.0333647479117518,1.3615980225635536,0.1537907660789717,0.910552038781427
108,0.6560655133663083,1.404505958398168,0.7934208573901824,1.4855032843488956,0.8072253507353158,0.4004930606030135,0.624890874251578,0.548503460419715,0.9322468013735493,0.2793606075252168,0.5661268036750007,1.0380528853578128,0.5830797240208443,1.7461176498832531,1.1410069712097817,1.0780646479408305,0.6391414108750408,1.0203016748792382,0.5846001945398266,0.6242115894111347,0.8575043016198339,1.1835040467400844,0.7135795080481446,0.9897542893198643,0.31010011788263137,1.644134784448247,0.8909098676607065,0.49133230862732574,0.7514802408470295,0.751365019945607,0.9507635789144345,0.638234221590601,1.1580210752420605,0.3745913541050296,0.843717467679016
109,1.0283975891001895,1.3891770175831988,1.0116320228558893,1.2067716255619994,1.13625762072633,0.29148846729982947,0.8668106581144963,0.43228069533518865,0.8971650539593217,0.31254117611682425,0.5923231276649418,0.9346376464557696,0.5396272699293616,1.701120683036866,1.0892124159475611,1.0755223166738415,0.6359313076002122,1.1663963701737325,0.3959855140446841,1.1279600278144433,0.655841093393575,1.3060989000476164,0.7425400206116499,1.309357586618685,0.5029614484773488,1.63613086284405,1.076348440942973,0.5323551001160733,0.7500670024232365,0.8769663345210101,0.7340812560395432,0.9662210380399767,1.2934763901773183,0.4336665565500814,0.4599667751567492
110,0.9962645954891513,1.314984096348281,0.814539807803039,1.2962222114063404,1.012425467228903,0.4278446324241598,0.4601374457915452,0.6311636731010721,0.9374888913530538,0.4448966333261717,0.8331431718740652,0.7855210700776865,0.385447542367808,1.673809961314539,1.3943590415057163,0.9900998056226187,0.3243059032273007,1.0278910334695355,0.42925757897764794,0.795273248709004,0.6342123389503536,1.3304552675598469,0.6351488695360319,1.2795223279308223,0.2952137309435758,1.4033277921964311,0.9623297269233468,0.35392063110917105,0.8011108811861279,0.8077980185994436,0.9185551651122505,1.036198579915408,1.260685258419494,0.3285252623738127,0.8095853683901881
111,0.9093919101621903,1.1858511469158968,0.6839911130066489,1.590695187901276,0.9910852536631725,0.33109502909922456,0.7823272373284373,0.5169323547791784,0.8150795984938297,0.3447090908356165,0.5399237767947299,0.7399677081473655,0.51793926622132,1.878052810397271,1.3134248439411236,0.7363391352302272,0.6451754991628487,0.7903399117636556,0.6326107911935545,0.839909646149827,0.6234766227311215,1.0311909109023225,0.5962531273751723,0.9526262388113605,0.6563991115479697,1.292181606873296,0.954189613321564,0.45602930286326315,0.9554061456201263,0.8712611231531808,0.9170174224015781,0.7315404425144748,1.6235304384220857,0.33737251844534344,0.6446000354668765
112,0.9638617796287214,1.1858158617023324,0.7665626675394899,1.5239993868313326,0.6341802574685116,0.7466161570421584,0.48714881831645074,0.6810046467114683,0.9677122101614557,0.4864874537345443,0.649007450784929,0.8543224820962113,0.13688956626787338,1.9620542336383098,1.3950608533916486,1.0494296315244758,0.6413913474677668,0.9067965714899935,0.6816751497927196,0.932288345612412,0.6191998889392965,1.0942341533196918,0.4155078458473259,1.2260878521063383,0.3165939028988717,1.5151810160409047,1.0257924514182508,0.5217124446924661,0.92347819588564,0.6442721307800716,0.8671103655272141,0.7894951164971094,1.1792526681339477,0.016082115367824255,0.9983558593345032
113,1.1022972282639887,1.1874914386161701,0.7902207684947369,1.3305619047841908,0.9763651320577756,0.6812993328866161,0.7000714987474127,0.6315717301970607,1.147723839489902,0.5533106651980366,0.8677013411252305,0.8073792204723355,0.4123845857987969,1.7460083667177668,1.5995223866161616,1.289842566033605,0.5674735621231789,0.6529501253815546,0.457294129497581,1.2942898545906032,0.8237890979624382,1.1871078405421192,0.6213196100346272,1.3338987600107255,0.4511684439588758,1.3991710808464233,0.9567341990974567,0.5555453747222593,0.6661944609298576,0.7407538189995149,0.7100230923394169,0.6424276164913589,1.2032393939521562,0.1947643735008095,0.688131119216699
114,0.7476856884325345,1.276661241345728,0.9785715360750864,1.7431915748185023,1.2130429290923823,0.5042045786988507,0.9965408616260244,0.41342418954798965,0.9072094003151197,0.269960695599904,0.7846158579102829,0.8299037756182058,0.00800452568599775,1.6186442504647904,1.1650764637600126,0.7738898815634336,0.5254056759355608,0.33447533527906154,0.6056299602808956,0.8791028210420359,0.6290152316749502,0.9320024171881166,0.7073343898458417,1.0822449023608154,0.24811447704494655,1.4649195894613407,0.7374492944055829,0.47137033199966905,0.8942723531558748,0.52115848964457,0.9318946589760562,0.5615887359842948,1.3820942282409667,-0.03330031550694532,0.7070462118608878
115,0.8976322416137581,1.1924258235336975,0.7646619216935089,1.7387468379961226,1.163046308418312,0.3890147214699131,0.857607159454977,0.494644363451969,0.7104459424645602,0.34349051613551634,0.700585500275072,0.6870235228003198,0.35220885962355797,1.4340858553231461,0.9915096650360324,0.7665738402740645,0.5555870279953276,0.9205942246938392,0.6551901196474992,1.046524815260579,0.6620887536024702,1.108448231189521,0.702944720260148,1.2183977762221496,0.37264508587174594,1.367136527017678,0.5088156373005243,0.4996904824555067,0.7388251455169299,0.5996177640131729,0.9221784989917504,0.691838194831016,1.3258232952781879,0.3101902769282911,0.7831561767518858
116,0.8213859450484933,1.5119257443204739,0.950623665350154,1.1134032632669681,1.3115809931675237,0.6135599643235763,0.8757218054311569,0.6593823510377135,1.2085946091242725,0.5037979991526381,0.6175581332631889,0.9112170122408964,0.24658308237961912,1.9361096318234443,1.726219633097721,1.067429905663651,0.4600896779685005,0.9702940370954818,0.5492648630124926,1.1390314289307288,0.7744573736790389,1.0300457152904572,0.6192423166679186,1.2716181807335734,0.49613790741942754,1.4026434768650522,0.861601847567111,0.6725219317570306,0.6549702154367572,0.7771924096268652,0.8476085561881881,0.6838222832897205,1.367140466889978,0.1858567450765897,0.6473184840291376
117,1.010097212893461,0.9937615285027198,0.9433131359823552,1.1862068908594225,1.0709868210962226,0.38608388955987094,0.7962938095539314,0.6349975294743369,0.9001314014566921,0.3667636305557719,0.9917457901404282,0.8471567362727078,0.47260934190384507,1.7417861547066507,1.3023641278570484,0.9321325106687415,0.3810570081898834,1.0792466483372474,0.8246130729432319,1.2952658217732398,0.7216193707747371,1.2777083076387719,0.6853742856261812,1.018980355302072,0.601724237530181,1.5028443816658932,0.7457945081083601,0.6663293057911003,0.6556730008473268,0.7987079398948851,0.5320286123343106,1.112120323718118,1.239254975259404,0.23695465909757643,0.6197711623033214
118,1.0721557151064376,1.2714824863922882,0.74141280393122,1.3540501254890172,1.3482115734510414,0.49713740666862916,0.9974106876951355,0.5857599169056888,1.0413308688423344,0.3850183905917341,0.8581144499464157,0.9168252886633412,0.3138630227548355,1.7112510397987122,1.6441439081986393,0.6888256138679518,0.5974767665870467,1.196816686675689,0.8746155504838299,1.1774018662760848,0.8778092065061636,0.9049906701510009,0.5607029513819746,1.4715200165767806,0.558909873230037,1.423212857458078,0.9354062498059421,0.665596389590752,0.5992987604642206,0.6950807993342194,0.7238999623073656,0.8186304198153842,1.0891791099130015,0.11422647546520066,0.9712703096756431
119,1.0190204930869549,1.5108878340588943,0.9239062013582515,1.7818883515094064,1.0336162047173574,0.6105509657150768,1.0305888361490436,0.6899131428206644,1.0920743531417123,0.5010837204910167,0.7763662272862092,0.6899664856974728,0.2780255867321814,1.7426747313391748,1.7151409074959165,1.166162579017879,0.3384446560987316,1.0575240515572726,0.7555393104372705,1.2825806256744627,0.7424619216297244,0.9515367132982455,0.6269797012930344,1.3183784976900719,0.6353661864847021,1.5799990982363539,0.9296131349021193,0.8874875966055848,1.0708127345798528,0.699764712385769,0.8191322644020056,0.6742994440016674,1.3534825725011295,0.29104309250113936,0.8698992352335002
120,0.9457568829078935,1.2622254568297748,0.8780222217207797,1.6044966996605483,0.9462649779139509,0.3894808454783255,1.0519207130173942,0.5165968206568985,0.8532446800579897,0.423572587881229,0.7979602371810195,0.9352461360102238,0.4037765108823862,1.5971441844704355,1.5037752562824713,1.1633111304185833,0.5188534691046187,1.055126946227178,0.7083687560449909,1.3712903779507037,0.6489659675466034,1.1224409717127395,0.377554247282468,1.4260549359987016,0.8506004567588932,1.5964596603009484,0.9665996044280636,0.7910915261227087,1.0054598287202725,0.7699225664614986,0.6417642272182689,0.8448149657504666,1.3508446476906393,0.26709305057156885,0.9657459894539373
121,1.0089257370269484,1.4625669035956266,0.9337161685041251,1.333669080634909,1.0286889753744723,0.5032871520585651,1.090440667602355,0.5856444224961894,0.8544784257334502,0.6438925345335252,0.7712222493771412,1.0104516496046756,0.5271717219406173,1.6584784481952162,1.2241501740523666,0.8366369149051472,0.5571473511552215,1.194081659087201,0.7823453458401983,1.2945546927674272,0.6077310172137447,0.9529581687827247,0.4552377132098614,1.2312639930734286,0.8345463886952422,1.5866325407872264,1.0420689690291467,0.7946094439585616,1.0357252209625538,0.7799372545359108,0.609393306176961,0.7884257945941546,1.260963990144036,0.16179042965642804,0.5823801612679056
122,1.0380437339341901,1.2049886457266297,0.7661516403823502,1.7021071009813202,1.083778696318403,0.36627369114982844,0.935977041766312,0.5934649833824217,0.89152326050622,0.5698088397869416,0.9171194142687624,1.0493695522780704,0.33605959638992566,1.7881534954959681,1.379375211676219,0.8380881102398003,0.5971106622815994,1.2612159524693967,0.8729035666006264,1.2464966216783977,0.7752516764967695,1.1888043413779457,0.7023330553863394,1.4318681481764468,0.47814537113847544,1.3574074026487088,0.8018831350322205,0.7659529322100221,0.9105242172731317,0.7370349508876576,0.5050573717533644,1.0925571971024597,1.2271728708579537,0.6152905742938846,0.8769192283727024
123,1.1898809771721912,1.4577520307441703,0.6950785813468718,1.6702109587554816,0.903617685440649,0.6154153987551209,0.8759908063362547,0.5156398215365726,0.708426242440275,0.49158691682410416,0.7701064842077425,0.9166402015463198,0.5018543905113669,1.4444475348348678,1.403248629932364,0.8302372019481878,0.581594447995054,1.1639241299582874,0.8049359481664252,1.0553958143055355,0.49460061682072487,0.8554533551477883,0.6153335370566837,1.4335021392941072,0.5689088057719094,1.3333665892579156,0.8145201981150325,0.8138508210930913,1.1705921933751995,0.6882854988267425,0.6644212217272256,0.8389516350780373,1.4374621696615968,0.28643813762853165,0.7640941543947246
124,0.9529236690858405,1.04938420342078,0.8465877883065507,1.354972578541223,0.9880968264174624,0.6642193229827846,0.7240095068047565,0.501652346748715,1.008159908826208,0.6698158906188062,0.9044732296786975,1.053769646704074,0.6046562133614077,1.4873345284396813,1.2237895548820312,0.9835514834348473,0.5314149569925364,1.0850027424312465,0.9439870329573615,1.1069275549487387,0.6263219561695093,0.8237460385190094,0.639590029427556,1.4015689327020977,0.7478921823524552,1.449014405478113,0.7010777067689716,0.6166335201281725,1.0355426576390596,0.72553638824155,0.6916902730526591,0.8413402040479849,1.0801660135740454,0.2834784570209941,0.6852967764838895
125,0.9005359732368496,1.2035914843729951,0.654785880858769,1.5291180828938415,0.9276260425628516,0.6120371559512016,0.8844656440343319,0.6218306942557138,0.9188445924387301,0.6834477566554373,0.7544542007005124,0.9603025696060906,0.4911393247315627,1.7529469262036663,1.2422015037685012,1.1465154942995726,0.53874450875169,0.9852774235655423,0.7831869279456918,1.155675888369641,0.6801479482552574,1.0465089617781667,0.7631474321054421,1.5107874429141157,0.7618492295440464,1.3772726579100492,0.875423420275046,0.9540007602509444,1.2087657962323155,0.792165083787456,0.5878993358611755,1.1033899688163369,1.1221040615210738,0.09726022047466126,0.6951169855666113
126,0.9626806796358034,1.1963672982595637,0.8793370607847567,1.5581169832644517,0.782911370712646,0.737856630658016,0.9297478906656127,0.4862956147065952,0.752301754255606,0.3430433140532665,0.757517977884768,0.9826424772351119,0.5185289829531492,1.415583246640447,1.16924049671234,0.7611660241071726,0.5253867282325667,1.0238900861415394,0.7636731108084263,1.0222699121253296,0.886447109094332,0.9063893290032918,0.8048966981804662,1.4430270808313246,0.4666635304059732,1.4973881050982802,0.762250936402951,0.6750408535366759,1.1161010795395612,0.6614091846253624,0.804887363569547,1.012615745577595,1.3861285552186158,0.24451925290805565,0.9821803348860327
127,0.9750535316618534,0.9817812918580484,0.8692848654668073,1.3630315362773135,0.9444649747334839,0.8587214784868227,0.7916907604443463,0.6211159312669532,0.9701678896594654,0.4351664984864829,0.6708410684950665,0.9625238783606237,0.6470336919313866,1.3969911844118674,1.143198529234112,1.1887749019126825,0.5066938561126607,0.9651401764525098,0.6722475638012269,1.1407022556018938,0.3827931624879348,1.0303441220282519,0.6372236670226917,1.2736316242046604,0.39949578788258044,1.253249478652711,0.8330142337573023,1.043848330902699,0.9931636102629143,0.9594636062108475,0.7010452558291411,1.127460149301259,1.2141088442701307,0.246573090905453,0.6835649449015917
128,1.0124137829351318,1.3749384387139787,0.9138932870606205,1.241213567745866,1.2121093604682684,0.8928736248104936,0.9002872265100637,0.5373914389636845,0.9928543172663984,0.31402851578997404,0.6963919057519076,0.9707736057726193,0.669635829035979,1.5107204611193676,1.2460100397696274,0.9618862414967612,0.6045396096419104,1.1920829410201823,0.8074156611854852,1.127661691306502,0.8216799359364486,0.9036779485272057,0.8548519785034134,1.720151343022689,0.4619915828617275,1.3208568876425042,0.8258081312278029,0.9952632666846818,1.020368921775772,0.6351406204582821,0.767653596092621,1.273349913907933,1.2187406177025522,0.31183627682534726,0.8027831383376369
129,0.9353232416001739,1.2279900889384752,0.858622047366192,1.5717111789603821,1.1533087876405959,0.7227748253887576,0.725519725894201,0.5824466374615844,0.7906429927035548,0.5029482430791792,0.7688218005627068,0.8165727484787717,0.3347612186743004,1.6204090457302336,1.3796422036228013,1.0861151251718597,0.5237745964896783,1.058291894892181,0.5288218967223219,1.0809470281833002,0.7210569573718983,1.171466040066591,0.7435329296801322,1.5259773033184376,0.2817249311166508,1.5055969660549913,0.9772264862907896,0.9034073905687333,0.8941716741378216,0.5666310691587455,0.5392978739101648,0.927241062679778,0.8296254545810373,0.45916361326985006,0.8047723025870379
130,0.9543494888837369,1.316404022414905,0.8148035322121345,1.512855341335714,0.9667725032080745,0.9126329515401672,1.012760992495949,0.547449676023282,0.917807271616421,0.6214609441791248,0.5328802050366803,0.9940765797520055,0.7396234219030697,1.6802701778571498,1.2102570565497088,0.7765725459605297,0.4810265956616621,1.0636584616976819,0.6599687757733819,0.7158376629844613,0.6937862408714714,1.2481032614344896,0.7560304951253645,1.3966411534461993,0.41026435625813956,1.6952864605765612,0.984715396227039,0.8666438653867756,1.0027817346966537,0.7847476905303299,0.8376956239892195,1.0858603757301313,1.1882046115499179,0.31751884922418855,0.7397793873053042
131,0.9579673744554744,1.3523433965373988,0.6767179431770598,1.2511898295475876,0.9798381604481672,0.8456002615750748,0.8766972466328394,0.5459691333594683,0.9896572141037174,0.5005941928247589,0.6316182371569062,0.7021237695429179,0.6058884232315437,1.640649136970373,1.3452755290623541,0.9131054133151144,0.4505746410876441,0.9978123934584737,0.6103347096952435,1.1208491695345117,0.312206309183385,0.9947653473447722,0.798302985637239,1.679669526413617,0.36171845973882966,1.2495085715862015,1.0691381321620064,0.9057374864466547,0.8499112820922594,0.6553031721379257,0.8267139723945763,0.9463646398766389,1.0487211555560725,0.5057363171470576,0.5231703911878387
132,1.1113191919428562,1.4949468974054057,1.00495940714341,1.7083407853700692,0.8559993005753598,0.6659477332818855,0.8862204749222073,0.5409782164646832,0.9514907605101253,0.6218577424471164,0.6569246399614016,0.9869121138686605,0.7819945438930995,1.452131965076584,1.5019132893092015,0.9452103343313648,0.6388986678116304,0.9443596491181022,0.80497480361054,0.8637654448033828,0.40976235426827423,0.9407950758943362,0.7613400724989793,1.230681204467675,0.5813449322986326,1.8501761098650145,0.8684335531181488,1.0857827374327143,0.9291994612897756,0.8714731146943685,0.8334298692861524,1.2523027896785228,0.8856115853594577,0.44926583605227144,0.7739210255727383
133,1.232387333455001,1.399514540518685,0.7762686935695493,1.3382937131036938,0.9380771246932847,0.795467973629387,0.8581754154696996,0.4616824582956718,0.9134804336539922,0.48363424565957797,0.7463039708160211,1.0023970604371635,0.6257910763413155,1.6979897562909183,1.4526568696553874,0.8154011043531924,0.6528961943738332,1.0188118887902895,0.7261427173687839,1.3016013404266553,0.3413427997032774,1.0829651526523678,0.7880832684085131,1.2248874499199642,0.48040721626055655,1.7074037400782824,0.746215035510365,0.9927063944220235,0.8281553695454107,0.843342955826255,0.6340437618385217,1.0002601276776901,1.1487444900759005,0.5375849121159412,0.49302705989444406
134,1.0593770129495157,1.18392959080195,0.8813180048729188,1.4183224171815327,0.615281310362926,0.8384928261345959,0.47244557727107106,0.4772492913006312,0.8479211748450449,0.6019740039869335,0.9207567839460491,0.9206045124209236,0.6749533025665068,1.5910807190645209,1.082460183867514,0.854763602386136,0.6172069888218181,1.3546075337807175,0.7271895488919764,1.27206407325651,0.5619929180439416,1.220162793427178,0.7221134231719797,1.4930774761696017,0.4841924262780105,1.5672375789797326,1.070094591910281,1.0652888232548612,0.9734413043780721,0.6300747593962348,0.6530671343876904,1.2296966336824342,1.187493112696146,0.4511351062116348,0.6171287555041445
135,1.1953838358895954,1.3318254876522975,0.6190662317075946,1.423411555542663,0.7529388811812473,0.9193417879523199,0.4415098011818559,0.5554935665977829,0.8517139497522238,0.47215616039873054,0.7841272802017775,0.9365224873134841,0.6436592786060914,1.7188504104395246,1.223576673380486,0.9293116245890091,0.48360959508603935,1.0943242493910972,0.9801956196288193,1.314372163897452,0.7456667012445704,1.127891986507736,0.8093589104053467,1.6246157708739792,0.42937211632874034,1.666776398377408,0.9373093635764445,0.9482100272241313,1.0057818524616011,0.8311693500121571,0.8932427291125589,1.178005029079083,1.5961827755337692,0.690864664599947,0.7023583632541056
136,0.8794010223175099,1.5965326187043347,0.6433330452523623,1.471727573834002,0.9952033326681029,0.9205893607081694,0.9454856165834632,0.41969148789127353,0.9081238505587856,0.40244630978363627,0.6532507259865067,0.9317213676549916,0.500566656885446,1.5170723576895786,1.104896488253996,0.7656632621996163,0.5254709874400361,1.0230284069056674,0.8436602276816796,1.0483912669974007,0.6515022505806527,1.1550269722496842,0.9424811377331759,1.7745718541073183,0.32394796569522505,1.8357215793616573,0.7641440478711372,1.039904567056869,1.0687282244291958,0.6827589942840003,0.7545819170251618,1.1429272510987023,1.3215896043912547,0.6889094908828951,0.35757737976676995
137,0.8076499722819286,1.4956685026975116,0.7578973500374768,1.587554166656943,0.8062244389600819,0.9507162824221158,0.5834577006151875,0.40375818896598864,0.899928914531906,0.6841833116685458,0.6370698951028416,1.0269171012718523,0.6551575821747723,1.7184688671465158,1.1499868459440539,0.8378891887451931,0.6672514198393272,1.281647770561661,0.9727112141030891,0.8142045021379541,0.6605848483482198,1.1500346631010436,0.6123293444805207,1.5944734483633116,0.37940839987735275,1.6543740125521698,0.7244975287811071,0.6659877785041826,1.2972277007251862,0.6136456706680828,0.9689524852342095,1.3775925601438233,1.4425950287791371,0.3755593095187016,0.7060770880556475
138,1.188385198801893,1.598299450434975,0.7641136523233867,1.689433835094412,0.6766346486660535,0.9063644727956273,0.7061932154500599,0.48634315547010437,1.1070555999902654,0.5963405952628648,0.6620038240434072,0.9191167913888981,0.6657788619184892,1.7591057149047717,1.5990037986157952,0.8323104405958262,0.5932962447600536,1.2660775397415773,0.8328997833092491,0.9939710632190686,0.6036176934942903,0.9766578488657862,0.807874464380693,1.371984654481834,0.5906563339888868,1.6371379389212004,0.9682319395663737,0.7989180250456727,1.1961650956185075,0.889640267928982,0.8487977433756987,1.2389838616356532,1.3550134176708344,0.7787391530222282,0.5842488583449328
139,0.7944238490306861,1.532941737210363,0.9757010878784089,1.925949492856355,0.9692370112879993,0.9759843712617116,0.39907463064392334,0.6931669807688028,0.9229849985432503,0.5935215592940934,0.5774625247754396,1.0999398682929948,0.539525376413363,1.6519383592660066,1.5184344698027203,0.8065439202320155,0.6139468880599481,1.3030018887633237,0.9846358792267409,0.9938124149793616,0.6838209260508287,1.279669028990411,0.8677390054865924,1.4685633011053423,0.5825620645455671,1.7484389845499,0.951704487002786,0.8743861561136048,1.0724377933100895,0.642238983383585,0.864825381454881,1.4785396709547656,1.790725645471827,0.5717835381355549,0.6478478964325717
140,1.0458487958870841,1.3459798001631682,0.6685748757680137,1.332646656890989,1.1091001068568649,0.8652499316915545,0.6936533471701396,0.5724929573291468,0.8730217742403629,0.7414791940476051,0.5933432809189473,0.996013172730999,0.6156470809587524,1.5811281185495911,1.1065665782094074,0.8498424659509202,0.5890583311348621,0.9446797205412545,0.8841302474293782,1.0372712782373825,0.5135031884925223,1.132127867798328,0.7603017545347845,1.433193830851979,0.6505632158888832,1.5807011972710983,0.7453790647241553,0.8105035840085308,1.0784436602061327,0.7183274518809801,0.6781494716355175,1.34130178662629,1.2728356939368735,0.7402204910236334,0.5998419208657982
141,0.9093202140375067,1.4147775887180036,0.7788077146634537,1.56514172537278,0.9382665733249785,0.9556696358559447,0.36445429989482914,0.4810708650284159,0.5748070423292195,0.6580274737700088,0.5803366790583092,1.2148876303490166,0.5892927680242985,1.4416875294391795,1.2215598790390894,0.7721425382718563,0.721362088466774,1.0507553655073303,0.9794558234551121,1.2060241644346497,0.5185403183034714,1.352762522139625,1.0231226839969336,1.582618140134722,0.5347577364329101,1.574343103681757,0.7731559836636395,0.72805303366308,1.1768233414674258,0.7854942987023317,0.8883471298026403,1.273000210197873,1.380345740317607,0.47291766958988113,0.4698280385087192
142,1.260897719825766,1.4151468212869056,0.7920267371540024,1.385946937023392,0.809825407860357,0.7615773649212613,0.5586926452561863,0.3150735877234525,0.720537521182946,0.5850605713041819,0.7278007903961241,1.078351530772803,0.5217020152802653,1.3332616080551527,1.1461462016183988,0.9988929635376657,0.7134022804220472,1.2742522843354962,0.852194841844402,0.9976696840859671,0.6044213863503852,1.222089380080318,0.7451745968339782,1.4952320833137298,0.499405834084037,1.5748287754833195,0.59718173622146,0.9312686948969363,1.0839042919899553,0.8023150315126641,0.8375410551773815,1.3302355832653856,1.1133257631202271,0.5833298744403959,0.5668911304560833
143,0.9742191262334505,1.1704037068221933,0.8960558449315208,1.2149917136203459,0.8734558193066044,0.8171529104934285,0.5091252151022674,0.6023996678625316,0.801104692585499,0.7816273887715706,0.7896533551605599,1.295357603249508,0.729146972616274,1.7805571328036147,1.4465594750234454,0.9162215695570756,0.6451011150395602,1.218796949263438,0.9769888156430524,1.2664267107389504,0.40996186901911946,1.2803953659441478,0.9576131742378189,1.5783650405539582,0.6449340658098526,1.6979649284284672,0.8726609478847593,1.1953021079937913,1.0440644576391525,0.8390287161335668,1.009318152806789,1.2543803019832338,1.3066831441432822,0.5946850168503691,0.6987165668249621
144,1.0720391702784415,1.4410872078201349,0.8457457071380245,1.2080218022141644,0.4899619437694056,0.6815460932124688,0.4406277228185951,0.6031573518728284,0.8558190802680576,0.676110239443204,0.5131233487666468,1.228698300959351,0.6578488701570283,1.673178351426242,1.3041735855717662,0.9339185438054989,0.6510490249096573,1.0624899041790319,0.689181136100979,0.9432924791122755,0.6273954962035104,1.3141614442479934,0.949127190687389,1.393089222794987,0.5280210202331947,1.754003023119114,0.973982053854318,1.046066861791348,0.8833983047096347,0.7354080927187218,0.7717402351476703,1.0850375724904304,1.0007378891478216,0.39318227131573946,0.6561373606304611
145,1.0419322376092763,1.3111397283996808,0.8516609212474542,1.236681720293935,0.6605824658697246,0.9098259256917314,0.46514698753764383,0.7221754833043209,0.698247787108232,0.5699446198084743,0.49790216935966336,1.3195887396431356,0.6770192047370646,1.4687844657703018,1.3116343768746899,0.8660781335065855,0.5747666892692969,0.9302118977935148,0.6866206791823237,1.2730145121458212,0.3560044201398959,1.5133709225138072,0.9850651268441328,1.318197327502324,0.5471075899357958,1.6285039796402385,0.827223797702032,0.9697146356777677,1.052404085784716,0.7924960039530486,0.9553919885601089,0.9419609492535849,1.252219338947847,0.6918266619754285,0.3942839495023889
146,0.9822487296990601,1.7024166129788267,0.8150810854865385,1.0621593994777534,0.8047797743486528,0.7337393592411818,0.48897830772657613,0.6084874915912436,0.7243229354120784,0.6133127553038586,0.719249628552192,1.3414293122585794,0.6454276177793171,1.5579058227698863,1.2686458306922477,0.843448098552036,0.618662012359638,0.9865571311407226,0.6686210239580037,1.7533853544570057,0.7313497860117423,1.5150496281999017,0.9702196476655559,1.7762421553135628,0.7153396222701622,1.8150222576834452,0.8040915435038363,1.0562894909345162,0.8552436171227502,0.9420003597121956,0.737357190703706,0.9149531384270418,1.0980861904306867,0.7852158650573458,0.5953918571317484
147,1.216116840226327,1.4979216325450144,0.973418482700283,1.2240959090355927,0.8334350533987931,0.8730411095855387,0.49060167860407156,0.586843902865976,0.6917916927900424,0.7104728460348326,0.8323206837860742,1.242402917981775,0.7558614813724085,1.5448294439063148,1.4127646645667737,1.109073303025983,0.6507650366689237,1.238635505582669,0.9051058170299725,1.3611179298083211,0.7059967163079249,1.3467519876512297,1.102880114335954,1.5575994937858866,0.6272977201155467,2.042500449729779,0.8522299985446906,1.0775588007462837,1.0290971815586851,0.7755054479915949,1.0556385530652346,1.2497582664746893,1.0121359135358956,0.8661235062304233,0.5915432434321949
148,0.8995032720876778,1.6664736238622853,0.6511378449210469,1.6799937177595785,0.9144369455171779,0.9442639140775049,0.6208874291250353,0.5818554381162733,0.9286382937636153,0.6621013529799198,0.5938652051251609,1.0328181256271,0.6893445559744157,1.6773881451726944,1.3623150343251322,0.7088644115278179,0.6276434581233339,1.0200193367051824,0.8061456344391658,1.095966256917165,0.8837714019464198,1.1727348944456064,1.0448236276209268,1.6913402463964673,0.731678632718331,1.450170145856712,0.7961541086168955,1.3944597527612417,0.9016948907787036,0.9881433618665896,0.6749449289153161,0.9917356119325499,1.3217706577056747,0.9117315184983682,0.5619734636664918
149,0.946883214608297,1.646598609501782,0.7397014427827182,1.6209646788678975,0.5290855829418843,0.844800328173883,0.5079209225798786,0.645275815515963,0.5961287122880928,0.8080527685230524,0.4891425463173181,1.1114851978189286,0.766125201957326,1.4809582671946608,1.3207107232281055,0.9745872408294276,0.5877574948660057,1.2052772542158796,0.940347290479491,0.9756748933498015,0.4348141894193823,1.2804099357951193,0.9252965123851323,1.6003065506456848,0.4845774228406717,1.323933254812383,1.0665542638816783,1.1538822106299016,0.7415693177332686,0.5872105811906638,0.6333140924419741,0.6925650993283965,1.0504683666160812,0.974482892100258,0.732798638155219
150,0.7557573093053384,1.360885872018372,0.7566314030512185,1.1135454661218938,0.4337119620530089,0.8916041188587336,0.6047319982075321,0.5814845601112045,0.45119380612475335,0.7411043498823284,0.6220089015890764,0.9608676532415193,0.69585866893801,1.730631701550053,1.406380408426679,0.6325632785367685,0.6647042173645209,0.9112062345881565,0.9924507027771305,1.0994608882608108,0.6972228468473554,0.9809298720334896,0.99511000016372,1.6967844163833539,0.6118175314292106,1.4261511357133938,0.7976662588601116,1.2317606395229226,1.004268673112496,0.6647954643923888,0.6709884984882293,0.6990910573498186,1.1895921753963452,0.7223537048541451,0.840602067305084
151,1.112447101388807,1.413059488023673,0.7388088827792938,1.4269879631669933,0.8631451004396938,0.7568914186824446,0.5174565844777188,0.6537302639351736,0.6826250576992359,0.5571298436505743,0.8199297728978139,1.1765966432723785,0.6829974147478431,1.5781876423223478,1.4212070822433491,0.9648322503241595,0.6015403055637261,1.2201460180955943,1.2317082522956586,1.6303841796283693,0.8111044703925506,1.4614320411260435,1.076895502809246,1.740348833305658,0.8278261813925045,1.6743273147846434,0.8268638172377965,1.2043746559854196,0.930104628801405,0.9167320415716095,0.728458225814467,1.0630723745646027,1.0585168238908575,0.9103776412839892,0.7910874698823698
152,1.0547961419539837,1.469381317884984,0.9058003049921239,1.265753491997195,0.7647949157734242,0.655987821014064,0.5379563683456928,0.6623422800635986,0.5643185856354752,0.4535403894882558,0.8256496954815018,0.955015415792357,0.7199415431108303,1.5692927236263332,1.3529095138711076,0.9506824522944914,0.8677329234407156,0.9252434858697316,1.0861016887794044,1.3745484156470233,0.9739534395572071,1.2562299167740316,0.8797579278577137,2.102269532250123,0.8046035107898302,1.7207237728782137,0.8731788645445075,1.1240642203694433,0.9521735256730255,0.7708486757351513,0.744400286060514,0.7118150591696605,1.197982208295216,0.9187494572500579,0.6614043263676851
153,1.036214770148447,1.3728158728574424,0.7415538190790394,1.3831070122801488,1.0638239602555282,0.7128319145227804,0.5607087998168592,0.6092758758631757,0.9527310997890368,0.5239147754786817,0.8614861975136902,0.892445683765579,0.7501848216109868,1.518241020469001,1.293989390905141,0.9660393820274642,0.8142418519896368,1.2672308497919773,0.8835973285454817,1.3914536937945934,0.8716189948524292,1.1246972738289145,0.889411390477578,1.8287995918022562,0.5359347965278438,1.359449648100096,0.7566040459048987,1.1585445223737518,0.9541973953304801,0.8791814274647839,0.7418176803463694,0.6647804319569577,1.388451481018736,0.8467510486418701,0.6146255890655125
154,0.9983909740207243,1.2677334080831355,0.5776863694930348,1.142994631878239,0.7380308905889381,0.6874970574185219,0.3941895038174631,0.6916720779434734,0.482359257149824,0.3848806536857078,0.7147509078791976,1.1872403468102157,0.6907723162388142,1.590589400845359,1.3069525457145141,0.689116846474052,0.6065826126212133,1.2871599289325668,0.8291679889426027,1.1135439264232012,0.8338092658585197,1.0046439755721281,0.8012662746853509,1.7203340003163734,0.4183050348179543,1.645486655219531,0.8708606142865305,1.2635471401384715,0.9156898498949544,0.538965964680022,0.6345741216041344,0.7019338097106211,1.232439743093076,0.6921516530470263,0.7497335817526571
155,1.000256447490523,1.1547327324811678,1.0753403023506445,1.5727428448319851,1.1994506718412539,0.9811714065864061,0.63199039947601,0.5714981352392676,0.3585154358516731,0.6640967267198089,0.7487146665830013,1.0588339914588083,0.8199288636999587,1.6292480743087403,1.3796823812399168,0.8240686678293454,0.5516401097091043,1.3326069341648865,0.8786674724858073,1.2508647745581092,0.6889814090376092,1.6426584631586878,0.8294778944518326,1.5089965944771389,0.5099001699774753,1.8083726506579147,0.8765835536706237,0.9982957688158761,0.9024759090684074,0.7823810980608028,1.0627039495100203,1.0853284759079307,1.2729604531544942,1.0109350486990285,0.6887830576472866
156,1.0855193090870923,1.2110095025779892,0.8434698170072452,1.249868100742966,0.6678650223687052,0.5790054794356598,0.6374796035153988,0.5315304343138652,0.2849760517449036,0.29286210293370113,0.885263281064727,1.2584541219459582,0.9023280771902703,1.6402753685115274,0.9935376541390439,0.8371005543731493,0.5910539332068966,1.0681008641271463,0.8504348347376112,1.2945041433951954,0.6628474832007764,1.431966593690517,0.7594393569604418,1.2111810779007768,0.5742022263832767,1.400772474733603,0.7928807207572464,0.8726722728292241,1.01904739463316,0.8841769844607127,0.5895845297431284,1.0046712885031774,1.1655987144634974,0.7908709496101238,0.5779692778718408
157,1.0738061238405652,1.0631857042227284,0.8095732215178889,1.643863948787923,1.0185332257547999,0.7074899439913144,0.6953658633089073,0.6812410241654218,0.779567675208815,0.5880468088636259,0.9115455483609434,1.0621106226585173,0.7820221054168198,1.5959506164926922,1.5837214670227044,0.7395034420554325,0.5267255276626563,1.288897899830316,0.9204878355925303,1.0410700394952745,0.732926954055491,1.1262850893240564,0.8081136506122619,1.5541136396246076,0.5058542428913386,1.393762018992926,1.0049586078974764,1.1777292499971215,1.2678796645835837,0.6800200763108413,0.7801021712712799,0.9505447453392515,1.4912364196501302,0.9336491980924301,0.7383567809349887
158,1.1448609126883542,1.3662928908471232,0.7447335639330344,1.372302095985012,1.0820127984838233,0.5254747331272489,0.8545309411159785,0.5075177836061018,0.5352815596044072,0.5136346903081943,0.9439939283024033,1.0295069739873366,0.8294842572480192,1.2810790236161567,1.506709920905652,0.7049852881357037,0.7058235665875485,1.1606377508562264,0.7310913470258857,1.3637130193390936,0.7430037805916201,1.0480387892539853,0.8913949914083952,1.3674084974583574,0.6180604231329265,1.2027091533608611,0.8633254782255021,1.1508746087367445,0.9781600869649512,0.882751969014976,0.6995432401506306,0.8324866020196655,1.3499818206538468,1.1756089616160743,0.5967552887048344
159,1.2877632742788458,1.6278999010777109,0.6336804056477068,1.1469964056191122,1.1222506724742345,0.6181311336925331,0.8254035980189359,0.4725966879790713,0.6655033636314751,0.5949831193773988,0.8300830804297346,1.019615421575975,1.0172676319143792,1.4992024035761693,1.4272156172905488,0.8178225823732563,0.6975213531421944,1.0466805109395194,0.8669024792240132,1.285229087614978,0.9574757641854312,1.1163700878732996,1.0676713148379622,1.8135814482047987,0.3393052340369543,1.2685003865692486,0.9810724964689551,1.110333216242691,1.0929155615303119,0.6778470675246786,0.47363274529970084,0.812427960534057,1.2088088952369929,1.02144100756215,0.5397295779683885
160,1.088831342764609,1.463225729776516,0.8278086250993106,1.3223220174492225,1.2958739709284697,0.5545224097034975,0.8537014647024332,0.5921237192793745,0.7500177317922359,0.4608052032910731,0.8777956060285955,0.8853005371181106,0.6932532174853547,1.3611451954726983,1.3605147584382562,0.8129509886621034,0.766849636491669,1.0132808980415546,0.7647333482895026,1.353549842677575,0.8852793944358022,1.0164385517352403,0.902819832377113,1.658575776974414,0.34645172084310516,1.088593214783375,0.9634885970075304,1.4258483044798953,0.7088626461627674,0.8800307442100984,0.43837152437343185,1.0013485994606037,1.2210047612234556,1.0223478506963863,0.37487076555646615
161,1.2365545207467408,1.4334950938660496,0.8858382134140126,1.65550341676267,1.2527960230827562,0.692021348953729,0.9359661577478092,0.5777922091676105,0.49914393449939565,0.5790430168557814,0.9404517171490965,1.1216609368156947,0.8776705830741167,1.5058542178566228,1.3654212412741136,0.6953861769114009,0.720452220476079,1.017727456388338,0.9066693990254795,1.525563635074251,0.9653898486580965,1.1771954671570397,1.0156114307479465,1.476561496432498,0.597038996634983,1.5857100371716815,0.7544449351057239,0.9828638775077372,1.045109362013085,0.7424667515166136,0.6822165367607802,1.1945570358960609,1.1098453016259153,1.1725442163618083,0.5166844815709244
162,1.1778476776400642,1.2662918740375853,0.9296790137425768,1.5901814998692534,1.121926478968537,0.814465354238774,0.8338390592545646,0.5909742406978149,0.8598763919527308,0.39524005848915233,0.952565717861702,0.9318060143950666,0.8493904279162782,1.6270390132573718,1.2758168440674686,0.8005523382460271,0.4771539416778186,0.9711940508947978,0.9923071083708797,1.4589261137033982,0.6313901224890838,1.2888523411021702,0.6493219154429968,1.5380593342857791,0.525622114050337,1.4537072540292697,0.814166508343746,0.9906125801241099,1.2630655132925321,0.6543717390637465,0.6462975901797137,1.4514470607098944,1.241521674416493,1.1235947355348874,0.7325824038458839
163,1.004390087680924,1.3039158280563234,0.7936619131812241,1.5343912559350588,1.0539905637444236,0.7231971370474364,0.6165421505208474,0.6482268613081414,0.7556629337830243,0.47171075631943005,0.9183342052359059,1.016920760926122,0.701583939832447,1.5071166586563716,1.4884857258996425,0.8748136869423011,0.6443285090536304,0.8056992157784231,0.9505997056408684,1.412501247291838,0.7562455164255222,0.9960473482781018,0.4377989473602416,1.5282587705023318,0.48826330935475093,1.5406499175336827,0.8102755354147737,1.0147031222558605,1.003925589566351,0.7429768942542141,0.562587785568422,1.1494286514992653,1.1765889890676773,1.1108296354872864,0.46024108641112915
164,1.16185794858506,1.222935014308786,0.782235368168539,1.383350300227625,1.2302148394140398,0.706190764664427,1.0474136987497764,0.5791027924484549,0.5209638784593491,0.5528045879344532,0.8388248257337623,1.3775359645065681,0.9019805240712377,1.3264534909923766,1.4239429754110597,0.8694289878385706,0.7064066689979014,0.9520311511465442,0.9036869017532239,1.506128843035378,0.8594364861094647,1.2585878096407117,0.6042737125018232,1.5408575472663635,0.749379878080038,1.6493560144805022,0.792053318572278,1.1598759202251994,1.1561296191558454,0.9156516785024779,0.5484433863950015,1.203654265196315,1.2127833615112307,1.1310661170177752,0.43374495289435716
165,1.0023382410351882,1.524783081971062,0.7502847485295363,1.6134795036643899,1.021956053665197,0.7637033481252518,0.5488587404049108,0.4650078134156662,0.8290340430300178,0.42324518415751855,0.9240181915322283,1.0059430196802561,0.6921870595039907,1.3885497743600617,1.433794410854277,0.9801214051484238,0.7065475531475776,1.2501494901879144,0.940619169963723,1.784102100537218,0.8486944285166564,1.1791727788508881,0.6896553407338446,1.6275011206242003,0.7681155208627479,1.5859224751785894,1.0019411967868928,0.9932911655621286,1.1929032869941312,0.7505281531498091,0.48718992706953124,1.4144109342358615,1.1479779022654344,0.8756211177109166,0.41189509848624833
166,1.3719884148015746,1.4909079892860675,0.6599905188817125,1.4758089968283428,1.2262324621977139,0.8865718897396737,0.6100711063426965,0.479927149639077,0.7501584742423619,0.36636378109813644,0.792569225953978,1.1123139819731103,0.5849912404108284,1.5193052098407218,1.2427028836382026,0.5896539480342603,0.6100494128938417,0.9512616898297128,1.048786660126502,1.5739653603100168,0.3732814865938924,1.2992210119030543,0.8937575989248305,1.728052093263324,0.6549683324850215,1.319160716121015,0.6339775392535795,1.1024069253468969,1.2839852782942867,0.7978690173944584,0.5050004253337221,1.1311573015801093,0.9881382490283825,1.0347482834626542,0.46206457580412047
167,1.197053581617236,1.4175651698631562,0.9238532247782304,1.6249864666730913,1.315562547119083,0.9298412302447125,0.7133872416818006,0.5472784326633202,0.9103490076849396,0.4238748950152137,0.7720021659241695,1.1098323530932985,0.7176986374881772,1.3770368442715073,1.326147558648163,0.7205640982715238,0.6051227809288114,1.2812406426601766,1.1754826395169582,1.081532235289853,0.961787605903093,1.270055252476351,0.8406205284111489,1.6684163094727833,0.41423130947312314,1.0444272183985674,0.9059991073682995,1.2487646001436181,1.382921861853512,0.6784915704978858,0.6440946814364288,1.398045567010552,1.1299891596174023,0.8512442063368908,0.44067492041014733
168,0.981703902382985,1.6051704121400479,0.4543065789646569,1.44449115333764,1.0915357332752031,1.0841913654952458,0.8672502386584667,0.5863916617905374,0.8388426902719742,0.3778846010584368,0.9463315174733891,0.9335238635685047,0.7981945358128627,1.7188174777339316,1.4557949222949162,0.5072459365159883,0.7870620121671423,1.170318503813076,0.9686272046552112,1.1489753195806673,0.708506259937617,1.170254609407424,0.8301550263299334,1.9909957258739273,0.694560984247167,1.1209992142826843,0.9726321833350915,1.4100145462330065,1.5429420060739214,0.8585993735260247,0.5731478937966503,1.3650275761079915,1.1358824241886911,0.761665944294702,0.4339651196502855
169,1.1565491294942105,1.311648560285861,0.7276787156993381,1.5547505326693671,1.0670697452081477,0.8536648379297096,0.5451503441589605,0.6244009930812464,0.6727987269287911,0.508287833204649,0.7097643867729693,1.0867566408678395,0.7882024111867393,1.4348997239921104,1.4613344258205545,0.545026674636447,0.6146839894598486,1.073239478222427,0.8935351163664345,1.456327720278837,0.646198225470769,1.438417052307429,0.7525814594280047,1.5145678715493092,0.7832679369198556,1.3626996478186262,0.7436060983900121,1.1581119648369245,1.404145716377529,0.5199185655475633,0.4507167259911625,1.2809783808065571,1.1457809559622618,0.9572169701268858,0.5138961530706403
170,1.2882558402884845,1.0893443176617472,0.6180632869833409,1.6585662711702316,1.2233442123032994,0.8459297027901886,0.5698644144777697,0.7040592325306578,0.5280536242487791,0.7816467203458226,0.8516727197374924,0.8148239546567,0.9256625183094346,1.5156130384435942,1.6077265924626591,0.4835032695965557,0.6122604829625551,1.4032320163957661,1.0784359796872065,1.2805640722459848,0.28078678619213293,1.108388293784646,0.39520511687804327,1.555134561966987,0.6280426601478286,1.3292076034897602,0.9806188138208726,1.1573969138106253,1.323619313849568,0.4203166296265402,0.3411237793224434,1.0538982239690378,1.2127633806375018,0.8658230075159025,0.5781601689637499
171,1.1563962672566432,1.512374032158636,0.58639267868088,1.3854189622285482,1.1389072632890718,0.8561430330048124,0.5501937114533236,0.5895644946712765,0.7324157506794995,0.8184647645723191,0.7901358291358149,0.7686684877350488,0.8761055085553073,1.8448228934276196,1.3897491075223227,0.6859513547769465,0.5900571780101753,1.0433539508967549,1.0065365910607833,1.283537082753402,0.7448749949360575,1.4109330159594236,0.6086019570713324,1.3591864715784792,0.6258129551765896,1.3620972780358687,0.8557315279791846,1.170855072672053,1.244501987306836,0.6229203795270227,0.3961213414954817,1.1399155733627035,1.033552136711112,0.9083305635178502,0.5651807540268469
172,1.0585151729945363,1.384515507202499,0.7539051031695065,1.5041248709974044,1.1533053888444629,0.9161713281959457,0.6489654688555678,0.6446647319971683,0.9006702875659203,0.7908199733394314,0.7276697224895338,1.2394459082272689,1.0759513341075477,1.702884460062384,1.4558277359784508,0.7986364280509164,0.6465030046320706,1.085113220465093,1.1985474740073574,1.4809651230219174,0.6197812762456688,1.2939018781655651,0.5156303326048177,1.5239810826708293,0.7158217709502841,1.4236756469406415,1.0377795277448778,1.1599446078310147,1.4464337858818515,0.4000099414469266,0.4968807504071685,1.196575744901623,1.0949676696510038,0.7761538425897223,0.5162814513216134
173,1.0356907175964505,1.4228771341011197,0.7932102197055799,1.5051612165840993,1.0020428137439101,0.8090399106266604,0.5853344906841033,0.5978960225345288,1.0021908181191996,0.7610389278505751,0.880177048372318,1.0174909368520306,1.0479871794616797,1.7779977103809532,1.2811216571500452,0.790007591230131,0.7665922290017992,1.2415599518940081,1.1439482552017,1.4056661578285399,0.6570687953893368,1.4734598031199302,0.5703983919483031,1.6440090521592134,0.5994853865468126,1.6598769039212782,1.1020039564636588,1.2426643717670465,1.2330769491612268,0.509609229949693,0.46250561266030904,1.5121907169164466,1.215911360605529,0.842797409631741,0.7427226838992128
174,1.1400792476754078,1.480800869027894,0.6235181915753278,1.8055491301303694,0.964548890422557,0.9358505242137625,0.9534529312058222,0.416138373743573,0.585185052500528,0.6750692788595754,0.8388875045017725,1.0907841539839453,0.8105244670592882,1.3137377333054328,1.293723993864781,0.5622998486018875,0.7873112341246287,1.2502282171188615,0.9992740974010982,1.3001418025150742,0.9503215533434852,1.1119270702788118,0.774131862614622,1.8644331688434834,0.6626427281889735,1.481477117645446,0.9357004208135562,1.2081052208076384,1.3871980181934944,0.725813833854599,0.5506381648670171,1.221024284277998,1.1695467471832317,1.0380422048490316,0.6716875145382132
175,1.2446632293092434,1.2783233101033828,0.7223061664831425,1.588206441422293,1.057523991741491,0.7844561157948615,0.8433487553657557,0.5387012325330136,0.8869293460415223,0.5986294230560467,0.9064874365040881,1.0193401922254948,0.9096026632874645,1.3784827975983716,1.1996336353293837,0.5923985903330824,0.6645228258505946,1.1849270273726333,1.3164717033200606,1.140491281387514,0.35161926120327225,1.4745406309891893,0.6850888191817766,1.6325324628399724,0.7096362711529902,1.3851826045830888,0.9721127766700373,1.1998133376583804,1.7149008988822179,0.343112805908255,0.43901468353351736,1.324819536628684,1.3572842020195792,0.8131087982167444,0.6771118909843044
176,0.9410184858012258,1.4259381820252277,0.5687042374352584,1.7790551235152883,0.9980188470619339,0.9521310585307278,0.7633538898685903,0.584752726013632,0.7437297043748619,0.5641287514133853,0.707920583996807,0.9793400118121613,0.8399849807220464,1.5835983058444008,1.2309474903674436,0.33827740121748673,0.7057668128886345,1.0033489064081595,1.069366756689974,1.258046082012692,0.7197132465684012,1.316800964899068,0.539128538376451,1.631132429099214,0.5977019920563196,1.525835000445176,0.897007551350457,1.1033950596891624,1.4196213056969946,0.38053247354341546,0.480486583718434,1.2020534682897304,1.3038373950790145,0.926670555971219,0.6425736081408668
177,1.1807604140698218,1.3391853340997992,0.7435042176198003,1.472191640537801,1.143303680454887,0.5903961029532602,0.734460428189843,0.6367263046704985,0.7802316227255817,0.7835308466412245,0.9371061516992655,0.9206199177488492,0.6831232092621493,1.8888334234900632,1.2171893962510443,0.8033354830152866,0.7622419663751601,1.2034603605736587,0.8418958583331773,1.498067523034035,0.7452945215854389,1.3761862656688815,0.550415609600241,1.6443133418914075,0.7790075963613662,1.4929091039539342,0.8576579555416156,1.2209952164605649,1.1814710838274542,0.5472961644414096,0.4078822756523226,1.1088789345530108,0.9093556496939521,0.9030263399043893,0.4252551924718596
178,1.0710712540263878,1.2331480819582636,0.5220528909759519,1.3772460235333064,1.0093995014953747,0.8158343899692738,0.778652016730703,0.3607480057584337,0.5136119899979384,0.8678621296292752,0.7771604660690907,0.7289509577990402,0.7555852783026786,1.8637441447508074,1.212397165072736,0.4326435286486215,0.6211802376200886,0.9684810076195605,1.1126515880038452,1.0826142287528284,0.49015966701234615,1.5888113699329,0.586028289809319,1.5262610578113205,0.6598422650999727,1.330201173078531,1.0174361235999445,1.1593951964046243,1.3589615575999243,0.37190703867569974,0.37337003278229697,1.2155634376100166,1.244583837195663,0.8890089788120102,0.6297739502535458
179,1.0316297455182042,1.3198577996503809,0.7145045766174507,1.2593608316197695,0.6804318961491688,0.6953813883699002,0.7930478360356834,0.4480967455163891,0.4978581159394007,0.5703456431751175,0.8566253539253543,1.0930976307677245,0.661110262586984,1.267136661886127,1.0260151338137777,0.7493165943189568,0.6658115116631658,1.0419915942097484,0.9771842703862171,1.2314803579285847,0.5247307269639196,1.3513796228462496,0.5031306548939771,1.5166752783419009,0.661948985586589,1.2080214967655216,0.7625524544422054,0.9776658498471354,1.2237114527271096,0.46547401886604467,0.31592438191200956,1.287413213554667,1.0675924109052048,0.969969114540138,0.6241538453280109
180,1.0901861181376842,1.2505781611137496,0.44785798878077954,1.2216196339774719,0.9135468645966129,0.38691682762306717,0.7387772283592762,0.43403536554341215,0.27850832969593065,0.8452298776139635,0.9165486961576773,0.7910648485120667,0.5667067060584936,1.5280560298939845,1.0899590768342975,0.43764305583332197,0.619605218546764,1.1003441194764152,1.1598343125703985,1.6126641785123486,0.6072229740283599,1.2065507543680256,0.47029175286592784,1.4652193993212066,0.7574023410369692,0.9435222562975083,0.9019064538800218,1.0490688275383344,1.0472318095875512,0.7274422438188013,0.3646894760332443,0.9169650841074257,1.0348402189089858,0.8473237453959606,0.547819772665013
181,1.2765653264951005,1.4508091326899726,0.8433259608306631,1.3239608211224763,0.8255090185384024,0.6413157354605572,1.1386466755929534,0.6138455216609601,0.5673974281243633,1.0040214630121866,0.9014394420628442,1.095741181410093,1.0117842465608802,1.6756488020459024,1.2425353772825325,0.42168952052061737,0.8147884198448351,1.0547221728908098,0.8390746093614494,1.5747713803843437,0.4157920527790901,1.4636066047359761,0.45675079738834334,1.862161532325961,0.9523659048623798,1.403726485991106,0.9195194597653346,1.3449944780662897,0.9504613778883347,0.595506407382913,0.36873442547275814,1.074241468939689,0.9807067154984509,0.998294150534957,0.6265389913623202
182,0.8518620277571047,1.314861901571248,0.9098769695707746,1.154485259278331,0.9716097336371473,0.9027964922873571,1.0744284922090253,0.4168090988073859,0.3328713447672528,0.6687277898647608,0.7302274871191922,1.3111709088195447,1.0230090108004768,1.3877982628444256,0.9906652098518526,0.38548139419703215,0.7687504192638956,1.062956739282876,1.0303704415416601,1.330170632830465,0.6101441808790015,1.4908412044591497,0.6556633363413921,1.8184262426905862,0.8378526513318734,1.5056850182225971,0.734473043593462,0.9307358380918962,1.5450552745291357,0.6218148806429147,0.566297827595111,1.4412631423060485,1.4225873351643805,0.8145148150864523,0.6056893778298782
183,0.9634778287482683,1.5175586792030413,0.767064209026318,1.2242996911908859,0.5849191414775627,0.7786527670507981,0.8647043187169065,0.6336394723868027,0.7690834440399075,1.0737628230434733,1.0187977766016703,0.8571132676676112,0.7109420058597169,1.666070830849449,1.2203283025493992,0.6801340294268006,0.758893268204555,0.9275688700021357,0.8059221626388897,1.4324033420936004,1.0574581648406118,1.210832025590317,0.9546711802691236,1.8916870282589398,0.8570571652771106,1.2896478917790897,0.9069755768373002,1.090000033147338,1.3113378757210392,0.7775765196478859,0.43313232533178286,1.1758727225866128,1.107980756740456,0.9046717234354636,0.5890666885544166
184,1.0065987084046821,1.1487943296325918,0.6963889187515303,1.4736165930577894,1.0165570968242428,0.9655641420687779,1.0249682340344308,0.6132980623104065,0.881738251478087,1.0565397720913345,0.7460230740925773,1.0613223433030574,0.7446443527161897,1.6690572373030903,1.2379440632264191,0.7358862093864889,0.6881366784858503,0.9986804290801292,0.9041203175856783,1.4512648800410237,0.6424107578047974,1.1487525296783199,0.6491729088810086,1.5235551014412532,0.8152391722625931,1.2326016977144283,0.8900899199272116,1.1358919918245678,1.7593615558242133,0.6680214551982768,0.6775678382604753,1.2729101499694768,1.626678529660259,1.0762704604655067,0.7279749983783295
185,0.787167790778017,1.2906487699608973,0.814388351368958,1.4331985971372716,0.7763818871166325,0.6683639049385833,0.6355258383057882,0.5466980690765112,0.3847497006767668,0.9194594821918304,0.603789071328307,1.317092081869873,0.834836409857771,1.6336264230515816,1.3782993888607304,0.8194721847811559,0.7986719300590406,1.1710758719749745,0.8744996232166765,0.9830719873716197,0.6964769639365584,1.2835984867807486,0.663835072009629,1.5443804264308674,0.7181535141966908,1.3797391040028082,0.8338334102902274,0.7500811720389219,1.2795039821264402,0.4873664559875443,0.5218632046989412,1.2558463642866375,1.1255568280605397,0.8242391911881792,0.7740493497957761
186,0.7385697133188099,1.1082619885282408,0.89786967290409,1.4720482135364081,0.6940919528384044,0.8104735946194809,0.7487600661992897,0.5495150503192912,0.0012430739927642709,0.9910418789803572,0.7580057416628336,1.11955412501786,0.9674586261548197,1.3681926673315101,1.1038602458162154,0.6894833190560528,0.6373561458244268,1.0110425612119789,0.9122462523878908,1.6561108899126555,0.6793375469818841,1.3590592022250405,0.541867848803704,1.2675032593322713,0.8836664204404678,1.3684486189426917,0.7476029283833971,0.8959411812078595,1.3156389624993647,0.6598695198110945,0.542027024499058,1.1558295157371925,1.1818995245559767,1.1624077311974905,0.7500157672961074
187,1.265453348223333,1.5266469122940576,0.8178804716229069,1.2102311367844587,0.9435486088977891,0.976986971451806,1.1492715260356272,0.7143886457428251,0.3594436239362194,1.1587680311133073,0.8408349235582924,1.2573315144313844,0.8736220296328896,1.8240822175685008,1.2702824262981947,0.7758095731711516,0.7038636597057636,1.307738319277099,0.8432936744524006,1.9447418732689032,0.9143577020691005,1.4549114889710695,0.8054630796797434,1.728052098504459,0.8234230861699592,1.367814842996931,1.1637336675132952,1.2001478986191396,1.3895034398612394,0.8939415650721032,0.3393560515159759,1.312962983333511,0.9340397803828442,0.920676452572861,0.877452561761563
188,0.9449764977017717,1.494992682410838,0.652059384216921,1.2828130520469043,0.8453834379911889,0.7421463940654467,0.9670331570771575,0.5501646788032118,0.37093951134698666,0.8747802860575643,0.7902226678586803,1.5058645564873796,0.8634415717597577,1.3708569400802686,0.9749333839841368,0.5585481610184755,0.6433147218193085,0.8779891830551122,0.7473641625549278,1.5564796716738956,1.0152050890156963,1.3893764884045718,0.7762863326597016,2.0657499982636636,0.9753194501990456,1.733124642836947,0.8755729797084948,0.8573619500228049,1.580933986599416,0.8102354706555965,0.38559757512420945,1.1138212264696734,1.1162808712669021,0.9108183182356024,0.828103268413415
189,1.1079364818025899,1.3120226847165803,0.6515955408561372,1.2975459415565058,1.1415568135239273,0.6661661252388971,1.0122234545479896,0.6920558120097114,0.46755532250894843,1.0302770989436323,0.8841815719819552,1.1065438218089756,1.035064813866416,1.2899154373081303,0.9972363989994255,0.915996782565262,0.8097284444502824,1.2261461992057447,0.952746973810106,1.443216506307274,0.6752437560029775,1.2587523509739438,0.6177773833636525,1.4213504658810583,0.9170272642898315,1.5289015563431745,0.9340365859315491,0.8859556308620569,1.268397952366858,0.8187678691229987,0.4606269178183502,1.290487602962027,0.9876008407292134,1.1528228171769723,0.7308263633530003
190,1.205486755736261,1.5139739921203739,0.763011869419024,1.3067787884143316,1.1064192194677611,0.8441267268824294,1.0489003854624028,0.5381275739105083,0.036800810802199824,1.0399219281719594,0.9406787047476702,0.9591220558693951,0.7356913117402548,1.323721499507435,1.2109604916519714,0.8012395167985495,0.8615175813452344,0.9929566171400346,1.0018006435870068,1.4307998349822775,0.7136449588125282,1.3234478910051122,0.8506149153530795,1.9904149681189691,0.9606730897688323,1.1973049296803717,0.7755512403562316,1.1269742034309174,1.2970060162461596,0.7066338045257998,0.5697075577410471,1.1050447176745486,1.2683231882832207,0.7826550442329294,0.651292872283491
191,1.042199042142033,1.4344565955536428,0.5653032621476459,1.4887808085431142,0.9191538349635079,1.0508967773718467,1.0334153639201404,0.5130002920004109,-0.04074624004767108,0.8042870418611001,0.544341664834743,1.3390145650658052,0.6364607217779037,1.2682199575293547,1.0476389813550067,0.645218644592317,0.6948358522484206,1.2284034500448757,1.0984126109729921,1.4498081054057672,0.802850630348137,1.3177278261033476,0.6466678931195522,1.6743960198395853,0.6983544678866695,1.216388756239996,0.5886900248241742,0.876033197081884,1.5912070630042674,0.7759825890771171,0.48547640601233816,1.0723694788826237,1.4773584248101015,1.0262552354400236,0.8649113235565626
192,1.3408444366060737,1.6401452537876313,0.9553561291680459,1.3261006426433535,1.281372122184258,0.8448154675172828,1.124219692844544,0.48713070013447,-0.15352423598662074,0.7924606849710679,0.7081091602555458,1.1741902109515205,0.8239732421820214,1.7130870496462862,1.189996577254786,0.5221070079498906,0.9312770668252542,1.046633290443429,0.6610609223245617,1.5655257815763064,0.6788187148400364,1.617250918011582,0.9897404373771328,1.9197625508300085,0.9303192212731126,1.628273119459804,0.823748287815169,0.8791400674861509,1.3220208799351938,1.0068226626472918,0.45021692641673317,1.2491369955719165,1.2546942205630942,1.227813417481212,0.7976413894453043
193,1.033800828852604,1.292437469077361,0.8130254040800823,1.310609167282319,0.8653893825613563,0.8759112210087336,0.9480454893780175,0.6510945325684749,0.7914908884624952,1.0583022698205016,0.6337850076545789,1.2868320749307132,0.8582005116468312,1.5281305036682031,1.5538394970239424,0.4732975434733161,0.7469928437250861,1.3473511599712353,0.7718899222284841,1.4725417384260553,0.5430773732908485,1.595309003611714,0.7004960550873913,1.4743681152996588,0.7038924234247381,1.220429515280955,0.9440528331157603,1.3136842624814304,1.5994186527014138,0.6077046975176135,0.44755617316826246,1.195477017723618,1.0797849749682242,1.225577662960307,0.7126599744309776
194,1.017235356258513,1.6680700126271484,0.863116822925897,1.4253274308520487,0.9618004778499559,0.8777407294199577,0.89986193246047,0.4609916243214295,0.4795496562295836,0.9054306524718791,0.5465404929012907,1.2009123307705218,0.5643098399371201,1.1290165303876214,1.1291533031706622,0.5291549039872812,0.7735091365256468,0.7150290811958215,1.0747181240763597,1.3257316800458794,0.6983061094263128,1.1159161420479795,1.0490832577302678,1.4889476079972779,0.7799260533441159,1.0354760169765036,0.8085630348891765,0.8435144075632317,1.511959414879382,0.7385794891043236,0.5088333592887251,1.1642631660051082,1.2079656337594256,0.8931493552030243,0.6698516412739464
195,1.340952046016138,1.2038312555438102,0.9096335023720616,1.1785664800413538,1.0785369417375756,0.8486585997100589,0.6611156283548563,0.5079365680101444,0.3374567420931902,1.0668768219301632,0.6034832603364968,1.148140166898758,0.640028882632476,1.3803462117145442,1.050401196122241,0.5619399430026787,0.7098023970038989,1.1380322679364308,0.774267337056129,1.6030967349730318,0.6013060464455859,1.2215498788416292,0.7988082154597678,1.6608728823740548,0.8732869053379784,1.679428479914822,0.7708468859150742,0.7752169245945915,1.6835938886569668,0.9622834738339039,0.29122890248150857,1.214058119551774,1.0665952180594638,1.248128500378157,0.6420055546551383
196,1.2344733473236014,1.5207420097781168,0.745312622830995,1.346157945635509,0.7665215445027929,0.8091719113377842,0.8807132439501233,0.48593093356148753,0.1114639533274842,1.1446994598114504,0.6277420275827323,1.2596939028044174,0.5920485982447186,1.3091686159931497,1.1400615224293034,0.9117382212173232,0.9742375837751488,1.1895885187198885,1.0060649197074705,1.716566888862832,0.7421948012160549,1.1936426005959144,0.8992354685139221,1.5813190228317398,0.9748191512980627,1.4445669251040516,0.8681670558088366,1.0297965392593817,1.5040359636150984,0.9742609786737441,0.19665127435840976,1.1875444641806383,1.0722591057941468,1.300835624428906,0.6465064435896208
197,1.2678974776488645,1.4141127548051724,0.9874666862711495,1.3450693639118771,0.6499754137916316,0.5580854416600172,0.8711277132977508,0.4573830149116643,0.5234746934510521,0.93186577536964,0.7517992458957978,1.297403333637195,0.535255987656019,1.1608909209441047,1.0192731608137526,0.9321076687185776,0.8890221465134712,1.0148032720209899,0.9901127910409453,1.6705610011594665,0.5976230154923906,1.105620980180701,0.624479337493531,1.1450705102006515,1.1245093757286284,1.4509740656724186,0.7664680556988714,0.9825547587885617,1.4231672909270165,0.8748324822371282,0.42472243976286617,0.9842982279562223,1.1329802047126165,1.3451392416769319,0.6128672386059241
198,1.0908121373596171,1.743365279020527,0.756980317573843,1.3350566364416578,0.7781219659444587,0.8691474153629315,1.0032633778712747,0.5860113113916565,0.798005470277614,1.1391366994057672,0.7375040493594582,1.4858786737704963,0.8876497126033894,1.657724846837698,1.59344343572772,0.7352811792647347,0.742024801404087,1.1563724663919317,0.8078155772426658,1.3454289165057114,0.7113329447294122,1.1440680577912365,0.827453675857309,1.6818870117787554,0.879055140376983,1.5816543884896201,1.188549681295374,1.2749466279428194,1.2607089095203448,0.9710129932932596,0.38920788264254275,1.2055973510819635,1.0745033780543771,0.8879231191512152,0.7402722661821013
199,1.3907867873270536,1.3962184700711182,0.647202863303116,1.119802538031568,0.7464174540916169,0.8044804009634796,0.9310635944800755,0.6175857545893245,1.0018676018506723,0.8770773597235664,0.7534388127366547,1.1496789808116277,0.5046268426461413,1.5658510392984741,1.2625764472700034,0.699666546016684,0.8405191025916686,1.0261023122858117,1.0310357063064597,1.5589128931475298,0.4518765579571046,1.0761937335568907,0.8987535243761493,1.289989955657985,1.0173237519320963,1.3484913791582145,0.8608546999711434,1.106703450378326,1.2523633257148399,0.9506097267880567,0.4092590179415968,1.1921236676360245,1.0224874686896315,1.1987703745113976,0.6230741465330815
200,1.0847366068436917,1.2241201811605402,0.7971953346763185,1.2208392246078157,0.7885133517555161,0.6880104371360507,0.8622733697576775,0.5706196548891956,0.9837454926063949,0.8546445582455329,0.7500640264097295,1.6651747442330813,0.8344743978116449,1.4678023733286523,1.238765987268932,0.7849853074545488,0.8843729518696488,1.3058693751048849,1.1122132335289745,1.5398574807850292,0.7875218142966425,1.0932805582478045,0.7981386109754884,1.3902500850641835,0.9653299459796918,1.43461401270191,0.8872632000102518,1.2091264024080743,1.526071622813474,0.9512555364106039,0.35891242702031856,1.342605525960527,0.9767450129435866,1.3846202117439583,0.708527774560664
201,0.9067280284027703,1.2096598964020804,0.883966005310509,1.3148996855924446,0.8352768539360447,0.8253662632921399,1.1684946741341484,0.4377103483813891,0.9945179245667212,0.6568332149961358,0.6826244755654292,1.5562215903649244,0.8042191906327617,1.2459235502584467,1.355571271910601,0.71496024762579,0.7508516394088219,1.0441372165999507,0.8533534725709022,1.636390007173547,0.8417432314155384,1.1126192913318091,0.9752433870069993,1.5812564450356885,0.9032548957219787,1.6621477946367023,0.8538145733432562,1.1759285597800826,1.5333084199534102,0.7832518127581956,0.5276926879638044,1.3420508933856037,1.1001076730589805,0.9967277122022696,0.6601437545560845
202,1.036339945212456,1.3813967782553704,0.8893822062206062,1.3618956504101694,0.8355280948397819,0.8545853072251266,0.8521690799705801,0.4549797465686576,0.6926295210997702,0.6270365161406314,0.5259423462830424,1.6325188656488256,0.8138814952522979,1.3028102763279548,1.0590950705605313,0.3483565622634424,0.6269959137960965,1.1388709365388006,0.8398633974176252,1.4774887972337156,0.5820029382089391,1.0987533817776425,0.6079591579026313,1.4339611875130087,0.6392397203809284,1.7181582485239173,0.915162092916826,1.2098970504621187,1.205772325381654,0.6819832549716802,0.7145273212436629,1.1696026555943253,0.9543164683667367,0.854878363116504,0.6125811157099413
203,1.2305134882752946,1.477009890802457,0.9190953215110569,1.6632379385391758,1.0524353290398385,0.9334859622877241,0.8030553186872025,0.4370174204876121,1.1856509022164063,0.8120470700908089,0.6008637011854163,1.671383171135043,0.9385296333296911,1.2069463079952922,1.099195099383424,0.641081074998044,0.7694117891498057,1.2249361256700366,1.0968872306434245,1.5336427983590262,0.8212906006922092,1.0611715231723058,1.005886441097529,1.68296739877682,0.8913672494842256,1.579530211762977,0.7481552438276781,1.0811332593431366,1.3197723653083295,0.8693712835799592,0.6711151637354231,1.3906517890942238,1.137721137153366,1.1299647806498176,0.5272361051275618
204,1.3497284342874516,1.2447682027161933,0.48949311780823274,1.4635455541409437,1.1637537027170102,0.9479918711057225,0.9741167621785776,0.6155898935365995,1.295941431275555,0.9553428016748257,0.5422399897689993,1.1979164380255656,0.64494554429566,1.589042640548026,1.4660760642577269,0.6217221038643487,0.7384639787959486,0.9510694669120985,0.9223784364849805,1.3432086804854872,0.756835439573038,0.9258487100517359,0.8332138936272373,1.4305941508179325,0.7083496452633065,1.4171324109268437,1.0376263561545969,1.6037355173565986,1.1161685917732331,0.8395758873307962,0.6447962106801812,1.0677118208646674,1.1879083299164608,1.0482177521890885,0.6862706466654231
205,1.2071160113673816,1.2073058303830178,1.0255266231248166,1.3210372465428324,1.0296353982959001,0.6616431816475274,0.8193634420539675,0.5717641875075972,1.050928296623396,0.8658431686014798,0.5424651696207994,1.4549218942671107,0.652999532151694,1.4019152301573485,1.1683343723400632,0.5386843085153743,0.6094150993525308,1.1721168202261354,1.0881533782418567,1.499556166614282,0.6142130728656114,0.9329463558085022,0.7737359282121075,1.685305207622252,0.784319688673596,1.3296878174200304,0.8369111432494627,1.397332229046019,0.8298421824605811,0.7221250186033419,0.6005570093996251,1.3280989495554603,0.8368523579301097,1.1769028892100555,0.5962680871984445
206,1.1516839216256467,1.3479888360887542,0.8715866396121383,1.2825259481991529,1.2914632496922849,0.7563143822244777,0.9168798247818795,0.49221546996032095,1.0794342433540558,0.9893886673650376,0.5073403237057865,1.4016986791716999,0.6834319496170569,1.5965048289509478,1.5373682053435087,0.4718668082623985,0.8026862426264061,1.3196685316348837,1.1885966196376592,1.281378002428601,0.7956621355800356,1.3132720306176795,1.091709290209459,1.1151646826947497,0.7818841509263489,1.4772267497582305,0.9800396211700722,1.371832001631039,1.2570093205397388,0.7591538891547673,0.7793485131632105,1.3838070005422964,1.4613309481473442,1.0074618211598678,0.6736472821417617
207,0.7326593678347968,1.4003777214852549,0.8649444497964551,1.2388481016702246,1.5466690383141388,0.9204724585079846,1.0970649581333887,0.447408053518019,1.1057799007331264,0.9203676838381875,0.5878983596391638,1.2877118529662293,0.7160610790336834,1.483021044275393,1.3252609473280317,0.3897223195762666,0.6847626995801035,1.2851606387906152,1.061824147875822,1.2887002551125772,0.9084580938761463,1.194398756291595,0.8828331002271952,1.6123315993745166,0.8169477725066012,1.3640252139503688,0.953189564084986,1.2332836148324755,1.0948700421045543,0.9157068616033406,0.6539270063973761,1.2197828170032015,1.0494242782269738,1.2025338536360024,0.7606491197099177
208,1.0191827427180493,1.0537890334457038,0.8147760356037528,1.52883599315436,1.08063823552521,0.9407164542296346,1.1893634794646495,0.5159305439809594,1.1828136642824743,0.8304719816359134,0.3976925710819368,1.2900957995854854,0.7151681258195641,1.0634360364872464,1.456518559437152,0.24502673748812803,0.7108184081861166,1.2102067524670395,1.32301221445916,1.2992552981602097,0.8000866404268798,1.3425749927186759,0.9801614958164461,1.5465110013704422,0.7198027888250066,1.5898109310116746,0.8765597367625504,1.2779469426255683,1.1190954732119847,0.5520839938374229,0.731238757269242,1.2154301237574514,1.3174264258364723,1.0592550353357284,0.8574469735461938
209,1.1881365133532396,1.7180381079827476,0.751420661901718,1.7508332853128779,1.3043221438646042,1.045193473025494,1.4250998149992467,0.7192697455645177,1.2506708720949355,0.7655197998966945,0.7602067904556404,0.9954114988406739,0.6222879194034822,1.5754599455313973,1.3697229152259784,0.6670666752346779,0.7086701819815707,1.0591516542989228,1.276654010161085,1.571376638149359,1.0349826777989097,1.2740129082846434,1.3436220260526193,1.7222729911981989,1.1652802410476895,1.3584302764061196,0.9784438968378079,1.325776033163301,1.134027558134296,0.9705912977472853,0.8569060805549151,1.1589887959794591,1.2704011917539284,1.1479723879680392,0.8214689775523927
210,0.8282051848572928,1.615520802665583,0.8450362356316045,1.477895378836049,1.377381076996948,1.0035316576173914,1.0331960649125067,0.5792266319932309,1.478749738837133,0.6423026572041673,0.5221315916742626,1.2493239031410552,0.7648538335712597,1.2300778668872616,1.263224957999302,0.6686111525634577,0.7308142577093633,1.1195533617164468,0.9821749854100619,1.194436829653007,0.9623465520613377,1.4408419674889126,0.8411423530148433,1.657731022202129,0.9452825459163828,1.7106910540049216,0.9651951551206247,1.2241919351419919,1.1935738840867467,0.7904244989419955,0.7208345855103352,1.2810950740484968,1.2467201845999467,1.0477170345632523,0.7293319415654885
211,1.158786547645744,1.4827850847536752,1.0391743318328825,1.3997623464857318,1.29376334822468,0.8230953756355075,1.0646243034382543,0.49244297239763146,1.13679354693384,0.3828868725448036,0.741388618187355,1.3142272595979916,0.706148635168454,1.0535292282168516,1.1855750250091985,0.6841530384733022,0.8214800879491567,1.1218724729389677,0.7937587773965858,1.4830292693601614,0.7528099398810637,1.7475531236681208,0.9035767106316872,1.6053954958104826,1.1198062633291839,1.7298192124589304,0.9883879369096877,1.327882324461224,1.2867101846664202,0.8989032719769259,0.7442759223369282,1.3682805247273147,1.2612692837709356,1.0210142014070454,0.912199313010627
212,1.268107615023466,1.235628886278137,0.8330614240162646,1.3959418546804936,1.186889479701506,0.8205186708491432,0.9915588746033637,0.5006732396456771,1.1035225514026692,0.42655524372994774,0.6630008765942523,1.3529832797238177,0.6906159057183108,1.339232649933689,1.3647374365302565,0.4617610303221879,0.6857465842147035,1.0147614786199477,0.7952179506475753,1.4364413695042726,0.669064946479054,1.5152973839170905,0.9283575643394989,1.3745582468975086,0.6718690127439548,1.7180069177673913,0.9963036823055917,1.2148111244702278,1.017060213128034,0.6347457700917283,0.8165423996308891,1.4121683285083932,1.1729909222617887,1.1093082188331413,0.7543282293790485
213,1.186023003668782,1.3770963290166451,0.6994593007284042,1.443677737642438,1.2614919988745013,1.0301404084790569,1.0947383639983295,0.5595320620106707,1.2668374595487255,0.49590595834848006,0.7910417630286504,1.2054973989515005,0.7233188879059121,1.2721096327928358,1.0742164701973231,0.8949311178966752,0.800502418879651,0.7970700174795327,1.1447998859718302,1.2289202339792802,0.9805244701679168,1.261573906385176,0.7546540898014076,1.7063490408475657,0.7321664733806694,1.5097754177104696,0.8186899473436653,1.145719612489458,0.9398597682993355,0.8798530458955347,1.021535152180138,1.1457956664346058,1.2613537506664227,1.0548213595157718,0.7238846594966217
214,1.183449035887203,1.2088617939204966,0.8188313836984705,1.5134768911641812,1.1758262758967861,0.9930060505706644,0.8795031501468216,0.5142157616635826,1.091560135679667,0.4414120791209308,0.698307785506771,1.1919603073868759,0.6453873944987654,1.044238527210037,1.100173411551732,0.7219728121392228,0.578383672540089,1.3588956439244102,1.3350595153258737,1.1780930770721398,0.526508213722478,1.2865336682414386,0.834980708103005,1.5422493346364234,0.8614346050298756,1.330618394328204,0.7788945132948368,0.981860581785984,0.9918141762038359,0.8192508150723017,1.0876073138037166,1.0656418190233632,1.4077604074404055,0.9282104488977051,0.8248175868238306
215,1.0527957701049246,1.3313568082453098,1.0099611514791489,1.2474634516966616,1.0496518787925568,0.7601423530737365,1.0230299681450474,0.4470388140301757,1.0788728012965492,0.5431948477275541,0.5916954699218185,1.060962029705638,0.5912937746214788,1.4415247829845839,1.008844854597203,0.6216909016241571,0.7682203612780223,1.2730629415696728,1.0254048900864046,1.3917791993254252,0.6464050698315758,1.4128740144964123,0.7288522962746289,1.378455366235673,0.9084154031742704,1.5783547634811765,0.930745264389712,1.1143243570210404,0.9604775212613315,0.9365235676345423,1.1734568436702615,1.3404803277921138,1.0418082062952019,1.1184597240635643,0.6493366660923359
216,1.1631886747331075,1.3841876626976006,0.7893993062178956,1.5599495023955519,1.4262501212008156,0.8846209578197587,1.1071495998148861,0.4908935180995538,1.3267296497853596,0.4743403918944024,0.5509789248296522,1.0288951883661692,0.3972423650518061,1.377037734288141,1.236508076425884,0.8647745932014845,0.5320400559433196,1.0951638675665432,1.2985981091049217,1.255197310175789,0.5184702687018584,1.145609939934872,1.0123212251964575,1.2766996495997311,0.7829371558146687,1.3596831002299707,0.8329195381200222,1.382506010521708,1.0867951871855879,0.8893537695957969,0.9705648022339218,1.3394616222173186,1.2197355807267236,0.8098122003127313,0.780038079510338
217,1.0962638116897998,1.3002353750288158,0.9393886295032323,1.440953133596596,1.0037024915999495,0.7136849819926283,0.914807076050226,0.607308406018864,1.6469627177686732,0.5121804235326592,0.6853757724859709,1.3961989788683837,0.3867607994996293,0.8714705635055069,1.1440154569225212,0.5295706861838252,0.7587688856963571,1.2170259895077788,0.9771962091265364,1.1919621479937315,0.4550844610942312,1.3580556161273951,1.0121949687227052,1.5675050461142894,0.7657384515249835,1.6415260968311027,1.120065236659648,1.484605131739507,0.8027395070191363,0.743512157285039,0.9926565653354078,1.2036637765460028,0.9919737581763006,0.8072635701775069,0.694734832941469
218,1.3379654744437768,1.373581857493067,0.8804105144558041,1.4020132315394085,1.0393951582159227,0.8289304597809384,1.179002142074455,0.4411137072073192,1.3575941295304776,0.3156641753032201,0.7610351390737704,1.0533242639519345,0.4414099582426618,1.2357067017051566,1.2034890940365983,0.4021043914319166,0.7889423204694699,1.2663344193152426,1.1201018055773626,1.2829503475839754,0.6082340429433744,1.2623659827363758,0.8759806419313552,1.358891253459261,0.8013172405594629,1.987758273128227,1.101587529525796,1.625299431889891,0.8060835412215348,0.7456133268523488,1.0957406528738103,1.26552676207807,1.3203459881254958,0.8097093843520238,0.8093463860756567
219,1.0807442534934482,1.353179379703202,0.9343466580229302,1.20910176794838,1.1004384857828808,0.9664278057322367,1.125973046083491,0.5280630421443224,1.1569249403771429,0.5060930046399875,0.7276241454715493,1.3651950817374385,0.5137643590608059,1.0834630739870375,1.1714604542685532,0.4753585941338254,0.6493607244001326,1.2704733003430386,1.072941134714024,1.2584262594376883,0.6816962043921735,1.2940589413253014,0.8628222848468183,1.5928263083550673,0.8452270891575889,1.8315971558285273,0.8960813880390806,1.2884051280712545,1.1048804906891598,0.7580170521064076,0.9482858165871866,1.3650929079279968,1.057434006832742,0.7496620463991972,0.8825625521542089
220,1.3643781030287245,1.5884919524524728,0.7517888757687837,1.2736643793387081,1.3787928628130337,0.7805510973319159,1.3520010121037291,0.6256530433712522,1.097034836759101,0.5445939839436409,0.7241750165365426,1.0333674347802926,0.3239903945825918,1.2761891677472024,1.2868553221997574,0.5847145068860169,0.6420081599555223,1.1806955925644202,0.9833134346313699,1.4542817794921352,0.6446326507969307,1.3561234700921645,0.7193272887728969,1.7271834822581962,0.8985659364746894,1.3869397508000807,0.9906498402793014,1.4930531169457304,1.4364096258296806,0.8382289839211714,1.1018225454483455,1.1635705572781476,1.2548569492721053,0.9088841368330236,0.8292965874650766
221,1.1269809468416194,1.4849732435991583,0.8059672260382251,1.3551989485466303,1.6047271573903585,0.6584554182453163,1.2647951337540346,0.6182539938149456,1.116770179710844,0.6094644623955139,0.6590339413693544,1.0099676394680865,0.3359654372325568,1.4535731599793855,1.028417847214722,0.4583016203687077,0.528249826262646,1.1016054753929372,1.1304623741669635,1.2326064925373141,0.6207392764027526,1.1375573201463496,0.7701383282701415,1.4097372470012026,0.9082581703715567,1.0694352962971019,0.9207100940350939,1.3389991837050892,1.2088951904066358,0.9340648489260824,1.1405596684560364,1.2447601363874305,0.9903075966649143,0.7660642026384239,0.6770606150587112
222,1.1746676315666953,1.1055064495604259,0.9673992482275955,1.697339863808586,1.2282592248962871,0.8276388445019838,1.1551924724876554,0.47852102710080796,1.160757598481069,0.52215207149052,0.814829916930474,0.9476968709088261,0.31558730374493443,1.4888942181861475,1.170496438317139,0.28619781496230273,0.7247624062813609,1.3098203117518767,0.8835046731746599,1.1126861328619086,0.7216973741997801,1.0090717360399701,0.9100801712568777,1.3847695426709787,0.9707013174768235,1.643959195327084,0.9277273068416578,1.0603024654282713,1.486600773414389,0.9281723025375057,0.8961333414006196,1.476057740210025,1.35015306578576,0.9358340179822703,0.9284598981139237
223,1.149173888538086,1.3495285961863706,0.8684769372768448,1.3989053803916935,1.2576651452851366,0.7595331771340754,1.3515071431548613,0.6182081099336371,1.027205025426682,0.6063278662896128,0.9155644472850896,1.0794842152780992,0.22064858734502507,1.336452580241784,1.2297502291561007,0.43718486270728485,0.7918298909417845,1.221858883671042,1.1718444820941376,1.1522516762453234,0.8641420683739158,1.2642402774997041,0.8896156580377251,1.3845798807180807,0.8758064065752216,1.6170434811917849,0.5909736433395211,1.1876557477305436,1.3843702116587866,0.9152315848337373,0.9841793569876662,1.4118796103663798,1.2546835177360744,0.8523372277983858,0.9560584358187096
224,0.9265463625026493,1.4494333472225902,0.9262875125598163,1.3254032081370153,1.2210682128544836,0.6202350460528041,1.176630782707548,0.5330902158118511,1.282724133357002,0.48192156354525445,0.7157450183457457,1.1107667917380284,0.38886496977124446,1.3761955375843125,1.148355839476498,0.6624046629768034,0.6454248991781205,0.9890620477282817,0.8043397561654354,1.2489076843460358,0.8249065161395044,1.3417054540400069,1.223069987509526,1.212594682259036,0.9924435927152431,1.623611273015177,1.0051134806319753,1.4194964849081304,0.9910472475139204,0.9744569701077228,0.8149287889197846,1.5213979822782302,1.1282058130259165,0.7691008129885669,0.7849571763009768
225,1.0570237829278994,1.4196353226784295,0.9622613141121945,1.027356535905328,1.2995944381709696,0.5253039192762905,1.3264976169644338,0.6120583322207813,1.2297237693435656,0.46794702557197865,0.6462680133020522,1.2366759934784453,0.1619401017558614,1.612943936080018,1.4480142211620424,0.4200932354211855,0.620472973213587,1.1975565392470862,1.1211728040821256,1.210269547955404,0.8124032456853951,1.1515103720798583,0.9341413234586607,1.5194059952112493,0.8004085881082162,1.2915628621611055,0.9643272431414636,1.411821940483462,1.5200606379387758,1.0644153419052016,1.027047295230528,1.2933826085029287,1.0411631016001481,0.7662009887560379,1.000644159698561
226,1.0131865247593534,1.1630819299333446,0.7885893683577873,0.8342144773265023,1.2421392600013899,0.8594391297156185,1.358565857863436,0.523902402101082,1.0255732668393835,0.5803100659058248,0.8075575604269992,0.8376211881290139,0.23558841978800266,1.6961043991291782,1.1421394159946656,0.4781114174208757,0.7477185359594527,1.1033446294650262,0.9782573301810025,1.0420785269963972,0.8274616203369016,1.5403488150803892,0.9124243613511491,1.5106714586555696,0.8757725853875394,1.8217668890373753,0.9877160945791201,1.2458181009591662,1.2519197171519716,0.8495519595024433,1.1800338870614555,1.5659798586348646,1.0944435474246317,0.9176181623929276,0.9003034426124896
227,1.349245614552549,1.5183486680545148,0.668933248136443,0.9857464474344504,1.3193271344690705,0.615983917234711,1.4560561150592832,0.5650925095367938,1.3202493521668033,0.7457907150276526,1.061662658931646,1.2197461586365153,0.08772217832787675,1.5938772059935546,1.4525186573102196,0.8969545500847134,0.6460756043438222,1.2157677641461868,0.9505031970458776,1.5384777612361806,0.6819114141943765,1.0349133466175697,0.9403403878089186,1.3956619992594175,0.9916074930061662,1.3733107499951864,1.025624826963984,1.5989804020053822,1.019563910866585,0.981639850353647,1.071345355543603,1.287917509597707,1.1518668906605691,1.13581637077192,1.1022360135902407
228,1.115297873375423,1.4879782240851152,0.9147246565990657,1.405352005790196,1.4215489757322168,0.837886584818907,1.2013012787690347,0.5949967951783428,1.1674095262750672,0.6911374338999128,0.9447600962184233,0.8136348639964954,0.19900495295369322,1.4734466649469256,1.2514490310925932,0.5611546999410466,0.584806842117398,1.3018537807065753,1.074519313365165,1.4340343672007163,0.6724223047828377,1.4446212292752931,0.8088128090516945,0.9758307682747994,0.8743609017410566,1.6964404456279742,0.9356198986342212,1.4274445469898698,1.4985698032853447,0.9183875402530395,1.0582953280709062,1.1660813642428738,1.217758018643882,0.8817783656048093,1.0187594322371603
229,1.453141800407049,1.316868320980677,0.7490246461787073,1.2961167577490174,1.116765912449794,0.6507146456480425,1.182471529443133,0.3966950694334098,1.1195750972284422,0.6734236097830247,0.8136141968482964,0.9657165971960685,0.13165365285076142,1.1972611327877858,1.296887418278267,0.7249902205691425,0.5236838876059634,1.1195384926453462,0.7927060555829863,1.0768491945731795,0.7331680869919446,1.4959839922779619,0.9019973179352794,1.5070530756295546,1.0201011584032913,1.3825079583433673,0.7748336333880524,1.1587955743093232,1.1862607570914594,0.9680135147664188,0.9892962583438055,0.9217513534363169,0.9530936885326736,0.8634132850384363,1.062690685274414
230,1.0300048747061474,1.1334075203918395,0.8390344051207586,1.290400272565891,1.2151244376583563,0.7111829710531852,0.8578959524100336,0.5027123570641072,1.0620076926768776,0.9090519784866768,0.7423468407148737,0.9277012310741396,0.09585594189313247,1.290751986192617,1.2000911914161607,0.621813467090273,0.4550217441777388,0.9973030005285977,1.0774746698435689,1.599987532926491,0.5598174795974538,1.400942100198566,0.732563897965442,1.2177538614654164,1.0952311141852002,1.4951210741772,0.9853918725429527,1.2551476772452816,1.1692928732571213,0.8950571363819523,1.0646381787046684,1.2345232454108128,1.1342321541719373,1.1480643514254016,1.1695032971582586
231,1.1835432099948555,1.3517316090503737,0.8075976092459134,1.3104768810125256,1.478814569527167,0.8050637747988708,0.9441608481027463,0.5315849045014689,0.8396468901305577,0.7221324554790187,0.8078441662662725,0.8822778562796619,-0.024931953652180042,1.277241292448064,1.1096378882359628,0.5609746610562203,0.6879892740345569,0.830758592995373,1.294164958818861,1.4552758203696001,0.8428742238793179,1.2252149381673134,0.8759041251894102,1.5802337214738196,1.021666979469875,1.3658131882472433,0.8749242590589251,1.467331946922838,1.072669386262998,1.0548171743583894,1.090343120847243,1.123349284092765,1.1640768674794946,0.9684785269479217,0.8877783859856279
232,1.249672848517845,1.4498092298558247,0.6237286175756203,1.1212311363728267,1.195386702242455,0.6289073431837982,1.0542188698784372,0.5891078696447251,1.3813929851432247,0.8766408234527738,0.8792242370065573,0.9005935180905659,-0.12331159212772778,1.2824467474441108,1.2591501983810462,0.8670696647611676,0.5902910457648425,0.8362414666850883,1.210533303145466,1.704445221483982,0.8354976107905221,1.2020504122680806,0.8942981184175779,1.3913585960241632,0.9420627450214387,1.2105862984874614,0.8111686305415142,1.489099676400321,0.9831664516018448,1.0638754479448806,1.057410805938636,1.122878310030157,0.8013344196290284,1.254589117398206,0.9699025092013086
233,1.1925609768550784,1.5917459237960214,0.6691539813834071,1.0001643985810462,1.3313762098288997,0.6593998730653172,1.1371954282524677,0.5469685756198434,1.2621660947467224,0.5744514522479691,0.6920741351268498,1.1045536837959655,-0.043346550478554055,1.393784818986294,1.291412622438267,0.8068470071002615,0.4441915775087615,0.8838471330457589,1.0066077611767892,1.4539789573897175,0.7401651465550652,0.8704552930676313,1.0051448185132694,1.4040582938753816,1.3010292909299772,1.1372894363855766,1.0739847304221894,1.3783285783145556,1.0908682241269778,0.9992976765121732,0.9135291703290895,1.4402982819933523,0.7646831117809565,0.9583268668406171,1.3062593489806367
234,0.9379108021238847,1.2713364368254256,0.7641692972958114,1.110430205080676,1.3713467388821092,0.628501748114308,1.2427106183768664,0.7143632918434019,1.0943080980208664,0.6515557093742983,0.7203351423997014,1.0669864817968087,0.010099182311468058,1.5680178329587078,1.1964303503627238,0.7486990973992784,0.7045064702782731,1.2982055388614848,1.132658499412261,1.4628145463813205,0.7384595407792762,1.125088898936105,0.979940623162063,1.551615048394313,0.9264927497085986,1.4954303847020902,0.9786105369224279,1.4122888412887988,1.0496290251328808,0.8811154243544359,0.8732569205481738,1.208900740151465,0.8322030040479237,0.811950790811353,1.0513782333619948
235,1.0809747034464119,1.1624266618035333,0.7642923389731222,1.0130122228534004,1.392743686988141,0.5671493471945541,1.1238134607659358,0.39253860907825966,0.732737734020243,0.700463718497599,0.5937145095250626,1.0628838589005212,0.14587532210667029,1.1494245355955541,1.1583232041933775,0.7938469986736548,0.6628144690876643,1.3051912244877402,1.0503615360468896,1.3031735422942679,0.8491259805812958,1.5134331053344385,0.9082948470511893,1.616039425692787,0.8626780224215562,1.6163942416346748,0.8147526851154654,1.2135117747036843,1.283460352885772,0.8891100802926692,1.0352981646204207,1.5693984922411568,0.8359499502787826,0.8769214270158314,1.3133344128731739
236,1.2570831274716374,1.1094856445243164,0.9169114372050908,1.6084186789563424,1.056781222928206,0.5691683889491153,0.7164330744404316,0.4045873932745775,1.1259015111059967,0.5570194307097511,0.7871844023049607,0.9619528899143206,0.22215809315006863,1.0486461590460427,1.0259025219226343,0.7874406313880737,0.45541071013716156,1.1334401467204085,1.1751761509773702,1.4219028099997817,0.752104891095972,0.9985535199330837,0.8613873345735455,1.2390900067562156,0.6921808172850921,1.5853911709628439,0.690792312586612,1.0337222794922156,1.4536054820709827,0.9094531867961277,1.2379934322543373,1.427213374430172,1.0076755967077369,0.8677198382459493,1.222098020576472
237,1.0964113639676527,1.0375312280863656,0.9697330105889783,1.4850184754626654,1.1063107720319558,0.45081956905060155,0.9093556713635037,0.5525896263570538,1.0901043002053457,0.7596850913758884,0.8866059641236892,1.143693512238398,0.36148364862320315,0.9947889184316996,1.09561024355486,0.8389422491922648,0.3770787657475817,1.235230024387983,1.2377646464631695,1.2725177443852245,0.7191009754671722,1.5829775311833252,0.7585264172179811,1.2701665051048867,0.9510180893801493,1.8082550006017999,0.761379604493279,1.2427787488192368,1.3504165771960395,0.8951310154954917,1.0174879576448943,1.4525813267127625,0.9691925353368198,0.7413539704328679,1.1587674429781507
238,0.9827590073687069,1.184431833848481,0.8736653816260939,1.3451912293859403,1.2553768381005534,0.5191759439821688,1.2266702185761154,0.5956089330760495,1.25713248445778,0.6814001284914604,0.8263450034111018,1.1416210395608588,0.4544302771820965,1.3491359031078687,1.3356966330736302,0.7475540236280522,0.4998859796486111,1.3117380489989485,1.219330204909671,1.1537174958555794,0.5633536998745231,1.6549947590515401,0.992301047155209,0.7488485419773667,0.7121428285462175,1.778298941655058,0.9879933922117676,1.6397424705256527,1.4811475969424046,0.9291119426427371,1.1301805069601474,1.4324133964565984,0.9944177481500305,0.7153487336261974,1.0538026792097637
239,1.308662763242205,1.0079734498650055,0.9851941198201761,1.4176856513671905,1.2986384039777112,0.6659196057567225,0.6008191695769574,0.5724535129972372,1.2893146561388718,0.681175918277396,0.7654669676932556,1.3458809335702224,0.393653988695781,1.214432635191912,1.1302384900076623,0.8510838849236304,0.44267973105761205,1.1394014624805382,1.1274571920850645,1.6434124422847927,0.708719687039387,1.4021572496128112,1.0289087219346584,1.915555809789779,0.7713299896578145,1.9736152426119236,1.0858237652392015,1.0669085202089095,1.5598075391944524,0.9459413457238498,0.912022656341978,1.7429170813348431,1.0291575555492891,0.9262124616857146,1.319808355142266
240,0.8598318082019549,1.242437128542516,0.8485879111261302,1.269752989711216,1.337562936963748,0.7267307897639403,0.7682659326741379,0.5719148667794457,1.2878171842563653,0.5154812094025567,0.7944714682871477,1.3865132158978906,0.30709291155540713,1.1061581799729256,1.2256267146349822,0.7907723687430157,0.4289552505263228,1.0532728131794618,1.1197113328286452,1.6419218797334252,0.706402768538781,1.3251397164935852,0.9964910619427836,1.2204032873137147,0.9431250365829221,1.742586284646005,0.9532217594395687,1.0873144772367112,1.5101647917123913,0.9157938155103055,1.1632218667731022,1.4568897252531805,1.0054668075882192,0.8130019523647277,1.1426806652734791
241,1.1059872299272486,1.1906588310394568,0.6080627869684796,1.555309756080813,1.1915498305390497,0.8281826393485703,0.9721808687921981,0.6192217958840154,1.2767577583188832,0.880501761733341,0.8104381816168188,1.3768042949056305,0.4703333571654146,1.2441147935393158,0.8078529387532052,0.8306337264663385,0.5564037314107815,0.9131614648506232,1.2710191461152371,1.155660676128773,0.697278092566989,1.295257255323632,0.9858045483517248,1.0545537707794734,0.8088021795930632,1.695962474285599,0.9846209543213628,1.2465468607256707,1.3650302400418894,0.9417694438237036,1.08602758004274,1.39939223061244,1.072817263635642,1.0534348682921477,1.3233123597161658
242,0.9748752144316852,1.1197528088998665,0.8393182311321081,0.9611588438872417,1.4964806101477228,0.5546457279859018,1.223290631703213,0.5884355752958779,1.1666642617765939,0.5881003070299682,0.831073365276507,0.8791825696850455,0.3877417117555591,1.1976050200937016,1.1069368307314225,0.7721879225583435,0.6459604239838386,0.9012544890112061,1.011635236304116,1.4904058670057605,0.7861789571782878,1.1785164370201087,1.1229468860628342,1.5020928537909157,1.1580760560882117,1.3794651902717663,0.8508879744575839,1.1435098781866755,1.16600006275408,0.9900787326965731,0.8547219776898097,1.0818509743389246,1.272237055778166,1.0523016277677293,0.8097982836130125
243,1.0857541813520522,1.023031049175616,0.8219365508785308,1.5293115305736626,1.198151310506244,0.6365851827217863,1.0544392576931272,0.6385929030118864,1.311624159691548,0.691842981381962,0.6866892186650779,1.1022523743917743,0.4107265576260604,1.8387787321183473,0.9426071193328855,0.7513600663972231,0.4399291129240844,1.2507456316850067,1.0067575182565804,1.4532644582815983,0.6097530957826214,1.3209352145784137,1.0877119090651572,1.2530526961130544,1.0543650199046422,1.6632678013008886,1.1860935507365256,1.473236787827656,1.3377781408613585,0.7789990696837876,0.9845568317873815,1.1523507672804918,1.050549110205966,1.0289581356609632,1.0653620112953797
244,1.2618247151272328,1.0119025392356158,0.7853343882166677,1.4380235756901416,1.0680546984582069,0.5752484074118724,1.2071288333622068,0.3922522890261529,1.1342343352984343,0.5373734245952196,0.8771683368607452,0.9753193615339109,0.36679075904167147,1.4616706176948078,0.8917875425862904,0.9631196809603921,0.4738915817989374,0.8550672255002101,1.1622777128814399,1.513827473561612,1.0179374664492444,1.3103877112775297,0.9472305232255014,1.2781890396261797,0.9405754220497142,1.5460550793202505,0.9106470828443698,1.4264820490301995,1.1053048536790704,0.8913353864370209,1.144355048003861,1.0969897525963688,1.0602498925260215,1.1716581968642297,1.2791915807926988
245,0.9964618864634238,1.0527173693585468,0.6777471217548594,1.2552195210712362,1.2736451268129427,0.7173239413690036,0.9514746367233466,0.60746019375704,1.3826197700135907,0.8435757774201862,0.47955994435978866,1.0582931355537377,0.5195264408501595,1.633218784091221,0.6852993646744987,0.6518689675391833,0.5286224372442259,0.8955575625865904,0.926293740213329,1.3071325413840713,0.9144636518411332,1.329986475132695,0.9813615307929573,1.2610258104074124,0.8378135124164967,1.4493341493992369,1.0150456627959399,1.6174998665498002,1.3878459291196656,0.8333608768085878,1.1188809844073389,1.1727794901247077,1.0656216157116114,1.0446770721779168,1.1643914146601113
246,0.9883057856508526,1.331577191145994,0.6721502966293011,1.2498268299958202,1.355386877084853,0.7316404668995555,1.3486523526218441,0.6123524180846142,1.1660599241598562,0.5857239220303416,0.6561643539052425,1.0466128912023556,0.6223547801234338,1.240118605758442,0.8054815721407333,0.801154053632244,0.7142134306793739,1.01055927401729,1.3553021193196195,1.2502144087189193,0.9741688331349396,1.3026333454352828,0.8562710861398635,1.8157247644708319,1.0348981572153413,1.549030967256552,0.9264194981694032,1.1056219435975214,1.3379215822129502,0.8059576186203252,1.1954974855405078,0.9486016715141579,1.0522674304531217,0.8981231041025312,1.249972334233338
247,1.163951632233596,1.1086462482280453,0.7840039203564497,1.4543550382561503,1.2892829121889313,0.599008542373089,1.3446136737156784,0.6507623175114046,1.3298922084944067,0.7192975587536603,0.6802100510214908,1.0663376168391463,0.6308049231934265,1.5037904167231573,0.8698948664884865,0.7468321432043878,0.379353752682427,1.2004540363055476,1.2152282160511172,1.534170435164417,0.9967859503747334,1.5495374572052127,0.8966637768275207,1.4631970589053647,0.9609162329441132,1.389538860034063,0.982671065990373,1.418313521901425,1.2830198909596595,0.9387503450506143,1.316853689768208,1.3044940678132995,1.2279696760508192,1.0824063040335685,1.261313405865038
248,1.106014083011168,1.1240632132837665,0.7114627873928531,1.4915211595590685,1.2526038612813206,0.6209020918357344,0.9716004966580833,0.6531851541752367,1.3114541629722742,0.5054747130186972,0.5598268970905462,1.1154769441951475,0.548346963993807,1.471381000837948,0.8537409174154136,0.8237063177289861,0.4405324940668824,1.0408587514041419,1.3333423978390897,1.4852459778091816,0.8665415523191103,1.178107540380795,0.760584977568787,1.4227080998278825,0.8431473023234721,1.821125920802472,0.8949060736061487,1.3746141381160613,1.1715667224542676,0.6117436900016122,1.1397159455999697,1.1885599110305178,1.1715937242291137,1.0194694682759713,1.1057466503209197
249,1.2854917014778604,0.97510526963517,0.6299061669581769,1.364897805520411,1.361377173026829,0.7776711264143441,1.1102014613377058,0.4937244190200308,1.2769740337797828,0.7779900938956116,0.8446522112596946,1.0527862554645446,0.5609942027174297,1.4872969286487265,0.7308359311626784,0.7351766593562448,0.5413640272334552,1.2244246711602393,1.2463857106651604,1.7959336273473723,0.9311851068359414,1.1506524943802687,0.7699085987630965,1.4345922876372312,1.1234200678173227,1.667353941871284,0.7464178097654716,1.3424799632404012,0.9895073114368599,0.9934982106316848,1.0807039782143333,0.9597813673984696,1.1232902914560876,1.2545339481194344,1.2441842985550942
250,0.986389681681391,0.7711965798800309,0.7228297522090574,1.2593748291572044,0.9608678566652744,0.6631838552593741,0.8379125359281515,0.6424091910781138,0.9390778672268492,0.6115084519819856,0.581488480897524,1.1228937233711522,0.66108912555678,1.6443567711668465,1.0025466376276886,0.7013167882212209,0.5752797931713622,1.1212169352789405,1.3282492408367537,1.496406810065884,0.5784046160674898,1.500749361013845,0.5570382780306115,1.5506996449778838,0.96617035359562,1.8187446540248013,0.75671508171163,1.2536550145508647,1.185832588830428,0.9464806965367261,1.0844731601492006,1.1895309723100569,0.8207500674724092,0.9496724764098905,1.3489932899938648
251,1.149776504228963,1.1926641702852614,0.8529019256315002,1.496516923027422,1.421384716376806,0.7073653398717898,1.313578904806946,0.5647506775252982,1.335007409406083,0.674740771185041,0.6397791321011324,1.3257576535102595,0.6978487918201431,1.6605389991314223,1.1727362748732169,0.5689357762800729,0.6596153722096151,1.1359986771027857,1.0794366387134084,1.2048000513077972,0.9241598195316033,1.2753472941302704,1.0511964605188526,1.6705218832767026,0.9771949868183455,1.6268575388395583,1.0129990548076533,1.4378584058122965,1.0270764096395508,0.8252610896998103,1.0942398638807185,1.2662306520187205,1.0994694054416585,0.7275066720695125,1.3552560757322474
252,1.142736207191072,1.3094674729872784,0.9026666636770169,1.7736123178115553,1.3500006942112235,0.6202259899613671,0.6992121824783518,0.5603661759346261,1.1050158684142182,0.6818605107402551,0.6538143314720668,1.1644355767552503,0.6551655925168807,1.6804460363829348,0.9579471039059078,0.6230770029604638,0.7744460114941977,1.0526500952033506,1.1898447121738618,1.383512359460832,0.9565066348198629,1.147004797139739,0.7539715045681998,1.3456751278761208,1.1038124647031407,1.7052282277724413,0.9528412554589711,1.2928913597550906,1.0478539442926498,0.9365904386860553,1.18741000919809,0.9998553210668492,1.3342880309480953,1.0956829208202534,1.4400994227081367
253,1.0012366514000095,1.2074523967171378,0.8955632815087455,1.2400707311114396,1.4788783575765392,0.9331257782997211,1.1494510521114707,0.6052222423685262,1.0085479607975092,0.4169264209359569,0.6140148060669207,1.1917077873367479,0.8015262292228094,1.2811957761944566,1.13131630727879,0.8617988853183016,0.6673576650041306,1.1390054676063304,1.308404288866067,1.3422000160630365,0.8628642967750522,1.2681230813920563,0.7115383817004846,1.4024589222403174,0.8015384106769479,1.6013572696172615,0.9187500734352557,1.3128013349847734,1.0899523709838166,0.8896953600078739,1.1770876428267019,1.0023982362700044,1.239294857597501,0.8957096024821825,1.2702361080281028
254,1.3168823661594593,1.002822118484135,0.933844961767587,1.226571800450833,1.024388919900241,0.8042135385734753,0.9188915485403817,0.5514954935831246,1.4566145899506486,0.6176884244285383,0.9019140972163153,1.2095065110459782,0.6221303224412977,1.5595636682902558,1.1519744847589886,0.915420606828137,0.6021169343788603,0.9984651804484148,0.8692205476330633,1.5544944878012483,0.7542475543848142,1.3043515542317432,0.5687484157536676,1.2563557140954251,1.0930917093285488,1.5804667233339034,1.007584713209561,1.504385587676086,0.8709492649107436,0.805235016794396,1.0533172242114173,0.6279414592745161,1.0757575195086924,1.0284262130559427,1.0883630124807189
255,0.632611478849564,1.2340104154248075,0.7398723922807363,1.120667842094353,1.1447629301625295,0.8151547396111429,0.8054460688767784,0.6306695568985862,1.3893138850687485,0.7042648842575485,0.7661416710135718,1.2219212549159226,0.6968077209001919,1.662323429535871,1.253160700861333,0.9007845115822766,0.7124451663465209,1.5010362646846864,1.099910336670335,1.234168140918808,0.8844011520915718,1.3974814208392812,0.8977005603998023,1.5197453332909185,0.9013532121322025,1.4384014895104826,1.061565783820466,1.3328285887958289,0.775224275789512,0.6301609848805937,1.0284083040758711,1.2330204558581948,0.9818637665342073,0.7199484855834186,1.1392140930468773
256,1.083490185044379,1.191511427938352,0.8066816671275463,1.3375514994227666,1.6946015447700717,0.6564145100846104,0.8483189754102837,0.7025384387806739,1.5299048136465097,0.558723626282598,0.7803688625152911,0.9763749652345037,0.696109444530836,1.6092089336692492,1.1423981900164206,0.7666323815284615,0.7964492109980621,1.1912988597270864,0.9453965352622945,1.4736743270563781,0.8324767063522669,1.1581506116201328,0.8552962629032351,1.4293946821582502,1.0145054711163248,1.7038895026129215,0.8706701199588263,1.0634303449167066,0.8590648011064819,0.8890136650752023,1.2624914338351574,0.7229802049696537,1.0609695895259899,0.8887480359551916,1.2026828030352283
257,1.0972163134486648,0.824588354010231,0.6579375709834246,1.2123901809619546,1.3118451639103794,0.6755931259185715,0.876996910263365,0.6050766272024484,1.4062551965175296,0.5749444965493735,0.8229073761056348,1.233824954148687,0.6923211212468678,1.345517563194739,1.1861696262492476,0.7903237872099937,0.5581125860332476,1.4055427424296387,0.7434527608172241,1.6975860215657894,0.7426278606292391,1.4353301208479408,0.8898811925897765,1.5257182187226181,1.1369813813629017,1.981202001160612,1.007065680824651,0.9946862653795584,0.7149929983071833,0.9156158577913106,1.0118071879450121,0.8250662312826156,1.079709349296773,1.03599838403008,1.0236759658191699
258,0.9326495517598923,1.2575782612838022,0.7220421579222771,1.3824496559298045,1.2424084601223309,0.7582772826106208,0.9703093361925345,0.6007580845958304,1.1507873058192901,0.5857966264056507,0.4823736794449817,1.2554966725745778,0.5434553747970867,1.456666943180549,1.1762465802776694,0.8578618473029057,0.6436329167642381,1.1230658395865634,0.9204394897849777,1.11932755234794,0.9155565187258083,1.0550000034832174,1.0095499558431296,1.9567180156485988,0.8019279568866903,1.2442675906877076,0.886863509041427,1.1871086385963718,0.9715873248112383,0.5294333929985595,1.0102249499941454,0.4177410514244227,1.244259901749458,0.8171882368550186,1.0574957610952034
259,1.0705899099183784,1.2946824177272371,0.8264614791064677,1.3801700678889726,1.4038514345344255,0.8727858871612973,0.9878279880097754,0.656165484648223,1.3000948882377505,0.5052002609421036,0.708508242476742,1.0990832593242104,0.5699533338375933,1.4942863898180123,1.0899842268038618,1.0482537801970164,0.6761090108983548,1.171363568413447,1.1111759862898578,1.3358711189103052,0.7002506582834984,1.4022961425783622,1.0349386134327494,1.722208663326379,0.832162381217991,1.4513564375636119,0.7145356914965162,1.0061337119858687,1.128867870696275,0.8520200213191751,1.1708616761232007,0.7566841641207183,1.4427187535384656,1.0603711779364646,1.1920849293902025
260,1.0558757391539733,0.8124980841325684,0.47449832847623696,1.1727668338561161,1.3764451727837088,0.7698084789640316,0.8931554093322538,0.5596202316616326,0.9395001499291994,0.48254377793427816,0.6987700369759247,1.2577266587252331,0.4437209999238053,1.2155395439510464,0.9724682280621356,0.962273980777522,0.7339552504392526,0.8419363380969975,0.8160735743593266,1.5654772236924739,0.5971960125069947,1.2179407445850563,1.0335354260026581,1.3715090891199522,0.9352375572977734,1.316516234612056,0.9037718742340579,1.152241493391169,0.938674213679531,0.778423438183672,1.0968797379243826,0.5642636378705441,1.2790392575021965,1.2027554695061227,1.2418637885486983
261,1.1379056181325549,1.338479050711595,0.880541886701786,1.6600573756482795,1.6309765297543772,0.7530758208577921,1.1986746299240354,0.5403913037057311,1.3318829485719965,0.8885058109617783,0.7168951146250286,1.4557751249658182,0.8017676437426156,1.4367987422876123,1.0210830539903288,0.9846801717267202,0.6678513829578623,1.3710876938292678,1.1832643537289758,1.35261185940663,0.8577982382368008,1.7492359415867194,1.2289223589246814,1.497062965494569,0.9853339725035235,1.4580036619925307,1.0461396361358015,1.1266598473900458,1.4815961952971692,0.9353539430492106,1.1961173213580576,0.5825679563343135,1.106120764833257,1.0580101571148948,1.339580613496801
262,1.1678564062729704,1.1026129023766225,0.6605213376663741,1.5788128761073568,1.542006163066298,0.8022207775202068,1.1551549400098282,0.6052370958474739,1.2056437473167165,0.8400124504280744,0.6480810406841299,1.205614175937208,0.5320746513227623,1.5221624718917408,1.232857178249508,1.005518835875919,0.691279220111064,1.4444342834424906,0.8437879667619992,1.461529380250332,0.7129529228573803,1.6879856331774552,0.7956043564795294,1.1519335813939966,1.1447248232558367,1.8332658525664192,0.9469643963840757,0.9063370939376109,0.9583180681776838,1.0192382304338374,0.8959893957817833,0.5030187318054112,1.1003205943446202,0.8551064920905596,0.9873475816232338
263,1.0772318146154662,1.1671982378323502,0.4510528668540019,1.2479382325568942,1.5251847473102154,0.7930311834990638,0.9384364372240266,0.5657636827834479,1.133114277853025,0.49442235558390674,0.6734108558124867,1.0919066675089897,0.6792785704135074,1.6031924916653437,1.2714998687641925,0.9435832671083935,0.748592839408967,1.0860991859589322,0.8594759027643023,1.4441955921084961,0.6291059692818485,1.3056124740346113,0.9830011358620874,1.376329388858632,1.1284153927924403,1.6931970051555,0.869230901982442,1.0456284991367197,1.1752188991441153,0.8970635795789652,1.0354368448799738,0.3653861005418024,1.262457983837145,1.1987330806737153,1.1047428255263907
264,1.030597057323937,1.434360885057127,0.685036228566567,1.7534052119501085,1.441364478008592,0.4990097670867909,1.2402646503858468,0.5897823417187298,1.287496706547572,0.4509761735464769,0.6369445044840526,1.0898683851171196,0.5255993054448095,1.4900743323242127,1.2217521909899252,0.8480405603201678,0.9796739564280867,1.0933838981953026,0.898561600574,1.443351505587573,0.8187679299684039,1.4955826544050934,1.3664429302251828,1.9505761209895578,0.9498096797038083,1.59441560077715,1.0009039637090156,1.0214294281778629,1.2708901628225067,0.5649268957113665,0.8532527642595946,0.34160278921821086,1.1123684318355285,1.1057892383375607,1.358566030293732
265,0.905043879672132,1.5833719412713623,0.6783771429741696,1.4331976371110615,1.4681342807430422,0.43102387329680314,1.037883887147653,0.5687414468591567,1.3294923124899856,0.6527775662394679,0.799016806091273,1.1702933754003642,0.6837406162328077,1.7304347464373286,1.367276135288232,1.1019754241385802,0.7105093798442549,1.1893262088663923,0.8340163624871741,1.389053332722217,1.1187037513048326,1.4661958340176353,1.124910347847243,1.5480456161187053,0.9807457139977928,1.5089751108058493,0.7955227150761617,1.1285011468321366,1.1068256640297693,0.5381625013137454,0.9832532518329364,0.39719406826058856,1.06784518088017,1.1954474416250012,1.1448807905299745
266,1.2571353360037345,1.2486451072695754,0.5200119783650214,1.6311826437646761,1.3567507572991506,0.7776254015749589,0.9826659533186941,0.6120548219737842,1.3279541728871362,0.563798185309661,0.798282234557947,1.1881273642776577,0.7968968987977484,1.3949614644427806,1.0378977250268493,1.089825077180295,0.7055849400812444,1.1426719262894478,1.0318077522598839,1.2128637816609364,0.763621785661498,1.43770304790646,1.2975094686166435,1.5136769746932364,1.0810208984768592,1.7074466931963581,0.8897866184864035,0.9530010672088972,1.1009175491264802,0.7282580915811162,1.1173628732836127,0.3937859677432699,1.0533141726942625,1.0301213284632615,1.3305716090747026
267,0.7783770766223614,1.2940523371776629,0.8666326727181165,1.7070300426512537,1.3999519262429598,0.6964237584290637,0.9107837682287271,0.6872550543194016,1.4115714751660668,0.651314257384798,0.5863002889081071,1.2926202548766783,0.8420368602787774,1.5900375813876928,1.2724354196296712,0.8968495004063648,0.5897723042279039,1.0863001234356726,0.7733149105418013,1.4865435598262358,0.9252310396154421,1.491577384562747,0.807810062215111,1.4016866934645829,0.8891419664799216,1.8171862874635507,1.0082955322149143,1.3726178000986025,1.264499521957453,0.7491635957280476,0.7978643664733049,0.3019765897523276,1.1517050895336969,0.9540087344261331,1.1581238600787034
268,0.9782340280835126,1.2504470056518324,0.9866248971197984,1.6558143041466873,1.267027740120191,0.9828666164178574,0.8851953005780093,0.5511276541181248,1.0458742917043304,0.5129652838594982,0.6397541287487066,1.1241880076069117,0.7252805217459934,1.5806932230983683,1.268527321534895,1.0996538706510195,0.674121461505385,1.4080621203818353,0.7226736771135844,1.428457431879608,0.7143466214976633,1.3641970137676807,0.9885809163669401,1.6310778063650977,1.112575564850197,1.5183619937731825,0.7454279635681189,0.9706706103940157,1.5935150673813754,0.8533999968297623,0.8914798209778836,0.21313307344255045,1.3164059115178612,1.0955802071976688,1.256379753438005
269,1.0848231680641487,1.1543726281050504,0.74154981856802,1.3257664059248435,1.5432819315805204,0.8376452425807093,1.0536355442526972,0.6076721391712059,1.5437682397137147,0.9401634820124408,0.7082431768690286,0.9770991897141832,0.8192107267956357,1.6816394376622215,1.1576117617188217,1.0866835388043778,0.7777067492576868,1.4150757362530286,0.8301019238876504,1.2932204545346921,0.7483920785244578,1.702714170851336,1.2733716486844995,1.8346718120964844,1.2859859988652818,1.7867547486240074,1.0655933972283549,1.540407029842456,1.148784941792269,0.8558173930167456,0.8241879604740097,0.2501659319899417,1.0997127569950331,1.1700317216606706,1.2666280574865172
270,0.966915479534378,1.5425620618024949,0.5992212033555377,1.497903225429656,1.4209897668414064,0.722011355369647,1.060291089795752,0.5127048705820689,1.1724084550598988,0.6295929188177012,0.6443059628313903,1.203831718583836,0.732375536682886,1.6494150966055554,1.171278014241563,1.1624028667660427,0.7007208483284819,1.325263695924186,0.9052189587130173,1.429292747821277,0.8215187777525705,1.6163846296475186,1.3150155970663013,1.5200136022624076,1.0825676380215434,1.5404494198611904,0.784474264005191,1.0028700439978946,1.2622152361649304,0.8424497596686419,0.7760354987452083,0.37353398135954474,1.0756745389931681,1.208642940232131,1.2575612498296858
271,1.366010587036988,0.9836284275302586,0.8539223034225658,1.4739532263707713,1.265485035767362,0.7006090331326345,0.9952922887853036,0.5470189838398573,0.9907906080937581,0.962401287939733,0.7732276619513501,1.1683180337150434,0.537907236237986,1.5353344125285786,1.0515437678446165,1.087772884898984,0.6829478546771172,1.1716068171632021,0.8162722649038147,1.3441618212117064,0.873459451839129,1.1636090502165564,1.0464069674205725,1.5531331799183339,1.0540800860108566,1.431071729412665,0.8867833213416118,1.523935035451173,1.145577519878958,0.8733222023070719,0.6331366842030935,0.569148144425036,1.0181895131782488,1.187177764932077,1.182866287079308
272,1.0472975141522243,1.171580366099048,0.9007976497581466,1.5197912230343626,1.566904426206822,0.7228499721185848,1.2811988056916022,0.5712463378113163,1.3905107697959336,0.8139526396877302,0.6432369852866879,1.2486002654769432,0.6178748769328005,1.6269823090298041,1.3248539103979389,0.7856956264109526,0.7939561560918784,1.264523635926289,0.7858849649707026,1.4528269538537106,0.9653384392886937,1.396755531670022,1.3956371779349404,1.583354683671476,1.1188581954364036,1.8161967632180447,1.0955734018479832,1.4361897983373995,1.6027815191913872,0.89301873356928,0.8555706806355013,0.7881740421283547,1.1183018201738768,1.0584824770583725,1.4586582529489114
273,0.6220983937465795,1.1688557287950014,0.9532691947385077,1.4403259252450016,1.4416760517379434,0.6790956432166422,0.9518201436879499,0.698748551501746,1.3842212236860298,0.9660917085972531,0.5823008288338247,1.3133427185563824,0.6692094589185873,1.7432302578271208,1.3341834045808212,0.8519371497189426,0.5852095078472077,0.948324428971659,0.8041031945462725,1.4457519765924156,0.8124641160843118,1.3661893841777437,1.0451899157594662,1.3792527940515262,0.9721636461727495,1.6312473268919685,1.0419831021588286,1.4325097110762846,1.5515619470057815,0.7135275058830608,0.7256715384643005,0.4481514954125585,1.15028301871236,0.9772100777386853,1.1962651646563396
274,1.0219338262445001,1.0858763579787607,0.9141060735501578,1.7813571513015154,1.4946012055680296,0.9243496006397951,0.8939490607762551,0.5536512697696915,1.1801595342456186,0.8454566228554126,0.85661665540839,1.3959796173708,0.7717857459268407,1.5400884932013919,1.3169247884830648,0.9439800048674167,0.6925867703979596,1.0480918685761407,1.0061779677997378,1.452763135758219,0.6604311417918911,1.5710176553337172,1.1762944351678952,1.3368401751772925,0.7493018488132817,1.47939419705726,0.92026854789898,1.3170233128408309,1.767317467971234,0.6245059292825583,0.8009044754763004,0.7158100272527406,1.2040297741271846,1.117795895623034,1.3865708356182493
275,1.084127026311218,1.4642444474469953,0.9853895061103827,1.8371061292167206,1.4260704699925215,0.6817912210015988,1.0061246894716918,0.6776009901477662,1.2149893819081299,0.6506399473519109,0.9516682671624475,1.3515203693191271,0.8550231352077605,1.6867863033558694,1.294803674131196,1.1560699913699741,0.6669047474461651,1.3078073858050603,0.9643124782665816,1.3097589724587855,0.7260965689614454,1.2504248875596753,1.1983880087885708,1.466143749275843,0.8727452606564505,1.5210520860249055,0.9481024481840516,1.3940959708057017,1.5511839104927918,1.0493452258110214,0.8409219050127902,0.6341021223317218,1.2615404035456719,1.143772508446725,1.167626470831164
276,1.0354860695641275,1.093210517547494,0.7191197922926187,1.6163818856316445,1.3940640180860449,0.938604083457701,0.7839804540707443,0.5322278677915075,1.1608423666934953,0.6359549394342376,0.759777275232328,1.439066735806566,0.7887146655907028,1.383150032718388,1.100918780681969,0.9560538480080807,0.5146585813749117,1.1992520087663303,0.7493286422733365,1.4256433911410786,0.82497629257187,1.5374673323016321,1.1112383015806246,1.5399579404310186,1.0575397841375165,1.7172659169439464,0.8415731273810797,1.174474894880758,1.4172532006749259,0.714441560396039,0.770190917968079,0.7350613274678777,1.2234259066347413,1.250239021664157,1.4977679739547534
277,1.2605389914112535,1.516839530920013,0.7523953817418978,1.6594099482601088,1.6248284282501662,0.7462062371280305,1.165343596170019,0.3913647142928448,1.0993323517140847,0.5964557513233874,0.870284575312078,1.1516850316835439,0.6727238710322936,1.4760325098589848,0.8881176543885636,0.9391089339044022,0.683353856910556,1.2368593441770606,0.8125740657375211,1.362123797274851,0.8663243628713209,1.2656956655768024,1.2772539707577355,1.5632708039413827,1.1174738443762617,1.4364947031214845,0.8618276620673465,1.4575666496116249,1.498156691601976,0.8684606507423616,0.8273220903668526,0.5132210818744065,1.0130644971890503,1.2955163764977433,1.3314654329514766
278,1.180683785543196,1.3478734596048936,0.870685917633151,1.6927710523519934,1.4048994719725991,0.5804831240400862,0.8526457840940932,0.5625908183343078,1.3645412039180813,0.6105053131696945,1.0385345346619475,1.1944716097049883,0.7721735741463777,1.463768376347995,0.8405985127011926,1.1433311202999998,0.63555254256847,1.2645750921516599,0.6801348763348241,1.7017854951657228,0.8627052458665013,1.7271226003209414,0.9517239229113257,1.425567319848036,1.134951129236935,1.3363905096578468,0.9489867267045812,1.4727537602467733,1.517231301937298,0.9731548080393236,0.830586443804116,0.9205515031771416,1.193782136700479,1.333333413641633,1.35236596733968
279,1.0676134783909623,1.1702439312760406,0.721063536290204,1.537509853581802,1.640368006192697,0.5953296185015814,0.9100439698803079,0.5291038973114134,1.3032933930185728,0.7880331282085997,0.9989304807550463,1.063726475351858,0.6360942248690954,1.499821250801714,0.918237709622245,0.7746385974936664,0.6578002141765456,1.0581314061673108,0.8732660793285996,1.454191705944441,0.8960604308905463,1.191119686350851,0.9888050083686797,1.5063161676507446,1.0994273972205355,1.5177988124303274,0.8087350651883429,1.198867689105458,1.0121783671369489,0.7960964761587734,0.9077396108594129,0.4785294925714282,1.1155566602874558,1.258378863376946,1.3173073656952694
280,1.0312479598354234,1.2740136989014594,0.8691515957509507,1.391324446982956,1.5531466820666995,0.6395525723233952,1.2423301265600153,0.5220248418413758,0.9931780172636513,0.6733967783431641,0.6118730903827003,1.1954857437335238,0.708878264845154,1.2089549257757377,0.8753713051365128,0.6232050687904218,0.7311115220337413,1.2418357117046366,0.6683251083480068,1.2765503774765259,0.9685309249810992,1.1640900053987129,1.0656971811585656,1.3269775293205477,1.0253177308098096,1.3255777347354352,0.7320132911207822,1.3506367507000987,1.1074324397475062,0.9796009707821192,0.7735804044441443,1.0487131937266072,1.1190185781165762,1.011872178880076,1.0632304728538848
281,1.1000595119049057,1.4137177317496779,0.6603370715412056,1.8711096300394332,1.5998349167288244,0.827666049117859,1.280544068233264,0.5863443319794182,1.4937485690452499,0.781066148894896,0.7822848879490503,1.0073669202490474,0.581610378706864,1.6054643075247612,0.6401307209034286,0.7670492388014446,0.5740604958276677,0.9300896281819659,0.8486344820715339,1.3999025893993617,0.9310031465570039,1.1881976779400196,1.2000688970314384,1.6289264267893246,0.9369349056410978,1.3120994707692262,0.7642510905488626,1.5564358456091845,1.520501840582963,0.9297883298007454,0.8701664599894118,0.4209579165776528,1.1465080490872128,1.1570797433280124,1.3907414874911295
282,1.0957644721929838,1.1010142594568444,0.8264019328058009,1.8646977854235733,1.3179927125636093,0.8042202574694781,1.0512972334265944,0.7121132840863594,1.3906126071476943,0.904601151012272,0.9044543059984981,1.1338272527360815,0.7470924527495102,1.5770143654442599,1.195543939599525,1.2248233933429877,0.6401779823905409,1.1557036670204417,0.954358884214761,1.5212154908142015,0.85596316478822,1.2558311956068406,1.1182537249098237,1.2097317199876887,1.1831246888369855,1.4186629423124848,0.8471634410562697,1.4974707147335706,1.3745643518865291,0.8680920625182331,1.093844696847492,0.8620290615085366,1.034936929218654,1.4310384605032385,1.1934031330097943
283,1.0180761185131715,1.3655283081696532,0.6508404482472138,1.6453589864526474,1.3404535010509555,0.7674979022917534,1.111181468905454,0.6862026515796342,1.2604775851262846,0.6999217960845925,0.7109320518327311,1.2421860564552902,0.5949230757140989,1.5267310070145452,0.7787798554110374,0.8626725966423308,0.6529602602141709,1.2309501085581902,0.795989508561268,1.0732037451877123,0.8480087151088211,1.1276211328263726,1.077202433466137,1.627037100692498,0.8650817904419539,1.4097346538033553,0.7424107441809782,1.4462155412143058,1.7642337524763345,0.8934610167222417,0.5471486996201168,0.6840297437486758,1.1006581796173882,1.002277743512007,1.374427459255848
284,0.9541684422930631,1.3223623336707473,0.9862528680319937,1.6024229743464344,1.364393153519374,0.5636735698344314,0.8850353046973484,0.6489124159932204,1.1082629528785137,0.579102709660215,0.5482091190292024,1.5047825185383705,0.7794012647224778,1.7011521116011146,0.837075751689853,0.8055570885006785,0.686092769565853,1.3945173179245476,0.5364225593800915,1.2193215773689856,0.8740882426401549,1.5452710999767225,1.288260685913498,1.3589897276796736,0.9663631789278769,1.5008949198875348,0.7779122638180469,1.1796379872418095,1.2455863947549406,0.4951821017519783,0.5747500956638666,0.8218365701295048,0.8794157017252731,0.9748633393935763,1.3922614470179235
285,0.8174202209608095,1.1865551912424743,0.7147320830290775,1.8622143302921086,1.2594803510580763,0.7486942805122354,0.6601517284818454,0.6289770734460151,1.4569643151327207,0.8496408011302856,0.7179057693626725,1.24058586701204,0.7136362309548769,1.8137167076259026,0.9229356974467856,1.074195468196489,0.66609069164638,1.2222237756184318,0.7119371904123488,1.5175557969516147,0.8067378891014724,1.2060042883719375,1.0421558005827012,1.2660172675093913,0.9029782634355745,1.3413330667776986,1.0883731034522515,1.253862941144406,1.4478918022480154,0.7649446606874216,0.8448141129372889,0.9856995005203483,1.0433171590280939,0.9884449842804908,1.0762925242873875
286,0.7026758589791545,1.1961508183240575,0.5807286221091361,1.422157480388904,1.549573199704302,0.6238917017512895,1.1086710046790418,0.5484856274817856,1.2762404960365379,0.7061371497590646,0.5558779261194979,1.1594135129677747,0.6003203464873352,1.688551246982347,0.7033936355917869,0.8944297956393381,0.7082202431318548,1.105974386351436,0.7828500083656103,1.2393441755253893,0.6763566699105068,1.02755439443703,1.1096032499778148,1.4060774940805396,0.6488688606570441,1.2024370929890948,0.8837068158978871,1.2987296761506026,1.1212163308697387,0.7542887631088618,0.6155735413569934,0.7828250526726568,0.6780404470621586,1.0585522889388157,0.7793079792170533
287,1.107133903905083,1.2780815506861563,0.6834678364380966,1.5204480236092563,1.5689750484635927,0.5059995134177523,1.0559654128727254,0.7776099821745821,1.373219503493416,0.9916145682809233,0.4312731612724084,1.119050773187398,0.8699846016500439,1.7287300811541861,0.8597661243387194,1.1195228728106823,0.8583982202822107,1.3082902923533442,0.6339307457801119,1.372612238479003,1.0288676630901619,1.329538469899373,1.3428785304815918,1.837455105967112,1.085929389082497,1.4284718774580678,1.105052757992527,1.3183011071729676,1.592420581480245,0.9744750368308338,0.7948388138745369,0.9954330892322241,1.205288601851438,1.19966613797582,1.4376661041354801
288,1.044450895577222,1.505548117763154,0.6056144936272143,1.761247911850751,1.4820931173005922,0.8421874541775939,1.0591890255755136,0.6263381329353613,1.48984496610319,0.9628728317198039,0.5855977611113093,1.2142434383899272,0.7699914285467047,1.3842538889002243,1.0731580441156896,1.2214969340203143,0.6340304746568535,1.3648508538467012,0.6703650482750425,1.3582836585044205,0.8414056857618954,1.0847867267214668,1.2074258341529145,1.2293746403203025,1.0974127221753935,1.4650353881686002,0.7050795970240846,1.3555669748745496,1.4254604659867525,0.8930483661386166,0.6842969831223561,0.9091246031071976,0.9587312348158737,1.2052140458761962,1.3125066226969786
289,1.204337304973988,1.3243296954626345,0.6498910004048412,1.6760222256841262,1.459899926643158,0.5115700266023743,0.9860835349270902,0.5654550552575656,1.1184653466480392,0.7595521793663089,0.738220906023535,1.069436837606949,0.7761009563750337,1.1016458283770112,0.945966205317313,1.1025433101627624,0.7236434347513654,1.1683632818022276,0.45461728048027167,1.480929138466107,0.9283308189550146,1.0624688191845808,1.3935779144841707,1.540216736191527,1.085014126412064,1.4759365129597655,0.8890706656346274,1.488286215917239,1.5394973496049067,0.9205373652649307,0.5755046122284339,0.7319599385557214,1.0714150521607344,1.3347952231641758,1.3567329008731217
290,0.905717899694415,1.4296062636947084,0.8640606195330311,1.9249754516361066,1.3308024669176814,0.4917374652382538,1.1330239180952546,0.6101151512328958,1.1698668966090806,0.8565154436134053,0.598744293386568,1.2398599466448286,0.8205902812777557,1.6246087678378716,0.6669800766101843,0.9768086153357423,0.6857638242204227,1.1640974541389855,0.6680999940042127,1.7903971943178214,0.9924417782549954,1.256705622874688,1.315844973074252,1.1061718355845,1.184044006545641,1.4408464310883788,0.8792542964819503,1.524355255855696,1.575459053388863,0.9854072652984488,0.870051235981748,0.8115440209083291,1.1787206217765285,1.4440723774584683,1.4668077332769258
291,1.1634828506830184,1.392377555950782,0.6307838387426717,1.5828159616169342,1.1542387001411667,0.45686974162248145,1.0619009060797908,0.551477663195029,1.190620543381247,0.8340322338301087,0.7232748602208294,1.384375442475018,0.8803435747353713,1.5638115616931492,0.7878767489107669,0.8499224575837525,0.6239362698385272,1.309562279765631,0.4637734015517778,1.5764908725263818,0.787255381918157,1.2738557537614215,1.0015782220664586,1.1719715696186133,0.9531618639279331,1.8965231669573406,0.8203427144961304,1.5317418731236336,1.466847312492603,0.9575998444794978,0.7849134400891793,0.6059493479609281,1.0617296768910958,1.3068065732043554,1.2657152820967852
292,0.9574319968437154,1.4973898057661847,0.5172133151616505,1.7830076636333831,1.6244326050225175,0.6879134178392323,1.0195515116833367,0.599077885693131,1.3484876853029877,1.0921777708127687,0.5378063098897192,1.2596129880470637,0.918027575931124,1.3889994460706947,0.8170330833016166,0.8986906784527209,0.637060696758192,1.047436802633861,0.8948379600326763,1.4610950185873404,1.013440365131669,1.4673337328600322,1.4522765495076437,1.1338369892728068,1.0616392048689414,1.504470441204344,1.000279203835186,1.5367476022580155,1.8417692297810055,0.9454786690290041,0.9641066399891778,1.027782974070195,1.4216011995539075,0.9686922660609147,1.3956815165617322
293,1.2724149765267225,1.3591951306763599,0.7294132845978514,1.4088520014451063,1.4113074064840143,0.7165058864367544,1.203870028401338,0.6182945048054359,1.5332856098514975,1.0793205420252874,0.4381188823609886,1.2189482032270427,0.8227980158023637,1.8704161323604434,0.8374790961295828,1.1202172928024159,0.6793347215134715,1.1657804226789712,0.7323984428145511,1.527430208730844,1.0083468129739108,1.0684001955989888,1.0624051196085076,1.4661909748456385,1.0080294390549371,1.7023907732737165,0.9810386437522163,1.566467902583672,1.3649677059977257,0.9779768369515327,0.5070273289323799,1.114715933026425,0.96754622841204,0.896882177896884,1.0530004204765635
294,1.2404864395731754,1.2854431707599345,0.8419461357079268,1.2087881723508753,1.5083389690210134,0.5089509306345869,1.0403555658325818,0.6893225853445399,1.1335584371357825,0.8249563369005235,0.6085293520076875,1.1578525204976027,0.9392597867532411,1.5400275437714837,0.36138115927182135,1.016941772278816,0.8000583433878469,1.0670967508353963,0.603496982271769,1.5154426607276825,0.9142696863288469,1.3131054494364887,1.0907791907624795,1.136290369799675,1.035490391105437,1.6576901515052067,0.8777625671869482,1.469772708367759,1.8049790684863352,0.9772943293519052,0.7998580421207266,1.0763996021438482,1.2466429257108578,1.2390231577483894,1.1444685465786262
295,1.0385062171502488,1.206490144754461,0.9533943608458789,1.4155069013987953,1.3392532888783935,0.55066518641816,1.2563361522119803,0.5378737019164195,1.1859894065629375,1.0542178201793213,0.5697918073219662,1.2578237044652192,0.7988516297110014,1.3747825129039217,0.477253112451973,0.8530829325512899,0.6932209132336733,1.1012326911381871,0.4756051008690555,1.381428685999849,0.937574881181114,1.3051974482748843,1.3323602538156414,1.47418576001024,1.0376113091448107,1.3742976672523892,0.9754077180302176,1.314652461226467,1.1771341992103976,0.9852283447221559,0.9034289611177974,1.2420023728900327,1.1342940552070533,1.020902655448586,1.0365952060105448
296,1.1295411659736574,1.444944889291793,0.8055402147652649,1.7068875164590969,1.3365690903367855,0.6370621532730623,1.1064368179931168,0.6086232844908688,1.307740101374986,0.814383415094412,0.621543865668057,1.1230293393748192,0.7977897866646727,1.4341658073911923,0.4950366142622633,0.9814363567796717,0.8891817236273005,0.9449338236034597,0.7506619596221784,1.4905488556624225,1.0576709826833552,1.371050620098794,1.1203268584297656,1.224984980561441,0.8505896314416437,1.6066091405493936,0.843366487195568,1.3879507324224771,1.4751493200233479,0.8147454413111318,0.7350257161609921,1.0080201229904007,1.1503947131648529,1.35972900517588,1.2055948608304143
297,1.120531018126945,1.3708994841996955,0.8335622974104329,1.5592126511080773,1.5691872896628276,0.6446072435724647,1.3400830032101454,0.6078315641419207,1.3853157797648712,0.8398353673799712,0.48580864220723863,1.159456105133379,0.882582850007624,1.1464754595992332,0.8586025602023981,0.9595438955750131,0.9489427911900554,1.352615200110832,0.7920831149107892,1.3317275155454582,0.9768232145944246,1.1774364471353014,1.365584702679005,1.5155300765660196,0.9911402856404135,1.693637172817589,0.743977820018812,1.5503348670354176,1.4997439407489055,0.8186072047460196,0.8277311420882811,1.0406058855714182,1.05177748646007,1.1026120761169516,1.0376596179352444
298,0.9196935118482646,1.2164762916490217,0.7326123587437459,1.7368348668512414,1.3230779467846934,0.7040605526759384,1.2100089848149314,0.5085731334607596,1.3446506297443444,0.721555439213637,0.7580841050288694,0.9416503938758901,0.8030035981150592,1.2328269630800255,0.8215083193736038,0.9648759717072912,0.689176200521767,1.1122282140086628,0.6249687838711908,1.546059425502082,0.9012640464307904,1.0622188544410376,1.1601289471458816,1.3943600928030462,0.853228212032912,1.4065841029086477,1.0059265779989275,1.331082945964583,1.5600154852427184,0.8011048330931869,0.5365473757929631,1.154008013838253,1.1262722581520896,0.98115298476443,1.1931367173948888
299,1.0014958270286634,1.3188223717905732,0.9202686445136897,1.4692975539468265,1.416325764892106,0.7771276485307893,1.2148894275438582,0.5923424385973945,1.2878598296502017,0.9959757062600936,0.5302305420098201,1.3112444552173645,0.8137601436659544,1.1815015479434408,0.9765517803933769,1.1032124772355871,0.8045031774659943,1.022094286717731,0.7289585541949153,1.2030252955111256,1.0541997197873416,1.267499266284673,1.0284322342049435,1.3057661292186533,0.9167050237953974,1.5725275213937588,0.7420343188251188,1.3341234048634896,1.6408107664081357,0.689776898628085,0.6755856824223148,1.213561953820182,1.2360594373800857,0.8782420701835914,1.3600329254011565
300,1.0897986044193804,1.4477309071370241,0.9121198866103868,1.7373300433948167,1.4162298461017837,0.8373712727690532,1.496405126318817,0.5756692188026693,1.24175089940949,1.032293756830843,0.868482903141869,1.0415819246632172,0.9448027137299922,1.4675919540991382,1.3062805724286566,1.2508534247608138,0.8479260264973847,1.1782046871804548,0.6661712889462323,1.8382249697625979,0.9218851207355523,1.483832723677365,1.264011963824257,1.5955722578972011,1.1080210543487685,1.6976999890851086,0.9653492130369399,1.5077266369843385,1.3185844701397211,1.012855454429738,0.7311255379051405,1.0590442640634175,1.0986130901372548,1.2544902552317394,1.1332469149996804
301,0.930859865125174,1.1192429363914005,0.9611404838614922,1.570080374542349,1.53084629840575,0.8219618471110517,0.9708255822283945,0.7029914078505767,1.3454480169730614,0.9323067486359193,0.7175782725796854,1.1652406285336772,0.8650225194054721,1.8083103452404543,1.1387884132775241,0.8952899218663573,0.715223613556645,1.2403244313086668,0.759394484138041,1.129048077281683,0.8552036364029557,1.2030597525076576,0.9527957838294776,1.3543525185522942,0.8654350911776174,1.7195889092802679,1.0835977993241532,1.354851075821414,1.467511570080996,0.7002007918830865,0.6476942208172953,1.233186073998715,1.488061040666505,1.0433377025506787,1.1622264000323836
302,0.9350973762310362,1.1842619484176318,0.7316768926010921,1.5156462342564652,1.1870767506786954,0.8019978225911555,1.1213942520822913,0.6940378743947935,1.3692248431784373,0.9704512912674317,0.8452641552464872,0.9786892989141113,0.7368226404660112,1.6111867228770769,1.1649570711677835,1.1022075059400083,0.7345642749213206,1.062864977766449,0.700467085017435,1.0932723580983126,0.8682375592446254,1.3743139730886202,0.8052089704320684,1.581037785265654,1.037589482631685,1.7111437242350245,0.8055372985149449,1.487635094592349,1.5028183001804254,0.9417579053351914,0.5239148954622626,0.8214015012046302,1.30865927899425,1.1183603727661975,1.1368361311762663
303,0.9200739611969315,1.2495325681457126,0.8892818767281907,1.6167748459355833,1.4600791325304896,1.1162096016916991,0.9743699328734663,0.6145137993746221,1.6105462398746015,0.9554294096705183,0.5835932751035744,1.1719952749958797,0.8514142451230918,1.4635676800100688,1.2916716984101968,1.209419808713734,0.8247417494497062,0.948887148370336,0.8005793904549547,1.2191107389775575,0.6669895543975068,1.1711425963121262,1.0539432882082251,1.4962759580102167,0.7972864733663567,1.5828989909291624,1.0168379483508745,1.5112285852308625,2.0422516826737764,0.9373778962314441,0.6714736965828239,1.288930595399842,1.1646595878349106,0.8184197043352412,1.09567238146783
304,1.02789308618951,1.375247693446643,0.6498928145315828,1.6219146402573057,1.2117128993576944,1.0343010172594083,0.9837378394841656,0.5227979670989376,0.9505977500438811,0.8443049388081227,0.6776072628429475,1.1916522443228321,0.9280159604958507,1.2562934337937226,0.9853504685366861,1.1581943163879973,0.7688089292200209,1.1168123200230125,0.8070155954268396,1.1386993273969321,0.8526675893283855,1.3527845685375834,0.8132389510808599,1.4584181661477515,0.904331499196485,1.6574726742565327,0.7842809775047368,1.1971263555134062,1.4157062611126623,0.8618388762224071,0.8645619191821787,1.0210813958616602,1.339243525095565,0.9896661793967949,1.032325650083013
305,0.9241087849287738,1.3511042214368194,0.5065187188804868,1.606926867136251,1.2142332325556215,0.7251400670427961,1.1571859483347358,0.501411647677122,1.2164999833329129,0.7704195688087196,0.8349145547608744,0.9648061955566505,0.7697110119961988,1.2967255045724109,1.255195231207475,1.227134541459379,0.7242360185785812,0.8383355483136719,0.7815348360386857,1.3704699222307726,1.0534560262528148,0.9363381424875784,0.7374049589063225,1.62849029344395,1.0560684607088349,1.453008496039068,0.9333952128955156,1.3855151524922054,1.5652191051953228,1.1698420919262573,0.5754837317656916,0.9469302346955029,1.167937765029711,1.0827854709358444,1.0337050038998172
306,0.9394214988211804,0.809834116400517,0.9412891092555864,1.6349209196761796,1.2045206241057547,0.9916363571171234,0.9164796422662225,0.6503047985580709,1.4502052756342483,1.0454754934369936,0.6845882217705113,1.2142187786250067,0.8216405943584195,1.6115578336571768,1.504649320900621,1.0133566361803754,0.6483649183379919,1.1729518905611414,0.854104770209172,1.000023649042395,0.7209283076051654,1.553844413496066,0.7868129449039861,1.4918164178143143,0.8717015907134534,1.7752184821051145,1.1123253498511123,1.5677321576478433,1.3979111860010172,0.795264727913263,0.7285931448665797,1.1982170835321377,1.1826510054052386,0.7986262331611971,1.020435963068472
307,1.0127796750965328,1.0462039168031214,0.6881748408619022,1.4562535853409164,1.2141144193657443,0.8703236333570465,0.935058675501857,0.4578516452505079,1.3252560649972664,0.9603545842331922,0.8890506852487796,1.0319700124267777,0.6545831876912858,1.5955958440130282,1.4238575165441483,1.3375071386318784,0.8090121419405534,0.8463255715232001,0.8412042910547219,1.4820761943206295,0.7314621500556078,1.1975533058628365,0.7948590792524044,1.5592701200418264,1.089878953947817,1.3999835217022403,1.0090198637782117,1.5422903032311837,1.7305782069231337,0.8794620109069962,0.7067239667025687,0.9593964166986482,1.3721718811999615,1.0515179809374688,1.369644484805073
308,1.176459185152717,0.9304284323045114,0.5267607763638882,1.4661702560449532,1.058840459401049,0.9054420590556755,1.0383731608089362,0.6325340040914736,1.0213554801332554,0.6099041289444755,0.7510605901072116,1.1628213433815642,0.9955698208299214,1.5285459166290924,0.9558031112302455,1.074205986094787,0.7190532859732606,1.2996187761587343,0.657790870038325,1.5268633213077534,0.7165181228169147,1.4723521011740255,0.7723653569730837,1.1283111117854328,1.0462625940419792,1.801898882173511,0.8905031451135781,1.4717609151160032,1.3467829179350903,0.9021090799317029,0.8242456437454198,0.942887763581069,1.185264383112608,0.9078171431088905,1.237975681848492
309,1.0073123920921778,1.4196565554231058,0.5004657512275703,1.7898865862207765,1.4161664390954063,1.150448765910697,1.1944760414753808,0.6117895731882392,1.0605664773436994,0.685325609077319,0.7239617981638935,1.2849989381462914,0.899261531717045,1.52702413173283,0.8801455502534383,1.1061807142548303,1.0324450063438628,1.373781197976261,1.2026694504410158,1.7042711134999293,0.8071747279498324,1.578578834555923,0.8378084487086473,1.6318989226848473,0.9477866013751083,2.0259514167743284,0.9122294064141956,1.3429377150875075,1.7148321329698357,0.8871177130968213,0.9492718956898274,1.1472629788986957,1.3995800525938926,1.211646348934524,1.665482784653689
310,0.9229295193555842,0.8207342960407332,0.5812538339848579,1.7416935962471767,1.3607358175341555,1.0725307590566315,0.8452753395680053,0.4860021813909992,1.3699186645855057,0.9608423386178555,0.6545119418406011,1.0334246846220685,0.8464287594496863,1.532439025393039,1.2449523663492266,0.7791065130060814,0.7307071335000156,1.039087598156764,0.865240352664614,1.4435083640386115,0.6728309288319195,1.2239550614684083,0.7746426307771757,1.4810508029946898,0.7734334774213263,1.6298616818016962,1.1048763882468697,1.4052779381165665,1.797746650175755,0.7133663972187025,0.895890047961168,1.1244393982213416,1.1414242707093305,0.9505262016254881,1.1986269445654365
311,1.0153646191831964,1.3217796621382814,0.3615168032525512,1.5909736829066337,1.3529616028360714,0.8708703252997786,1.1924611170668726,0.6772220645832558,1.744434761943698,0.87436784166998,0.7156357644018297,1.0317136091261783,0.8004332688732425,1.593012920311409,1.3565333099881962,0.9677732658493718,0.9155264643469547,1.1239790414105544,0.9447320652106574,1.4369737284634048,0.9484328803921316,1.2463483074448356,1.0407276555909002,1.317815214177379,0.9975514992603609,1.7398180253149513,1.0431911288059224,1.6748652433293114,1.477787183840678,0.756169717937609,0.7998682068799458,0.9466608115187609,1.1657707453207857,1.0110599615745437,1.5938404310259404
312,0.8990390662543187,0.8515214172318297,0.46346137739131754,1.431379669296329,1.153308635086684,0.9498741882425288,1.2044098182564804,0.6126216618492297,1.5179318854367487,1.1004753832184289,0.7782532422989412,1.0205815091781543,0.9875711092260492,1.5013615037027184,1.124836931759261,0.9910813459828591,0.7730666450442185,1.0507546621156632,0.7116240949603769,1.657067975269159,0.9249596633126966,1.2889395447996344,1.0130682554279131,1.4697478710082146,0.8232742864066942,1.53647324317788,0.9925149222883035,1.5567125656003131,1.6138111693772625,0.7935489440300572,0.5935727467958654,1.000138398166963,1.2437984640086752,1.0822186452095486,1.2093883982701608
313,1.2317964949386648,0.8023035821393689,0.6452738338691848,1.7005656020156579,1.468969966547626,0.9870741255320614,1.384517013385,0.6068417534602148,1.239999526876017,0.8032506063848541,0.8381571836323489,1.3554518833629539,0.917132442890468,1.8811825401780249,1.2082807521068388,1.258659603417125,0.8148492389616198,1.1296183034799212,0.9666757201273066,1.6447784121702553,0.930326454564218,1.3041688028115608,0.8734044964562091,1.490926931701481,1.0279425684001837,1.8269687154499912,0.7889397043602033,1.5279720729757258,1.2400035757110996,0.9009052202971565,0.9346421661681743,1.1297687590141452,1.336707428754881,1.0097507172300375,1.2157569710844998
314,0.995432249184916,0.6515183021030715,0.5820216316526162,1.3530064066097989,1.290764167182151,0.7409788091950168,1.3459436160845906,0.6522420587204241,1.4531821566487013,0.8595815208173585,0.9847625270971925,1.370589543002144,1.0553560545538911,1.595452550327241,1.0266704332557395,0.6970650445065845,0.8551115272875829,1.2643688849293815,0.7938311918741643,1.178310423997809,0.9585239856633099,1.4836487750409675,0.7401727177861586,1.6861055411353996,0.7620919659928655,1.5936831753226268,0.9447020470102456,1.557239488965977,0.9476953339839514,0.6184583720879047,0.4770727562744021,1.1419528986974745,1.104137726721163,0.7339009489910311,1.1056887026717412
315,1.1154452178806273,0.7845395440546026,0.6174203126705654,1.4925170947458417,1.3012010730724626,0.7632325769815863,1.0816736270403866,0.541362870397952,1.404815185986716,0.8124511445331106,1.1153639190019793,1.2956889366722288,1.1569422240377882,1.4316356312878915,0.9840515781856018,1.1708910897010507,0.9427663165938027,1.2485403156101618,0.8261411117969935,1.5544001823267308,0.7213315347268583,1.3783792795824814,0.9011616696147129,1.7328710316746856,1.0897398815168082,1.5324334229161587,1.0609104951973085,1.6340166757106211,1.265824075286693,0.9573495599953046,0.67541590091677,0.9688408977521477,1.2262941337497053,1.0824722529170514,1.0319084384845802
316,0.8705864374192093,1.1563858652973544,0.6093848639218675,1.2118105613338357,1.2157614543398774,0.7696193765971109,1.1854710776970634,0.4317387561345317,1.0526756760990426,0.8925317830814847,1.050873283716145,1.3395758354340193,1.0318247412541757,1.5236951138551689,1.0331743691075301,0.9386094952168201,0.6783824839621327,1.3950630728262519,0.8778114267861673,1.4667105968950902,0.640603728112098,1.5276133218023205,0.76858564662908,1.320163426787916,0.9839426620799714,1.782803776594978,0.9710572334790425,1.4430830241509707,1.427284749176269,0.830865878946901,0.7631245938358748,1.4671603236470592,1.1946172555805354,0.9364582115584345,1.1693387699362066
317,1.038690779140793,0.9354963088196873,0.7250900562395748,1.0812764350869715,1.3734554502415035,0.9213526930323682,1.307738362869348,0.5338225492132183,1.2386704671763291,0.8094199574056009,1.0691319376681527,1.208537737544997,1.0420168504759926,1.6411468866369348,0.8422544578651658,1.0465947719704451,0.7901519190741298,1.0923131489766567,0.8092452497644086,1.3984460486227412,0.8168281184412373,1.3151963067159547,0.9795140504001526,1.2288650495254247,1.1778462538908419,1.653173147884639,1.0409714462620525,1.5481701627664395,1.3299292730553576,1.006524427074184,0.9692891533259815,1.030301304176178,1.2780468724818719,0.8367601033426624,1.3229480303595058
318,1.1797886030922755,1.1479444753296324,0.6528635406340785,1.2674088688151812,1.4191095632086466,0.9001922797495,1.3868702008186844,0.5327030186624823,1.3646580480044266,0.782098015630303,0.8764820852561648,1.1589774090020333,0.9985438269763731,1.7744396653986898,1.0157514589185435,1.3587472327058956,0.6701874404717296,1.2338632304953465,1.021539687651011,1.8109079432908475,1.1317168781552478,1.471943748657895,1.0270942412991402,1.4259198656848913,1.1743155820274573,1.6839511942579124,1.1423436055885956,1.5035662026740813,1.242543964569877,1.0711272336591735,0.7811369421508297,1.1136744727883554,1.0632654387870375,1.1661629924678143,1.0603170329817222
319,1.0974910393119495,1.0821043474251826,0.47594201823759563,0.7305536527398506,1.1311151469928655,0.7937338691849747,1.2755098801359324,0.6906793143761861,1.4263849058280003,0.9415764592885753,0.9009598913775263,1.2070740008477365,0.9427193144288879,1.7634210143574052,0.9787158032299031,0.99299647911235,0.7276735370370149,1.1891171471451798,0.9171614787972672,1.552783659028209,0.9762002818397841,1.4782870652717222,0.8136158850628576,1.7216541297212138,1.144219399313665,1.6301908565562009,1.0391947704961961,1.4843238066278597,1.649405855371643,0.7793491751303743,0.7722764328031131,1.1505238902188624,1.2385654945260218,1.0533995536819862,0.9895830507173125
320,0.8917482227883737,0.9318608774066927,0.6862515388723993,1.055685866983266,1.4514894809609018,0.9100636125713726,1.1770112228527088,0.5671903406409438,1.3230094433086577,0.6623038547431679,0.9571114267366648,1.17369251476039,1.0768961333760105,1.249650429616691,1.0143612853331674,0.7082894478279473,0.7517653989162476,1.0268863208188674,0.8581830554899725,1.13180763381169,1.1259021436453769,1.3490948476179487,1.0180578302574728,1.5433404183363058,1.1623582839678024,1.678000621424288,0.7671788191063607,1.4683070111377359,1.4111406919436928,0.7090350507252563,0.9011821956383478,1.3647747372884154,1.1838570604505185,1.130894649390953,1.2133708861786308
321,1.0507169835374506,0.9210275011359692,0.7488558554352112,1.4326127986391948,1.583174549507654,0.7686248217031351,1.17281135858332,0.5316371818430264,1.11895361819042,0.6204535493507204,1.0597253956587172,1.080640090847305,1.0230931255133071,1.234311036146427,0.9331632592926092,1.077289228904532,0.7964423928504938,1.120030034772096,0.9669483347618575,1.564935844998649,0.891568223898292,1.332229643781291,1.0229785379075116,1.4334673333656327,1.0825999166071039,1.6488730994061571,0.9282824734101208,1.330101806532693,1.5494409264132654,0.8357290873251721,0.7995067757010361,1.1818591674172376,1.097635050276371,0.9937015295401577,1.1217787364463792
322,1.118029616588309,1.1308414182012398,0.7352410473885843,1.5436145560103898,1.5250684911376329,0.7586216069907874,1.181565196263155,0.5881987741049775,1.2729912219415114,0.8908153564022432,0.9958281634652338,1.391458075132431,1.1676479217944558,1.6002670754916064,1.2078385373902178,0.9279662021151714,0.8957438832096571,1.1621947608256027,0.6016250835484945,1.6462066654920497,0.8910765085503722,1.4117873600714967,1.0110039789241947,1.478516173922618,1.0486526803522125,1.5568491139953293,1.1652865169903293,1.3110587162152152,1.3570234210649201,0.8313050307820027,0.8722908387242747,1.2272022498712165,1.1497221123108967,0.8955739807572223,1.0561073565890085
323,1.277352331400929,1.0969835543941469,0.8843831963644775,1.6219955730068252,1.3729648000600254,0.8195438551611993,0.9835726226900441,0.5209999789256308,1.4272859054169946,0.7860170311546867,0.888404605083591,1.240722043350039,1.0020387393906054,1.5426769148107378,0.9096326314192494,1.0049352097083286,0.8791754475228544,1.0611117104466594,0.9815420682083698,1.58375964507656,0.8751953127808779,1.6095336072013442,0.9986884834148105,1.540746156624544,1.0972401469118385,1.4467081539490865,1.0989835383905033,1.399752241701364,1.2574901574371862,0.8355005034345865,0.9018037656968689,1.5730500773520184,1.3893540055952798,0.993065946057476,0.898848890133818
324,0.8710705589887408,1.128048228445505,0.6775195862573193,1.5764432772147858,1.351432569713702,0.826148285299877,1.492175042823198,0.6835706797945372,1.4218628621793012,0.7546608999092077,1.2018849815995445,0.9753900489451308,0.6972006855369284,1.3560347276241347,1.0638055280175673,0.9406701178407862,0.7138576515273802,0.6578847968538779,0.8654859028437047,1.3923030668691299,0.7289302364623413,1.321182925180455,0.9285090773833153,1.7265311526830875,0.892264131440334,1.4343507367446269,0.9349001183201555,1.3456699257241413,1.4870177682074468,0.8861963783631592,0.7931861587065887,1.0815875664114873,1.3128143837069866,1.0563269889215403,1.082086826209598
325,1.107135753790251,0.9204293249645694,0.6596287122124579,1.4391863285568656,1.2998435284402403,0.8936043319147629,1.2307469452617126,0.585043803070198,1.45261964700448,0.7719030164093331,1.024876672513309,1.4019370599028202,0.970443352734805,1.3682307258641333,1.0853523981149253,0.9562765522999357,0.7003399632619799,1.2068396719189318,0.7541962653738983,1.4263744810241117,0.8306192343908231,1.4842025557617806,0.8579517860585375,1.6931068918613548,1.152587467392142,1.421200553973621,0.9451907955806194,1.600568447640836,1.197854566256181,0.5884118294933794,0.823112687720247,1.1143318012211236,1.2187133510700363,1.1107164173344901,1.0901627751135865
326,1.0211056478158154,0.8179739473332711,0.5559200367153484,1.5919421717963251,1.43466908271424,0.8172040235619371,0.800971594752002,0.6306574439506665,1.7021050819234247,0.9519221674364922,1.0293354629198839,1.1662484430172868,0.780883934306594,1.5476604511152248,1.222391481210546,0.9157343069869395,0.7817146535002477,1.1752327164831318,0.6837433657956657,1.5370656382804007,0.9011661070219651,1.5141416896919022,0.9508103918762216,1.7653172564242317,1.108736061482491,1.4382565218701189,1.0127329088891566,1.7260924300050686,1.3967266651411152,0.5893092633507764,0.813990646578471,1.1607296267058338,0.9893363767764245,0.904205716862565,1.1620966510825421
327,1.1471309724217478,1.3852624726491491,0.6993209688222601,1.582507066463331,1.6604848334946005,0.7749175028695006,1.254407882440163,0.5097737564405596,1.0957660184941482,0.8663958554394019,0.8850077496870034,1.2682070588704395,1.0783880473658711,1.604601668178471,1.225992442559539,1.0572686034484606,0.8548582602699012,1.137362552243351,0.5122839656120197,1.1826534084895466,1.1855212749818813,1.2259983921067323,1.087875386045352,1.8940715477062935,0.993086327531391,1.615516193844715,0.7458282666858915,1.3621857908084944,1.3622876040841607,0.5068178849786378,0.8240151255775673,1.0169638147241178,1.3106469158263678,0.9979822639722845,1.335010381249834
328,1.074853048670718,1.047222327893833,0.7804509321783653,1.4194291232759275,1.2934884330312715,0.7777799881435808,1.1770576661417382,0.6124783141525856,1.4980538231539184,0.9530974811996941,0.858585973315108,1.2624460925956407,1.0320905670065796,1.50635660032678,1.3475659746894717,0.9953951740094624,0.7117880223868642,1.355888556478341,0.729831878338959,1.3798289738691887,0.8072978095519802,1.4335041896155705,0.6873615990556987,1.1580132955209825,1.0714777510521367,1.6708409740813361,0.7089153987683003,1.6381947226323967,1.352953876822396,0.6281154318362112,0.6880367089226873,1.0578968163366675,1.219700574816326,0.741039578591801,1.2732242810232188
329,1.2008887787144915,1.1519741302182867,0.8531920047382354,1.7105212413007342,1.4947824852856648,0.919546438991359,0.6417019353227006,0.5692739677089396,1.0543070031318174,0.7642977227710233,1.1002281806512475,1.5387052038368838,0.8821101295445785,1.3630465986019922,0.9932116903725314,1.2645544779879931,0.552407591401134,1.081502253106775,0.6379849838000096,1.6774299086808535,0.8415796882356439,1.2523839382056068,0.531574391313667,1.3338421868704378,1.0132636078923287,1.676746297419142,0.9205078877650229,1.270807804027629,1.0558029825376247,0.7280696468857261,0.7494293994466288,1.007895745698122,1.071980760485572,0.9646759454085722,1.5031328573341707
330,1.0634284895232584,0.851514483943353,0.8190811965563225,1.2893721727414749,1.471572707341854,0.7998304250044139,0.5328589257692502,0.5843727195317385,1.4205466683734629,0.8326396467037299,0.9408010725879704,1.5252502698242836,1.0674754692772113,1.3923924110724497,1.1455616715889387,1.4093422624246306,0.6968499200949994,1.0286246516202529,0.6800051565253042,1.4465678697735944,0.9129034238077293,1.3864452488375623,0.8144678221809805,1.6662738884624493,1.238218602109413,1.5781964628721519,0.49848221171671286,1.6768943114434929,0.9963793565483393,0.7471342369362908,0.6512103495732998,1.3035408274643951,0.9164550279900715,0.9208693838216298,0.9776877580925407
331,1.1471658905734712,1.1145012291135232,0.9072557946292159,1.4734227668475972,1.5071900977592403,0.8579945252912891,0.5686277547777424,0.5076047786006215,1.2388077477456232,0.6677518536800984,0.9063175719618897,1.3257089549802772,1.005131182715916,1.4496577164897348,1.3772964909823582,1.1709032437116096,0.9218760367686529,1.260416138111197,0.7808106353889915,1.5537124442613095,0.9769864500038216,1.4094868792757285,0.6962951807170383,1.7591172570888283,1.2715287103814537,1.8646793859089144,0.4442363958239609,1.4115461202806503,1.2518055103533081,0.8295048415887128,0.759089306503665,1.3077332551941103,1.2320562184057264,0.9769274898073181,1.3611475068953198
332,1.131458109088369,1.0847467785519227,0.994819064705198,1.4114440068316658,1.5831017441516884,0.8659809897809181,1.0659180188749091,0.48569524265422676,1.3087919604855394,0.7000485946166797,0.8338623086059096,1.4349399016329447,0.7954545823321519,1.4544526541824605,1.413616431344082,1.2163227509020529,0.9013160943795768,1.0849153360228496,0.818117295535588,1.3047861095100117,1.1176776178427614,1.4973416708839011,0.8831865954715129,1.9812186897569375,1.067163355439361,1.8445189355557772,0.5368549269955101,1.4319540695348554,1.2178600596478841,0.665944487689517,0.8252362078773012,1.1197858144211896,1.0040967251193471,0.8229793573916089,1.1140736191938225
333,1.2144615734482391,1.1046531380891833,0.952043355834033,1.7321586967161018,1.4947080061707676,0.7903863738354266,0.7555556877311286,0.5565098179741339,1.1546885416212396,0.7303271672648441,0.8357060582631454,1.3110158350557588,0.8120031171636862,1.5690389887380518,1.0453654270195187,1.176736358932203,0.6469840727632346,1.295680125019675,0.8397655920151847,1.391843418622456,0.9951127441970836,1.304468264229582,0.9392395419463757,1.731131688851519,0.9184677456469887,1.7020994735072532,0.9407199031361144,1.4361600236734924,0.9935183122190937,0.8629208591630747,0.712761994238068,1.1912509836363974,0.9031669041226498,0.7802671584005134,1.164022980478927
334,1.0327578826940882,1.0309069009256087,0.8026390767216032,1.2532193298221288,1.33911054464898,0.752141372324009,0.7355872844044016,0.5316409696877631,1.1141171454606553,0.917434175886088,0.9115039781374121,1.1955719639189153,0.82082363811222,1.5519894483877361,1.4638930302239481,1.2655586114621329,0.662967288679212,1.100137988675162,0.825760045651391,1.5165978084027045,0.6895844157310079,1.282042594128527,0.9422599922412421,1.6422808723117712,0.991367535863049,1.7112387418461852,0.5397225756846064,1.1918556746235411,0.9973167503129177,0.6297198518542335,0.8254860180604284,1.215387377230685,0.7500099532617686,1.256764235678931,1.1500756666179484
335,1.3061298107150305,1.0313852192680608,0.8901382313500321,1.6777341638292032,1.2798919395278094,0.9365484560414323,0.8916983023006375,0.6983974358896746,1.5662473381415114,0.9342853270292526,1.2650186609233942,1.4613903823044196,0.8224162495876924,1.7749069641356636,1.3119799609700085,1.4126036592268694,0.5462240527305988,1.094625689224546,0.7907715327998788,1.22514136959476,0.724898070284927,1.3328704266934701,0.8334561653125503,1.518447679237748,1.2587657986488259,1.7145019741066065,0.8235369972517586,1.5162411369215911,1.1162594392983882,0.8087642140345793,1.1127250306073961,1.0973722564105208,1.206320627943557,1.1360161043320314,1.5585636859626184
336,0.9449493996732896,1.1864958647457355,1.3360524405901277,1.6392572625605406,1.1639993536416693,0.8857737144551509,0.9222940504931456,0.5870014566244782,1.3382667195935998,0.9321960294207066,1.06289072776494,1.2635187659076932,1.1794521734717343,1.727734468718209,1.2595165069712002,1.0521010534981283,0.6518344201188382,1.5177945868014229,0.7515840506677955,1.260570943545693,0.5968082047025626,1.2092717696901776,0.9691629768992931,1.4803796490988712,1.0514077249490361,1.8106319459972058,0.8220723115631935,1.5347811561836497,0.778308026256453,0.7801068823797933,0.6989271667623987,1.3914088525650623,0.8077827015497587,0.8393766409668308,1.3118218634701584
337,1.104566647393219,1.1590865464212392,0.9627573878106666,1.514877008579877,1.3416964226557946,0.6669698342688163,0.9381584337805673,0.6941865418419182,1.4189525688375366,0.9151096747116625,1.1521288899139774,1.3139256061178464,1.2052088805083687,1.6899690340482332,1.3684997996168518,1.374432690514877,0.3718800260419717,1.1412210349281247,0.6482255175430196,1.5960647506131558,0.6080041264053201,1.252560365230509,0.9925765857542312,1.2738447200925234,1.068952260399378,1.7272087582051232,0.9264387271487482,1.7208637577925732,0.9236172234518425,0.9285530376553919,0.9473439965508348,1.1134286513460303,0.8317530701651021,0.9958560813484432,1.1234935999537905
338,0.9368306734371976,1.0609458645293204,0.8734883859265589,1.428612577187704,1.3648870043389099,0.7462837851720304,0.4712653331918121,0.6774068719558395,1.466901060690104,1.1167712524457025,1.1581165549586494,1.3569498736791061,1.18450836504202,1.9481147525884288,1.2675862366555428,1.391817721551697,0.3213446964811124,1.0526145935465068,0.89533028191005,1.596241581911456,0.6898962327231987,1.2167365588819519,0.9051158882412413,1.7396491081919188,0.9721753234885797,1.7537526337827796,1.0133614442785457,1.7069547996216938,1.1250078645922037,0.8835600930346492,0.6263179755608351,1.2030506705873385,0.903667436945753,0.9081074589020912,1.0479976985951955
339,1.1987668598443255,1.1714964958342424,1.0018097629516682,1.1870074847593264,1.3250684142197455,0.7169617099401139,0.8312159203109207,0.7404618607329905,1.4186408789565954,1.2601499125472326,0.8836295672328173,1.5434801036459438,1.1104860988428866,1.942651678822909,1.4023903363978998,1.384685776031546,0.44133161269739185,1.410525589508565,0.7487711529202328,1.5454402794818627,0.8743892989552007,1.3367194748202307,1.141542586295175,1.5429622163859427,1.0352332771425568,1.9129615566526736,0.9793437405825075,1.7315126032659105,0.9705810222779245,0.7302577590347529,0.7637687778685431,1.3704608029199878,1.0510963244862428,1.1982589391753602,1.1346401289891266
340,1.1952967639019645,1.2286920904588226,0.5841464451108496,1.4025265724568134,1.3175483913383994,0.7406722239834328,0.8510741549445981,0.5946397791178555,1.4701444527751428,1.0199774274378461,1.0580743062001823,1.1895935808566085,0.8593233711035853,1.8476151074905172,1.455432527986151,1.2842585455715922,0.5555267096820303,0.9213990040967723,0.9363978550803653,1.3013351976588234,0.8448231462514786,1.0204151866623228,0.8510621390853818,1.8107023789553378,0.8419484899437131,1.6462230820268453,1.0263992446060133,1.6927660755018705,1.1404155881097804,0.6789950162995693,1.023663144850648,1.1519748928943176,1.3997648709634212,0.9270577130740805,1.3216273999489951
341,1.0465215864719215,1.2562604730439064,0.8789768729988207,1.2219235698735864,1.2617687265479578,0.8521555360816243,0.6806339179233086,0.58373593333127,1.4009468079237408,0.9910353394829748,0.9287303318320606,1.441758313697814,1.2090657066929227,1.8297455577587471,1.3962917338660543,0.9512394904300387,0.3650553120519453,1.2699552730017374,0.7466427216729035,1.4611882514851535,0.7751498881406225,1.201158534298286,0.942663385174152,1.681625380453203,0.9265674711531656,1.6601559194056497,0.580214004951407,1.5678941069859123,0.9950874010145375,0.8085186533702082,0.9262707870880957,1.4204313420579315,1.1749383154414492,0.9878603904974439,1.1482270998299944
342,0.9644746274168932,1.4580939218309235,0.6606281407656789,1.4343272900761899,1.3388121815315261,0.7758489242683296,0.9467122759388839,0.5756791787963522,1.1784707595359585,1.0405536208598125,1.135500008563199,1.3367283617706445,1.112167610321995,1.7157595569059791,1.3628472967773502,1.2900713901355343,0.6956564981652448,0.8833827940376276,0.8514712430048021,1.637895344449112,0.9472808998253895,0.7660784836472742,1.1807130236196892,1.6472843593343272,1.0625575366548452,1.4542977329116096,0.9222147941267156,1.5531511357108965,1.4715003799335233,0.7851266271010455,0.8479971682723528,0.9701574154461527,1.1278927644638213,0.9936405299840554,1.3315463020265057
343,1.173488944023221,1.1393757999973229,0.9269253542479048,1.5412507799587085,1.406694687369399,0.72973204145765,0.9770250057676481,0.631908057490812,1.3128088926764263,1.0559758233512229,1.0284641659117346,1.4427501968419034,1.0855151886161614,1.7755623144573975,1.3434824041751632,1.119180402108832,0.678636642010924,1.2853589602009579,0.6865891172035516,1.6215429700744326,0.830973410550109,1.0525431393999476,1.008253292544223,1.490793010873938,1.2033129166069678,1.5633746617351334,0.6881744217356808,1.5438176560523387,0.9763913402781412,0.6621735564755116,0.7535948038912452,1.027654072755276,1.27930216292814,1.0207630027693808,1.1679738597541554
344,1.1392445511304077,1.310422799331217,0.8963682812966095,1.3462558213260678,1.3783014586977183,0.9218814725448903,1.2047873948873074,0.588514138616312,1.1659666619417224,0.8381191572360842,1.181759134354342,1.4341900104584062,1.1844247970089854,1.5248006252856565,1.1534077184403877,1.230498174098231,0.64320121799097,1.465901925058783,0.8478724590477825,1.5610244875655823,0.9683547394031671,1.077786138701848,1.2253484276997209,1.7635403090941342,1.258015060978975,1.6993424543514106,0.6401088351342966,1.3129938984652345,1.1606413884218223,0.9149508890667419,0.7943530839253705,1.1867483764279965,1.0188525740209262,1.200427013931682,1.1547773746613221
345,1.140597572271354,1.0513968513204535,0.7944287305190769,1.6455727448378707,1.206052915416576,0.8909795841628545,1.0068050419950318,0.6470166979198104,1.2937527635357473,0.8431783649295205,0.8672049841787444,1.2698940384763022,0.9502488430645032,1.6368181374291186,1.129637195277727,1.3959347362561465,0.678618878701181,1.1821638364404539,0.8355773954687211,1.3039106188228438,0.7076782931242613,0.7981478376816892,0.9181329937842824,1.5113168761818776,1.050195529061798,1.4824927951900073,0.7064965842340516,1.2730053041210179,1.1641720495437258,0.7072171842797543,0.9102808905277986,0.886226889117315,1.3092764388216143,1.0491516674945374,1.4450741872021555
346,1.2621761820425257,1.1347389560195378,0.7763108462223343,1.7121631153211736,1.6029050613906044,1.0491643299189228,0.7725949218040713,0.5323160255546179,1.038597246251253,0.7706636112583798,1.0839962210502527,1.660232268805655,1.0805593188767464,1.536736281645104,1.3213940595189213,1.340195805126896,0.646347760906099,1.302275337966139,0.8972087815779634,1.4067308073204692,0.8960242455369274,1.2186709376500344,1.1746516306246164,1.662433254428571,1.026411078572666,1.790762987514197,0.8214198457136159,1.2425811953895214,1.2572212490981767,0.53265549677516,1.1809789138777345,1.074357590108354,1.0566814771797084,1.1085737300808498,1.350303727990697
347,1.172824164619333,1.1949271051876598,1.1410789364785483,1.5385413865419613,1.4981888330305195,0.8066550828004375,0.9422465294630942,0.5673302262388038,1.2548738636018208,0.808340690986321,0.8934470055575314,1.4479460178496293,1.012266314981792,1.533950563453954,1.2632682174446728,1.1848956586034762,0.6666730110574908,1.3619895456561968,0.7856219512152365,1.6602970734508573,1.0125033216875525,1.2866378333455453,1.1747448882673306,1.5142227963600599,1.1724252559642854,1.8157227533737794,1.0237760462299663,1.506008965044031,0.9437915776293803,0.485108506795504,0.9884319845964167,0.8189996626765005,1.029123261538908,1.0658580404342715,1.298388925808743
348,1.0306775903511731,1.2326226263762998,0.9040796237486239,1.3451211757077801,1.5044026794620953,0.8169438846086441,1.2578939528491528,0.67891932584966,1.250535730372956,0.9112568599726004,0.8395813609637142,1.4797000189767662,0.8623023688843009,1.8284774778997352,1.1829361264594263,1.0242420834407895,0.7351146188976775,1.0385541962657143,0.8222357334923541,1.4448019662328146,0.9972146220302919,1.4481403634189502,1.1362576465883303,1.7930243256256075,0.9066781065306233,1.7720804349046415,0.8487649762951752,1.5565596392188163,0.7396404455570205,0.6209708701701423,1.1912894086276986,0.6875021093963645,0.9637529367087723,0.9615182435247163,1.0967380237094073
349,1.139478446670721,1.1756469387133164,0.9501922765384854,1.4391380552001807,1.6654627551667724,0.7438736250673593,1.522582931107666,0.4342030330760115,1.065845004535741,0.9141916478077493,0.6619893169275187,1.1206564871983016,1.0984063686236545,1.7880996354664194,1.1455418095980938,1.232375612165928,0.8264329057878501,1.2357957261998391,0.7483816063658482,1.2264111813446585,0.9628283560533519,1.0336582657532916,1.3395805823732507,1.5629583958331743,1.0217172674565465,1.3612671201621445,0.905502461088439,1.499958523636804,0.9954798678103822,0.5864331623234086,1.028982322837635,0.8054819570875952,1.0653116210780376,0.9203628051241336,1.4513983706202622
350,0.996512057532684,0.8369904146364402,0.666897578587263,1.7073758739487923,1.2165943734561346,0.7732916064506187,0.8473890867125378,0.5411532840301062,1.3819932304050693,1.060432544717508,0.9298604339010514,1.4520470334663171,0.9655038503803619,1.6925907339335662,1.3247007589940882,1.0247965635205598,0.7342540524713422,0.941826092132744,0.6400326196699914,1.2050917218337385,1.006537162670873,1.2240936463990237,1.2231560934272683,1.5923786832449243,0.9044914990758969,1.5306388390378656,0.891103050461299,1.4762890190915607,1.0967258490128315,0.7387568598044607,0.8605358853466918,1.003798151564811,1.0728069122074275,0.8923616258966773,1.2210645869858296
351,1.2977121269593417,1.0073982087230484,0.7086874289224878,1.6287110144497774,1.3017904176083321,0.9902501306128596,0.7728293920598263,0.6468039313075635,1.3809591956530323,0.9788156669401036,0.9486984258041833,1.427093558051748,0.8315990330837177,1.7282611604737073,1.4847143761479464,1.1582571296963438,0.8329703475083291,1.2189388964559844,0.7570820544399351,1.3585539296409708,0.7332285179254213,1.3998789945651366,1.117823050700561,1.5130581412331958,1.0321617248738852,2.0214125184694156,1.1264276238389572,1.5789355940074254,1.144413414187949,0.41619514395983037,1.2483258470416163,0.8409538900136332,1.342175797312375,0.9904547008181235,1.4269276433466527
352,1.098004072182968,1.0990033068724157,0.8960707837940243,1.6450654855181375,1.5631644163187735,1.0343582756156104,1.1299405732833734,0.573283491681019,1.245585941707747,0.9297288925913618,0.7682322215148587,1.55228902919115,0.9696735182428777,1.6176014372470142,1.1766407104524088,1.186103915536814,0.7662891378595995,1.1398459340271279,1.073838849330026,1.162311513115558,0.8279944472531635,1.282252971528676,1.1366068351349647,1.583292798604854,1.0786783681490903,1.8314251994878723,0.8993887337109703,1.590588288499812,1.287675921303045,0.536147008125879,1.0363072472487889,0.8945816276954364,1.1796449684241836,1.031595347554836,1.5574753321211188
353,1.089628999132957,1.1914793225348723,0.8304321564686801,1.3537616821752319,1.199857204827171,0.8723829388812843,1.0895555660588254,0.6115797552634824,1.1805437702937358,1.1289305755766414,1.0574433194480641,1.473877190397033,1.1693264659607712,1.7641003508717297,1.3653354360110879,1.2087801288374216,0.6057580047261317,1.3031276526694546,0.9232658880489757,1.4962570859270456,0.7625184259722959,1.0692121539252026,1.0914423353742937,1.5818360931598225,1.2624038213013558,1.9002965954814248,0.8813535786895401,1.5217538124088557,1.3505142526536082,0.7415214910500847,1.1077661095197142,0.8173310035423182,1.2513446290236863,1.4164790653418895,1.344766258777335
354,0.8481432872752424,1.5419747900274225,0.8724912460673786,0.9535721692898844,1.4357807305696184,0.5699159997835255,1.0131633327071632,0.6588348301413204,1.29477509384443,1.3186376624572236,0.7395480095230966,1.2660916781915446,0.8965864513866734,1.5399398335115575,1.1531952390569797,1.2381622988324765,0.6245761746201111,1.0584571827264913,0.6986800934344516,1.337222314332981,1.0680717668050084,0.9905162003819452,1.3973824140758007,1.664621774527207,1.1304295202833134,1.4098999111800887,1.1384898476057883,1.288846262390215,1.0371171552801206,0.5722157999301343,0.8995475948838549,0.6013202479547224,0.686366707549534,1.2674292994595058,1.1037455802349099
355,1.063602302125664,1.014294892719834,0.8513123304660914,1.3805704114188477,1.0445203035159007,0.8719145219980637,0.955357825439376,0.6088818894287118,1.4436889760223421,1.2383052053400765,0.881759692820177,1.3867936088471577,0.8252043036402958,1.5626749359553171,1.3248392503523427,1.3870998932340308,0.5418370152651539,1.102752773034048,0.9263824235906732,1.5510896891856494,0.6706271282101972,1.0349367927639141,1.0506377787816739,1.4929422625903728,1.3332238853445744,1.4094335297915517,0.8734932084456568,1.5650195811602186,1.1256530341726376,0.5016692540597176,1.0712006820866606,1.1213149158215612,1.1340670130441401,1.1282997177804996,1.3767628395556524
356,1.0032269498480373,1.1014481032162893,0.8145479805994742,1.385489286227534,1.1649515880392296,0.8509639477174498,0.8478744880939073,0.6577752923576434,1.398560293509592,1.1343257897214873,0.6166054074789096,1.1729269336060943,0.8974453832911167,1.6348845543836688,1.1316435328369892,1.402704030368974,0.7685490136652414,1.2003103788354095,0.8765557006752034,1.338535631703818,0.961272923156766,0.9602330131584571,1.2188899657006698,1.3832104551889197,1.2936626977784638,1.5143006653827944,0.8440253102432096,1.4438625549010702,1.1050954858624562,0.5890882786777746,1.206378401018168,0.8348313728450374,1.1672511130656482,1.2237726349057563,1.4684936600793155
357,0.9314534868840147,0.9789809256302902,0.7885189167864937,1.285611871360186,1.5727869545710904,0.8932009243008772,1.2219671895637618,0.7023697169563605,1.457425132422899,1.1260095306117395,0.938834737055604,1.0737671890281342,0.7236745989139154,1.9483748776348004,1.533294588979152,1.4253366642499437,0.7097690822954273,0.8746735842431036,0.7842293916418736,1.370444430580976,1.0412057970038964,1.0499886553465028,1.1158912466414086,1.621232089211237,1.2032386113330156,1.5992455911218082,0.9040372672415713,1.3894459805476855,1.153438608953918,0.6756955333621605,1.0467450471326916,0.9160433773391767,0.9134427084444707,1.0643201849823234,1.4272428815392
358,1.0228693722014852,0.7844291667726451,0.7781475734272192,1.5635885461439147,1.2681584979043727,1.0442600691772554,0.9146763928315613,0.4771418865212141,1.1757167702058657,0.9555917558667022,0.6698183968596704,1.1730686517405404,0.9751997809555786,1.4510757351861563,1.2366654335589256,1.0422773089957014,0.5912831206285767,1.0609713485989682,0.8109219789168347,1.2815289445731586,0.9019587282724518,0.9764128891899486,0.7830992000415935,1.1208048426720034,1.064442501947469,1.515473634642901,0.7760893647001169,1.240604907714976,1.4019381954329293,0.6994772645217204,0.9466710789508201,0.8120642470255814,0.9030110079997238,0.7347891280982273,1.4494713281596754
359,1.1937828122637,0.799783282058171,0.9692046449545668,1.5579537198731583,1.4411474995082,1.0643476949118473,1.0822617747680696,0.6808201388538999,1.316988735278962,1.128919004600276,0.9707668128790361,1.4531424513257485,0.9728270799201024,1.453929477328082,1.3360238721800055,1.2387426599232372,0.77383483848669,1.1617747044626723,0.7255314509284264,1.4001761158911417,0.861528448027589,1.49362913061069,1.0291126333705365,1.2682495392813795,1.1762319276743987,1.7058895903132347,0.9623185979186475,1.6352629315737348,1.4900512439061964,0.6822056424493399,1.0869564624178505,1.0187481132189649,1.0414824284888122,0.8039696537788656,1.293396885530798
360,1.1442260593312752,1.0769004167585625,0.9448497275977221,1.6045505745084494,1.5724086517774212,1.0221739626246897,0.9546020347522265,0.35315484906582306,1.0322841300167185,0.9938833558052538,0.902258693886759,1.1519216966191574,0.9480875826499214,1.1617037353351234,1.048492203351096,1.3875737022671033,0.7291373650573623,1.2526712172333303,0.7840994617133832,1.086644983194275,0.9777205549350574,1.0932522935078803,1.2078585725050481,1.6951985632333615,1.0841935883699811,1.5746787609672637,0.7102787131497835,1.191298708360831,1.2733741372234304,0.8557185081725662,1.0786373645177187,1.1104690057108053,0.9842479079577886,1.024001708124278,1.5267172464102943
361,1.2463008143280874,0.9527993371043839,0.8975780689707422,1.8620568817620171,1.349381534297037,1.0988840451515778,1.3401624986062088,0.7111007040288957,1.4624405440874302,1.0953520465795141,0.9783377247794844,1.3182504161332118,1.08733789942268,1.753487619941121,1.4197265111974686,1.1501074171685794,0.6295927013425682,1.287708569839711,0.8991432978588902,0.8956574564750939,0.8994117012310503,1.0572891518838594,1.0220661694535997,1.5036184942993862,1.0971206265531892,1.7429649022575453,1.0082184698823489,1.4942289264439645,1.2229281655524997,0.8182474422379202,1.184478844624577,0.9972342102481518,0.8277030617628761,1.1375058591618092,1.4515658190018101
362,1.1706933549820921,0.7764187206850184,0.8026365371095099,1.3401253172749097,1.388244871598736,0.6868993646330257,1.2443149176558324,0.7349936297683528,1.4358432919410253,1.2847713054020984,0.9325398217183801,1.3509053668619433,0.9819211067433782,1.6120918346319437,1.3686094202470684,1.0845288956242367,0.7161617856152349,1.0903419338240044,0.8444099923755243,0.8785452894737273,1.0076485830614041,1.0762780285528426,1.0214779799006983,1.6816333939806603,1.1154910054934761,1.8562854573882999,1.2659625106354935,1.5137039575990088,1.2025986287640937,0.7116834220603032,1.002457883548677,0.8432136270347754,0.7264166020139685,1.0764918361934535,1.4585941552450912
363,0.8664738986817733,1.1380316384274103,0.7667706740235509,1.4929290974293552,1.4618985296598361,0.9909475571114519,1.4735287676100532,0.5598325359392335,1.143359984378299,1.1456380866312803,0.891369113378957,1.4193892971265716,1.1358564467675065,1.5526291361726305,1.2146696744035612,1.4568705169250102,0.7878060997704667,1.381503219015388,0.8417920885805193,0.7656020776170591,0.9864505551597114,0.8518303522232252,1.1254986730983145,1.6819784769282278,1.2699627292072846,1.672826124758013,0.7881993307629016,1.5195415852717074,1.2796143779038833,0.6438057439804438,1.231121248036405,0.9684670698608607,0.9061655874971897,0.9603914314892238,1.1911003496223453
364,1.2111444451817632,0.9704973290221277,0.8806928994589436,1.723272210187432,1.1404153459973572,1.0179732024001873,1.0899151584292226,0.5116895943435933,1.2697982586118508,1.2365066576766597,1.1114226943842047,1.3844169742314798,1.003511686091366,1.5933168368267108,1.3067902675101204,1.4135933023568112,0.5899086057807945,1.0623007870445,0.9160977318250773,0.9759066829270396,0.6636351437260258,1.1893036479147256,1.1851007661375474,1.4959193081371305,1.1896919678513653,1.5403849815190331,1.0586232328024878,1.3975243789978515,1.3109357007796563,0.9474722380135914,1.2178524067316634,0.927241432029182,1.2004868343659725,1.1925938042189275,1.2467801550070159
365,1.1874373472332724,1.219141942141183,0.9862904707622396,1.8654030378706068,1.3132488955560295,1.0369776446020003,1.4738748332889975,0.6690613406056332,1.2283558807524648,1.0426565131747172,1.1170008283001835,1.3238093670213569,0.9965599046381732,1.4938577179602368,1.2330053174193214,1.2050300774829983,0.7306745674172883,1.0475616770189486,1.001186363229237,1.0019206560473317,0.9737471811394403,0.9414728928685729,1.0556130931605543,2.0112058979320837,1.123214778180901,1.700893837436232,1.0412656522847858,1.3940501579494033,1.485412321022554,0.8376654054648394,1.0279532745261417,0.6362394907148263,1.0710482327357735,0.9476674626774946,1.299070236672223
366,1.0421107768273572,0.9999605281008492,0.7917225079460268,1.420335142098055,1.4693104789572087,0.9878637362084648,1.2906901818493552,0.5571009539723037,1.0850914782599275,1.2232358122998876,0.920830116248764,1.3380648499757686,1.1975502156051958,1.566472393774409,1.2197957965916202,1.169700327026872,0.46657364400916407,1.219210989892439,0.8016003126923443,0.9929628377880415,0.9265418302551859,0.9458268742798026,1.1839022543494653,1.5275850865825937,1.2895313114865457,1.8416151183715037,1.026264862006824,1.5077203297914064,1.290850450014597,0.7548355139705455,1.0855390391336825,1.057961248862473,0.775790035159059,0.9605874119312181,1.3902505110626082
367,1.1436955765011785,0.6628157603004166,0.7354281353669276,1.083503307513186,1.2884943242802875,1.0138977173230965,0.9287126378536597,0.6606240162340908,1.142530375392391,1.2585672826575502,0.9742037188534374,1.6073626951431765,1.0744654056393104,1.7550435029054363,1.3613620501737522,0.8742622034385613,0.5833482282515935,1.066569810397691,0.716312101769141,1.1544211738635746,0.8265387502950332,0.889560744026967,0.8759018945372351,1.753796139872083,1.0392223085146575,1.2953544441956517,0.7996500782120375,1.4325059278357726,1.2060447341498737,0.8544824964588095,0.9442155363716316,1.0421376726596328,0.8976829371664228,1.1637829639013435,1.19122032668477
368,1.039954752261222,1.0298552205350378,0.924360117175983,1.1716296766990806,1.3929392686036421,0.8320654041507146,1.2414255333683948,0.6921104411101531,1.363332853523071,1.371304838658406,1.2629700011392362,1.3621049767590754,1.1054946425245697,1.7984793917477317,1.449690126739803,1.5505653872277392,0.9097408723019591,1.047798005589044,0.8434484861515299,1.3946478496782964,0.9964744042435142,1.045731341738927,1.0955329091687593,1.3482346589377567,1.342067050038562,1.6568870978145154,1.1547479492477968,1.332257391937345,1.034363611429205,1.0148984172440378,1.1579680354306068,0.9243579078846647,0.9223991123097199,1.2620417170349847,1.2841397259218899
369,1.1393524527079413,0.9095527131331895,0.6931530963111512,1.8355562113308124,1.5754571223603633,0.8354917577052183,1.3488353996762306,0.5604902660862512,1.0457750198210403,1.2616771307845533,1.1154700851841164,1.4769614247239078,1.0172257841865622,1.6847689969633473,1.0954897590087704,1.0757008670562276,0.6576127167311796,1.1581675622830754,1.0383246564582231,1.1199433978084012,1.100214730374732,1.082112174920578,0.9211591733559628,1.8394374883111189,1.1922725897672821,1.6686373986383138,1.0110337569646108,1.4635566814785061,1.1575306840083486,0.5129969087288213,1.3406129216865388,1.0405199054416387,1.2279857779224785,1.2380219434005713,1.4538417763155187
370,1.0791405219964034,0.7330230464819097,0.7811540750636636,1.4702501858048103,1.7200792650274692,1.0298192160826405,1.1678668722662313,0.6951719817814718,1.3006665346764708,1.2067810945749646,1.0824249008437232,1.353747553181034,0.9243111301595519,1.8188052125405076,1.077618702215148,0.9598079535503676,0.7423104329914971,1.2501971341916729,0.8946101687907424,1.3518245553241393,0.8817280171265248,0.6623092222021116,0.6582967977834556,1.8218334626195236,1.0477297765594475,1.6557437642301545,1.025264760312887,1.4947858570530843,1.2109611151257167,1.0111227191453005,1.0040825695186057,0.6811133897379069,1.1865266513254031,1.3820592613371196,1.3236677319894636
371,1.152811206900333,1.1099573130152862,0.8638597688263157,1.4051945784702107,1.5863473737923952,0.8657550035099799,1.3090118188135411,0.5927203397507985,1.1702222493451386,1.2382659605742932,1.1334901130589738,1.0358869911475455,0.8209782153700896,1.6140885364388278,1.0539116804696718,1.0704111089621553,0.67646247586052,0.9912323002966391,0.7265396858047083,1.1051844703183824,1.0682647978975495,0.9616827914692746,0.9200599980693751,1.7370230402114724,1.1508386718287213,1.1590286962842553,0.8820914926187307,1.3636597661657235,1.2790101951470827,0.9384182053601238,0.9062680878115495,0.9763068754330475,1.1306757666943503,1.428594747262438,1.2836623900583837
372,1.0175752644605809,1.072191035802402,0.8054109511817236,1.788299574974532,1.5398974980709759,1.0066741911402493,1.3139493614265663,0.5969870911197146,1.2834953349614926,1.3985387761729209,0.8939911418028517,1.497826277280851,1.0978763176386432,1.5148496022646758,1.2040626576218425,1.0063240200977637,0.6331081359691281,1.0535222747811737,0.8504919706442928,0.9353071882501748,0.9066389910644375,0.821683378104465,0.8404930030097482,1.4150245882832502,0.9451240636734953,1.880022281020312,0.7592992382456256,1.4683769391395725,1.4344388686411558,0.713665943796677,1.3881237667731692,0.9657223247127437,1.2226174267485832,0.8192399983063188,1.4669660341777848
373,1.2221923762517723,0.6524257548169548,0.8776710181081641,1.50308364160867,1.1235179281807182,0.7967740894935467,1.17479682590661,0.6776111104555993,1.4200057234482268,1.4325851874349904,1.182562940047535,1.441146268203282,0.9261317399020058,1.758755301837162,1.1463938373293254,1.0445953119446,0.5234902485437369,0.9589756358156911,0.7733796567287576,1.4834892212744832,0.5261509678323355,0.7423800086111334,0.7078154260713043,1.339843528968939,1.1162238950465981,1.668924321324638,1.1570172426776266,1.3286764809281726,1.1592888590578267,0.8074935166448822,1.0883338255880557,1.0931816802504715,1.1258001786468208,1.1353121509057489,1.1561044551863056
374,1.1418615235170197,0.9254199380021522,0.9764733401387494,1.234629409233496,1.4144940080041626,0.9190829430606486,1.0398690663380037,0.6285460211560553,1.2703849217295136,1.2676563224754598,1.2694441303254407,1.3869186854719877,1.2443443032524697,1.485649837756924,1.300091196836112,0.9675716622089047,0.9346152709734881,1.1609084783471157,0.9271027861521328,1.4404792414171879,0.8570621170456658,0.5911990735875751,1.155276485330428,1.366908624944057,1.2292171678054609,1.9732696161395378,0.9490935649764232,1.4812141464420185,1.4585012218137323,0.8153095362616328,1.2660956256526537,1.157955715851519,1.3845474471563786,1.2089572011581367,1.4038282217123355
375,0.9454449420295618,1.1881275389238708,0.957991939759901,1.3464699199511285,1.4364213926257032,0.9969762289212909,1.435970648222376,0.6199591616385112,1.3394168834485014,1.40396763407217,1.0129850773814173,1.4710234822361477,1.0501757628051374,1.8103022183240363,1.116701430697249,0.9960977486625358,0.8015077388296659,1.1752835827500805,0.8820321493990321,1.1124436148643073,0.949072644293431,0.591738952002969,0.8799428481867484,1.7835498113534254,1.1005473516881197,1.7464941032049344,0.9754565401463738,1.6363943989833563,1.3609809039009284,0.8827269914918647,1.2083498888232562,1.1076639568341484,1.096198028424995,0.969873978254317,1.3912586156380367
376,1.4255709355032462,0.8837300212991738,0.783094746010579,1.1868531858015974,1.5195896019684465,0.8664749602924169,1.1827745548576365,0.580970653221337,1.093837092252199,1.3101640643092476,1.3320992868388672,1.2324993640433293,1.0615242874224027,1.8426967425600478,1.1083708133058412,1.1061259825307546,0.7750963131870676,1.050754847289956,0.7937877455187099,1.2548437893605964,0.8745748737186874,0.718628672053718,0.8924066828086854,1.6873878520179808,1.5540061363981241,1.5231709394581374,0.906325134045861,1.634888210124729,1.1408538934127082,0.9059654817963008,1.183823157222862,0.9690997619101616,1.23319888564627,1.1315950381612159,1.1707575910114627
377,1.1933253304761204,1.0929796803125345,0.9618989428555887,1.3696344871443014,1.500554817901643,0.821087456911467,1.0924311559023216,0.588525023986778,1.1584199225547018,1.016258398453068,1.4066673476484313,1.3218762983438561,0.9366153890667843,1.6802472985506842,0.8677003926510075,1.2393244516562674,0.7826495651019808,1.0617142146535996,0.8724562561792184,1.4419858387491624,0.9813056838778123,1.034759940793259,1.1760392147623575,1.8004764221242215,1.333287082623187,1.6431998007530093,0.8092592317160008,1.313841314727799,1.4850435985986334,0.8810853751049568,1.2888570531487042,1.095087171121324,1.351259063756121,1.1834824157514072,1.3281748083147875
378,1.2123531745148823,0.9268132329863777,0.8206024301176422,1.3951578853635216,1.4165627265389096,0.9276697553786188,1.2101830810188399,0.551757789927171,1.271138648052903,1.2063835146189277,1.3260078432526692,1.0701147105813011,0.8453086869873205,1.4743336460467122,1.0382447411661118,1.3622820092205337,0.7880307739205441,1.1819808534426488,0.7689535099404792,0.8913867552308969,1.091994077873113,0.8247889745434392,1.1166981319360367,1.5224316303954337,1.285772489281527,1.326246104547494,1.0227298529629374,1.1024743158630574,1.352373996741062,0.993877505704537,1.064158595170249,0.8508333851064037,1.3400683353883287,0.9866286507380012,1.315260142430401
379,1.1973160901267406,1.289106418794952,0.7057768893217904,1.375479797641281,1.4235361693131918,0.8812948806083218,0.9718388945219014,0.5168570302348119,1.0140639989035178,1.21355741143552,1.2862779281451333,0.9705533612431492,0.8956466312757941,1.6538690441911779,1.1525466288133774,1.374352055757,0.7342099739220002,0.8157748224763756,0.8930769036298412,1.7593563877053926,0.948154895515551,0.989485650449007,1.0545862936088626,1.7042960930587792,1.6547007128905573,1.5784913235380995,1.019314148282377,1.0565360798522525,1.2777644338368463,0.9272794051114593,1.045703295812493,0.8341712032953315,1.239810112755105,1.3027558201634533,1.280667327005653
380,1.0942897287588569,1.232985933735635,0.7573252468373014,1.641140127734148,1.4217915671191887,0.9799687859725941,1.1361269921586898,0.47041017350622977,1.0298221545686759,1.1032678957762618,1.163460102039167,1.0428944495451409,0.584771649399698,1.259267044042025,1.024150906205481,0.7804958396726112,0.6930390610699491,0.9383943959346759,0.813877399008967,1.063568227122767,0.9487592094447643,0.5131228154875875,1.023344320548273,1.9211013325883566,1.1098760368487768,1.2719733789536918,0.7892786787075681,1.1083988101655966,1.3689933752464847,1.028749637531599,1.0605541558438998,1.0331461674799143,1.3519488198192877,1.1749417998707818,1.1947138289705543
381,1.0568847692338657,0.7242492716266662,0.8681453470556806,1.68561288347392,1.4440019602835106,1.0587113713865164,1.1560649279874022,0.39986643471999395,0.9072396973364464,1.080130484662854,0.946984881676658,1.3723501131767597,0.7446029344119163,1.123467579475773,0.9952382017715221,0.9964862318594342,0.7538739846194478,1.2242579675841916,1.0351708649958766,1.0237986164215707,0.7652223557480504,0.9081366576809564,0.7967256169180763,1.5146718613425536,1.038260215643271,1.6445281413269552,0.5957788307801957,1.2416007007990917,1.5700817683198176,0.5551702667481556,1.1825850777271698,1.1474958251203862,1.4080332028430442,0.9301802592894083,1.3015549489631908
382,0.8888160943177561,1.4100182055477806,1.0275662459791557,1.1712556362545383,1.6897328885105445,0.8549044243031627,1.1861053076864665,0.5747205416149004,1.4003343767265433,1.3482040519378133,1.03189643459816,1.2849627343189596,0.8474489840938699,1.3044323265476723,1.3560212345276423,0.9219359203603135,0.7377100307043392,1.228385545623084,1.0157943748734288,1.0848193056316748,1.0186581874184377,1.061253878567766,1.1876173801222663,1.71574101203695,1.034270447283826,1.4250428072973933,1.0628561921148503,1.3984931646274683,1.3453551370516954,0.7325520201765807,0.9810671010050764,1.0547007537518949,1.2383482159398338,1.0257219147220062,1.0642782154911026
383,1.223135317666201,1.0075309484983963,0.8520111646127001,1.1270084489144596,1.2601325647926314,0.9004883880733898,1.137015865521805,0.5099926938141148,1.1785824971597867,1.0559002572914384,1.256141476688339,1.1855571087795782,0.8267331383024221,1.0267683931960976,1.061304651595162,0.9176250071278678,0.7168034487527717,1.144750983540396,0.86908562531247,1.0326830056839054,0.7762612543032851,0.9556377538819887,0.9378959233331463,1.5169456695556942,1.1784699891990067,1.8107716405173768,0.8304121482814784,1.0861577424583295,1.453662126200622,0.6702505576030464,1.1751075582133248,0.9480599927719116,1.196324075563115,1.1567138892609645,1.3009090216606207
384,1.2415609552136888,1.1979750326944005,0.8110691261275397,1.3209001574846766,1.4858153085526755,0.9639260373982548,0.9038347176015451,0.6957129650936171,1.3120235030662228,1.2520713493344946,1.0068972156665348,1.237917868227764,0.907113375687312,1.7736126415058797,1.1470620126064857,1.114482955427603,0.6649172771693461,1.1221001936390227,0.9732595778120032,1.0859582859774624,0.7611771921645591,1.0396833204176428,0.8933511590421122,1.637124149618738,1.0752907175655921,1.4170739758210664,1.0794364706389898,1.3827213077199163,1.2181184487823975,0.7749518106383618,0.9889047363798097,0.9697205633383226,1.3153898145802065,1.1192083753505728,1.371843523846676
385,1.1212713392647593,0.8458814614203495,0.9536451298438451,1.4379562846742653,1.3029636789825672,0.7221761731905572,0.9066977299279542,0.5263743011968911,1.3229241432942116,1.147473207304836,1.193124098274642,1.4059660496846007,0.8239636754192433,1.484964125603291,1.1498108439114147,0.9704075755814436,0.8857533597431556,0.8442414262657097,0.7792328172397924,0.781076476052401,0.8044443702376792,0.9923767476093098,1.215492954897988,1.5641260470733758,1.0920892270437008,1.5747420063079791,1.0008150234211364,1.3767543607810273,1.1103525534463834,0.8588810209252751,0.8539608575939093,1.0780706471168124,0.9225374783567758,0.9812120991725481,1.0911579843763723
386,1.188155358464695,0.8565521626080856,0.7795117727109758,1.5117652813356788,1.4142665848026765,0.9144142912533887,1.0846717483006423,0.4803538618449381,1.3658733740828115,0.9555978154532652,1.1471159432737519,1.285275522538978,0.9091345246890006,1.0384026958650556,1.021203919283995,1.023064831714719,0.7355357911714446,0.8367481014151557,0.7015867150415208,0.9502779821949563,0.7911558145244469,1.0235545074324672,0.9310464755682542,1.338535875900798,1.186248922093895,1.2445786665963257,0.7562041806633619,1.437332012954257,1.4049560397812553,1.0158434747713545,1.2631479112189745,0.9179218837556102,1.2460506686104424,1.1630838443729523,1.2995399406802253
387,1.2392307687816786,1.275125765103245,0.8583603218627566,1.7212506324768189,1.3769724772533496,0.9786908282421878,0.9475329753846864,0.49512698471767047,1.2474629805936646,0.8665198864882072,1.280714362814865,1.4223129598859536,1.0183264904578002,1.1452358959453468,0.9638748381041176,0.8378451466360248,0.9100178462838465,1.0965058467079858,0.902065893836592,0.9097169426930104,0.7011656098345687,1.0003767084527506,0.830998288603193,1.6440985793898613,1.2909407148541274,1.5283216121098326,0.9231897933088798,1.28014569706861,1.1306733632826287,1.1076191538577804,1.159980513064904,1.030646903013673,1.2616310197810026,1.1746464758036708,1.3812539125049148
388,1.051078360822923,1.0632236966625814,1.0511001902060428,1.451807307319987,1.4553574543734018,0.9153426939114842,1.0107819542442418,0.6563241216500271,1.1180767404245022,1.2400487653165075,1.1443829119898976,1.4368180402908493,0.9168854381897071,0.7500361398677388,1.2097463805396542,0.9007947221510644,0.8513672047548104,0.9807215556293236,1.0396395329454409,0.7894675245638221,0.9587321489226895,0.8611121457162838,1.064041720899638,1.3750093729030048,1.1608667971028725,1.522322498193632,0.9881964331038038,1.3780571114272069,1.0651482646161474,0.8131221548547964,1.2056660612006285,0.9828397211783858,1.2539127924777678,0.9882581651589076,1.5938520848508584
389,1.0484177079947248,1.330222394799681,1.0519624197628759,1.7235891839879363,1.414755581181621,1.0800740601640892,1.3102546717517676,0.547439100741232,1.2764072056596285,1.153703140440102,1.1331553412938804,1.223806481346708,0.8324294317720768,1.1042703018752578,1.2977718017055166,0.9991855899386772,0.8766736293445812,1.0277494306803359,0.9666094788435975,0.9182658775073744,0.841139670379572,0.8452957191361627,0.7112709361313136,1.6751922747542656,1.145981726676791,1.300251563099352,0.8401885847033219,1.4216146463820987,1.095889518381922,1.009300581605408,1.1469158287462016,1.0936532672263741,1.1776588023266519,1.4100226096647233,1.4276141023277478
390,0.8134010772608367,0.8961798502322054,0.882559597159972,1.3508750576455868,1.7508464137875435,0.9540164729068541,1.0490804297951466,0.5604675967896496,1.1672538688304863,1.2604563495994474,1.2264788431161444,1.4745083897389586,1.291515354648991,1.4190163860352316,1.001774858515277,0.951934458572543,0.9372163304927357,1.1813845017687137,0.8744563937650334,0.8848847126135925,0.8044782808846287,0.9161949715445091,1.040301096519587,1.7688562151879605,1.1648541264562013,1.7432577033096024,0.8623193935551368,1.2469024471587145,1.3843951710774938,0.9247032732745014,1.1848314145332233,1.143161292967331,1.3209973649961675,1.3476017772585884,1.3280240119053004
391,1.2667693477783706,1.0922090822213941,0.9153275126174558,1.349110171459053,1.7380616658629744,0.656201551995515,1.1756547285122043,0.7244870306823439,1.6735210650699084,1.3567579751377195,1.1940075173036186,1.3946769354805597,0.8484387695754234,1.6422592556696696,1.5175478871711647,0.9185298169180759,0.8610764185096504,0.9334787377821326,0.9080134806359654,0.8029608812783602,0.9170332430554891,0.775900388224495,1.0612215916925103,1.6317947287610166,1.0712927536496757,1.543363958080162,1.0449418509989963,1.639791173705942,0.9229325233362298,0.9955706845108194,0.8061904671935033,1.0495026888298762,1.2628379006885972,1.0859909438760467,1.3030601833514632
392,1.0143832753984614,0.9859766751500326,1.1427726758188674,1.554421731843706,1.4471130258422464,0.8866628254251387,0.9000096519383984,0.5040147985180619,1.1822731157256592,1.0567115943410834,0.9920509119388692,1.5289919661346438,1.2325388962928718,1.4692767399636706,0.892182853184654,0.670361500569659,0.847632786929107,1.2436674245177382,1.0669934333569224,0.8048520936960452,0.8311531875147594,1.1344402103248719,0.9723760177217221,1.4013682526689868,0.7998026377012876,2.007461189800405,0.7629364892590251,1.347577249794679,1.2973986270129956,0.8811050283923194,1.0057397559842451,1.1238665167147555,1.2280585899576835,1.0498081813295996,1.3216789941327154
393,0.9517227717709678,0.9329739807514855,0.9191986053055649,1.2188393978260161,1.5914495892634246,1.0737360774369122,0.9888777649273891,0.6182731180083251,1.1180626567484802,1.0146635356881462,1.0246760078484813,1.1969407177437668,0.9684969048271628,1.6487963977614335,1.1839764559358548,0.6211543551397165,0.9519973469256096,1.09178502444291,0.8787625970372841,0.6822622283325981,0.7453541911932907,0.9132011922643148,1.1810764408856642,1.5017356021890524,1.120792459708185,1.1610525209168308,0.808922603702075,1.200975309067665,1.0879823930914112,0.8058434541586151,1.0385388927381094,0.8843881253987831,1.0676076250656241,1.0566896050588905,1.4341768583340309
394,1.0486439547045063,0.9339754384229573,0.9108676374327745,1.3672693313326554,1.7637144645017169,1.0661635965400778,1.2936473362917875,0.5779115986899885,1.2699634460872296,1.042233229984271,1.1667487124852758,1.2287636034334692,0.9963311200001675,1.4193063944532036,1.028400126763524,0.9121512939011801,0.7810233804626614,1.020201090425454,1.0212653294232172,0.9156642468401941,0.7641820715327673,0.885587502648265,1.0555224581137508,1.667285411529356,1.1268575866563255,1.18302040404245,0.8267141277832134,1.3071976999720807,1.114834916587943,0.8103347931708589,1.1497086045967366,1.3098894472504015,1.019228462310371,1.189113738425171,1.3367505060535665
395,1.2225567028334074,0.9188661972594976,0.7478950311772101,1.463118538639927,1.1530206567903134,0.905370044500227,0.9850388463555485,0.5979838732698458,1.2025170621212768,0.945528749352901,1.2760096140257315,1.172910820664177,0.8915239545841064,1.4057759977035316,0.9746387822572629,0.7015677815640793,0.8889157511312202,1.210233999589637,0.941418655196415,1.093320015729581,0.9724335668844168,1.0248053257756722,1.2561456018173225,1.4573996303617989,1.1395908774904737,1.4595363915777844,0.9834149015474125,1.205341263967208,1.4450425719382078,1.0766627606715136,1.053315484040585,0.7467246739103373,1.3993188340087523,1.4066224508235685,1.2643063918107313
396,0.9879876348532494,1.0075443884389879,0.8729328631318876,1.5678320897794795,1.402593550679372,1.0146677470666872,0.7107241914400548,0.6533474092207675,1.1429340595631032,1.0205161907870872,1.1901827276662835,1.2323492880314983,1.2589670113779974,1.2463354238732927,1.0800918145468332,0.5364478194966675,0.7589856184838673,1.1255327357350393,0.9076219714799201,0.9304138015676477,0.8049162006935162,1.0443720876321088,0.8605720636641687,1.5067820325790962,0.821238628912923,1.506728229982906,0.8898894991740947,1.159540562623771,1.3622619008026673,0.828964563438493,1.1516057254936394,1.0645680291370425,1.2749878896940434,1.143540836352238,1.4417579741288429
397,0.8919338119171025,1.2154355158632744,0.6705993392486278,1.6241262585734413,1.4209448141042516,1.0407412226561334,0.773082458183881,0.5556649927940984,1.300213400879283,1.0399823389001324,1.0818021871634307,0.9840348534854444,0.812992351904577,1.2929670761252454,1.0813288299276307,0.696663205064016,0.8300410858613506,0.9584267838283012,0.8329928451351865,1.0570040695926115,0.8629672257823113,0.9695810179506347,1.0123046063148222,1.287252301646896,0.971719424731996,1.4627447390689845,1.1162628840136621,1.1445717921294754,1.290961861386172,0.9940312675861553,1.287581834148574,1.0125880749506866,1.3054307929350761,1.1455475198595755,1.5337718518969272
398,1.1955575037625095,1.0746572359486952,0.9619949162869362,1.1695620923470726,1.2423605472540586,0.7311160556147858,0.8707371660697718,0.5798106953838928,1.0461636442525433,0.8983558325873637,1.5703704055528225,1.2685545346589588,0.8425807270348464,1.2329176732380946,1.2462042394032682,0.6207014926623255,0.9666556781833723,1.0545004204055235,0.8782355270122759,1.3936601708388543,0.8490895289487941,0.9143634971078828,1.157525531403376,1.4668094560360916,0.8783781462906592,1.8842861813101215,0.818212032722532,1.107781100202656,1.051004511712009,0.8427988929179222,1.142114442287803,1.2517739605833236,1.1840597879594472,1.5172741798409095,1.2248674645528648
399,1.033063273782689,0.9370507068498446,0.8356337611009879,1.252359391786705,1.3213102215971386,0.9735600935244791,0.755241371519615,0.4403460182228812,0.9436757298286212,1.229715024100852,1.1233878118229725,1.1514637403514725,0.9286196985572587,1.411675109389421,1.0666127645941257,0.5437510953716982,0.9525060656394797,1.034253146167524,1.036163856746012,0.8568660607242327,0.7425229490645762,1.324509096628156,0.9877650574111261,1.51582313555464,0.9922893515780682,1.7127952889928237,0.8678280015122796,1.193909121548641,1.125872738093665,0.8839034765288831,1.1291228080034397,1.1759208493528683,1.4897706620839892,1.1565059527442347,1.1301492990328965
