mode,prescreen,rule,eval_field,seed,ratio,value,reference,loss_selection,loss_timing,n_init,seconds,train_field,train_seconds,n_samples,q_vs_value_rho,listing_seed,peak_rss_mb,job_seconds,repro_check,repro_expected,repro_delta,config
main,0,value_based,main,0,0.90095671660696,6195.200067775668,6876.246054424286,91.22139069521744,589.8245959534006,75,4539.9,main,4538.0,167181.0,0.4851768229799748,7,1705.9,4608.4,,,,main
main,0,supervised,main,0,0.812814391470422,5589.111752327766,6876.246054424286,287.8226798661672,999.3116222303524,75,11.2,main,,33429.0,,7,1705.9,4608.4,,,,main
main,0,persistence,main,-1,0.7414789233137212,5098.591520874743,6876.246054424286,448.2634128475311,1329.391120702012,75,0.8,main,,,,7,1705.9,4608.4,,,,main
main,0,trajectory,main,-1,0.9123274133487764,6273.387776382639,6876.246054424286,56.0941980722273,546.76407996942,75,0.8,main,,,,7,1705.9,4608.4,,,,main
main,0,random,main,0,0.4383708387256772,3014.345750162103,6876.246054424286,2555.3740301693533,1306.5262740928297,75,0.9,main,,,,7,1705.9,4608.4,,,,main
main,0,reference,main,-1,1.0,6876.246054424286,6876.246054424286,0.0,0.0,75,0.0,main,,,,7,1705.9,4608.4,,,,main
main,0,value_based,main,0,0.9176472310856184,6309.968152105854,6876.246054424286,108.58299634118612,457.694905977246,75,2.2,main,,,,0,1705.9,4608.4,,,,main
main,0,supervised,main,0,0.8142684400446243,5599.110148099066,6876.246054424286,287.8226798661672,989.3132264590532,75,1.0,main,,,,0,1705.9,4608.4,,,,main
main,0,persistence,main,-1,0.725564860818849,4989.162511434516,6876.246054424286,448.2634128475311,1438.820130142239,75,0.9,main,,,,0,1705.9,4608.4,,,,main
main,0,trajectory,main,-1,0.9264339260676814,6370.387628807694,6876.246054424286,56.0941980722273,449.7642275443641,75,0.9,main,,,,0,1705.9,4608.4,,,,main
main,0,random,main,0,0.4342195074167336,2985.800174628371,6876.246054424286,2465.5617225657343,1424.8841572301803,75,0.9,main,,,,0,1705.9,4608.4,,,,main
main,0,reference,main,-1,1.0,6876.246054424286,6876.246054424286,0.0,0.0,75,0.0,main,,,,0,1705.9,4608.4,,,,main
main,0,value_based,main,0,0.8866294564480691,6096.682301637385,6876.246054424286,196.7146931043044,582.8490596825968,75,2.1,main,,,,1,1705.9,4608.4,,,,main
main,0,supervised,main,0,0.8099669562773555,5569.532087316214,6876.246054424286,287.0476135781737,1019.6663535298984,75,1.0,main,,,,1,1705.9,4608.4,,,,main
main,0,persistence,main,-1,0.7425870516966638,5106.211284295748,6876.246054424286,448.2634128475311,1321.771357281007,75,0.9,main,,,,1,1705.9,4608.4,,,,main
main,0,trajectory,main,-1,0.9366569651282076,6440.683760811864,6876.246054424286,49.54108048377475,386.0212131286471,75,0.9,main,,,,1,1705.9,4608.4,,,,main
main,0,random,main,0,0.4394571607967026,3021.815568016825,6876.246054424286,2152.9162364716785,1701.514249935782,75,0.9,main,,,,1,1705.9,4608.4,,,,main
main,0,reference,main,-1,1.0,6876.246054424286,6876.246054424286,0.0,0.0,75,0.0,main,,,,1,1705.9,4608.4,,,,main
main,0,value_based,main,0,0.8995757132230768,6185.703948706095,6876.246054424286,153.76133620914607,536.7807695090451,75,2.0,main,,,,2,1705.9,4608.4,,,,main
main,0,supervised,main,0,0.8373738035563025,5757.988312782282,6876.246054424286,260.3503316818633,857.9074099601403,75,0.9,main,,,,2,1705.9,4608.4,,,,main
main,0,persistence,main,-1,0.7385170326166844,5078.224831655608,6876.246054424286,461.2688437252582,1336.7523790434198,75,0.9,main,,,,2,1705.9,4608.4,,,,main
main,0,trajectory,main,-1,0.9261557803230548,6368.47503022865,6876.246054424286,56.0941980722273,451.6768261234083,75,0.9,main,,,,2,1705.9,4608.4,,,,main
main,0,random,main,0,0.4646568949817666,3195.0951407794128,6876.246054424286,2177.893430717286,1503.2574829275873,75,0.9,main,,,,2,1705.9,4608.4,,,,main
main,0,reference,main,-1,1.0,6876.246054424286,6876.246054424286,0.0,0.0,75,0.0,main,,,,2,1705.9,4608.4,,,,main
main,0,value_based,main,0,0.9005720481767192,6192.554992999963,6876.246054424286,151.31784502565188,532.3732163986706,75,1.9,main,,,,3,1705.9,4608.4,,,,main
main,0,supervised,main,0,0.8349759916655818,5741.500368229462,6876.246054424286,260.3503316818633,874.3953545129607,75,0.9,main,,,,3,1705.9,4608.4,,,,main
main,0,persistence,main,-1,0.7414789233137212,5098.591520874743,6876.246054424286,448.2634128475311,1329.391120702012,75,0.9,main,,,,3,1705.9,4608.4,,,,main
main,0,trajectory,main,-1,0.9262762720382128,6369.303560909598,6876.246054424286,56.0941980722273,450.8482954424608,75,0.7,main,,,,3,1705.9,4608.4,,,,main
main,0,random,main,0,0.4223953272267012,2904.4942022498594,6876.246054424286,2607.760831058694,1363.9910211157326,75,0.7,main,,,,3,1705.9,4608.4,,,,main
main,0,reference,main,-1,1.0,6876.246054424286,6876.246054424286,0.0,0.0,75,0.0,main,,,,3,1705.9,4608.4,,,,main
main,0,value_based,main,0,0.8869002035801185,6098.544025535885,6876.246054424286,103.92446866130194,673.7775602270985,75,1.7,main,,,,4,1705.9,4608.4,,,,main
main,0,supervised,main,0,0.8156689330998218,5608.740282944116,6876.246054424286,260.3503316818633,1007.1554397983064,75,0.9,main,,,,4,1705.9,4608.4,,,,main
main,0,persistence,main,-1,0.725564860818849,4989.162511434516,6876.246054424286,448.2634128475311,1438.820130142239,75,0.6,main,,,,4,1705.9,4608.4,,,,main
main,0,trajectory,main,-1,0.9274018521668717,6377.043326828226,6876.246054424286,56.0941980722273,443.1085295238327,75,0.7,main,,,,4,1705.9,4608.4,,,,main
main,0,random,main,0,0.4421667097307779,3040.4470931840297,6876.246054424286,2223.595477235933,1612.2034840043234,75,0.8,main,,,,4,1705.9,4608.4,,,,main
main,0,reference,main,-1,1.0,6876.246054424286,6876.246054424286,0.0,0.0,75,0.0,main,,,,4,1705.9,4608.4,,,,main
main,0,value_based,main,1,0.9150492226415856,6292.103606793214,6876.246054424286,94.26627031310728,489.8761773179649,75,4388.5,main,4387.0,167116.0,0.4847995689231369,7,1692.1,4445.6,,,,main
main,0,supervised,main,1,0.8251679879063075,5674.058121077974,6876.246054424286,266.9033861924818,935.2845471538304,75,7.3,main,,33339.0,,7,1692.1,4445.6,,,,main
main,0,persistence,main,-1,0.7414789233137212,5098.591520874743,6876.246054424286,448.2634128475311,1329.391120702012,75,0.6,main,,,,7,1692.1,4445.6,,,,main
main,0,trajectory,main,-1,0.9123274133487764,6273.387776382639,6876.246054424286,56.0941980722273,546.76407996942,75,0.6,main,,,,7,1692.1,4445.6,,,,main
main,0,random,main,1,0.4454737171707633,3063.1868900451814,6876.246054424286,2276.2140374015007,1536.8451269776035,75,0.6,main,,,,7,1692.1,4445.6,,,,main
main,0,reference,main,-1,1.0,6876.246054424286,6876.246054424286,0.0,0.0,75,0.0,main,,,,7,1692.1,4445.6,,,,main
main,0,value_based,main,1,0.910541298002246,6261.106007778311,6876.246054424286,153.7870068099419,461.3530398360326,75,1.5,main,,,,0,1692.1,4445.6,,,,main
main,0,supervised,main,1,0.8232402343091157,5660.802413011382,6876.246054424286,283.5479465821918,931.8956948307124,75,0.8,main,,,,0,1692.1,4445.6,,,,main
main,0,persistence,main,-1,0.725564860818849,4989.162511434516,6876.246054424286,448.2634128475311,1438.820130142239,75,0.7,main,,,,0,1692.1,4445.6,,,,main
main,0,trajectory,main,-1,0.9264339260676814,6370.387628807694,6876.246054424286,56.0941980722273,449.7642275443641,75,0.7,main,,,,0,1692.1,4445.6,,,,main
main,0,random,main,1,0.4153875983233384,2856.307334027636,6876.246054424286,2455.051833284103,1564.886887112547,75,0.7,main,,,,0,1692.1,4445.6,,,,main
main,0,reference,main,-1,1.0,6876.246054424286,6876.246054424286,0.0,0.0,75,0.0,main,,,,0,1692.1,4445.6,,,,main
main,0,value_based,main,1,0.9066882158774368,6234.61126702022,6876.246054424286,133.93232926349356,507.70245814057216,75,1.9,main,,,,1,1692.1,4445.6,,,,main
main,0,supervised,main,1,0.828454284450309,5696.655504722332,6876.246054424286,303.0086241814752,876.5819255204788,75,0.7,main,,,,1,1692.1,4445.6,,,,main
main,0,persistence,main,-1,0.7425870516966638,5106.211284295748,6876.246054424286,448.2634128475311,1321.771357281007,75,0.7,main,,,,1,1692.1,4445.6,,,,main
main,0,trajectory,main,-1,0.9366569651282076,6440.683760811864,6876.246054424286,49.54108048377475,386.0212131286471,75,0.7,main,,,,1,1692.1,4445.6,,,,main
main,0,random,main,1,0.4203388950234468,2890.3536684260403,6876.246054424286,2675.340723472692,1310.5516625255536,75,0.6,main,,,,1,1692.1,4445.6,,,,main
main,0,reference,main,-1,1.0,6876.246054424286,6876.246054424286,0.0,0.0,75,0.0,main,,,,1,1692.1,4445.6,,,,main
main,0,value_based,main,1,0.9123836318507929,6273.774348635314,6876.246054424286,133.32328317074916,469.14842261822287,75,1.8,main,,,,2,1692.1,4445.6,,,,main
main,0,supervised,main,1,0.8330764873691865,5728.438909306012,6876.246054424286,298.1097584347099,849.6973866835642,75,0.8,main,,,,2,1692.1,4445.6,,,,main
main,0,persistence,main,-1,0.7385170326166844,5078.224831655608,6876.246054424286,461.2688437252582,1336.7523790434198,75,0.8,main,,,,2,1692.1,4445.6,,,,main
main,0,trajectory,main,-1,0.9261557803230548,6368.47503022865,6876.246054424286,56.0941980722273,451.6768261234083,75,0.8,main,,,,2,1692.1,4445.6,,,,main
main,0,random,main,1,0.4500411586040957,3094.593741179948,6876.246054424286,2234.695517916224,1546.956795328114,75,0.8,main,,,,2,1692.1,4445.6,,,,main
main,0,reference,main,-1,1.0,6876.246054424286,6876.246054424286,0.0,0.0,75,0.0,main,,,,2,1692.1,4445.6,,,,main
main,0,value_based,main,1,0.9086477154345342,6248.085268118357,6876.246054424286,146.94649880953057,481.2142874963984,75,1.5,main,,,,3,1692.1,4445.6,,,,main
main,0,supervised,main,1,0.8293015681536694,5702.481635944542,6876.246054424286,275.51892450405467,898.245493975689,75,0.7,main,,,,3,1692.1,4445.6,,,,main
main,0,persistence,main,-1,0.7414789233137212,5098.591520874743,6876.246054424286,448.2634128475311,1329.391120702012,75,0.6,main,,,,3,1692.1,4445.6,,,,main
main,0,trajectory,main,-1,0.9262762720382128,6369.303560909598,6876.246054424286,56.0941980722273,450.8482954424608,75,0.6,main,,,,3,1692.1,4445.6,,,,main
main,0,random,main,1,0.450152453133128,3095.359029746085,6876.246054424286,2110.346274263965,1670.5407504142358,75,0.7,main,,,,3,1692.1,4445.6,,,,main
main,0,reference,main,-1,1.0,6876.246054424286,6876.246054424286,0.0,0.0,75,0.0,main,,,,3,1692.1,4445.6,,,,main
main,0,value_based,main,1,0.8995701909030002,6185.665975874456,6876.246054424286,142.4376775931778,548.1424009566517,75,2.0,main,,,,4,1692.1,4445.6,,,,main
main,0,supervised,main,1,0.8332888549374683,5729.899200959498,6876.246054424286,272.5723359449803,873.7745175198079,75,0.9,main,,,,4,1692.1,4445.6,,,,main
main,0,persistence,main,-1,0.725564860818849,4989.162511434516,6876.246054424286,448.2634128475311,1438.820130142239,75,0.8,main,,,,4,1692.1,4445.6,,,,main
main,0,trajectory,main,-1,0.9274018521668717,6377.043326828226,6876.246054424286,56.0941980722273,443.1085295238327,75,0.8,main,,,,4,1692.1,4445.6,,,,main
main,0,random,main,1,0.4194987414946918,2884.576566038828,6876.246054424286,2540.588309956724,1451.0811784287343,75,0.7,main,,,,4,1692.1,4445.6,,,,main
main,0,reference,main,-1,1.0,6876.246054424286,6876.246054424286,0.0,0.0,75,0.0,main,,,,4,1692.1,4445.6,,,,main
main,0,value_based,main,2,0.9153522110199896,6294.18702943475,6876.246054424286,40.72069517833188,541.338329811204,75,4449.9,main,4448.4,167293.0,0.4831684109377429,7,1710.5,4505.5,,,,main
main,0,supervised,main,2,0.811013481709065,5576.728253686861,6876.246054424286,284.3111083220274,1015.2066924153978,75,8.6,main,,33448.0,,7,1710.5,4505.5,,,,main
main,0,persistence,main,-1,0.7414789233137212,5098.591520874743,6876.246054424286,448.2634128475311,1329.391120702012,75,0.7,main,,,,7,1710.5,4505.5,,,,main
main,0,trajectory,main,-1,0.9123274133487764,6273.387776382639,6876.246054424286,56.0941980722273,546.76407996942,75,0.7,main,,,,7,1710.5,4505.5,,,,main
main,0,random,main,2,0.394323441505627,2711.4650088200738,6876.246054424286,2742.6172336679538,1422.1638119362583,75,0.7,main,,,,7,1710.5,4505.5,,,,main
main,0,reference,main,-1,1.0,6876.246054424286,6876.246054424286,0.0,0.0,75,0.0,main,,,,7,1710.5,4505.5,,,,main
main,0,value_based,main,2,0.9254804220454153,6363.831100536709,6876.246054424286,139.3527619102706,373.0621919773066,75,1.6,main,,,,0,1710.5,4505.5,,,,main
main,0,supervised,main,2,0.8318158305198142,5719.770322619533,6876.246054424286,284.3111083220274,872.1646234827258,75,0.7,main,,,,0,1710.5,4505.5,,,,main
main,0,persistence,main,-1,0.725564860818849,4989.162511434516,6876.246054424286,448.2634128475311,1438.820130142239,75,0.6,main,,,,0,1710.5,4505.5,,,,main
main,0,trajectory,main,-1,0.9264339260676814,6370.387628807694,6876.246054424286,56.0941980722273,449.7642275443641,75,0.7,main,,,,0,1710.5,4505.5,,,,main
main,0,random,main,2,0.4481708935100196,3081.733338206079,6876.246054424286,2339.348507658204,1455.1642085600029,75,0.7,main,,,,0,1710.5,4505.5,,,,main
main,0,reference,main,-1,1.0,6876.246054424286,6876.246054424286,0.0,0.0,75,0.0,main,,,,0,1710.5,4505.5,,,,main
main,0,value_based,main,2,0.8903329501813402,6122.148435808374,6876.246054424286,90.73640895224344,663.361209663668,75,1.4,main,,,,1,1710.5,4505.5,,,,main
main,0,supervised,main,2,0.813904744479992,5596.609287907751,6876.246054424286,251.09692253007236,1028.539843986462,75,0.7,main,,,,1,1710.5,4505.5,,,,main
main,0,persistence,main,-1,0.7425870516966638,5106.211284295748,6876.246054424286,448.2634128475311,1321.771357281007,75,0.6,main,,,,1,1710.5,4505.5,,,,main
main,0,trajectory,main,-1,0.9366569651282076,6440.683760811864,6876.246054424286,49.54108048377475,386.0212131286471,75,0.6,main,,,,1,1710.5,4505.5,,,,main
main,0,random,main,2,0.4621609793949319,3177.932611073264,6876.246054424286,2109.910270686587,1588.4031726644348,75,0.6,main,,,,1,1710.5,4505.5,,,,main
main,0,reference,main,-1,1.0,6876.246054424286,6876.246054424286,0.0,0.0,75,0.0,main,,,,1,1710.5,4505.5,,,,main
main,0,value_based,main,2,0.9068342577099348,6235.615486594715,6876.246054424286,195.7829076622484,444.8476601673228,75,1.4,main,,,,2,1710.5,4505.5,,,,main
main,0,supervised,main,2,0.8359318875811371,5748.07334374724,6876.246054424286,284.3111083220274,843.8616023550185,75,0.7,main,,,,2,1710.5,4505.5,,,,main
main,0,persistence,main,-1,0.7385170326166844,5078.224831655608,6876.246054424286,461.2688437252582,1336.7523790434198,75,0.6,main,,,,2,1710.5,4505.5,,,,main
main,0,trajectory,main,-1,0.9261557803230548,6368.47503022865,6876.246054424286,56.0941980722273,451.6768261234083,75,0.6,main,,,,2,1710.5,4505.5,,,,main
main,0,random,main,2,0.4423901121275156,3041.983263033147,6876.246054424286,2483.9469803495067,1350.315811041632,75,0.6,main,,,,2,1710.5,4505.5,,,,main
main,0,reference,main,-1,1.0,6876.246054424286,6876.246054424286,0.0,0.0,75,0.0,main,,,,2,1710.5,4505.5,,,,main
main,0,value_based,main,2,0.9178205590588948,6311.1599978982185,6876.246054424286,103.89459241736768,461.1914641086996,75,1.4,main,,,,3,1710.5,4505.5,,,,main
main,0,supervised,main,2,0.8351420081264777,5742.641938263667,6876.246054424286,251.82008304690956,881.7840331137095,75,0.6,main,,,,3,1710.5,4505.5,,,,main
main,0,persistence,main,-1,0.7414789233137212,5098.591520874743,6876.246054424286,448.2634128475311,1329.391120702012,75,0.6,main,,,,3,1710.5,4505.5,,,,main
main,0,trajectory,main,-1,0.9262762720382128,6369.303560909598,6876.246054424286,56.0941980722273,450.8482954424608,75,0.6,main,,,,3,1710.5,4505.5,,,,main
main,0,random,main,2,0.4069007880962393,2797.9499386888983,6876.246054424286,2663.243031461173,1415.0530842742146,75,0.6,main,,,,3,1710.5,4505.5,,,,main
main,0,reference,main,-1,1.0,6876.246054424286,6876.246054424286,0.0,0.0,75,0.0,main,,,,3,1710.5,4505.5,,,,main
main,0,value_based,main,2,0.8971618103587298,6169.105358659365,6876.246054424286,92.3872167134068,614.7534790515138,75,1.4,main,,,,4,1710.5,4505.5,,,,main
main,0,supervised,main,2,0.8010983244209122,5508.549192505204,6876.246054424286,284.3111083220274,1083.3857535970546,75,0.6,main,,,,4,1710.5,4505.5,,,,main
main,0,persistence,main,-1,0.725564860818849,4989.162511434516,6876.246054424286,448.2634128475311,1438.820130142239,75,0.6,main,,,,4,1710.5,4505.5,,,,main
main,0,trajectory,main,-1,0.9274018521668717,6377.043326828226,6876.246054424286,56.0941980722273,443.1085295238327,75,0.6,main,,,,4,1710.5,4505.5,,,,main
main,0,random,main,2,0.4353992048470189,2993.912064428785,6876.246054424286,2447.1638473966605,1435.1701425988404,75,0.6,main,,,,4,1710.5,4505.5,,,,main
main,0,reference,main,-1,1.0,6876.246054424286,6876.246054424286,0.0,0.0,75,0.0,main,,,,4,1710.5,4505.5,,,,main
main,0,value_based,main,3,0.9037817015694116,6214.625359477534,6876.246054424286,87.71421620096771,573.9064787457837,75,4394.3,main,4392.3,167117.0,0.4842910071838016,7,1697.3,4457.6,,,,main
main,0,supervised,main,3,0.8307855698240609,5712.685996575331,6876.246054424286,220.51635356164024,943.0437042873144,75,9.8,main,,33392.0,,7,1697.3,4457.6,,,,main
main,0,persistence,main,-1,0.7414789233137212,5098.591520874743,6876.246054424286,448.2634128475311,1329.391120702012,75,0.7,main,,,,7,1697.3,4457.6,,,,main
main,0,trajectory,main,-1,0.9123274133487764,6273.387776382639,6876.246054424286,56.0941980722273,546.76407996942,75,0.7,main,,,,7,1697.3,4457.6,,,,main
main,0,random,main,3,0.4262164634797079,2930.769275333014,6876.246054424286,2744.8699511220884,1200.6068279691835,75,0.7,main,,,,7,1697.3,4457.6,,,,main
main,0,reference,main,-1,1.0,6876.246054424286,6876.246054424286,0.0,0.0,75,0.0,main,,,,7,1697.3,4457.6,,,,main
main,0,value_based,main,3,0.9024952141152848,6205.779155197029,6876.246054424286,182.30254431954927,488.164354907708,75,1.6,main,,,,0,1697.3,4457.6,,,,main
main,0,supervised,main,3,0.8327356645952168,5726.095328051245,6876.246054424286,271.7455139038166,878.4052124692244,75,0.7,main,,,,0,1697.3,4457.6,,,,main
main,0,persistence,main,-1,0.725564860818849,4989.162511434516,6876.246054424286,448.2634128475311,1438.820130142239,75,0.6,main,,,,0,1697.3,4457.6,,,,main
main,0,trajectory,main,-1,0.9264339260676814,6370.387628807694,6876.246054424286,56.0941980722273,449.7642275443641,75,0.6,main,,,,0,1697.3,4457.6,,,,main
main,0,random,main,3,0.4334824581658406,2980.7320426250017,6876.246054424286,2427.338710523005,1468.1753012762792,75,0.8,main,,,,0,1697.3,4457.6,,,,main
main,0,reference,main,-1,1.0,6876.246054424286,6876.246054424286,0.0,0.0,75,0.0,main,,,,0,1697.3,4457.6,,,,main
main,0,value_based,main,3,0.8955410786750174,6157.960808813958,6876.246054424286,165.93578433693256,552.3494612733957,75,1.6,main,,,,1,1697.3,4457.6,,,,main
main,0,supervised,main,3,0.8349593515741015,5741.385946866076,6876.246054424286,246.8563534987643,888.0037540594458,75,0.7,main,,,,1,1697.3,4457.6,,,,main
main,0,persistence,main,-1,0.7425870516966638,5106.211284295748,6876.246054424286,448.2634128475311,1321.771357281007,75,0.7,main,,,,1,1697.3,4457.6,,,,main
main,0,trajectory,main,-1,0.9366569651282076,6440.683760811864,6876.246054424286,49.54108048377475,386.0212131286471,75,0.8,main,,,,1,1697.3,4457.6,,,,main
main,0,random,main,3,0.4489579283120273,3087.14518315808,6876.246054424286,2558.519551927064,1230.5813193391427,75,0.8,main,,,,1,1697.3,4457.6,,,,main
main,0,reference,main,-1,1.0,6876.246054424286,6876.246054424286,0.0,0.0,75,0.0,main,,,,1,1697.3,4457.6,,,,main
main,0,value_based,main,3,0.8929321128916494,6140.020918139945,6876.246054424286,217.8558256283013,518.3693106560395,75,1.8,main,,,,2,1697.3,4457.6,,,,main
main,0,supervised,main,3,0.8427986577318716,5795.290944902866,6876.246054424286,246.8563534987643,834.0987560226558,75,0.9,main,,,,2,1697.3,4457.6,,,,main
main,0,persistence,main,-1,0.7385170326166844,5078.224831655608,6876.246054424286,461.2688437252582,1336.7523790434198,75,0.7,main,,,,2,1697.3,4457.6,,,,main
main,0,trajectory,main,-1,0.9261557803230548,6368.47503022865,6876.246054424286,56.0941980722273,451.6768261234083,75,0.7,main,,,,2,1697.3,4457.6,,,,main
main,0,random,main,3,0.4433913150251828,3048.867780507909,6876.246054424286,2560.423235985708,1266.9550379306688,75,0.7,main,,,,2,1697.3,4457.6,,,,main
main,0,reference,main,-1,1.0,6876.246054424286,6876.246054424286,0.0,0.0,75,0.0,main,,,,2,1697.3,4457.6,,,,main
main,0,value_based,main,3,0.9057786034354122,6228.356548054693,6876.246054424286,144.6570770492135,503.2324293203792,75,1.7,main,,,,3,1697.3,4457.6,,,,main
main,0,supervised,main,3,0.8433882913894245,5799.34541101417,6876.246054424286,218.4529961808621,858.4476472292536,75,0.9,main,,,,3,1697.3,4457.6,,,,main
main,0,persistence,main,-1,0.7414789233137212,5098.591520874743,6876.246054424286,448.2634128475311,1329.391120702012,75,0.8,main,,,,3,1697.3,4457.6,,,,main
main,0,trajectory,main,-1,0.9262762720382128,6369.303560909598,6876.246054424286,56.0941980722273,450.8482954424608,75,0.8,main,,,,3,1697.3,4457.6,,,,main
main,0,random,main,3,0.4473473123463506,3076.070191478902,6876.246054424286,2135.269286449303,1664.906576496081,75,0.8,main,,,,3,1697.3,4457.6,,,,main
main,0,reference,main,-1,1.0,6876.246054424286,6876.246054424286,0.0,0.0,75,0.0,main,,,,3,1697.3,4457.6,,,,main
main,0,value_based,main,3,0.8907644394777865,6125.11546238059,6876.246054424286,130.0158511800555,621.1147408636407,75,1.9,main,,,,4,1697.3,4457.6,,,,main
main,0,supervised,main,3,0.8211819293985659,5646.649001991412,6876.246054424286,246.8563534987643,982.7406989341098,75,0.9,main,,,,4,1697.3,4457.6,,,,main
main,0,persistence,main,-1,0.725564860818849,4989.162511434516,6876.246054424286,448.2634128475311,1438.820130142239,75,0.9,main,,,,4,1697.3,4457.6,,,,main
main,0,trajectory,main,-1,0.9274018521668717,6377.043326828226,6876.246054424286,56.0941980722273,443.1085295238327,75,0.9,main,,,,4,1697.3,4457.6,,,,main
main,0,random,main,3,0.4200587427611869,2888.4272725380374,6876.246054424286,2415.9907783367034,1571.828003549545,75,0.8,main,,,,4,1697.3,4457.6,,,,main
main,0,reference,main,-1,1.0,6876.246054424286,6876.246054424286,0.0,0.0,75,0.0,main,,,,4,1697.3,4457.6,,,,main
main,0,value_based,main,4,0.910668843284676,6261.983040523381,6876.246054424286,100.83076642954438,513.4322474713608,75,4335.0,main,4333.5,167185.0,0.4839362407285,7,1691.3,4397.7,,,,main
main,0,supervised,main,4,0.8226106280520336,5656.473085470279,6876.246054424286,261.0990751949721,958.6738937590344,75,8.5,main,,33427.0,,7,1691.3,4397.7,,,,main
main,0,persistence,main,-1,0.7414789233137212,5098.591520874743,6876.246054424286,448.2634128475311,1329.391120702012,75,0.7,main,,,,7,1691.3,4397.7,,,,main
main,0,trajectory,main,-1,0.9123274133487764,6273.387776382639,6876.246054424286,56.0941980722273,546.76407996942,75,0.9,main,,,,7,1691.3,4397.7,,,,main
main,0,random,main,4,0.3691400966798509,2538.2981333246244,6876.246054424286,2829.553948256306,1508.3939728433556,75,1.0,main,,,,7,1691.3,4397.7,,,,main
main,0,reference,main,-1,1.0,6876.246054424286,6876.246054424286,0.0,0.0,75,0.0,main,,,,7,1691.3,4397.7,,,,main
main,0,value_based,main,4,0.9145109478612748,6288.402296958905,6876.246054424286,149.15123013333232,438.6925273320485,75,2.3,main,,,,0,1691.3,4397.7,,,,main
main,0,supervised,main,4,0.8201237036618788,5639.372381444827,6876.246054424286,242.80049576674355,994.0731772127156,75,1.0,main,,,,0,1691.3,4397.7,,,,main
main,0,persistence,main,-1,0.725564860818849,4989.162511434516,6876.246054424286,448.2634128475311,1438.820130142239,75,1.0,main,,,,0,1691.3,4397.7,,,,main
main,0,trajectory,main,-1,0.9264339260676814,6370.387628807694,6876.246054424286,56.0941980722273,449.7642275443641,75,0.7,main,,,,0,1691.3,4397.7,,,,main
main,0,random,main,4,0.4252549724703555,2924.1578265735907,6876.246054424286,2276.7732564879325,1675.314971362763,75,0.8,main,,,,0,1691.3,4397.7,,,,main
main,0,reference,main,-1,1.0,6876.246054424286,6876.246054424286,0.0,0.0,75,0.0,main,,,,0,1691.3,4397.7,,,,main
main,0,value_based,main,4,0.8963469286961991,6163.502031842566,6876.246054424286,146.0415649774186,566.7024576043013,75,2.1,main,,,,1,1691.3,4397.7,,,,main
main,0,supervised,main,4,0.8261960440308384,5681.127287948006,6876.246054424286,261.0990751949721,934.019691281308,75,1.0,main,,,,1,1691.3,4397.7,,,,main
main,0,persistence,main,-1,0.7425870516966638,5106.211284295748,6876.246054424286,448.2634128475311,1321.771357281007,75,0.8,main,,,,1,1691.3,4397.7,,,,main
main,0,trajectory,main,-1,0.9366569651282076,6440.683760811864,6876.246054424286,49.54108048377475,386.0212131286471,75,1.0,main,,,,1,1691.3,4397.7,,,,main
main,0,random,main,4,0.4555610324204949,3132.5497517308822,6876.246054424286,1995.012110815409,1748.6841918779946,75,0.9,main,,,,1,1691.3,4397.7,,,,main
main,0,reference,main,-1,1.0,6876.246054424286,6876.246054424286,0.0,0.0,75,0.0,main,,,,1,1691.3,4397.7,,,,main
main,0,value_based,main,4,0.89625859869241,6162.894653002523,6876.246054424286,191.09887522606093,522.2525261957016,75,2.2,main,,,,2,1691.3,4397.7,,,,main
main,0,supervised,main,4,0.8408983093800336,5782.223682046509,6876.246054424286,250.25087660051304,843.7714957772641,75,1.0,main,,,,2,1691.3,4397.7,,,,main
main,0,persistence,main,-1,0.7385170326166844,5078.224831655608,6876.246054424286,461.2688437252582,1336.7523790434198,75,0.9,main,,,,2,1691.3,4397.7,,,,main
main,0,trajectory,main,-1,0.9261557803230548,6368.47503022865,6876.246054424286,56.0941980722273,451.6768261234083,75,0.7,main,,,,2,1691.3,4397.7,,,,main
main,0,random,main,4,0.4381268567315382,3012.6680699375543,6876.246054424286,2328.8980612214755,1534.679923265256,75,0.7,main,,,,2,1691.3,4397.7,,,,main
main,0,reference,main,-1,1.0,6876.246054424286,6876.246054424286,0.0,0.0,75,0.0,main,,,,2,1691.3,4397.7,,,,main
main,0,value_based,main,4,0.9130577205931454,6278.409548690248,6876.246054424286,91.43632540204273,506.4001803319952,75,1.6,main,,,,3,1691.3,4397.7,,,,main
main,0,supervised,main,4,0.8403625193431093,5778.539457919108,6876.246054424286,232.2983845595272,865.4082119456507,75,0.8,main,,,,3,1691.3,4397.7,,,,main
main,0,persistence,main,-1,0.7414789233137212,5098.591520874743,6876.246054424286,448.2634128475311,1329.391120702012,75,0.7,main,,,,3,1691.3,4397.7,,,,main
main,0,trajectory,main,-1,0.9262762720382128,6369.303560909598,6876.246054424286,56.0941980722273,450.8482954424608,75,0.8,main,,,,3,1691.3,4397.7,,,,main
main,0,random,main,4,0.3896274974313845,2679.174541907766,6876.246054424286,2570.5140012419,1626.55751127462,75,0.7,main,,,,3,1691.3,4397.7,,,,main
main,0,reference,main,-1,1.0,6876.246054424286,6876.246054424286,0.0,0.0,75,0.0,main,,,,3,1691.3,4397.7,,,,main
main,0,value_based,main,4,0.9014117421108137,6198.328935101204,6876.246054424286,107.44679305659793,570.4703262664843,75,1.9,main,,,,4,1691.3,4397.7,,,,main
main,0,supervised,main,4,0.8208224114911965,5644.176868399368,6876.246054424286,261.0990751949721,970.970110829946,75,0.9,main,,,,4,1691.3,4397.7,,,,main
main,0,persistence,main,-1,0.725564860818849,4989.162511434516,6876.246054424286,448.2634128475311,1438.820130142239,75,0.7,main,,,,4,1691.3,4397.7,,,,main
main,0,trajectory,main,-1,0.9274018521668717,6377.043326828226,6876.246054424286,56.0941980722273,443.1085295238327,75,0.7,main,,,,4,1691.3,4397.7,,,,main
main,0,random,main,4,0.3793702089638806,2608.642902554001,6876.246054424286,2873.9195447503485,1393.6836071199368,75,0.7,main,,,,4,1691.3,4397.7,,,,main
main,0,reference,main,-1,1.0,6876.246054424286,6876.246054424286,0.0,0.0,75,0.0,main,,,,4,1691.3,4397.7,,,,main
main,10,value_based,main,0,0.9043640009853542,6218.629393538903,6876.246054424286,130.80511392343033,526.8115469619524,75,416.6,main,415.3,7500.0,0.8903821280616786,7,833.3,458.2,,,,main
main,10,supervised,main,0,0.8510769972497055,5852.214844349556,6876.246054424286,247.598207644548,776.4330024301817,75,7.4,main,,1650.0,,7,833.3,458.2,,,,main
main,10,persistence,main,-1,0.8024440523194222,5517.802748657662,6876.246054424286,231.98064497034284,1126.462660796281,75,0.6,main,,,,7,833.3,458.2,,,,main
main,10,trajectory,main,-1,0.9041318181381662,6217.0328471520215,6876.246054424286,125.06694948028871,534.1462577919756,75,0.6,main,,,,7,833.3,458.2,,,,main
main,10,random,main,0,0.8092195932650286,5564.393035351478,6876.246054424286,362.5945246298916,949.2584944429163,75,0.6,main,,,,7,833.3,458.2,,,,main
main,10,reference,main,-1,1.0,6876.246054424286,6876.246054424286,0.0,0.0,75,0.0,main,,,,7,833.3,458.2,,,,main
main,10,value_based,main,0,0.890864507043902,6125.803551587267,6876.246054424286,130.80511392343033,619.6373889135884,75,1.0,main,,,,0,833.3,458.2,,,,main
main,10,supervised,main,0,0.8524354933976399,5861.556198126741,6876.246054424286,224.70678542260248,789.9830708749423,75,0.7,main,,,,0,833.3,458.2,,,,main
main,10,persistence,main,-1,0.7853631122653487,5400.350002004981,6876.246054424286,268.36795782375793,1207.5280945955465,75,0.6,main,,,,0,833.3,458.2,,,,main
main,10,trajectory,main,-1,0.8947707187276097,6152.663624265108,6876.246054424286,125.06694948028871,598.5154806788887,75,0.6,main,,,,0,833.3,458.2,,,,main
main,10,random,main,0,0.8042933924096043,5530.519266156065,6876.246054424286,389.2505927048287,956.476195563392,75,0.6,main,,,,0,833.3,458.2,,,,main
main,10,reference,main,-1,1.0,6876.246054424286,6876.246054424286,0.0,0.0,75,0.0,main,,,,0,833.3,458.2,,,,main
main,10,value_based,main,0,0.8980979252721755,6175.542315139433,6876.246054424286,163.10976367903822,537.5939756058142,75,1.0,main,,,,1,833.3,458.2,,,,main
main,10,supervised,main,0,0.8500316847102717,5845.027018124634,6876.246054424286,236.89852289638657,794.3205134032651,75,0.6,main,,,,1,833.3,458.2,,,,main
main,10,persistence,main,-1,0.7994771185644108,5497.401382131027,6876.246054424286,260.5805998546766,1118.264072438582,75,0.5,main,,,,1,833.3,458.2,,,,main
main,10,trajectory,main,-1,0.9056799057703018,6227.677878624397,6876.246054424286,125.06694948028871,523.5012263196004,75,0.6,main,,,,1,833.3,458.2,,,,main
main,10,random,main,0,0.8068697972659539,5548.235259884139,6876.246054424286,473.3597907263111,854.6510038138358,75,0.6,main,,,,1,833.3,458.2,,,,main
main,10,reference,main,-1,1.0,6876.246054424286,6876.246054424286,0.0,0.0,75,0.0,main,,,,1,833.3,458.2,,,,main
main,10,value_based,main,0,0.904518669554708,6219.692932678666,6876.246054424286,139.7146578603324,516.8384638852876,75,1.1,main,,,,2,833.3,458.2,,,,main
main,10,supervised,main,0,0.8512270327757385,5853.2465255434645,6876.246054424286,238.7437870176691,784.2557418631523,75,0.6,main,,,,2,833.3,458.2,,,,main
main,10,persistence,main,-1,0.795837165990327,5472.372172605191,6876.246054424286,284.332098848432,1119.541782970663,75,0.6,main,,,,2,833.3,458.2,,,,main
main,10,trajectory,main,-1,0.9019483678632076,6202.018905813806,6876.246054424286,146.94908092518563,527.2780676852944,75,0.6,main,,,,2,833.3,458.2,,,,main
main,10,random,main,0,0.8294988675590496,5703.838315202328,6876.246054424286,346.3799574954892,826.0277817264687,75,0.6,main,,,,2,833.3,458.2,,,,main
main,10,reference,main,-1,1.0,6876.246054424286,6876.246054424286,0.0,0.0,75,0.0,main,,,,2,833.3,458.2,,,,main
main,10,value_based,main,0,0.896486105322729,6164.45904457161,6876.246054424286,130.80511392343033,580.9818959292452,75,1.1,main,,,,3,833.3,458.2,,,,main
main,10,supervised,main,0,0.8552501837210489,5880.910701357508,6876.246054424286,211.60580268759804,783.7295503791802,75,0.8,main,,,,3,833.3,458.2,,,,main
main,10,persistence,main,-1,0.7833176248238178,5386.28472705578,6876.246054424286,268.36795782375793,1221.5933695447477,75,0.7,main,,,,3,833.3,458.2,,,,main
main,10,trajectory,main,-1,0.8938096155923683,6146.05484262351,6876.246054424286,125.06694948028871,605.1242623204871,75,0.8,main,,,,3,833.3,458.2,,,,main
main,10,random,main,0,0.8130924598183448,5591.02381870803,6876.246054424286,338.63394476252324,946.5882909537322,75,0.7,main,,,,3,833.3,458.2,,,,main
main,10,reference,main,-1,1.0,6876.246054424286,6876.246054424286,0.0,0.0,75,0.0,main,,,,3,833.3,458.2,,,,main
main,10,value_based,main,0,0.8931551416317011,6141.554518633749,6876.246054424286,119.25216979285142,615.4393659976859,75,1.0,main,,,,4,833.3,458.2,,,,main
main,10,supervised,main,0,0.8393880389445226,5771.838690923212,6876.246054424286,239.9261203760425,864.4812431250311,75,0.6,main,,,,4,833.3,458.2,,,,main
main,10,persistence,main,-1,0.7793271698200218,5358.845376580571,6876.246054424286,295.88508304026163,1221.5155948034535,75,0.6,main,,,,4,833.3,458.2,,,,main
main,10,trajectory,main,-1,0.8937645484235949,6145.744949682048,6876.246054424286,125.06694948028871,605.434155261949,75,0.6,main,,,,4,833.3,458.2,,,,main
main,10,random,main,0,0.820679114096812,5643.191520256622,6876.246054424286,370.10158271369073,862.9529514539727,75,0.6,main,,,,4,833.3,458.2,,,,main
main,10,reference,main,-1,1.0,6876.246054424286,6876.246054424286,0.0,0.0,75,0.0,main,,,,4,833.3,458.2,,,,main
main,10,value_based,main,1,0.9052856570915156,6224.96692770243,6876.246054424286,126.21218108135416,525.0669456405012,75,551.8,main,550.4,7500.0,0.8894931389171322,7,836.4,603.8,,,,main
main,10,supervised,main,1,0.8543650932869028,5874.824601751902,6876.246054424286,291.0750753469456,710.346377325438,75,9.6,main,,1650.0,,7,836.4,603.8,,,,main
main,10,persistence,main,-1,0.8024440523194222,5517.802748657662,6876.246054424286,231.98064497034284,1126.462660796281,75,0.7,main,,,,7,836.4,603.8,,,,main
main,10,trajectory,main,-1,0.9041318181381662,6217.0328471520215,6876.246054424286,125.06694948028871,534.1462577919756,75,1.1,main,,,,7,836.4,603.8,,,,main
main,10,random,main,1,0.7876781839638746,5416.269004637679,6876.246054424286,388.8451547339128,1071.1318950526938,75,0.9,main,,,,7,836.4,603.8,,,,main
main,10,reference,main,-1,1.0,6876.246054424286,6876.246054424286,0.0,0.0,75,0.0,main,,,,7,836.4,603.8,,,,main
main,10,value_based,main,1,0.8875001436934541,6102.6693613731,6876.246054424286,148.46972658594768,625.1069664652377,75,1.4,main,,,,0,836.4,603.8,,,,main
main,10,supervised,main,1,0.8583630803432384,5902.315744473669,6876.246054424286,272.7896637284239,701.140646222193,75,0.9,main,,,,0,836.4,603.8,,,,main
main,10,persistence,main,-1,0.7853631122653487,5400.350002004981,6876.246054424286,268.36795782375793,1207.5280945955465,75,0.9,main,,,,0,836.4,603.8,,,,main
main,10,trajectory,main,-1,0.8947707187276097,6152.663624265108,6876.246054424286,125.06694948028871,598.5154806788887,75,0.8,main,,,,0,836.4,603.8,,,,main
main,10,random,main,1,0.7948199887175794,5465.377811396811,6876.246054424286,427.6862433046072,983.1819997228675,75,1.0,main,,,,0,836.4,603.8,,,,main
main,10,reference,main,-1,1.0,6876.246054424286,6876.246054424286,0.0,0.0,75,0.0,main,,,,0,836.4,603.8,,,,main
main,10,value_based,main,1,0.9005142064928525,6192.157259349494,6876.246054424286,128.62600056469728,555.4627945100947,75,1.6,main,,,,1,836.4,603.8,,,,main
main,10,supervised,main,1,0.8542801654282656,5874.240616899037,6876.246054424286,299.0384226143706,702.9670149108779,75,0.7,main,,,,1,836.4,603.8,,,,main
main,10,persistence,main,-1,0.7994771185644108,5497.401382131027,6876.246054424286,260.5805998546766,1118.264072438582,75,1.4,main,,,,1,836.4,603.8,,,,main
main,10,trajectory,main,-1,0.9056799057703018,6227.677878624397,6876.246054424286,125.06694948028871,523.5012263196004,75,0.9,main,,,,1,836.4,603.8,,,,main
main,10,random,main,1,0.7999953927931944,5500.96516325181,6876.246054424286,359.26161774204684,1016.0192734304292,75,0.8,main,,,,1,836.4,603.8,,,,main
main,10,reference,main,-1,1.0,6876.246054424286,6876.246054424286,0.0,0.0,75,0.0,main,,,,1,836.4,603.8,,,,main
main,10,value_based,main,1,0.904455889888257,6219.261244244934,6876.246054424286,135.75733406466588,521.2274761146864,75,1.4,main,,,,2,836.4,603.8,,,,main
main,10,supervised,main,1,0.8584446154152622,5902.87639969097,6876.246054424286,279.9586807406531,693.4109739926625,75,0.7,main,,,,2,836.4,603.8,,,,main
main,10,persistence,main,-1,0.795837165990327,5472.372172605191,6876.246054424286,284.332098848432,1119.541782970663,75,0.6,main,,,,2,836.4,603.8,,,,main
main,10,trajectory,main,-1,0.9019483678632076,6202.018905813806,6876.246054424286,146.94908092518563,527.2780676852944,75,0.6,main,,,,2,836.4,603.8,,,,main
main,10,random,main,1,0.7967756143468513,5478.825174414023,6876.246054424286,433.9392967554504,963.4815832548128,75,0.7,main,,,,2,836.4,603.8,,,,main
main,10,reference,main,-1,1.0,6876.246054424286,6876.246054424286,0.0,0.0,75,0.0,main,,,,2,836.4,603.8,,,,main
main,10,value_based,main,1,0.893070225831708,6140.970616699088,6876.246054424286,138.0143122604686,597.261125464729,75,1.8,main,,,,3,836.4,603.8,,,,main
main,10,supervised,main,1,0.8584278292607844,5902.760973962473,6876.246054424286,279.9586807406531,693.5263997211596,75,0.8,main,,,,3,836.4,603.8,,,,main
main,10,persistence,main,-1,0.7833176248238178,5386.28472705578,6876.246054424286,268.36795782375793,1221.5933695447477,75,0.8,main,,,,3,836.4,603.8,,,,main
main,10,trajectory,main,-1,0.8938096155923683,6146.05484262351,6876.246054424286,125.06694948028871,605.1242623204871,75,1.1,main,,,,3,836.4,603.8,,,,main
main,10,random,main,1,0.7972898281373413,5482.36103496201,6876.246054424286,414.4206790119679,979.4643404503076,75,0.8,main,,,,3,836.4,603.8,,,,main
main,10,reference,main,-1,1.0,6876.246054424286,6876.246054424286,0.0,0.0,75,0.0,main,,,,3,836.4,603.8,,,,main
main,10,value_based,main,1,0.8956338490189586,6158.5987205254505,6876.246054424286,119.08084758138556,598.5664863174497,75,1.3,main,,,,4,836.4,603.8,,,,main
main,10,supervised,main,1,0.8448440410444016,5809.355503835436,6876.246054424286,291.0750753469456,775.8154752419041,75,1.0,main,,,,4,836.4,603.8,,,,main
main,10,persistence,main,-1,0.7793271698200218,5358.845376580571,6876.246054424286,295.88508304026163,1221.5155948034535,75,1.2,main,,,,4,836.4,603.8,,,,main
main,10,trajectory,main,-1,0.8937645484235949,6145.744949682048,6876.246054424286,125.06694948028871,605.434155261949,75,0.9,main,,,,4,836.4,603.8,,,,main
main,10,random,main,1,0.7950597617955636,5467.026550078257,6876.246054424286,426.0375046231611,983.1819997228675,75,0.9,main,,,,4,836.4,603.8,,,,main
main,10,reference,main,-1,1.0,6876.246054424286,6876.246054424286,0.0,0.0,75,0.0,main,,,,4,836.4,603.8,,,,main
main,10,value_based,main,2,0.9032867945440428,6211.222256997035,6876.246054424286,150.12458042014714,514.8992170071033,75,518.1,main,516.8,7500.0,0.8883333365718356,7,834.2,566.0,,,,main
main,10,supervised,main,2,0.8521758948671384,5859.771134755645,6876.246054424286,232.00781897794516,784.4671006906956,75,8.6,main,,1650.0,,7,834.2,566.0,,,,main
main,10,persistence,main,-1,0.8024440523194222,5517.802748657662,6876.246054424286,231.98064497034284,1126.462660796281,75,0.6,main,,,,7,834.2,566.0,,,,main
main,10,trajectory,main,-1,0.9041318181381662,6217.0328471520215,6876.246054424286,125.06694948028871,534.1462577919756,75,0.6,main,,,,7,834.2,566.0,,,,main
main,10,random,main,2,0.8045552741332804,5532.320029325219,6876.246054424286,390.4817129991925,953.444312099874,75,0.6,main,,,,7,834.2,566.0,,,,main
main,10,reference,main,-1,1.0,6876.246054424286,6876.246054424286,0.0,0.0,75,0.0,main,,,,7,834.2,566.0,,,,main
main,10,value_based,main,2,0.8882845879313721,6108.063392969,6876.246054424286,116.42811480409635,651.7545466511892,75,1.1,main,,,,0,834.2,566.0,,,,main
main,10,supervised,main,2,0.8562729008492842,5887.943155975328,6876.246054424286,238.17800352166068,750.1248949272967,75,0.7,main,,,,0,834.2,566.0,,,,main
main,10,persistence,main,-1,0.7853631122653487,5400.350002004981,6876.246054424286,268.36795782375793,1207.5280945955465,75,0.8,main,,,,0,834.2,566.0,,,,main
main,10,trajectory,main,-1,0.8947707187276097,6152.663624265108,6876.246054424286,125.06694948028871,598.5154806788887,75,0.9,main,,,,0,834.2,566.0,,,,main
main,10,random,main,2,0.7884344287199523,5421.469129657838,6876.246054424286,471.4976951571425,983.2792296093056,75,1.1,main,,,,0,834.2,566.0,,,,main
main,10,reference,main,-1,1.0,6876.246054424286,6876.246054424286,0.0,0.0,75,0.0,main,,,,0,834.2,566.0,,,,main
main,10,value_based,main,2,0.9043873693484924,6218.790080153731,6876.246054424286,126.76636664711988,530.6896076234352,75,1.9,main,,,,1,834.2,566.0,,,,main
main,10,supervised,main,2,0.8577026188336064,5897.774248623963,6876.246054424286,197.22809077168316,781.2437150286396,75,1.1,main,,,,1,834.2,566.0,,,,main
main,10,persistence,main,-1,0.7994771185644108,5497.401382131027,6876.246054424286,260.5805998546766,1118.264072438582,75,0.8,main,,,,1,834.2,566.0,,,,main
main,10,trajectory,main,-1,0.9056799057703018,6227.677878624397,6876.246054424286,125.06694948028871,523.5012263196004,75,1.0,main,,,,1,834.2,566.0,,,,main
main,10,random,main,2,0.8049926394899503,5535.327461133362,6876.246054424286,438.2235851201776,902.6950081707464,75,0.7,main,,,,1,834.2,566.0,,,,main
main,10,reference,main,-1,1.0,6876.246054424286,6876.246054424286,0.0,0.0,75,0.0,main,,,,1,834.2,566.0,,,,main
main,10,value_based,main,2,0.9002216794404079,6190.145771359309,6876.246054424286,136.4619120991656,549.6383709658112,75,1.5,main,,,,2,834.2,566.0,,,,main
main,10,supervised,main,2,0.8627512940140177,5932.490181413336,6876.246054424286,245.94390174267028,697.8119712682792,75,1.1,main,,,,2,834.2,566.0,,,,main
main,10,persistence,main,-1,0.795837165990327,5472.372172605191,6876.246054424286,284.332098848432,1119.541782970663,75,0.9,main,,,,2,834.2,566.0,,,,main
main,10,trajectory,main,-1,0.9019483678632076,6202.018905813806,6876.246054424286,146.94908092518563,527.2780676852944,75,0.8,main,,,,2,834.2,566.0,,,,main
main,10,random,main,2,0.8015196944367549,5511.446636414094,6876.246054424286,466.4590469577197,898.3403710524717,75,0.7,main,,,,2,834.2,566.0,,,,main
main,10,reference,main,-1,1.0,6876.246054424286,6876.246054424286,0.0,0.0,75,0.0,main,,,,2,834.2,566.0,,,,main
main,10,value_based,main,2,0.893443456533288,6143.5370428382175,6876.246054424286,121.74250531798134,610.966506268087,75,1.0,main,,,,3,834.2,566.0,,,,main
main,10,supervised,main,2,0.8403251076515222,5778.282205922443,6876.246054424286,232.00781897794516,865.956029523898,75,0.6,main,,,,3,834.2,566.0,,,,main
main,10,persistence,main,-1,0.7833176248238178,5386.28472705578,6876.246054424286,268.36795782375793,1221.5933695447477,75,0.6,main,,,,3,834.2,566.0,,,,main
main,10,trajectory,main,-1,0.8938096155923683,6146.05484262351,6876.246054424286,125.06694948028871,605.1242623204871,75,0.6,main,,,,3,834.2,566.0,,,,main
main,10,random,main,2,0.800578743263582,5504.976424622159,6876.246054424286,409.7572550555906,961.512374746536,75,0.6,main,,,,3,834.2,566.0,,,,main
main,10,reference,main,-1,1.0,6876.246054424286,6876.246054424286,0.0,0.0,75,0.0,main,,,,3,834.2,566.0,,,,main
main,10,value_based,main,2,0.8975912357982825,6172.058193643758,6876.246054424286,133.3586887416741,570.8291720388534,75,1.4,main,,,,4,834.2,566.0,,,,main
main,10,supervised,main,2,0.8462296586007425,5818.883351090166,6876.246054424286,222.38900183517853,834.9737014989414,75,0.8,main,,,,4,834.2,566.0,,,,main
main,10,persistence,main,-1,0.7793271698200218,5358.845376580571,6876.246054424286,295.88508304026163,1221.5155948034535,75,0.8,main,,,,4,834.2,566.0,,,,main
main,10,trajectory,main,-1,0.8937645484235949,6145.744949682048,6876.246054424286,125.06694948028871,605.434155261949,75,0.8,main,,,,4,834.2,566.0,,,,main
main,10,random,main,2,0.784442475862948,5394.019479575414,6876.246054424286,417.00110833691633,1065.2254665119551,75,0.8,main,,,,4,834.2,566.0,,,,main
main,10,reference,main,-1,1.0,6876.246054424286,6876.246054424286,0.0,0.0,75,0.0,main,,,,4,834.2,566.0,,,,main
main,10,value_based,main,3,0.9018507628744148,6201.347749894726,6876.246054424286,156.37735514772976,518.5209493818302,75,506.0,main,504.7,7500.0,0.89000303503156,7,836.0,555.8,,,,main
main,10,supervised,main,3,0.8569155167731279,5892.361941186169,6876.246054424286,233.69881414258,750.1852990955367,75,8.7,main,,1650.0,,7,836.0,555.8,,,,main
main,10,persistence,main,-1,0.8024440523194222,5517.802748657662,6876.246054424286,231.98064497034284,1126.462660796281,75,0.8,main,,,,7,836.0,555.8,,,,main
main,10,trajectory,main,-1,0.9041318181381662,6217.0328471520215,6876.246054424286,125.06694948028871,534.1462577919756,75,0.8,main,,,,7,836.0,555.8,,,,main
main,10,random,main,3,0.8712856276784,5991.174359600185,6876.246054424286,272.4598239187708,612.6118709053299,75,0.8,main,,,,7,836.0,555.8,,,,main
main,10,reference,main,-1,1.0,6876.246054424286,6876.246054424286,0.0,0.0,75,0.0,main,,,,7,836.0,555.8,,,,main
main,10,value_based,main,3,0.8902992765862924,6121.916887883289,6876.246054424286,139.6103189043533,614.7188476366437,75,1.4,main,,,,0,836.0,555.8,,,,main
main,10,supervised,main,3,0.8600196767950309,5913.706909289081,6876.246054424286,198.919085936318,763.6200591988872,75,0.9,main,,,,0,836.0,555.8,,,,main
main,10,persistence,main,-1,0.7853631122653487,5400.350002004981,6876.246054424286,268.36795782375793,1207.5280945955465,75,0.8,main,,,,0,836.0,555.8,,,,main
main,10,trajectory,main,-1,0.8947707187276097,6152.663624265108,6876.246054424286,125.06694948028871,598.5154806788887,75,0.9,main,,,,0,836.0,555.8,,,,main
main,10,random,main,3,0.8690503880011575,5975.804301588854,6876.246054424286,316.7478315707176,583.6939212647139,75,0.8,main,,,,0,836.0,555.8,,,,main
main,10,reference,main,-1,1.0,6876.246054424286,6876.246054424286,0.0,0.0,75,0.0,main,,,,0,836.0,555.8,,,,main
main,10,value_based,main,3,0.9018511919463484,6201.350700298917,6876.246054424286,145.48741946115297,529.4079346642156,75,1.4,main,,,,1,836.0,555.8,,,,main
main,10,supervised,main,3,0.8603847977263563,5916.217570652495,6876.246054424286,225.92776346749088,734.1007203043,75,0.9,main,,,,1,836.0,555.8,,,,main
main,10,persistence,main,-1,0.7994771185644108,5497.401382131027,6876.246054424286,260.5805998546766,1118.264072438582,75,0.8,main,,,,1,836.0,555.8,,,,main
main,10,trajectory,main,-1,0.9056799057703018,6227.677878624397,6876.246054424286,125.06694948028871,523.5012263196004,75,0.8,main,,,,1,836.0,555.8,,,,main
main,10,random,main,3,0.8551554665349219,5880.259402680116,6876.246054424286,288.8936892233842,707.0929625207855,75,0.8,main,,,,1,836.0,555.8,,,,main
main,10,reference,main,-1,1.0,6876.246054424286,6876.246054424286,0.0,0.0,75,0.0,main,,,,1,836.0,555.8,,,,main
main,10,value_based,main,3,0.9142899765927456,6286.882844145539,6876.246054424286,139.84689361038545,449.5163166683615,75,1.4,main,,,,2,836.0,555.8,,,,main
main,10,supervised,main,3,0.8611895263579944,5921.751082730679,6876.246054424286,223.87209562664884,730.6228760669583,75,0.8,main,,,,2,836.0,555.8,,,,main
main,10,persistence,main,-1,0.795837165990327,5472.372172605191,6876.246054424286,284.332098848432,1119.541782970663,75,0.8,main,,,,2,836.0,555.8,,,,main
main,10,trajectory,main,-1,0.9019483678632076,6202.018905813806,6876.246054424286,146.94908092518563,527.2780676852944,75,0.8,main,,,,2,836.0,555.8,,,,main
main,10,random,main,3,0.8423197801583535,5791.99806487741,6876.246054424286,274.42105916590026,809.8269303809757,75,0.8,main,,,,2,836.0,555.8,,,,main
main,10,reference,main,-1,1.0,6876.246054424286,6876.246054424286,0.0,0.0,75,0.0,main,,,,2,836.0,555.8,,,,main
main,10,value_based,main,3,0.8944371055290107,6150.369617824538,6876.246054424286,138.31592273413844,587.5605138656092,75,1.6,main,,,,3,836.0,555.8,,,,main
main,10,supervised,main,3,0.8579040990801906,5899.159676374582,6876.246054424286,233.81017095385232,743.2762070958515,75,0.9,main,,,,3,836.0,555.8,,,,main
main,10,persistence,main,-1,0.7833176248238178,5386.28472705578,6876.246054424286,268.36795782375793,1221.5933695447477,75,1.0,main,,,,3,836.0,555.8,,,,main
main,10,trajectory,main,-1,0.8938096155923683,6146.05484262351,6876.246054424286,125.06694948028871,605.1242623204871,75,0.9,main,,,,3,836.0,555.8,,,,main
main,10,random,main,3,0.8661928079589852,5956.154878098665,6876.246054424286,333.1195487549985,586.9716275706223,75,0.9,main,,,,3,836.0,555.8,,,,main
main,10,reference,main,-1,1.0,6876.246054424286,6876.246054424286,0.0,0.0,75,0.0,main,,,,3,836.0,555.8,,,,main
main,10,value_based,main,3,0.8939121868310023,6146.760147698465,6876.246054424286,140.54757062638873,588.9383360994325,75,2.0,main,,,,4,836.0,555.8,,,,main
main,10,supervised,main,3,0.849628703299408,5842.256018788176,6876.246054424286,225.92776346749088,808.0622721686186,75,1.1,main,,,,4,836.0,555.8,,,,main
main,10,persistence,main,-1,0.7793271698200218,5358.845376580571,6876.246054424286,295.88508304026163,1221.5155948034535,75,0.8,main,,,,4,836.0,555.8,,,,main
main,10,trajectory,main,-1,0.8937645484235949,6145.744949682048,6876.246054424286,125.06694948028871,605.434155261949,75,1.1,main,,,,4,836.0,555.8,,,,main
main,10,random,main,3,0.8456581987745627,5814.953852715135,6876.246054424286,259.406727408852,801.8854743002985,75,0.9,main,,,,4,836.0,555.8,,,,main
main,10,reference,main,-1,1.0,6876.246054424286,6876.246054424286,0.0,0.0,75,0.0,main,,,,4,836.0,555.8,,,,main
main,10,value_based,main,4,0.9040059345677588,6216.167240747691,6876.246054424286,121.58917309603112,538.4896405805639,75,534.4,main,533.1,7500.0,0.8898875680277729,7,839.1,582.2,,,,main
main,10,supervised,main,4,0.8546238847441151,5876.604115488477,6876.246054424286,319.6099719632539,680.031966972555,75,8.5,main,,1650.0,,7,839.1,582.2,,,,main
main,10,persistence,main,-1,0.8024440523194222,5517.802748657662,6876.246054424286,231.98064497034284,1126.462660796281,75,1.1,main,,,,7,839.1,582.2,,,,main
main,10,trajectory,main,-1,0.9041318181381662,6217.0328471520215,6876.246054424286,125.06694948028871,534.1462577919756,75,0.8,main,,,,7,839.1,582.2,,,,main
main,10,random,main,4,0.7830326243631895,5384.324993762876,6876.246054424286,544.9875949020043,946.9334657594054,75,0.8,main,,,,7,839.1,582.2,,,,main
main,10,reference,main,-1,1.0,6876.246054424286,6876.246054424286,0.0,0.0,75,0.0,main,,,,7,839.1,582.2,,,,main
main,10,value_based,main,4,0.9030146069579792,6209.350628182301,6876.246054424286,151.15167043359543,515.7437558083893,75,1.4,main,,,,0,839.1,582.2,,,,main
main,10,supervised,main,4,0.8672640518873526,5963.521014934428,6876.246054424286,249.95504085265384,662.7699986372045,75,0.9,main,,,,0,839.1,582.2,,,,main
main,10,persistence,main,-1,0.7853631122653487,5400.350002004981,6876.246054424286,268.36795782375793,1207.5280945955465,75,0.8,main,,,,0,839.1,582.2,,,,main
main,10,trajectory,main,-1,0.8947707187276097,6152.663624265108,6876.246054424286,125.06694948028871,598.5154806788887,75,0.8,main,,,,0,839.1,582.2,,,,main
main,10,random,main,4,0.7741918134476278,5323.533402586833,6876.246054424286,609.2061807656983,943.5064710717544,75,0.8,main,,,,0,839.1,582.2,,,,main
main,10,reference,main,-1,1.0,6876.246054424286,6876.246054424286,0.0,0.0,75,0.0,main,,,,0,839.1,582.2,,,,main
main,10,value_based,main,4,0.8966506135308083,6165.590243488336,6876.246054424286,155.18207699768482,555.4737339382655,75,1.4,main,,,,1,839.1,582.2,,,,main
main,10,supervised,main,4,0.858651654235042,5904.300049558594,6876.246054424286,284.22720825896886,687.7187966067231,75,1.0,main,,,,1,839.1,582.2,,,,main
main,10,persistence,main,-1,0.7994771185644108,5497.401382131027,6876.246054424286,260.5805998546766,1118.264072438582,75,0.9,main,,,,1,839.1,582.2,,,,main
main,10,trajectory,main,-1,0.9056799057703018,6227.677878624397,6876.246054424286,125.06694948028871,523.5012263196004,75,0.9,main,,,,1,839.1,582.2,,,,main
main,10,random,main,4,0.7737420300255121,5320.440581105165,6876.246054424286,491.7277381975582,1064.077735121563,75,0.8,main,,,,1,839.1,582.2,,,,main
main,10,reference,main,-1,1.0,6876.246054424286,6876.246054424286,0.0,0.0,75,0.0,main,,,,1,839.1,582.2,,,,main
main,10,value_based,main,4,0.9011921168292824,6196.818737625623,6876.246054424286,130.66714640144437,548.7601703972186,75,1.4,main,,,,2,839.1,582.2,,,,main
main,10,supervised,main,4,0.8626919751484372,5932.082290297935,6876.246054424286,284.22720825896886,659.9365558673817,75,0.7,main,,,,2,839.1,582.2,,,,main
main,10,persistence,main,-1,0.795837165990327,5472.372172605191,6876.246054424286,284.332098848432,1119.541782970663,75,0.7,main,,,,2,839.1,582.2,,,,main
main,10,trajectory,main,-1,0.9019483678632076,6202.018905813806,6876.246054424286,146.94908092518563,527.2780676852944,75,0.7,main,,,,2,839.1,582.2,,,,main
main,10,random,main,4,0.7792450313956123,5358.280572563808,6876.246054424286,440.2685522412976,1077.69692961918,75,0.7,main,,,,2,839.1,582.2,,,,main
main,10,reference,main,-1,1.0,6876.246054424286,6876.246054424286,0.0,0.0,75,0.0,main,,,,2,839.1,582.2,,,,main
main,10,value_based,main,4,0.903793378612652,6214.705653700043,6876.246054424286,151.15167043359543,510.3887302906478,75,1.2,main,,,,3,839.1,582.2,,,,main
main,10,supervised,main,4,0.847226886441447,5825.740535095172,6876.246054424286,280.20849894980074,770.2970203793129,75,0.8,main,,,,3,839.1,582.2,,,,main
main,10,persistence,main,-1,0.7833176248238178,5386.28472705578,6876.246054424286,268.36795782375793,1221.5933695447477,75,0.7,main,,,,3,839.1,582.2,,,,main
main,10,trajectory,main,-1,0.8938096155923683,6146.05484262351,6876.246054424286,125.06694948028871,605.1242623204871,75,0.7,main,,,,3,839.1,582.2,,,,main
main,10,random,main,4,0.7862724356666086,5406.602733455091,6876.246054424286,499.5406158934538,970.1027050757413,75,0.9,main,,,,3,839.1,582.2,,,,main
main,10,reference,main,-1,1.0,6876.246054424286,6876.246054424286,0.0,0.0,75,0.0,main,,,,3,839.1,582.2,,,,main
main,10,value_based,main,4,0.9011970810847104,6196.852873067423,6876.246054424286,127.288143951243,552.1050374056194,75,1.2,main,,,,4,839.1,582.2,,,,main
main,10,supervised,main,4,0.8507001037139581,5849.623231661435,6876.246054424286,284.22720825896886,742.3956145038819,75,0.7,main,,,,4,839.1,582.2,,,,main
main,10,persistence,main,-1,0.7793271698200218,5358.845376580571,6876.246054424286,295.88508304026163,1221.5155948034535,75,0.6,main,,,,4,839.1,582.2,,,,main
main,10,trajectory,main,-1,0.8937645484235949,6145.744949682048,6876.246054424286,125.06694948028871,605.434155261949,75,0.6,main,,,,4,839.1,582.2,,,,main
main,10,random,main,4,0.7944753748638617,5463.008161744884,6876.246054424286,519.9959515612973,893.2419411181045,75,1.0,main,,,,4,839.1,582.2,,,,main
main,10,reference,main,-1,1.0,6876.246054424286,6876.246054424286,0.0,0.0,75,0.0,main,,,,4,839.1,582.2,,,,main
main,20,value_based,main,0,0.9091809875451884,6251.752178365176,6876.246054424286,125.97311082605664,498.5207652330528,75,544.9,main,543.6,15000.0,0.8815005735987042,7,870.4,589.0,PASS_TOL,0.9095038725980372,-0.0003228850528489,main
main,20,supervised,main,0,0.8634282873607922,5937.145354242966,6876.246054424286,260.33013121649856,678.770568964821,75,8.5,main,,3150.0,,7,870.4,589.0,,,,main
main,20,persistence,main,-1,0.7745224826431258,5325.8071653376965,6876.246054424286,342.4076720434223,1208.031217043167,75,0.6,main,,,,7,870.4,589.0,,,,main
main,20,trajectory,main,-1,0.8935554552319573,6144.307173448044,6876.246054424286,124.31574724035272,607.6231337358895,75,0.6,main,,,,7,870.4,589.0,,,,main
main,20,random,main,0,0.716462127152919,4926.56987497969,6876.246054424286,388.2343005622979,1561.4418788822975,75,0.6,main,,,,7,870.4,589.0,,,,main
main,20,reference,main,-1,1.0,6876.246054424286,6876.246054424286,0.0,0.0,75,0.0,main,,,,7,870.4,589.0,,,,main
main,20,value_based,main,0,0.90384677924628,6215.072849596332,6876.246054424286,138.39380667519708,522.7793981527566,75,1.1,main,,,,0,870.4,589.0,,,,main
main,20,supervised,main,0,0.8724192865423227,5998.969676890297,6876.246054424286,221.0495727750504,656.2268047589387,75,0.7,main,,,,0,870.4,589.0,,,,main
main,20,persistence,main,-1,0.7743787944391675,5324.81912989216,6876.246054424286,314.6409267345125,1236.7859977976132,75,0.6,main,,,,0,870.4,589.0,,,,main
main,20,trajectory,main,-1,0.8935554552319573,6144.307173448044,6876.246054424286,124.31574724035272,607.6231337358895,75,0.6,main,,,,0,870.4,589.0,,,,main
main,20,random,main,0,0.7323347381180412,5035.713853502023,6876.246054424286,593.0163983597895,1247.5158025624733,75,0.6,main,,,,0,870.4,589.0,,,,main
main,20,reference,main,-1,1.0,6876.246054424286,6876.246054424286,0.0,0.0,75,0.0,main,,,,0,870.4,589.0,,,,main
main,20,value_based,main,0,0.9106285645094712,6261.706073754303,6876.246054424286,132.4448326773154,482.0951479926671,75,1.1,main,,,,1,870.4,589.0,,,,main
main,20,supervised,main,0,0.8671193067704919,5962.525711895717,6876.246054424286,234.6424176590599,679.0779248695089,75,0.6,main,,,,1,870.4,589.0,,,,main
main,20,persistence,main,-1,0.7742016923432136,5323.601332303627,6876.246054424286,319.4519695423778,1233.1927525782812,75,0.6,main,,,,1,870.4,589.0,,,,main
main,20,trajectory,main,-1,0.9132027087146524,6279.406522688699,6876.246054424286,128.82661259639465,468.0129191391925,75,0.6,main,,,,1,870.4,589.0,,,,main
main,20,random,main,0,0.7224878424811019,4968.004176230192,6876.246054424286,509.68284639935337,1398.5590317947408,75,0.6,main,,,,1,870.4,589.0,,,,main
main,20,reference,main,-1,1.0,6876.246054424286,6876.246054424286,0.0,0.0,75,0.0,main,,,,1,870.4,589.0,,,,main
main,20,value_based,main,0,0.8984863619150247,6178.21330107222,6876.246054424286,106.4403679488405,591.5923854032253,75,1.1,main,,,,2,870.4,589.0,,,,main
main,20,supervised,main,0,0.8693432895106699,5977.818364437973,6876.246054424286,234.6424176590599,663.7852723272526,75,0.6,main,,,,2,870.4,589.0,,,,main
main,20,persistence,main,-1,0.7700174828914494,5294.8296785700495,6876.246054424286,333.8843348216724,1247.532041032564,75,0.6,main,,,,2,870.4,589.0,,,,main
main,20,trajectory,main,-1,0.9135342766385444,6281.686465317134,6876.246054424286,109.6137777333588,484.9458113737928,75,0.6,main,,,,2,870.4,589.0,,,,main
main,20,random,main,0,0.7447153892836292,5120.846257230602,6876.246054424286,509.7482045590723,1245.651592634612,75,0.6,main,,,,2,870.4,589.0,,,,main
main,20,reference,main,-1,1.0,6876.246054424286,6876.246054424286,0.0,0.0,75,0.0,main,,,,2,870.4,589.0,,,,main
main,20,value_based,main,0,0.8959754622732494,6160.947737317407,6876.246054424286,124.48196056293092,590.8163565439481,75,1.1,main,,,,3,870.4,589.0,,,,main
main,20,supervised,main,0,0.8672210413965019,5963.225264216417,6876.246054424286,221.0495727750504,691.9712174328188,75,0.7,main,,,,3,870.4,589.0,,,,main
main,20,persistence,main,-1,0.7720571641268139,5308.855028617008,6876.246054424286,336.7295552939122,1230.661470513366,75,0.6,main,,,,3,870.4,589.0,,,,main
main,20,trajectory,main,-1,0.8952712310697752,6156.105270283115,6876.246054424286,125.57615010645532,594.5646340347157,75,0.6,main,,,,3,870.4,589.0,,,,main
main,20,random,main,0,0.7277790106965129,5004.387550794707,6876.246054424286,556.8204777136707,1315.0380259159083,75,0.6,main,,,,3,870.4,589.0,,,,main
main,20,reference,main,-1,1.0,6876.246054424286,6876.246054424286,0.0,0.0,75,0.0,main,,,,3,870.4,589.0,,,,main
main,20,value_based,main,0,0.8870264013657183,6099.411792561194,6876.246054424286,117.97150091081404,658.8627609522782,75,1.1,main,,,,4,870.4,589.0,,,,main
main,20,supervised,main,0,0.8583426587017111,5902.175320241692,6876.246054424286,234.6424176590599,739.4283165235338,75,0.7,main,,,,4,870.4,589.0,,,,main
main,20,persistence,main,-1,0.7569481811913925,5204.961944320952,6876.246054424286,336.7295552939122,1334.5545548094217,75,0.6,main,,,,4,870.4,589.0,,,,main
main,20,trajectory,main,-1,0.8998097895123728,6187.313514866801,6876.246054424286,122.15909928957352,566.7734402679116,75,0.6,main,,,,4,870.4,589.0,,,,main
main,20,random,main,0,0.7312392840744418,5028.1812419569205,6876.246054424286,503.7099435561668,1344.3548689111983,75,0.6,main,,,,4,870.4,589.0,,,,main
main,20,reference,main,-1,1.0,6876.246054424286,6876.246054424286,0.0,0.0,75,0.0,main,,,,4,870.4,589.0,,,,main
main,20,value_based,main,1,0.9086215573612868,6247.905398770399,6876.246054424286,118.1131507600312,510.2275048938554,75,687.1,main,683.9,15000.0,0.882417289726671,7,871.4,738.9,,,,main
main,20,supervised,main,1,0.8189428951266277,5631.252851413276,6876.246054424286,296.11098247132304,948.8822205396872,75,12.7,main,,3150.0,,7,871.4,738.9,,,,main
main,20,persistence,main,-1,0.7745224826431258,5325.8071653376965,6876.246054424286,342.4076720434223,1208.031217043167,75,0.8,main,,,,7,871.4,738.9,,,,main
main,20,trajectory,main,-1,0.8935554552319573,6144.307173448044,6876.246054424286,124.31574724035272,607.6231337358895,75,0.8,main,,,,7,871.4,738.9,,,,main
main,20,random,main,1,0.7285319340120817,5009.564836772671,6876.246054424286,653.4936028203247,1213.1876148312904,75,0.7,main,,,,7,871.4,738.9,,,,main
main,20,reference,main,-1,1.0,6876.246054424286,6876.246054424286,0.0,0.0,75,0.0,main,,,,7,871.4,738.9,,,,main
main,20,value_based,main,1,0.9123790383926066,6273.742762886585,6876.246054424286,118.21138456138306,484.2919069763175,75,1.1,main,,,,0,871.4,738.9,,,,main
main,20,supervised,main,1,0.8536466046732025,5869.884097256797,6876.246054424286,268.0032057301196,738.3587514373694,75,0.7,main,,,,0,871.4,738.9,,,,main
main,20,persistence,main,-1,0.7743787944391675,5324.81912989216,6876.246054424286,314.6409267345125,1236.7859977976132,75,0.6,main,,,,0,871.4,738.9,,,,main
main,20,trajectory,main,-1,0.8935554552319573,6144.307173448044,6876.246054424286,124.31574724035272,607.6231337358895,75,0.6,main,,,,0,871.4,738.9,,,,main
main,20,random,main,1,0.7296159877057764,5017.019056706723,6876.246054424286,614.6741800323207,1244.5528176852422,75,0.6,main,,,,0,871.4,738.9,,,,main
main,20,reference,main,-1,1.0,6876.246054424286,6876.246054424286,0.0,0.0,75,0.0,main,,,,0,871.4,738.9,,,,main
main,20,value_based,main,1,0.9049271613354936,6222.501822674557,6876.246054424286,140.90778490973662,512.8364468399923,75,1.5,main,,,,1,871.4,738.9,,,,main
main,20,supervised,main,1,0.820719609644696,5643.4699776079815,6876.246054424286,280.75785607074704,952.0182207455572,75,0.8,main,,,,1,871.4,738.9,,,,main
main,20,persistence,main,-1,0.7742016923432136,5323.601332303627,6876.246054424286,319.4519695423778,1233.1927525782812,75,0.7,main,,,,1,871.4,738.9,,,,main
main,20,trajectory,main,-1,0.9132027087146524,6279.406522688699,6876.246054424286,128.82661259639465,468.0129191391925,75,0.7,main,,,,1,871.4,738.9,,,,main
main,20,random,main,1,0.7309184926288779,5025.975401045068,6876.246054424286,623.0138343574818,1227.2568190217362,75,0.8,main,,,,1,871.4,738.9,,,,main
main,20,reference,main,-1,1.0,6876.246054424286,6876.246054424286,0.0,0.0,75,0.0,main,,,,1,871.4,738.9,,,,main
main,20,value_based,main,1,0.907696895373766,6241.547195427032,6876.246054424286,119.59268425204664,515.1061747452068,75,1.4,main,,,,2,871.4,738.9,,,,main
main,20,supervised,main,1,0.8515014642539875,5855.133583912984,6876.246054424286,284.1961840147469,736.9162864965547,75,0.9,main,,,,2,871.4,738.9,,,,main
main,20,persistence,main,-1,0.7700174828914494,5294.8296785700495,6876.246054424286,333.8843348216724,1247.532041032564,75,0.7,main,,,,2,871.4,738.9,,,,main
main,20,trajectory,main,-1,0.9135342766385444,6281.686465317134,6876.246054424286,109.6137777333588,484.9458113737928,75,0.9,main,,,,2,871.4,738.9,,,,main
main,20,random,main,1,0.723494399480951,4974.925509828957,6876.246054424286,627.6733274938433,1273.6472171014857,75,0.7,main,,,,2,871.4,738.9,,,,main
main,20,reference,main,-1,1.0,6876.246054424286,6876.246054424286,0.0,0.0,75,0.0,main,,,,2,871.4,738.9,,,,main
main,20,value_based,main,1,0.9020797899847756,6202.922596658702,6876.246054424286,131.97088867346883,541.3525690921151,75,1.4,main,,,,3,871.4,738.9,,,,main
main,20,supervised,main,1,0.8451762089387828,5811.639572008581,6876.246054424286,300.8770392092192,763.7294432064855,75,0.9,main,,,,3,871.4,738.9,,,,main
main,20,persistence,main,-1,0.7720571641268139,5308.855028617008,6876.246054424286,336.7295552939122,1230.661470513366,75,1.0,main,,,,3,871.4,738.9,,,,main
main,20,trajectory,main,-1,0.8952712310697752,6156.105270283115,6876.246054424286,125.57615010645532,594.5646340347157,75,0.7,main,,,,3,871.4,738.9,,,,main
main,20,random,main,1,0.7352069689651014,5055.464019531517,6876.246054424286,581.4896430721801,1239.2923918205888,75,0.7,main,,,,3,871.4,738.9,,,,main
main,20,reference,main,-1,1.0,6876.246054424286,6876.246054424286,0.0,0.0,75,0.0,main,,,,3,871.4,738.9,,,,main
main,20,value_based,main,1,0.8970803543564929,6168.545247145375,6876.246054424286,121.0979150498406,586.6028922290707,75,1.2,main,,,,4,871.4,738.9,,,,main
main,20,supervised,main,1,0.8254733034305394,5676.157545746828,6876.246054424286,251.70741918779183,948.381089489666,75,0.7,main,,,,4,871.4,738.9,,,,main
main,20,persistence,main,-1,0.7569481811913925,5204.961944320952,6876.246054424286,336.7295552939122,1334.5545548094217,75,0.6,main,,,,4,871.4,738.9,,,,main
main,20,trajectory,main,-1,0.8998097895123728,6187.313514866801,6876.246054424286,122.15909928957352,566.7734402679116,75,0.6,main,,,,4,871.4,738.9,,,,main
main,20,random,main,1,0.7216258235999264,4962.07672229967,6876.246054424286,599.6855373521375,1314.4837947724782,75,0.6,main,,,,4,871.4,738.9,,,,main
main,20,reference,main,-1,1.0,6876.246054424286,6876.246054424286,0.0,0.0,75,0.0,main,,,,4,871.4,738.9,,,,main
main,20,value_based,main,2,0.9043944780582462,6218.838961391127,6876.246054424286,118.88111936505813,538.525973668101,75,662.6,main,661.1,15000.0,0.8823417518419014,7,876.1,717.0,,,,main
main,20,supervised,main,2,0.8556447795641262,5883.624039466561,6876.246054424286,205.78437527813455,786.8376396795902,75,10.6,main,,3150.0,,7,876.1,717.0,,,,main
main,20,persistence,main,-1,0.7745224826431258,5325.8071653376965,6876.246054424286,342.4076720434223,1208.031217043167,75,0.8,main,,,,7,876.1,717.0,,,,main
main,20,trajectory,main,-1,0.8935554552319573,6144.307173448044,6876.246054424286,124.31574724035272,607.6231337358895,75,1.0,main,,,,7,876.1,717.0,,,,main
main,20,random,main,2,0.82706883473343,5687.12881157304,6876.246054424286,334.1844288156126,854.9328140356338,75,0.9,main,,,,7,876.1,717.0,,,,main
main,20,reference,main,-1,1.0,6876.246054424286,6876.246054424286,0.0,0.0,75,0.0,main,,,,7,876.1,717.0,,,,main
main,20,value_based,main,2,0.9059829340945552,6229.761575943423,6876.246054424286,115.69125226895812,530.7932262119048,75,1.3,main,,,,0,876.1,717.0,,,,main
main,20,supervised,main,2,0.8662993510130882,5956.887494354067,6876.246054424286,228.51096825886543,690.8475918113536,75,0.8,main,,,,0,876.1,717.0,,,,main
main,20,persistence,main,-1,0.7743787944391675,5324.81912989216,6876.246054424286,314.6409267345125,1236.7859977976132,75,0.6,main,,,,0,876.1,717.0,,,,main
main,20,trajectory,main,-1,0.8935554552319573,6144.307173448044,6876.246054424286,124.31574724035272,607.6231337358895,75,0.8,main,,,,0,876.1,717.0,,,,main
main,20,random,main,2,0.8185531533337945,5628.572890948062,6876.246054424286,327.68262641812544,919.9905370580982,75,0.9,main,,,,0,876.1,717.0,,,,main
main,20,reference,main,-1,1.0,6876.246054424286,6876.246054424286,0.0,0.0,75,0.0,main,,,,0,876.1,717.0,,,,main
main,20,value_based,main,2,0.9014360608590476,6198.496156797796,6876.246054424286,126.45955852820587,551.2903390982838,75,1.7,main,,,,1,876.1,717.0,,,,main
main,20,supervised,main,2,0.8563523347131055,5888.489362768017,6876.246054424286,229.87308629757808,757.883605358691,75,1.0,main,,,,1,876.1,717.0,,,,main
main,20,persistence,main,-1,0.7742016923432136,5323.601332303627,6876.246054424286,319.4519695423778,1233.1927525782812,75,0.9,main,,,,1,876.1,717.0,,,,main
main,20,trajectory,main,-1,0.9132027087146524,6279.406522688699,6876.246054424286,128.82661259639465,468.0129191391925,75,1.0,main,,,,1,876.1,717.0,,,,main
main,20,random,main,2,0.8196473746801151,5636.097026163366,6876.246054424286,355.61311888433374,884.5359093765865,75,0.9,main,,,,1,876.1,717.0,,,,main
main,20,reference,main,-1,1.0,6876.246054424286,6876.246054424286,0.0,0.0,75,0.0,main,,,,1,876.1,717.0,,,,main
main,20,value_based,main,2,0.9059680845032616,6229.659466499881,6876.246054424286,124.91156021121424,521.6750277131905,75,1.5,main,,,,2,876.1,717.0,,,,main
main,20,supervised,main,2,0.8682969524402077,5970.62349328561,6876.246054424286,231.5448849834729,674.0776761552033,75,1.0,main,,,,2,876.1,717.0,,,,main
main,20,persistence,main,-1,0.7700174828914494,5294.8296785700495,6876.246054424286,333.8843348216724,1247.532041032564,75,0.9,main,,,,2,876.1,717.0,,,,main
main,20,trajectory,main,-1,0.9135342766385444,6281.686465317134,6876.246054424286,109.6137777333588,484.9458113737928,75,1.0,main,,,,2,876.1,717.0,,,,main
main,20,random,main,2,0.8277807750790805,5692.024288565804,6876.246054424286,299.3320990339862,884.8896668244952,75,1.1,main,,,,2,876.1,717.0,,,,main
main,20,reference,main,-1,1.0,6876.246054424286,6876.246054424286,0.0,0.0,75,0.0,main,,,,2,876.1,717.0,,,,main
main,20,value_based,main,2,0.8998132401667694,6187.33724241548,6876.246054424286,114.44326894486768,574.4655430639377,75,2.2,main,,,,3,876.1,717.0,,,,main
main,20,supervised,main,2,0.86490403301007,5947.292944441147,6876.246054424286,231.5448849834729,697.4082249996663,75,1.2,main,,,,3,876.1,717.0,,,,main
main,20,persistence,main,-1,0.7720571641268139,5308.855028617008,6876.246054424286,336.7295552939122,1230.661470513366,75,0.7,main,,,,3,876.1,717.0,,,,main
main,20,trajectory,main,-1,0.8952712310697752,6156.105270283115,6876.246054424286,125.57615010645532,594.5646340347157,75,0.8,main,,,,3,876.1,717.0,,,,main
main,20,random,main,2,0.8313966566340921,5716.887979841718,6876.246054424286,268.596268512425,890.7618060701425,75,0.9,main,,,,3,876.1,717.0,,,,main
main,20,reference,main,-1,1.0,6876.246054424286,6876.246054424286,0.0,0.0,75,0.0,main,,,,3,876.1,717.0,,,,main
main,20,value_based,main,2,0.902524746529248,6205.98222734202,6876.246054424286,123.66609005231658,546.5977370299497,75,1.3,main,,,,4,876.1,717.0,,,,main
main,20,supervised,main,2,0.8566056795324475,5890.231424082426,6876.246054424286,205.78437527813455,780.230255063725,75,1.0,main,,,,4,876.1,717.0,,,,main
main,20,persistence,main,-1,0.7569481811913925,5204.961944320952,6876.246054424286,336.7295552939122,1334.5545548094217,75,1.1,main,,,,4,876.1,717.0,,,,main
main,20,trajectory,main,-1,0.8998097895123728,6187.313514866801,6876.246054424286,122.15909928957352,566.7734402679116,75,0.9,main,,,,4,876.1,717.0,,,,main
main,20,random,main,2,0.8099780542200955,5569.608399501192,6876.246054424286,317.1712534619737,989.46640146112,75,1.1,main,,,,4,876.1,717.0,,,,main
main,20,reference,main,-1,1.0,6876.246054424286,6876.246054424286,0.0,0.0,75,0.0,main,,,,4,876.1,717.0,,,,main
main,20,value_based,main,3,0.9159847409987996,6298.536461205847,6876.246054424286,118.25981965811206,459.4497735603263,75,551.8,main,550.6,15000.0,0.8814044906784358,7,869.5,596.2,,,,main
main,20,supervised,main,3,0.8553217402694886,5881.402741791385,6876.246054424286,249.4424351827338,745.4008774501672,75,7.8,main,,3150.0,,7,869.5,596.2,,,,main
main,20,persistence,main,-1,0.7745224826431258,5325.8071653376965,6876.246054424286,342.4076720434223,1208.031217043167,75,0.8,main,,,,7,869.5,596.2,,,,main
main,20,trajectory,main,-1,0.8935554552319573,6144.307173448044,6876.246054424286,124.31574724035272,607.6231337358895,75,0.8,main,,,,7,869.5,596.2,,,,main
main,20,random,main,3,0.7414070011660847,5098.096966490832,6876.246054424286,765.837601485443,1012.3114864480112,75,0.6,main,,,,7,869.5,596.2,,,,main
main,20,reference,main,-1,1.0,6876.246054424286,6876.246054424286,0.0,0.0,75,0.0,main,,,,7,869.5,596.2,,,,main
main,20,value_based,main,3,0.9119383790938352,6270.712681122064,6876.246054424286,141.68676384436094,463.8466094578607,75,1.3,main,,,,0,869.5,596.2,,,,main
main,20,supervised,main,3,0.864433036769371,5944.054258399391,6876.246054424286,249.4424351827338,682.749360842161,75,0.7,main,,,,0,869.5,596.2,,,,main
main,20,persistence,main,-1,0.7743787944391675,5324.81912989216,6876.246054424286,314.6409267345125,1236.7859977976132,75,0.7,main,,,,0,869.5,596.2,,,,main
main,20,trajectory,main,-1,0.8935554552319573,6144.307173448044,6876.246054424286,124.31574724035272,607.6231337358895,75,0.7,main,,,,0,869.5,596.2,,,,main
main,20,random,main,3,0.7576966307319378,5210.108467521062,6876.246054424286,670.8025115503497,995.335075352874,75,0.6,main,,,,0,869.5,596.2,,,,main
main,20,reference,main,-1,1.0,6876.246054424286,6876.246054424286,0.0,0.0,75,0.0,main,,,,0,869.5,596.2,,,,main
main,20,value_based,main,3,0.9061146675123906,6230.667407338049,6876.246054424286,143.93171342254027,501.6469336636965,75,1.1,main,,,,1,869.5,596.2,,,,main
main,20,supervised,main,3,0.853610886297236,5869.638488914987,6876.246054424286,246.4233206923618,760.1842448169373,75,0.7,main,,,,1,869.5,596.2,,,,main
main,20,persistence,main,-1,0.7742016923432136,5323.601332303627,6876.246054424286,319.4519695423778,1233.1927525782812,75,0.6,main,,,,1,869.5,596.2,,,,main
main,20,trajectory,main,-1,0.9132027087146524,6279.406522688699,6876.246054424286,128.82661259639465,468.0129191391925,75,0.6,main,,,,1,869.5,596.2,,,,main
main,20,random,main,3,0.7599865644884055,5225.854615478866,6876.246054424286,797.2341673460805,853.1572715993389,75,0.6,main,,,,1,869.5,596.2,,,,main
main,20,reference,main,-1,1.0,6876.246054424286,6876.246054424286,0.0,0.0,75,0.0,main,,,,1,869.5,596.2,,,,main
main,20,value_based,main,3,0.91607143155328,6299.13256678905,6876.246054424286,136.22218946690646,440.89129816832974,75,1.1,main,,,,2,869.5,596.2,,,,main
main,20,supervised,main,3,0.8653388974190462,5950.283179117579,6876.246054424286,246.4233206923618,679.5395546143454,75,0.7,main,,,,2,869.5,596.2,,,,main
main,20,persistence,main,-1,0.7700174828914494,5294.8296785700495,6876.246054424286,333.8843348216724,1247.532041032564,75,0.6,main,,,,2,869.5,596.2,,,,main
main,20,trajectory,main,-1,0.9135342766385444,6281.686465317134,6876.246054424286,109.6137777333588,484.9458113737928,75,0.6,main,,,,2,869.5,596.2,,,,main
main,20,random,main,3,0.7435902689696265,5113.109653110688,6876.246054424286,697.0283950100711,1066.108006303527,75,0.7,main,,,,2,869.5,596.2,,,,main
main,20,reference,main,-1,1.0,6876.246054424286,6876.246054424286,0.0,0.0,75,0.0,main,,,,2,869.5,596.2,,,,main
main,20,value_based,main,3,0.908932633759182,6250.044436624049,6876.246054424286,117.38920943525773,508.8124083649791,75,1.2,main,,,,3,869.5,596.2,,,,main
main,20,supervised,main,3,0.8659538822594726,5954.511966200091,6876.246054424286,246.4233206923618,675.3107675318333,75,0.7,main,,,,3,869.5,596.2,,,,main
main,20,persistence,main,-1,0.7720571641268139,5308.855028617008,6876.246054424286,336.7295552939122,1230.661470513366,75,0.6,main,,,,3,869.5,596.2,,,,main
main,20,trajectory,main,-1,0.8952712310697752,6156.105270283115,6876.246054424286,125.57615010645532,594.5646340347157,75,0.6,main,,,,3,869.5,596.2,,,,main
main,20,random,main,3,0.7537574887841664,5183.021958244882,6876.246054424286,756.6750532366896,936.5490429427146,75,0.6,main,,,,3,869.5,596.2,,,,main
main,20,reference,main,-1,1.0,6876.246054424286,6876.246054424286,0.0,0.0,75,0.0,main,,,,3,869.5,596.2,,,,main
main,20,value_based,main,3,0.8800997941291451,6051.78273688016,6876.246054424286,273.6659300270794,550.7973875170464,75,1.1,main,,,,4,869.5,596.2,,,,main
main,20,supervised,main,3,0.8538914524300923,5871.567730679045,6876.246054424286,249.4424351827338,755.2358885625072,75,0.7,main,,,,4,869.5,596.2,,,,main
main,20,persistence,main,-1,0.7569481811913925,5204.961944320952,6876.246054424286,336.7295552939122,1334.5545548094217,75,0.8,main,,,,4,869.5,596.2,,,,main
main,20,trajectory,main,-1,0.8998097895123728,6187.313514866801,6876.246054424286,122.15909928957352,566.7734402679116,75,0.6,main,,,,4,869.5,596.2,,,,main
main,20,random,main,3,0.7484177880023264,5146.304861811948,6876.246054424286,694.4986825669312,1035.4425100454064,75,0.6,main,,,,4,869.5,596.2,,,,main
main,20,reference,main,-1,1.0,6876.246054424286,6876.246054424286,0.0,0.0,75,0.0,main,,,,4,869.5,596.2,,,,main
main,20,value_based,main,4,0.9073807513304396,6239.373311196479,6876.246054424286,106.55348315479478,530.3192600730117,75,621.3,main,619.9,15000.0,0.8823868020956419,7,870.2,680.4,,,,main
main,20,supervised,main,4,0.8380429014749723,5762.589194705559,6876.246054424286,287.1012572881755,826.5556024305515,75,14.4,main,,3150.0,,7,870.2,680.4,,,,main
main,20,persistence,main,-1,0.7745224826431258,5325.8071653376965,6876.246054424286,342.4076720434223,1208.031217043167,75,1.1,main,,,,7,870.2,680.4,,,,main
main,20,trajectory,main,-1,0.8935554552319573,6144.307173448044,6876.246054424286,124.31574724035272,607.6231337358895,75,1.1,main,,,,7,870.2,680.4,,,,main
main,20,random,main,4,0.7369917605269269,5067.73668546649,6876.246054424286,658.1225801642149,1150.3867887935812,75,1.0,main,,,,7,870.2,680.4,,,,main
main,20,reference,main,-1,1.0,6876.246054424286,6876.246054424286,0.0,0.0,75,0.0,main,,,,7,870.2,680.4,,,,main
main,20,value_based,main,4,0.9045395021478828,6219.836182715288,6876.246054424286,115.198039743319,541.2118319656793,75,1.6,main,,,,0,870.2,680.4,,,,main
main,20,supervised,main,4,0.8623958257932097,5930.0458944625325,6876.246054424286,299.80838347514964,646.3917764866037,75,1.0,main,,,,0,870.2,680.4,,,,main
main,20,persistence,main,-1,0.7743787944391675,5324.81912989216,6876.246054424286,314.6409267345125,1236.7859977976132,75,0.9,main,,,,0,870.2,680.4,,,,main
main,20,trajectory,main,-1,0.8935554552319573,6144.307173448044,6876.246054424286,124.31574724035272,607.6231337358895,75,1.0,main,,,,0,870.2,680.4,,,,main
main,20,random,main,4,0.7429628818483456,5108.795584893383,6876.246054424286,602.5753816610477,1164.8750878698547,75,1.1,main,,,,0,870.2,680.4,,,,main
main,20,reference,main,-1,1.0,6876.246054424286,6876.246054424286,0.0,0.0,75,0.0,main,,,,0,870.2,680.4,,,,main
main,20,value_based,main,4,0.9120735027520416,6271.641824643664,6876.246054424286,110.65590777343824,493.9483220071834,75,1.6,main,,,,1,870.2,680.4,,,,main
main,20,supervised,main,4,0.8422491291685145,5791.512251287289,6876.246054424286,296.1342537077362,788.5995494292611,75,0.9,main,,,,1,870.2,680.4,,,,main
main,20,persistence,main,-1,0.7742016923432136,5323.601332303627,6876.246054424286,319.4519695423778,1233.1927525782812,75,1.2,main,,,,1,870.2,680.4,,,,main
main,20,trajectory,main,-1,0.9132027087146524,6279.406522688699,6876.246054424286,128.82661259639465,468.0129191391925,75,1.0,main,,,,1,870.2,680.4,,,,main
main,20,random,main,4,0.7462229006212808,5131.212276118128,6876.246054424286,565.5577480891116,1179.4760302170462,75,0.7,main,,,,1,870.2,680.4,,,,main
main,20,reference,main,-1,1.0,6876.246054424286,6876.246054424286,0.0,0.0,75,0.0,main,,,,1,870.2,680.4,,,,main
main,20,value_based,main,4,0.9002123954660591,6190.081932467324,6876.246054424286,117.83906876151104,568.3250531954509,75,1.3,main,,,,2,870.2,680.4,,,,main
main,20,supervised,main,4,0.8599360139953838,5913.131623293105,6876.246054424286,299.80838347514964,663.3060476560313,75,0.9,main,,,,2,870.2,680.4,,,,main
main,20,persistence,main,-1,0.7700174828914494,5294.8296785700495,6876.246054424286,333.8843348216724,1247.532041032564,75,0.6,main,,,,2,870.2,680.4,,,,main
main,20,trajectory,main,-1,0.9135342766385444,6281.686465317134,6876.246054424286,109.6137777333588,484.9458113737928,75,0.7,main,,,,2,870.2,680.4,,,,main
main,20,random,main,4,0.7477020466403193,5141.383248095459,6876.246054424286,601.1070518831648,1133.7557544456622,75,1.1,main,,,,2,870.2,680.4,,,,main
main,20,reference,main,-1,1.0,6876.246054424286,6876.246054424286,0.0,0.0,75,0.0,main,,,,2,870.2,680.4,,,,main
main,20,value_based,main,4,0.9061169196714186,6230.68289373768,6876.246054424286,128.36756271643208,517.1955979701743,75,1.7,main,,,,3,870.2,680.4,,,,main
main,20,supervised,main,4,0.8635207283583737,5937.781001287853,6876.246054424286,299.80838347514964,638.6566696612836,75,0.8,main,,,,3,870.2,680.4,,,,main
main,20,persistence,main,-1,0.7720571641268139,5308.855028617008,6876.246054424286,336.7295552939122,1230.661470513366,75,0.8,main,,,,3,870.2,680.4,,,,main
main,20,trajectory,main,-1,0.8952712310697752,6156.105270283115,6876.246054424286,125.57615010645532,594.5646340347157,75,0.8,main,,,,3,870.2,680.4,,,,main
main,20,random,main,4,0.7523718277346072,5173.4938119200815,6876.246054424286,574.3899187544021,1128.3623237498025,75,0.8,main,,,,3,870.2,680.4,,,,main
main,20,reference,main,-1,1.0,6876.246054424286,6876.246054424286,0.0,0.0,75,0.0,main,,,,3,870.2,680.4,,,,main
main,20,value_based,main,4,0.8850068348302601,6085.524756140102,6876.246054424286,141.66919208645413,649.0521061977297,75,1.4,main,,,,4,870.2,680.4,,,,main
main,20,supervised,main,4,0.8378810529520173,5761.476284438175,6876.246054424286,296.1342537077362,818.6355162783748,75,1.0,main,,,,4,870.2,680.4,,,,main
main,20,persistence,main,-1,0.7569481811913925,5204.961944320952,6876.246054424286,336.7295552939122,1334.5545548094217,75,1.0,main,,,,4,870.2,680.4,,,,main
main,20,trajectory,main,-1,0.8998097895123728,6187.313514866801,6876.246054424286,122.15909928957352,566.7734402679116,75,0.9,main,,,,4,870.2,680.4,,,,main
main,20,random,main,4,0.7380151647153687,5074.773864479344,6876.246054424286,568.7140996553153,1232.758090289627,75,1.1,main,,,,4,870.2,680.4,,,,main
main,20,reference,main,-1,1.0,6876.246054424286,6876.246054424286,0.0,0.0,75,0.0,main,,,,4,870.2,680.4,,,,main
main,50,value_based,main,0,0.9225209304056664,6343.480907825785,6876.246054424286,135.53809486630962,397.2270517321913,75,1295.2,main,1294.0,37500.0,0.8646668867162421,7,980.1,1353.9,,,,main
main,50,supervised,main,0,0.8567659122308298,5891.333223542467,6876.246054424286,263.2294632584444,721.6833676233746,75,10.7,main,,7650.0,,7,980.1,1353.9,,,,main
main,50,persistence,main,-1,0.754462003392628,5187.8663740416005,6876.246054424286,445.73545952560016,1242.6442208570852,75,0.8,main,,,,7,980.1,1353.9,,,,main
main,50,trajectory,main,-1,0.9177414290573092,6310.615880537029,6876.246054424286,75.91360373139923,489.7165701558579,75,0.6,main,,,,7,980.1,1353.9,,,,main
main,50,random,main,0,0.6216318417280398,4274.493498986935,6876.246054424286,1138.9618541848297,1462.790701252521,75,0.8,main,,,,7,980.1,1353.9,,,,main
main,50,reference,main,-1,1.0,6876.246054424286,6876.246054424286,0.0,0.0,75,0.0,main,,,,7,980.1,1353.9,,,,main
main,50,value_based,main,0,0.8949983256004527,6154.228705126455,6876.246054424286,131.2723347067913,590.7450145910398,75,1.5,main,,,,0,980.1,1353.9,,,,main
main,50,supervised,main,0,0.8473647516024974,5826.688529864888,6876.246054424286,266.9035166902004,782.6540078691978,75,0.8,main,,,,0,980.1,1353.9,,,,main
main,50,persistence,main,-1,0.7382494605495117,5076.384940284437,6876.246054424286,445.73545952560016,1354.1256546142486,75,0.8,main,,,,0,980.1,1353.9,,,,main
main,50,trajectory,main,-1,0.9305225014612506,6398.501679225941,6876.246054424286,75.91360373139923,401.8307714669454,75,0.8,main,,,,0,980.1,1353.9,,,,main
main,50,random,main,0,0.6085104711939072,4184.267726622968,6876.246054424286,1086.8927742426486,1605.0855535586695,75,0.8,main,,,,0,980.1,1353.9,,,,main
main,50,reference,main,-1,1.0,6876.246054424286,6876.246054424286,0.0,0.0,75,0.0,main,,,,0,980.1,1353.9,,,,main
main,50,value_based,main,0,0.8904471205094905,6122.93349907685,6876.246054424286,153.50688634735343,599.8056690000822,75,1.5,main,,,,1,980.1,1353.9,,,,main
main,50,supervised,main,0,0.8374021220349023,5758.183037609021,6876.246054424286,266.9035166902004,851.1595001250644,75,0.9,main,,,,1,980.1,1353.9,,,,main
main,50,persistence,main,-1,0.7498118307747925,5155.890642925818,6876.246054424286,452.1746741296447,1268.1807373688234,75,0.8,main,,,,1,980.1,1353.9,,,,main
main,50,trajectory,main,-1,0.9317685733050676,6407.069975825517,6876.246054424286,75.91360373139923,393.26247486736975,75,0.9,main,,,,1,980.1,1353.9,,,,main
main,50,random,main,0,0.6090565231539691,4188.022514258853,6876.246054424286,1085.2954487490306,1602.928091416402,75,0.7,main,,,,1,980.1,1353.9,,,,main
main,50,reference,main,-1,1.0,6876.246054424286,6876.246054424286,0.0,0.0,75,0.0,main,,,,1,980.1,1353.9,,,,main
main,50,value_based,main,0,0.8866723070034112,6096.976952599485,6876.246054424286,179.2205830880093,600.0485187367913,75,1.4,main,,,,2,980.1,1353.9,,,,main
main,50,supervised,main,0,0.8529347514354808,5864.989219239584,6876.246054424286,266.3508547150432,744.905980469659,75,1.2,main,,,,2,980.1,1353.9,,,,main
main,50,persistence,main,-1,0.7506077526229163,5161.363597393609,6876.246054424286,431.67258700629645,1283.2098700243805,75,0.9,main,,,,2,980.1,1353.9,,,,main
main,50,trajectory,main,-1,0.934815068302698,6428.018425032797,6876.246054424286,75.91360373139923,372.31402566009,75,0.7,main,,,,2,980.1,1353.9,,,,main
main,50,random,main,0,0.6162160165933801,4237.25295277328,6876.246054424286,1041.7408230637002,1597.2522785873052,75,0.7,main,,,,2,980.1,1353.9,,,,main
main,50,reference,main,-1,1.0,6876.246054424286,6876.246054424286,0.0,0.0,75,0.0,main,,,,2,980.1,1353.9,,,,main
main,50,value_based,main,0,0.9220947972407229,6340.550711331683,6876.246054424286,82.66237664352047,453.0329664490828,75,1.3,main,,,,3,980.1,1353.9,,,,main
main,50,supervised,main,0,0.8593900703787464,5909.377580653264,6876.246054424286,241.79822712636724,725.0702466446546,75,0.9,main,,,,3,980.1,1353.9,,,,main
main,50,persistence,main,-1,0.7508096139477377,5162.751645531953,6876.246054424286,452.1746741296447,1261.3197347626883,75,0.9,main,,,,3,980.1,1353.9,,,,main
main,50,trajectory,main,-1,0.9305225014612506,6398.501679225941,6876.246054424286,75.91360373139923,401.8307714669454,75,0.9,main,,,,3,980.1,1353.9,,,,main
main,50,random,main,0,0.6150948179932987,4229.543315323244,6876.246054424286,1089.5275265371674,1557.175212563874,75,0.8,main,,,,3,980.1,1353.9,,,,main
main,50,reference,main,-1,1.0,6876.246054424286,6876.246054424286,0.0,0.0,75,0.0,main,,,,3,980.1,1353.9,,,,main
main,50,value_based,main,0,0.8988993086337274,6181.052824317386,6876.246054424286,152.66163084015898,542.5315992667411,75,1.8,main,,,,4,980.1,1353.9,,,,main
main,50,supervised,main,0,0.8494424360220418,5840.975199157119,6876.246054424286,294.7600510356924,740.5108042314741,75,0.9,main,,,,4,980.1,1353.9,,,,main
main,50,persistence,main,-1,0.7345970711046214,5051.2702117747895,6876.246054424286,452.1746741296447,1372.8011685198517,75,0.6,main,,,,4,980.1,1353.9,,,,main
main,50,trajectory,main,-1,0.9327294732733888,6413.677360441382,6876.246054424286,75.91360373139923,386.6550902515046,75,0.6,main,,,,4,980.1,1353.9,,,,main
main,50,random,main,0,0.6208904132436177,4269.395254296291,6876.246054424286,1055.9505577163582,1550.900242411637,75,0.6,main,,,,4,980.1,1353.9,,,,main
main,50,reference,main,-1,1.0,6876.246054424286,6876.246054424286,0.0,0.0,75,0.0,main,,,,4,980.1,1353.9,,,,main
main,50,value_based,main,1,0.9124337385182184,6274.118894409499,6876.246054424286,121.41986244524831,480.70729756953824,75,1262.1,main,1260.9,37500.0,0.8649783571266046,7,980.6,1314.5,,,,main
main,50,supervised,main,1,0.8402830478291888,5777.992992235073,6876.246054424286,327.18811752796864,771.0649446612442,75,9.6,main,,7650.0,,7,980.6,1314.5,,,,main
main,50,persistence,main,-1,0.754462003392628,5187.8663740416005,6876.246054424286,445.73545952560016,1242.6442208570852,75,0.7,main,,,,7,980.6,1314.5,,,,main
main,50,trajectory,main,-1,0.9177414290573092,6310.615880537029,6876.246054424286,75.91360373139923,489.7165701558579,75,1.2,main,,,,7,980.6,1314.5,,,,main
main,50,random,main,1,0.6672499007873961,4588.174497604328,6876.246054424286,1045.7317247371784,1242.3398320827791,75,1.0,main,,,,7,980.6,1314.5,,,,main
main,50,reference,main,-1,1.0,6876.246054424286,6876.246054424286,0.0,0.0,75,0.0,main,,,,7,980.6,1314.5,,,,main
main,50,value_based,main,1,0.8962332865867495,6162.720600735846,6876.246054424286,120.41425544712,593.1111982413195,75,1.8,main,,,,0,980.6,1314.5,,,,main
main,50,supervised,main,1,0.8646804370651135,5945.755443706854,6876.246054424286,318.9206725520253,611.5699381654067,75,1.0,main,,,,0,980.6,1314.5,,,,main
main,50,persistence,main,-1,0.7382494605495117,5076.384940284437,6876.246054424286,445.73545952560016,1354.1256546142486,75,0.9,main,,,,0,980.6,1314.5,,,,main
main,50,trajectory,main,-1,0.9305225014612506,6398.501679225941,6876.246054424286,75.91360373139923,401.8307714669454,75,0.9,main,,,,0,980.6,1314.5,,,,main
main,50,random,main,1,0.6604674743934984,4541.536864873867,6876.246054424286,1041.1692015537146,1293.5399879967044,75,0.8,main,,,,0,980.6,1314.5,,,,main
main,50,reference,main,-1,1.0,6876.246054424286,6876.246054424286,0.0,0.0,75,0.0,main,,,,0,980.6,1314.5,,,,main
main,50,value_based,main,1,0.8995361580098798,6185.431957327417,6876.246054424286,129.04234927462858,561.7717478222403,75,1.4,main,,,,1,980.6,1314.5,,,,main
main,50,supervised,main,1,0.8378908615103465,5761.543730498686,6876.246054424286,328.9396126687607,785.7627112568389,75,0.8,main,,,,1,980.6,1314.5,,,,main
main,50,persistence,main,-1,0.7498118307747925,5155.890642925818,6876.246054424286,452.1746741296447,1268.1807373688234,75,0.8,main,,,,1,980.6,1314.5,,,,main
main,50,trajectory,main,-1,0.9317685733050676,6407.069975825517,6876.246054424286,75.91360373139923,393.26247486736975,75,0.8,main,,,,1,980.6,1314.5,,,,main
main,50,random,main,1,0.6463718658176143,4444.611992019234,6876.246054424286,1156.4338282985564,1275.2002341064954,75,0.9,main,,,,1,980.6,1314.5,,,,main
main,50,reference,main,-1,1.0,6876.246054424286,6876.246054424286,0.0,0.0,75,0.0,main,,,,1,980.6,1314.5,,,,main
main,50,value_based,main,1,0.9013804107876788,6198.113493214119,6876.246054424286,126.40671565515186,551.7258455550145,75,1.4,main,,,,2,980.6,1314.5,,,,main
main,50,supervised,main,1,0.8635197565297759,5937.774318755292,6876.246054424286,365.1685738489023,573.3031618200921,75,0.9,main,,,,2,980.6,1314.5,,,,main
main,50,persistence,main,-1,0.7506077526229163,5161.363597393609,6876.246054424286,431.67258700629645,1283.2098700243805,75,0.9,main,,,,2,980.6,1314.5,,,,main
main,50,trajectory,main,-1,0.934815068302698,6428.018425032797,6876.246054424286,75.91360373139923,372.31402566009,75,0.8,main,,,,2,980.6,1314.5,,,,main
main,50,random,main,1,0.6696963824399871,4604.997107415179,6876.246054424286,1105.710296765075,1165.5386502440315,75,0.8,main,,,,2,980.6,1314.5,,,,main
main,50,reference,main,-1,1.0,6876.246054424286,6876.246054424286,0.0,0.0,75,0.0,main,,,,2,980.6,1314.5,,,,main
main,50,value_based,main,1,0.9115699182223296,6268.179053508162,6876.246054424286,146.27852161527426,461.78847930084976,75,1.4,main,,,,3,980.6,1314.5,,,,main
main,50,supervised,main,1,0.8590970025275585,5907.362373997855,6876.246054424286,375.18260132613705,593.701079100294,75,0.8,main,,,,3,980.6,1314.5,,,,main
main,50,persistence,main,-1,0.7508096139477377,5162.751645531953,6876.246054424286,452.1746741296447,1261.3197347626883,75,0.8,main,,,,3,980.6,1314.5,,,,main
main,50,trajectory,main,-1,0.9305225014612506,6398.501679225941,6876.246054424286,75.91360373139923,401.8307714669454,75,0.8,main,,,,3,980.6,1314.5,,,,main
main,50,random,main,1,0.6532530219318895,4491.9285145998965,6876.246054424286,1183.765795215405,1200.5517446089843,75,0.8,main,,,,3,980.6,1314.5,,,,main
main,50,reference,main,-1,1.0,6876.246054424286,6876.246054424286,0.0,0.0,75,0.0,main,,,,3,980.6,1314.5,,,,main
main,50,value_based,main,1,0.8879261926841174,6105.598979064141,6876.246054424286,145.64893352978015,624.9981418303651,75,1.6,main,,,,4,980.6,1314.5,,,,main
main,50,supervised,main,1,0.8789016253318719,6043.543833415376,6876.246054424286,349.30657335918204,483.39564764972783,75,0.9,main,,,,4,980.6,1314.5,,,,main
main,50,persistence,main,-1,0.7345970711046214,5051.2702117747895,6876.246054424286,452.1746741296447,1372.8011685198517,75,0.8,main,,,,4,980.6,1314.5,,,,main
main,50,trajectory,main,-1,0.9327294732733888,6413.677360441382,6876.246054424286,75.91360373139923,386.6550902515046,75,0.6,main,,,,4,980.6,1314.5,,,,main
main,50,random,main,1,0.6691581001807896,4601.2957461542055,6876.246054424286,1048.1144961323116,1226.8358121377687,75,0.7,main,,,,4,980.6,1314.5,,,,main
main,50,reference,main,-1,1.0,6876.246054424286,6876.246054424286,0.0,0.0,75,0.0,main,,,,4,980.6,1314.5,,,,main
main,50,value_based,main,2,0.913683200476074,6282.710502267357,6876.246054424286,138.90471260810318,454.63083954882586,75,1265.0,main,1263.7,37500.0,0.8647306656454384,7,985.4,1317.0,,,,main
main,50,supervised,main,2,0.8533958022864262,5868.159518334286,6876.246054424286,323.77160625299075,684.314929837009,75,9.7,main,,7650.0,,7,985.4,1317.0,,,,main
main,50,persistence,main,-1,0.754462003392628,5187.8663740416005,6876.246054424286,445.73545952560016,1242.6442208570852,75,0.6,main,,,,7,985.4,1317.0,,,,main
main,50,trajectory,main,-1,0.9177414290573092,6310.615880537029,6876.246054424286,75.91360373139923,489.7165701558579,75,0.8,main,,,,7,985.4,1317.0,,,,main
main,50,random,main,2,0.6343827115468084,4362.171617268721,6876.246054424286,909.9414955341072,1604.1329416214576,75,0.7,main,,,,7,985.4,1317.0,,,,main
main,50,reference,main,-1,1.0,6876.246054424286,6876.246054424286,0.0,0.0,75,0.0,main,,,,7,985.4,1317.0,,,,main
main,50,value_based,main,2,0.9047392010332612,6221.209361387942,6876.246054424286,131.5315711884723,523.5051218478711,75,1.6,main,,,,0,985.4,1317.0,,,,main
main,50,supervised,main,2,0.8771576383766665,6031.551749995678,6876.246054424286,326.4326786225138,518.2616258060943,75,0.9,main,,,,0,985.4,1317.0,,,,main
main,50,persistence,main,-1,0.7382494605495117,5076.384940284437,6876.246054424286,445.73545952560016,1354.1256546142486,75,0.8,main,,,,0,985.4,1317.0,,,,main
main,50,trajectory,main,-1,0.9305225014612506,6398.501679225941,6876.246054424286,75.91360373139923,401.8307714669454,75,0.8,main,,,,0,985.4,1317.0,,,,main
main,50,random,main,2,0.6471629044159988,4450.051368060273,6876.246054424286,861.7606474937602,1564.434038870253,75,0.8,main,,,,0,985.4,1317.0,,,,main
main,50,reference,main,-1,1.0,6876.246054424286,6876.246054424286,0.0,0.0,75,0.0,main,,,,0,985.4,1317.0,,,,main
main,50,value_based,main,2,0.9222782951436382,6341.812488062599,6876.246054424286,98.66079586316118,435.7727704985255,75,1.7,main,,,,1,985.4,1317.0,,,,main
main,50,supervised,main,2,0.8570842688268537,5893.522321829777,6876.246054424286,317.4652564534126,665.2584761410963,75,1.0,main,,,,1,985.4,1317.0,,,,main
main,50,persistence,main,-1,0.7498118307747925,5155.890642925818,6876.246054424286,452.1746741296447,1268.1807373688234,75,0.9,main,,,,1,985.4,1317.0,,,,main
main,50,trajectory,main,-1,0.9317685733050676,6407.069975825517,6876.246054424286,75.91360373139923,393.26247486736975,75,0.8,main,,,,1,985.4,1317.0,,,,main
main,50,random,main,2,0.634558304496034,4363.379037593018,6876.246054424286,919.9447467734462,1592.9222700578212,75,0.9,main,,,,1,985.4,1317.0,,,,main
main,50,reference,main,-1,1.0,6876.246054424286,6876.246054424286,0.0,0.0,75,0.0,main,,,,1,985.4,1317.0,,,,main
main,50,value_based,main,2,0.9077129623710748,6241.657676053883,6876.246054424286,94.91387717161253,539.6745011987905,75,1.5,main,,,,2,985.4,1317.0,,,,main
main,50,supervised,main,2,0.8708997755715239,5988.521145572687,6876.246054424286,323.77160625299075,563.9533025986084,75,0.8,main,,,,2,985.4,1317.0,,,,main
main,50,persistence,main,-1,0.7506077526229163,5161.363597393609,6876.246054424286,431.67258700629645,1283.2098700243805,75,0.8,main,,,,2,985.4,1317.0,,,,main
main,50,trajectory,main,-1,0.934815068302698,6428.018425032797,6876.246054424286,75.91360373139923,372.31402566009,75,0.8,main,,,,2,985.4,1317.0,,,,main
main,50,random,main,2,0.6416211107431848,4411.9446311831525,6876.246054424286,846.2584861938794,1618.042937047254,75,0.8,main,,,,2,985.4,1317.0,,,,main
main,50,reference,main,-1,1.0,6876.246054424286,6876.246054424286,0.0,0.0,75,0.0,main,,,,2,985.4,1317.0,,,,main
main,50,value_based,main,2,0.9121357188052788,6272.069637534259,6876.246054424286,102.75519989140868,501.42121699861855,75,1.6,main,,,,3,985.4,1317.0,,,,main
main,50,supervised,main,2,0.8579260967267476,5899.310937604926,6876.246054424286,346.75676446684065,630.1783523525191,75,0.9,main,,,,3,985.4,1317.0,,,,main
main,50,persistence,main,-1,0.7508096139477377,5162.751645531953,6876.246054424286,452.1746741296447,1261.3197347626883,75,0.9,main,,,,3,985.4,1317.0,,,,main
main,50,trajectory,main,-1,0.9305225014612506,6398.501679225941,6876.246054424286,75.91360373139923,401.8307714669454,75,1.0,main,,,,3,985.4,1317.0,,,,main
main,50,random,main,2,0.6375718286940046,4384.100771469226,6876.246054424286,986.4855361659284,1505.6597467891315,75,0.9,main,,,,3,985.4,1317.0,,,,main
main,50,reference,main,-1,1.0,6876.246054424286,6876.246054424286,0.0,0.0,75,0.0,main,,,,3,985.4,1317.0,,,,main
main,50,value_based,main,2,0.911406338372751,6267.054238212914,6876.246054424286,91.10288078558006,518.0889354257915,75,1.6,main,,,,4,985.4,1317.0,,,,main
main,50,supervised,main,2,0.8618150545737373,5926.052368656112,6876.246054424286,346.75676446684065,603.4369213013333,75,0.8,main,,,,4,985.4,1317.0,,,,main
main,50,persistence,main,-1,0.7345970711046214,5051.2702117747895,6876.246054424286,452.1746741296447,1372.8011685198517,75,0.6,main,,,,4,985.4,1317.0,,,,main
main,50,trajectory,main,-1,0.9327294732733888,6413.677360441382,6876.246054424286,75.91360373139923,386.6550902515046,75,0.7,main,,,,4,985.4,1317.0,,,,main
main,50,random,main,2,0.6420721351838397,4415.045986213654,6876.246054424286,906.904061042418,1554.2960071682137,75,0.7,main,,,,4,985.4,1317.0,,,,main
main,50,reference,main,-1,1.0,6876.246054424286,6876.246054424286,0.0,0.0,75,0.0,main,,,,4,985.4,1317.0,,,,main
main,50,value_based,main,3,0.9083178916415902,6245.817318563471,6876.246054424286,88.63001185284156,541.7987240079738,75,1283.0,main,1281.3,37500.0,0.8638198267837212,7,988.4,1332.5,,,,main
main,50,supervised,main,3,0.8490280867057153,5838.126031305575,6876.246054424286,241.96332107336,796.1567020453504,75,9.1,main,,7650.0,,7,988.4,1332.5,,,,main
main,50,persistence,main,-1,0.754462003392628,5187.8663740416005,6876.246054424286,445.73545952560016,1242.6442208570852,75,0.8,main,,,,7,988.4,1332.5,,,,main
main,50,trajectory,main,-1,0.9177414290573092,6310.615880537029,6876.246054424286,75.91360373139923,489.7165701558579,75,0.9,main,,,,7,988.4,1332.5,,,,main
main,50,random,main,3,0.679835176254252,4674.71394837714,6876.246054424286,1057.729491400045,1143.802614647101,75,0.8,main,,,,7,988.4,1332.5,,,,main
main,50,reference,main,-1,1.0,6876.246054424286,6876.246054424286,0.0,0.0,75,0.0,main,,,,7,988.4,1332.5,,,,main
main,50,value_based,main,3,0.9075842253826925,6240.7724488454605,6876.246054424286,78.88778335574534,556.58582222308,75,1.6,main,,,,0,988.4,1332.5,,,,main
main,50,supervised,main,3,0.8645927107008862,5945.152215640967,6876.246054424286,241.96332107336,689.1305177099593,75,0.9,main,,,,0,988.4,1332.5,,,,main
main,50,persistence,main,-1,0.7382494605495117,5076.384940284437,6876.246054424286,445.73545952560016,1354.1256546142486,75,1.0,main,,,,0,988.4,1332.5,,,,main
main,50,trajectory,main,-1,0.9305225014612506,6398.501679225941,6876.246054424286,75.91360373139923,401.8307714669454,75,0.9,main,,,,0,988.4,1332.5,,,,main
main,50,random,main,3,0.6799476595412448,4675.487411135512,6876.246054424286,1021.9366601103666,1178.8219831784072,75,0.9,main,,,,0,988.4,1332.5,,,,main
main,50,reference,main,-1,1.0,6876.246054424286,6876.246054424286,0.0,0.0,75,0.0,main,,,,0,988.4,1332.5,,,,main
main,50,value_based,main,3,0.9253472083701976,6362.915090528099,6876.246054424286,77.37010497633764,435.9608589198488,75,1.4,main,,,,1,988.4,1332.5,,,,main
main,50,supervised,main,3,0.8570265550703448,5893.125467839296,6876.246054424286,210.05967798588156,773.0609085991082,75,1.0,main,,,,1,988.4,1332.5,,,,main
main,50,persistence,main,-1,0.7498118307747925,5155.890642925818,6876.246054424286,452.1746741296447,1268.1807373688234,75,1.0,main,,,,1,988.4,1332.5,,,,main
main,50,trajectory,main,-1,0.9317685733050676,6407.069975825517,6876.246054424286,75.91360373139923,393.26247486736975,75,0.9,main,,,,1,988.4,1332.5,,,,main
main,50,random,main,3,0.7120609442398569,4896.306258338947,6876.246054424286,950.4872450695784,1029.45255101576,75,1.1,main,,,,1,988.4,1332.5,,,,main
main,50,reference,main,-1,1.0,6876.246054424286,6876.246054424286,0.0,0.0,75,0.0,main,,,,1,988.4,1332.5,,,,main
main,50,value_based,main,3,0.9082555222280428,6245.388451129648,6876.246054424286,102.20133607853222,528.6562672161053,75,1.4,main,,,,2,988.4,1332.5,,,,main
main,50,supervised,main,3,0.8628564536799935,5933.213285151587,6876.246054424286,241.96332107336,701.0694481993387,75,0.9,main,,,,2,988.4,1332.5,,,,main
main,50,persistence,main,-1,0.7506077526229163,5161.363597393609,6876.246054424286,431.67258700629645,1283.2098700243805,75,0.8,main,,,,2,988.4,1332.5,,,,main
main,50,trajectory,main,-1,0.934815068302698,6428.018425032797,6876.246054424286,75.91360373139923,372.31402566009,75,0.7,main,,,,2,988.4,1332.5,,,,main
main,50,random,main,3,0.6926761571426401,4763.011692545855,6876.246054424286,1000.5764264938298,1112.657935384601,75,0.7,main,,,,2,988.4,1332.5,,,,main
main,50,reference,main,-1,1.0,6876.246054424286,6876.246054424286,0.0,0.0,75,0.0,main,,,,2,988.4,1332.5,,,,main
main,50,value_based,main,3,0.9101534349507102,6258.438966000532,6876.246054424286,122.50207027752184,495.3050181462322,75,1.1,main,,,,3,988.4,1332.5,,,,main
main,50,supervised,main,3,0.8591808473691741,5907.938911759198,6876.246054424286,241.96332107336,726.3438215917276,75,0.7,main,,,,3,988.4,1332.5,,,,main
main,50,persistence,main,-1,0.7508096139477377,5162.751645531953,6876.246054424286,452.1746741296447,1261.3197347626883,75,0.6,main,,,,3,988.4,1332.5,,,,main
main,50,trajectory,main,-1,0.9305225014612506,6398.501679225941,6876.246054424286,75.91360373139923,401.8307714669454,75,0.6,main,,,,3,988.4,1332.5,,,,main
main,50,random,main,3,0.6791468420808399,4669.980793233089,6876.246054424286,1005.9694578372264,1200.2958033539708,75,0.9,main,,,,3,988.4,1332.5,,,,main
main,50,reference,main,-1,1.0,6876.246054424286,6876.246054424286,0.0,0.0,75,0.0,main,,,,3,988.4,1332.5,,,,main
main,50,value_based,main,3,0.9189846425236744,6319.164522229929,6876.246054424286,89.53387155286964,467.5476606414868,75,1.4,main,,,,4,988.4,1332.5,,,,main
main,50,supervised,main,3,0.8659852895004833,5954.727930117171,6876.246054424286,241.96332107336,679.5548032337547,75,0.8,main,,,,4,988.4,1332.5,,,,main
main,50,persistence,main,-1,0.7345970711046214,5051.2702117747895,6876.246054424286,452.1746741296447,1372.8011685198517,75,1.0,main,,,,4,988.4,1332.5,,,,main
main,50,trajectory,main,-1,0.9327294732733888,6413.677360441382,6876.246054424286,75.91360373139923,386.6550902515046,75,0.8,main,,,,4,988.4,1332.5,,,,main
main,50,random,main,3,0.6703911833014735,4609.774729097586,6876.246054424286,978.8945807922336,1287.5767445344663,75,0.8,main,,,,4,988.4,1332.5,,,,main
main,50,reference,main,-1,1.0,6876.246054424286,6876.246054424286,0.0,0.0,75,0.0,main,,,,4,988.4,1332.5,,,,main
main,50,value_based,main,4,0.9152729127062552,6293.641754717812,6876.246054424286,78.32913134915634,504.27516835731785,75,1293.0,main,1291.3,37500.0,0.8659682630949739,7,981.0,1350.9,,,,main
main,50,supervised,main,4,0.8610639507152117,5920.887593712462,6876.246054424286,259.1370323922465,696.2214283195772,75,9.9,main,,7650.0,,7,981.0,1350.9,,,,main
main,50,persistence,main,-1,0.754462003392628,5187.8663740416005,6876.246054424286,445.73545952560016,1242.6442208570852,75,0.8,main,,,,7,981.0,1350.9,,,,main
main,50,trajectory,main,-1,0.9177414290573092,6310.615880537029,6876.246054424286,75.91360373139923,489.7165701558579,75,0.8,main,,,,7,981.0,1350.9,,,,main
main,50,random,main,4,0.7066998998746381,4859.442398175018,6876.246054424286,678.5315597318986,1338.2720965173694,75,0.8,main,,,,7,981.0,1350.9,,,,main
main,50,reference,main,-1,1.0,6876.246054424286,6876.246054424286,0.0,0.0,75,0.0,main,,,,7,981.0,1350.9,,,,main
main,50,value_based,main,4,0.9121637042885044,6272.262072602869,6876.246054424286,119.19367712442543,484.79030469699137,75,1.8,main,,,,0,981.0,1350.9,,,,main
main,50,supervised,main,4,0.8746226540417601,6014.12057396475,6876.246054424286,259.1370323922465,602.988448067289,75,0.8,main,,,,0,981.0,1350.9,,,,main
main,50,persistence,main,-1,0.7382494605495117,5076.384940284437,6876.246054424286,445.73545952560016,1354.1256546142486,75,0.9,main,,,,0,981.0,1350.9,,,,main
main,50,trajectory,main,-1,0.9305225014612506,6398.501679225941,6876.246054424286,75.91360373139923,401.8307714669454,75,0.8,main,,,,0,981.0,1350.9,,,,main
main,50,random,main,4,0.7263863830896241,4994.811500707556,6876.246054424286,646.5685110597296,1234.8660426570004,75,0.9,main,,,,0,981.0,1350.9,,,,main
main,50,reference,main,-1,1.0,6876.246054424286,6876.246054424286,0.0,0.0,75,0.0,main,,,,0,981.0,1350.9,,,,main
main,50,value_based,main,4,0.8921264826771502,6134.48120655617,6876.246054424286,127.3790270606305,614.3858208074853,75,1.7,main,,,,1,981.0,1350.9,,,,main
main,50,supervised,main,4,0.8616020052224314,5924.587388894796,6876.246054424286,259.1370323922465,692.521633137243,75,1.0,main,,,,1,981.0,1350.9,,,,main
main,50,persistence,main,-1,0.7498118307747925,5155.890642925818,6876.246054424286,452.1746741296447,1268.1807373688234,75,0.6,main,,,,1,981.0,1350.9,,,,main
main,50,trajectory,main,-1,0.9317685733050676,6407.069975825517,6876.246054424286,75.91360373139923,393.26247486736975,75,0.6,main,,,,1,981.0,1350.9,,,,main
main,50,random,main,4,0.717617959556853,4934.517662986817,6876.246054424286,665.1079322454307,1276.6204591920375,75,0.7,main,,,,1,981.0,1350.9,,,,main
main,50,reference,main,-1,1.0,6876.246054424286,6876.246054424286,0.0,0.0,75,0.0,main,,,,1,981.0,1350.9,,,,main
main,50,value_based,main,4,0.902161305867758,6203.483119927433,6876.246054424286,111.14526397592272,561.61767052093,75,1.3,main,,,,2,981.0,1350.9,,,,main
main,50,supervised,main,4,0.8741840924809129,6011.104916762352,6876.246054424286,259.1370323922465,606.004105269687,75,0.7,main,,,,2,981.0,1350.9,,,,main
main,50,persistence,main,-1,0.7506077526229163,5161.363597393609,6876.246054424286,431.67258700629645,1283.2098700243805,75,0.9,main,,,,2,981.0,1350.9,,,,main
main,50,trajectory,main,-1,0.934815068302698,6428.018425032797,6876.246054424286,75.91360373139923,372.31402566009,75,0.8,main,,,,2,981.0,1350.9,,,,main
main,50,random,main,4,0.7120050915994967,4895.922201841041,6876.246054424286,766.3145649819571,1214.0092876012875,75,0.8,main,,,,2,981.0,1350.9,,,,main
main,50,reference,main,-1,1.0,6876.246054424286,6876.246054424286,0.0,0.0,75,0.0,main,,,,2,981.0,1350.9,,,,main
main,50,value_based,main,4,0.9078172374546586,6242.374697185951,6876.246054424286,151.4827030513752,482.3886541869597,75,1.4,main,,,,3,981.0,1350.9,,,,main
main,50,supervised,main,4,0.8628389935547337,5933.093225034159,6876.246054424286,261.2225409436178,681.9302884465087,75,0.7,main,,,,3,981.0,1350.9,,,,main
main,50,persistence,main,-1,0.7508096139477377,5162.751645531953,6876.246054424286,452.1746741296447,1261.3197347626883,75,0.9,main,,,,3,981.0,1350.9,,,,main
main,50,trajectory,main,-1,0.9305225014612506,6398.501679225941,6876.246054424286,75.91360373139923,401.8307714669454,75,0.6,main,,,,3,981.0,1350.9,,,,main
main,50,random,main,4,0.7064796505648544,4857.9279097276285,6876.246054424286,742.1641109329257,1276.1540337637316,75,0.7,main,,,,3,981.0,1350.9,,,,main
main,50,reference,main,-1,1.0,6876.246054424286,6876.246054424286,0.0,0.0,75,0.0,main,,,,3,981.0,1350.9,,,,main
main,50,value_based,main,4,0.8998787135160478,6187.787453275126,6876.246054424286,108.7363789762112,579.7222221729489,75,1.5,main,,,,4,981.0,1350.9,,,,main
main,50,supervised,main,4,0.8738386243341186,6008.729392781029,6876.246054424286,287.4726100136195,580.0440516296376,75,0.9,main,,,,4,981.0,1350.9,,,,main
main,50,persistence,main,-1,0.7345970711046214,5051.2702117747895,6876.246054424286,452.1746741296447,1372.8011685198517,75,0.6,main,,,,4,981.0,1350.9,,,,main
main,50,trajectory,main,-1,0.9327294732733888,6413.677360441382,6876.246054424286,75.91360373139923,386.6550902515046,75,1.0,main,,,,4,981.0,1350.9,,,,main
main,50,random,main,4,0.7014778814181398,4823.534514367391,6876.246054424286,748.6587290947455,1304.0528109621491,75,0.9,main,,,,4,981.0,1350.9,,,,main
main,50,reference,main,-1,1.0,6876.246054424286,6876.246054424286,0.0,0.0,75,0.0,main,,,,4,981.0,1350.9,,,,main
metro,0,value_based,metro,0,0.9244775790961064,4568.632535097007,4941.853256802525,158.58259052818448,214.63813117733295,75,4305.6,metro,4303.4,167931.0,0.3630747514947015,7,1705.9,4365.2,,,,metro
metro,0,supervised,metro,0,0.9380885404203564,4635.895908645465,4941.853256802525,45.76329076199272,260.1940573950669,75,8.1,metro,,33429.0,,7,1705.9,4365.2,,,,metro
metro,0,persistence,metro,-1,0.8813916613617928,4355.708252219364,4941.853256802525,112.65199609524188,473.4930084879188,75,0.7,metro,,,,7,1705.9,4365.2,,,,metro
metro,0,trajectory,metro,-1,0.935482393978194,4623.01671536256,4941.853256802525,86.48679326565525,232.34974817430972,75,0.7,metro,,,,7,1705.9,4365.2,,,,metro
metro,0,random,metro,0,0.4753232292331577,2348.977648419773,4941.853256802525,1999.9365448771564,592.9390635055952,75,0.7,metro,,,,7,1705.9,4365.2,,,,metro
metro,0,reference,metro,-1,1.0,4941.853256802525,4941.853256802525,0.0,0.0,75,0.0,metro,,,,7,1705.9,4365.2,,,,metro
metro,0,value_based,metro,0,0.9216147095327808,4554.484653821685,4941.853256802525,153.055475806309,234.31312717453056,75,1.7,metro,,,,0,1705.9,4365.2,,,,metro
metro,0,supervised,metro,0,0.9340959150422502,4616.164939917479,4941.853256802525,45.76329076199272,279.9250261230536,75,0.8,metro,,,,0,1705.9,4365.2,,,,metro
metro,0,persistence,metro,-1,0.8800818538025591,4349.23537546698,4941.853256802525,112.65199609524188,479.9658852403026,75,0.7,metro,,,,0,1705.9,4365.2,,,,metro
metro,0,trajectory,metro,-1,0.9351100447612468,4621.176620172122,4941.853256802525,76.7085396668981,243.96809696350465,75,0.7,metro,,,,0,1705.9,4365.2,,,,metro
metro,0,random,metro,0,0.4775952688655296,2360.205734876595,4941.853256802525,1900.0968699563296,681.5506519696,75,0.7,metro,,,,0,1705.9,4365.2,,,,metro
metro,0,reference,metro,-1,1.0,4941.853256802525,4941.853256802525,0.0,0.0,75,0.0,metro,,,,0,1705.9,4365.2,,,,metro
metro,0,value_based,metro,0,0.9071105028027274,4482.806992555435,4941.853256802525,184.03669926980277,275.0095649772875,75,1.5,metro,,,,1,1705.9,4365.2,,,,metro
metro,0,supervised,metro,0,0.9306368748270551,4599.070870764606,4941.853256802525,47.80273409184701,294.9796519460715,75,0.6,metro,,,,1,1705.9,4365.2,,,,metro
metro,0,persistence,metro,-1,0.8819600233881661,4358.51701395044,4941.853256802525,112.65199609524188,470.6842467568431,75,0.6,metro,,,,1,1705.9,4365.2,,,,metro
metro,0,trajectory,metro,-1,0.9388139314017312,4639.480684429228,4941.853256802525,78.07638902278904,224.29618335050785,75,0.6,metro,,,,1,1705.9,4365.2,,,,metro
metro,0,random,metro,0,0.4942800274310336,2442.659363332494,4941.853256802525,1795.2163549157572,703.977538554273,75,0.6,metro,,,,1,1705.9,4365.2,,,,metro
metro,0,reference,metro,-1,1.0,4941.853256802525,4941.853256802525,0.0,0.0,75,0.0,metro,,,,1,1705.9,4365.2,,,,metro
metro,0,value_based,metro,0,0.9178848065437492,4536.052020587783,4941.853256802525,135.56522154064442,270.23601467409753,75,1.5,metro,,,,2,1705.9,4365.2,,,,metro
metro,0,supervised,metro,0,0.9430864452166352,4660.594820740144,4941.853256802525,43.00689132059415,238.25154474178635,75,0.6,metro,,,,2,1705.9,4365.2,,,,metro
metro,0,persistence,metro,-1,0.8805726906867163,4351.661019321511,4941.853256802525,112.65199609524188,477.5402413857719,75,0.7,metro,,,,2,1705.9,4365.2,,,,metro
metro,0,trajectory,metro,-1,0.9346131367581156,4618.7209737385165,4941.853256802525,76.7085396668981,246.42374339711023,75,0.6,metro,,,,2,1705.9,4365.2,,,,metro
metro,0,random,metro,0,0.4990682458562495,2466.322036151429,4941.853256802525,1800.159568414496,675.3716522365994,75,0.6,metro,,,,2,1705.9,4365.2,,,,metro
metro,0,reference,metro,-1,1.0,4941.853256802525,4941.853256802525,0.0,0.0,75,0.0,metro,,,,2,1705.9,4365.2,,,,metro
metro,0,value_based,metro,0,0.9351418971181868,4621.334029846003,4941.853256802525,117.07472689852602,203.44450005799536,75,1.4,metro,,,,3,1705.9,4365.2,,,,metro
metro,0,supervised,metro,0,0.9404647177229868,4647.63862818721,4941.853256802525,45.76329076199272,248.451337853322,75,0.6,metro,,,,3,1705.9,4365.2,,,,metro
metro,0,persistence,metro,-1,0.8805726906867163,4351.661019321511,4941.853256802525,112.65199609524188,477.5402413857719,75,0.8,metro,,,,3,1705.9,4365.2,,,,metro
metro,0,trajectory,metro,-1,0.9351100447612468,4621.176620172122,4941.853256802525,76.7085396668981,243.96809696350465,75,0.8,metro,,,,3,1705.9,4365.2,,,,metro
metro,0,random,metro,0,0.4481826918159189,2214.853095193021,4941.853256802525,2157.969557777508,569.0306038319964,75,0.9,metro,,,,3,1705.9,4365.2,,,,metro
metro,0,reference,metro,-1,1.0,4941.853256802525,4941.853256802525,0.0,0.0,75,0.0,metro,,,,3,1705.9,4365.2,,,,metro
metro,0,value_based,metro,0,0.929451125825932,4593.211073201655,4941.853256802525,73.14471300450805,275.4974705963614,75,2.3,metro,,,,4,1705.9,4365.2,,,,metro
metro,0,supervised,metro,0,0.9370674921482222,4630.850037916466,4941.853256802525,46.56529167020926,264.4379272158494,75,1.0,metro,,,,4,1705.9,4365.2,,,,metro
metro,0,persistence,metro,-1,0.8762381740951672,4330.2404743869,4941.853256802525,120.64402346255883,490.9687589530658,75,0.9,metro,,,,4,1705.9,4365.2,,,,metro
metro,0,trajectory,metro,-1,0.9255590012567352,4573.9767647234885,4941.853256802525,76.7085396668981,291.1679524121382,75,0.9,metro,,,,4,1705.9,4365.2,,,,metro
metro,0,random,metro,0,0.49165135091219,2429.668829716767,4941.853256802525,1824.5014255969656,687.6830014887919,75,0.9,metro,,,,4,1705.9,4365.2,,,,metro
metro,0,reference,metro,-1,1.0,4941.853256802525,4941.853256802525,0.0,0.0,75,0.0,metro,,,,4,1705.9,4365.2,,,,metro
metro,0,value_based,metro,1,0.8985290948127993,4440.398933532457,4941.853256802525,192.26358158707532,309.19074168299267,75,4328.6,metro,4326.8,167866.0,0.3620927701240065,7,1701.3,4393.8,,,,metro
metro,0,supervised,metro,1,0.936010765622926,4625.627850495882,4941.853256802525,53.49081084934642,262.73459545729656,75,10.9,metro,,33339.0,,7,1701.3,4393.8,,,,metro
metro,0,persistence,metro,-1,0.8813916613617928,4355.708252219364,4941.853256802525,112.65199609524188,473.4930084879188,75,0.6,metro,,,,7,1701.3,4393.8,,,,metro
metro,0,trajectory,metro,-1,0.935482393978194,4623.01671536256,4941.853256802525,86.48679326565525,232.34974817430972,75,0.6,metro,,,,7,1701.3,4393.8,,,,metro
metro,0,random,metro,1,0.4670490065113901,2308.087653914697,4941.853256802525,1764.3708426780763,869.3947602097514,75,0.8,metro,,,,7,1701.3,4393.8,,,,metro
metro,0,reference,metro,-1,1.0,4941.853256802525,4941.853256802525,0.0,0.0,75,0.0,metro,,,,7,1701.3,4393.8,,,,metro
metro,0,value_based,metro,1,0.930617834107165,4598.976774321005,4941.853256802525,104.3910224141664,238.48546006735344,75,1.5,metro,,,,0,1701.3,4393.8,,,,metro
metro,0,supervised,metro,1,0.9314210843889574,4602.946319342109,4941.853256802525,53.49081084934642,285.4161266110696,75,0.7,metro,,,,0,1701.3,4393.8,,,,metro
metro,0,persistence,metro,-1,0.8800818538025591,4349.23537546698,4941.853256802525,112.65199609524188,479.9658852403026,75,0.6,metro,,,,0,1701.3,4393.8,,,,metro
metro,0,trajectory,metro,-1,0.9351100447612468,4621.176620172122,4941.853256802525,76.7085396668981,243.96809696350465,75,0.6,metro,,,,0,1701.3,4393.8,,,,metro
metro,0,random,metro,1,0.43388871211716,2144.214345066041,4941.853256802525,2055.674626508963,741.9642852275215,75,0.6,metro,,,,0,1701.3,4393.8,,,,metro
metro,0,reference,metro,-1,1.0,4941.853256802525,4941.853256802525,0.0,0.0,75,0.0,metro,,,,0,1701.3,4393.8,,,,metro
metro,0,value_based,metro,1,0.9141417321116392,4517.554296015005,4941.853256802525,156.40782863204095,267.8911321554788,75,1.5,metro,,,,1,1701.3,4393.8,,,,metro
metro,0,supervised,metro,1,0.9400500392236008,4645.589347894493,4941.853256802525,54.07738413975039,242.1865247682817,75,0.7,metro,,,,1,1701.3,4393.8,,,,metro
metro,0,persistence,metro,-1,0.8819600233881661,4358.51701395044,4941.853256802525,112.65199609524188,470.6842467568431,75,0.6,metro,,,,1,1701.3,4393.8,,,,metro
metro,0,trajectory,metro,-1,0.9388139314017312,4639.480684429228,4941.853256802525,78.07638902278904,224.29618335050785,75,0.7,metro,,,,1,1701.3,4393.8,,,,metro
metro,0,random,metro,1,0.4539990106110397,2243.5964891732906,4941.853256802525,2099.962756821242,598.2940108079924,75,0.8,metro,,,,1,1701.3,4393.8,,,,metro
metro,0,reference,metro,-1,1.0,4941.853256802525,4941.853256802525,0.0,0.0,75,0.0,metro,,,,1,1701.3,4393.8,,,,metro
metro,0,value_based,metro,1,0.9247732944764496,4570.093917112444,4941.853256802525,110.24282454970307,261.51651514037803,75,1.8,metro,,,,2,1701.3,4393.8,,,,metro
metro,0,supervised,metro,1,0.9392296398242068,4641.535054450718,4941.853256802525,47.63390757852813,252.68429477327845,75,0.8,metro,,,,2,1701.3,4393.8,,,,metro
metro,0,persistence,metro,-1,0.8805726906867163,4351.661019321511,4941.853256802525,112.65199609524188,477.5402413857719,75,0.9,metro,,,,2,1701.3,4393.8,,,,metro
metro,0,trajectory,metro,-1,0.9346131367581156,4618.7209737385165,4941.853256802525,76.7085396668981,246.42374339711023,75,0.8,metro,,,,2,1701.3,4393.8,,,,metro
metro,0,random,metro,1,0.4822212437606806,2383.066623978084,4941.853256802525,1853.194395926212,705.5922368982292,75,0.8,metro,,,,2,1701.3,4393.8,,,,metro
metro,0,reference,metro,-1,1.0,4941.853256802525,4941.853256802525,0.0,0.0,75,0.0,metro,,,,2,1701.3,4393.8,,,,metro
metro,0,value_based,metro,1,0.9198815614776504,4545.919690460919,4941.853256802525,123.42351698680524,272.5100493548007,75,2.0,metro,,,,3,1701.3,4393.8,,,,metro
metro,0,supervised,metro,1,0.9483727378631028,4686.718903271502,4941.853256802525,47.63390757852813,207.5004459524944,75,0.9,metro,,,,3,1701.3,4393.8,,,,metro
metro,0,persistence,metro,-1,0.8805726906867163,4351.661019321511,4941.853256802525,112.65199609524188,477.5402413857719,75,0.8,metro,,,,3,1701.3,4393.8,,,,metro
metro,0,trajectory,metro,-1,0.9351100447612468,4621.176620172122,4941.853256802525,76.7085396668981,243.96809696350465,75,0.7,metro,,,,3,1701.3,4393.8,,,,metro
metro,0,random,metro,1,0.4788221311369179,2366.268708188104,4941.853256802525,1842.3121761966468,733.2723724177745,75,0.7,metro,,,,3,1701.3,4393.8,,,,metro
metro,0,reference,metro,-1,1.0,4941.853256802525,4941.853256802525,0.0,0.0,75,0.0,metro,,,,3,1701.3,4393.8,,,,metro
metro,0,value_based,metro,1,0.9036619919298928,4465.764957867398,4941.853256802525,156.2112530101249,319.87704592500177,75,1.7,metro,,,,4,1701.3,4393.8,,,,metro
metro,0,supervised,metro,1,0.9276046260652904,4584.085942345843,4941.853256802525,56.32902631987509,301.4382881368065,75,0.8,metro,,,,4,1701.3,4393.8,,,,metro
metro,0,persistence,metro,-1,0.8762381740951672,4330.2404743869,4941.853256802525,120.64402346255883,490.9687589530658,75,0.8,metro,,,,4,1701.3,4393.8,,,,metro
metro,0,trajectory,metro,-1,0.9255590012567352,4573.9767647234885,4941.853256802525,76.7085396668981,291.1679524121382,75,0.7,metro,,,,4,1701.3,4393.8,,,,metro
metro,0,random,metro,1,0.451216483547231,2229.845648740866,4941.853256802525,2177.186567508794,534.8210405528644,75,0.8,metro,,,,4,1701.3,4393.8,,,,metro
metro,0,reference,metro,-1,1.0,4941.853256802525,4941.853256802525,0.0,0.0,75,0.0,metro,,,,4,1701.3,4393.8,,,,metro
metro,0,value_based,metro,2,0.9078291138051848,4486.358262678303,4941.853256802525,119.73925312383562,335.7557410003865,75,4424.0,metro,4422.4,168043.0,0.3600425105754865,7,1699.1,4482.6,,,,metro
metro,0,supervised,metro,2,0.9437619955819548,4663.933291513134,4941.853256802525,40.28954523081484,237.6304200585764,75,8.7,metro,,33448.0,,7,1699.1,4482.6,,,,metro
metro,0,persistence,metro,-1,0.8813916613617928,4355.708252219364,4941.853256802525,112.65199609524188,473.4930084879188,75,0.7,metro,,,,7,1699.1,4482.6,,,,metro
metro,0,trajectory,metro,-1,0.935482393978194,4623.01671536256,4941.853256802525,86.48679326565525,232.34974817430972,75,0.7,metro,,,,7,1699.1,4482.6,,,,metro
metro,0,random,metro,2,0.4361824622753567,2155.549721755616,4941.853256802525,2141.300856626613,645.0026784202955,75,0.7,metro,,,,7,1699.1,4482.6,,,,metro
metro,0,reference,metro,-1,1.0,4941.853256802525,4941.853256802525,0.0,0.0,75,0.0,metro,,,,7,1699.1,4482.6,,,,metro
metro,0,value_based,metro,2,0.9329433871053296,4610.469315978851,4941.853256802525,84.03749027559843,247.34645054807515,75,1.6,metro,,,,0,1699.1,4482.6,,,,metro
metro,0,supervised,metro,2,0.9254133411329916,4573.25693376658,4941.853256802525,39.59774788846971,328.9985751474751,75,0.7,metro,,,,0,1699.1,4482.6,,,,metro
metro,0,persistence,metro,-1,0.8800818538025591,4349.23537546698,4941.853256802525,112.65199609524188,479.9658852403026,75,0.7,metro,,,,0,1699.1,4482.6,,,,metro
metro,0,trajectory,metro,-1,0.9351100447612468,4621.176620172122,4941.853256802525,76.7085396668981,243.96809696350465,75,0.6,metro,,,,0,1699.1,4482.6,,,,metro
metro,0,random,metro,2,0.4886686567919719,2414.928793064721,4941.853256802525,1775.566732794539,751.3577309432644,75,0.7,metro,,,,0,1699.1,4482.6,,,,metro
metro,0,reference,metro,-1,1.0,4941.853256802525,4941.853256802525,0.0,0.0,75,0.0,metro,,,,0,1699.1,4482.6,,,,metro
metro,0,value_based,metro,2,0.9248961060341226,4570.700833808703,4941.853256802525,103.24354496172236,267.9088780320999,75,1.6,metro,,,,1,1699.1,4482.6,,,,metro
metro,0,supervised,metro,2,0.9289823917624483,4590.894658243455,4941.853256802525,39.59774788846971,311.3608506706005,75,0.7,metro,,,,1,1699.1,4482.6,,,,metro
metro,0,persistence,metro,-1,0.8819600233881661,4358.51701395044,4941.853256802525,112.65199609524188,470.6842467568431,75,0.7,metro,,,,1,1699.1,4482.6,,,,metro
metro,0,trajectory,metro,-1,0.9388139314017312,4639.480684429228,4941.853256802525,78.07638902278904,224.29618335050785,75,0.7,metro,,,,1,1699.1,4482.6,,,,metro
metro,0,random,metro,2,0.5068985159945336,2505.0180821359527,4941.853256802525,1592.9298572888029,843.9053173777693,75,0.7,metro,,,,1,1699.1,4482.6,,,,metro
metro,0,reference,metro,-1,1.0,4941.853256802525,4941.853256802525,0.0,0.0,75,0.0,metro,,,,1,1699.1,4482.6,,,,metro
metro,0,value_based,metro,2,0.927719768531452,4584.654959517241,4941.853256802525,99.66705889386049,257.53123839142336,75,1.7,metro,,,,2,1699.1,4482.6,,,,metro
metro,0,supervised,metro,2,0.9412119933623,4651.331554739079,4941.853256802525,40.28954523081484,250.23215683263152,75,0.7,metro,,,,2,1699.1,4482.6,,,,metro
metro,0,persistence,metro,-1,0.8805726906867163,4351.661019321511,4941.853256802525,112.65199609524188,477.5402413857719,75,0.8,metro,,,,2,1699.1,4482.6,,,,metro
metro,0,trajectory,metro,-1,0.9346131367581156,4618.7209737385165,4941.853256802525,76.7085396668981,246.42374339711023,75,0.7,metro,,,,2,1699.1,4482.6,,,,metro
metro,0,random,metro,2,0.4910157669946615,2426.527867263957,4941.853256802525,1955.2221642989457,560.1032252396217,75,0.7,metro,,,,2,1699.1,4482.6,,,,metro
metro,0,reference,metro,-1,1.0,4941.853256802525,4941.853256802525,0.0,0.0,75,0.0,metro,,,,2,1699.1,4482.6,,,,metro
metro,0,value_based,metro,2,0.9312780123547888,4602.239278344096,4941.853256802525,79.54664785853947,260.06733059988983,75,1.7,metro,,,,3,1699.1,4482.6,,,,metro
metro,0,supervised,metro,2,0.9435288080809756,4662.780913101973,4941.853256802525,39.193092158696345,239.8792515418554,75,0.7,metro,,,,3,1699.1,4482.6,,,,metro
metro,0,persistence,metro,-1,0.8805726906867163,4351.661019321511,4941.853256802525,112.65199609524188,477.5402413857719,75,0.7,metro,,,,3,1699.1,4482.6,,,,metro
metro,0,trajectory,metro,-1,0.9351100447612468,4621.176620172122,4941.853256802525,76.7085396668981,243.96809696350465,75,0.7,metro,,,,3,1699.1,4482.6,,,,metro
metro,0,random,metro,2,0.4534584273516037,2240.925006032074,4941.853256802525,2075.2496286380688,625.6786221323819,75,0.7,metro,,,,3,1699.1,4482.6,,,,metro
metro,0,reference,metro,-1,1.0,4941.853256802525,4941.853256802525,0.0,0.0,75,0.0,metro,,,,3,1699.1,4482.6,,,,metro
metro,0,value_based,metro,2,0.9104435907484356,4499.278624075141,4941.853256802525,119.0667926688593,323.5078400585244,75,1.7,metro,,,,4,1699.1,4482.6,,,,metro
metro,0,supervised,metro,2,0.925870222381556,4575.51477385277,4941.853256802525,39.59774788846971,326.7407350612848,75,1.0,metro,,,,4,1699.1,4482.6,,,,metro
metro,0,persistence,metro,-1,0.8762381740951672,4330.2404743869,4941.853256802525,120.64402346255883,490.9687589530658,75,1.0,metro,,,,4,1699.1,4482.6,,,,metro
metro,0,trajectory,metro,-1,0.9255590012567352,4573.9767647234885,4941.853256802525,76.7085396668981,291.1679524121382,75,0.9,metro,,,,4,1699.1,4482.6,,,,metro
metro,0,random,metro,2,0.4785197225585114,2364.77424937002,4941.853256802525,1874.9019198073952,702.1770876251094,75,1.0,metro,,,,4,1699.1,4482.6,,,,metro
metro,0,reference,metro,-1,1.0,4941.853256802525,4941.853256802525,0.0,0.0,75,0.0,metro,,,,4,1699.1,4482.6,,,,metro
metro,0,value_based,metro,3,0.9381530363429992,4636.214638030829,4941.853256802525,112.78482349649676,192.85379527519945,75,4128.4,metro,4126.4,167867.0,0.3619311270014677,7,1695.8,4193.8,,,,metro
metro,0,supervised,metro,3,0.9275595343118028,4583.863105517016,4941.853256802525,37.464912115522566,320.525239169986,75,10.8,metro,,33392.0,,7,1695.8,4193.8,,,,metro
metro,0,persistence,metro,-1,0.8813916613617928,4355.708252219364,4941.853256802525,112.65199609524188,473.4930084879188,75,0.8,metro,,,,7,1695.8,4193.8,,,,metro
metro,0,trajectory,metro,-1,0.935482393978194,4623.01671536256,4941.853256802525,86.48679326565525,232.34974817430972,75,0.9,metro,,,,7,1695.8,4193.8,,,,metro
metro,0,random,metro,3,0.4538329362796767,2242.775774197973,4941.853256802525,2163.856605040132,535.2208775644199,75,0.9,metro,,,,7,1695.8,4193.8,,,,metro
metro,0,reference,metro,-1,1.0,4941.853256802525,4941.853256802525,0.0,0.0,75,0.0,metro,,,,7,1695.8,4193.8,,,,metro
metro,0,value_based,metro,3,0.925729565156639,4574.819666487721,4941.853256802525,80.14869696759888,286.8848933472045,75,1.9,metro,,,,0,1695.8,4193.8,,,,metro
metro,0,supervised,metro,3,0.9409749621334432,4650.160181188789,4941.853256802525,39.47057164192847,252.22250397180775,75,1.0,metro,,,,0,1695.8,4193.8,,,,metro
metro,0,persistence,metro,-1,0.8800818538025591,4349.23537546698,4941.853256802525,112.65199609524188,479.9658852403026,75,0.7,metro,,,,0,1695.8,4193.8,,,,metro
metro,0,trajectory,metro,-1,0.9351100447612468,4621.176620172122,4941.853256802525,76.7085396668981,243.96809696350465,75,0.6,metro,,,,0,1695.8,4193.8,,,,metro
metro,0,random,metro,3,0.480083802550605,2372.5037031728475,4941.853256802525,1823.6565413641529,745.6930122655244,75,0.7,metro,,,,0,1695.8,4193.8,,,,metro
metro,0,reference,metro,-1,1.0,4941.853256802525,4941.853256802525,0.0,0.0,75,0.0,metro,,,,0,1695.8,4193.8,,,,metro
metro,0,value_based,metro,3,0.9159683544971428,4526.581195799755,4941.853256802525,152.16319131574164,263.10886968702835,75,1.7,metro,,,,1,1695.8,4193.8,,,,metro
metro,0,supervised,metro,3,0.931136210346366,4601.53851362695,4941.853256802525,39.47057164192847,300.84417153364666,75,0.8,metro,,,,1,1695.8,4193.8,,,,metro
metro,0,persistence,metro,-1,0.8819600233881661,4358.51701395044,4941.853256802525,112.65199609524188,470.6842467568431,75,0.8,metro,,,,1,1695.8,4193.8,,,,metro
metro,0,trajectory,metro,-1,0.9388139314017312,4639.480684429228,4941.853256802525,78.07638902278904,224.29618335050785,75,0.7,metro,,,,1,1695.8,4193.8,,,,metro
metro,0,random,metro,3,0.4891392584265382,2417.25443728516,4941.853256802525,1926.2744907225945,598.3243287947707,75,0.7,metro,,,,1,1695.8,4193.8,,,,metro
metro,0,reference,metro,-1,1.0,4941.853256802525,4941.853256802525,0.0,0.0,75,0.0,metro,,,,1,1695.8,4193.8,,,,metro
metro,0,value_based,metro,3,0.93170876484015,4604.367993916752,4941.853256802525,84.33900241002084,253.1462604757517,75,1.7,metro,,,,2,1695.8,4193.8,,,,metro
metro,0,supervised,metro,3,0.943267631481011,4661.490216670838,4941.853256802525,34.62669664499299,245.73634348669384,75,0.8,metro,,,,2,1695.8,4193.8,,,,metro
metro,0,persistence,metro,-1,0.8805726906867163,4351.661019321511,4941.853256802525,112.65199609524188,477.5402413857719,75,0.8,metro,,,,2,1695.8,4193.8,,,,metro
metro,0,trajectory,metro,-1,0.9346131367581156,4618.7209737385165,4941.853256802525,76.7085396668981,246.42374339711023,75,0.8,metro,,,,2,1695.8,4193.8,,,,metro
metro,0,random,metro,3,0.4743945207300757,2344.388107279198,4941.853256802525,2137.734644389679,459.730505133648,75,0.8,metro,,,,2,1695.8,4193.8,,,,metro
metro,0,reference,metro,-1,1.0,4941.853256802525,4941.853256802525,0.0,0.0,75,0.0,metro,,,,2,1695.8,4193.8,,,,metro
metro,0,value_based,metro,3,0.9313934546582058,4602.809777267209,4941.853256802525,142.45802355339038,196.5854559819254,75,1.5,metro,,,,3,1695.8,4193.8,,,,metro
metro,0,supervised,metro,3,0.9380171706343498,4635.543209636051,4941.853256802525,46.66481601641499,259.64523115005886,75,0.7,metro,,,,3,1695.8,4193.8,,,,metro
metro,0,persistence,metro,-1,0.8805726906867163,4351.661019321511,4941.853256802525,112.65199609524188,477.5402413857719,75,0.7,metro,,,,3,1695.8,4193.8,,,,metro
metro,0,trajectory,metro,-1,0.9351100447612468,4621.176620172122,4941.853256802525,76.7085396668981,243.96809696350465,75,0.7,metro,,,,3,1695.8,4193.8,,,,metro
metro,0,random,metro,3,0.4974349668019516,2458.2506107376803,4941.853256802525,1522.0852413772163,961.5174046876282,75,0.7,metro,,,,3,1695.8,4193.8,,,,metro
metro,0,reference,metro,-1,1.0,4941.853256802525,4941.853256802525,0.0,0.0,75,0.0,metro,,,,3,1695.8,4193.8,,,,metro
metro,0,value_based,metro,3,0.9346716694825444,4619.010233873365,4941.853256802525,73.41375868475643,249.42926424440336,75,1.6,metro,,,,4,1695.8,4193.8,,,,metro
metro,0,supervised,metro,3,0.9386235754067468,4638.539973035462,4941.853256802525,46.05257278017234,257.26071098689044,75,0.8,metro,,,,4,1695.8,4193.8,,,,metro
metro,0,persistence,metro,-1,0.8762381740951672,4330.2404743869,4941.853256802525,120.64402346255883,490.9687589530658,75,0.7,metro,,,,4,1695.8,4193.8,,,,metro
metro,0,trajectory,metro,-1,0.9255590012567352,4573.9767647234885,4941.853256802525,76.7085396668981,291.1679524121382,75,0.7,metro,,,,4,1695.8,4193.8,,,,metro
metro,0,random,metro,3,0.4625610326218375,2285.908745532167,4941.853256802525,2079.118626905734,576.825884364624,75,0.7,metro,,,,4,1695.8,4193.8,,,,metro
metro,0,reference,metro,-1,1.0,4941.853256802525,4941.853256802525,0.0,0.0,75,0.0,metro,,,,4,1695.8,4193.8,,,,metro
metro,0,value_based,metro,4,0.9443698782734636,4666.93735857192,4941.853256802525,60.50797649616561,214.4079217344397,75,4169.3,metro,4167.7,167935.0,0.3606170356988673,7,1696.9,4227.7,,,,metro
metro,0,supervised,metro,4,0.9371832305905606,4631.422000314674,4941.853256802525,48.42991431451173,262.00134217333925,75,8.0,metro,,33427.0,,7,1696.9,4227.7,,,,metro
metro,0,persistence,metro,-1,0.8813916613617928,4355.708252219364,4941.853256802525,112.65199609524188,473.4930084879188,75,0.7,metro,,,,7,1696.9,4227.7,,,,metro
metro,0,trajectory,metro,-1,0.935482393978194,4623.01671536256,4941.853256802525,86.48679326565525,232.34974817430972,75,0.6,metro,,,,7,1696.9,4227.7,,,,metro
metro,0,random,metro,4,0.4012706232894752,1983.0205365622724,4941.853256802525,2260.573683186828,698.2590370534244,75,0.6,metro,,,,7,1696.9,4227.7,,,,metro
metro,0,reference,metro,-1,1.0,4941.853256802525,4941.853256802525,0.0,0.0,75,0.0,metro,,,,7,1696.9,4227.7,,,,metro
metro,0,value_based,metro,4,0.940970433811256,4650.13780288504,4941.853256802525,39.29802711605316,252.41742680143216,75,1.9,metro,,,,0,1696.9,4227.7,,,,metro
metro,0,supervised,metro,4,0.934299357611418,4617.1703232404925,4941.853256802525,45.996354573755525,278.6865789882768,75,0.8,metro,,,,0,1696.9,4227.7,,,,metro
metro,0,persistence,metro,-1,0.8800818538025591,4349.23537546698,4941.853256802525,112.65199609524188,479.9658852403026,75,0.6,metro,,,,0,1696.9,4227.7,,,,metro
metro,0,trajectory,metro,-1,0.9351100447612468,4621.176620172122,4941.853256802525,76.7085396668981,243.96809696350465,75,0.8,metro,,,,0,1696.9,4227.7,,,,metro
metro,0,random,metro,4,0.4800326933788805,2372.2511291461087,4941.853256802525,1657.0650081214303,912.5371195349858,75,0.7,metro,,,,0,1696.9,4227.7,,,,metro
metro,0,reference,metro,-1,1.0,4941.853256802525,4941.853256802525,0.0,0.0,75,0.0,metro,,,,0,1696.9,4227.7,,,,metro
metro,0,value_based,metro,4,0.8951149854502917,4423.526906060269,4941.853256802525,129.40713452769705,388.9192162145591,75,1.6,metro,,,,1,1696.9,4227.7,,,,metro
metro,0,supervised,metro,4,0.939193324661282,4641.355590244548,4941.853256802525,47.62285252289439,252.87481403508264,75,0.7,metro,,,,1,1696.9,4227.7,,,,metro
metro,0,persistence,metro,-1,0.8819600233881661,4358.51701395044,4941.853256802525,112.65199609524188,470.6842467568431,75,0.7,metro,,,,1,1696.9,4227.7,,,,metro
metro,0,trajectory,metro,-1,0.9388139314017312,4639.480684429228,4941.853256802525,78.07638902278904,224.29618335050785,75,0.7,metro,,,,1,1696.9,4227.7,,,,metro
metro,0,random,metro,4,0.478287277700981,2363.6255409938067,4941.853256802525,1490.860001854875,1087.3677139538431,75,0.7,metro,,,,1,1696.9,4227.7,,,,metro
metro,0,reference,metro,-1,1.0,4941.853256802525,4941.853256802525,0.0,0.0,75,0.0,metro,,,,1,1696.9,4227.7,,,,metro
metro,0,value_based,metro,4,0.9208291349375236,4550.602459449652,4941.853256802525,96.23099415489014,295.0198031979826,75,1.6,metro,,,,2,1696.9,4227.7,,,,metro
metro,0,supervised,metro,4,0.9373171213283024,4632.083668693039,4941.853256802525,41.17937596167121,268.5902121478148,75,0.9,metro,,,,2,1696.9,4227.7,,,,metro
metro,0,persistence,metro,-1,0.8805726906867163,4351.661019321511,4941.853256802525,112.65199609524188,477.5402413857719,75,0.7,metro,,,,2,1696.9,4227.7,,,,metro
metro,0,trajectory,metro,-1,0.9346131367581156,4618.7209737385165,4941.853256802525,76.7085396668981,246.42374339711023,75,0.7,metro,,,,2,1696.9,4227.7,,,,metro
metro,0,random,metro,4,0.4787028212800787,2365.6790963835138,4941.853256802525,1746.8463786763757,829.3277817426356,75,0.8,metro,,,,2,1696.9,4227.7,,,,metro
metro,0,reference,metro,-1,1.0,4941.853256802525,4941.853256802525,0.0,0.0,75,0.0,metro,,,,2,1696.9,4227.7,,,,metro
metro,0,value_based,metro,4,0.8919976112057245,4408.121299997082,4941.853256802525,139.74261215700426,393.9893446484384,75,1.6,metro,,,,3,1696.9,4227.7,,,,metro
metro,0,supervised,metro,4,0.9405042905096654,4647.834191091938,4941.853256802525,54.959626670945,239.0594390396418,75,0.7,metro,,,,3,1696.9,4227.7,,,,metro
metro,0,persistence,metro,-1,0.8805726906867163,4351.661019321511,4941.853256802525,112.65199609524188,477.5402413857719,75,0.7,metro,,,,3,1696.9,4227.7,,,,metro
metro,0,trajectory,metro,-1,0.9351100447612468,4621.176620172122,4941.853256802525,76.7085396668981,243.96809696350465,75,0.7,metro,,,,3,1696.9,4227.7,,,,metro
metro,0,random,metro,4,0.4132489794358173,2042.2158148952133,4941.853256802525,2085.108903058225,814.5285388490863,75,0.7,metro,,,,3,1696.9,4227.7,,,,metro
metro,0,reference,metro,-1,1.0,4941.853256802525,4941.853256802525,0.0,0.0,75,0.0,metro,,,,3,1696.9,4227.7,,,,metro
metro,0,value_based,metro,4,0.9331185283337172,4611.33483822876,4941.853256802525,46.78549090516026,283.73292766860504,75,1.6,metro,,,,4,1696.9,4227.7,,,,metro
metro,0,supervised,metro,4,0.933878913388395,4615.092549587643,4941.853256802525,45.59169884398216,281.1690083709,75,0.7,metro,,,,4,1696.9,4227.7,,,,metro
metro,0,persistence,metro,-1,0.8762381740951672,4330.2404743869,4941.853256802525,120.64402346255883,490.9687589530658,75,0.7,metro,,,,4,1696.9,4227.7,,,,metro
metro,0,trajectory,metro,-1,0.9255590012567352,4573.9767647234885,4941.853256802525,76.7085396668981,291.1679524121382,75,0.7,metro,,,,4,1696.9,4227.7,,,,metro
metro,0,random,metro,4,0.4156212120839614,2053.939040533338,4941.853256802525,2199.950660508022,687.963555761165,75,0.7,metro,,,,4,1696.9,4227.7,,,,metro
metro,0,reference,metro,-1,1.0,4941.853256802525,4941.853256802525,0.0,0.0,75,0.0,metro,,,,4,1696.9,4227.7,,,,metro
metro,20,value_based,metro,0,0.9460836753926388,4675.406692446814,4941.853256802525,79.69604651858208,186.75051783712843,75,683.1,metro,681.1,15000.0,0.8920284379993485,7,887.5,747.5,,,,metro
metro,20,supervised,metro,0,0.95201785893156,4704.732556695096,4941.853256802525,67.13845819587368,169.98224191155532,75,10.7,metro,,3150.0,,7,887.5,747.5,,,,metro
metro,20,persistence,metro,-1,0.901600399710952,4455.576871646026,4941.853256802525,120.23596793280012,366.04041722369857,75,1.1,metro,,,,7,887.5,747.5,,,,metro
metro,20,trajectory,metro,-1,0.9497772296501112,4693.659695583282,4941.853256802525,72.38969060514955,175.80387061409328,75,1.2,metro,,,,7,887.5,747.5,,,,metro
metro,20,random,metro,0,0.7890849601693043,3899.542080306567,4941.853256802525,431.26706886491775,611.0441076310399,75,1.1,metro,,,,7,887.5,747.5,,,,metro
metro,20,reference,metro,-1,1.0,4941.853256802525,4941.853256802525,0.0,0.0,75,0.0,metro,,,,7,887.5,747.5,,,,metro
metro,20,value_based,metro,0,0.9501247540099992,4695.377109973013,4941.853256802525,76.31046552848784,170.16568130102405,75,2.6,metro,,,,0,887.5,747.5,,,,metro
metro,20,supervised,metro,0,0.9558568506713996,4723.704290527461,4941.853256802525,62.063049193480765,156.08591708158292,75,1.5,metro,,,,0,887.5,747.5,,,,metro
metro,20,persistence,metro,-1,0.8927822378551783,4411.998809760059,4941.853256802525,116.48888333471405,413.3655637077518,75,1.7,metro,,,,0,887.5,747.5,,,,metro
metro,20,trajectory,metro,-1,0.9528304830762586,4708.748425971132,4941.853256802525,72.38969060514955,160.71514022624342,75,1.0,metro,,,,0,887.5,747.5,,,,metro
metro,20,random,metro,0,0.7855405663533427,3882.026206183766,4941.853256802525,549.629101232138,510.1979493866206,75,1.1,metro,,,,0,887.5,747.5,,,,metro
metro,20,reference,metro,-1,1.0,4941.853256802525,4941.853256802525,0.0,0.0,75,0.0,metro,,,,0,887.5,747.5,,,,metro
metro,20,value_based,metro,0,0.9457986649830022,4673.99821282573,4941.853256802525,71.25620698323019,196.59883699356487,75,1.2,metro,,,,1,887.5,747.5,,,,metro
metro,20,supervised,metro,0,0.9403226511438292,4646.936556000317,4941.853256802525,66.70114871227906,228.21555208992868,75,1.0,metro,,,,1,887.5,747.5,,,,metro
metro,20,persistence,metro,-1,0.8935612529466558,4415.848588026975,4941.853256802525,115.21508240040112,410.78958637514825,75,0.9,metro,,,,1,887.5,747.5,,,,metro
metro,20,trajectory,metro,-1,0.9494561312780126,4692.0728745473725,4941.853256802525,82.75154394947549,167.0288383056768,75,1.0,metro,,,,1,887.5,747.5,,,,metro
metro,20,random,metro,0,0.7873509365785791,3890.9727901773695,4941.853256802525,497.3677540675253,553.51271255763,75,1.0,metro,,,,1,887.5,747.5,,,,metro
metro,20,reference,metro,-1,1.0,4941.853256802525,4941.853256802525,0.0,0.0,75,0.0,metro,,,,1,887.5,747.5,,,,metro
metro,20,value_based,metro,0,0.9475779352873742,4682.791105574122,4941.853256802525,92.88824027543706,166.17391095296534,75,2.1,metro,,,,2,887.5,747.5,,,,metro
metro,20,supervised,metro,0,0.9486834073628212,4688.254186350475,4941.853256802525,67.13845819587368,186.46061225617632,75,0.9,metro,,,,2,887.5,747.5,,,,metro
metro,20,persistence,metro,-1,0.9061909063192368,4478.262481678553,4941.853256802525,113.92159744592573,349.66917767804625,75,1.0,metro,,,,2,887.5,747.5,,,,metro
metro,20,trajectory,metro,-1,0.9490434735189708,4690.033580456907,4941.853256802525,78.17803097259002,173.64164537302804,75,1.1,metro,,,,2,887.5,747.5,,,,metro
metro,20,random,metro,0,0.8051283261450776,3978.826040704017,4941.853256802525,462.72927909993086,500.2979369985769,75,1.0,metro,,,,2,887.5,747.5,,,,metro
metro,20,reference,metro,-1,1.0,4941.853256802525,4941.853256802525,0.0,0.0,75,0.0,metro,,,,2,887.5,747.5,,,,metro
metro,20,value_based,metro,0,0.942016053063572,4655.305099792473,4941.853256802525,98.28309504374738,188.26506196630453,75,1.6,metro,,,,3,887.5,747.5,,,,metro
metro,20,supervised,metro,0,0.9490190138193682,4689.912704210765,4941.853256802525,66.09324892621589,185.84730366554413,75,1.0,metro,,,,3,887.5,747.5,,,,metro
metro,20,persistence,metro,-1,0.8974831871819388,4435.230211500574,4941.853256802525,121.61296472137292,385.0100805805778,75,0.9,metro,,,,3,887.5,747.5,,,,metro
metro,20,trajectory,metro,-1,0.9497517061992834,4693.533562434684,4941.853256802525,72.38240291665807,175.93729145118323,75,1.0,metro,,,,3,887.5,747.5,,,,metro
metro,20,random,metro,0,0.7935930930658133,3921.820611543279,4941.853256802525,505.6355149682795,514.3971302909667,75,1.1,metro,,,,3,887.5,747.5,,,,metro
metro,20,reference,metro,-1,1.0,4941.853256802525,4941.853256802525,0.0,0.0,75,0.0,metro,,,,3,887.5,747.5,,,,metro
metro,20,value_based,metro,0,0.9363809942249008,4627.457465918313,4941.853256802525,75.68742653835034,238.7083643458618,75,1.1,metro,,,,4,887.5,747.5,,,,metro
metro,20,supervised,metro,0,0.9446508003822242,4668.325634410006,4941.853256802525,63.58502635519199,209.94259603732644,75,1.1,metro,,,,4,887.5,747.5,,,,metro
metro,20,persistence,metro,-1,0.9020739210821412,4457.916944776403,4941.853256802525,98.32663770043018,385.6096743256912,75,0.9,metro,,,,4,887.5,747.5,,,,metro
metro,20,trajectory,metro,-1,0.9407168311335968,4648.884535666517,4941.853256802525,74.54317354093746,218.4255475950704,75,1.3,metro,,,,4,887.5,747.5,,,,metro
metro,20,random,metro,0,0.7927324685425204,3917.56753143996,4941.853256802525,467.73581784413454,556.5499075184307,75,0.9,metro,,,,4,887.5,747.5,,,,metro
metro,20,reference,metro,-1,1.0,4941.853256802525,4941.853256802525,0.0,0.0,75,0.0,metro,,,,4,887.5,747.5,,,,metro
metro,20,value_based,metro,1,0.9397481612175056,4644.097511086914,4941.853256802525,90.67931002227031,207.0764356933405,75,659.4,metro,657.6,15000.0,0.8943613758850636,7,884.9,721.6,,,,metro
metro,20,supervised,metro,1,0.9525017839023818,4707.1240428882,4941.853256802525,62.70892665525116,172.02028725907348,75,12.9,metro,,3150.0,,7,884.9,721.6,,,,metro
metro,20,persistence,metro,-1,0.901600399710952,4455.576871646026,4941.853256802525,120.23596793280012,366.04041722369857,75,1.3,metro,,,,7,884.9,721.6,,,,metro
metro,20,trajectory,metro,-1,0.9497772296501112,4693.659695583282,4941.853256802525,72.38969060514955,175.80387061409328,75,1.0,metro,,,,7,884.9,721.6,,,,metro
metro,20,random,metro,1,0.7887968562757294,3898.118313141806,4941.853256802525,508.1872718906434,535.5476717700753,75,1.2,metro,,,,7,884.9,721.6,,,,metro
metro,20,reference,metro,-1,1.0,4941.853256802525,4941.853256802525,0.0,0.0,75,0.0,metro,,,,7,884.9,721.6,,,,metro
metro,20,value_based,metro,1,0.9416656861191708,4653.573637767208,4941.853256802525,74.17578568583667,214.10383334947983,75,1.6,metro,,,,0,884.9,721.6,,,,metro
metro,20,supervised,metro,1,0.9516771294315926,4703.048721505994,4941.853256802525,66.29669197712883,172.50784331940213,75,1.0,metro,,,,0,884.9,721.6,,,,metro
metro,20,persistence,metro,-1,0.8927822378551783,4411.998809760059,4941.853256802525,116.48888333471405,413.3655637077518,75,1.3,metro,,,,0,884.9,721.6,,,,metro
metro,20,trajectory,metro,-1,0.9528304830762586,4708.748425971132,4941.853256802525,72.38969060514955,160.71514022624342,75,0.7,metro,,,,0,884.9,721.6,,,,metro
metro,20,random,metro,1,0.7993386757596038,3950.2144380908153,4941.853256802525,500.7029853832628,490.93583332844673,75,0.7,metro,,,,0,884.9,721.6,,,,metro
metro,20,reference,metro,-1,1.0,4941.853256802525,4941.853256802525,0.0,0.0,75,0.0,metro,,,,0,884.9,721.6,,,,metro
metro,20,value_based,metro,1,0.9375449871492422,4633.209748142363,4941.853256802525,108.72492398171198,199.9185846784494,75,2.0,metro,,,,1,884.9,721.6,,,,metro
metro,20,supervised,metro,1,0.9508551849362196,4698.986792424624,4941.853256802525,73.0707799995771,169.79568437832404,75,1.0,metro,,,,1,884.9,721.6,,,,metro
metro,20,persistence,metro,-1,0.8935612529466558,4415.848588026975,4941.853256802525,115.21508240040112,410.78958637514825,75,0.9,metro,,,,1,884.9,721.6,,,,metro
metro,20,trajectory,metro,-1,0.9494561312780126,4692.0728745473725,4941.853256802525,82.75154394947549,167.0288383056768,75,0.9,metro,,,,1,884.9,721.6,,,,metro
metro,20,random,metro,1,0.7987436303209143,3947.2738108516814,4941.853256802525,458.0969148151771,536.4825311356653,75,0.9,metro,,,,1,884.9,721.6,,,,metro
metro,20,reference,metro,-1,1.0,4941.853256802525,4941.853256802525,0.0,0.0,75,0.0,metro,,,,1,884.9,721.6,,,,metro
metro,20,value_based,metro,1,0.9431629572393606,4660.972931928834,4941.853256802525,100.25769869536634,180.62262617832403,75,1.5,metro,,,,2,884.9,721.6,,,,metro
metro,20,supervised,metro,1,0.9480777598493382,4685.261165213494,4941.853256802525,62.70892665525116,193.88316493377988,75,1.0,metro,,,,2,884.9,721.6,,,,metro
metro,20,persistence,metro,-1,0.9061909063192368,4478.262481678553,4941.853256802525,113.92159744592573,349.66917767804625,75,0.9,metro,,,,2,884.9,721.6,,,,metro
metro,20,trajectory,metro,-1,0.9490434735189708,4690.033580456907,4941.853256802525,78.17803097259002,173.64164537302804,75,1.0,metro,,,,2,884.9,721.6,,,,metro
metro,20,random,metro,1,0.7920083775437622,3913.989179979525,4941.853256802525,510.77291546930337,517.0911613536964,75,1.1,metro,,,,2,884.9,721.6,,,,metro
metro,20,reference,metro,-1,1.0,4941.853256802525,4941.853256802525,0.0,0.0,75,0.0,metro,,,,2,884.9,721.6,,,,metro
metro,20,value_based,metro,1,0.9424990359499684,4657.691930342592,4941.853256802525,92.08715869560729,192.07416776432547,75,1.8,metro,,,,3,884.9,721.6,,,,metro
metro,20,supervised,metro,1,0.9461799271501832,4675.882354508308,4941.853256802525,66.68895824329502,199.281944050922,75,1.0,metro,,,,3,884.9,721.6,,,,metro
metro,20,persistence,metro,-1,0.8974831871819388,4435.230211500574,4941.853256802525,121.61296472137292,385.0100805805778,75,0.7,metro,,,,3,884.9,721.6,,,,metro
metro,20,trajectory,metro,-1,0.9497517061992834,4693.533562434684,4941.853256802525,72.38240291665807,175.93729145118323,75,1.2,metro,,,,3,884.9,721.6,,,,metro
metro,20,random,metro,1,0.7893782475969497,3900.991463736056,4941.853256802525,538.3626363876128,502.49915667885625,75,1.1,metro,,,,3,884.9,721.6,,,,metro
metro,20,reference,metro,-1,1.0,4941.853256802525,4941.853256802525,0.0,0.0,75,0.0,metro,,,,3,884.9,721.6,,,,metro
metro,20,value_based,metro,1,0.934823621944302,4619.761160641381,4941.853256802525,78.61915392644732,243.47294223469635,75,2.3,metro,,,,4,884.9,721.6,,,,metro
metro,20,supervised,metro,1,0.944143741657301,4665.819824598854,4941.853256802525,62.70892665525116,213.32450554841944,75,1.0,metro,,,,4,884.9,721.6,,,,metro
metro,20,persistence,metro,-1,0.9020739210821412,4457.916944776403,4941.853256802525,98.32663770043018,385.6096743256912,75,0.9,metro,,,,4,884.9,721.6,,,,metro
metro,20,trajectory,metro,-1,0.9407168311335968,4648.884535666517,4941.853256802525,74.54317354093746,218.4255475950704,75,0.8,metro,,,,4,884.9,721.6,,,,metro
metro,20,random,metro,1,0.7948665524429794,3928.113860913733,4941.853256802525,468.2498372989621,545.4895585898298,75,1.5,metro,,,,4,884.9,721.6,,,,metro
metro,20,reference,metro,-1,1.0,4941.853256802525,4941.853256802525,0.0,0.0,75,0.0,metro,,,,4,884.9,721.6,,,,metro
metro,20,value_based,metro,2,0.9365500570762548,4628.29294972088,4941.853256802525,102.82895062992884,210.73135645171624,75,682.7,metro,680.4,15000.0,0.8952692472994649,7,880.7,746.4,,,,metro
metro,20,supervised,metro,2,0.9520249554001352,4704.767626401437,4941.853256802525,70.86307909590869,166.22255130517897,75,14.2,metro,,3150.0,,7,880.7,746.4,,,,metro
metro,20,persistence,metro,-1,0.901600399710952,4455.576871646026,4941.853256802525,120.23596793280012,366.04041722369857,75,1.5,metro,,,,7,880.7,746.4,,,,metro
metro,20,trajectory,metro,-1,0.9497772296501112,4693.659695583282,4941.853256802525,72.38969060514955,175.80387061409328,75,1.3,metro,,,,7,880.7,746.4,,,,metro
metro,20,random,metro,2,0.8353390415415931,4128.122962976621,4941.853256802525,360.4013957156512,453.32889811025234,75,1.5,metro,,,,7,880.7,746.4,,,,metro
metro,20,reference,metro,-1,1.0,4941.853256802525,4941.853256802525,0.0,0.0,75,0.0,metro,,,,7,880.7,746.4,,,,metro
metro,20,value_based,metro,2,0.9371374716392662,4631.195866292192,4941.853256802525,107.03982149993772,203.61756901039556,75,1.6,metro,,,,0,880.7,746.4,,,,metro
metro,20,supervised,metro,2,0.9545902058774314,4717.444717827177,4941.853256802525,67.94039445534872,156.46814451999944,75,0.9,metro,,,,0,880.7,746.4,,,,metro
metro,20,persistence,metro,-1,0.8927822378551783,4411.998809760059,4941.853256802525,116.48888333471405,413.3655637077518,75,0.7,metro,,,,0,880.7,746.4,,,,metro
metro,20,trajectory,metro,-1,0.9528304830762586,4708.748425971132,4941.853256802525,72.38969060514955,160.71514022624342,75,0.7,metro,,,,0,880.7,746.4,,,,metro
metro,20,random,metro,2,0.8388633954946326,4145.539803037575,4941.853256802525,340.64206178697987,455.6713919779704,75,0.7,metro,,,,0,880.7,746.4,,,,metro
metro,20,reference,metro,-1,1.0,4941.853256802525,4941.853256802525,0.0,0.0,75,0.0,metro,,,,0,880.7,746.4,,,,metro
metro,20,value_based,metro,2,0.9396801468015608,4643.761393823967,4941.853256802525,94.77036084125392,203.32150213730347,75,1.5,metro,,,,1,880.7,746.4,,,,metro
metro,20,supervised,metro,2,0.9444498396095012,4667.332515760836,4941.853256802525,64.4652475479952,210.0554934936936,75,1.0,metro,,,,1,880.7,746.4,,,,metro
metro,20,persistence,metro,-1,0.8935612529466558,4415.848588026975,4941.853256802525,115.21508240040112,410.78958637514825,75,1.1,metro,,,,1,880.7,746.4,,,,metro
metro,20,trajectory,metro,-1,0.9494561312780126,4692.0728745473725,4941.853256802525,82.75154394947549,167.0288383056768,75,1.4,metro,,,,1,880.7,746.4,,,,metro
metro,20,random,metro,2,0.8436410660411957,4169.150349788037,4941.853256802525,328.9393347283394,443.7635722861487,75,1.0,metro,,,,1,880.7,746.4,,,,metro
metro,20,reference,metro,-1,1.0,4941.853256802525,4941.853256802525,0.0,0.0,75,0.0,metro,,,,1,880.7,746.4,,,,metro
metro,20,value_based,metro,2,0.9346283258590165,4618.796036046271,4941.853256802525,104.08240891453534,218.9748118417183,75,1.5,metro,,,,2,880.7,746.4,,,,metro
metro,20,supervised,metro,2,0.9489306720432532,4689.476132116759,4941.853256802525,64.4652475479952,187.91187713777072,75,1.0,metro,,,,2,880.7,746.4,,,,metro
metro,20,persistence,metro,-1,0.9061909063192368,4478.262481678553,4941.853256802525,113.92159744592573,349.66917767804625,75,1.1,metro,,,,2,880.7,746.4,,,,metro
metro,20,trajectory,metro,-1,0.9490434735189708,4690.033580456907,4941.853256802525,78.17803097259002,173.64164537302804,75,1.0,metro,,,,2,880.7,746.4,,,,metro
metro,20,random,metro,2,0.8379789393038546,4141.168950330679,4941.853256802525,344.6333360953631,456.0509703764829,75,1.1,metro,,,,2,880.7,746.4,,,,metro
metro,20,reference,metro,-1,1.0,4941.853256802525,4941.853256802525,0.0,0.0,75,0.0,metro,,,,2,880.7,746.4,,,,metro
metro,20,value_based,metro,2,0.9446163419206922,4668.15534574966,4941.853256802525,95.66414124712446,178.03376980574012,75,2.6,metro,,,,3,880.7,746.4,,,,metro
metro,20,supervised,metro,2,0.947620093086648,4682.999443231764,4941.853256802525,70.86307909590869,187.99073447485264,75,1.7,metro,,,,3,880.7,746.4,,,,metro
metro,20,persistence,metro,-1,0.8974831871819388,4435.230211500574,4941.853256802525,121.61296472137292,385.0100805805778,75,1.7,metro,,,,3,880.7,746.4,,,,metro
metro,20,trajectory,metro,-1,0.9497517061992834,4693.533562434684,4941.853256802525,72.38240291665807,175.93729145118323,75,1.5,metro,,,,3,880.7,746.4,,,,metro
metro,20,random,metro,2,0.8408985149478592,4155.597064735484,4941.853256802525,319.0600454910318,467.1961465760087,75,0.9,metro,,,,3,880.7,746.4,,,,metro
metro,20,reference,metro,-1,1.0,4941.853256802525,4941.853256802525,0.0,0.0,75,0.0,metro,,,,3,880.7,746.4,,,,metro
metro,20,value_based,metro,2,0.9323361285723948,4607.468333420146,4941.853256802525,86.22705157630207,248.1578718060764,75,1.5,metro,,,,4,880.7,746.4,,,,metro
metro,20,supervised,metro,2,0.943603177782952,4663.148437255893,4941.853256802525,70.86307909590869,207.84174045072268,75,0.7,metro,,,,4,880.7,746.4,,,,metro
metro,20,persistence,metro,-1,0.9020739210821412,4457.916944776403,4941.853256802525,98.32663770043018,385.6096743256912,75,0.7,metro,,,,4,880.7,746.4,,,,metro
metro,20,trajectory,metro,-1,0.9407168311335968,4648.884535666517,4941.853256802525,74.54317354093746,218.4255475950704,75,0.7,metro,,,,4,880.7,746.4,,,,metro
metro,20,random,metro,2,0.8413575164925654,4157.865383014068,4941.853256802525,349.9234272388212,434.0644465496353,75,0.8,metro,,,,4,880.7,746.4,,,,metro
metro,20,reference,metro,-1,1.0,4941.853256802525,4941.853256802525,0.0,0.0,75,0.0,metro,,,,4,880.7,746.4,,,,metro
metro,20,value_based,metro,3,0.943963778789056,4664.9304745123145,4941.853256802525,101.11665799442017,175.80612429579014,75,553.3,metro,552.1,15000.0,0.8902024089813999,7,881.7,601.1,,,,metro
metro,20,supervised,metro,3,0.9526758333381744,4707.984169659316,4941.853256802525,56.93661220824743,176.93247493496165,75,8.9,metro,,3150.0,,7,881.7,601.1,,,,metro
metro,20,persistence,metro,-1,0.901600399710952,4455.576871646026,4941.853256802525,120.23596793280012,366.04041722369857,75,0.6,metro,,,,7,881.7,601.1,,,,metro
metro,20,trajectory,metro,-1,0.9497772296501112,4693.659695583282,4941.853256802525,72.38969060514955,175.80387061409328,75,0.7,metro,,,,7,881.7,601.1,,,,metro
metro,20,random,metro,3,0.7988994122777154,3948.043662422251,4941.853256802525,574.5380805313134,419.2715138489602,75,0.7,metro,,,,7,881.7,601.1,,,,metro
metro,20,reference,metro,-1,1.0,4941.853256802525,4941.853256802525,0.0,0.0,75,0.0,metro,,,,7,881.7,601.1,,,,metro
metro,20,value_based,metro,3,0.94817502094522,4685.741815276938,4941.853256802525,69.1977368938633,186.9137046317237,75,1.1,metro,,,,0,881.7,601.1,,,,metro
metro,20,supervised,metro,3,0.950749621536571,4698.465113594271,4941.853256802525,66.68895824329502,176.69918496495848,75,0.7,metro,,,,0,881.7,601.1,,,,metro
metro,20,persistence,metro,-1,0.8927822378551783,4411.998809760059,4941.853256802525,116.48888333471405,413.3655637077518,75,0.7,metro,,,,0,881.7,601.1,,,,metro
metro,20,trajectory,metro,-1,0.9528304830762586,4708.748425971132,4941.853256802525,72.38969060514955,160.71514022624342,75,0.7,metro,,,,0,881.7,601.1,,,,metro
metro,20,random,metro,3,0.8132646540287909,4019.034579154559,4941.853256802525,530.1152762936981,392.703401354268,75,0.7,metro,,,,0,881.7,601.1,,,,metro
metro,20,reference,metro,-1,1.0,4941.853256802525,4941.853256802525,0.0,0.0,75,0.0,metro,,,,0,881.7,601.1,,,,metro
metro,20,value_based,metro,3,0.9424585684631686,4657.491945961155,4941.853256802525,87.31578157420063,197.0455292671695,75,1.1,metro,,,,1,881.7,601.1,,,,metro
metro,20,supervised,metro,3,0.9379209247216558,4635.067576458951,4941.853256802525,62.73224026417938,244.05344007939493,75,0.8,metro,,,,1,881.7,601.1,,,,metro
metro,20,persistence,metro,-1,0.8935612529466558,4415.848588026975,4941.853256802525,115.21508240040112,410.78958637514825,75,0.7,metro,,,,1,881.7,601.1,,,,metro
metro,20,trajectory,metro,-1,0.9494561312780126,4692.0728745473725,4941.853256802525,82.75154394947549,167.0288383056768,75,0.7,metro,,,,1,881.7,601.1,,,,metro
metro,20,random,metro,3,0.8016055201927147,3961.4168506352494,4941.853256802525,589.4881373106555,390.94826885662,75,0.7,metro,,,,1,881.7,601.1,,,,metro
metro,20,reference,metro,-1,1.0,4941.853256802525,4941.853256802525,0.0,0.0,75,0.0,metro,,,,1,881.7,601.1,,,,metro
metro,20,value_based,metro,3,0.94323803546969,4661.343957525903,4941.853256802525,86.35971561353381,194.1495836630884,75,1.3,metro,,,,2,881.7,601.1,,,,metro
metro,20,supervised,metro,3,0.94840454578549,4686.876093356343,4941.853256802525,62.73224026417938,192.2449231820028,75,0.9,metro,,,,2,881.7,601.1,,,,metro
metro,20,persistence,metro,-1,0.9061909063192368,4478.262481678553,4941.853256802525,113.92159744592573,349.66917767804625,75,0.9,metro,,,,2,881.7,601.1,,,,metro
metro,20,trajectory,metro,-1,0.9490434735189708,4690.033580456907,4941.853256802525,78.17803097259002,173.64164537302804,75,0.6,metro,,,,2,881.7,601.1,,,,metro
metro,20,random,metro,3,0.7995250096711627,3951.1352729385058,4941.853256802525,593.5521490734782,397.1658347905409,75,0.8,metro,,,,2,881.7,601.1,,,,metro
metro,20,reference,metro,-1,1.0,4941.853256802525,4941.853256802525,0.0,0.0,75,0.0,metro,,,,2,881.7,601.1,,,,metro
metro,20,value_based,metro,3,0.9377032624743517,4633.991921573227,4941.853256802525,63.10742319534984,244.75391203394796,75,1.5,metro,,,,3,881.7,601.1,,,,metro
metro,20,supervised,metro,3,0.9467063758221012,4678.483986592166,4941.853256802525,66.68895824329502,196.680311967064,75,0.7,metro,,,,3,881.7,601.1,,,,metro
metro,20,persistence,metro,-1,0.8974831871819388,4435.230211500574,4941.853256802525,121.61296472137292,385.0100805805778,75,0.6,metro,,,,3,881.7,601.1,,,,metro
metro,20,trajectory,metro,-1,0.9497517061992834,4693.533562434684,4941.853256802525,72.38240291665807,175.93729145118323,75,0.6,metro,,,,3,881.7,601.1,,,,metro
metro,20,random,metro,3,0.8059482340278668,3982.877905144857,4941.853256802525,575.0393311096777,383.9360205479902,75,0.7,metro,,,,3,881.7,601.1,,,,metro
metro,20,reference,metro,-1,1.0,4941.853256802525,4941.853256802525,0.0,0.0,75,0.0,metro,,,,3,881.7,601.1,,,,metro
metro,20,value_based,metro,3,0.9374304661490188,4632.643802164437,4941.853256802525,85.97150774406236,223.2379468940253,75,1.1,metro,,,,4,881.7,601.1,,,,metro
metro,20,supervised,metro,3,0.9444705275934528,4667.434752741703,4941.853256802525,62.73224026417938,211.6862637966424,75,0.7,metro,,,,4,881.7,601.1,,,,metro
metro,20,persistence,metro,-1,0.9020739210821412,4457.916944776403,4941.853256802525,98.32663770043018,385.6096743256912,75,0.6,metro,,,,4,881.7,601.1,,,,metro
metro,20,trajectory,metro,-1,0.9407168311335968,4648.884535666517,4941.853256802525,74.54317354093746,218.4255475950704,75,0.6,metro,,,,4,881.7,601.1,,,,metro
metro,20,random,metro,3,0.799337139292768,3950.2068450971783,4941.853256802525,584.1297760442776,407.5166356610685,75,0.7,metro,,,,4,881.7,601.1,,,,metro
metro,20,reference,metro,-1,1.0,4941.853256802525,4941.853256802525,0.0,0.0,75,0.0,metro,,,,4,881.7,601.1,,,,metro
metro,20,value_based,metro,4,0.9383655815484409,4637.265005246557,4941.853256802525,92.75048597175282,211.83776558421505,75,729.9,metro,727.9,15000.0,0.8922281515006958,7,882.4,795.3,,,,metro
metro,20,supervised,metro,4,0.9507604583181044,4698.518667378385,4941.853256802525,66.46229331810537,176.8722961060348,75,13.9,metro,,3150.0,,7,882.4,795.3,,,,metro
metro,20,persistence,metro,-1,0.901600399710952,4455.576871646026,4941.853256802525,120.23596793280012,366.04041722369857,75,0.9,metro,,,,7,882.4,795.3,,,,metro
metro,20,trajectory,metro,-1,0.9497772296501112,4693.659695583282,4941.853256802525,72.38969060514955,175.80387061409328,75,0.8,metro,,,,7,882.4,795.3,,,,metro
metro,20,random,metro,4,0.7974177035401387,3940.721275271825,4941.853256802525,509.5840870043567,491.54789452634304,75,1.2,metro,,,,7,882.4,795.3,,,,metro
metro,20,reference,metro,-1,1.0,4941.853256802525,4941.853256802525,0.0,0.0,75,0.0,metro,,,,7,882.4,795.3,,,,metro
metro,20,value_based,metro,4,0.9388447471920692,4639.632971543071,4941.853256802525,98.1462783385614,204.07400692089232,75,2.1,metro,,,,0,882.4,795.3,,,,metro
metro,20,supervised,metro,4,0.9546488946929778,4717.734749341423,4941.853256802525,61.0064744005831,163.11203306051902,75,1.3,metro,,,,0,882.4,795.3,,,,metro
metro,20,persistence,metro,-1,0.8927822378551783,4411.998809760059,4941.853256802525,116.48888333471405,413.3655637077518,75,1.4,metro,,,,0,882.4,795.3,,,,metro
metro,20,trajectory,metro,-1,0.9528304830762586,4708.748425971132,4941.853256802525,72.38969060514955,160.71514022624342,75,1.5,metro,,,,0,882.4,795.3,,,,metro
metro,20,random,metro,4,0.7918472936953677,3913.193127238718,4941.853256802525,550.4094264584028,478.2507031054042,75,1.4,metro,,,,0,882.4,795.3,,,,metro
metro,20,reference,metro,-1,1.0,4941.853256802525,4941.853256802525,0.0,0.0,75,0.0,metro,,,,0,882.4,795.3,,,,metro
metro,20,value_based,metro,4,0.9338029274026208,4614.717037996374,4941.853256802525,87.14990045758441,239.9863183485668,75,2.5,metro,,,,1,882.4,795.3,,,,metro
metro,20,supervised,metro,4,0.9494026804544572,4691.808728420907,4941.853256802525,68.03536009851541,182.00916828310253,75,1.3,metro,,,,1,882.4,795.3,,,,metro
metro,20,persistence,metro,-1,0.8935612529466558,4415.848588026975,4941.853256802525,115.21508240040112,410.78958637514825,75,1.1,metro,,,,1,882.4,795.3,,,,metro
metro,20,trajectory,metro,-1,0.9494561312780126,4692.0728745473725,4941.853256802525,82.75154394947549,167.0288383056768,75,1.0,metro,,,,1,882.4,795.3,,,,metro
metro,20,random,metro,4,0.7911641622438732,3909.817191850326,4941.853256802525,523.6826871432468,508.35337780895225,75,1.1,metro,,,,1,882.4,795.3,,,,metro
metro,20,reference,metro,-1,1.0,4941.853256802525,4941.853256802525,0.0,0.0,75,0.0,metro,,,,1,882.4,795.3,,,,metro
metro,20,value_based,metro,4,0.944039117916022,4665.302789422277,4941.853256802525,94.07226529349556,182.4782020867524,75,1.6,metro,,,,2,882.4,795.3,,,,metro
metro,20,supervised,metro,4,0.9460078383239788,4675.031916782071,4941.853256802525,68.18914826015862,198.63219176029543,75,1.6,metro,,,,2,882.4,795.3,,,,metro
metro,20,persistence,metro,-1,0.9061909063192368,4478.262481678553,4941.853256802525,113.92159744592573,349.66917767804625,75,1.5,metro,,,,2,882.4,795.3,,,,metro
metro,20,trajectory,metro,-1,0.9490434735189708,4690.033580456907,4941.853256802525,78.17803097259002,173.64164537302804,75,0.9,metro,,,,2,882.4,795.3,,,,metro
metro,20,random,metro,4,0.794092937283919,3924.2907683204185,4941.853256802525,533.0897324316147,484.4727560504916,75,0.8,metro,,,,2,882.4,795.3,,,,metro
metro,20,reference,metro,-1,1.0,4941.853256802525,4941.853256802525,0.0,0.0,75,0.0,metro,,,,2,882.4,795.3,,,,metro
metro,20,value_based,metro,4,0.9410612320885208,4650.586514647252,4941.853256802525,93.939919366484,197.3268227887884,75,1.9,metro,,,,3,882.4,795.3,,,,metro
metro,20,supervised,metro,4,0.9474429929844856,4682.124240515112,4941.853256802525,62.86456207527044,196.86445421214285,75,0.9,metro,,,,3,882.4,795.3,,,,metro
metro,20,persistence,metro,-1,0.8974831871819388,4435.230211500574,4941.853256802525,121.61296472137292,385.0100805805778,75,1.2,metro,,,,3,882.4,795.3,,,,metro
metro,20,trajectory,metro,-1,0.9497517061992834,4693.533562434684,4941.853256802525,72.38240291665807,175.93729145118323,75,0.7,metro,,,,3,882.4,795.3,,,,metro
metro,20,random,metro,4,0.7952466281799961,3929.99213943254,4941.853256802525,505.9199004026923,505.9412169672924,75,0.7,metro,,,,3,882.4,795.3,,,,metro
metro,20,reference,metro,-1,1.0,4941.853256802525,4941.853256802525,0.0,0.0,75,0.0,metro,,,,3,882.4,795.3,,,,metro
metro,20,value_based,metro,4,0.9363442591765212,4627.275926699839,4941.853256802525,91.25406254925385,223.32326755343183,75,1.2,metro,,,,4,882.4,795.3,,,,metro
metro,20,supervised,metro,4,0.943507235907834,4662.674306587878,4941.853256802525,62.86456207527044,216.3143881393762,75,0.7,metro,,,,4,882.4,795.3,,,,metro
metro,20,persistence,metro,-1,0.9020739210821412,4457.916944776403,4941.853256802525,98.32663770043018,385.6096743256912,75,0.7,metro,,,,4,882.4,795.3,,,,metro
metro,20,trajectory,metro,-1,0.9407168311335968,4648.884535666517,4941.853256802525,74.54317354093746,218.4255475950704,75,1.1,metro,,,,4,882.4,795.3,,,,metro
metro,20,random,metro,4,0.78904416526194,3899.340477860748,4941.853256802525,523.925081701711,518.5876972400661,75,0.8,metro,,,,4,882.4,795.3,,,,metro
metro,20,reference,metro,-1,1.0,4941.853256802525,4941.853256802525,0.0,0.0,75,0.0,metro,,,,4,882.4,795.3,,,,metro
noconf,20,value_based,noconf,0,0.8922814164827225,6294.186249616028,7054.037138223762,176.7326897968578,583.1181988108756,75,698.1,noconf,695.6,15000.0,0.877018431040095,7,871.3,756.6,,,,noconf
noconf,20,supervised,noconf,0,0.8504541755672204,5999.135338808644,7054.037138223762,272.98342417849835,781.9183752366198,75,11.6,noconf,,3150.0,,7,871.3,756.6,,,,noconf
noconf,20,persistence,noconf,-1,0.7762111376105602,5475.422191807807,7054.037138223762,258.55773662884985,1320.0572097871054,75,1.1,noconf,,,,7,871.3,756.6,,,,noconf
noconf,20,trajectory,noconf,-1,0.9059136845744568,6390.3487750133445,7054.037138223762,147.07292224929915,516.6154409611181,75,1.0,noconf,,,,7,871.3,756.6,,,,noconf
noconf,20,random,noconf,0,0.7242822951250261,5109.114208369877,7054.037138223762,471.6602239464655,1473.262705907419,75,0.9,noconf,,,,7,871.3,756.6,,,,noconf
noconf,20,reference,noconf,-1,1.0,7054.037138223762,7054.037138223762,0.0,0.0,75,0.0,noconf,,,,7,871.3,756.6,,,,noconf
noconf,20,value_based,noconf,0,0.8818521451956715,6220.617782632559,7054.037138223762,164.3841828700779,669.0351727211246,75,1.3,noconf,,,,0,871.3,756.6,,,,noconf
noconf,20,supervised,noconf,0,0.8640758700320265,6095.223277448923,7054.037138223762,250.29580540310508,708.5180553717337,75,0.7,noconf,,,,0,871.3,756.6,,,,noconf
noconf,20,persistence,noconf,-1,0.7759847907623154,5473.825532734168,7054.037138223762,257.4297825199683,1322.781822969626,75,0.8,noconf,,,,0,871.3,756.6,,,,noconf
noconf,20,trajectory,noconf,-1,0.9056815441457916,6388.711247808257,7054.037138223762,147.07292224929915,518.2529681662054,75,0.8,noconf,,,,0,871.3,756.6,,,,noconf
noconf,20,random,noconf,0,0.720984316025329,5085.850141319528,7054.037138223762,681.0215133912179,1287.1654835130155,75,0.8,noconf,,,,0,871.3,756.6,,,,noconf
noconf,20,reference,noconf,-1,1.0,7054.037138223762,7054.037138223762,0.0,0.0,75,0.0,noconf,,,,0,871.3,756.6,,,,noconf
noconf,20,value_based,noconf,0,0.8977018794817059,6332.422396917224,7054.037138223762,161.9275792097842,559.6871620967531,75,1.7,noconf,,,,1,871.3,756.6,,,,noconf
noconf,20,supervised,noconf,0,0.8680085891778425,6122.964824357713,7054.037138223762,245.60297391315817,685.4693399528906,75,0.9,noconf,,,,1,871.3,756.6,,,,noconf
noconf,20,persistence,noconf,-1,0.766704504635061,5408.362049739173,7054.037138223762,332.8650306777554,1312.8100578068334,75,1.0,noconf,,,,1,871.3,756.6,,,,noconf
noconf,20,trajectory,noconf,-1,0.9035455987392836,6373.644209585531,7054.037138223762,147.07292224929915,533.3200063889317,75,0.8,noconf,,,,1,871.3,756.6,,,,noconf
noconf,20,random,noconf,0,0.7231651348851849,5101.23371854869,7054.037138223762,615.0178264744563,1337.785593200615,75,0.9,noconf,,,,1,871.3,756.6,,,,noconf
noconf,20,reference,noconf,-1,1.0,7054.037138223762,7054.037138223762,0.0,0.0,75,0.0,noconf,,,,1,871.3,756.6,,,,noconf
noconf,20,value_based,noconf,0,0.8934724270310064,6302.587682255639,7054.037138223762,212.3102356554964,539.1392203126261,75,1.7,noconf,,,,2,871.3,756.6,,,,noconf
noconf,20,supervised,noconf,0,0.8614488726231992,6076.692340165038,7054.037138223762,245.60297391315817,731.7418241455653,75,1.1,noconf,,,,2,871.3,756.6,,,,noconf
noconf,20,persistence,noconf,-1,0.7667271448770715,5408.521754847133,7054.037138223762,339.9069053912108,1305.6084779854182,75,0.9,noconf,,,,2,871.3,756.6,,,,noconf
noconf,20,trajectory,noconf,-1,0.9024377340583624,6365.829290982188,7054.037138223762,147.07292224929915,541.134924992275,75,0.9,noconf,,,,2,871.3,756.6,,,,noconf
noconf,20,random,noconf,0,0.7326794013709312,5168.347707682103,7054.037138223762,592.3858929869675,1293.3035375546915,75,0.9,noconf,,,,2,871.3,756.6,,,,noconf
noconf,20,reference,noconf,-1,1.0,7054.037138223762,7054.037138223762,0.0,0.0,75,0.0,noconf,,,,2,871.3,756.6,,,,noconf
noconf,20,value_based,noconf,0,0.8937611058114037,6304.624033093579,7054.037138223762,167.19466524088602,582.2184398892969,75,1.8,noconf,,,,3,871.3,756.6,,,,noconf
noconf,20,supervised,noconf,0,0.8578434847386968,6051.259800130056,7054.037138223762,237.82035555401035,764.9569825396957,75,1.1,noconf,,,,3,871.3,756.6,,,,noconf
noconf,20,persistence,noconf,-1,0.777238804490077,5482.67139214164,7054.037138223762,257.8983758546537,1313.4673702274677,75,1.1,noconf,,,,3,871.3,756.6,,,,noconf
noconf,20,trajectory,noconf,-1,0.9055323809367712,6387.659044992171,7054.037138223762,154.97052077723038,511.40757245436,75,1.2,noconf,,,,3,871.3,756.6,,,,noconf
noconf,20,random,noconf,0,0.7164714416351352,5054.016157770962,7054.037138223762,648.149038054311,1351.8719423984885,75,1.3,noconf,,,,3,871.3,756.6,,,,noconf
noconf,20,reference,noconf,-1,1.0,7054.037138223762,7054.037138223762,0.0,0.0,75,0.0,noconf,,,,3,871.3,756.6,,,,noconf
noconf,20,value_based,noconf,0,0.8984104474833813,6337.420661916,7054.037138223762,164.44331398196664,552.1731623257947,75,2.0,noconf,,,,4,871.3,756.6,,,,noconf
noconf,20,supervised,noconf,0,0.8600903917608037,6067.109565710134,7054.037138223762,246.2437112549287,740.6838612586989,75,1.4,noconf,,,,4,871.3,756.6,,,,noconf
noconf,20,persistence,noconf,-1,0.7714254107059335,5441.663496489174,7054.037138223762,262.0884163075689,1350.2852254270192,75,0.7,noconf,,,,4,871.3,756.6,,,,noconf
noconf,20,trajectory,noconf,-1,0.9020662269489604,6363.208666035352,7054.037138223762,154.97052077723038,535.8579514111798,75,1.1,noconf,,,,4,871.3,756.6,,,,noconf
noconf,20,random,noconf,0,0.7306062858377094,5153.723873718927,7054.037138223762,603.22640654714,1297.0868579576943,75,1.0,noconf,,,,4,871.3,756.6,,,,noconf
noconf,20,reference,noconf,-1,1.0,7054.037138223762,7054.037138223762,0.0,0.0,75,0.0,noconf,,,,4,871.3,756.6,,,,noconf
noconf,20,value_based,noconf,1,0.8968754194207925,6326.592516954283,7054.037138223762,147.79466724952908,579.6499540199493,75,700.7,noconf,699.1,15000.0,0.8778436574850341,7,868.1,754.3,,,,noconf
noconf,20,supervised,noconf,1,0.8481040692672172,5982.557601689648,7054.037138223762,216.81063808490853,854.6688984492057,75,10.3,noconf,,3150.0,,7,868.1,754.3,,,,noconf
noconf,20,persistence,noconf,-1,0.7762111376105602,5475.422191807807,7054.037138223762,258.55773662884985,1320.0572097871054,75,0.7,noconf,,,,7,868.1,754.3,,,,noconf
noconf,20,trajectory,noconf,-1,0.9059136845744568,6390.3487750133445,7054.037138223762,147.07292224929915,516.6154409611181,75,0.7,noconf,,,,7,868.1,754.3,,,,noconf
noconf,20,random,noconf,1,0.7171402192970412,5058.733740235261,7054.037138223762,761.4498653435912,1233.8535326449091,75,0.8,noconf,,,,7,868.1,754.3,,,,noconf
noconf,20,reference,noconf,-1,1.0,7054.037138223762,7054.037138223762,0.0,0.0,75,0.0,noconf,,,,7,868.1,754.3,,,,noconf
noconf,20,value_based,noconf,1,0.8948384355270305,6312.223556917722,7054.037138223762,148.04272946721176,593.7708518388281,75,2.2,noconf,,,,0,868.1,754.3,,,,noconf
noconf,20,supervised,noconf,1,0.8429862182939256,5946.456090856154,7054.037138223762,223.0931077475052,884.4879396201022,75,0.8,noconf,,,,0,868.1,754.3,,,,noconf
noconf,20,persistence,noconf,-1,0.7759847907623154,5473.825532734168,7054.037138223762,257.4297825199683,1322.781822969626,75,0.8,noconf,,,,0,868.1,754.3,,,,noconf
noconf,20,trajectory,noconf,-1,0.9056815441457916,6388.711247808257,7054.037138223762,147.07292224929915,518.2529681662054,75,0.8,noconf,,,,0,868.1,754.3,,,,noconf
noconf,20,random,noconf,1,0.7155351453227128,5047.411488810752,7054.037138223762,716.4496869063205,1290.1759625066888,75,1.4,noconf,,,,0,868.1,754.3,,,,noconf
noconf,20,reference,noconf,-1,1.0,7054.037138223762,7054.037138223762,0.0,0.0,75,0.0,noconf,,,,0,868.1,754.3,,,,noconf
noconf,20,value_based,noconf,1,0.894898188942807,6312.645059731746,7054.037138223762,146.06860049359148,595.3234779984241,75,1.8,noconf,,,,1,868.1,754.3,,,,noconf
noconf,20,supervised,noconf,1,0.8463274829859748,5970.025496082505,7054.037138223762,235.1875094435527,848.824132697704,75,1.0,noconf,,,,1,868.1,754.3,,,,noconf
noconf,20,persistence,noconf,-1,0.766704504635061,5408.362049739173,7054.037138223762,332.8650306777554,1312.8100578068334,75,0.8,noconf,,,,1,868.1,754.3,,,,noconf
noconf,20,trajectory,noconf,-1,0.9035455987392836,6373.644209585531,7054.037138223762,147.07292224929915,533.3200063889317,75,1.0,noconf,,,,1,868.1,754.3,,,,noconf
noconf,20,random,noconf,1,0.7222763030596011,5094.963865841387,7054.037138223762,704.4255444007667,1254.647727981608,75,1.0,noconf,,,,1,868.1,754.3,,,,noconf
noconf,20,reference,noconf,-1,1.0,7054.037138223762,7054.037138223762,0.0,0.0,75,0.0,noconf,,,,1,868.1,754.3,,,,noconf
noconf,20,value_based,noconf,1,0.8973131487652322,6329.680276006451,7054.037138223762,147.69049946117138,576.6663627561393,75,1.2,noconf,,,,2,868.1,754.3,,,,noconf
noconf,20,supervised,noconf,1,0.853904572238267,6023.4745650678105,7054.037138223762,219.2551300957948,811.3074430601564,75,1.1,noconf,,,,2,868.1,754.3,,,,noconf
noconf,20,persistence,noconf,-1,0.7667271448770715,5408.521754847133,7054.037138223762,339.9069053912108,1305.6084779854182,75,0.8,noconf,,,,2,868.1,754.3,,,,noconf
noconf,20,trajectory,noconf,-1,0.9024377340583624,6365.829290982188,7054.037138223762,147.07292224929915,541.134924992275,75,0.7,noconf,,,,2,868.1,754.3,,,,noconf
noconf,20,random,noconf,1,0.7097433411736028,5006.555887245612,7054.037138223762,734.095535164588,1313.3857158135615,75,1.0,noconf,,,,2,868.1,754.3,,,,noconf
noconf,20,reference,noconf,-1,1.0,7054.037138223762,7054.037138223762,0.0,0.0,75,0.0,noconf,,,,2,868.1,754.3,,,,noconf
noconf,20,value_based,noconf,1,0.8891105432794804,6271.81879227976,7054.037138223762,151.85509896159147,630.3632469824106,75,1.8,noconf,,,,3,868.1,754.3,,,,noconf
noconf,20,supervised,noconf,1,0.8451713722259335,5961.870247845274,7054.037138223762,230.0750697049189,862.0918206735687,75,0.8,noconf,,,,3,868.1,754.3,,,,noconf
noconf,20,persistence,noconf,-1,0.777238804490077,5482.67139214164,7054.037138223762,257.8983758546537,1313.4673702274677,75,0.7,noconf,,,,3,868.1,754.3,,,,noconf
noconf,20,trajectory,noconf,-1,0.9055323809367712,6387.659044992171,7054.037138223762,154.97052077723038,511.40757245436,75,0.6,noconf,,,,3,868.1,754.3,,,,noconf
noconf,20,random,noconf,1,0.7232037436521246,5101.506066224544,7054.037138223762,715.4470712323046,1237.084000766913,75,0.8,noconf,,,,3,868.1,754.3,,,,noconf
noconf,20,reference,noconf,-1,1.0,7054.037138223762,7054.037138223762,0.0,0.0,75,0.0,noconf,,,,3,868.1,754.3,,,,noconf
noconf,20,value_based,noconf,1,0.896529082605654,6324.149444197962,7054.037138223762,144.3034580140893,585.5842360117103,75,1.1,noconf,,,,4,868.1,754.3,,,,noconf
noconf,20,supervised,noconf,1,0.8424388949807297,5942.595251878254,7054.037138223762,238.71501535218977,872.7268709933178,75,0.7,noconf,,,,4,868.1,754.3,,,,noconf
noconf,20,persistence,noconf,-1,0.7714254107059335,5441.663496489174,7054.037138223762,262.0884163075689,1350.2852254270192,75,0.8,noconf,,,,4,868.1,754.3,,,,noconf
noconf,20,trajectory,noconf,-1,0.9020662269489604,6363.208666035352,7054.037138223762,154.97052077723038,535.8579514111798,75,1.0,noconf,,,,4,868.1,754.3,,,,noconf
noconf,20,random,noconf,1,0.714488062869575,5040.025330299536,7054.037138223762,688.812099478384,1325.1997084458417,75,0.9,noconf,,,,4,868.1,754.3,,,,noconf
noconf,20,reference,noconf,-1,1.0,7054.037138223762,7054.037138223762,0.0,0.0,75,0.0,noconf,,,,4,868.1,754.3,,,,noconf
noconf,20,value_based,noconf,2,0.8820450499818532,6221.978540158427,7054.037138223762,173.5714275446162,658.4871705207188,75,670.4,noconf,669.1,15000.0,0.8777577476304933,7,872.3,717.8,,,,noconf
noconf,20,supervised,noconf,2,0.8644796642447774,6098.071656821868,7054.037138223762,228.5710754561287,727.3944059457654,75,7.9,noconf,,3150.0,,7,872.3,717.8,,,,noconf
noconf,20,persistence,noconf,-1,0.7762111376105602,5475.422191807807,7054.037138223762,258.55773662884985,1320.0572097871054,75,0.6,noconf,,,,7,872.3,717.8,,,,noconf
noconf,20,trajectory,noconf,-1,0.9059136845744568,6390.3487750133445,7054.037138223762,147.07292224929915,516.6154409611181,75,0.6,noconf,,,,7,872.3,717.8,,,,noconf
noconf,20,random,noconf,2,0.8142215611344785,5743.54913098514,7054.037138223762,396.2227922787115,914.2652149599098,75,0.6,noconf,,,,7,872.3,717.8,,,,noconf
noconf,20,reference,noconf,-1,1.0,7054.037138223762,7054.037138223762,0.0,0.0,75,0.0,noconf,,,,7,872.3,717.8,,,,noconf
noconf,20,value_based,noconf,2,0.8863125447161457,6252.0816065013005,7054.037138223762,175.25004656784495,626.7054851546163,75,1.1,noconf,,,,0,872.3,717.8,,,,noconf
noconf,20,supervised,noconf,2,0.868081256377536,6123.477421483081,7054.037138223762,229.53299087342748,701.0267258672529,75,0.7,noconf,,,,0,872.3,717.8,,,,noconf
noconf,20,persistence,noconf,-1,0.7759847907623154,5473.825532734168,7054.037138223762,257.4297825199683,1322.781822969626,75,0.7,noconf,,,,0,872.3,717.8,,,,noconf
noconf,20,trajectory,noconf,-1,0.9056815441457916,6388.711247808257,7054.037138223762,147.07292224929915,518.2529681662054,75,0.7,noconf,,,,0,872.3,717.8,,,,noconf
noconf,20,random,noconf,2,0.8092769349913798,5708.669554537089,7054.037138223762,392.6527470404135,952.7148366462588,75,0.7,noconf,,,,0,872.3,717.8,,,,noconf
noconf,20,reference,noconf,-1,1.0,7054.037138223762,7054.037138223762,0.0,0.0,75,0.0,noconf,,,,0,872.3,717.8,,,,noconf
noconf,20,value_based,noconf,2,0.8816321407644512,6219.065863204158,7054.037138223762,180.74119202730253,654.2300829923015,75,1.1,noconf,,,,1,872.3,717.8,,,,noconf
noconf,20,supervised,noconf,2,0.8650718097683542,6102.248673336411,7054.037138223762,238.82480987923373,712.9636550081168,75,0.7,noconf,,,,1,872.3,717.8,,,,noconf
noconf,20,persistence,noconf,-1,0.766704504635061,5408.362049739173,7054.037138223762,332.8650306777554,1312.8100578068334,75,0.7,noconf,,,,1,872.3,717.8,,,,noconf
noconf,20,trajectory,noconf,-1,0.9035455987392836,6373.644209585531,7054.037138223762,147.07292224929915,533.3200063889317,75,0.7,noconf,,,,1,872.3,717.8,,,,noconf
noconf,20,random,noconf,2,0.8069885422905329,5692.527147438475,7054.037138223762,418.0129539041354,943.497036881151,75,0.7,noconf,,,,1,872.3,717.8,,,,noconf
noconf,20,reference,noconf,-1,1.0,7054.037138223762,7054.037138223762,0.0,0.0,75,0.0,noconf,,,,1,872.3,717.8,,,,noconf
noconf,20,value_based,noconf,2,0.8890767218956807,6271.58021498237,7054.037138223762,172.47199948792968,609.9849237534618,75,1.1,noconf,,,,2,872.3,717.8,,,,noconf
noconf,20,supervised,noconf,2,0.8650120149491684,6101.826878461201,7054.037138223762,228.5710754561287,723.6391843064321,75,0.7,noconf,,,,2,872.3,717.8,,,,noconf
noconf,20,persistence,noconf,-1,0.7667271448770715,5408.521754847133,7054.037138223762,339.9069053912108,1305.6084779854182,75,0.7,noconf,,,,2,872.3,717.8,,,,noconf
noconf,20,trajectory,noconf,-1,0.9024377340583624,6365.829290982188,7054.037138223762,147.07292224929915,541.134924992275,75,0.7,noconf,,,,2,872.3,717.8,,,,noconf
noconf,20,random,noconf,2,0.8187831231722938,5775.726559008202,7054.037138223762,364.2189305237889,914.0916486917712,75,0.9,noconf,,,,2,872.3,717.8,,,,noconf
noconf,20,reference,noconf,-1,1.0,7054.037138223762,7054.037138223762,0.0,0.0,75,0.0,noconf,,,,2,872.3,717.8,,,,noconf
noconf,20,value_based,noconf,2,0.8843192231612222,6238.020642224448,7054.037138223762,146.08006527743328,669.9364307218802,75,1.1,noconf,,,,3,872.3,717.8,,,,noconf
noconf,20,supervised,noconf,2,0.8640691287813748,6095.175724416468,7054.037138223762,226.572664500879,732.2887493064145,75,0.7,noconf,,,,3,872.3,717.8,,,,noconf
noconf,20,persistence,noconf,-1,0.777238804490077,5482.67139214164,7054.037138223762,257.8983758546537,1313.4673702274677,75,0.7,noconf,,,,3,872.3,717.8,,,,noconf
noconf,20,trajectory,noconf,-1,0.9055323809367712,6387.659044992171,7054.037138223762,154.97052077723038,511.40757245436,75,0.7,noconf,,,,3,872.3,717.8,,,,noconf
noconf,20,random,noconf,2,0.8229026298459678,5804.785712075459,7054.037138223762,348.1576913531899,901.093734795113,75,1.2,noconf,,,,3,872.3,717.8,,,,noconf
noconf,20,reference,noconf,-1,1.0,7054.037138223762,7054.037138223762,0.0,0.0,75,0.0,noconf,,,,3,872.3,717.8,,,,noconf
noconf,20,value_based,noconf,2,0.8912807586485322,6287.127572090995,7054.037138223762,138.02426590426057,628.8853002285059,75,2.1,noconf,,,,4,872.3,717.8,,,,noconf
noconf,20,supervised,noconf,2,0.8596030729776412,6063.672000915552,7054.037138223762,232.7167603672915,757.6483769409188,75,0.9,noconf,,,,4,872.3,717.8,,,,noconf
noconf,20,persistence,noconf,-1,0.7714254107059335,5441.663496489174,7054.037138223762,262.0884163075689,1350.2852254270192,75,1.0,noconf,,,,4,872.3,717.8,,,,noconf
noconf,20,trajectory,noconf,-1,0.9020662269489604,6363.208666035352,7054.037138223762,154.97052077723038,535.8579514111798,75,0.9,noconf,,,,4,872.3,717.8,,,,noconf
noconf,20,random,noconf,2,0.7991654113020992,5637.342490908875,7054.037138223762,409.9030896251952,1006.7915576896912,75,1.4,noconf,,,,4,872.3,717.8,,,,noconf
noconf,20,reference,noconf,-1,1.0,7054.037138223762,7054.037138223762,0.0,0.0,75,0.0,noconf,,,,4,872.3,717.8,,,,noconf
noconf,20,value_based,noconf,3,0.8997416259932799,6346.81084456243,7054.037138223762,155.13589396931457,552.090399692017,75,664.6,noconf,663.2,15000.0,0.8768989170608397,7,871.0,716.7,,,,noconf
noconf,20,supervised,noconf,3,0.8677080072618729,6120.844508359385,7054.037138223762,229.76467075813247,703.4279591062441,75,7.9,noconf,,3150.0,,7,871.0,716.7,,,,noconf
noconf,20,persistence,noconf,-1,0.7762111376105602,5475.422191807807,7054.037138223762,258.55773662884985,1320.0572097871054,75,0.7,noconf,,,,7,871.0,716.7,,,,noconf
noconf,20,trajectory,noconf,-1,0.9059136845744568,6390.3487750133445,7054.037138223762,147.07292224929915,516.6154409611181,75,0.7,noconf,,,,7,871.0,716.7,,,,noconf
noconf,20,random,noconf,3,0.7329425509942015,5170.20397489756,7054.037138223762,849.0602728704298,1034.7728904557716,75,0.6,noconf,,,,7,871.0,716.7,,,,noconf
noconf,20,reference,noconf,-1,1.0,7054.037138223762,7054.037138223762,0.0,0.0,75,0.0,noconf,,,,7,871.0,716.7,,,,noconf
noconf,20,value_based,noconf,3,0.8969944034061845,6327.431834406092,7054.037138223762,162.3043778682577,564.300925949412,75,1.1,noconf,,,,0,871.0,716.7,,,,noconf
noconf,20,supervised,noconf,3,0.8625329424767404,6084.339409172347,7054.037138223762,226.27114601290032,743.4265830385148,75,0.7,noconf,,,,0,871.0,716.7,,,,noconf
noconf,20,persistence,noconf,-1,0.7759847907623154,5473.825532734168,7054.037138223762,257.4297825199683,1322.781822969626,75,0.6,noconf,,,,0,871.0,716.7,,,,noconf
noconf,20,trajectory,noconf,-1,0.9056815441457916,6388.711247808257,7054.037138223762,147.07292224929915,518.2529681662054,75,0.6,noconf,,,,0,871.0,716.7,,,,noconf
noconf,20,random,noconf,3,0.7465513470551757,5266.200927718186,7054.037138223762,759.8811372170558,1027.95507328852,75,0.7,noconf,,,,0,871.0,716.7,,,,noconf
noconf,20,reference,noconf,-1,1.0,7054.037138223762,7054.037138223762,0.0,0.0,75,0.0,noconf,,,,0,871.0,716.7,,,,noconf
noconf,20,value_based,noconf,3,0.9023154434555876,6364.966648528558,7054.037138223762,153.6637464914529,535.4067432037509,75,1.6,noconf,,,,1,871.0,716.7,,,,noconf
noconf,20,supervised,noconf,3,0.866226978599342,6110.397277171118,7054.037138223762,229.76467075813247,713.8751902945114,75,0.9,noconf,,,,1,871.0,716.7,,,,noconf
noconf,20,persistence,noconf,-1,0.766704504635061,5408.362049739173,7054.037138223762,332.8650306777554,1312.8100578068334,75,0.6,noconf,,,,1,871.0,716.7,,,,noconf
noconf,20,trajectory,noconf,-1,0.9035455987392836,6373.644209585531,7054.037138223762,147.07292224929915,533.3200063889317,75,0.7,noconf,,,,1,871.0,716.7,,,,noconf
noconf,20,random,noconf,3,0.7487569550008655,5281.759368079443,7054.037138223762,882.2452898994652,890.0324802448531,75,0.7,noconf,,,,1,871.0,716.7,,,,noconf
noconf,20,reference,noconf,-1,1.0,7054.037138223762,7054.037138223762,0.0,0.0,75,0.0,noconf,,,,1,871.0,716.7,,,,noconf
noconf,20,value_based,noconf,3,0.8987424646433856,6339.762723293198,7054.037138223762,167.49101589245402,546.7833990381096,75,1.2,noconf,,,,2,871.0,716.7,,,,noconf
noconf,20,supervised,noconf,3,0.8660474373876339,6109.130786795888,7054.037138223762,232.4235705473602,712.4827808805139,75,0.8,noconf,,,,2,871.0,716.7,,,,noconf
noconf,20,persistence,noconf,-1,0.7667271448770715,5408.521754847133,7054.037138223762,339.9069053912108,1305.6084779854182,75,0.8,noconf,,,,2,871.0,716.7,,,,noconf
noconf,20,trajectory,noconf,-1,0.9024377340583624,6365.829290982188,7054.037138223762,147.07292224929915,541.134924992275,75,0.6,noconf,,,,2,871.0,716.7,,,,noconf
noconf,20,random,noconf,3,0.7314911216977751,5159.965538737063,7054.037138223762,817.5607149812577,1076.510884505441,75,0.8,noconf,,,,2,871.0,716.7,,,,noconf
noconf,20,reference,noconf,-1,1.0,7054.037138223762,7054.037138223762,0.0,0.0,75,0.0,noconf,,,,2,871.0,716.7,,,,noconf
noconf,20,value_based,noconf,3,0.8983036051506776,6336.666992133174,7054.037138223762,160.74204198496955,556.6281041056181,75,2.3,noconf,,,,3,871.0,716.7,,,,noconf
noconf,20,supervised,noconf,3,0.868414031659193,6125.824830678573,7054.037138223762,232.4235705473602,695.7887369978289,75,1.3,noconf,,,,3,871.0,716.7,,,,noconf
noconf,20,persistence,noconf,-1,0.777238804490077,5482.67139214164,7054.037138223762,257.8983758546537,1313.4673702274677,75,1.2,noconf,,,,3,871.0,716.7,,,,noconf
noconf,20,trajectory,noconf,-1,0.9055323809367712,6387.659044992171,7054.037138223762,154.97052077723038,511.40757245436,75,0.6,noconf,,,,3,871.0,716.7,,,,noconf
noconf,20,random,noconf,3,0.7400643665091812,5220.441526031806,7054.037138223762,853.0579040169278,980.5377081750285,75,0.7,noconf,,,,3,871.0,716.7,,,,noconf
noconf,20,reference,noconf,-1,1.0,7054.037138223762,7054.037138223762,0.0,0.0,75,0.0,noconf,,,,3,871.0,716.7,,,,noconf
noconf,20,value_based,noconf,3,0.9028844084459812,6368.980148701144,7054.037138223762,142.51197035253335,542.5450191700847,75,1.1,noconf,,,,4,871.0,716.7,,,,noconf
noconf,20,supervised,noconf,3,0.8596971896269103,6064.3359032548215,7054.037138223762,238.15883030437453,751.5424046645658,75,0.7,noconf,,,,4,871.0,716.7,,,,noconf
noconf,20,persistence,noconf,-1,0.7714254107059335,5441.663496489174,7054.037138223762,262.0884163075689,1350.2852254270192,75,0.7,noconf,,,,4,871.0,716.7,,,,noconf
noconf,20,trajectory,noconf,-1,0.9020662269489604,6363.208666035352,7054.037138223762,154.97052077723038,535.8579514111798,75,0.7,noconf,,,,4,871.0,716.7,,,,noconf
noconf,20,random,noconf,3,0.7418699290527622,5233.178031269612,7054.037138223762,770.489791282188,1050.369315671962,75,0.6,noconf,,,,4,871.0,716.7,,,,noconf
noconf,20,reference,noconf,-1,1.0,7054.037138223762,7054.037138223762,0.0,0.0,75,0.0,noconf,,,,4,871.0,716.7,,,,noconf
noconf,20,value_based,noconf,4,0.8865858343499747,6254.009401727822,7054.037138223762,207.17540641137293,592.8523300845673,75,712.4,noconf,710.2,15000.0,0.877954973799187,7,876.2,771.2,,,,noconf
noconf,20,supervised,noconf,4,0.8681533113403962,6123.985699867091,7054.037138223762,260.5882952075244,669.4631431491462,75,10.7,noconf,,3150.0,,7,876.2,771.2,,,,noconf
noconf,20,persistence,noconf,-1,0.7762111376105602,5475.422191807807,7054.037138223762,258.55773662884985,1320.0572097871054,75,0.8,noconf,,,,7,876.2,771.2,,,,noconf
noconf,20,trajectory,noconf,-1,0.9059136845744568,6390.3487750133445,7054.037138223762,147.07292224929915,516.6154409611181,75,0.8,noconf,,,,7,876.2,771.2,,,,noconf
noconf,20,random,noconf,4,0.7241780892624575,5108.379136345297,7054.037138223762,706.5418134468255,1239.1161884316389,75,0.8,noconf,,,,7,876.2,771.2,,,,noconf
noconf,20,reference,noconf,-1,1.0,7054.037138223762,7054.037138223762,0.0,0.0,75,0.0,noconf,,,,7,876.2,771.2,,,,noconf
noconf,20,value_based,noconf,4,0.9002157829926672,6350.1555656454575,7054.037138223762,149.7330739682193,554.148498610085,75,1.7,noconf,,,,0,876.2,771.2,,,,noconf
noconf,20,supervised,noconf,4,0.8636130352199444,6091.958423495633,7054.037138223762,256.16780707779253,705.9109076503364,75,1.0,noconf,,,,0,876.2,771.2,,,,noconf
noconf,20,persistence,noconf,-1,0.7759847907623154,5473.825532734168,7054.037138223762,257.4297825199683,1322.781822969626,75,1.0,noconf,,,,0,876.2,771.2,,,,noconf
noconf,20,trajectory,noconf,-1,0.9056815441457916,6388.711247808257,7054.037138223762,147.07292224929915,518.2529681662054,75,1.3,noconf,,,,0,876.2,771.2,,,,noconf
noconf,20,random,noconf,4,0.7294854199204815,5145.8172439118325,7054.037138223762,702.5895407778235,1205.6303535341058,75,1.2,noconf,,,,0,876.2,771.2,,,,noconf
noconf,20,reference,noconf,-1,1.0,7054.037138223762,7054.037138223762,0.0,0.0,75,0.0,noconf,,,,0,876.2,771.2,,,,noconf
noconf,20,value_based,noconf,4,0.8891823919358558,6272.325615370163,7054.037138223762,155.23977261456002,626.4717502390386,75,1.3,noconf,,,,1,876.2,771.2,,,,noconf
noconf,20,supervised,noconf,4,0.8657574495961751,6107.085202145306,7054.037138223762,264.6794943181103,682.2724417603458,75,0.8,noconf,,,,1,876.2,771.2,,,,noconf
noconf,20,persistence,noconf,-1,0.766704504635061,5408.362049739173,7054.037138223762,332.8650306777554,1312.8100578068334,75,1.1,noconf,,,,1,876.2,771.2,,,,noconf
noconf,20,trajectory,noconf,-1,0.9035455987392836,6373.644209585531,7054.037138223762,147.07292224929915,533.3200063889317,75,1.2,noconf,,,,1,876.2,771.2,,,,noconf
noconf,20,random,noconf,4,0.736402358296667,5194.60958410025,7054.037138223762,639.8709068176913,1219.556647305821,75,1.3,noconf,,,,1,876.2,771.2,,,,noconf
noconf,20,reference,noconf,-1,1.0,7054.037138223762,7054.037138223762,0.0,0.0,75,0.0,noconf,,,,1,876.2,771.2,,,,noconf
noconf,20,value_based,noconf,4,0.8996172924420099,6345.933791074245,7054.037138223762,163.3282970514083,544.7750500981083,75,2.0,noconf,,,,2,876.2,771.2,,,,noconf
noconf,20,supervised,noconf,4,0.8689079363082672,6129.308852415884,7054.037138223762,254.52280505535143,670.2054807525265,75,1.6,noconf,,,,2,876.2,771.2,,,,noconf
noconf,20,persistence,noconf,-1,0.7667271448770715,5408.521754847133,7054.037138223762,339.9069053912108,1305.6084779854182,75,1.0,noconf,,,,2,876.2,771.2,,,,noconf
noconf,20,trajectory,noconf,-1,0.9024377340583624,6365.829290982188,7054.037138223762,147.07292224929915,541.134924992275,75,0.9,noconf,,,,2,876.2,771.2,,,,noconf
noconf,20,random,noconf,4,0.7324207290928682,5166.5230238260165,7054.037138223762,688.3069168325192,1199.207197565226,75,1.1,noconf,,,,2,876.2,771.2,,,,noconf
noconf,20,reference,noconf,-1,1.0,7054.037138223762,7054.037138223762,0.0,0.0,75,0.0,noconf,,,,2,876.2,771.2,,,,noconf
noconf,20,value_based,noconf,4,0.8967756617999518,6325.888822992052,7054.037138223762,148.5455266704421,579.6027885612675,75,2.3,noconf,,,,3,876.2,771.2,,,,noconf
noconf,20,supervised,noconf,4,0.8654404084508742,6104.848782132009,7054.037138223762,260.5882952075244,688.6000608842287,75,0.9,noconf,,,,3,876.2,771.2,,,,noconf
noconf,20,persistence,noconf,-1,0.777238804490077,5482.67139214164,7054.037138223762,257.8983758546537,1313.4673702274677,75,1.0,noconf,,,,3,876.2,771.2,,,,noconf
noconf,20,trajectory,noconf,-1,0.9055323809367712,6387.659044992171,7054.037138223762,154.97052077723038,511.40757245436,75,1.0,noconf,,,,3,876.2,771.2,,,,noconf
noconf,20,random,noconf,4,0.7443694644306746,5250.80984665371,7054.037138223762,635.8673699071824,1167.359921662869,75,1.4,noconf,,,,3,876.2,771.2,,,,noconf
noconf,20,reference,noconf,-1,1.0,7054.037138223762,7054.037138223762,0.0,0.0,75,0.0,noconf,,,,3,876.2,771.2,,,,noconf
noconf,20,value_based,noconf,4,0.8995557904607387,6345.499953814284,7054.037138223762,126.82756456914558,581.7096198403324,75,2.3,noconf,,,,4,876.2,771.2,,,,noconf
noconf,20,supervised,noconf,4,0.863797668725522,6093.2608351009385,7054.037138223762,260.5882952075244,700.1880079152988,75,1.2,noconf,,,,4,876.2,771.2,,,,noconf
noconf,20,persistence,noconf,-1,0.7714254107059335,5441.663496489174,7054.037138223762,262.0884163075689,1350.2852254270192,75,0.7,noconf,,,,4,876.2,771.2,,,,noconf
noconf,20,trajectory,noconf,-1,0.9020662269489604,6363.208666035352,7054.037138223762,154.97052077723038,535.8579514111798,75,0.8,noconf,,,,4,876.2,771.2,,,,noconf
noconf,20,random,noconf,4,0.7282700395108611,5137.243905365301,7054.037138223762,638.6643193137434,1278.1289135447178,75,0.7,noconf,,,,4,876.2,771.2,,,,noconf
noconf,20,reference,noconf,-1,1.0,7054.037138223762,7054.037138223762,0.0,0.0,75,0.0,noconf,,,,4,876.2,771.2,,,,noconf
oos,20,value_based,main,0,0.9091809875451884,6251.752178365176,6876.246054424286,125.97311082605664,498.5207652330528,75,554.0,main,552.8,15000.0,0.8815005735987042,7,943.3,3742.3,,,,oos
oos,20,supervised,main,0,0.8634282873607922,5937.145354242966,6876.246054424286,260.33013121649856,678.770568964821,75,7.4,main,,3150.0,,7,943.3,3742.3,,,,oos
oos,20,persistence,main,-1,0.7745224826431258,5325.8071653376965,6876.246054424286,342.4076720434223,1208.031217043167,75,0.6,main,,,,7,943.3,3742.3,,,,oos
oos,20,trajectory,main,-1,0.8935554552319573,6144.307173448044,6876.246054424286,124.31574724035272,607.6231337358895,75,0.6,main,,,,7,943.3,3742.3,,,,oos
oos,20,random,main,0,0.716462127152919,4926.56987497969,6876.246054424286,388.2343005622979,1561.4418788822975,75,0.6,main,,,,7,943.3,3742.3,,,,oos
oos,20,reference,main,-1,1.0,6876.246054424286,6876.246054424286,0.0,0.0,75,0.0,main,,,,7,943.3,3742.3,,,,oos
oos,20,value_based,field1,0,0.87847046376666,6002.59850693864,6833.011187651102,167.74832786821025,662.6643528442519,75,1.1,main,,,,7,943.3,3742.3,,,,oos
oos,20,supervised,field1,0,0.8958695522935,6121.486673497469,6833.011187651102,215.15887163875595,496.3656425148765,75,0.6,main,,,,7,943.3,3742.3,,,,oos
oos,20,persistence,field1,-1,0.7523203219036895,5140.6131762651885,6833.011187651102,655.5456786434388,1036.8523327424746,75,0.6,field1,,,,7,943.3,3742.3,,,,oos
oos,20,trajectory,field1,-1,0.9164289117888034,6261.969006939818,6833.011187651102,88.89531400419037,482.14686670709307,75,0.6,field1,,,,7,943.3,3742.3,,,,oos
oos,20,random,field1,0,0.7336498721828228,5013.037784444029,6833.011187651102,573.9583914278883,1246.0150117791843,75,0.6,field1,,,,7,943.3,3742.3,,,,oos
oos,20,reference,field1,-1,1.0,6833.011187651102,6833.011187651102,0.0,0.0,75,0.0,field1,,,,7,943.3,3742.3,,,,oos
oos,20,value_based,field1,0,0.9205909181489104,6290.408042961503,6833.011187651102,89.30095031101246,453.3021943785861,75,558.9,field1,557.3,15000.0,0.8538628300885968,7,943.3,3742.3,,,,oos
oos,20,value_based,field2,0,0.843601584177783,5834.828236107208,6916.568609569562,257.8585669023805,823.8818065599735,75,1.5,main,,,,7,943.3,3742.3,,,,oos
oos,20,supervised,field2,0,0.8211696133404301,5679.675970762793,6916.568609569562,382.4738448630988,854.4187939436697,75,0.8,main,,,,7,943.3,3742.3,,,,oos
oos,20,persistence,field2,-1,0.7543849869988849,5217.755520607029,6916.568609569562,388.1475987253243,1310.6654902372084,75,0.7,field2,,,,7,943.3,3742.3,,,,oos
oos,20,trajectory,field2,-1,0.9000013411421504,6224.921024714304,6916.568609569562,137.34544025006107,554.3021446051971,75,0.7,field2,,,,7,943.3,3742.3,,,,oos
oos,20,random,field2,0,0.7222051267509657,4995.181309355936,6916.568609569562,432.8637987046359,1488.5235015089902,75,0.7,field2,,,,7,943.3,3742.3,,,,oos
oos,20,reference,field2,-1,1.0,6916.568609569562,6916.568609569562,0.0,0.0,75,0.0,field2,,,,7,943.3,3742.3,,,,oos
oos,20,value_based,field2,0,0.8980883224657076,6211.6894997873,6916.568609569562,138.84075285988547,566.0383569223768,75,558.8,field2,557.3,15000.0,0.890772053783323,7,943.3,3742.3,,,,oos
oos,20,value_based,field3,0,0.823728961884993,5746.862976852743,6976.64309835825,352.1464104651013,877.6337110404065,75,1.4,main,,,,7,943.3,3742.3,,,,oos
oos,20,supervised,field3,0,0.8504592128732726,5933.350397927507,6976.64309835825,312.52656265105816,730.7661377796849,75,0.8,main,,,,7,943.3,3742.3,,,,oos
oos,20,persistence,field3,-1,0.8074594603930041,5633.356471554929,6976.64309835825,354.9176543846206,988.3689724187008,75,0.8,field3,,,,7,943.3,3742.3,,,,oos
oos,20,trajectory,field3,-1,0.8710918318207553,6077.296816508519,6976.64309835825,117.67004303670548,781.6762388130264,75,0.8,field3,,,,7,943.3,3742.3,,,,oos
oos,20,random,field3,0,0.7363434731322503,5137.2056098492585,6976.64309835825,494.91645564837927,1344.5210328606126,75,0.8,field3,,,,7,943.3,3742.3,,,,oos
oos,20,reference,field3,-1,1.0,6976.64309835825,6976.64309835825,0.0,0.0,75,0.0,field3,,,,7,943.3,3742.3,,,,oos
oos,20,value_based,field3,0,0.8934558656934335,6233.3226990777885,6976.64309835825,139.97906096548832,603.3413383149737,75,626.1,field3,624.8,15000.0,0.8123158500404786,7,943.3,3742.3,,,,oos
oos,20,value_based,field4,0,0.7711586845305703,5484.191636858351,7111.625333243518,303.1955899064505,1324.2381064787169,75,1.2,main,,,,7,943.3,3742.3,,,,oos
oos,20,supervised,field4,0,0.8406974994016906,5978.72563433954,7111.625333243518,260.3551312658028,872.5445676381751,75,0.7,main,,,,7,943.3,3742.3,,,,oos
oos,20,persistence,field4,-1,0.7461256186458303,5306.165851343679,7111.625333243518,383.7332069275835,1421.726274972256,75,0.7,field4,,,,7,943.3,3742.3,,,,oos
oos,20,trajectory,field4,-1,0.8601241180523999,6116.880467675185,7111.625333243518,103.27666138575114,891.4682041825818,75,0.6,field4,,,,7,943.3,3742.3,,,,oos
oos,20,random,field4,0,0.7009696646055956,4985.033624644366,7111.625333243518,529.9449686926746,1596.6467399064777,75,0.6,field4,,,,7,943.3,3742.3,,,,oos
oos,20,reference,field4,-1,1.0,7111.625333243518,7111.625333243518,0.0,0.0,75,0.0,field4,,,,7,943.3,3742.3,,,,oos
oos,20,value_based,field4,0,0.8593237767185838,6111.188739970377,7111.625333243518,147.6617273829961,852.7748658901446,75,664.7,field4,663.1,15000.0,0.8525638669622653,7,943.3,3742.3,,,,oos
oos,20,value_based,field5,0,0.8418854073368757,5702.161003567893,6773.08450042561,248.13821760566043,822.7852792520562,75,1.5,main,,,,7,943.3,3742.3,,,,oos
oos,20,supervised,field5,0,0.8755301543286792,5930.039717938819,6773.08450042561,193.17499565134491,649.8697868354457,75,0.9,main,,,,7,943.3,3742.3,,,,oos
oos,20,persistence,field5,-1,0.8264886937500386,5597.877761415395,6773.08450042561,304.4103618840836,870.7963771261311,75,0.8,field5,,,,7,943.3,3742.3,,,,oos
oos,20,trajectory,field5,-1,0.9228338611548612,6250.431721455909,6773.08450042561,99.6889297740554,422.9638491956457,75,0.7,field5,,,,7,943.3,3742.3,,,,oos
oos,20,random,field5,0,0.7495542194159389,5076.794065754712,6773.08450042561,497.4347121428764,1198.855722528021,75,0.7,field5,,,,7,943.3,3742.3,,,,oos
oos,20,reference,field5,-1,1.0,6773.08450042561,6773.08450042561,0.0,0.0,75,0.0,field5,,,,7,943.3,3742.3,,,,oos
oos,20,value_based,field5,0,0.921642703534904,6242.363910242613,6773.08450042561,118.16218662683332,412.5584035561633,75,653.1,field5,651.4,15000.0,0.9186053044287033,7,943.3,3742.3,,,,oos
oos,20,value_based,main,1,0.9086215573612868,6247.905398770399,6876.246054424286,118.1131507600312,510.2275048938554,75,754.1,main,752.9,15000.0,0.882417289726671,7,940.7,3816.6,,,,oos
oos,20,supervised,main,1,0.8189428951266277,5631.252851413276,6876.246054424286,296.11098247132304,948.8822205396872,75,9.5,main,,3150.0,,7,940.7,3816.6,,,,oos
oos,20,persistence,main,-1,0.7745224826431258,5325.8071653376965,6876.246054424286,342.4076720434223,1208.031217043167,75,0.9,main,,,,7,940.7,3816.6,,,,oos
oos,20,trajectory,main,-1,0.8935554552319573,6144.307173448044,6876.246054424286,124.31574724035272,607.6231337358895,75,1.0,main,,,,7,940.7,3816.6,,,,oos
oos,20,random,main,1,0.7285319340120817,5009.564836772671,6876.246054424286,653.4936028203247,1213.1876148312904,75,1.0,main,,,,7,940.7,3816.6,,,,oos
oos,20,reference,main,-1,1.0,6876.246054424286,6876.246054424286,0.0,0.0,75,0.0,main,,,,7,940.7,3816.6,,,,oos
oos,20,value_based,field1,1,0.8595198023367524,5873.108425374693,6833.011187651102,269.97109385124804,689.9316684251608,75,1.2,main,,,,7,940.7,3816.6,,,,oos
oos,20,supervised,field1,1,0.8824418302763561,6029.734898729656,6833.011187651102,189.6634998129539,613.6127891084916,75,1.0,main,,,,7,940.7,3816.6,,,,oos
oos,20,persistence,field1,-1,0.7523203219036895,5140.6131762651885,6833.011187651102,655.5456786434388,1036.8523327424746,75,0.9,field1,,,,7,940.7,3816.6,,,,oos
oos,20,trajectory,field1,-1,0.9164289117888034,6261.969006939818,6833.011187651102,88.89531400419037,482.14686670709307,75,0.8,field1,,,,7,940.7,3816.6,,,,oos
oos,20,random,field1,1,0.7411069022279266,5063.991754168874,6833.011187651102,598.0672926950656,1170.9521407871623,75,0.9,field1,,,,7,940.7,3816.6,,,,oos
oos,20,reference,field1,-1,1.0,6833.011187651102,6833.011187651102,0.0,0.0,75,0.0,field1,,,,7,940.7,3816.6,,,,oos
oos,20,value_based,field1,1,0.9196451855841408,6283.945841765907,6833.011187651102,74.40254188492872,474.6628040002661,75,638.2,field1,636.7,15000.0,0.8540563529570271,7,940.7,3816.6,,,,oos
oos,20,value_based,field2,1,0.8211052093898172,5679.230516419652,6916.568609569562,251.97482571280216,985.3632674371074,75,1.8,main,,,,7,940.7,3816.6,,,,oos
oos,20,supervised,field2,1,0.7978396205880071,5518.312475229899,6916.568609569562,319.0133642266601,1079.2427701130027,75,1.3,main,,,,7,940.7,3816.6,,,,oos
oos,20,persistence,field2,-1,0.7543849869988849,5217.755520607029,6916.568609569562,388.1475987253243,1310.6654902372084,75,1.1,field2,,,,7,940.7,3816.6,,,,oos
oos,20,trajectory,field2,-1,0.9000013411421504,6224.921024714304,6916.568609569562,137.34544025006107,554.3021446051971,75,0.9,field2,,,,7,940.7,3816.6,,,,oos
oos,20,random,field2,1,0.7128993906358496,4930.817547053186,6916.568609569562,612.7845311985275,1372.9665313178484,75,0.6,field2,,,,7,940.7,3816.6,,,,oos
oos,20,reference,field2,-1,1.0,6916.568609569562,6916.568609569562,0.0,0.0,75,0.0,field2,,,,7,940.7,3816.6,,,,oos
oos,20,value_based,field2,1,0.9027636410391264,6244.026661471945,6916.568609569562,126.3385448127574,546.2034032848596,75,546.3,field2,545.1,15000.0,0.8902557048268621,7,940.7,3816.6,,,,oos
oos,20,value_based,field3,1,0.8421004938136278,5875.034598288921,6976.64309835825,302.72230524439146,798.8861948249378,75,1.2,main,,,,7,940.7,3816.6,,,,oos
oos,20,supervised,field3,1,0.8414365537786409,5870.402525626106,6976.64309835825,327.3344599050806,778.9061128270641,75,0.7,main,,,,7,940.7,3816.6,,,,oos
oos,20,persistence,field3,-1,0.8074594603930041,5633.356471554929,6976.64309835825,354.9176543846206,988.3689724187008,75,0.7,field3,,,,7,940.7,3816.6,,,,oos
oos,20,trajectory,field3,-1,0.8710918318207553,6077.296816508519,6976.64309835825,117.67004303670548,781.6762388130264,75,0.7,field3,,,,7,940.7,3816.6,,,,oos
oos,20,random,field3,1,0.7276336116324192,5076.440014728805,6976.64309835825,623.2922597917277,1276.9108238377175,75,0.7,field3,,,,7,940.7,3816.6,,,,oos
oos,20,reference,field3,-1,1.0,6976.64309835825,6976.64309835825,0.0,0.0,75,0.0,field3,,,,7,940.7,3816.6,,,,oos
oos,20,value_based,field3,1,0.8827524782200566,6158.6489847326,6976.64309835825,145.1199023080144,672.8742113176359,75,578.8,field3,577.6,15000.0,0.8153363110894107,7,940.7,3816.6,,,,oos
oos,20,value_based,field4,1,0.7635283916378187,5429.92785262219,7111.625333243518,410.3352891104105,1271.362191510918,75,1.0,main,,,,7,940.7,3816.6,,,,oos
oos,20,supervised,field4,1,0.7879191533143631,5603.385811258208,7111.625333243518,292.25162628137696,1215.9878957039327,75,0.6,main,,,,7,940.7,3816.6,,,,oos
oos,20,persistence,field4,-1,0.7461256186458303,5306.165851343679,7111.625333243518,383.7332069275835,1421.726274972256,75,0.6,field4,,,,7,940.7,3816.6,,,,oos
oos,20,trajectory,field4,-1,0.8601241180523999,6116.880467675185,7111.625333243518,103.27666138575114,891.4682041825818,75,0.6,field4,,,,7,940.7,3816.6,,,,oos
oos,20,random,field4,1,0.6878995360436276,4892.083767254325,7111.625333243518,633.6540542302309,1585.8875117589623,75,0.6,field4,,,,7,940.7,3816.6,,,,oos
oos,20,reference,field4,-1,1.0,7111.625333243518,7111.625333243518,0.0,0.0,75,0.0,field4,,,,7,940.7,3816.6,,,,oos
oos,20,value_based,field4,1,0.8664630156545446,6161.960332447435,7111.625333243518,102.39691488731296,847.2680859087704,75,574.7,field4,573.4,15000.0,0.8525211028004367,7,940.7,3816.6,,,,oos
oos,20,value_based,field5,1,0.8239589023999506,5580.743270832803,6773.08450042561,299.7175023189493,892.6237272738572,75,1.5,main,,,,7,940.7,3816.6,,,,oos
oos,20,supervised,field5,1,0.8515630851792056,5767.708733361891,6773.08450042561,208.10934111015376,797.266425953565,75,0.7,main,,,,7,940.7,3816.6,,,,oos
oos,20,persistence,field5,-1,0.8264886937500386,5597.877761415395,6773.08450042561,304.4103618840836,870.7963771261311,75,0.6,field5,,,,7,940.7,3816.6,,,,oos
oos,20,trajectory,field5,-1,0.9228338611548612,6250.431721455909,6773.08450042561,99.6889297740554,422.9638491956457,75,0.7,field5,,,,7,940.7,3816.6,,,,oos
oos,20,random,field5,1,0.7434283773498196,5035.303219804625,6773.08450042561,612.4818271185522,1125.2994535024327,75,0.6,field5,,,,7,940.7,3816.6,,,,oos
oos,20,reference,field5,-1,1.0,6773.08450042561,6773.08450042561,0.0,0.0,75,0.0,field5,,,,7,940.7,3816.6,,,,oos
oos,20,value_based,field5,1,0.923858229599781,6257.3698554929215,6773.08450042561,100.05794665498706,415.65669827770125,75,590.6,field5,589.3,15000.0,0.9172065032106363,7,940.7,3816.6,,,,oos
oos,20,value_based,main,2,0.9043944780582462,6218.838961391127,6876.246054424286,118.88111936505813,538.525973668101,75,560.2,main,559.0,15000.0,0.8823417518419014,7,942.6,3740.0,,,,oos
oos,20,supervised,main,2,0.8556447795641262,5883.624039466561,6876.246054424286,205.78437527813455,786.8376396795902,75,7.6,main,,3150.0,,7,942.6,3740.0,,,,oos
oos,20,persistence,main,-1,0.7745224826431258,5325.8071653376965,6876.246054424286,342.4076720434223,1208.031217043167,75,0.6,main,,,,7,942.6,3740.0,,,,oos
oos,20,trajectory,main,-1,0.8935554552319573,6144.307173448044,6876.246054424286,124.31574724035272,607.6231337358895,75,0.6,main,,,,7,942.6,3740.0,,,,oos
oos,20,random,main,2,0.82706883473343,5687.12881157304,6876.246054424286,334.1844288156126,854.9328140356338,75,0.6,main,,,,7,942.6,3740.0,,,,oos
oos,20,reference,main,-1,1.0,6876.246054424286,6876.246054424286,0.0,0.0,75,0.0,main,,,,7,942.6,3740.0,,,,oos
oos,20,value_based,field1,2,0.8692689446606424,5939.724423943836,6833.011187651102,268.0401705318791,625.2465931753868,75,1.1,main,,,,7,942.6,3740.0,,,,oos
oos,20,supervised,field1,2,0.8904927981008567,6084.747251945888,6833.011187651102,186.4935454449524,561.7703902602616,75,0.7,main,,,,7,942.6,3740.0,,,,oos
oos,20,persistence,field1,-1,0.7523203219036895,5140.6131762651885,6833.011187651102,655.5456786434388,1036.8523327424746,75,0.6,field1,,,,7,942.6,3740.0,,,,oos
oos,20,trajectory,field1,-1,0.9164289117888034,6261.969006939818,6833.011187651102,88.89531400419037,482.14686670709307,75,0.6,field1,,,,7,942.6,3740.0,,,,oos
oos,20,random,field1,2,0.7711862500038055,5269.524274038702,6833.011187651102,566.2161753615128,997.270738250887,75,0.6,field1,,,,7,942.6,3740.0,,,,oos
oos,20,reference,field1,-1,1.0,6833.011187651102,6833.011187651102,0.0,0.0,75,0.0,field1,,,,7,942.6,3740.0,,,,oos
oos,20,value_based,field1,2,0.9289904602831818,6347.802208336128,6833.011187651102,71.24181671817132,413.9671625968031,75,551.4,field1,550.1,15000.0,0.8551588647967522,7,942.6,3740.0,,,,oos
oos,20,value_based,field2,2,0.8096694129697173,5600.134045874961,6916.568609569562,265.7911630151166,1050.6434006794843,75,1.1,main,,,,7,942.6,3740.0,,,,oos
oos,20,supervised,field2,2,0.8234128879474285,5695.191733492203,6916.568609569562,292.5503905312571,928.826485546102,75,0.6,main,,,,7,942.6,3740.0,,,,oos
oos,20,persistence,field2,-1,0.7543849869988849,5217.755520607029,6916.568609569562,388.1475987253243,1310.6654902372084,75,0.6,field2,,,,7,942.6,3740.0,,,,oos
oos,20,trajectory,field2,-1,0.9000013411421504,6224.921024714304,6916.568609569562,137.34544025006107,554.3021446051971,75,0.6,field2,,,,7,942.6,3740.0,,,,oos
oos,20,random,field2,2,0.7478217845978223,5172.360680901588,6916.568609569562,408.15240520183306,1336.0555234661406,75,0.6,field2,,,,7,942.6,3740.0,,,,oos
oos,20,reference,field2,-1,1.0,6916.568609569562,6916.568609569562,0.0,0.0,75,0.0,field2,,,,7,942.6,3740.0,,,,oos
oos,20,value_based,field2,2,0.8958236421664632,6196.025683118834,6916.568609569562,155.81063996796274,564.7322864827647,75,571.7,field2,570.1,15000.0,0.8919837503649586,7,942.6,3740.0,,,,oos
oos,20,value_based,field3,2,0.8351735842555684,5826.708022527734,6976.64309835825,287.710120318342,862.2249555121743,75,1.2,main,,,,7,942.6,3740.0,,,,oos
oos,20,supervised,field3,2,0.8407961930693957,5865.93495750349,6976.64309835825,256.5308197246786,854.1773211300815,75,0.7,main,,,,7,942.6,3740.0,,,,oos
oos,20,persistence,field3,-1,0.8074594603930041,5633.356471554929,6976.64309835825,354.9176543846206,988.3689724187008,75,0.7,field3,,,,7,942.6,3740.0,,,,oos
oos,20,trajectory,field3,-1,0.8710918318207553,6077.296816508519,6976.64309835825,117.67004303670548,781.6762388130264,75,0.7,field3,,,,7,942.6,3740.0,,,,oos
oos,20,random,field3,2,0.7505123568380142,5236.056854566516,6976.64309835825,604.360535257475,1136.225708534259,75,0.7,field3,,,,7,942.6,3740.0,,,,oos
oos,20,reference,field3,-1,1.0,6976.64309835825,6976.64309835825,0.0,0.0,75,0.0,field3,,,,7,942.6,3740.0,,,,oos
oos,20,value_based,field3,2,0.8922997845528461,6225.257133567167,6976.64309835825,143.90070610122257,607.4852586898605,75,616.2,field3,614.9,15000.0,0.8114396894136966,7,942.6,3740.0,,,,oos
oos,20,value_based,field4,2,0.7714941664370804,5486.577458483532,7111.625333243518,288.0062958778444,1337.041578882142,75,1.3,main,,,,7,942.6,3740.0,,,,oos
oos,20,supervised,field4,2,0.8350792581087958,5938.770807232715,7111.625333243518,212.4774579606883,960.3770680501148,75,0.9,main,,,,7,942.6,3740.0,,,,oos
oos,20,persistence,field4,-1,0.7461256186458303,5306.165851343679,7111.625333243518,383.7332069275835,1421.726274972256,75,0.8,field4,,,,7,942.6,3740.0,,,,oos
oos,20,trajectory,field4,-1,0.8601241180523999,6116.880467675185,7111.625333243518,103.27666138575114,891.4682041825818,75,0.6,field4,,,,7,942.6,3740.0,,,,oos
oos,20,random,field4,2,0.7289064665327832,5183.70969295956,7111.625333243518,504.4429536939879,1423.4726865899702,75,0.7,field4,,,,7,942.6,3740.0,,,,oos
oos,20,reference,field4,-1,1.0,7111.625333243518,7111.625333243518,0.0,0.0,75,0.0,field4,,,,7,942.6,3740.0,,,,oos
oos,20,value_based,field4,2,0.8708085683049781,6192.864274763201,7111.625333243518,174.42679181983294,744.334266660484,75,665.1,field4,663.8,15000.0,0.8549205707678758,7,942.6,3740.0,,,,oos
oos,20,value_based,field5,2,0.833471592670482,5645.173525861489,6773.08450042561,260.15422661717366,867.7567479469471,75,1.5,main,,,,7,942.6,3740.0,,,,oos
oos,20,supervised,field5,2,0.8775355977011864,5943.622755361629,6773.08450042561,161.89881862817674,667.562926435804,75,1.0,main,,,,7,942.6,3740.0,,,,oos
oos,20,persistence,field5,-1,0.8264886937500386,5597.877761415395,6773.08450042561,304.4103618840836,870.7963771261311,75,0.9,field5,,,,7,942.6,3740.0,,,,oos
oos,20,trajectory,field5,-1,0.9228338611548612,6250.431721455909,6773.08450042561,99.6889297740554,422.9638491956457,75,0.9,field5,,,,7,942.6,3740.0,,,,oos
oos,20,random,field5,2,0.7656660913263313,5185.921135663834,6773.08450042561,488.1117201838415,1099.051644577934,75,0.9,field5,,,,7,942.6,3740.0,,,,oos
oos,20,reference,field5,-1,1.0,6773.08450042561,6773.08450042561,0.0,0.0,75,0.0,field5,,,,7,942.6,3740.0,,,,oos
oos,20,value_based,field5,2,0.9115058524743148,6173.706161441015,6773.08450042561,118.46784694517557,480.9104920394193,75,650.4,field5,648.8,15000.0,0.918433147189592,7,942.6,3740.0,,,,oos
oos,20,value_based,main,3,0.9159847409987996,6298.536461205847,6876.246054424286,118.25981965811206,459.4497735603263,75,783.9,main,782.2,15000.0,0.8814044906784358,7,946.7,3797.6,,,,oos
oos,20,supervised,main,3,0.8553217402694886,5881.402741791385,6876.246054424286,249.4424351827338,745.4008774501672,75,8.7,main,,3150.0,,7,946.7,3797.6,,,,oos
oos,20,persistence,main,-1,0.7745224826431258,5325.8071653376965,6876.246054424286,342.4076720434223,1208.031217043167,75,0.8,main,,,,7,946.7,3797.6,,,,oos
oos,20,trajectory,main,-1,0.8935554552319573,6144.307173448044,6876.246054424286,124.31574724035272,607.6231337358895,75,0.7,main,,,,7,946.7,3797.6,,,,oos
oos,20,random,main,3,0.7414070011660847,5098.096966490832,6876.246054424286,765.837601485443,1012.3114864480112,75,0.8,main,,,,7,946.7,3797.6,,,,oos
oos,20,reference,main,-1,1.0,6876.246054424286,6876.246054424286,0.0,0.0,75,0.0,main,,,,7,946.7,3797.6,,,,oos
oos,20,value_based,field1,3,0.8721253992872587,5959.242610364523,6833.011187651102,261.30112345266207,612.4674538339168,75,1.4,main,,,,7,946.7,3797.6,,,,oos
oos,20,supervised,field1,3,0.8918375982261,6093.93628624683,6833.011187651102,181.42856437621776,557.6463370280544,75,0.7,main,,,,7,946.7,3797.6,,,,oos
oos,20,persistence,field1,-1,0.7523203219036895,5140.6131762651885,6833.011187651102,655.5456786434388,1036.8523327424746,75,0.7,field1,,,,7,946.7,3797.6,,,,oos
oos,20,trajectory,field1,-1,0.9164289117888034,6261.969006939818,6833.011187651102,88.89531400419037,482.14686670709307,75,0.6,field1,,,,7,946.7,3797.6,,,,oos
oos,20,random,field1,3,0.7373893797134664,5038.589881237223,6833.011187651102,590.1899790480293,1204.23132736585,75,0.7,field1,,,,7,946.7,3797.6,,,,oos
oos,20,reference,field1,-1,1.0,6833.011187651102,6833.011187651102,0.0,0.0,75,0.0,field1,,,,7,946.7,3797.6,,,,oos
oos,20,value_based,field1,3,0.920362685023328,6288.848523461007,6833.011187651102,101.90739839625894,442.2552657938359,75,601.9,field1,600.1,15000.0,0.8540186481557308,7,946.7,3797.6,,,,oos
oos,20,value_based,field2,3,0.8318571823731266,5753.59727524695,6916.568609569562,240.86134000543095,922.1099943171812,75,1.8,main,,,,7,946.7,3797.6,,,,oos
oos,20,supervised,field2,3,0.8200337453598319,5671.819661943572,6916.568609569562,304.2223856731125,940.5265619528772,75,0.9,main,,,,7,946.7,3797.6,,,,oos
oos,20,persistence,field2,-1,0.7543849869988849,5217.755520607029,6916.568609569562,388.1475987253243,1310.6654902372084,75,0.9,field2,,,,7,946.7,3797.6,,,,oos
oos,20,trajectory,field2,-1,0.9000013411421504,6224.921024714304,6916.568609569562,137.34544025006107,554.3021446051971,75,0.9,field2,,,,7,946.7,3797.6,,,,oos
oos,20,random,field2,3,0.7408019072342305,5123.807217485541,6916.568609569562,618.0423466564953,1174.719045427526,75,1.0,field2,,,,7,946.7,3797.6,,,,oos
oos,20,reference,field2,-1,1.0,6916.568609569562,6916.568609569562,0.0,0.0,75,0.0,field2,,,,7,946.7,3797.6,,,,oos
oos,20,value_based,field2,3,0.9019427488511508,6238.348904332752,6916.568609569562,134.95471631808323,543.2649889187269,75,577.3,field2,575.8,15000.0,0.8892958589388322,7,946.7,3797.6,,,,oos
oos,20,value_based,field3,3,0.8393838713637003,5856.081693022789,6976.64309835825,330.5737613033143,789.9876440321468,75,1.0,main,,,,7,946.7,3797.6,,,,oos
oos,20,supervised,field3,3,0.8551133144581206,5965.820403628495,6976.64309835825,317.1267873582865,693.6959073714688,75,0.6,main,,,,7,946.7,3797.6,,,,oos
oos,20,persistence,field3,-1,0.8074594603930041,5633.356471554929,6976.64309835825,354.9176543846206,988.3689724187008,75,0.6,field3,,,,7,946.7,3797.6,,,,oos
oos,20,trajectory,field3,-1,0.8710918318207553,6077.296816508519,6976.64309835825,117.67004303670548,781.6762388130264,75,0.6,field3,,,,7,946.7,3797.6,,,,oos
oos,20,random,field3,3,0.7888167485139687,5503.292924389375,6976.64309835825,636.7591019308493,836.5910720380261,75,0.6,field3,,,,7,946.7,3797.6,,,,oos
oos,20,reference,field3,-1,1.0,6976.64309835825,6976.64309835825,0.0,0.0,75,0.0,field3,,,,7,946.7,3797.6,,,,oos
oos,20,value_based,field3,3,0.8755873760976265,6108.660624461116,6976.64309835825,113.07901725128522,754.9034566458495,75,563.0,field3,561.4,15000.0,0.8140284304180593,7,946.7,3797.6,,,,oos
oos,20,value_based,field4,3,0.773280201453021,5499.279070348955,7111.625333243518,430.3038654369075,1182.0423974576552,75,1.3,main,,,,7,946.7,3797.6,,,,oos
oos,20,supervised,field4,3,0.8350662242417083,5938.678115253345,7111.625333243518,281.94294658019135,891.0042714099818,75,0.8,main,,,,7,946.7,3797.6,,,,oos
oos,20,persistence,field4,-1,0.7461256186458303,5306.165851343679,7111.625333243518,383.7332069275835,1421.726274972256,75,0.7,field4,,,,7,946.7,3797.6,,,,oos
oos,20,trajectory,field4,-1,0.8601241180523999,6116.880467675185,7111.625333243518,103.27666138575114,891.4682041825818,75,0.7,field4,,,,7,946.7,3797.6,,,,oos
oos,20,random,field4,3,0.7328877273545286,5212.022928277734,7111.625333243518,584.0199466583608,1315.5824583074236,75,0.7,field4,,,,7,946.7,3797.6,,,,oos
oos,20,reference,field4,-1,1.0,7111.625333243518,7111.625333243518,0.0,0.0,75,0.0,field4,,,,7,946.7,3797.6,,,,oos
oos,20,value_based,field4,3,0.8708063669802911,6192.84861976679,7111.625333243518,118.62250359277095,800.1542098839573,75,573.0,field4,571.5,15000.0,0.8515283867475132,7,946.7,3797.6,,,,oos
oos,20,value_based,field5,3,0.8172183151168091,5535.088703581591,6773.08450042561,320.678769330204,917.3170275138144,75,1.4,main,,,,7,946.7,3797.6,,,,oos
oos,20,supervised,field5,3,0.8672284197433026,5873.811368091958,6773.08450042561,168.93146467272072,730.3416676609313,75,0.7,main,,,,7,946.7,3797.6,,,,oos
oos,20,persistence,field5,-1,0.8264886937500386,5597.877761415395,6773.08450042561,304.4103618840836,870.7963771261311,75,0.7,field5,,,,7,946.7,3797.6,,,,oos
oos,20,trajectory,field5,-1,0.9228338611548612,6250.431721455909,6773.08450042561,99.6889297740554,422.9638491956457,75,0.6,field5,,,,7,946.7,3797.6,,,,oos
oos,20,random,field5,3,0.7441588132184552,5040.250523665036,6773.08450042561,754.3410073582163,978.4929694023576,75,0.8,field5,,,,7,946.7,3797.6,,,,oos
oos,20,reference,field5,-1,1.0,6773.08450042561,6773.08450042561,0.0,0.0,75,0.0,field5,,,,7,946.7,3797.6,,,,oos
oos,20,value_based,field5,3,0.9234246209918644,6254.43298775139,6773.08450042561,107.67010553388808,410.9814071403316,75,557.3,field5,555.9,15000.0,0.9187756769904392,7,946.7,3797.6,,,,oos
oos,20,value_based,main,4,0.9073807513304396,6239.373311196479,6876.246054424286,106.55348315479478,530.3192600730117,75,785.1,main,783.5,15000.0,0.8823868020956419,7,943.7,3849.1,,,,oos
oos,20,supervised,main,4,0.8380429014749723,5762.589194705559,6876.246054424286,287.1012572881755,826.5556024305515,75,10.8,main,,3150.0,,7,943.7,3849.1,,,,oos
oos,20,persistence,main,-1,0.7745224826431258,5325.8071653376965,6876.246054424286,342.4076720434223,1208.031217043167,75,1.0,main,,,,7,943.7,3849.1,,,,oos
oos,20,trajectory,main,-1,0.8935554552319573,6144.307173448044,6876.246054424286,124.31574724035272,607.6231337358895,75,1.0,main,,,,7,943.7,3849.1,,,,oos
oos,20,random,main,4,0.7369917605269269,5067.73668546649,6876.246054424286,658.1225801642149,1150.3867887935812,75,1.0,main,,,,7,943.7,3849.1,,,,oos
oos,20,reference,main,-1,1.0,6876.246054424286,6876.246054424286,0.0,0.0,75,0.0,main,,,,7,943.7,3849.1,,,,oos
oos,20,value_based,field1,4,0.8581863593374885,5863.996994442628,6833.011187651102,245.3376195649325,723.6765736435418,75,1.4,main,,,,7,943.7,3849.1,,,,oos
oos,20,supervised,field1,4,0.900267216282404,6151.535960733181,6833.011187651102,228.19530266874332,453.2799242491774,75,0.9,main,,,,7,943.7,3849.1,,,,oos
oos,20,persistence,field1,-1,0.7523203219036895,5140.6131762651885,6833.011187651102,655.5456786434388,1036.8523327424746,75,0.8,field1,,,,7,943.7,3849.1,,,,oos
oos,20,trajectory,field1,-1,0.9164289117888034,6261.969006939818,6833.011187651102,88.89531400419037,482.14686670709307,75,0.8,field1,,,,7,943.7,3849.1,,,,oos
oos,20,random,field1,4,0.7450663853279823,5091.04694648887,6833.011187651102,615.7061936713435,1126.2580474908882,75,0.8,field1,,,,7,943.7,3849.1,,,,oos
oos,20,reference,field1,-1,1.0,6833.011187651102,6833.011187651102,0.0,0.0,75,0.0,field1,,,,7,943.7,3849.1,,,,oos
oos,20,value_based,field1,4,0.9146157184951076,6249.579436878621,6833.011187651102,79.37493074291888,504.056820029562,75,637.1,field1,635.1,15000.0,0.8533197587777677,7,943.7,3849.1,,,,oos
oos,20,value_based,field2,4,0.8338487618460431,5767.372171312787,6916.568609569562,269.1913459055777,880.0050923511972,75,1.4,main,,,,7,943.7,3849.1,,,,oos
oos,20,supervised,field2,4,0.8196989501016426,5669.504027570148,6916.568609569562,306.28359454964266,940.7809874497716,75,1.0,main,,,,7,943.7,3849.1,,,,oos
oos,20,persistence,field2,-1,0.7543849869988849,5217.755520607029,6916.568609569562,388.1475987253243,1310.6654902372084,75,0.8,field2,,,,7,943.7,3849.1,,,,oos
oos,20,trajectory,field2,-1,0.9000013411421504,6224.921024714304,6916.568609569562,137.34544025006107,554.3021446051971,75,0.7,field2,,,,7,943.7,3849.1,,,,oos
oos,20,random,field2,4,0.7704165126451953,5328.6386676558095,6916.568609569562,542.1008772644363,1045.829064649316,75,1.1,field2,,,,7,943.7,3849.1,,,,oos
oos,20,reference,field2,-1,1.0,6916.568609569562,6916.568609569562,0.0,0.0,75,0.0,field2,,,,7,943.7,3849.1,,,,oos
oos,20,value_based,field2,4,0.900698603454932,6229.743687339525,6916.568609569562,141.34634875449228,545.4785734755442,75,564.3,field2,563.1,15000.0,0.89126997262518,7,943.7,3849.1,,,,oos
oos,20,value_based,field3,4,0.8314051811359969,5800.417218911744,6976.64309835825,305.2517379251576,870.9741415213484,75,1.1,main,,,,7,943.7,3849.1,,,,oos
oos,20,supervised,field3,4,0.8330438237494938,5811.849443591873,6976.64309835825,349.9784080567588,814.8152467096188,75,0.7,main,,,,7,943.7,3849.1,,,,oos
oos,20,persistence,field3,-1,0.8074594603930041,5633.356471554929,6976.64309835825,354.9176543846206,988.3689724187008,75,0.6,field3,,,,7,943.7,3849.1,,,,oos
oos,20,trajectory,field3,-1,0.8710918318207553,6077.296816508519,6976.64309835825,117.67004303670548,781.6762388130264,75,0.6,field3,,,,7,943.7,3849.1,,,,oos
oos,20,random,field3,4,0.7769820956087403,5420.726774876648,6976.64309835825,544.6540720453131,1011.2622514362891,75,0.7,field3,,,,7,943.7,3849.1,,,,oos
oos,20,reference,field3,-1,1.0,6976.64309835825,6976.64309835825,0.0,0.0,75,0.0,field3,,,,7,943.7,3849.1,,,,oos
oos,20,value_based,field3,4,0.887892430517561,6194.508597454874,6976.64309835825,132.2010509857173,649.9334499176593,75,561.7,field3,560.5,15000.0,0.8126998039178803,7,943.7,3849.1,,,,oos
oos,20,value_based,field4,4,0.7977920104516111,5673.597872186955,7111.625333243518,312.9312101219339,1125.096250934629,75,1.1,main,,,,7,943.7,3849.1,,,,oos
oos,20,supervised,field4,4,0.8150587303455009,5796.392314806361,7111.625333243518,335.74086190319304,979.4921565339636,75,0.7,main,,,,7,943.7,3849.1,,,,oos
oos,20,persistence,field4,-1,0.7461256186458303,5306.165851343679,7111.625333243518,383.7332069275835,1421.726274972256,75,0.6,field4,,,,7,943.7,3849.1,,,,oos
oos,20,trajectory,field4,-1,0.8601241180523999,6116.880467675185,7111.625333243518,103.27666138575114,891.4682041825818,75,0.7,field4,,,,7,943.7,3849.1,,,,oos
oos,20,random,field4,4,0.7208210696798955,5126.209379871236,7111.625333243518,645.9481296281365,1339.4678237441458,75,0.7,field4,,,,7,943.7,3849.1,,,,oos
oos,20,reference,field4,-1,1.0,7111.625333243518,7111.625333243518,0.0,0.0,75,0.0,field4,,,,7,943.7,3849.1,,,,oos
oos,20,value_based,field4,4,0.8530648926761397,6066.677901656298,7111.625333243518,153.29156805038838,891.6558635368319,75,581.2,field4,579.6,15000.0,0.8536420031271836,7,943.7,3849.1,,,,oos
oos,20,value_based,field5,4,0.8406381317192474,5693.713100414377,6773.08450042561,254.56716069998487,824.8042393112482,75,1.2,main,,,,7,943.7,3849.1,,,,oos
oos,20,supervised,field5,4,0.8576525407856241,5808.953130745754,6773.08450042561,203.107268987852,761.0241006920041,75,0.8,main,,,,7,943.7,3849.1,,,,oos
oos,20,persistence,field5,-1,0.8264886937500386,5597.877761415395,6773.08450042561,304.4103618840836,870.7963771261311,75,0.8,field5,,,,7,943.7,3849.1,,,,oos
oos,20,trajectory,field5,-1,0.9228338611548612,6250.431721455909,6773.08450042561,99.6889297740554,422.9638491956457,75,0.7,field5,,,,7,943.7,3849.1,,,,oos
oos,20,random,field5,4,0.7311038564650519,4951.828198424833,6773.08450042561,620.8773440558525,1200.378957944924,75,0.7,field5,,,,7,943.7,3849.1,,,,oos
oos,20,reference,field5,-1,1.0,6773.08450042561,6773.08450042561,0.0,0.0,75,0.0,field5,,,,7,943.7,3849.1,,,,oos
oos,20,value_based,field5,4,0.9230653892007724,6251.999880475084,6773.08450042561,99.12036128793534,421.9642586625905,75,573.5,field5,572.1,15000.0,0.9180212795974588,7,943.7,3849.1,,,,oos
variant,20,value_based,variant-amp_high,0,0.8899715788916609,7901.802554873012,8878.713368255689,326.0252028048126,650.8856105778641,75,705.8,variant-amp_high,704.6,15000.0,0.8601013207879215,7,744.6,727.1,,,,variant-amp_high
variant,20,persistence,variant-amp_high,-1,0.7441046759614762,6606.692133840727,8878.713368255689,558.3525721028927,1713.6686623120695,75,0.8,variant-amp_high,,,,7,744.6,727.1,,,,variant-amp_high
variant,20,trajectory,variant-amp_high,-1,0.929033749770123,8248.624373644701,8878.713368255689,155.82626874004927,474.2627258709381,75,0.8,variant-amp_high,,,,7,744.6,727.1,,,,variant-amp_high
variant,20,random,variant-amp_high,0,0.7003533608486251,6218.236747469488,8878.713368255689,840.9500944999509,1819.5265262862492,75,0.8,variant-amp_high,,,,7,744.6,727.1,,,,variant-amp_high
variant,20,reference,variant-amp_high,-1,1.0,8878.713368255689,8878.713368255689,0.0,0.0,75,0.0,variant-amp_high,,,,7,744.6,727.1,,,,variant-amp_high
variant,20,value_based,variant-amp_high,1,0.9196349875385788,8165.175457774433,8878.713368255689,164.55651602143007,548.9813944598254,75,727.9,variant-amp_high,726.7,15000.0,0.8576579962168829,7,746.0,746.8,,,,variant-amp_high
variant,20,persistence,variant-amp_high,-1,0.7441046759614762,6606.692133840727,8878.713368255689,558.3525721028927,1713.6686623120695,75,0.8,variant-amp_high,,,,7,746.0,746.8,,,,variant-amp_high
variant,20,trajectory,variant-amp_high,-1,0.929033749770123,8248.624373644701,8878.713368255689,155.82626874004927,474.2627258709381,75,0.8,variant-amp_high,,,,7,746.0,746.8,,,,variant-amp_high
variant,20,random,variant-amp_high,1,0.694741817736466,6168.413464623019,8878.713368255689,810.6516637800287,1899.6482398526412,75,1.0,variant-amp_high,,,,7,746.0,746.8,,,,variant-amp_high
variant,20,reference,variant-amp_high,-1,1.0,8878.713368255689,8878.713368255689,0.0,0.0,75,0.0,variant-amp_high,,,,7,746.0,746.8,,,,variant-amp_high
variant,20,value_based,variant-amp_high,2,0.9051233546387782,8036.330828751755,8878.713368255689,193.0207700409192,649.3617694630148,75,709.6,variant-amp_high,708.4,15000.0,0.8604558141785,7,746.2,729.6,,,,variant-amp_high
variant,20,persistence,variant-amp_high,-1,0.7441046759614762,6606.692133840727,8878.713368255689,558.3525721028927,1713.6686623120695,75,0.8,variant-amp_high,,,,7,746.2,729.6,,,,variant-amp_high
variant,20,trajectory,variant-amp_high,-1,0.929033749770123,8248.624373644701,8878.713368255689,155.82626874004927,474.2627258709381,75,0.7,variant-amp_high,,,,7,746.2,729.6,,,,variant-amp_high
variant,20,random,variant-amp_high,2,0.7466183097561735,6629.009967816604,8878.713368255689,540.3070969401651,1709.3963034989192,75,0.8,variant-amp_high,,,,7,746.2,729.6,,,,variant-amp_high
variant,20,reference,variant-amp_high,-1,1.0,8878.713368255689,8878.713368255689,0.0,0.0,75,0.0,variant-amp_high,,,,7,746.2,729.6,,,,variant-amp_high
variant,20,value_based,variant-amp_high,3,0.920183935329912,8170.0494078678175,8878.713368255689,172.78008558358852,535.8838748042826,75,711.4,variant-amp_high,710.1,15000.0,0.857690705726396,7,743.4,732.2,,,,variant-amp_high
variant,20,persistence,variant-amp_high,-1,0.7441046759614762,6606.692133840727,8878.713368255689,558.3525721028927,1713.6686623120695,75,0.7,variant-amp_high,,,,7,743.4,732.2,,,,variant-amp_high
variant,20,trajectory,variant-amp_high,-1,0.929033749770123,8248.624373644701,8878.713368255689,155.82626874004927,474.2627258709381,75,0.7,variant-amp_high,,,,7,743.4,732.2,,,,variant-amp_high
variant,20,random,variant-amp_high,3,0.7211591839231408,6402.965686938754,8878.713368255689,981.9583498500068,1493.7893314669282,75,0.7,variant-amp_high,,,,7,743.4,732.2,,,,variant-amp_high
variant,20,reference,variant-amp_high,-1,1.0,8878.713368255689,8878.713368255689,0.0,0.0,75,0.0,variant-amp_high,,,,7,743.4,732.2,,,,variant-amp_high
variant,20,value_based,variant-amp_high,4,0.8950029009188519,7946.474221015832,8878.713368255689,353.9858713802241,578.2532758596326,75,697.9,variant-amp_high,696.7,15000.0,0.8564482846234597,7,736.6,720.9,,,,variant-amp_high
variant,20,persistence,variant-amp_high,-1,0.7441046759614762,6606.692133840727,8878.713368255689,558.3525721028927,1713.6686623120695,75,0.8,variant-amp_high,,,,7,736.6,720.9,,,,variant-amp_high
variant,20,trajectory,variant-amp_high,-1,0.929033749770123,8248.624373644701,8878.713368255689,155.82626874004927,474.2627258709381,75,0.8,variant-amp_high,,,,7,736.6,720.9,,,,variant-amp_high
variant,20,random,variant-amp_high,4,0.7203846466276409,6396.088792298986,8878.713368255689,869.4833926059973,1613.1411833507054,75,0.8,variant-amp_high,,,,7,736.6,720.9,,,,variant-amp_high
variant,20,reference,variant-amp_high,-1,1.0,8878.713368255689,8878.713368255689,0.0,0.0,75,0.0,variant-amp_high,,,,7,736.6,720.9,,,,variant-amp_high
variant,20,value_based,variant-amp_low,0,0.9324276184163276,4377.244815828709,4694.460705982945,66.50017248499626,250.7157176692399,75,731.8,variant-amp_low,730.6,15000.0,0.932232430362413,7,750.4,755.2,,,,variant-amp_low
variant,20,persistence,variant-amp_low,-1,0.8720849274533914,4093.968424209933,4694.460705982945,136.42685534320572,464.06542642980594,75,0.8,variant-amp_low,,,,7,750.4,755.2,,,,variant-amp_low
variant,20,trajectory,variant-amp_low,-1,0.9298536063087828,4365.161217133116,4694.460705982945,68.98291699195579,260.316571857873,75,0.8,variant-amp_low,,,,7,750.4,755.2,,,,variant-amp_low
variant,20,random,variant-amp_low,0,0.8065660359975789,3786.39256277106,4694.460705982945,332.91693520587705,575.1512080060083,75,0.8,variant-amp_low,,,,7,750.4,755.2,,,,variant-amp_low
variant,20,reference,variant-amp_low,-1,1.0,4694.460705982945,4694.460705982945,0.0,0.0,75,0.0,variant-amp_low,,,,7,750.4,755.2,,,,variant-amp_low
variant,20,value_based,variant-amp_low,1,0.9237687465007915,4336.596081863087,4694.460705982945,75.75372183192849,282.11090228793,75,708.7,variant-amp_low,707.5,15000.0,0.9300342691082276,7,758.3,729.7,,,,variant-amp_low
variant,20,persistence,variant-amp_low,-1,0.8720849274533914,4093.968424209933,4694.460705982945,136.42685534320572,464.06542642980594,75,0.8,variant-amp_low,,,,7,758.3,729.7,,,,variant-amp_low
variant,20,trajectory,variant-amp_low,-1,0.9298536063087828,4365.161217133116,4694.460705982945,68.98291699195579,260.316571857873,75,0.8,variant-amp_low,,,,7,758.3,729.7,,,,variant-amp_low
variant,20,random,variant-amp_low,1,0.8182346417834786,3841.170374126571,4694.460705982945,267.44114303520746,585.8491888211665,75,0.8,variant-amp_low,,,,7,758.3,729.7,,,,variant-amp_low
variant,20,reference,variant-amp_low,-1,1.0,4694.460705982945,4694.460705982945,0.0,0.0,75,0.0,variant-amp_low,,,,7,758.3,729.7,,,,variant-amp_low
variant,20,value_based,variant-amp_low,2,0.926097647073312,4347.529014088924,4694.460705982945,67.34623198096597,279.5854599130553,75,701.3,variant-amp_low,699.8,15000.0,0.933807314639806,7,748.2,722.9,,,,variant-amp_low
variant,20,persistence,variant-amp_low,-1,0.8720849274533914,4093.968424209933,4694.460705982945,136.42685534320572,464.06542642980594,75,1.0,variant-amp_low,,,,7,748.2,722.9,,,,variant-amp_low
variant,20,trajectory,variant-amp_low,-1,0.9298536063087828,4365.161217133116,4694.460705982945,68.98291699195579,260.316571857873,75,1.0,variant-amp_low,,,,7,748.2,722.9,,,,variant-amp_low
variant,20,random,variant-amp_low,2,0.8461967877629872,3972.4375696823336,4694.460705982945,201.93177050208124,520.0913657985302,75,0.9,variant-amp_low,,,,7,748.2,722.9,,,,variant-amp_low
variant,20,reference,variant-amp_low,-1,1.0,4694.460705982945,4694.460705982945,0.0,0.0,75,0.0,variant-amp_low,,,,7,748.2,722.9,,,,variant-amp_low
variant,20,value_based,variant-amp_low,3,0.9299490109546922,4365.609090494506,4694.460705982945,62.19572473420613,266.65589075423304,75,751.4,variant-amp_low,750.3,15000.0,0.9304327099377984,7,753.6,772.2,,,,variant-amp_low
variant,20,persistence,variant-amp_low,-1,0.8720849274533914,4093.968424209933,4694.460705982945,136.42685534320572,464.06542642980594,75,0.7,variant-amp_low,,,,7,753.6,772.2,,,,variant-amp_low
variant,20,trajectory,variant-amp_low,-1,0.9298536063087828,4365.161217133116,4694.460705982945,68.98291699195579,260.316571857873,75,0.7,variant-amp_low,,,,7,753.6,772.2,,,,variant-amp_low
variant,20,random,variant-amp_low,3,0.8174366191145884,3837.4240880649822,4694.460705982945,339.6054109337365,517.4312069842263,75,0.7,variant-amp_low,,,,7,753.6,772.2,,,,variant-amp_low
variant,20,reference,variant-amp_low,-1,1.0,4694.460705982945,4694.460705982945,0.0,0.0,75,0.0,variant-amp_low,,,,7,753.6,772.2,,,,variant-amp_low
variant,20,value_based,variant-amp_low,4,0.9237682148334602,4336.59358597169,4694.460705982945,66.27760409233542,291.58951591891946,75,750.0,variant-amp_low,748.7,15000.0,0.9305382189980556,7,751.6,777.6,,,,variant-amp_low
variant,20,persistence,variant-amp_low,-1,0.8720849274533914,4093.968424209933,4694.460705982945,136.42685534320572,464.06542642980594,75,0.8,variant-amp_low,,,,7,751.6,777.6,,,,variant-amp_low
variant,20,trajectory,variant-amp_low,-1,0.9298536063087828,4365.161217133116,4694.460705982945,68.98291699195579,260.316571857873,75,0.8,variant-amp_low,,,,7,751.6,777.6,,,,variant-amp_low
variant,20,random,variant-amp_low,4,0.8097955205030873,3801.55325088275,4694.460705982945,359.2079782073897,533.6994768928053,75,0.8,variant-amp_low,,,,7,751.6,777.6,,,,variant-amp_low
variant,20,reference,variant-amp_low,-1,1.0,4694.460705982945,4694.460705982945,0.0,0.0,75,0.0,variant-amp_low,,,,7,751.6,777.6,,,,variant-amp_low
variant,20,value_based,variant-onset_early,0,0.946457091085594,5852.706813809414,6183.805762495065,98.11889351274294,232.98005517290855,75,616.4,variant-onset_early,614.2,15000.0,0.9427737328689804,7,752.0,638.0,,,,variant-onset_early
variant,20,persistence,variant-onset_early,-1,0.8667725061420092,5359.952818253246,6183.805762495065,245.848661901201,578.0042823406184,75,1.2,variant-onset_early,,,,7,752.0,638.0,,,,variant-onset_early
variant,20,trajectory,variant-onset_early,-1,0.9463520398522434,5852.057197387262,6183.805762495065,99.12684821582025,232.6217168919829,75,1.0,variant-onset_early,,,,7,752.0,638.0,,,,variant-onset_early
variant,20,random,variant-onset_early,0,0.7974187644165772,4931.082750520925,6183.805762495065,549.1932863483426,703.5297256257973,75,1.2,variant-onset_early,,,,7,752.0,638.0,,,,variant-onset_early
variant,20,reference,variant-onset_early,-1,1.0,6183.805762495065,6183.805762495065,0.0,0.0,75,0.0,variant-onset_early,,,,7,752.0,638.0,,,,variant-onset_early
variant,20,value_based,variant-onset_early,1,0.942152707936494,5826.089344488021,6183.805762495065,124.18460006744137,233.53181793960263,75,600.0,variant-onset_early,598.8,15000.0,0.940221210847025,7,755.6,618.2,,,,variant-onset_early
variant,20,persistence,variant-onset_early,-1,0.8667725061420092,5359.952818253246,6183.805762495065,245.848661901201,578.0042823406184,75,0.7,variant-onset_early,,,,7,755.6,618.2,,,,variant-onset_early
variant,20,trajectory,variant-onset_early,-1,0.9463520398522434,5852.057197387262,6183.805762495065,99.12684821582025,232.6217168919829,75,0.7,variant-onset_early,,,,7,755.6,618.2,,,,variant-onset_early
variant,20,random,variant-onset_early,1,0.7874675543919837,4869.546400627045,6183.805762495065,524.5137727425654,789.7455891254549,75,0.8,variant-onset_early,,,,7,755.6,618.2,,,,variant-onset_early
variant,20,reference,variant-onset_early,-1,1.0,6183.805762495065,6183.805762495065,0.0,0.0,75,0.0,variant-onset_early,,,,7,755.6,618.2,,,,variant-onset_early
variant,20,value_based,variant-onset_early,2,0.9448705712363812,5842.896083223538,6183.805762495065,124.49337916634433,216.41630010518293,75,635.2,variant-onset_early,633.5,15000.0,0.9444230271961852,7,751.3,654.0,,,,variant-onset_early
variant,20,persistence,variant-onset_early,-1,0.8667725061420092,5359.952818253246,6183.805762495065,245.848661901201,578.0042823406184,75,1.2,variant-onset_early,,,,7,751.3,654.0,,,,variant-onset_early
variant,20,trajectory,variant-onset_early,-1,0.9463520398522434,5852.057197387262,6183.805762495065,99.12684821582025,232.6217168919829,75,0.7,variant-onset_early,,,,7,751.3,654.0,,,,variant-onset_early
variant,20,random,variant-onset_early,2,0.7915339707080654,4894.692329275135,6183.805762495065,439.33689285355285,849.776540366377,75,0.7,variant-onset_early,,,,7,751.3,654.0,,,,variant-onset_early
variant,20,reference,variant-onset_early,-1,1.0,6183.805762495065,6183.805762495065,0.0,0.0,75,0.0,variant-onset_early,,,,7,751.3,654.0,,,,variant-onset_early
variant,20,value_based,variant-onset_early,3,0.9514119799688664,5883.346884238316,6183.805762495065,106.06287996743411,194.3959982893148,75,665.1,variant-onset_early,663.9,15000.0,0.9408133797094552,7,752.6,682.2,,,,variant-onset_early
variant,20,persistence,variant-onset_early,-1,0.8667725061420092,5359.952818253246,6183.805762495065,245.848661901201,578.0042823406184,75,0.8,variant-onset_early,,,,7,752.6,682.2,,,,variant-onset_early
variant,20,trajectory,variant-onset_early,-1,0.9463520398522434,5852.057197387262,6183.805762495065,99.12684821582025,232.6217168919829,75,0.8,variant-onset_early,,,,7,752.6,682.2,,,,variant-onset_early
variant,20,random,variant-onset_early,3,0.8054803796331071,4980.934213151921,6183.805762495065,491.9118450623519,710.9597042807927,75,1.1,variant-onset_early,,,,7,752.6,682.2,,,,variant-onset_early
variant,20,reference,variant-onset_early,-1,1.0,6183.805762495065,6183.805762495065,0.0,0.0,75,0.0,variant-onset_early,,,,7,752.6,682.2,,,,variant-onset_early
variant,20,value_based,variant-onset_early,4,0.948021352035946,5862.379899688246,6183.805762495065,98.0186686070665,223.40719419975267,75,547.2,variant-onset_early,545.6,15000.0,0.9409706317159484,7,753.8,565.0,,,,variant-onset_early
variant,20,persistence,variant-onset_early,-1,0.8667725061420092,5359.952818253246,6183.805762495065,245.848661901201,578.0042823406184,75,1.0,variant-onset_early,,,,7,753.8,565.0,,,,variant-onset_early
variant,20,trajectory,variant-onset_early,-1,0.9463520398522434,5852.057197387262,6183.805762495065,99.12684821582025,232.6217168919829,75,1.0,variant-onset_early,,,,7,753.8,565.0,,,,variant-onset_early
variant,20,random,variant-onset_early,4,0.7969102526742842,4927.938212678637,6183.805762495065,475.8668569113688,780.0006929050596,75,1.0,variant-onset_early,,,,7,753.8,565.0,,,,variant-onset_early
variant,20,reference,variant-onset_early,-1,1.0,6183.805762495065,6183.805762495065,0.0,0.0,75,0.0,variant-onset_early,,,,7,753.8,565.0,,,,variant-onset_early
variant,20,value_based,variant-onset_late,0,0.8686899973805952,5439.034318407878,6261.191374147824,76.56176558306652,745.595290156879,75,651.5,variant-onset_late,650.1,15000.0,0.6753790518400776,7,759.7,675.0,,,,variant-onset_late
variant,20,persistence,variant-onset_late,-1,0.7835009165505299,4905.649180343092,6261.191374147824,347.43620885019845,1008.1059849545336,75,1.2,variant-onset_late,,,,7,759.7,675.0,,,,variant-onset_late
variant,20,trajectory,variant-onset_late,-1,0.8741861334753072,5473.446678315231,6261.191374147824,91.16828092370906,696.5764149088836,75,1.1,variant-onset_late,,,,7,759.7,675.0,,,,variant-onset_late
variant,20,random,variant-onset_late,0,0.7680585217578092,4808.961391270724,6261.191374147824,342.2795367489244,1109.9504461281758,75,1.0,variant-onset_late,,,,7,759.7,675.0,,,,variant-onset_late
variant,20,reference,variant-onset_late,-1,1.0,6261.191374147824,6261.191374147824,0.0,0.0,75,0.0,variant-onset_late,,,,7,759.7,675.0,,,,variant-onset_late
variant,20,value_based,variant-onset_late,1,0.8784252670475248,5499.988704871461,6261.191374147824,64.7099512121149,696.492718064248,75,617.5,variant-onset_late,616.3,15000.0,0.6747651340313522,7,752.4,635.4,,,,variant-onset_late
variant,20,persistence,variant-onset_late,-1,0.7835009165505299,4905.649180343092,6261.191374147824,347.43620885019845,1008.1059849545336,75,1.2,variant-onset_late,,,,7,752.4,635.4,,,,variant-onset_late
variant,20,trajectory,variant-onset_late,-1,0.8741861334753072,5473.446678315231,6261.191374147824,91.16828092370906,696.5764149088836,75,1.1,variant-onset_late,,,,7,752.4,635.4,,,,variant-onset_late
variant,20,random,variant-onset_late,1,0.7647690376997965,4788.365302061298,6261.191374147824,585.8038929977502,887.0221790887754,75,0.9,variant-onset_late,,,,7,752.4,635.4,,,,variant-onset_late
variant,20,reference,variant-onset_late,-1,1.0,6261.191374147824,6261.191374147824,0.0,0.0,75,0.0,variant-onset_late,,,,7,752.4,635.4,,,,variant-onset_late
variant,20,value_based,variant-onset_late,2,0.8506802953437934,5326.272127364083,6261.191374147824,94.5267977554613,840.3924490282798,75,557.3,variant-onset_late,556.0,15000.0,0.6835053580909467,7,743.6,574.9,,,,variant-onset_late
variant,20,persistence,variant-onset_late,-1,0.7835009165505299,4905.649180343092,6261.191374147824,347.43620885019845,1008.1059849545336,75,0.8,variant-onset_late,,,,7,743.6,574.9,,,,variant-onset_late
variant,20,trajectory,variant-onset_late,-1,0.8741861334753072,5473.446678315231,6261.191374147824,91.16828092370906,696.5764149088836,75,0.8,variant-onset_late,,,,7,743.6,574.9,,,,variant-onset_late
variant,20,random,variant-onset_late,2,0.7917378602468133,4957.2222611636025,6261.191374147824,321.0507931620514,982.91831982217,75,0.8,variant-onset_late,,,,7,743.6,574.9,,,,variant-onset_late
variant,20,reference,variant-onset_late,-1,1.0,6261.191374147824,6261.191374147824,0.0,0.0,75,0.0,variant-onset_late,,,,7,743.6,574.9,,,,variant-onset_late
variant,20,value_based,variant-onset_late,3,0.8767044905823057,5489.214594110595,6261.191374147824,113.79765470349048,658.1791253337387,75,657.3,variant-onset_late,655.9,15000.0,0.6769809211841317,7,752.6,671.5,,,,variant-onset_late
variant,20,persistence,variant-onset_late,-1,0.7835009165505299,4905.649180343092,6261.191374147824,347.43620885019845,1008.1059849545336,75,0.8,variant-onset_late,,,,7,752.6,671.5,,,,variant-onset_late
variant,20,trajectory,variant-onset_late,-1,0.8741861334753072,5473.446678315231,6261.191374147824,91.16828092370906,696.5764149088836,75,0.8,variant-onset_late,,,,7,752.6,671.5,,,,variant-onset_late
variant,20,random,variant-onset_late,3,0.7966747006966463,4988.132764003641,6261.191374147824,405.53243121758806,867.5261789265951,75,0.8,variant-onset_late,,,,7,752.6,671.5,,,,variant-onset_late
variant,20,reference,variant-onset_late,-1,1.0,6261.191374147824,6261.191374147824,0.0,0.0,75,0.0,variant-onset_late,,,,7,752.6,671.5,,,,variant-onset_late
variant,20,value_based,variant-onset_late,4,0.8768080580941771,5489.863050122565,6261.191374147824,105.01813410040086,666.3101899248577,75,609.9,variant-onset_late,608.8,15000.0,0.677297762181641,7,754.7,627.2,,,,variant-onset_late
variant,20,persistence,variant-onset_late,-1,0.7835009165505299,4905.649180343092,6261.191374147824,347.43620885019845,1008.1059849545336,75,0.7,variant-onset_late,,,,7,754.7,627.2,,,,variant-onset_late
variant,20,trajectory,variant-onset_late,-1,0.8741861334753072,5473.446678315231,6261.191374147824,91.16828092370906,696.5764149088836,75,0.7,variant-onset_late,,,,7,754.7,627.2,,,,variant-onset_late
variant,20,random,variant-onset_late,4,0.7605825976206908,4762.153199549614,6261.191374147824,604.7076268775409,894.3305477206686,75,0.7,variant-onset_late,,,,7,754.7,627.2,,,,variant-onset_late
variant,20,reference,variant-onset_late,-1,1.0,6261.191374147824,6261.191374147824,0.0,0.0,75,0.0,variant-onset_late,,,,7,754.7,627.2,,,,variant-onset_late
variant,20,value_based,variant-win_broad,0,0.8962343267828471,6739.338438094484,7519.61650731036,162.0824266988011,618.1956425170747,75,545.0,variant-win_broad,543.7,15000.0,0.8331763983919417,7,749.8,562.5,,,,variant-win_broad
variant,20,persistence,variant-win_broad,-1,0.8396056244143988,6313.512312977136,7519.61650731036,245.2088931987182,960.8953011345066,75,0.8,variant-win_broad,,,,7,749.8,562.5,,,,variant-win_broad
variant,20,trajectory,variant-win_broad,-1,0.8978579805448245,6751.547691725206,7519.61650731036,191.66631766589308,576.4024979192609,75,0.9,variant-win_broad,,,,7,749.8,562.5,,,,variant-win_broad
variant,20,random,variant-win_broad,0,0.7894420244625554,5936.301278713141,7519.61650731036,491.7661503036352,1091.549078293584,75,0.9,variant-win_broad,,,,7,749.8,562.5,,,,variant-win_broad
variant,20,reference,variant-win_broad,-1,1.0,7519.61650731036,7519.61650731036,0.0,0.0,75,0.0,variant-win_broad,,,,7,749.8,562.5,,,,variant-win_broad
variant,20,value_based,variant-win_broad,1,0.890941228465771,6699.536368614582,7519.61650731036,155.19303204783228,664.887106647946,75,620.4,variant-win_broad,618.2,15000.0,0.8336423519910404,7,753.2,642.1,,,,variant-win_broad
variant,20,persistence,variant-win_broad,-1,0.8396056244143988,6313.512312977136,7519.61650731036,245.2088931987182,960.8953011345066,75,1.2,variant-win_broad,,,,7,753.2,642.1,,,,variant-win_broad
variant,20,trajectory,variant-win_broad,-1,0.8978579805448245,6751.547691725206,7519.61650731036,191.66631766589308,576.4024979192609,75,1.1,variant-win_broad,,,,7,753.2,642.1,,,,variant-win_broad
variant,20,random,variant-win_broad,1,0.7495602482961323,5636.405616311249,7519.61650731036,596.2574942667261,1286.953396732385,75,1.2,variant-win_broad,,,,7,753.2,642.1,,,,variant-win_broad
variant,20,reference,variant-win_broad,-1,1.0,7519.61650731036,7519.61650731036,0.0,0.0,75,0.0,variant-win_broad,,,,7,753.2,642.1,,,,variant-win_broad
variant,20,value_based,variant-win_broad,2,0.9041386180316408,6798.775677047503,7519.61650731036,162.7776944810039,558.0631357818529,75,553.5,variant-win_broad,552.0,15000.0,0.8315197028255037,7,752.9,571.7,,,,variant-win_broad
variant,20,persistence,variant-win_broad,-1,0.8396056244143988,6313.512312977136,7519.61650731036,245.2088931987182,960.8953011345066,75,0.9,variant-win_broad,,,,7,752.9,571.7,,,,variant-win_broad
variant,20,trajectory,variant-win_broad,-1,0.8978579805448245,6751.547691725206,7519.61650731036,191.66631766589308,576.4024979192609,75,0.9,variant-win_broad,,,,7,752.9,571.7,,,,variant-win_broad
variant,20,random,variant-win_broad,2,0.8264644651034465,6214.695834497304,7519.61650731036,525.2311436378313,779.6895291752253,75,0.9,variant-win_broad,,,,7,752.9,571.7,,,,variant-win_broad
variant,20,reference,variant-win_broad,-1,1.0,7519.61650731036,7519.61650731036,0.0,0.0,75,0.0,variant-win_broad,,,,7,752.9,571.7,,,,variant-win_broad
variant,20,value_based,variant-win_broad,3,0.8963290882081774,6740.051007672654,7519.61650731036,164.2983885783733,615.2671110593328,75,605.9,variant-win_broad,603.8,15000.0,0.8330947024825952,7,757.1,624.0,,,,variant-win_broad
variant,20,persistence,variant-win_broad,-1,0.8396056244143988,6313.512312977136,7519.61650731036,245.2088931987182,960.8953011345066,75,1.3,variant-win_broad,,,,7,757.1,624.0,,,,variant-win_broad
variant,20,trajectory,variant-win_broad,-1,0.8978579805448245,6751.547691725206,7519.61650731036,191.66631766589308,576.4024979192609,75,1.0,variant-win_broad,,,,7,757.1,624.0,,,,variant-win_broad
variant,20,random,variant-win_broad,3,0.7801799651041685,5866.654144270126,7519.61650731036,685.5791592854193,967.3832037548144,75,0.7,variant-win_broad,,,,7,757.1,624.0,,,,variant-win_broad
variant,20,reference,variant-win_broad,-1,1.0,7519.61650731036,7519.61650731036,0.0,0.0,75,0.0,variant-win_broad,,,,7,757.1,624.0,,,,variant-win_broad
variant,20,value_based,variant-win_broad,4,0.8978713626512258,6751.648320033404,7519.61650731036,150.7099515169739,617.2582357599822,75,590.3,variant-win_broad,588.2,15000.0,0.8338970436349438,7,754.2,608.5,,,,variant-win_broad
variant,20,persistence,variant-win_broad,-1,0.8396056244143988,6313.512312977136,7519.61650731036,245.2088931987182,960.8953011345066,75,1.0,variant-win_broad,,,,7,754.2,608.5,,,,variant-win_broad
variant,20,trajectory,variant-win_broad,-1,0.8978579805448245,6751.547691725206,7519.61650731036,191.66631766589308,576.4024979192609,75,1.3,variant-win_broad,,,,7,754.2,608.5,,,,variant-win_broad
variant,20,random,variant-win_broad,4,0.7726402451719849,5809.958341807582,7519.61650731036,489.91588566700375,1219.7422798357748,75,1.3,variant-win_broad,,,,7,754.2,608.5,,,,variant-win_broad
variant,20,reference,variant-win_broad,-1,1.0,7519.61650731036,7519.61650731036,0.0,0.0,75,0.0,variant-win_broad,,,,7,754.2,608.5,,,,variant-win_broad
variant,20,value_based,variant-win_narrow,0,0.9334543792493614,5612.142920146693,6012.230533065478,64.34087647970046,335.746736439085,75,721.6,variant-win_narrow,720.2,15000.0,0.903165771287495,7,745.9,744.9,,,,variant-win_narrow
variant,20,persistence,variant-win_narrow,-1,0.7731642923279002,4648.441965409765,6012.230533065478,360.8390479014488,1002.9495197542648,75,0.9,variant-win_narrow,,,,7,745.9,744.9,,,,variant-win_narrow
variant,20,trajectory,variant-win_narrow,-1,0.9051166982832138,5441.770249405752,6012.230533065478,138.44279456742606,432.0174890922999,75,0.9,variant-win_narrow,,,,7,745.9,744.9,,,,variant-win_narrow
variant,20,random,variant-win_narrow,0,0.7236735994033647,4350.892510306305,6012.230533065478,448.8541287766984,1212.483893982475,75,0.9,variant-win_narrow,,,,7,745.9,744.9,,,,variant-win_narrow
variant,20,reference,variant-win_narrow,-1,1.0,6012.230533065478,6012.230533065478,0.0,0.0,75,0.0,variant-win_narrow,,,,7,745.9,744.9,,,,variant-win_narrow
variant,20,value_based,variant-win_narrow,1,0.9021038065414888,5423.656049683332,6012.230533065478,62.65266341659935,525.921819965547,75,546.7,variant-win_narrow,545.5,15000.0,0.9037153528486336,7,749.1,563.8,,,,variant-win_narrow
variant,20,persistence,variant-win_narrow,-1,0.7731642923279002,4648.441965409765,6012.230533065478,360.8390479014488,1002.9495197542648,75,0.8,variant-win_narrow,,,,7,749.1,563.8,,,,variant-win_narrow
variant,20,trajectory,variant-win_narrow,-1,0.9051166982832138,5441.770249405752,6012.230533065478,138.44279456742606,432.0174890922999,75,0.7,variant-win_narrow,,,,7,749.1,563.8,,,,variant-win_narrow
variant,20,random,variant-win_narrow,1,0.7485132936380092,4500.234478415845,6012.230533065478,424.27667431174086,1087.7193803378923,75,0.7,variant-win_narrow,,,,7,749.1,563.8,,,,variant-win_narrow
variant,20,reference,variant-win_narrow,-1,1.0,6012.230533065478,6012.230533065478,0.0,0.0,75,0.0,variant-win_narrow,,,,7,749.1,563.8,,,,variant-win_narrow
variant,20,value_based,variant-win_narrow,2,0.9027847715096248,5427.750168056707,6012.230533065478,163.2897441617515,421.19062084702,75,584.9,variant-win_narrow,583.7,15000.0,0.9032598268697716,7,743.5,605.0,,,,variant-win_narrow
variant,20,persistence,variant-win_narrow,-1,0.7731642923279002,4648.441965409765,6012.230533065478,360.8390479014488,1002.9495197542648,75,0.8,variant-win_narrow,,,,7,743.5,605.0,,,,variant-win_narrow
variant,20,trajectory,variant-win_narrow,-1,0.9051166982832138,5441.770249405752,6012.230533065478,138.44279456742606,432.0174890922999,75,0.8,variant-win_narrow,,,,7,743.5,605.0,,,,variant-win_narrow
variant,20,random,variant-win_narrow,2,0.79557631433205,4783.188208410849,6012.230533065478,321.3395606366621,907.7027640179668,75,0.8,variant-win_narrow,,,,7,743.5,605.0,,,,variant-win_narrow
variant,20,reference,variant-win_narrow,-1,1.0,6012.230533065478,6012.230533065478,0.0,0.0,75,0.0,variant-win_narrow,,,,7,743.5,605.0,,,,variant-win_narrow
variant,20,value_based,variant-win_narrow,3,0.9085994867891372,5462.709576801274,6012.230533065478,176.79336918023637,372.7275870839676,75,563.4,variant-win_narrow,562.0,15000.0,0.9056917807666448,7,746.2,583.1,,,,variant-win_narrow
variant,20,persistence,variant-win_narrow,-1,0.7731642923279002,4648.441965409765,6012.230533065478,360.8390479014488,1002.9495197542648,75,1.0,variant-win_narrow,,,,7,746.2,583.1,,,,variant-win_narrow
variant,20,trajectory,variant-win_narrow,-1,0.9051166982832138,5441.770249405752,6012.230533065478,138.44279456742606,432.0174890922999,75,1.0,variant-win_narrow,,,,7,746.2,583.1,,,,variant-win_narrow
variant,20,random,variant-win_narrow,3,0.762343060088577,4583.382222535113,6012.230533065478,514.7796914495411,914.0686190808236,75,1.1,variant-win_narrow,,,,7,746.2,583.1,,,,variant-win_narrow
variant,20,reference,variant-win_narrow,-1,1.0,6012.230533065478,6012.230533065478,0.0,0.0,75,0.0,variant-win_narrow,,,,7,746.2,583.1,,,,variant-win_narrow
variant,20,value_based,variant-win_narrow,4,0.9074033800819352,5455.51830753543,6012.230533065478,81.88076787870341,474.83145765134486,75,587.0,variant-win_narrow,585.5,15000.0,0.9013132551284228,7,746.0,608.9,,,,variant-win_narrow
variant,20,persistence,variant-win_narrow,-1,0.7731642923279002,4648.441965409765,6012.230533065478,360.8390479014488,1002.9495197542648,75,0.8,variant-win_narrow,,,,7,746.0,608.9,,,,variant-win_narrow
variant,20,trajectory,variant-win_narrow,-1,0.9051166982832138,5441.770249405752,6012.230533065478,138.44279456742606,432.0174890922999,75,0.8,variant-win_narrow,,,,7,746.0,608.9,,,,variant-win_narrow
variant,20,random,variant-win_narrow,4,0.754712451727335,4537.505245959789,6012.230533065478,519.2746094821478,955.4506776235412,75,0.9,variant-win_narrow,,,,7,746.0,608.9,,,,variant-win_narrow
variant,20,reference,variant-win_narrow,-1,1.0,6012.230533065478,6012.230533065478,0.0,0.0,75,0.0,variant-win_narrow,,,,7,746.0,608.9,,,,variant-win_narrow
