iter,a0.0_s0,a0.0_s1,a0.0_s2,a0.0_s3,a0.0_s4,a0.15_s0,a0.15_s1,a0.15_s2,a0.15_s3,a0.15_s4,a0.3_s0,a0.3_s1,a0.3_s2,a0.3_s3,a0.3_s4,a0.5_s0,a0.5_s1,a0.5_s2,a0.5_s3,a0.5_s4,a0.7_s0,a0.7_s1,a0.7_s2,a0.7_s3,a0.7_s4,a0.85_s0,a0.85_s1,a0.85_s2,a0.85_s3,a0.85_s4,a1.0_s0,a1.0_s1,a1.0_s2,a1.0_s3,a1.0_s4
0,-0.30346647144248895,-0.24236994494452732,-0.20454762638031432,-0.3419557174162026,-0.29389355228036806,-0.25802231914592866,-0.2133558038724956,-0.1743176303534268,-0.2861582409090808,-0.24495959957912042,-0.21683855612717085,-0.18706173852596675,-0.14692169645406,-0.23559177782450166,-0.2006132049436148,-0.16757954545767617,-0.1556119740918832,-0.11415401080971933,-0.17511032197824028,-0.1475714388109511,-0.12379375819590316,-0.1276566279282534,-0.08502717912586094,-0.12134902789267465,-0.10042320224858345,-0.09401942285789752,-0.10864699253698515,-0.06522093358083722,-0.08479134791449,-0.06836240138617339,-0.06653542100743076,-0.09109963679119905,-0.04693824538543072,-0.051045797165396485,-0.038767815974717984
1,-0.3150964394414625,0.003728394808430756,-0.2644102927913482,-0.2551291640481132,-0.2517484797168044,-0.25378048570506206,-0.0108179549195778,-0.20086707148621663,-0.2633972171499881,-0.22041286762779055,-0.19858458215522454,-0.10363733523956875,-0.20437367632243603,-0.15886065545744557,-0.21960282750323862,-0.13256595241914432,-0.13840252913504236,-0.17080058798974887,-0.11378909184774655,-0.1929952715200925,-0.05952335772494855,-0.12796492786196065,-0.10213601123585837,-0.05710765660309513,-0.1375489489069397,-0.04563466915737481,-0.1071980690215685,-0.06474495200137198,-0.02493397796239269,-0.04029997229876209,0.00951550581316413,-0.03937876833139223,-0.03932889517762327,0.017550077772966483,-0.09574723674699809
2,-0.06910325455888282,-0.15165894813214625,-0.1743246841120238,-0.0629093050314964,-0.1757054276915382,-0.10190850632805926,-0.11667371627596256,-0.08376072483778757,-0.30856022257067023,-0.1935592561954631,-0.12276509707147218,-0.18833992299987512,-0.1455562157910828,-0.18454675032272344,-0.19123283989455114,-0.07470830607041148,-0.08363566028569569,-0.10042340357525806,-0.17674792572627085,-0.153807650763886,-0.0683536229964753,-0.08988126857289658,-0.04704194485314765,-0.0559246394253395,-0.10517379905445544,-0.031636848259171985,-0.08186021914513764,-0.0660969349931434,-0.0053499919543648685,-0.05669544132179198,0.0058448641206451015,0.0010930689990618515,-0.01538191096994426,-0.028902088597835628,0.021868042022892754
3,-0.11371989212801642,-0.22089942634852647,-0.14343703366071284,-0.29154900023898117,-0.23698231602035005,-0.07243856436072285,-0.05560691081562327,-0.16356811575340086,-0.23314872075430176,-0.19536205398443043,-0.14409104257062316,-0.0346845844177479,-0.06535980897106518,-0.15743376805505643,-0.17604134112631803,-0.12270388198354476,-0.03173584307040386,-0.10601056351948145,-0.13078513189796337,-0.12158941378719312,-0.100095224863705,-0.12093453053246972,-0.014935912053048436,-0.08436996934865634,-0.12127169146343594,-0.028888122538173192,-0.05196751345435695,-0.05739269339496973,-0.04471203510501005,-0.04966053926636207,0.07098371611307464,0.03995543098309009,-0.05661828736177284,0.060095595273507725,0.06207399211242113
4,-0.04721768786989328,0.10030337208362751,-0.03462582258811446,-0.3227123373417893,-0.13758579389268222,-0.049721391826567825,-0.06686433075187859,-0.029878890157763665,-0.1747984066618991,-0.12843551624557495,-0.047605182032201446,0.13996883744221242,-0.05542896325438518,-0.10441479786579771,-0.05752581983372969,-0.028568877087793522,0.05428053174676874,-0.016819852009072996,-0.07011491333641764,-0.01819508088615452,-0.05323100007542897,-0.08646927382436652,-0.059042541916894245,-0.05221771950454446,-0.05809834990342766,-0.0035364549637801872,-0.11875466944988981,-0.07002853158100623,-0.08488036634836443,0.004761934013366329,0.005821834169232796,-0.06317453593809699,0.03698072007687092,0.04243508105268629,0.04204669608659225
5,0.15843454533652088,-0.04057485253271446,-0.052553648092482114,0.07749403660786404,0.08638302351306311,-0.04313873199292925,0.018252363555099446,-0.0003415648333498014,0.02398539182446867,-0.12032992365563247,0.05025136686446218,0.1686091388717868,0.009776732849649451,-0.04586726746532957,0.004429565427485224,-0.056080908120290235,0.08015853014733246,0.06348732067703783,-0.07277920420554831,-0.014691630377289164,-0.02596379976588703,-0.04039289581467817,-0.03795561280286135,-0.03578290208204496,-0.0744782644789902,0.03729576445480208,-0.08161882865557055,-0.07694461113047661,0.019304310821910628,-0.044234327628313336,0.007830985719196297,-0.029102211419557912,0.010833399824777018,0.08601915070627643,0.09207701948982391
6,0.39204514053591233,0.32359510310100204,0.10045821719856339,0.14726446149772993,0.14758481754316513,0.1290874098364408,0.13772366193727428,0.1741691983275567,0.10262551102344944,0.04139024326881541,0.1763966765565065,0.25383830587683587,0.025605342534153107,0.07794409547217322,0.04900801671705018,0.07221171199714417,0.09902353715186855,0.07476574652339253,-0.07723826224006522,0.008239723665890715,0.038824289891544586,-0.03950127575208226,0.021549420276594903,0.028223881472259772,0.009801998889601753,0.10072867320829156,-0.09263058151188913,-0.027660351047866443,0.016852549970856744,0.04001959584616454,0.11985548062163355,0.027973703843539265,0.11503873777456969,0.1595866012661843,0.16770278362355878
7,0.4675680494791106,0.5130268618063752,0.20342421102946712,0.3763569084461171,0.10665082020058764,0.14355725681076625,0.16043793030956838,0.22187948770925206,0.13123904470438463,-0.05168685317121002,0.13635678195666226,0.2128490149177588,0.08967296470980139,0.1565333143691856,0.06762415767168645,0.0327425513177034,0.195172665476713,0.05095859806199278,0.022786362166385948,0.09961435922493736,0.04304563256538133,-0.1138004379946895,0.048828408530638516,-0.010877011643403966,0.05653083929400355,0.15225159425481846,-0.022504633405536947,0.022105306101257088,0.051006324508029374,0.009379715267904706,0.1246688761825129,0.0054649829675939045,0.16581361066527034,0.19816522547941368,0.12827042988415116
8,0.6384232457773527,0.6662251446086408,0.27590468814906377,0.26902681906208603,0.35564768834538485,0.2510185422793657,0.42483068229311083,0.22745788254806043,0.3665952644487815,0.14098221159475033,0.25606319726964877,0.37480736577563234,0.09751960261549406,0.2974612577286818,0.13797098534574598,0.10411311565561719,0.23023451704686498,0.19757933572953065,0.05917156642425739,0.16412435020487676,0.06970060847166545,-0.09507650347087043,0.024200445503882197,0.015364520885519876,0.13354865848920838,0.2757395104855052,-0.031141477055776256,0.00984207840973007,0.0832488765004578,0.0909763689989353,0.21832117326441897,0.012733361817586785,0.15752713142626146,0.27173125844537677,0.22169599432943185
9,0.5819366443348226,0.6031866978918523,0.3890720787241317,0.5553745748864205,0.40897560390653687,0.3639834409406556,0.5036822328579007,0.43857387535369574,0.3030243056315348,0.07763423404034972,0.4214996882398224,0.3960563750488209,0.1724433296850068,0.29948535465562726,0.1951693677699425,0.09770429389557575,0.2306237375364546,0.25614315630568724,0.09789541527489204,0.2073159169846981,0.07472173723842593,-0.03522505421948907,0.049133432802900216,0.10455254812178971,0.1309847306615865,0.30543038766120756,-0.0049560564769170826,-0.005845792854968597,0.09690166630007165,0.13905479519712488,0.20517522766592558,0.02485723628650963,0.2585648056598816,0.20663936643988826,0.22482690631879748
10,0.7407969949334381,0.685331819986789,0.5750518063211931,0.5292173431891466,0.6409463760702347,0.4005792974802676,0.5902214931602259,0.5285217260512577,0.4906514884353284,0.16653740897623837,0.28923426737805313,0.4091253555817296,0.27547932439273304,0.22547096963238977,0.23461920688085006,0.1828168046033723,0.28770347170763994,0.24820040509866811,0.16071796207857977,0.18878232140558812,0.12071346574629244,-0.01342610885349427,0.11214635291275292,0.10087602907608922,0.10580811430289822,0.3307214116725653,-0.007683183744172443,0.009403701850731586,0.09479080557253386,0.21451702383659926,0.3158078125926461,0.08750155042976976,0.32612639927576226,0.2620897140317155,0.2728926595844569
11,0.7497547544887398,0.8146117477541437,0.694309085337683,0.6032702369044302,0.7474324595220596,0.35218148402485916,0.5514556684578729,0.5359352223289239,0.5535173778133369,0.24295717783430523,0.4157795936584465,0.39264492448965793,0.26338905049852157,0.2812742097159959,0.3393596945734781,0.25361081859595114,0.3021307183853519,0.188222171702463,0.13060599989090713,0.21221308564674005,0.171025783219295,0.0022967643284695447,0.1005610805675754,0.2007352830956166,0.17938344861222158,0.42071807066351774,0.04352021433808461,0.07263177665566276,0.18884546650901585,0.19487646880883502,0.3409363455305117,0.08861636858615311,0.29727677619831305,0.37024064461352746,0.264568490968179
12,0.9941546183090627,0.8312779249040098,0.7221446496255974,0.6838758712786696,0.7734604183412679,0.3685152680420635,0.6409848986833793,0.5474196108436202,0.6283753999118261,0.301692730582231,0.3933733650479177,0.47545835316133844,0.3191928617086684,0.30616871929907274,0.4260957271185301,0.26874199762377726,0.2848294162746074,0.22792518149565522,0.2617499071755539,0.22241259562240237,0.1841185557310989,0.08268853867436962,0.11471102986864562,0.2447582100509999,0.2202826318869195,0.42694535518699395,0.11089230940332448,0.07525522183022774,0.1482838885015738,0.2601669398322055,0.2674745103987266,0.12588032718718375,0.312731972949137,0.4267330042534442,0.2907245376110293
13,0.8638989587079291,0.7735466599581318,0.7083085778158926,0.5829790458354596,0.7707068256434512,0.42153718690154146,0.7185475923979825,0.5240293446526445,0.5850900305485491,0.30409521474739765,0.4132798057010171,0.5496814294635556,0.36617535775230325,0.3453569520784643,0.4869858013287325,0.2312117323342453,0.33495031679073506,0.28095607213219514,0.2764523305267075,0.19361012574984024,0.2840724243382877,0.07625577955342563,0.16115922723731388,0.26669886164257117,0.282926992733931,0.38725432031235707,0.1069025465696483,0.11542315054465327,0.17815360698602198,0.2880344646974077,0.32026241021223323,0.19235112358682283,0.2599154428520686,0.42710385995741396,0.339872628928533
14,1.0066988632601797,0.7994407904702276,0.7012786188187967,0.9127561181622446,0.8187340561594209,0.5738852242934482,0.6731056898300354,0.6289118331464554,0.7084156137503396,0.3963808053300002,0.5285155688585295,0.49589114206827195,0.36522883958530006,0.47254354421065686,0.49306364331038893,0.2899783663723785,0.3510901881065507,0.2568770584723687,0.3200844587772354,0.27061001814278984,0.3506350215148815,0.11951236721293583,0.17571798849818349,0.37420271210442857,0.3207355027815172,0.40878649268084244,0.11299049589511836,0.11356961496481471,0.33470795456080377,0.3772450459331447,0.3597598796292104,0.2667289913118406,0.3015199334348887,0.4293244507673142,0.41022066820214087
15,0.9822508690314617,0.9271975361090643,0.8533653454299708,0.7896489599152067,0.7461664495168179,0.5638820248506478,0.6627053968568597,0.60728396720903,0.7100063110275474,0.37486751157781995,0.49194749907986335,0.522589180834492,0.3499898281006475,0.33663577592986815,0.4407086789333422,0.24017470196046387,0.2916042643621671,0.34586870842184614,0.265216439485216,0.2563125702881264,0.3678351059673455,0.1390868888045859,0.20342120463868346,0.38333575592903746,0.31131643437045237,0.4506238269190699,0.09673899483496061,0.17317922499367142,0.23802461301115113,0.41255692440364794,0.3358521375830094,0.3078728035675456,0.3260245167912145,0.4530796214912939,0.3393027830815741
16,0.832533164018975,0.983555298071302,0.8164482473109471,0.7858686387708773,0.9295198692064518,0.5751335028393567,0.7864057385426492,0.6085548696844663,0.7061847678034681,0.5703993948210639,0.5330463600838864,0.5774930030303954,0.46653931982323016,0.3532059213121317,0.4386490870689407,0.21292600605006132,0.3685382026607973,0.31063994454128663,0.29246857069908366,0.30956961194496946,0.31829982306800375,0.21073183330244066,0.3408922374993297,0.3610933339257919,0.34648058286662703,0.4688086473201128,0.1374032301027316,0.2297902254545714,0.27122389440993555,0.5403765726395909,0.3923129372263068,0.39548185331017055,0.3843139571183429,0.4389422523420894,0.4055968567399427
17,0.973755808912377,0.9836550397391611,0.8829603023017052,0.8799732184424991,0.8373036914155874,0.6250542245978459,0.6910092330655628,0.6006764906009368,0.7198760105121209,0.6121490047962228,0.47321423610563984,0.553371676141158,0.4403909232258151,0.3838299579799149,0.5196659160334401,0.2674239082189981,0.2998547326105109,0.30671115706790775,0.28356388624352474,0.28335456625244737,0.3821117222119664,0.23019469397771092,0.3161019165411354,0.401070329184977,0.3563682931414558,0.4401080041058102,0.1775080250272857,0.2233708580977613,0.34511015713409504,0.5056558702476365,0.4084961305997262,0.45829049958490614,0.3832608085154699,0.3902780673202853,0.4264174454035058
18,1.0210182010123983,1.0181681978043817,0.6725715118301939,0.927702903230798,0.9704993916531761,0.620377258833251,0.6909158760634946,0.673866569007266,0.7588971065131151,0.6183906543572141,0.5180096239216965,0.5999134328893346,0.48396213120927156,0.4645798555312588,0.4526879895149072,0.2853232233134807,0.401429966476602,0.3886568639130489,0.266569240306085,0.29032404786376026,0.37637790137648963,0.27303891811688386,0.34437294299026994,0.4418430901279925,0.35193188340309606,0.4209441808011483,0.23480171265300578,0.33552644884600474,0.41079056259764485,0.49121295319739555,0.43949721638893646,0.5066537288693584,0.3889917302857262,0.3604166877759844,0.43449895143288464
19,0.9423246382151933,0.9407830189873394,0.8434981185383055,0.9005823075677943,0.9118837958144459,0.6490098544948908,0.817447421103445,0.611859848810951,0.7011336186796151,0.6591500172607341,0.44542131335732416,0.6041739822439647,0.40718016342890684,0.5025699975972548,0.4542398803163359,0.31425164655782856,0.353923874282415,0.3232540160771677,0.3195301223433604,0.30475875246836104,0.44689719105821185,0.23432453740863446,0.27810327854285777,0.5103624394720653,0.36187266172436794,0.41799093989239355,0.2260234526092394,0.3660658347095014,0.5536662912740583,0.5540729680711626,0.45979391049847457,0.4949318690315875,0.4455660965681357,0.46736149036780794,0.46307319722964135
20,1.0173263383099354,0.969774430197917,0.9651635153604455,0.7913072362969304,0.9174572303016792,0.5859257860347193,0.7039959141301713,0.7773208323277571,0.7348470060077583,0.6534037675252613,0.5539945386282505,0.6051504346318061,0.4867236952523112,0.4202268616694671,0.4892862390110141,0.32152918825770904,0.3622851592167189,0.37679562981450543,0.3132583849726344,0.3156696469983419,0.43726234001348785,0.20231086071997645,0.45447995010683434,0.48774299617247185,0.39859258974272427,0.4847176002629401,0.25812198829159727,0.4555207353949028,0.4535303164421868,0.5520752884135123,0.4912795005659677,0.5525696889664533,0.48910596213788854,0.5312866436651327,0.5385330113406873
21,1.059297298797154,0.8309558937649597,0.9466459625370371,0.9628280682247394,0.9056196802601781,0.5748706738378986,0.7097099874680961,0.7340497550210683,0.7186499673701991,0.6273245757496748,0.4949171866544644,0.510297518856778,0.4865870998067666,0.45428757981166545,0.46545956916602993,0.3297600687720021,0.3327517715925866,0.41306532291371445,0.3432154930145261,0.33581127954678736,0.43608845852960176,0.22951100360802118,0.43524178047748646,0.5018949328663291,0.38484608700150646,0.4722645970162782,0.30359108387312367,0.4895536062704437,0.533982907867924,0.5594332914419919,0.48035684869448847,0.5495640461673472,0.5405039764376296,0.49003170435728705,0.5102372274739787
22,1.0285150369789129,0.8514192518868449,0.928948508866733,0.809827260627347,0.9055647536453142,0.6375062415988125,0.685819426785908,0.6716352134779113,0.715873457044794,0.5821883428582858,0.5796945880321052,0.5537603766369008,0.4619163014098985,0.46758747041943477,0.44558394830757153,0.3594642162665156,0.37445875978786597,0.39829666592009627,0.37521128776339857,0.32366660840405836,0.46460960603725876,0.2282201066327682,0.38098916571271846,0.4608533503320857,0.3759147154859366,0.5233863004243122,0.30926007979435693,0.46578287692175047,0.5499803266963693,0.6099708260354378,0.5613081985556633,0.5500386337727075,0.5262585819331396,0.521776239731268,0.5174789917994467
23,1.1052887446011266,0.7943908204421587,0.9042105649420357,0.9424287984373034,0.933728402388533,0.7153163782637032,0.8102092579918445,0.6897306272319929,0.7792550367385593,0.5667534556290771,0.5419570307873367,0.5933494308825144,0.42289725874199735,0.5365795456767647,0.49285794848412534,0.3103251869384439,0.404042881556516,0.39843776932018543,0.36261759587372877,0.311544060760203,0.4918010335794974,0.2311973709707838,0.4056648546618561,0.48342081592333047,0.3987495061695502,0.5671092933036739,0.4237627693997998,0.4918054165451863,0.5730581425193506,0.6018315150371654,0.6339576069861281,0.5856489986530834,0.5793939867873401,0.5914264914896117,0.5280555692456215
24,1.1006379073936832,0.8444666476016401,0.9315482267265898,0.9325036865522435,0.985799110075792,0.6268861199376703,0.6051759682465526,0.6580969735680623,0.8013613214508759,0.6108964000584121,0.5518335466074955,0.5069076941842261,0.3738372850328774,0.484558173267222,0.45238399860678113,0.29919611487929,0.39018185027782115,0.3868060458574081,0.4006778207847763,0.3294943371317166,0.4740067694385212,0.2768339873976189,0.3035903226474812,0.4782953997841871,0.44896778255215597,0.6366541593720318,0.4540583460850901,0.5502925227812487,0.5881421440096622,0.607473951854811,0.689071229308826,0.5526940791604651,0.5540433195336083,0.5966289689689688,0.6457193412606317
25,1.136670772790069,0.8807607656988349,0.9801151794377734,1.0479565970495006,0.9731110540532402,0.7036859423428905,0.6742035041285814,0.7538972502601908,0.8101521963589944,0.7380769586316624,0.5646832755557706,0.5798192394294502,0.4524094989018886,0.5427785451064564,0.4570318071814756,0.3377816533199116,0.4190712997616625,0.402092286351766,0.49417025805715986,0.3107355033385536,0.460622644286648,0.25672583617778666,0.4298540691680972,0.5115717183311651,0.47069769545733514,0.615280660589811,0.45241537246549923,0.602873255165737,0.6315148388407605,0.6783918918857574,0.6892916545219531,0.6103565480588284,0.5246841282182438,0.643745021804689,0.6887522357268911
26,0.9750417433387797,0.8052408192934702,1.0884703796095359,0.9488251623298476,1.0229101004432168,0.6811042034108923,0.6304001546150801,0.7685087704935323,0.7831468155341215,0.6739219060020976,0.5274613911203165,0.5480239156776716,0.4431414140628223,0.5419304189862001,0.4792720644236088,0.31244725560751047,0.3929192299488905,0.4245260057894463,0.43941237599854377,0.3037727469009306,0.5279565071736543,0.3122552047909454,0.465401330981224,0.4920230874300041,0.4606404557454171,0.6284796178322303,0.4668268781242183,0.6037082655821691,0.6111273796280281,0.6941278541503675,0.7818214497108311,0.6525979999970365,0.5238029079751765,0.6919371065611286,0.7141863065739928
27,0.9813621242013058,0.7182331602151684,1.0367013182086464,0.8325218614322376,0.9840844271717968,0.6854601940933804,0.6319766438969192,0.7646813726657266,0.7494496776893155,0.6741751691005794,0.5601488399558348,0.5588456446189721,0.5281366248140056,0.559289050947111,0.5572719454936568,0.37046131416631595,0.39745025320362615,0.43980472970856377,0.41085583957593996,0.3315957092750184,0.5457936009822959,0.30692657470483653,0.4680902532113021,0.5038452816169413,0.49508696002214525,0.5817984082151333,0.44215171950537474,0.6553689794190592,0.5997241300386679,0.6765657253119628,0.7494606677152449,0.6381785525761114,0.6082448949600409,0.7316746824587279,0.6601873501641563
28,1.1829926339488734,0.8935440592907651,1.014667877070207,0.744173938418744,1.107377330115186,0.750196406301077,0.7708344164631835,0.765653317514162,0.6604026859858778,0.7662098784833934,0.6173171586268302,0.5440070854209842,0.44854886990895343,0.5714071476886606,0.5348933015786888,0.4000004797326464,0.40792807741085213,0.3774911386098089,0.42271134249334846,0.34414164815867276,0.5571385252835265,0.3305160533222438,0.5024242818438407,0.5173599913290877,0.5145636333003296,0.611523032807969,0.4968797999325027,0.7197803762070799,0.5959098945712727,0.7076491914415413,0.8290861217988186,0.7313371052243032,0.634230991502796,0.7297850900894662,0.7812521226834352
29,1.0980985032653534,0.9182668518302257,0.9687113410251985,0.857073270578994,0.9874887834507546,0.7165428263717994,0.6418155138546342,0.7567480732356782,0.6919021489102999,0.7185851350982687,0.5755280165958758,0.540907637491751,0.4408026688366845,0.48706074783458225,0.5232016422454587,0.35097914764091565,0.41504189401020114,0.4220544498256761,0.40684954348500973,0.36833995584985463,0.5620034224856136,0.3398840258104062,0.49845507249141424,0.47385566696429515,0.48903589159278754,0.554362968784576,0.510940304027433,0.7009179418068141,0.6238773317111392,0.6807518244541789,0.8825545033243459,0.782538648568021,0.624037490168434,0.6987735158896214,0.7293464949917734
30,1.0755459819203677,0.9529930232572217,0.9325242482554135,0.817502499666789,1.0099554748357853,0.7908158120749618,0.7552599348515378,0.7814222904770737,0.7888207587841181,0.7264933188320152,0.6032148487903697,0.548309988530248,0.43838286059052234,0.5923822042634457,0.6114193466633135,0.3928662786775248,0.4250746603999789,0.47912861610153323,0.46362873777153907,0.3449073116774555,0.5521436584254766,0.3242786269797754,0.5232299161207805,0.4686215391485922,0.5076398198857165,0.642171716810747,0.5886826250865502,0.7435434878541002,0.5917948576901788,0.6671002562304726,0.8620465996702475,0.787694566259421,0.6456275590248433,0.7521982157895544,0.8134128571004404
31,1.074288682612644,0.8847921983924165,0.9156170384482825,0.7975864823718277,1.0667310872499254,0.6998389386274698,0.7352807092974443,0.73442598749127,0.7293157489118717,0.8193149924670009,0.5059206659076272,0.5581939481187819,0.4756300636434886,0.5261484995260238,0.575284544295981,0.28966678461557677,0.4196376522263907,0.3923108096552034,0.42685697278456547,0.38793221524230703,0.4985345662325459,0.33756673293850215,0.4663774385048727,0.4818728014006273,0.534826363381605,0.5262251634044979,0.5374566818427224,0.6723805494471436,0.6162339267656711,0.7379021672615882,0.7839310366287577,0.7491467888954688,0.6906362622185994,0.7586529631901374,0.8200952362667149
32,1.1409224470369528,0.8230377510344027,1.0468689069401989,0.85379958738338,0.9227473582662922,0.7785724439871626,0.698864669652204,0.7372433413625763,0.8043684844793916,0.7363044972061977,0.5262581645329707,0.6104552928956994,0.5229745413896085,0.5007632202287466,0.5655297125630732,0.3916376348680455,0.47350349323798796,0.40310523975905366,0.4011038573189266,0.3642797020613088,0.5445835805477552,0.37255466365337214,0.573246011680158,0.5184925150581521,0.48861802868068455,0.5727160383628889,0.6216592915403654,0.7042294603890693,0.5716382070738222,0.6970119317307433,0.8391935785775065,0.8020021044287886,0.7210009743035275,0.7038352845475293,0.7032127261212757
33,1.1482847422129174,0.9914792370220075,1.0161482149666632,0.945151330355915,1.0788263555738973,0.774307325836997,0.7427536853781115,0.8184067383125404,0.8120631788581241,0.7505909919564618,0.6404516266115499,0.6021273876612777,0.4949930451742648,0.5361880973374582,0.5733517996059985,0.3539086849081633,0.42291059420587795,0.4524815418916341,0.4345488109443634,0.36159365333500326,0.49389270074806035,0.33787517942427553,0.5259637902972751,0.5268810254934407,0.5098770476451798,0.6365321660730584,0.6189536636573872,0.6881074671384925,0.6342519941068696,0.7306686358080012,0.8082242762266331,0.8148893040578473,0.7415485529347142,0.6993861383184323,0.7551243536280399
34,1.1354604536819588,0.9370798659168823,1.107203807892583,0.8606955196305504,1.0060790795087708,0.7303772324039313,0.7559099393003831,0.79246791505319,0.7756034047477856,0.7899211820126166,0.5533830781932576,0.583716270245756,0.5743888324198102,0.49616601444058295,0.5059495880700731,0.32167327737683293,0.45785468349090863,0.543309699677977,0.40116090477488603,0.36404742617667984,0.5220055429561694,0.3897078875574414,0.551018106603073,0.4940364942513665,0.579211686172511,0.5875543654456783,0.5974824065599078,0.7371459362953092,0.6192645712349227,0.7294446635641421,0.8276422224775698,0.7947281348072968,0.7806041927203947,0.783197450312999,0.7533116856546028
35,1.2295367942960733,0.9818825781916662,0.9701279797996738,0.8795751137122989,0.9805119680725739,0.8592148245272102,0.8371395563556512,0.7005201298510836,0.8028620772219947,0.7257550992372352,0.6603458245567362,0.6010183217128785,0.4800867811050852,0.564572498644227,0.5544257406789621,0.40974142201913666,0.473477348255416,0.4376924059894739,0.437565796866581,0.33947443968436386,0.5756871616911546,0.4800619697343528,0.5238748465371448,0.5745576485527251,0.5197512044577943,0.6668783548710736,0.5965037603067611,0.6794809013284857,0.6786435376561366,0.7003017575849351,0.8754029175087816,0.8561844669325863,0.707985018059401,0.8165300997948318,0.7931791346244246
36,1.0800041346342586,0.9317049578027794,0.8749487836918828,0.9202284319635563,1.1028151646106736,0.650827572703398,0.8056574479450849,0.7655471021780396,0.8374416035330129,0.7354309019023486,0.5956556469570029,0.5522601402445746,0.5071262584045406,0.579120339688369,0.6087581545791069,0.3474108374647625,0.3972426749880432,0.43439769652498206,0.4731836568231102,0.38288989778003146,0.5318244267140518,0.4549399619559525,0.507299419543214,0.5387339087675547,0.6083463567290982,0.602920638292439,0.5686566925948375,0.6557322984076284,0.6306008483509682,0.7362746548050796,0.7970934442037142,0.755028179082065,0.7036795009694305,0.7997335523038154,0.8784718556072266
37,1.0880936876543377,0.9773127024441537,1.0385216471012844,0.8946773980015138,1.056919945609639,0.6532657520864169,0.8221032617566135,0.7280389111851553,0.856343219150209,0.7512438068762557,0.6220670585790998,0.5539232350239103,0.5348812181314342,0.6006727362594071,0.5705807600365145,0.3101001801625455,0.42565952109102434,0.47421573092101393,0.5203953633278162,0.3896186839882578,0.5280971006148254,0.45594907447561117,0.5761847195144729,0.5612257079765856,0.5670602396806304,0.6289596421326324,0.6049685861336986,0.6846550895043848,0.6278152539294989,0.6761057245267807,0.7995627313048645,0.8285355142609887,0.7897526929889573,0.8214768568717432,0.7815951655022269
38,1.139396920268552,1.0420989484501249,1.0015432265110977,1.0590830313094741,1.0196199331567928,0.7161506453056825,0.8192912978632,0.7894647038972817,0.8975488066253686,0.7198608889633521,0.6061790830742878,0.5520192030986033,0.5669715445048209,0.631141698606675,0.6003242781970716,0.3631797199503437,0.43400462332273115,0.4764174700279207,0.5078121352726441,0.38217432625513814,0.49685818570583806,0.514466935438932,0.5216521603810739,0.5639506797628071,0.5080474362679693,0.6007698395863431,0.632459536218706,0.6975797148226315,0.6062547024461062,0.7261695925442566,0.8297540536027762,0.8984555582147282,0.7905594382514365,0.9025225915358974,0.7551396824834037
39,1.1207238142286249,1.0722032967868538,0.9580511276893228,0.979185775689693,0.9778338649698679,0.7587521478267321,0.8204281769669981,0.7906625818165839,0.8702112725789124,0.7471618647386276,0.5770095651062626,0.581719924214652,0.569643211546017,0.5716239594929905,0.5016345680063696,0.3471556420780511,0.4625398087505722,0.4508504216772775,0.47268016964552606,0.3764483112716776,0.4970433429045481,0.4762462615365598,0.531404606403479,0.5734163908128626,0.5442502658863936,0.6112768181597714,0.5947420158397541,0.6864733954456879,0.7369520344224217,0.7259403904447894,0.8200094829336295,0.8318295824238918,0.7672973592096384,0.8357245995785327,0.75350742787976
40,1.0424468992637002,1.0313761586793981,0.9388443680719463,0.9634567329242761,1.0716048333621728,0.7057899654793595,0.8178119224049659,0.8044166945655922,0.836436390109505,0.7817194423998706,0.6069027427063309,0.5528868991489901,0.5459559388650368,0.5780947509179251,0.552001641575018,0.3404600803511101,0.43299925765703673,0.4042929933276535,0.49120058771826325,0.3455311008852835,0.5297816873498947,0.5206941248368461,0.5353068848716334,0.5542271643739198,0.5729623688306082,0.6323927593946366,0.5810259426194054,0.6506662405216145,0.6028396575925971,0.775900037656929,0.8044169220071397,0.7873788705671387,0.8083738684129216,0.8318264074572402,0.776728826549486
41,1.1368416287533432,0.9902682099983636,0.9817470549358439,1.0837822609756138,1.08229856350375,0.6936434087997181,0.8207548330231791,0.8207345455017148,0.8845225403194991,0.7163367919079566,0.5979907186259672,0.5500184812493443,0.5781542607134911,0.5891312100985158,0.5327663453158684,0.3834848953837605,0.4190434828739579,0.45888254109740906,0.5282928884026747,0.34515135431914673,0.5946013695067875,0.47235504717756205,0.5275416831045694,0.5297303797691543,0.6128100982520126,0.6939419720397069,0.5980760657399118,0.7489625085216731,0.6495852460244217,0.7182383576563354,0.8577473843550243,0.790975009230575,0.7451386083246859,0.886786970942544,0.7918336735517815
42,1.0574145350475221,1.0157389347406105,0.9424478630895148,0.9837937942416486,0.9862723740922976,0.7147249821480189,0.8098100130018664,0.8441573868836894,0.715081481865367,0.7522423545735524,0.6300611562734557,0.5905230956063195,0.6023626098535841,0.5327309154377349,0.4208425965746717,0.356432053139709,0.43852555898854517,0.5208053175112995,0.4808846210139797,0.2986479706452363,0.5392657475426859,0.4832399504696562,0.5819406224592109,0.5187217734564028,0.5186898447155972,0.6978131726934143,0.5815386465396172,0.7547260162910578,0.6698656401153782,0.689159965343352,0.8481309762394044,0.8050648849385693,0.786909663677781,0.8026562057845028,0.6978222468559456
43,1.1527032581094225,1.0124749256946688,1.0503814867623023,1.018772869796499,1.0618669541620445,0.6967080645378977,0.8471120554207526,0.9056773271183787,0.8064685284678841,0.7350976017052584,0.5859298669179842,0.6129287286634804,0.6473502630016168,0.6048090401888754,0.517479780620139,0.39357404833375,0.4657467207933449,0.48834241592544436,0.4960990618293325,0.33224407353230423,0.5537043791760485,0.48495555278479097,0.579896494464346,0.5415928401025043,0.5513212791199756,0.6738808577218038,0.6528716601389977,0.7588177176786645,0.6347990587358671,0.6918375263507822,0.8377515233524836,0.8468849846154989,0.7773521742220845,0.8716222152792112,0.7601540790452528
44,1.1091702236470458,0.9932893435701599,0.9676152846070742,1.0054468772717025,1.0985418921153642,0.7132273848721059,0.8353385956673851,0.8005347263359563,0.7444187558101738,0.7190274640993195,0.6091497108421626,0.6211576211380061,0.6144215351709748,0.5518630212020601,0.5314508914894944,0.3682828645913409,0.4425998386309602,0.49325176328003334,0.4551441785918854,0.3102593726773895,0.5450218728473903,0.4981543484601343,0.5060153417699604,0.5700899706963543,0.6111719478326505,0.6814441589023248,0.6376960446129666,0.7254611269566937,0.6134948912169779,0.7220571254104508,0.8685366082354585,0.7991793252162165,0.7492040781895359,0.8417784952373877,0.7650884219496532
45,1.1162426584556835,0.930134312956146,0.907294641059557,1.0124103570205847,1.084979014096448,0.7567884865220968,0.8620362675063036,0.8601504080881235,0.7989807749439652,0.822200623984406,0.6206705037571539,0.6012125034199551,0.6000122117569242,0.5606921760237076,0.5872642024425359,0.38944019273197117,0.4376701612753388,0.5137252172521132,0.5008114580758849,0.3876236789125075,0.5595712147576826,0.5059822134132288,0.551479888400905,0.5746261525613556,0.6167685876999311,0.6933788558592515,0.5826160915923446,0.6972398936536334,0.6408034899194204,0.7604321216223261,0.8399761775767705,0.8408573410098912,0.7654548726992905,0.8310077401902531,0.822540950904924
46,1.1130505399848243,1.0317508370706454,0.8937646003928812,0.9317494795124248,1.1456655696276161,0.657223690473415,0.8621020717430639,0.8096009084001096,0.8424300573245794,0.78162858401763,0.5573310306246495,0.6009271299894661,0.5827766019052809,0.5690328270574533,0.5234481910473835,0.41775160464917466,0.44744191353105156,0.5446683796532099,0.4973323357017708,0.33249347210908076,0.4773645488085456,0.48672257961746423,0.5615367905954453,0.5514629541869553,0.6119986019308423,0.6496804467446808,0.6540655356015058,0.6197814566311631,0.6413105480689818,0.7386848857839905,0.7882806249382888,0.8426754499024394,0.7067723781770594,0.8784406008341097,0.8703094346287306
47,1.142986783409588,0.989247410982586,1.021595438929945,0.8611888112890664,1.093502712754303,0.6349289673356149,0.8057294890194657,0.8117102153425823,0.8799450677452314,0.8322605666192031,0.5551965978397124,0.582605133911863,0.6112313370127351,0.6311954846268932,0.5204168208484605,0.3800261167520351,0.4508764386766667,0.512386684507294,0.5223293030740405,0.374944434042881,0.4996774491294521,0.48719062606374447,0.577285861108469,0.6013107238095997,0.5977961639430811,0.693451500059765,0.7040900932888605,0.706633718299836,0.671840489611538,0.7577752400553639,0.8260878559747549,0.8656886953219982,0.7680120625193403,0.8651718611007367,0.9123571219419105
48,1.1025900483918718,1.069097048202965,0.867620696832158,0.9976746651268307,1.0920333590281226,0.6562493289799436,0.805526435593173,0.7793349163586856,0.8443330588238223,0.7957500973600625,0.5955592790137546,0.5850008558771245,0.513673501605247,0.5852666126857804,0.5119336808960671,0.3666604512674384,0.43583277760417743,0.4209163381097236,0.48066209141969485,0.38282472056003075,0.47025725567204857,0.47947891693220707,0.5096983816175726,0.583573850810526,0.6181906035333751,0.6607599609206875,0.6745020583385839,0.6258044405592343,0.6021976457529014,0.7264389630221478,0.8167984902055809,0.7836166552618695,0.71923218110494,0.8042379771689591,0.9021651918491493
49,1.1882886748668287,1.0390187496578265,0.8889533973167751,0.9543326707158294,1.0271933533593485,0.7446493399812686,0.8216164716812491,0.7985503570398611,0.7712584694635336,0.7857240233232228,0.6406415512242554,0.6095641244612486,0.542850685736148,0.5683187330868125,0.5338101038443268,0.40610984254890514,0.44180256824339026,0.43057544186659646,0.46397961005805777,0.32674253685725835,0.5697335444081455,0.4722290592758476,0.5098359404866182,0.5544543053915523,0.5617772073386359,0.695147999240713,0.6290937773596716,0.6721808685954367,0.6750557622246198,0.6972820205323179,0.8139877764193039,0.8145359476698523,0.790783336805271,0.8430547669115012,0.8484393868817557
50,1.0065113771553813,1.006608018830389,0.8746462348320866,0.9335790089498471,1.0904897367856423,0.663354106453969,0.8310419792680543,0.8141175703541941,0.8235162826535541,0.7670083965948731,0.5453567566942037,0.5477135217808763,0.5718445689933171,0.5852117800866669,0.5349639283987746,0.39813514802711203,0.4674750427179103,0.4581261624080981,0.4763447140102733,0.3886859083949548,0.5221500616825415,0.5059861442984878,0.5181527584086824,0.546245144187023,0.6050831100889911,0.6560662146392193,0.6452900870224755,0.6893107136830188,0.6849697744869347,0.6957354841890868,0.7655066979864992,0.8191764696967572,0.7767576358316441,0.8765323724062862,0.8620987881809775
51,1.1786502326277777,0.9852409378048953,0.8785466118612677,0.9777176341649776,1.0433227019077638,0.7684015209098368,0.7944238794291486,0.8444331048237407,0.8713939177305473,0.7344977246998052,0.6299035278936831,0.5774461950098337,0.5231057944532561,0.5745224310201665,0.48781051845235346,0.3826115789847008,0.4214983868544967,0.568892902696932,0.49523576412110326,0.3375105580769047,0.5987788822443849,0.5216776580925212,0.5215635504206194,0.5682187934002274,0.5535982376262562,0.718144009928977,0.6354869930058172,0.7057050252297862,0.6009363461545054,0.6535997601527022,0.8183863788232124,0.9103658185228188,0.7887411596400604,0.8487220345384017,0.8126358808979698
52,1.0921135779763693,1.0843797729385543,0.9617987739268653,0.9065436996914434,1.145107075629551,0.6083937955200979,0.8239289630661553,0.8437679985890729,0.8048794179871527,0.8291462154026847,0.5549912321069785,0.5712131700998822,0.5951658778565798,0.5874507127355443,0.6111093995172503,0.3894772083365099,0.4601995388951632,0.5087952819763327,0.47144686414857195,0.40335083564291985,0.532834367929862,0.5284931248991359,0.5695593134117887,0.5637459615467536,0.6190377999861313,0.69155214023395,0.6882216848403528,0.6344844880297511,0.6038001714703201,0.7665921260778362,0.8580746969207628,0.872933443448318,0.7474241581043217,0.8835199956719895,0.8609102731490691
53,1.2591044977193904,1.1134770814589658,0.9476798036776275,0.905371889273703,1.1124836844713775,0.7507088070171546,0.8319722194823139,0.8366477222435518,0.8409029393643044,0.8052147023887659,0.6438823161351923,0.576461030860656,0.5234682918248335,0.5894881518412319,0.5662469033658548,0.4220676399601989,0.44719144012075845,0.5018230427388327,0.5047084281635741,0.4228756577484639,0.5861022123749693,0.5360577303593804,0.6032160308849854,0.5624058880373198,0.545389142033847,0.7072351798365226,0.5767319858645518,0.7079952859738263,0.5474300332599527,0.6897663556735196,0.8654504404331043,0.8788872701883504,0.8069048179947522,0.843865093880646,0.8210554473329514
54,1.1076296894448934,1.0906483350538154,0.9146546594694398,0.8940732291421811,0.9629820722131188,0.7229249977345127,0.8450912495329685,0.8038148055293612,0.8004399740206611,0.6546072184184085,0.5967486764349131,0.5727493179681752,0.5359918856779784,0.6136964126749922,0.49528231328702005,0.376915004495137,0.47062430963226937,0.5273739846834953,0.43940468989865544,0.3582489118797432,0.5656813395795788,0.5760306665714958,0.5844326205628113,0.589312360707001,0.5099507375315984,0.6499620572250944,0.6778889047067618,0.7397681764334775,0.6261697694481476,0.6623420932852684,0.7817213960569347,0.8634353596578302,0.7926157638554924,0.8696445205527753,0.835411614662267
55,1.1497241329711392,1.0159526350809776,0.9465854088592969,1.0059199993636012,1.0948914943628356,0.7443071902198806,0.7937891502832037,0.8325316730517413,0.8512333359736057,0.6604959528643813,0.5928411191653992,0.6117374179797098,0.5716713617420819,0.5863002055966751,0.557798121848897,0.4039531143392098,0.42840019958584785,0.5190251136479131,0.4592819237495763,0.3625141706040928,0.6024303111694573,0.5426009566285962,0.6436097517774164,0.5725951200027704,0.5513043786569449,0.670339926229671,0.6512282495754752,0.7096918184904719,0.529123948379008,0.7038628424679889,0.8834583246623662,0.822482876510108,0.7779332866880218,0.912476099367276,0.813399556781359
56,1.1617440132921895,0.9530227462360756,0.9592920383666512,0.9311660604467185,1.036282976929154,0.7613021868776146,0.6964745593061995,0.8456789727983629,0.6958405996347645,0.7531773910265819,0.6230975700561349,0.5077031562942825,0.6051494881667165,0.5225744210328782,0.5343503468486714,0.414212990571443,0.4060686087291444,0.5628688147386949,0.4561299699633787,0.3808806711771399,0.590502132328038,0.5114977638101235,0.5618326752695543,0.5215759765965193,0.5721479536171064,0.6768644459051585,0.6078321413571751,0.7163950649065925,0.5822008245954637,0.702905234475649,0.8718167857002688,0.7779495788896111,0.814177953941593,0.8403844661612246,0.8051202444462999
57,1.254368673417011,1.1111400243309615,0.9966730027700679,1.1245236946916295,1.0136964912684174,0.8163502073388483,0.8472531145968656,0.8342474750432147,0.8246735115442831,0.695717357785079,0.6103366854025762,0.6267003028724825,0.5820032762300609,0.6027250162684611,0.5359850347706515,0.3552419550926199,0.49558092730564596,0.5392508211845236,0.503838227235568,0.3581265297277829,0.5688544865778942,0.6324226432623821,0.5930306715404122,0.5975441595837553,0.5496388587265055,0.6440513665067885,0.748179098537621,0.7680351652986428,0.6585064248529364,0.6391920834354161,0.8306878381174287,0.9149174594283281,0.7870421087225381,0.8809938574645371,0.8038457429295722
58,1.067625653093263,1.0374094152276372,0.9496777509348596,1.0219353991287836,1.0575627819942963,0.8414250339896552,0.7750074143390432,0.7487757080286519,0.7046203062270523,0.7476633492080415,0.6382650913107246,0.5536893164748752,0.5430763437845645,0.5519621573623058,0.5680869060450191,0.4064676486556654,0.4393315470499709,0.487153982276485,0.48753560899662574,0.37133818293325904,0.6450762455261307,0.5168566770701544,0.5470126452766897,0.5450182395185057,0.5209237775365841,0.6870256280351505,0.6774954274816407,0.6995671882823742,0.6244610112823882,0.7213467960712097,0.8695121042913159,0.905420414746398,0.7971711822679943,0.8226021786134735,0.8383788169754736
59,1.1907764187705019,1.007878555704052,0.916248260969889,1.0205979371384482,1.1075409631253788,0.8456732371003233,0.8582974702082045,0.7819247173446544,0.8369491713525135,0.8511060099965941,0.5934399811290493,0.6113420347169815,0.5598818891302362,0.55410753082431,0.5711819891709888,0.410967489536312,0.44206293207739833,0.4705511378261251,0.4947620941411541,0.435523215754422,0.5915550974364174,0.5583397492037852,0.5410505226273303,0.5286391214378193,0.5947520969747753,0.6626365472438731,0.6964973840350955,0.6707775576652744,0.6498918840854333,0.7581422115846586,0.8555981095962162,0.8522606937044687,0.7136680024790245,0.8834009095580186,0.9347334725702641
60,1.191277390219454,1.0868028794581852,0.997333054435678,1.0336336571557756,1.071474309149975,0.8113042660290473,0.8804719576217974,0.7856630579850743,0.7513891447001109,0.7551257927614099,0.6373686329428615,0.6263446999641403,0.5258715602136553,0.5517345101315392,0.49152869153044204,0.4195597442841793,0.4793294168408301,0.4784777166446063,0.3894265425043767,0.41190906462425636,0.5783229544813925,0.5690703971715967,0.4983281855276172,0.4939804065022352,0.5228525123035066,0.691688945722281,0.7646103326333906,0.7005122499258405,0.6074971640213388,0.7401706627717353,0.8168069344451824,0.9045890833301713,0.7986099500157429,0.8059765969891914,0.857963503625238
61,1.1747853392680532,1.0162301655819141,1.016386331508122,1.054381704161711,1.1448209220075172,0.8456235171410542,0.8289010838557216,0.8099399712209003,0.7805750710218985,0.8226212345056529,0.6414135826963383,0.5662600451756548,0.5428778439414361,0.6016386716620603,0.5670023715440734,0.3980850560282268,0.4384325101471719,0.5035193127364967,0.5016097661154095,0.40709703300797145,0.5996225401466058,0.4948400549189284,0.611808964039108,0.5217780900301627,0.5908266122734103,0.6923021736730517,0.6903973142275117,0.7034169101759588,0.6894148796190323,0.7468049887046144,0.8048638310998599,0.8336272938723902,0.8053112711920223,0.8846701580317027,0.874276625285624
62,1.2311092138675082,0.9804622559759404,0.9608662818634508,1.0462073713525972,1.083281974189978,0.8576669987227852,0.7909021481144903,0.7753213210162709,0.7955412343222986,0.8079252158061592,0.6549291271299351,0.5398836303117355,0.5753109071671453,0.6764758561126109,0.5762909088005979,0.43498590833844397,0.463392566078762,0.5105375438549452,0.5118209077952597,0.3714610698515608,0.5999622727167526,0.48158576066645414,0.574605297752788,0.573459847960137,0.5811925104060066,0.7248230554276535,0.667240854201038,0.7324068133776787,0.6596200033058677,0.7594397011145709,0.8633422351611599,0.8047808668436875,0.8592630233182502,0.8927114807816879,0.8026284831242545
63,1.0470413323468,0.9947574706037409,0.9641704255322197,1.024373686280824,1.0684222711496596,0.8099333992995978,0.8853508579248981,0.7308420102085385,0.7708059884683937,0.8319788002587134,0.6388625456767083,0.48713688304132435,0.5954052903989248,0.6206963576696254,0.595987190820902,0.42771510964334175,0.49204839816807017,0.48863244918738624,0.45235148168263806,0.41797273447769434,0.5649446149440494,0.5544806799659847,0.5467180973952583,0.529837112774467,0.5618934157864646,0.7314541844506492,0.7122263195116829,0.7548199202372935,0.581487154557972,0.737928421184437,0.7653822207020038,0.8341958770990984,0.8565613250132065,0.8687603980397818,0.8485582805605119
64,1.2131666237946956,0.9789825777547065,1.0045497983443954,1.0575543511341656,0.9998151593328389,0.8320947626857478,0.8703923260600591,0.7891747320240949,0.8738818002843065,0.708590633233444,0.6572423133979732,0.5358275969613762,0.5723431008337865,0.615829998323065,0.5225585294760696,0.40849065544526053,0.46305395476530264,0.49888466621109023,0.4774173781667717,0.3975635149059378,0.5582854797522379,0.5310081056706351,0.5367376832606476,0.5199746307247619,0.520080132628536,0.714484155621251,0.7052241685746432,0.7082369132184041,0.675169345347074,0.7035865639243069,0.7737399327744519,0.8646978004086077,0.8244288746902129,0.9079265241437665,0.8145288301948466
65,1.1021236431415475,0.9002943098244616,0.9237159396543861,1.0051666554459335,1.1154889225127456,0.8297563420985241,0.7927540018750798,0.7974689303433466,0.7590222368991201,0.7592249437542932,0.6506051893651381,0.5602150354854104,0.5551791416622159,0.6335330363590571,0.5613128343238256,0.392426633912394,0.3999810257009633,0.5324738694969186,0.45932393456277715,0.39106824030049886,0.6058958382509119,0.44288333355694454,0.5513873892065659,0.5425048719316177,0.560912586196656,0.7365226952544008,0.6504834749470211,0.7242411920345154,0.6891167545145233,0.7257951796332911,0.8168100145989656,0.8159756736540327,0.8169712043581141,0.848606655062665,0.8278687786466753
66,1.1000491088447582,0.9451610502743537,1.0300526803590146,1.007162990137188,1.1614268224112225,0.7963071490599523,0.8139438638565768,0.8088885736290621,0.8092248668292314,0.8427195333244137,0.6201714137971832,0.5365909637789154,0.57024175847793,0.6146778337349073,0.6048153293494217,0.4005146606177454,0.4384587124385932,0.5342356160076842,0.4701487749748307,0.3796786306563954,0.5617190168741075,0.5109639587492497,0.5207286507383511,0.5275064227557513,0.5842670177278403,0.6564492528291931,0.6759283617355336,0.7178027273594715,0.6976433639923509,0.7110022736829561,0.8306466140001525,0.8642361949798723,0.8113930247810195,0.8428173834712388,0.8331467993876904
67,1.158900766256219,1.0143729059282316,0.980984664942614,1.0262904892622282,1.0500001164983441,0.7918849315789175,0.7795723182922664,0.81294063170387,0.8403610871001543,0.6727998525305738,0.6654592425584449,0.5253790950226691,0.5752973521057941,0.6325499540536478,0.5228184514021661,0.4786539684189838,0.44089927318074706,0.5758234614281443,0.4263107430166575,0.4127259981398668,0.6246371450134136,0.5093038072479513,0.532168609888592,0.5570271188338529,0.5649179396231047,0.7527254105648112,0.6560427990228075,0.7474569328811189,0.6753015971306257,0.7274230039662916,0.8106936910844316,0.7810529459682594,0.7885662038417685,0.8566155331150342,0.8038759830351829
68,1.1070370218480967,1.015664226551307,0.9952117663893276,0.9322283716254385,1.0879983133819617,0.847960636994671,0.9422155089423291,0.8151334440116662,0.8559796690168021,0.7705735924142962,0.6744802968453705,0.6223963076300536,0.5425487167283018,0.6425595997548981,0.5410498497711784,0.4316426353380487,0.517289003631552,0.5302959300873892,0.4590283286060702,0.42540382704156493,0.5893828561110036,0.5625820322899688,0.5542887588138057,0.5516438950954443,0.5402139057189672,0.7063764643869667,0.7678316749239875,0.7313408786341828,0.6805159448974487,0.746797424985489,0.8580052904045607,0.9011210238776456,0.8242858317380681,0.8440048003203077,0.8251722969277258
69,1.0707607284774305,0.9772822351210102,0.9362263756259126,1.0822286931916736,1.0640218620141169,0.7416741757385812,0.843464235398378,0.8337336389814344,0.8808301253363437,0.7518028746664687,0.6148086540100232,0.5370764276673523,0.5584129366525171,0.6230711200323624,0.5878482843018455,0.3759387669919712,0.48935288989776904,0.5207625133939777,0.48606238287859505,0.4640635678907948,0.532576011541326,0.5212516219939007,0.5469254739504634,0.5733695237864497,0.5613269799121652,0.6777793697147245,0.6861500160491927,0.7078585681776743,0.7330867867150648,0.7378849346954078,0.8127970739645198,0.8488559768134474,0.8434363545206749,0.9553531775281868,0.8319383589955952
70,1.2007880823420696,1.053080975977374,0.9236300142179714,1.0482297424348586,1.0218406044750747,0.8384547658347636,0.8144265519571701,0.7909507702679641,0.8150203445043283,0.7812509424280365,0.6574198215226446,0.51461785271943,0.5743350462433194,0.650493843485336,0.556843771575315,0.3907044759438695,0.48593775685121016,0.5353789975280553,0.4269376338887791,0.3998989667351297,0.6421068773730972,0.5625974886398558,0.5600322662460842,0.5499641619651201,0.4985637897290716,0.7029426152362047,0.6959663899504966,0.681900427492449,0.7185721881453588,0.6517944009599295,0.8338882917873597,0.8600504385493399,0.7813740805759448,0.8819209583364773,0.776065958761593
71,1.1462532438978992,1.0383722069773225,0.9956985290188833,0.9824696162393196,0.9553443070643154,0.8495625042859594,0.877286189731273,0.7961943638045855,0.7680443853137684,0.7211380660280383,0.6733503953880807,0.5937289202212254,0.5070677879608272,0.617138723001143,0.5201146883259946,0.4093083291034491,0.4525862205152978,0.519738480777532,0.47134548544310667,0.4438854361416351,0.601051759066103,0.5759603797376031,0.5406750633602182,0.5854007937990346,0.5675605450187315,0.7614782209431528,0.6973300672740232,0.6947602122568177,0.6945872881304389,0.6593325714877547,0.877820240554377,0.8548681105001854,0.8177520643893488,0.8802157181456276,0.7632998411404145
72,1.1699454863034866,1.0901696085452475,1.0158382426586585,1.080762007330479,1.0728021382353519,0.8283575832439689,0.8396419792791892,0.8147924823210426,0.8597766334853214,0.8120591090576996,0.6582694519943656,0.5737850409561981,0.5927204153099398,0.6473627962462256,0.5736670239487454,0.3687285420177777,0.4631576192135103,0.5931086373103733,0.4703182766541636,0.4271860236349939,0.5904139102794155,0.5315345970281232,0.5844178463672076,0.583941602058087,0.6004681606481894,0.6830923166651822,0.6839235876309766,0.7876586479600155,0.684253434247416,0.7341593285617423,0.8698101031708723,0.8253068497607086,0.8234192902562987,0.8904201808880579,0.8265909282791906
73,1.1264794503752946,0.9989663520003662,0.9535449649129709,1.1492094474612813,0.9644695945579292,0.7697573646353437,0.8942735356836407,0.8305232241704189,0.8607788015159832,0.7155237847201621,0.629031952773541,0.5861836883982255,0.5848244772642966,0.6463057220996382,0.5142957796110413,0.3711680896785089,0.4972214234740033,0.5430790485230896,0.5304006520371353,0.41811096570715467,0.5765511031510292,0.571145195369609,0.58609407851829,0.5560712051277146,0.5302198724116214,0.714823945244887,0.7095973027778948,0.720018782485936,0.6832294647379894,0.6946972140063337,0.878288365376349,0.8559591510913667,0.8367945796388734,0.9000382469182682,0.7988583338228411
74,1.1352459938371506,0.9483702422632783,0.9804490005398032,1.081182841716282,1.082645464626248,0.76612825177225,0.8197845172719429,0.8489707910845572,0.8812481906524587,0.8217789181166917,0.6518466972517427,0.5646806042065848,0.5369131717869544,0.6080930054356374,0.5291498892907857,0.3921168972027297,0.43561491642062117,0.5064713704427477,0.502706108250094,0.47179778466969124,0.5979200411877412,0.5238402855309209,0.5588266503277228,0.6091263751137757,0.5904663084086718,0.6651820122571297,0.6899150005315648,0.6799107964405969,0.7273961101481436,0.7605222689016413,0.8116510268366479,0.8088723454551097,0.8326852932211222,0.8704250494287937,0.8147018809801676
75,1.16679343977667,0.9280360064908932,1.05221895937582,1.0710875445513195,1.051947349028822,0.7398840954741757,0.8978338996774811,0.8565164001590968,0.8584477522724332,0.824505685502215,0.6153219079110968,0.5580734363734983,0.5878205806796679,0.6824413515709022,0.592415992585539,0.30562441030341836,0.46672380150208226,0.5857636378599714,0.5275553136961273,0.43804814990052776,0.6003626631551366,0.5535131482536069,0.5870073214497578,0.5858224613674828,0.5932863432985995,0.6782665830818762,0.681644660634903,0.7636693079930049,0.7209292732396226,0.7466118664525492,0.8108525429459906,0.822973377183114,0.8685062302123767,0.9447425314882475,0.8609074099205993
76,1.1612899304936037,0.9628561509389532,1.022476481121598,1.0964079273858078,1.0705033608802732,0.7955472463460175,0.8579933021194135,0.8716585400487749,0.8280885933754032,0.7672388435961803,0.6778547727718371,0.5618376455108912,0.564077426854307,0.6680170593452587,0.5704891485997995,0.36339572625110295,0.4610822511751351,0.5356173992422876,0.510339384005871,0.45893840084786636,0.5823416612888894,0.5396499319425951,0.5561207626489941,0.554278884769366,0.56682362012544,0.6519268026315697,0.6520405372044558,0.6895271707164853,0.6789897952993158,0.6983512507416159,0.7757290914165501,0.8133915412068453,0.8467026135635446,0.9508427823362815,0.7409114589950775
77,1.2166364375744916,1.0068030066133282,0.9633123087931702,1.0344536843865069,1.0747482715524619,0.7936025660414147,0.8817692559600854,0.8433559197553424,0.9289041816212211,0.8121978440451731,0.6534238463598352,0.5445073313691506,0.5170874875700858,0.6273428594873142,0.5524593249188263,0.39496789979019853,0.4920365194214143,0.509518096216103,0.4497324264773067,0.4723451603307305,0.5769398198597463,0.514782094594086,0.5215886160646919,0.5727409424511618,0.5902460987294006,0.7056963972082568,0.6791160653409087,0.739994177681935,0.7093401131963348,0.7451304176427183,0.8414691443703366,0.8255214973261764,0.8271677926379121,0.9088854430571178,0.8223744485849331
78,1.2062971900934256,1.091267507261553,0.9588006344466153,0.9988209092046427,1.0568706921389177,0.8307719780109986,0.865964891938974,0.826626353570838,0.7731745492545524,0.7435539705442663,0.6589697415512633,0.5829775139929916,0.5623276565613582,0.6633008138590162,0.5331875869987939,0.4550260839486188,0.47977122667517,0.5490977930966547,0.4484457728714845,0.4791071955858805,0.5892022470189993,0.5511937788018125,0.5471952065518323,0.5382374408059161,0.5882102672946081,0.6885509209000222,0.7224575937239786,0.7216702062801457,0.6819584305054358,0.6994586051830203,0.8207610676366608,0.7963210086572551,0.8533694290762718,0.8610042722274309,0.7817942803333168
79,1.2097902872857682,0.9889513992875019,1.0041352650530797,0.9813342940705909,1.0491768982795664,0.86851197877276,0.8081362872009836,0.8176693487739449,0.844748288304598,0.8439928410225477,0.6632958413982938,0.5564637312627337,0.5455092511233686,0.6664401104162847,0.5780281511057055,0.3816818042966457,0.4139416217703623,0.5599701272332402,0.43707366540986625,0.4680622922119448,0.5809835027905434,0.4834391686955739,0.5615666017793386,0.4791154627945939,0.5598312885463427,0.7083533512510742,0.6726507725275861,0.7078482532913175,0.6539255260122316,0.7275073094271303,0.8248845922782777,0.762106587210319,0.8569285159231832,0.9119706120625092,0.8004182197039365
80,1.1700780985033132,0.9043486336724605,1.0214465458203779,1.078411590859065,1.043400587422996,0.8627997801826511,0.8383534197225339,0.8095164857337622,0.8389129717015599,0.6736984442818004,0.652153413376645,0.5359705630857823,0.534301852078376,0.690534880365286,0.5054712455503639,0.38009912332935736,0.42667828756117177,0.4787032246203703,0.4826509320440805,0.43543810421475704,0.6394248120032282,0.49638346700392294,0.5196501658143197,0.5536982894455018,0.5633809832134415,0.7522715985802264,0.6424189866573512,0.678552388164494,0.7043657589702998,0.6081154794187014,0.8940292297669695,0.8055000557083634,0.804757535605223,0.8890221849254567,0.7930848319444254
81,1.147838998529735,1.0197548440620845,1.002336521430443,0.9707858645564851,1.1580910508596016,0.860567628578772,0.9001432711242463,0.7980150129301924,0.8421214376283899,0.800221150389282,0.6631913833003309,0.5455651267854578,0.5359857536201293,0.6613552277591134,0.6106105102549758,0.37911992396554745,0.49924714242897617,0.5235501453491721,0.5102016863563035,0.4970214780423158,0.6441034370075361,0.594954339131291,0.5354086063027956,0.5296830618232005,0.5825412871475362,0.7436319516761976,0.7161066636552615,0.7388991990953604,0.6620812112253953,0.7019981032755975,0.835680396438863,0.8634780985006907,0.8181297391326476,0.7880227319279725,0.8498779240331311
82,1.1446387594338279,0.9551686179043449,1.0523507617969345,1.0743564011801026,1.171109191457266,0.860716206969695,0.8035848787753962,0.8611961399444499,0.8861362232769578,0.8210945033331463,0.6562447999887293,0.47214232943515877,0.5818364351707489,0.663303483653784,0.5479505285459048,0.46066674288841813,0.4351494468640408,0.5710586521142045,0.5436209183069771,0.4653846523011741,0.6122366594969227,0.5261435856810849,0.5829038427919724,0.5369610396101419,0.6072144715584451,0.6928538397218951,0.677000593691671,0.7589994209708715,0.7583074197112659,0.6656854965136352,0.8293515847277296,0.7899684438762928,0.8670375024408529,0.8988403351119755,0.8214302158274633
83,1.109848423199553,1.0214769391107852,1.0101429577478012,1.0591834492941414,1.1277383961008665,0.7571786875795414,0.7893837100851693,0.8507179500654986,0.8555572302920642,0.7744049608450831,0.6342187550052861,0.5010862784104813,0.5584857176895649,0.5641433524310927,0.5706352929774012,0.395834750060241,0.44428251912422034,0.5177169252454499,0.47774829649662576,0.47200526469885073,0.6206376629221297,0.5578270651124713,0.5070038766844676,0.5341883468060337,0.5766568499979898,0.6706853685633716,0.7383893298359767,0.6820447343045583,0.6969873434338922,0.7096001650085186,0.7479989010936023,0.840344048277236,0.7662024774636159,0.791995603233907,0.8149361715470493
84,1.0236789860619977,1.0583582627440393,0.9940421409642192,1.1372347223636412,1.073952939944577,0.7788330338514841,0.8546117314402841,0.750651745519388,0.8697494833041493,0.7851751941039109,0.6016839622154301,0.5076385440856817,0.5504137002293544,0.7117268668792616,0.5625948409891819,0.40544595080202817,0.4676898778068873,0.5092332039766301,0.5263801982508685,0.4901707115904549,0.5438743064057068,0.5294075221293312,0.4833420601955082,0.5921961364912014,0.5735906060025996,0.712077401614849,0.654929216243738,0.6779882236723073,0.7134368710799879,0.7285461748422608,0.7757393411852074,0.8378003139557871,0.7762913466540419,0.8507923582561681,0.8700108086283913
85,1.130995545586741,1.0758691025599685,0.9674262298141735,1.060297185039821,1.1082477588243147,0.855281200865367,0.8021719699547496,0.8710619913451227,0.8217833152759872,0.7064810901455811,0.6720118601162557,0.4971556797316323,0.5717949079882915,0.623640075324766,0.5650048051752526,0.45985551458453766,0.4517656486915924,0.5674450321115663,0.4577864361322153,0.48484668118205204,0.6253004297697258,0.5615352190493788,0.569228733330619,0.538751477129876,0.5678362474234713,0.7519113594592444,0.6972215922198862,0.7350190953051009,0.672529669606175,0.6959633251709908,0.8172286143281724,0.8432277829965813,0.8179911776476886,0.8063885114844498,0.8617211019364177
86,1.19921154052716,1.0126611128244336,1.0158615670281368,1.0387008658800014,1.0470317166084657,0.8377657313922318,0.7584881862542329,0.8061152112401615,0.8028797419799139,0.6306660154778485,0.6729587053524847,0.4592424320702633,0.5874774556803357,0.6526102955388453,0.48481588339303544,0.4712270103918137,0.41292213547177065,0.5399018500864063,0.4938513283086988,0.45084869690192997,0.6595609459880805,0.5310791519843712,0.5265743334023164,0.47855329869001195,0.5534322835136007,0.7300280803334392,0.6565050731209439,0.6857882234862556,0.6584371077780682,0.6724448826587361,0.81614586994715,0.7837140886430634,0.8458320867620027,0.8467559554124242,0.7874224934206622
87,1.1850657328926903,1.05554182742441,0.9664132488611705,1.0935863455705748,1.118302376747261,0.8719831567508508,0.8465982570751885,0.8558683984941577,0.8625298160657995,0.773092443303818,0.6609472740271489,0.49475982692442594,0.5342239853442401,0.681036753138787,0.5708857860744435,0.47585756396700757,0.4955893109591568,0.5454639638798231,0.4919303750887173,0.45219908370273254,0.6434454256265112,0.5225347987781945,0.5638503417982912,0.529363591717938,0.5931620928817991,0.7417457138536822,0.6725725782887607,0.704912258885386,0.7081437747071815,0.704660574987198,0.8348612381102276,0.8741320305488562,0.8426231200906554,0.8436001174934639,0.833521232278444
88,1.1163017907312074,1.0190373489894688,0.9790664788170599,1.0956510271218753,1.1480350634772558,0.7636949023119403,0.8094942496834986,0.7928086009863125,0.8742753215501193,0.7918931225226662,0.6233131877276206,0.43731331098911275,0.5369697943746652,0.6676578080832896,0.5427043153313142,0.4299154058848345,0.480803782662767,0.5017804611706315,0.524327614326181,0.4514543823506449,0.6312639357345742,0.5513999149577424,0.5165922784912114,0.5465680943853479,0.5829024959357985,0.7133158643158383,0.677478341960983,0.7145361797891764,0.7086213708034175,0.7167567311201305,0.7986489644500883,0.8359850676256505,0.8218226434979775,0.9116769293763165,0.84000331164878
89,1.2016201087904586,1.0683835577394183,0.957168836069856,1.0103168557242082,1.151489528793073,0.835917721961876,0.8006184498207493,0.8597756529538187,0.8091367176354449,0.723218267592689,0.6913423190650889,0.4786294876448476,0.594084046598452,0.6023580642349453,0.5872702229338858,0.44603512396946166,0.478785634247086,0.5427203696993352,0.47025367857611056,0.4620527067808513,0.6138179821227235,0.5501192779191386,0.5425579250741916,0.49186482854514,0.5805576418910394,0.7101561255124141,0.6856106141144843,0.7267550582076834,0.6375216159276875,0.7602684530510433,0.8072871572761915,0.8276570974847155,0.8405980189121727,0.7959004489747172,0.8093447826415734
90,1.2200968624789255,1.051777982778841,0.9884854205302805,1.1412572427017664,1.1476915792676468,0.883439865941355,0.7744963979242296,0.7551567027465277,0.8377889671309358,0.7959959440293298,0.6957756320909663,0.5151212526964306,0.5699027799879997,0.6357691537237125,0.5997475668896797,0.45945682535131543,0.4604594726640128,0.5273317121021698,0.49241725041529244,0.48195706763958013,0.6096925802037458,0.5520844935517821,0.5282697475399623,0.5288876561719978,0.6402094649303802,0.7292211911396094,0.6683438530739494,0.6491034388922705,0.6410783423666464,0.7648082281378269,0.8155539023083234,0.8903786416963853,0.8038833833954471,0.8791859497789665,0.8831606412993971
91,1.1229273307974332,1.0394137539254968,1.0469998103417266,1.1105778859336826,1.1029718779414481,0.859359958530481,0.8051340926682207,0.8474179273703,0.9089449639393109,0.7349750866091531,0.6610076799508084,0.5337081662599945,0.5707458165485473,0.7093965900791606,0.5351613074792017,0.4225194989978549,0.42901133143804465,0.5299995146541038,0.5165076889900827,0.47153703489474535,0.5696160038983777,0.512894524312787,0.5129141946663813,0.580033298289393,0.5559800897931906,0.6930042248824901,0.6251810764311376,0.6433281684012355,0.6878059140863909,0.7108803221756088,0.8020684203203603,0.849563638276358,0.8263336046001281,0.9550645594313196,0.8369152345624947
92,1.171029935787728,1.060487177953973,1.0027277539071084,1.068206905176944,1.1932268473253234,0.7982789087610701,0.8313926964319821,0.7893096309380379,0.8988743093659005,0.854386046304974,0.6694379380270549,0.4551548017191319,0.5847592970400552,0.6428658020498859,0.597956043740052,0.4622989987496846,0.475434137690271,0.5627833430594131,0.510643856102466,0.49220986570608305,0.5447950482860826,0.5468455298943871,0.5682331041482918,0.5395671849422362,0.6035718121341088,0.7114873209907497,0.6796556299788279,0.7222370491418126,0.7299410566625162,0.7346434160990221,0.8251575693544493,0.7939405323581923,0.8099185199108481,0.8476754179577906,0.8884419563664285
93,1.1523954297871606,1.0740876878656058,0.9387314350046685,1.0856082548960142,1.1511820818647343,0.806203642677835,0.8804915129707415,0.8176181185745662,0.885749957046466,0.7519676139488374,0.6540862734188964,0.510727635267755,0.5788690085666449,0.6850313882789333,0.5320115336432928,0.4328105024334022,0.4895407632463859,0.5874021350270213,0.5065463527273364,0.47094776570681907,0.5386324323870808,0.5966674592263492,0.6108578589313978,0.5435915273544006,0.581029568871873,0.7583726074737503,0.7199267015713815,0.6827260938465933,0.6661523305178048,0.7516889023622335,0.77334472184847,0.8788153216661507,0.7719618298827751,0.8634573671962757,0.8436930526147517
94,1.166029735347674,0.9984657881884083,0.9350531840840993,1.1053849447745978,1.1057267544746887,0.7728075203097241,0.8088304624591223,0.8505864958716097,0.8738257072698716,0.7898037398298228,0.6366563532297022,0.4655010357056981,0.6019477148354362,0.6084035688589782,0.5392064156815977,0.43173249657707297,0.4488669118590086,0.5850778866660826,0.5075418669538938,0.47355935817505146,0.5903515677948754,0.5386730205275736,0.5855185125892358,0.5111120414844725,0.5395577643901568,0.6875360566142403,0.643552923281306,0.6717897747606033,0.6874779887297493,0.7686803140481249,0.8077551486275325,0.8136253216805881,0.8320892750489393,0.8183810597110686,0.8209762260510025
95,1.1324430675264956,1.084043933781865,0.9279863239176729,1.043341224723186,1.1335333197546051,0.7416866598245534,0.8277410717821503,0.8193518477310218,0.8422184323657516,0.80730790369414,0.6527223333518842,0.45945202515667694,0.5853809747366407,0.6281581626733346,0.536819697026802,0.4603010019649615,0.4480236849927006,0.5488954560727668,0.5002982404215641,0.5193492817547759,0.6108360291707698,0.5577374534561308,0.5852301926047119,0.5695548529058145,0.5816601123217602,0.6795068870126642,0.6476997899179,0.7459088058036358,0.7038072623020895,0.7433542598523788,0.7819044035402165,0.8407493818372007,0.8136792922009961,0.8525369090873328,0.8348237124757588
96,1.122964488052713,1.0818807448163814,0.9613548726974229,1.0465593055603732,1.1056658659232135,0.8543581950339056,0.8074307637159316,0.716598529121089,0.8669162246921774,0.7556459251104708,0.641006880954489,0.5778547559274658,0.5184582056686589,0.6542157718035925,0.5359190512603117,0.4820199684788235,0.4787775705397016,0.5499747701518353,0.4868237683556353,0.47143066577758264,0.6011815579370146,0.5736348040228041,0.5872102959691748,0.5069902122909773,0.5654231529448968,0.7038222289459746,0.6723811793899904,0.6570775027255338,0.6649584384459366,0.6848622032783818,0.7825362998920407,0.9067898492250619,0.8260970737477543,0.8754377111710547,0.8255940603211203
97,1.144325252927071,0.9895696098759508,0.9236010534806323,1.0955001871097552,1.0964225236359144,0.7885735398111653,0.8056376112944985,0.8432332118486177,0.8603829517251066,0.7679886765525744,0.6277903602641617,0.4825187418568748,0.5482036986655245,0.7096295676110365,0.5645802082686631,0.4181997909241796,0.41754422481193193,0.5590531637331408,0.48017895312914055,0.4784078818381714,0.6287244460114664,0.5429735059771923,0.5869640343618692,0.5736153439815339,0.591880274941163,0.7284084139357361,0.5979698540812062,0.7376262348722973,0.6757847694813768,0.7023903954968262,0.9057537444994159,0.8064089579120552,0.8453113642258344,0.8580509277420564,0.8589644028775523
98,1.1343855432575622,1.091741143357272,0.9768789355007172,1.0137768566762484,1.1103700246130825,0.8483916483107072,0.8598239287983916,0.7750608001037074,0.7747137434360026,0.7914223824731492,0.6174322406052482,0.5403624859220999,0.5416754056220414,0.5950739356117358,0.5741711723368625,0.4444503897614842,0.496740847610761,0.5398857404617218,0.47208785541421705,0.471109501191743,0.5853530943846823,0.5621290954603664,0.5934075978347386,0.5301390833473508,0.5385398402338135,0.7033707000712711,0.6998164278802019,0.701933965052278,0.6416604614618708,0.7377737468809458,0.8584719904087121,0.8918915867554162,0.8028398080741949,0.8245094746538295,0.8175876124805168
99,1.0595793278287344,1.072984346522439,0.9295794415543399,1.1047355906436949,1.1389940840676365,0.7943287357160365,0.8766725255287012,0.7073137279998054,0.8431797077240752,0.78484497744818,0.557964842850543,0.5177376895175698,0.5523775493607839,0.6233964752386887,0.5922116547550911,0.40004265037629283,0.4514950374057076,0.5158538030667412,0.4949251719615362,0.46991374199429176,0.557751338138565,0.5373992860685795,0.5695178360139652,0.5615421414165849,0.5410307267383982,0.6620243840679643,0.6762865237200284,0.6931933973048887,0.6955934134272768,0.6225553570481036,0.7198009564695446,0.8989734329851113,0.847665493716374,0.8458641543958378,0.9035818051158315
100,1.1348417611124095,1.0551245553174116,0.936433712475782,1.0771018200087266,1.1261468777522112,0.7693757098813695,0.8583881579412673,0.8408520755220312,0.8991196696957339,0.7326972213859974,0.6723147512393345,0.5488226171007915,0.5685841407934843,0.6851741342558444,0.5820131017508314,0.46529665452967794,0.47713955707963884,0.5696372697500538,0.4864543022821698,0.5100824748422821,0.614032575986077,0.5539443160460651,0.6208662993676832,0.5558904454468788,0.571632289103938,0.7686466332361939,0.6826427700747738,0.7000690776132814,0.7247225691905711,0.6851794870595734,0.8121654554856479,0.9093468251656862,0.8414968673655587,0.9035120126821126,0.8374873246068015
101,1.155743582750479,0.9671462682466404,0.9815548764075266,1.0130064239664436,1.1532190039135557,0.817558380751042,0.7741278566562061,0.8411460322128583,0.8755900308738614,0.7064551367002749,0.6434453469810789,0.5142918763838484,0.5444914880656706,0.6871811980160645,0.5822851367906181,0.4967891095052881,0.4589876123252088,0.5468959267754399,0.5136054045833752,0.5212307132316958,0.5798452083249102,0.47834434544130827,0.5970307741144582,0.6021807313512774,0.5419076013793083,0.7257082034822426,0.5773262733625539,0.6886962412041197,0.708155791259468,0.7229692064498175,0.7324319513863771,0.8165185416001726,0.8210547953841902,0.8300278649734782,0.8213453981613843
102,1.1762245973378649,1.051505359601143,1.0627616956983255,1.092258364641436,1.0626073180266595,0.7883285897641591,0.8513374955492736,0.7215842269280413,0.929134003281811,0.7251906775431465,0.6491141035960294,0.587960256912815,0.5843015199365977,0.7184520016856244,0.5394480085400676,0.46684325796441184,0.5037646901387139,0.5585217733601577,0.5266915839759382,0.4515057847647499,0.5990476403782631,0.5531682339825124,0.6033819010277848,0.5723844827845923,0.5657815320404758,0.7091522829382331,0.6773735060050894,0.7408182868870667,0.6905662609610352,0.6565527905911217,0.8448451183583126,0.8280351513182286,0.7909253862356745,0.9132951976473098,0.8600576607165238
103,1.193430036949754,1.0392976265365017,1.0826480058228163,0.9994417059984577,1.1073214949817642,0.7627978883039594,0.8431119138347005,0.8021078566228386,0.83288790267782,0.7554862258132848,0.6106313066938145,0.5598183121044564,0.5898603237708162,0.6574055739960016,0.5343246533969761,0.45457243601708475,0.4470536932344689,0.5565749948205719,0.4841872825294669,0.486571523799463,0.5544149159300895,0.5242348084765357,0.620811590338328,0.5412769837580342,0.5660261965536838,0.7499793455569691,0.6763468875720038,0.7058742145298214,0.6454891754442805,0.6492780361250784,0.8144733359873015,0.7921030894521301,0.8337792972812422,0.8269819818432147,0.7930037016420757
104,1.1164986336701184,1.0277201494427481,0.9645316713003104,1.0714163034490727,1.1142799564489416,0.8000055262853454,0.8890373614766404,0.7449249077504908,0.8508635520107577,0.7689991901883604,0.6163373872408079,0.583477447248415,0.5008406351541732,0.6574491692237683,0.6332794522368614,0.4863553176634752,0.5013231587118581,0.5035256150861838,0.48834156449028426,0.5062765019434285,0.5902550377049103,0.5643069288884762,0.5922265035547359,0.5517124018660114,0.5799000465690969,0.7412681869997044,0.7350250329561925,0.6401776748147425,0.7053451546996903,0.7376861634944735,0.8361046529693019,0.8983963161360904,0.8196389310184606,0.9175885321053432,0.8254610085455416
105,1.2509978711332752,0.9535193650355211,1.0438787300315164,1.0176264825763643,1.0967518308577513,0.7940312154094176,0.8657481883086092,0.7028496748514672,0.8140975572600742,0.8004724433349726,0.6718431708064272,0.5349041853463405,0.6337199400348319,0.6381163075637328,0.5454278971168635,0.5153539566925465,0.4989693044436555,0.5616515960095378,0.44877983373236596,0.4642438963334179,0.5836807734944864,0.5488939672415518,0.5741938987437228,0.5321951962308289,0.5872560805140721,0.6883325155461054,0.6623637561075292,0.7284383774144652,0.6657005053105536,0.6614616517604939,0.8812711707879977,0.8087038297337976,0.8305226364592646,0.8462602498136638,0.8671843991799978
106,1.1776057457738882,1.0342636732789932,1.0087859079439936,1.162211304644769,1.1367409188920148,0.7973569861281832,0.8280226331828735,0.7369119204835102,0.9245539488515887,0.7751277412288731,0.6685855678145574,0.5250849570703368,0.6010989301199231,0.6872129282752857,0.5612927838714645,0.49239874163389974,0.4641786224513098,0.5174980281173844,0.5598533622334827,0.5178476533834507,0.5356050142087705,0.576861810931862,0.5743863004402285,0.5697036015324344,0.5710011103518672,0.7607508823427154,0.7283187332324141,0.7460298842416888,0.6971371449180914,0.7104735269517788,0.8908390789173848,0.875644251001111,0.8175960952393069,0.9304911556558013,0.8855257457261244
107,1.0250300216817174,1.0684759071273247,0.983085441983673,0.9733233247094911,1.197792472343212,0.6992741233171441,0.8160498859938972,0.7177058356041963,0.8545403199706698,0.8337213251443042,0.5480643068406396,0.5680864030472577,0.6049385588578009,0.6540256955910899,0.5679485544826828,0.460294286099805,0.47094471182461684,0.585745359740106,0.5095256079821877,0.4971488936614654,0.48081352221005824,0.5894180787521959,0.6358851786549878,0.5223906759571542,0.5910878059832632,0.6293790954557296,0.7362225980598247,0.7423762124905336,0.6901936844631393,0.7408752004498204,0.7461723662824586,0.8504139494710999,0.8425249683704427,0.8099160087734392,0.8606651485267162
108,1.1987294475642754,1.0698201091071813,1.0713653723288261,1.0755367074007904,1.0885773585341527,0.8527616444689334,0.7821416394612941,0.7922527280200019,0.8896963215859657,0.7593512541879761,0.6655911512037198,0.5535689747441012,0.5661835413609744,0.7121352906927143,0.5514440555765849,0.4936187477324172,0.4744486071771721,0.528040810591286,0.5356118237877381,0.44493938313768916,0.5308871097303198,0.5828827883521831,0.5970917016594625,0.5718772119018654,0.5557437698170524,0.7590661935946027,0.6871110779234463,0.7385467373098615,0.7103608124003742,0.6749897943493083,0.855191158276603,0.8406375514389797,0.83866796776566,0.88485076105979,0.8713845042156223
109,1.1713075644411859,1.0804233250778048,0.9857104292578287,1.0936028622835714,1.1705328783163236,0.8053088676812443,0.8323290621161421,0.7276783967062573,0.941303591415491,0.8324351229645222,0.6526991793911711,0.6160177641981004,0.5816582374130482,0.6714732083449535,0.6284310766541404,0.5329008490899655,0.47563536294158026,0.5382700126762716,0.5497761373925085,0.5164364133919698,0.5310991325476704,0.6138977658401236,0.5934285522766293,0.5951066982024307,0.5873321434513326,0.7289386196933553,0.6652752421349339,0.6820787462993624,0.7578180793214601,0.7333099676787178,0.8407944629805564,0.8015963226947052,0.8156232080467434,0.9357855701279965,0.85931321703277
110,1.0675296181950156,1.0553680054729586,1.0495623041523348,1.0652890053753894,1.0586375564360329,0.775931368162476,0.8749914114394202,0.7666432912588511,0.8843285053016297,0.7888190743808806,0.610937556826743,0.6306497181909749,0.560074745961455,0.6677963184535519,0.5492429968637087,0.47346056235904854,0.5143969675532281,0.5198816064919449,0.5227795966433577,0.4573605125426,0.5284672601772481,0.6121483585659104,0.5774998071475335,0.5197651674414094,0.5384608389474932,0.7154582374274461,0.7034055080952858,0.7753449937567906,0.7028744193501806,0.6855637706426079,0.8616628114495417,0.8479404600556373,0.8453472674108017,0.851098271911904,0.8279982280064659
111,1.1629404123215261,1.0882593041499669,1.0955011888402078,1.1391466114268414,1.1024792993228312,0.7885289348489113,0.8468840888217459,0.8154432187651275,0.8940828687726655,0.8543752022523364,0.639560388056488,0.5329299967596017,0.6249420621073605,0.6305728896681901,0.5622889071607475,0.4670519773033609,0.4424409726991249,0.5201205187710244,0.5026303156483829,0.4989745132042559,0.5745931214919759,0.5652236976132293,0.5831869529958712,0.5562849503901599,0.578326212979869,0.7350527034928022,0.6436555665022068,0.7584625794410165,0.7024950944605032,0.6941385083206225,0.9020669496084941,0.8249150189005094,0.8744691376540614,0.7907373959279718,0.892952544229253
112,1.2516000269764587,1.0220036680986544,1.0726404440721808,1.0638738789259605,0.9769558357193515,0.8239965933262378,0.7890341214915177,0.842855483716366,0.8709874487693046,0.7735035557586283,0.6842592304147496,0.6030576699264152,0.5885053102310773,0.6298442839602568,0.5501226186234394,0.47617038769193276,0.4241186732459026,0.5132479533170934,0.5147111683435991,0.44382953320267504,0.6391952845701583,0.5696833898987494,0.5772097187743401,0.5455914381362641,0.539195984626009,0.699624735723445,0.6544389515816083,0.8227721110313313,0.7386673490283062,0.7239730252488796,0.8493542862430645,0.7882959120005353,0.8347585984922159,0.8183839181226057,0.7908652357900903
113,1.2272295784053928,1.139776454836759,0.9652786857997186,1.0555165018443213,1.0483046817945834,0.8521407908135554,0.8734829361981647,0.7614968483304181,0.8889112358974376,0.7849039950031034,0.6836432103750507,0.5799783470850572,0.5753652296204598,0.6515437546181777,0.5960429144337578,0.5283034993091774,0.47140005556884734,0.4858778657045728,0.5751922776312481,0.468419910325775,0.6489626998867029,0.5640329753533274,0.5574720416936685,0.5218709907461938,0.5447947674625817,0.781936944304309,0.6915014176999925,0.7057044493639337,0.754875180209181,0.6742400471632182,0.8966972245404667,0.756895114624636,0.7863977756303058,0.8749705261964271,0.8577952960010445
114,1.134760453245521,1.069390776314833,1.1604246522913106,1.1240984408242423,1.0815606346544693,0.8103084078162741,0.7957253559859754,0.8400239756575119,0.8888802424427735,0.7675627971490586,0.6174005368704983,0.5527219389441835,0.61967657827002,0.6819441191734926,0.5788516464137088,0.4680110355397349,0.44717103012561177,0.5491155530175466,0.5320185783251834,0.4556323531842055,0.5480919419323496,0.553720725112941,0.6559332247076626,0.6156839438097002,0.5309247458687288,0.7186278159521473,0.6576258164427233,0.8004244362665505,0.7345491180701477,0.6853179607656398,0.8214415701389468,0.7378690739348883,0.907268437825884,0.8814634255785039,0.8132391281188076
115,1.0602835880741441,0.9970762678855457,1.0336724292620088,1.0375448908615041,1.0487964768428637,0.7128035819275841,0.8411001829568538,0.7963943313350177,0.7850539491558911,0.8152806172302841,0.6029208408263036,0.5755880027422533,0.6033055869796928,0.6416535381391336,0.5771552367151486,0.47502377098922355,0.41565247952111084,0.5045700674317085,0.4942869969381136,0.49468976810337145,0.5164006453889327,0.5351002858934438,0.5693761084871419,0.500415163689105,0.5604703452805289,0.7075468672050512,0.6648605501480238,0.7870404681643649,0.6732836340267481,0.7238470313897742,0.7933559960121508,0.7550374020224221,0.8057718342210853,0.7413623249168659,0.8015161139879502
116,1.2127946179623676,1.1013228965907227,0.9303821621961927,1.1258230846588224,0.9915737147011894,0.8485242820417248,0.861767169649687,0.7510515050187685,0.8599736120100243,0.7560516037733549,0.6757844818853513,0.5939743973070746,0.5448288833416972,0.7186621097725032,0.574448467034351,0.5181949101025727,0.4407218354999109,0.5021029219352168,0.5607327843102426,0.47788668802901924,0.5886592557185117,0.5787544058482672,0.5851218486880841,0.5346834109093926,0.511352431508753,0.7746599343872883,0.6714052712298277,0.7731923886235288,0.7017234929237812,0.6414946560249924,0.8820979226298906,0.8383245074620118,0.7998899730141005,0.822171205471513,0.8232396038575163
117,1.108046799371999,1.0598531604749166,1.127997406526998,1.106251258945035,1.0200022589626383,0.790749174354257,0.9315505340690052,0.8433153228331842,0.869236757296215,0.8007551183020138,0.6436428594916391,0.5873743002417706,0.5945723955530268,0.7197321576136368,0.598812652435066,0.4425805175093297,0.46931641145926845,0.5419270506853234,0.5348120487957035,0.5422602948501125,0.6079297309540673,0.5954262167812483,0.5999510324949264,0.5248468599027603,0.5753279889073184,0.7034637748165824,0.6737480221857359,0.7393236015781572,0.6917935876204622,0.7459230222189452,0.8673407481752922,0.84407654308133,0.8141126788581108,0.8176442159359015,0.8502351204335439
118,1.2515687819669483,1.0548771164799855,1.0328750781038356,1.1116687773832976,1.1166342344086833,0.8226236007009056,0.8587447396340604,0.8451019476537642,0.8445330491949048,0.8582381378790628,0.702303424412239,0.5484599704377703,0.5621397591607642,0.6800426910782009,0.5489709690577973,0.44872804177849995,0.4518140529072856,0.49695813009618406,0.5626876188603642,0.46355384320422366,0.6057482807017228,0.5802756897179862,0.6145310816042456,0.5648563796326462,0.5129102490183765,0.7157311532817132,0.7535055686562486,0.7818696267755144,0.6957698880980874,0.6697899385146537,0.8714729469652409,0.8164382364847236,0.8813604807482895,0.8375137229077111,0.8764805911241558
119,1.2048648262522739,1.0642860599347446,1.1459818447765486,1.0670046300255747,0.9664890828497619,0.7542967220231118,0.7794548404019663,0.8300361415274108,0.8537912383065792,0.8122735315568674,0.6685513728578147,0.5977134450732788,0.5714747017396268,0.7098779605965615,0.5734596491383442,0.4494441613402958,0.4661141230484496,0.5396174805846397,0.5250559368027924,0.515820542379844,0.5394864094008625,0.5530447335320001,0.6377696014686591,0.5537317823187728,0.5394044812944799,0.7533161227518554,0.6714365034894624,0.7439034541023943,0.6906315218067716,0.659621828325571,0.8451856161447033,0.829668959041838,0.8658660700473819,0.7983080337239599,0.843202863869403
120,1.2754653081675897,1.0905860452084712,1.0136775012358732,1.0644403152839463,1.0729680679653832,0.8205596581982975,0.8926811097531665,0.7901272340170366,0.9247182123369799,0.824738107141079,0.6960140378404149,0.6006539441848634,0.5348840246755949,0.7157768013100357,0.5652417820280626,0.40789291029209185,0.46391904551241303,0.487393285376435,0.5394276209460419,0.48371217576162107,0.5991639381959921,0.6578756712511082,0.5937260488768941,0.5569101900503303,0.46375788302304577,0.7632491502348538,0.7684695933200438,0.7340180929913946,0.7579794055638844,0.7000092901177861,0.86160876048287,0.8115872570109459,0.8324091683117223,0.8731750803841332,0.849526353962746
121,1.174684160068989,1.1007274884948361,0.9851172346636246,1.0807083417278538,1.0635491477605994,0.7595784710439453,0.843344586985741,0.7936119966569736,0.836991100868165,0.8308893460817587,0.6006569524024143,0.5527988287494489,0.5681249110335407,0.719487634684282,0.5616270288755902,0.4600180366725892,0.47649176898918444,0.5828076841126975,0.5337868111275097,0.5219780645554679,0.5481863027230518,0.6009033691561338,0.6099477628888996,0.4737436354468955,0.554859526229437,0.6577657986116604,0.7438285875904511,0.7355805965240418,0.6983075912039491,0.7496688420122319,0.8236394546376639,0.8088311365723814,0.8383742009697046,0.828006737191944,0.8753939417480329
122,1.195438118256423,1.005806739101461,1.0280715070232809,1.0812485465390869,1.0029307327926866,0.8198703806013523,0.8379004347424892,0.8191901084844578,0.8257089085530118,0.8048185559948915,0.605769895158256,0.55444240607579,0.55159202182117,0.6764995550913012,0.5392803701343817,0.44244482806122865,0.42400483685701146,0.4773425510181529,0.48072138259421016,0.4678164710098896,0.5557525864953765,0.5819396007989837,0.5996618633795239,0.565435353658142,0.5437297479561614,0.7308875184111457,0.7184779633899875,0.7658384690939288,0.702391132144703,0.7112324571184238,0.7804533964738121,0.7942023264623277,0.8078764989298699,0.8574435956369972,0.7798378344643957
123,1.2547029587390175,1.0828181553203127,1.1224839896623817,1.0249916343179895,0.9546770048561662,0.7796072706666624,0.8073711323211417,0.805046242514782,0.8123889268378062,0.8211298336387144,0.6475603915817216,0.5587879970787519,0.5359504861653566,0.6314319590881896,0.5601201049324407,0.4478754890081783,0.4522671996228543,0.5743733460220777,0.5007109689309486,0.4666933532904583,0.6794731000516405,0.5909768507542629,0.5984080488259838,0.5515577877385129,0.5668166837059172,0.7790188825892436,0.6947506181737781,0.7806983997301526,0.6646946157121472,0.6755416842408506,0.8584685429055915,0.790791337700764,0.8357708306270456,0.7737703649053147,0.8483921445326219
124,1.1913472454237355,0.9432184994385593,1.0331914099067214,1.015151732089928,1.0442211940704134,0.7708090777497709,0.7873484254685401,0.7825478267547747,0.8284806060399488,0.766301329267373,0.6207354860942293,0.5335409403218969,0.584020568770208,0.6759665436842236,0.5192759650043519,0.44650378049527467,0.44665977059500017,0.49347730380388466,0.48469356168702943,0.4672450213709883,0.563123923782511,0.5649497846240694,0.5597350742441481,0.5070975569724857,0.531571296510613,0.7207721538712808,0.6743589734014193,0.7210812119068037,0.6917017187786874,0.6819463023721586,0.7937514817420729,0.7226557744691611,0.8047566349194584,0.82409379876497,0.7625342670870052
125,1.2448095207209362,1.0789372998932047,1.154587856549488,1.040612178640826,1.0622422873703288,0.8545912252659585,0.8494244706360006,0.8965251154114449,0.9058697672890001,0.839999346945659,0.6914717531461758,0.5576292820937566,0.6077228056183946,0.6659584983198228,0.6152569448548786,0.5523081101651994,0.49602684459100616,0.5579391069227084,0.5134292872895312,0.5025586706372179,0.6457456137142457,0.5973777511167501,0.6460117215892764,0.5440938626841612,0.5558866928500978,0.7301500179181786,0.7040246793015378,0.792863111295163,0.7149939721251127,0.7424741304835198,0.8049841640182732,0.8456723686215254,0.8986854539608001,0.8528149585389037,0.8423566509670812
126,1.1037990654783283,0.9695643100430024,1.0912042092253282,1.033114127378763,1.125752693217858,0.7881690237050006,0.84402114621755,0.8132801569145183,0.7842620858089835,0.8864431421156918,0.6156421335301541,0.551417837380022,0.6206161937995679,0.6222531071292083,0.6232506311693766,0.46322347939994135,0.475151469371219,0.5954968157810099,0.5067008984128418,0.5295758914754009,0.5878310199964849,0.5704861880753171,0.6275992860734905,0.537093016855714,0.617522254275708,0.7314594906167666,0.6887862753154922,0.7463450878479007,0.6926369552447117,0.774429732522193,0.8651156769665859,0.8325772259313651,0.8222040016995386,0.8499427460108999,0.896561274284272
127,1.1760039056014078,1.0490966771342678,1.0555080604526021,1.1381686682085586,1.0396376243972785,0.7789410220614947,0.9103651368770193,0.7371031194021934,0.8202546499892445,0.8566763701153701,0.5963933145983384,0.5078431906881558,0.5861132431421552,0.6830459049671894,0.6078844950811131,0.48385144738128216,0.4673145982037656,0.5262626186521858,0.5186293619251099,0.49676580877940935,0.6237096409150535,0.6094129910414823,0.5679376777518161,0.5705971397028933,0.5702134006012327,0.6758697636791021,0.7020297231450252,0.7272434238752568,0.7131073597732498,0.7523318278482889,0.820041449209672,0.8324608915254182,0.7986228449523689,0.8670678747647198,0.8736938866576547
128,1.1260479632383604,1.0487414019915975,1.0083917826739555,1.11074565259386,1.112766719373472,0.8219863617585615,0.861431561772932,0.7991590698751212,0.8967967711565525,0.8252856039746959,0.6140881158860817,0.5540833391442377,0.5796699628411173,0.6880465307701109,0.5567476767831637,0.5176356094513807,0.44684262096038596,0.5104431090539326,0.548697572462362,0.5370012848560923,0.5907939065203165,0.6097891147879743,0.6034306651147647,0.5446523195282562,0.5405934324376215,0.7315187943908467,0.6938221508454324,0.7030280389252693,0.7171942734347803,0.7074993558716596,0.6751054487320189,0.8472244417431118,0.8326497604739614,0.8687501296326687,0.836160769824932
129,1.1961781542533632,1.0564835554229435,0.970769460034006,1.0789595261966565,0.9965506933100374,0.8105074396503793,0.8013432266312391,0.703922839213549,0.7970211883364979,0.8415191295361506,0.6474667834036504,0.5297677211086473,0.5645033227044324,0.6147495590501881,0.529773461755997,0.5089552161684778,0.47834472674253964,0.5421581377541398,0.4979477119927713,0.541544011127624,0.638753734404064,0.5928266220112108,0.5645877388174152,0.5524810998519988,0.5384350188519442,0.7148741808583488,0.685661369888703,0.6722819699481648,0.7196074422616106,0.7014233426327061,0.7244737240855025,0.827841469388278,0.8309533677116734,0.8235162484397949,0.7969545864202427
130,1.2658449536656937,1.0851031441624848,0.9771311115685724,1.0415276487711198,1.008299035739176,0.8495370885982315,0.8613705924760454,0.768362005698394,0.8844702153881838,0.7837502403298576,0.6851267183517014,0.6021279537319584,0.5355462707899893,0.6688874810971495,0.5553512277949532,0.535574561835183,0.41898682196629505,0.5976710152700208,0.5459823864609294,0.504110488694979,0.6012547422425542,0.5993996025807669,0.587082070543471,0.5562558457331136,0.5564191040308447,0.7213058681211364,0.7153792528700704,0.7208633106417016,0.7635057956119277,0.6896094309416738,0.7321755736354185,0.8547112501756786,0.8243720295183985,0.9149763167245025,0.8151084230856915
131,1.2782471137895595,1.0060805785168898,0.9424338382758107,1.1053697285949695,1.108345859786118,0.8382138907254012,0.8446935651819071,0.6960821777533892,0.8331928291453383,0.8632114985577335,0.6367921620810542,0.5447560862027819,0.5637185667040777,0.7176071830665691,0.6029361830407607,0.5369159414732795,0.4563660490218845,0.485397671384489,0.5644092279498654,0.5135421116689979,0.6445599437070331,0.5633786691453104,0.5530772882803348,0.5352823878959073,0.5601051855765031,0.7354473663141157,0.6273918914495258,0.6972663395927918,0.7274400076086056,0.7877853740144698,0.7101224199296008,0.8091317841175454,0.7392778849610468,0.8525195897161421,0.8580249658931789
132,1.2341599506804686,1.0489617983901973,1.0567837548717023,1.0047527302564823,1.029156037485839,0.8731030574210501,0.8657715074141427,0.6825169452807107,0.8111134365455358,0.7867571157401039,0.6785224473063873,0.5733888211697216,0.5624622890582033,0.6997550277897806,0.5780394094163632,0.5596792999534792,0.4951154607961947,0.48466680746763935,0.5159553320715768,0.5076977579842861,0.6470534935703864,0.6062974182102299,0.6162311387981967,0.5351406771583687,0.5551559188119745,0.7513226934804202,0.7064593060682054,0.6922608016473923,0.7209161802942888,0.7314585651630912,0.7434985713273782,0.8724032421680136,0.8207711951374063,0.9068141989768197,0.8365965919249513
133,1.1193865669882639,1.0171179875452392,0.9551156784811168,0.9900863386780399,1.0183383678987625,0.7745657670135597,0.8434042260679872,0.7646820071637899,0.8385280657279948,0.7924651971924195,0.6517097066702344,0.5831591420903323,0.5578876055245663,0.630404956978799,0.5243020729647305,0.4767402792604181,0.44630533010730383,0.5769223464102184,0.5070957845020553,0.48086544448302404,0.5789710511110361,0.5720308342668547,0.6186434289733369,0.5501237952602361,0.5343265264812608,0.7069168207696899,0.6909555044625062,0.7148103866075273,0.7001577918711759,0.6615925348986542,0.7481271738984032,0.8147267130340166,0.7989783522446404,0.8641192191413889,0.7901014205883369
134,1.195620456347868,1.0609249842632784,1.012493587780599,1.0092566255106599,1.0311418396711325,0.8458652686760737,0.8165087085581315,0.746543708887168,0.8417260387720131,0.8373909964068216,0.6745088998707018,0.5772519163356915,0.5603784333662478,0.6547600428226384,0.599494684653051,0.48597432866546914,0.4967881906282313,0.48971535717711323,0.5238457771893476,0.504439370343166,0.6432037201521326,0.5662429116449539,0.5964004198829698,0.5157097775561035,0.5153325290431794,0.624064968713697,0.7041887641454184,0.7099403546599301,0.7045142170999952,0.7478394180278822,0.704791246433363,0.8643106910682745,0.8403129410302976,0.8034870265735807,0.8771018462000659
135,1.2264232297122377,0.9781438955880137,1.052565141540828,1.047092219229803,1.068242155635314,0.8536479774681216,0.7801842150353959,0.8044165039981588,0.7879808330102656,0.9194872972622211,0.695486372990575,0.4978703661875338,0.6096856024486976,0.6501248750758094,0.6421513099589125,0.5421199568052824,0.45753898808618165,0.5087153918811747,0.5593303261313998,0.5717439494809557,0.686651657225136,0.5554074120719563,0.6393756916264949,0.5740125049259731,0.5804543089037831,0.7035331611254587,0.6529216417541914,0.742813601479604,0.7014841337444968,0.7504071261586814,0.7368678522606478,0.8181304778959572,0.798000806164358,0.8225784230303561,0.8828394214839246
136,1.1874137610085866,0.9729836012128096,1.0068840835675175,1.043777875652192,0.9500175688234547,0.7785042473501467,0.8272197067617282,0.7297958951201948,0.8661143301742594,0.8034563959520187,0.6429656167221454,0.5529490370333119,0.6041194356287947,0.752751196717736,0.5390560287305135,0.477158577000944,0.46462634648327655,0.5471854937602942,0.5698068848910587,0.48941858307280717,0.6311495959409337,0.544527158944083,0.6519401964414888,0.554250887068322,0.4504625867662856,0.6904524567543247,0.6828650434763259,0.719142090480914,0.7350823468250129,0.694147953731389,0.7788904227544668,0.7667114032104362,0.7472004966820277,0.8291942667974226,0.7637395681979047
137,1.170125883490008,1.0889076144259806,1.0612050466995182,1.0402416835295738,0.9975301094445721,0.8480955907869514,0.8167932293087288,0.8036253122207349,0.7945633073576419,0.7869099760656939,0.6755435925273109,0.5434617305550177,0.5697632067592207,0.6859567385074863,0.5246859211759233,0.5222176297349377,0.4684318885291091,0.5803109717639092,0.5377902165814762,0.4674441566237828,0.6162074140218394,0.5924180337384133,0.6306271970242256,0.5235439653239485,0.5048470861168604,0.7136365348422924,0.7250765189250329,0.7556043045626208,0.722472561573999,0.7171175355450806,0.7458894276039878,0.845294504556714,0.7517510070413325,0.8715751310161015,0.8194860558275074
138,1.133292851857264,1.0058417398416073,1.079433584675893,1.0885785246033128,1.0398200585306518,0.835350505736096,0.8240201136611722,0.8097404614958874,0.7385020720843315,0.8000047533387488,0.6784156396727667,0.556865682300756,0.6028519458967372,0.6506507895305588,0.5456068534452803,0.5081531763400844,0.5086938352375461,0.5991671663635207,0.5160657296715491,0.48911267987687057,0.6504517389065829,0.5833524631218368,0.6594787002821563,0.5091568232292941,0.5317345478642176,0.6988886813656696,0.7398215259340277,0.7926342269586287,0.6928642993109899,0.7409291142177534,0.8806134665456196,0.8453462756425569,0.7795221233002785,0.7865952095910005,0.7897185816329735
139,1.24951449220942,1.0094513072465783,1.0753774685965363,1.0192142570286418,1.0035192222692908,0.802441027291266,0.8646604629711668,0.8024651299380197,0.8283377881121352,0.7594862243710568,0.6368358111138768,0.5979354488480431,0.5603802762983218,0.6651947587525928,0.540293598344324,0.5456978259537619,0.5050562505024775,0.5582513067190815,0.5563446928901383,0.45853491297887516,0.572953795512751,0.6205114749879614,0.6648961639562292,0.49910362845949086,0.5281548218157397,0.643711441419335,0.7117227744020242,0.7552694507176623,0.6667133398316423,0.6662956969764412,0.8128616649562005,0.8795722389634881,0.8766018143523711,0.8238074461131433,0.784643493548083
140,1.1739772363300531,0.9858414680421418,0.9702698453433412,1.0514665837504786,1.0848134019303481,0.7923267318268485,0.8021845670041703,0.7076216489229937,0.7488661883167163,0.8237920140383483,0.6165346830173515,0.5372208204127144,0.5856165886363796,0.6422454870400949,0.5688612170189429,0.5275242866153154,0.47494022668826674,0.5700234059783302,0.45127376656352985,0.5061300846444806,0.5976347422637686,0.5757692079901483,0.6637133380792615,0.5463790648869088,0.5659641284483905,0.626683163104615,0.6872631173740998,0.7496487338173748,0.6888745771276469,0.7533642824288462,0.7546659231981869,0.7789974465225523,0.7879747677192941,0.8375761875883457,0.7979533555036048
141,1.1962719971138251,1.057619636200977,1.065293698339445,1.0701944709751117,1.0202436797841383,0.8019080323568961,0.8512572226809609,0.7958075356962806,0.7046502625125792,0.786507035753195,0.6486597179449467,0.5614234349615951,0.6453868825839646,0.677086270312372,0.5186249139367884,0.5082909223382756,0.5315536349333569,0.5414117085301265,0.5038776516187348,0.481700404017517,0.609532517078748,0.6332828383405849,0.6305033199107986,0.5655767005826007,0.5080013175308737,0.6456374123599007,0.7065184094216165,0.765946273450478,0.6962054074870407,0.6915357338163819,0.7071248102902533,0.852763275782801,0.8869317734792712,0.8409924173755827,0.7907397850672395
142,1.1864911596237104,1.031804448400373,0.9642074115086785,1.0106010583672917,1.011208584457163,0.7565580085747228,0.8561419067928671,0.7478944985307907,0.6912483334012758,0.8193773178279771,0.6478142112325966,0.5971968179073356,0.5778924773655756,0.5783759308919822,0.623309887093646,0.5282273731024996,0.46424296475156834,0.48638252783758007,0.512359731215986,0.4832616774108628,0.5668320347835505,0.6129584697020434,0.6058432893444157,0.5499743348873907,0.5757044325180751,0.6645696315447568,0.7067889369465075,0.7292988403933376,0.620763365588415,0.7777714997884215,0.7577721907104306,0.7968675798350675,0.8358304872693527,0.826611137436783,0.8346581838303881
143,1.1904034221351574,1.1495127871449364,0.9967198167177972,1.0665759845615712,0.9671437304873332,0.8575430539320683,0.9225915414473642,0.7757381980975293,0.773085050226511,0.8016563413273288,0.6704157777752505,0.619280502735117,0.5884975646907751,0.6330762360202319,0.5099653650626174,0.5363238064317594,0.5355194701609063,0.5290091042559785,0.5287353723613055,0.4864314615695505,0.64156032347164,0.6416094745792773,0.6241812169810113,0.5444635387305012,0.508442807395225,0.7163282655513554,0.7713943480819557,0.7582059849373985,0.7010613728636899,0.7327570687389618,0.8396817933534001,0.8641991749489719,0.8502606769828935,0.7956333876867739,0.8405797695541619
144,1.1806485065126369,1.0070055897952592,0.9257849269615838,1.0886012216730436,1.0578792596224849,0.7987171866225397,0.8093243031815222,0.7447721098255597,0.7572776457424519,0.8530510728571425,0.6335409705815009,0.5656330471999793,0.5328736014631466,0.6872519762424243,0.5171038182511516,0.5131096423542225,0.49464168915172313,0.5125343797649604,0.5415201110671134,0.5112216712803657,0.5906556421739615,0.594875483835565,0.6373304685986854,0.5468183676416885,0.5128461029815348,0.6545856613326857,0.7191723030319941,0.6761147820979934,0.7074091262323245,0.7145755432410168,0.7903902569374543,0.8541212486461474,0.7928626560953349,0.8342977489579011,0.75748827186868
145,1.2499354360486303,0.9916486689166637,1.0323043287531164,1.0441684920260204,0.991484172248525,0.8869639587702887,0.8971102225993575,0.8038596501941572,0.7999670766412854,0.8370352273451183,0.6670722959769847,0.5377514471858469,0.5595739536218267,0.7132243474894469,0.5239702668272349,0.5586159490719467,0.5138869769402692,0.4898269777546722,0.5164837978968951,0.4969868040666158,0.6222733060604514,0.5891532499072076,0.637230627516354,0.552022176194952,0.5397050605488019,0.6456163615558927,0.7230437108603908,0.6947557012302246,0.7616480188423694,0.6793649055338462,0.8081422603998033,0.8429865264070152,0.8201576419495931,0.9136166653252058,0.7839964801947671
146,1.2054299229911842,1.0575576040460284,0.9805516906029995,1.050961624359309,1.12128051475907,0.8051485953401827,0.9203051689370965,0.7874819202690719,0.7706089299407843,0.8704042900354636,0.6700333695280256,0.5869646466718975,0.5824364872272807,0.6979832312413046,0.5952629158672936,0.5215802870259068,0.5316495014071626,0.5095931320692287,0.5572212940899226,0.5347841616119133,0.6271230241101814,0.6129597092545483,0.568894754750099,0.55735495225524,0.57401618498367,0.6674564561447953,0.7288319759955324,0.7664384675008958,0.7104437411432234,0.7355196080541988,0.7562577578818017,0.8486511493725756,0.8370572425173618,0.9126611957704416,0.8427831179990856
147,1.2005259927011085,1.0801308464792128,1.0967095016874904,1.1348979309701608,0.9647643840989898,0.8256103758609824,0.879979958931449,0.8670519089447942,0.7568131490105506,0.7928664401424561,0.6298981433311764,0.5763319758107042,0.6005839113906828,0.6855642110871174,0.5195955635437717,0.49487962258456036,0.5196272428481172,0.5384020722893719,0.5553313506755904,0.5097112858785259,0.6178958114887448,0.6182221053965323,0.6292053194561916,0.5462169911492836,0.538609110842812,0.7109996291649785,0.7460925567618573,0.7749755861688206,0.6798460430669293,0.7333111888559295,0.8615681525631971,0.8646175224974124,0.8234521615921673,0.9149387310223291,0.795718021275934
148,1.1956123074378098,0.9819312655996599,1.0404740782172446,1.0951467727132917,1.0408264163547785,0.8662054623098607,0.7993978596630076,0.8837809106598227,0.7830354220439109,0.8658524579430465,0.6525718656479842,0.5230302069699491,0.6205619266633788,0.7325800785828745,0.5170949758700782,0.5310231198771002,0.44778057834064244,0.5426004027533398,0.5743917722513087,0.4784862584253056,0.6148752609796592,0.5627714737658858,0.6271757050559906,0.5946796027668486,0.5268250225126062,0.7035653035490281,0.711245409000139,0.7102336938484621,0.7332788943603098,0.7285123023890873,0.8289286865768848,0.7637709857930872,0.8419983815280232,0.874515861262908,0.7988085004012861
149,1.2424211730774224,0.9736228513950613,1.0340889547504075,1.0068510468163792,1.1123432396818682,0.8372286592052673,0.788494955441164,0.8025795972491399,0.7532597140634366,0.8577414662092366,0.6322149989904415,0.5217379143389431,0.571744889248954,0.6616128143603219,0.5778996529458837,0.5401067213217345,0.44326992794213027,0.47398272200848596,0.5109027552560063,0.5201795523396046,0.619742653040918,0.5659957557722862,0.5872681339923396,0.5228257960935978,0.5375188162743654,0.7330891817098144,0.7371245300772276,0.7256306209998207,0.6598509522014113,0.7523692419396247,0.8629462242332079,0.7873356105689915,0.8367418025395877,0.8166723481899238,0.8200268120545484
150,1.148074460520012,1.0547866708586924,0.9650522094059852,1.1199686481543307,1.0210162330098982,0.8194593918421169,0.8075369038760336,0.823512728343007,0.7703488640726759,0.83555848122101,0.6086513162361893,0.5431699935914391,0.5756100642141826,0.6964899996755585,0.5647458169984332,0.5396377941566997,0.4290269005311084,0.5100656412365281,0.5518654991085837,0.46719680362484317,0.5682189045580831,0.5704265682847833,0.5989686401146422,0.5595318033821934,0.5378295194925169,0.6869032871983753,0.667776698389294,0.732326851326429,0.6915095246257928,0.7280051671714234,0.8076131971712369,0.7506783210985291,0.76998870327565,0.8516131614835514,0.7838082787190791
151,1.232282172192112,1.0747886976442151,1.1149705471196851,1.0495387441676838,1.0712909495549747,0.8042691962532498,0.9018195276915156,0.837339470419015,0.747901549274006,0.8931645149062877,0.6315281181795854,0.5380909882916449,0.5740074156643515,0.633137351918223,0.6006992040406032,0.5452711013149021,0.4904824657060464,0.5378247506171454,0.5156263954647138,0.5098909697706446,0.566561143347406,0.5888597245869263,0.6330564736381306,0.5376529477657401,0.5893783229586139,0.7158073590350037,0.7137030972663494,0.778007464616989,0.6539164494290431,0.7812259292325554,0.7823976920142542,0.8154518314999535,0.8392243415969369,0.811514707852399,0.8407389445764459
152,1.1648334111514917,1.0036590695603698,1.0295084709755216,1.1643924579206797,1.0951401797805764,0.8403121542758647,0.8231953235920795,0.7954236929395301,0.8520294657787164,0.8027375540807795,0.6308424050413524,0.5450429684000204,0.5394150731599071,0.721667520161926,0.5647540581247196,0.4793745106447883,0.5060425474725749,0.5122349714751493,0.5888041864765894,0.495183760754916,0.5811675383518955,0.5822434302320352,0.5969592162722748,0.6076062861389775,0.5615013868598111,0.7061367319373584,0.688457300045212,0.7380878258383858,0.757758013727755,0.7410148192447961,0.7931088119171391,0.7873958754362125,0.8233996340699927,0.9117354375517885,0.86592238245715
153,1.1206840932833484,1.0862465885497525,1.050546392112114,1.0613498458719128,1.0091435072416128,0.7996800615967272,0.814174254316249,0.768310006002868,0.806258102614313,0.838039488319605,0.570644005810999,0.519647791907401,0.521324493879203,0.735700095555236,0.5999854967014698,0.45855792397638484,0.5111852316715682,0.5556562961908802,0.571221828260086,0.5168763858871224,0.5581688488892719,0.5819865827778864,0.5901647032500363,0.5866443725962247,0.5289118663727855,0.757580613775102,0.7308252138259606,0.7407351782109524,0.7201689527618083,0.7360072942064713,0.88543130304549,0.8571906388585611,0.7681339788477834,0.8538565619974228,0.8394096359387733
154,1.186187354964038,0.9978121429029246,0.9801485743065967,1.0849137889240126,0.9226914474066187,0.8582360851537234,0.8874917075374742,0.7848981445932359,0.759669118745975,0.7821362175611455,0.6789778718686924,0.565181960852313,0.5863048169200011,0.5846008181503216,0.5576080225907429,0.5363291669294201,0.5107982496122241,0.496337276869621,0.4937764851994253,0.4641157597259655,0.6057502279814275,0.5794339224051634,0.564953559464147,0.5167768306209166,0.5104893809631357,0.7241737074097367,0.7242372914094619,0.7543368752827551,0.6280896066464765,0.6971034812343423,0.7907180009398505,0.8817625238927652,0.7771077013498162,0.7669627908901364,0.8315488558472273
155,1.171857637419524,1.0737406697007432,0.9959657204697238,0.9896371099331873,1.0422675631483393,0.8153970585075633,0.8649774793930183,0.8489629894546735,0.8029621610115432,0.809703676466891,0.6465575331132667,0.5605747570169112,0.5606898710388941,0.613672625938349,0.6189770182382268,0.5095479774452241,0.5103121768885748,0.50889149373933,0.559436366975929,0.5327828058245692,0.59464613113969,0.6129405547660021,0.5798487182560539,0.5730551994206086,0.5403712737506581,0.7043354110324551,0.6795498214695026,0.7384950854271434,0.7247113571618131,0.768544547340707,0.8186031413032764,0.8620932343661817,0.7780278290526136,0.7927770522929185,0.8496286550971441
156,1.1065387697059883,1.082918367981376,0.942392996190204,1.1047654334861523,0.9705517349836883,0.6720638409414971,0.8881640648852807,0.7341946297221437,0.7047956919794385,0.835986629614702,0.5847485435146749,0.5843034973475227,0.5304627803532287,0.6069101899719135,0.5616142846619434,0.4761106880350237,0.5059597723353643,0.4658661689772928,0.5087416393836144,0.5219815126143015,0.5572333649220996,0.613507316324431,0.5017584898229223,0.5545241747422062,0.519873955215241,0.6546039656547152,0.7928566708758622,0.6727461349013057,0.6687521027263608,0.7479307341591985,0.7962005658273572,0.8937674342750215,0.7684644528011841,0.8291925192959942,0.789956140329694
157,1.2362458143305661,1.1349489685208636,1.1661126062732414,1.0263208311142495,1.052387541568801,0.9109184523833929,0.8835194248334897,0.8791702209428727,0.7371729343327179,0.8516820742583753,0.6660725458608264,0.6098903596086094,0.57746030946629,0.6148244002100609,0.5924754890022399,0.5784332105407968,0.4921603805714935,0.5248738417888807,0.4330843990685383,0.47659874834794724,0.6131203644692614,0.6436156062642756,0.6065708542750197,0.5156860280037869,0.5575378252143076,0.7410637351147775,0.7223376623674546,0.7911014687854727,0.6363718750372983,0.732319345686263,0.8745913368725534,0.8780728411158512,0.8087717918912283,0.7752970948813238,0.7752652414414954
158,1.1320874732107002,1.0409938266697196,0.984120411331052,1.1144240358436839,1.052775034244967,0.8125463024825981,0.8873664390680986,0.7251058223470397,0.7717301880994819,0.8615774663306652,0.593463291149996,0.5188004725838282,0.592696681325487,0.6195650105202724,0.5825005972700341,0.455505435246059,0.4874374117494656,0.45843233276170603,0.5389042957753214,0.5125505861416226,0.5735027139537979,0.606067722192887,0.5826387107632158,0.5376850939212294,0.555266460568674,0.76231732010059,0.7609297275692256,0.7122717563415149,0.6591865719553758,0.7447377777184595,0.8521826914629957,0.8206214501768757,0.7063977080200534,0.8077000708727238,0.8271872151298861
159,1.2697689333974682,0.979670080207044,1.0401574836672782,1.1832377075372098,1.0972814617359545,0.8529887721980216,0.8623684513380948,0.7837488336612204,0.8252049916537978,0.8707432281301904,0.6521589355908146,0.5227706708571256,0.5943265281529672,0.756993172693837,0.6010985515119419,0.5482856702989312,0.4838264766447107,0.5545348988166185,0.5886486605249616,0.509842602558112,0.6215802163893992,0.5803887871279544,0.6248041676032248,0.5752448087918599,0.560795867451221,0.745587768851298,0.7717173462274194,0.7570398226855262,0.7425573348836518,0.7966564496907088,0.8463383127428102,0.7198161260572418,0.8489805582375277,0.8240176059445947,0.8444016109699304
160,1.2334003238038624,0.9728302171910407,1.0041012727209082,1.0981210596740016,1.0948012842158203,0.9280883700608031,0.7915718978548539,0.6616902401612117,0.8017876432335278,0.8617029818470351,0.6709607388600239,0.5904081451243623,0.5106742558916624,0.7101848774196442,0.6043833041182967,0.570034505535894,0.49282286008112297,0.42662427859476204,0.5894443763383996,0.4967409758886317,0.6090019099293805,0.5944292797529709,0.5456644516851088,0.5301815755279493,0.6075715938485143,0.7888964272201524,0.7486526131301894,0.653027075285208,0.7271930733938443,0.7333329952363281,0.8726362312496182,0.792191093014005,0.7277528400555472,0.7958586600996718,0.803475086854889
161,1.193877006827599,1.0917907002235565,0.9721659401117503,1.1902872203876353,1.0758368504379956,0.8273843891941512,0.8517324219599669,0.726183790084617,0.7813186197349996,0.848400247902276,0.5764620810622961,0.573263981667552,0.5578213577516021,0.7000017236055568,0.596932852351459,0.5159371124416001,0.4934982052947232,0.5922985469054489,0.5736351144741957,0.4599725544806188,0.5768570987090179,0.586158338542547,0.6230941834975354,0.5753024796967725,0.5775493769652076,0.7072899442927837,0.7632800138571822,0.719935985524938,0.7636861048544762,0.6914367455131644,0.7726032214057671,0.8580914327225063,0.8447503470014099,0.8373981923443815,0.8248335606870425
162,1.2262580937106824,1.1641011513018742,1.089323763780973,1.0999429363811706,1.060364506792995,0.8295220526612506,0.8565481549872875,0.8208808091261667,0.7951258512337775,0.882596710933225,0.6180489199568756,0.5776757723430722,0.6137652854100548,0.6188356077306494,0.5773285951355678,0.5113341300439604,0.5195875166304444,0.5481816137742948,0.5366340207516179,0.4582957713563984,0.58909126002447,0.6063493180884625,0.615920330730867,0.5155328137250854,0.5901629175027895,0.7057683801407371,0.6856207186851968,0.7722185258979675,0.7438864420310101,0.7325296486708985,0.7962256599316779,0.8533170585439456,0.86190963414897,0.7738697730805242,0.8312718270941224
163,1.2664767309143454,1.0798173941771219,1.057182016749941,1.101811227012969,1.0314881307536723,0.856455723231496,0.8888049261026576,0.8116623698001395,0.8061686356897646,0.8758607690046348,0.6513793910148795,0.606520691567574,0.6271659318422022,0.6761317727715654,0.5948228095796704,0.5173318226250679,0.5025679363782938,0.533993917178748,0.5851953602569457,0.47382422530873597,0.5802540304159705,0.5984933193694439,0.5631141650035527,0.5495854320631488,0.5570086932834106,0.740338993414361,0.7713307312801536,0.7582922864174666,0.7234736852526563,0.7364087292032435,0.8427578175569854,0.8999384215275453,0.808858459056518,0.8071156540827911,0.792250726795239
164,1.1249053211531572,1.1258882816200217,1.0851408498895663,1.1179539015189448,1.0261927318909412,0.8052098550811022,0.8359713443969955,0.8187068301305886,0.720954279387636,0.8598839054583274,0.6517907971740173,0.5763014493591208,0.5915550212871477,0.6798297786164667,0.5939599082332442,0.5091204832249281,0.5092116450205545,0.5444157431400757,0.5381679586867856,0.5183760991982368,0.5752136989891878,0.615339913838032,0.5732954370448503,0.5166071082858498,0.5687553216735437,0.7139083523740394,0.7186626832951963,0.6856660998460021,0.6641370928686794,0.7862124019071844,0.8358281001286019,0.8124785786573697,0.8394162754982312,0.7826797480970373,0.8292654474200479
165,1.0592988455697219,1.112576003001754,1.042570885281185,1.0546375161063168,1.0837807112467919,0.7583103346227296,0.8554958176932123,0.7821967316601006,0.797854940069986,0.8972447815949838,0.5509356716661489,0.574312600246974,0.5386039096148019,0.6656774240887637,0.6271903482945959,0.4467911805359373,0.508745368507508,0.5303099195337158,0.5590556813493153,0.5019885478202357,0.5191895517758898,0.6167124952076927,0.6118086029477785,0.524878787912919,0.563440426040366,0.6726534419935786,0.722882655564753,0.7124119769604577,0.7233912776148783,0.8036924385698181,0.8716902291523416,0.8013883649189593,0.862316726705109,0.8472508910325658,0.8472180843545578
166,1.1386607301552019,1.0549901300640736,1.034864042116078,1.1877423283451192,0.9955895622424259,0.7322323297502215,0.7652978343451431,0.7164941032680058,0.8182684987192326,0.7967997454696973,0.6107154351828401,0.6137127315408272,0.5830237652089438,0.7154088858679162,0.5686548697433818,0.4861722150899678,0.47874914423458925,0.5307612261352457,0.587240602531147,0.5378229951732496,0.5965495304272495,0.5982286696471664,0.584449462276831,0.523907419773683,0.527122655167759,0.6769038068358569,0.7678425230288755,0.7159910908580205,0.7465792774436043,0.7094061676153567,0.8406241774691753,0.8028439379428787,0.8249994363147655,0.8549897045209756,0.7706032685722979
167,1.0851148450844685,1.1514838487402372,1.0119535473237156,1.0949322872572294,1.026717663530334,0.750754069019767,0.8266439507508725,0.8043884556534071,0.7786534155844558,0.829890522830369,0.6155718738464677,0.5696030486391832,0.5815246156340003,0.6853374552655956,0.6014199737478484,0.5116131955435377,0.538389681319666,0.5204607771660712,0.5417600484902076,0.4954141476486948,0.5091679922317989,0.6140380739395828,0.5644076437721814,0.49451533168687045,0.5664879915715673,0.710771771992325,0.725774782599423,0.6845295245725449,0.6818070889946934,0.7454983709474396,0.7021391074569594,0.8376038122203566,0.8229635948037621,0.8102362112693144,0.7966293637837671
168,1.2821839328390638,1.0908818619197578,0.9791483053441015,1.168186684341023,1.0016814179922489,0.8707646411291048,0.8149434695333659,0.7954379270963514,0.7815339661579773,0.854757523355317,0.6608145294649733,0.5589532506206942,0.5653682501871216,0.6607395872521504,0.5810683194666728,0.5889440360405964,0.5088997921023988,0.5558556472203668,0.5274245161075248,0.5232322193682323,0.658300072373665,0.5886400058176221,0.5672796381384939,0.5395444449269436,0.550572204712491,0.7621415167846359,0.6626749557425937,0.7458779575231692,0.6657085611964899,0.7389816999236543,0.8273391329679496,0.827857659474847,0.8453794776331613,0.8841643650031734,0.8242843878761763
169,1.1932252649886073,1.0459197866094025,1.0927107064182247,1.2093775990099742,1.1096208624951551,0.8365141730669323,0.8028744468726295,0.8577659131380951,0.7977320340492347,0.8632307340778941,0.6176664977803785,0.5254283960355326,0.5765813447241894,0.6113205789002485,0.5987861869075954,0.46080022231509093,0.5287394353253949,0.5509456304966707,0.5252291526570829,0.5142833640078511,0.5993902369213904,0.6162637042996191,0.5420900224437519,0.541639367286056,0.5724658558881722,0.613075360311134,0.7611420451343389,0.7681364609260868,0.7146223047175482,0.7845019732650236,0.8905834736143758,0.8073519057302484,0.832162641243481,0.8727504355925043,0.8572234681208083
170,1.1666796136403792,1.066005092750731,1.0548096989879303,1.04859184722909,1.0619104701566857,0.8879567476313956,0.8162677523997526,0.8269029588277936,0.7234681252824259,0.8577992533645535,0.6605639750830451,0.5424715973609324,0.5554404047068064,0.6493337157343955,0.5617422876417288,0.5041227768751848,0.4722908563670689,0.5326456404710599,0.4802697284249926,0.49728759805445105,0.5642714259592645,0.5454951384860978,0.5654950880063816,0.511301313015754,0.5759772754189031,0.6596176479013436,0.6505725142359091,0.691190505079705,0.6878411522311534,0.6883024083160321,0.8715169164842165,0.8457076304684119,0.8272924980147638,0.7491485712203295,0.854139637259916
171,1.305878134162244,1.0324345879955463,0.9961489468376725,1.0479381448520182,1.0273333023392641,0.8374197906601308,0.7546653877870186,0.760898191586574,0.69895630108265,0.8245091571731984,0.6280020899642793,0.5401317936982359,0.602000665098343,0.5508185546561633,0.6059111247238009,0.5631215848563116,0.48438832083020567,0.5366073496058992,0.47686071717012113,0.48224677451486053,0.5882306575704197,0.5521111842373532,0.5707275070914677,0.4949296079381284,0.515337904551737,0.6716707302538207,0.7125707204876119,0.7241590189276218,0.6777091534991955,0.7624934449484471,0.7931994509876215,0.8265333654478404,0.8248073726720675,0.7281898870428976,0.8325649236231814
172,1.157971093767701,1.1674385893111066,1.0276079489037362,1.0737548162551964,1.0526518278160457,0.7813236610532869,0.8276354842606686,0.8480459114094618,0.7680132395883942,0.8888704453332543,0.6206729067198447,0.5569532688920221,0.588848702142736,0.5269612934853993,0.5834187514061916,0.5424673623487619,0.5180729098634678,0.5874152636860461,0.49309912826897284,0.5189555019974768,0.5809165572881569,0.6542870149872345,0.5500265596812786,0.5283580907222978,0.5406337112297297,0.6776676425388148,0.7893187043549563,0.765800442987112,0.7441504648349081,0.7797293586845783,0.8270634460761844,0.8841203062975185,0.838904823091718,0.7808854618731534,0.8702134987578284
173,1.25195529419176,1.2053275132626318,1.0261893296185622,1.0038285524240222,1.0614556823826793,0.8538680774032609,0.8918493397962068,0.8065722237845468,0.7103271790152705,0.8008006744276048,0.6950543156457814,0.5696655697819192,0.5589055824425025,0.6147628403256411,0.621514488384827,0.568960164691259,0.5607316593965428,0.5645029472883274,0.48258660614095683,0.4997347312905246,0.6233087093433864,0.6701414201367641,0.5888087025095251,0.4988419349111636,0.5976241467267861,0.7662192777799817,0.8223060771941386,0.7507343250811149,0.6579828357430384,0.7449763985615467,0.7854637204983703,0.8571075320791005,0.8417803250825617,0.7712682874639816,0.839864549419895
174,1.1590247079317035,1.0573135531533402,1.0287085973942092,1.104141633303363,1.02178504440359,0.7991425764051556,0.762128570511029,0.7989335142089881,0.7933665237101833,0.8626542118477816,0.6424162594907035,0.5854139039799819,0.6072808898114144,0.6264757340287989,0.602474361673808,0.49902325962388805,0.4652144618312134,0.5451855043514637,0.47420767210790593,0.4992143812207375,0.5933497313014544,0.6132990459862722,0.5544246455184121,0.5235932164576592,0.5647097642439932,0.6825579991785171,0.6971442527259731,0.7693078009128431,0.7391274147930099,0.7635702022193124,0.8034457043150319,0.7730830093874177,0.9390069331703486,0.8323837692547724,0.8442808498090959
175,1.152047868242367,1.0985093739446647,0.9663691031403443,1.2058539449937973,1.1245582221735142,0.8169817518628655,0.8337162566132101,0.8254290561253611,0.8125973218569815,0.8755561368784481,0.6369594726451804,0.5773770533092828,0.5904760663495717,0.6885279355916034,0.6274359363106652,0.5468520535377006,0.5368186453323431,0.6135440087219493,0.5263203676154623,0.4516318519556167,0.5901512410763249,0.6115372242845626,0.5506525903685113,0.5719102042545088,0.5970024668968335,0.6691524698121284,0.7479456581442301,0.7919042281634884,0.7362844788298226,0.7901107972191005,0.8360652885784015,0.9145142719070515,0.8853063985422466,0.8333589034668996,0.8325931349943068
176,1.1734334406186897,1.0069710004771983,0.9805855929995007,1.0694370858223903,1.047838881644821,0.8522807646554817,0.8069842856112392,0.7913949072447549,0.7728704925091813,0.8694158954116054,0.6634026563718692,0.5570432360788746,0.5680263770040308,0.6836636505003115,0.6147985365653805,0.5412972944460437,0.46905313464833687,0.5404214297279566,0.526953510411983,0.518042405476053,0.5631101080733332,0.637739535161532,0.5361514628770132,0.5100750347646306,0.5325547876384596,0.6983169695786445,0.7538187996573864,0.7360986282070474,0.7029999655952479,0.7811211091074278,0.7866354944585642,0.8679018195374313,0.8961748248521438,0.8447662930673272,0.8129983976259257
177,1.1682020282802459,1.035390221837552,0.9992809279317248,1.1395340392679127,1.14098029954999,0.8148185719479193,0.783420679156777,0.8106026555665422,0.773898009574705,0.9580630154232679,0.6209734802238362,0.5326614369562215,0.5937895573960803,0.7018290938147176,0.6085918979206025,0.5513610379759091,0.5024221403387037,0.5533924404051045,0.443369403703131,0.5368937717752218,0.5920554976694192,0.5973030409267018,0.5662782096381904,0.5093955551912219,0.5118061669695664,0.668198933614095,0.7190426281242033,0.777294850966247,0.7227658851942197,0.8118239791175583,0.7968457793931623,0.8337591753871956,0.8631717237620157,0.8821673182090881,0.8721254981516418
178,1.241518141513792,1.1259021037617036,0.9407234132888522,1.0398754881798682,1.0658885823097726,0.8119437515509702,0.8187959419025224,0.7171998998692591,0.7098192352212157,0.8427645959066237,0.6247242313105779,0.5630884343941875,0.5576814329215234,0.7250256369969258,0.579527904451559,0.5706453286052879,0.5103266205370294,0.56533570358686,0.5015303264812333,0.46682450229023625,0.6402640454374744,0.6140912247462862,0.5692679403423098,0.5347036321945409,0.5149072851236243,0.7103950046462901,0.7437108536883866,0.701954643912967,0.6944176986507364,0.7717336698311666,0.8196793959603088,0.8362608783825544,0.787828102372243,0.793868613583609,0.8221543536455205
179,1.135677396355676,1.1282015447396623,1.0165744395837475,1.1423108729798321,1.057289909155826,0.7269310785145179,0.8003003027907951,0.8082429933837694,0.7442036478697001,0.8897122964283078,0.5747066875071969,0.5971911906147839,0.567245680236812,0.6681322133176163,0.5794310368751887,0.5222367655442383,0.4864448340891556,0.5474506073965174,0.5424029890586015,0.47374135217885943,0.5486089128861784,0.6200954952773957,0.5755111455950446,0.5370677423283108,0.5169698120759122,0.6289168698505341,0.7209256933392367,0.6844752939284333,0.7281080561859018,0.7445117032129741,0.6595019965508533,0.8187514132233669,0.8454932917043214,0.8000749414095816,0.7989130576110343
180,1.1412715819454524,1.0377886995660837,0.9931044775837155,1.1101339571820001,1.0248156390716572,0.7913283250614986,0.7609801713450187,0.7949140417742808,0.7269863823382103,0.8527267291889786,0.6210214281996538,0.5029921576131277,0.5554173995969706,0.6190732850081948,0.5920984090543295,0.4891385030534514,0.47295606830680414,0.5860106313014701,0.5059689389210432,0.5110679148170463,0.5774607505011069,0.5379102286346278,0.5279705634697497,0.5393120269075726,0.5285268812816604,0.6399055588364302,0.712267351906817,0.731664488189975,0.7061236845547609,0.786467264827087,0.7190532045840521,0.7843815473084307,0.8669880014209005,0.8532492512403087,0.8440307503854758
181,1.2883110380346903,1.13936662699138,0.9899731796137562,1.1735383955581011,1.103773685881016,0.8088744588679475,0.7821764527612969,0.7703969767956279,0.7117418912285187,0.8342007074836602,0.6626199901939736,0.5876857058040077,0.5582958653418099,0.6638777884268854,0.5905927177994036,0.5473051532734567,0.4810385391622493,0.5204861608741747,0.5240406795518383,0.5011806792125244,0.6322289068947411,0.6042328963941546,0.49469001566558674,0.5935088738917916,0.5195430089989729,0.7099716925595112,0.7340574636385998,0.7129210118473017,0.7298488608894507,0.8180711661597024,0.7238510820164596,0.8472828857384248,0.8300295019305103,0.8694637775972175,0.8793473236613816
182,1.1612553079448404,1.1363415163697577,1.0843161201062133,1.1475911685897515,1.028673482418691,0.7563400509490206,0.8003957255890493,0.8270340773322242,0.8227562596281623,0.815558943300785,0.6089290320993104,0.6237429773819335,0.6056781862039732,0.6743765751991492,0.5282999651483469,0.5226562152491049,0.4890433035771019,0.5808639706305576,0.5213024781662093,0.4761002475990646,0.5708591652967695,0.6584417473315984,0.5407807439188344,0.5795884353879137,0.5068928860561911,0.6612125756088665,0.7890468267379549,0.7545584035627957,0.7414060881184821,0.7644227666718089,0.7095884589122612,0.8200368008997128,0.9013679156673896,0.8213673337711995,0.8213055380431065
183,1.2234693769000384,1.0671920774040702,0.9363113984524403,1.1280035801590556,1.0446708906121889,0.7859644241116232,0.776234338059384,0.6755628427237355,0.7284397779585351,0.8535484605664274,0.6016216764882921,0.5901888200282783,0.527033029176664,0.5764836773104947,0.5550269321757173,0.5442504742288548,0.5370951335416863,0.5034226489469301,0.5190075483526253,0.4753397347597061,0.5589662789417065,0.5823603738135219,0.48572099006752123,0.5719950617557887,0.5462476776909322,0.6800500785958368,0.7274657809057741,0.6521962177785398,0.7291738793531276,0.7759088253741283,0.7117121536056308,0.7882188968807317,0.8178877724592464,0.823508162581939,0.8225555494717149
184,1.200186783785306,1.0361820380790139,1.0655206334286618,1.1458182237667425,1.0452726839728081,0.8594219141848881,0.7639954978682787,0.8277125609986201,0.7169209139183015,0.8292406623751094,0.6502663210472005,0.5556262228387507,0.5136199132274462,0.6032939250007133,0.543067891168572,0.5499794456709184,0.4755565875800677,0.5776936613560242,0.5477268536090645,0.46303568584655846,0.5715778406972286,0.5874061619213473,0.589492353118744,0.542449186366536,0.5176291882683967,0.6800457400590468,0.7002016866569505,0.7601957773956265,0.7052522162750126,0.7240982815863959,0.8061032484591526,0.7412560507342506,0.8972237643798253,0.8513244950980714,0.7806904944434784
185,1.1535522418193702,1.104031317845339,0.9270968634641972,1.1089025502275904,0.9926016704714438,0.8492263192134808,0.8180622653331168,0.7765157203046194,0.7687585525935601,0.7952779224992906,0.6270798809144499,0.6090889291157305,0.5254280700575407,0.562756928124289,0.5632937898167196,0.5206753704244476,0.5237943527870264,0.46867732436853893,0.5255586580564995,0.47734240678139206,0.6057937783848844,0.6937956832814931,0.581569317088819,0.5367230453942948,0.5079237819436662,0.6969376290578614,0.7954408472688491,0.7177743668910166,0.6777585511313193,0.7241747840453121,0.8280826710292954,0.8330498189005153,0.8153714945604229,0.8638866278271864,0.7517016420417912
186,1.1532673910471825,1.1344884685418664,0.9842918354095197,1.1078108287846504,1.1337201684932046,0.7616392059666814,0.762177629474609,0.777348577075696,0.7257206235110427,0.8684428958290478,0.5776106464415383,0.5812888540197563,0.523770269632897,0.529481780921695,0.625620151464132,0.47056291495389807,0.500578990491915,0.5370455977986195,0.47742858091269846,0.5226781059196975,0.5719683719283342,0.6419997174094676,0.5827395434761489,0.45231186107786747,0.5311549550945923,0.606660024997135,0.795688518094587,0.617363857576785,0.667751566765723,0.7941027650709794,0.7514794051387264,0.8276053259026259,0.7917514644203503,0.8437178950466642,0.8532417295698863
187,1.2237371059361508,1.1469420753775479,1.0123087713885388,1.100781623944814,1.0643629928691252,0.8239995386217808,0.705125590816536,0.7667261236603622,0.774714030803505,0.8361644052832914,0.6399997160672297,0.592694298968502,0.5414703576141169,0.6092874908821553,0.6166446273155514,0.5564982646072242,0.5423054752217861,0.5379913596998548,0.506762595656638,0.5299936332114265,0.6321166217350915,0.6534293731606264,0.5665728727733264,0.5249319212270317,0.5592007775530874,0.7135955954488733,0.7845315411043069,0.6986183573127801,0.7474343878828038,0.7634086093810937,0.8466607333541387,0.864144830817016,0.8942659998613861,0.8342259471229267,0.7973991521499233
188,1.090213928370087,1.1159874985114566,0.9821871844852021,1.104592509011281,1.093062848312686,0.8403908624688312,0.800219847834797,0.7732754420918235,0.7856073498754172,0.8633720185188029,0.6304952138090534,0.5573050534405765,0.5683645663609989,0.646038315109154,0.6271763345228039,0.504808270694233,0.4636647343498357,0.5256721335697824,0.5232923595118064,0.5645116039755902,0.6282405491915413,0.6229794581193369,0.6256103726265088,0.5187387532925468,0.5370388335992643,0.6533786435246424,0.7479463132316866,0.7814552115804785,0.7039340384000203,0.766802304168325,0.8071520818900189,0.7944076046736597,0.8581454967276844,0.7989831855384513,0.7514636642212758
189,1.2008577022941795,1.125170151191221,0.8883290363806613,1.1184941057304771,1.1453045165205578,0.8853923220679618,0.7700959571720392,0.7287405310658801,0.7751931939664023,0.8534328318635833,0.671574885545297,0.6308962047912332,0.5452561145032804,0.652753453326998,0.6017088349982804,0.49598309750527536,0.5022394883280743,0.5339829449941879,0.5436606262874495,0.5047448876244804,0.5830175088125003,0.6198368953638104,0.5275356768527142,0.5723668656203915,0.5794604386738575,0.7370329726188087,0.763444170987372,0.678628171569309,0.7319611720877199,0.7380079684231957,0.8190411606297815,0.8266022600989344,0.7872216277613534,0.8030343868148602,0.8078919512214158
190,1.1284361267996312,0.9912545205878324,0.9982998793450737,1.241591957975494,1.0582309434280195,0.7537673012052828,0.7162266619982316,0.7341410858831501,0.8577797503225482,0.8330434838461964,0.5886047392553309,0.5159117118972839,0.5564564920296269,0.6090392006864531,0.6049112577340534,0.5210230700825239,0.4657965929989143,0.4542088066302631,0.5687082220619104,0.5051720404216136,0.5955477201492441,0.6128213167154378,0.5813230108579728,0.56733507376599,0.5811113966829196,0.7060428335626003,0.7474635319478284,0.670937913355079,0.7607006734540912,0.776824288099945,0.7874968837440381,0.7643656027158192,0.877456923521391,0.8689045340419888,0.8354073782717562
191,1.0464830788176767,1.0733602331437775,1.0505511151107543,1.1710867875031674,1.0604818618553893,0.8296509984536086,0.7530621183925278,0.8174749764852791,0.778445690521153,0.8242042891279169,0.5869259073314608,0.5324433265863657,0.6210381394092,0.6189952625808521,0.5305042253241462,0.46024946076984297,0.4813102363406414,0.5140755150092937,0.5343411190256311,0.4882873765447864,0.5689059194471093,0.6352404953330818,0.6080104761700302,0.5055583912529187,0.5184496159010694,0.6553134474583489,0.7128828551307165,0.7660176063263509,0.6976921825957617,0.7125157428542613,0.7223765546992091,0.8251651248440772,0.8744409866594466,0.7905872244573171,0.7979566461697121
192,1.1708519566599613,1.077105972605988,1.025386867991898,1.2020901242072943,1.0718345326539271,0.7960855087890009,0.8403817026316174,0.7666813567784324,0.8119764148349986,0.7673430013016762,0.6480651201781839,0.5887136752031326,0.5828178904607937,0.6671839475040482,0.5422197756660119,0.47616602959880905,0.536692715099249,0.4989123401806196,0.5906466532481054,0.5327880785478482,0.6160503526447341,0.6609599299349744,0.530484037857186,0.587122111608215,0.5552521948310855,0.7053122020724709,0.7763042946236093,0.7045198630531864,0.7050335774445373,0.7327214007900007,0.7981645996312521,0.8306067188038668,0.8405557796032066,0.8073830383949115,0.8079174073050149
193,1.1792167362112502,1.1365634573592125,1.0198418147969965,1.0693088281690966,1.047956896079263,0.8273836817839496,0.772677981279272,0.7527387007843793,0.7606584987596434,0.8643821540208967,0.6629164325087605,0.5567873188979438,0.5736615611172131,0.644962309224975,0.6025421092769309,0.5472572371130717,0.5095711655748615,0.546998707474617,0.4961484300691298,0.5607702812285371,0.603434749513943,0.6343699701348393,0.5740996046352602,0.547539713408931,0.5746568680823192,0.7331396160476762,0.7782210427207528,0.7303051302177527,0.6770414412056261,0.8019012884924244,0.874523895543485,0.7982516003225737,0.8562202630728222,0.7906565616303673,0.8455947065239137
194,1.078970730848432,1.0263412063042023,0.9665964424507069,1.0682042086798986,1.0847706494604874,0.8302472349209054,0.7284885688899808,0.7414236869435565,0.7690764956822629,0.7563029224911682,0.6341310042045556,0.6062998389977075,0.5339112863369295,0.6769435882496067,0.5683577262381367,0.531745371484126,0.47922568478322375,0.527532075543078,0.4612014495841924,0.5347645990485381,0.6044994387641571,0.5945165726095232,0.5616411502919947,0.5518993972260944,0.5744093438507356,0.7151791469737228,0.7375400685147812,0.7052079674071168,0.6489248031590641,0.729634679324725,0.8093702035898602,0.8131796654822114,0.8849103235331626,0.7753327712670129,0.8229447546605166
195,1.2242372953325376,1.127713373862317,0.9581595197383277,1.190461541312133,1.0903648001125223,0.7778295294733901,0.7568674406435202,0.7602385847552356,0.7924899057411874,0.8735764871309504,0.6434436119940689,0.535796864329287,0.5573941358594938,0.6601998667897027,0.5986222693934606,0.5371105142514657,0.45848255765992957,0.5295591109277513,0.44162912226599915,0.5628373267775721,0.6124424063604893,0.6092018862324569,0.5514429923802893,0.5220760225977616,0.6021335715475262,0.7201419425493748,0.7198710654017872,0.7314500659320442,0.6814547438310226,0.8251584504258266,0.8772892184459145,0.836181294367718,0.8609654449730478,0.8243091593408202,0.8809904659152965
196,1.1359105849301347,1.1029112892467985,0.878398436269659,1.1623191774633956,1.0938829224937126,0.838223360036931,0.7612817948783903,0.7691844543372062,0.7835419401679297,0.8684896329405861,0.632694522777749,0.49194270243455956,0.5619206592696973,0.6326997846881918,0.6412388467249197,0.5238253724593898,0.46878143872351274,0.5486245524753468,0.5305780910263562,0.5311480308166707,0.6375913372105698,0.6137270574454128,0.4851980417803058,0.5335144021399928,0.5841175907518873,0.7212534329348975,0.7374082409023002,0.7392104783810689,0.6664013731888698,0.7686256163829471,0.8502598393488643,0.8237370458923985,0.841944639986145,0.8069964087515642,0.8858029620086276
197,1.1696938396322993,1.1471019185018445,0.9310035567174185,1.1200498355201818,1.1277861254537465,0.7953990289191208,0.8295593327665567,0.7773319731460534,0.7871996473806782,0.8364921646364034,0.6207066730891991,0.6144612404172762,0.5814379394969014,0.6412138334284818,0.6108947126006339,0.48858089660620435,0.5361747016149496,0.5543379980190141,0.5378039493294438,0.5474961437983623,0.6289444076801775,0.6394737308855909,0.5540506939071881,0.5234804170947578,0.5978903073679109,0.6361565446310127,0.7270814425024779,0.7149646531875093,0.7078452307822096,0.7666144018292016,0.7738301429977117,0.8580563093653117,0.9079253307110198,0.7767501816094621,0.856858342440328
198,1.2432647211900378,1.141184182402546,0.9254377769043012,1.0989135016804668,1.0637577181598998,0.8553755477596323,0.752242361725207,0.743183335554153,0.7605733194644655,0.8538538691837059,0.5704840730783373,0.5187657961101682,0.5634885558870273,0.6641637450728868,0.5735042594327571,0.5935567597747613,0.5277821324284052,0.5151250277832741,0.5391148148708242,0.5056222506757975,0.6222615771504725,0.629222532635706,0.5408470348533819,0.5225101127632463,0.5260807067574695,0.7449727605167518,0.7725059524927913,0.7119791631066918,0.6974547863005325,0.7146312886959956,0.8767841482251186,0.7978093561970715,0.8320985030103801,0.7725493305857289,0.796962828041769
199,1.2019720170178525,1.044315974018458,1.048017295447725,1.0815303619032601,1.045446290596049,0.8286438974713228,0.7378538611519618,0.8355240481861157,0.8255902815288598,0.8643397430901756,0.6057445155121981,0.5819678134253059,0.5983276261937518,0.6841766576282737,0.6276336679777359,0.5320470605261964,0.4699167946727974,0.5159557652899478,0.542070184428131,0.5757805112495102,0.6355925701466439,0.5915727770600053,0.578976720183229,0.5769366967550846,0.5544316615350421,0.7095562896604949,0.7245806733801363,0.7537492576443146,0.6773878330961884,0.758029596014699,0.8047490169595835,0.7746273818755914,0.8707241383953148,0.7953011266896398,0.8258651655280802
200,1.2393823341995964,1.135081975658806,1.0490637768749358,1.125537741812081,1.0248117563906802,0.8319828212001329,0.7790859311629618,0.8471629019506094,0.8049420532034621,0.8771484039446269,0.6340089865126131,0.6213867347071869,0.6102277396427106,0.6447362099418696,0.571532075415377,0.5346605841746577,0.49066032124699327,0.6035554266284826,0.49366602650571084,0.5693137022625162,0.6792000758746137,0.6418885383939071,0.5752910628911401,0.5716026570045641,0.5763220090151013,0.7038634551753886,0.7664632535417846,0.7236786060259017,0.6661401374304302,0.8272452447932033,0.7831698833267002,0.8569584017831595,0.8512698589130989,0.8075144493533013,0.7931518214961415
201,1.0653420319557805,1.1832928351307141,1.026366266571343,1.1904118692915744,0.997565675209559,0.7233540842774673,0.7621859751463071,0.8392781702104981,0.8328434921015603,0.7992555515617026,0.5437405011666921,0.5731488753260638,0.5538815066248247,0.7138910818332836,0.6105664496616746,0.49793191656843855,0.5216189881029764,0.5642094407022058,0.5573598266315402,0.5184605365046198,0.5898960972818128,0.6255280227864716,0.6171714089569069,0.535002405668217,0.5859850311638684,0.6276668991551781,0.752213215759054,0.7515108352244203,0.6742180483483841,0.7747324905774915,0.7714519053246143,0.8376829564265962,0.9004813666782345,0.8417727519517545,0.8413044051054631
202,1.17864119804842,1.1475302103030294,1.013540934718035,1.1206773065111884,1.0355583804000053,0.8410972781884971,0.7906428986034767,0.8788777512213928,0.8090685534512183,0.7630343618215873,0.5938299359992457,0.6034971084090526,0.5934325516307324,0.6394217252727001,0.5510378167095655,0.5233180333883406,0.5353116608689048,0.6126823846021574,0.5326786464455326,0.5090327468065942,0.6267248388218559,0.6111823830212582,0.5784696416219606,0.5879505463104417,0.5236870725403331,0.7591429747754184,0.8019826259884384,0.7232995160649462,0.7284188098179649,0.7246993852476964,0.7783426264849419,0.8430468953742258,0.8704289646754151,0.8077829850717493,0.7816978107126323
203,1.1795334714706758,1.195188674175995,0.9609808176492032,1.1139539272998324,1.0687445003583462,0.8271612261247578,0.7844646409675244,0.7805866312121226,0.7255073610662601,0.7545464955042929,0.6078197627792683,0.6255708365206976,0.5763603068824371,0.6034675453593625,0.5978143020803903,0.5197701326772601,0.5407179672570968,0.5163653063363502,0.5275310737037698,0.4875429984992964,0.6158329905341576,0.6652607198747058,0.5361196444610383,0.5075328856108636,0.5710916440541343,0.6352498087955682,0.7945247344334229,0.6706729244160745,0.6575098073810508,0.7280738118995908,0.7155047225347091,0.8832165936250189,0.8605722019046582,0.7408147369217555,0.7991912833299197
204,1.228839710480715,1.026603023327184,1.0436438933029244,1.1620355332256942,0.9604068763900837,0.8768977387512149,0.7505891931606141,0.8335632186127807,0.8526973396833358,0.7786874544928339,0.6777858799882737,0.5296138602721373,0.5818474058643431,0.6048936549232862,0.5418440723854251,0.5314882378144105,0.49220115259255326,0.555690655011893,0.5024042303246667,0.5060720065284027,0.625806763444894,0.592557017034594,0.6080347096335756,0.5412156987072618,0.5250622356608302,0.7277166345131643,0.7386943202675069,0.7078277849383017,0.71618525995066,0.7297933647524544,0.8439302475745588,0.8057852077642904,0.8725472591831804,0.7748213036801832,0.785248384705491
205,1.1843954898903757,1.1376374635471693,0.9384218908509036,1.09259694921547,1.0788568045912477,0.8411140863714579,0.7807484788682373,0.7370839106430591,0.8352562975188524,0.7823277366709633,0.6727837222394768,0.605022050059375,0.5432342853594045,0.5962810274543976,0.5809840359096818,0.4946181351314687,0.5418801011292663,0.5068829638098746,0.5216471554443323,0.5715171800411311,0.6265863239002578,0.632305925757509,0.5220192282776381,0.5704702326141964,0.5790032832263923,0.6528304298558378,0.7867309907511953,0.7241312714701821,0.6693399647984996,0.8441283800944368,0.7289110256099944,0.8436236857098793,0.8261253091387044,0.7944352248965743,0.821884789671658
206,1.1437095674936177,1.0508779418822,1.0085177736140383,1.1127852893801369,1.05054708785991,0.8503315308649011,0.7590679060942611,0.8445795534402043,0.8656956303051724,0.830579800277492,0.632396821727266,0.6106522025815166,0.6090381697991665,0.6773263049877017,0.533110222650103,0.528848606084986,0.49815603736304653,0.5958804972382652,0.4914079371788529,0.5331406062884909,0.6640203645321882,0.6071079086356775,0.6375905129024116,0.5930350415059161,0.5604968880219587,0.6309401740174966,0.7066201238366137,0.7003116343353016,0.731767240871324,0.7599808918449251,0.7702023048929763,0.8128346259201584,0.807945991724818,0.7852530784580367,0.8444789292321944
207,1.172536187624103,1.1405741174509008,0.9898806126291223,1.2078743260507352,0.9764190520824024,0.880189500673616,0.7968657485211641,0.7158453207635881,0.8609567285432643,0.8798245837868747,0.6572984234629753,0.6158069123209831,0.5945455372642738,0.6476981466520134,0.5745503966144911,0.5090177121576727,0.48311502387787436,0.5321970635442637,0.5723926607506207,0.47757820583367727,0.6412966799267288,0.6552941816014193,0.542813792182747,0.6011495915024485,0.5101514365260835,0.6276487214397821,0.7788952997678702,0.6582909411431357,0.7394378208696786,0.7618873306114304,0.8293492057538119,0.86581389281486,0.8102551533577262,0.8127196567860131,0.8242380016509296
208,1.166387684671465,0.9463426014767286,1.052761826654402,1.1267725807436793,0.9952791568760906,0.8318187748493787,0.765904947545803,0.8046802637388288,0.7712973818172799,0.7606400643914869,0.628276491628478,0.5751566524729532,0.605051858509102,0.5873042075446806,0.6245741177974321,0.492900231500982,0.5146041067901221,0.5676348797759656,0.4657830449139272,0.5242905216703816,0.6556362666210637,0.6281470345384228,0.6345890482192931,0.5381370381525736,0.5566427279554204,0.702349487270802,0.7638116140585183,0.7377030879858486,0.6596258928500741,0.7667793374457028,0.8494685559955436,0.8313416825991385,0.8651694203840063,0.8146540010995824,0.8442791960771597
209,1.2160754834920335,1.1041935223495332,1.1108124845106584,1.1676774876957723,1.1032068618725086,0.8846506261595455,0.7473775288332627,0.8328070393665625,0.8917326130931789,0.8223565810229562,0.6757793268831505,0.575678236860718,0.6317988558268439,0.6557329317603191,0.6260136846656461,0.5009090207927624,0.5047446821046502,0.5497753768694913,0.5459011017288635,0.572807774299896,0.5815767916025042,0.5958007328770314,0.6351216993239528,0.545541397810223,0.5597064920014547,0.7112367055906257,0.7373470782082437,0.7231391906907605,0.7334884557790787,0.8310721992842041,0.8773019586969688,0.8132192178071833,0.8974988850407082,0.8535241050540155,0.8980811945237159
210,1.2194060313575807,1.0821536274745172,1.107024546536738,1.0937265920305828,1.0762051386154212,0.8688615942572128,0.6974139300961719,0.77350674916615,0.7954389078731343,0.8103461042228878,0.6934065772289602,0.5888763232734466,0.6523365314513334,0.6433176643914826,0.588720295696137,0.5252810631876328,0.5217096903223704,0.5305552962659319,0.5705504180394322,0.4634069195420035,0.6574869800555885,0.6373746797676271,0.5998054003767006,0.5424403765738394,0.5377160560176243,0.7264111791975131,0.7202334943214467,0.7164819622091673,0.6724664222044061,0.7524646944897906,0.8861460344343975,0.8636755899088222,0.8810681647723579,0.8366640214901001,0.8455106033029551
211,1.1103700524861888,1.104637572893115,1.0803997984953073,1.179410295173967,1.1079076584005954,0.7647049651938894,0.7796187510726722,0.8607643935968303,0.8573713752042795,0.8299374758457413,0.6304599004744795,0.6288379568177904,0.6078376480264742,0.5976191040703109,0.6483170263750511,0.4678832183170677,0.5453631856382305,0.5202680278195534,0.5563754930370681,0.5856189494937687,0.5874807307350793,0.6363261641423075,0.6009968229383058,0.5895506237018475,0.5364538711825901,0.6826658280955045,0.8112036620913514,0.7508990013726978,0.7086759485958345,0.8238138430455184,0.7736494695679229,0.8760436731857525,0.8764977545377911,0.8320320361352156,0.8344279898580538
212,1.0740478654429735,1.0849491322559643,1.054921869842988,1.0931494341326968,0.963090874478514,0.8429914855137255,0.8043895421173204,0.7594229698766136,0.7994368839195201,0.851533333276757,0.5967620274026797,0.6017877430837338,0.5896455084264527,0.48224931339714167,0.5797569213995564,0.49818076601675,0.5740337704053878,0.48249571770083455,0.4856207336993114,0.525525370135929,0.6037062871700802,0.6405342728588015,0.5902891967189907,0.5434021403268985,0.5113769892954484,0.6480705496655117,0.8347726434756714,0.7330033105989442,0.5934187843054701,0.7249151074511258,0.7689304981954252,0.9012764375439986,0.8038523951935768,0.7606787275103234,0.7884297419145629
213,1.1625037861859153,0.9712975302581407,1.0669417353470072,1.1211959194616012,1.0821613296715378,0.8109670234086972,0.7370545373598059,0.7995028236792627,0.8558721548672829,0.8296632028473102,0.6519436161760486,0.5760262509695155,0.603603029872936,0.6289537748648968,0.5694972146526525,0.48447999080712845,0.5216638902686739,0.5479395421075954,0.5267151399965668,0.5693876196534344,0.6460112428127405,0.6334819317962184,0.6219736587953788,0.5547705485977308,0.5433289703648017,0.6985324014146226,0.7394280274071171,0.7629582409521944,0.6961373877757938,0.7665729341271814,0.8310806771917255,0.786155138445435,0.8524480077320917,0.811436488889839,0.8248539336379136
214,1.1045114561838876,1.141553812755804,1.1212825588824145,1.1164235396769944,0.9665474398057025,0.8075615462158967,0.8286054101788268,0.8433919379508295,0.7829683368105016,0.7360836001018559,0.6381738689355769,0.6256577426207506,0.584223488387487,0.6000615401986688,0.5364707786762352,0.4829886068603514,0.5603676874700819,0.547894295880798,0.5338112820165946,0.48803097941012286,0.5779887075840998,0.6398527596416528,0.6153160783232334,0.55773940134753,0.43692090014089424,0.7094148329731258,0.7947862462187056,0.7469605392678306,0.6835378630115834,0.7440913812945167,0.8297382503589399,0.9333674703564157,0.8673629164365012,0.7861710210418568,0.8269561310200086
215,1.0505550751588788,1.1134663371535423,1.0238511965960813,1.1283711834831553,1.0030255684323672,0.7492031510692951,0.7194277688650765,0.7512021769718624,0.8197090880218028,0.7934293405227367,0.5906880993562225,0.5641324521106779,0.59133383301165,0.546120242972332,0.6045247725464634,0.49283648946334335,0.5046664726509558,0.5103773448423847,0.5064460338917597,0.5048534715521495,0.5966154941607533,0.6536697212273839,0.5754299583037922,0.59201077671672,0.5596172179637918,0.6933925178166571,0.7605905421774961,0.6370874607488093,0.694718324868263,0.7731740930901005,0.7649668223954904,0.8804869835364282,0.8242414580687457,0.7894085681337742,0.8902661623737768
216,1.2193353244671132,1.078771525796004,1.0656232119286093,1.103745902355828,1.0916779322050507,0.8385930207385248,0.7164971791570309,0.8316107516838562,0.8420308292558019,0.7970865075835301,0.635398785298911,0.5486092556724881,0.5940797566680834,0.5741474624926748,0.5670986346699181,0.5272801853039784,0.5029759148735506,0.5687553050443158,0.5369995480975102,0.4925010074739229,0.6378182408109543,0.5850725239060723,0.6326728751998897,0.4972963301159734,0.547951007345923,0.7109408382712269,0.7458920421487444,0.7215988062886617,0.6379436383567415,0.811835102453353,0.8519072555972177,0.8491487509068403,0.8990227333575338,0.640855406767864,0.7877215087244909
217,1.184801386795274,1.15260731186642,1.083844994097066,1.1272685330492143,1.036758173315726,0.8343586800979143,0.7843802600475545,0.7916671206313662,0.8899509699849277,0.9062943000741159,0.6372523949517812,0.5752844728187962,0.5979550777308638,0.6490802966286251,0.62808253733914,0.5396129241496928,0.4925008045559092,0.5635228332830109,0.5381449020262601,0.5197686637740646,0.6237837289325989,0.5939423981565508,0.6248762203727438,0.6034269961842524,0.5460194641963452,0.6942617841182688,0.7693335158279585,0.7235343866568036,0.7082805123797099,0.7917440569487347,0.863598189902109,0.8267992642797424,0.8662651411598692,0.7844576273307151,0.8863931303208402
218,1.1032202684951915,1.1049567350432388,1.0391397954708732,1.1131310946176174,1.0056123198425997,0.8423828843068001,0.818770675572186,0.8712871545485924,0.8318831619695919,0.8233156468327607,0.6320495259652402,0.5919236177480651,0.6115383498585535,0.6142414093980496,0.5649505319903417,0.47059731545118877,0.4912572571290924,0.5946549171072157,0.524357380998415,0.5335997265210328,0.6001667219082796,0.6123285250689998,0.6294751284673432,0.5738749763443277,0.5582843095712262,0.6900761611403543,0.8156123937958926,0.7024734078600712,0.7153312164603651,0.7711389103411762,0.8148914581583919,0.8932180153497271,0.8096737167212495,0.7552206610359493,0.7935746552551062
219,1.0890587750998864,1.1157577698000538,1.0924753595682861,1.1026970909280833,0.9964262163393343,0.7984263854530338,0.844379859513241,0.8056414179417549,0.7871620234819305,0.8362112056435388,0.6015141264855437,0.5609505968837274,0.578215781814621,0.6761141686698393,0.5617407289955085,0.44680416494440767,0.5225412571147375,0.5290522226176398,0.4947134582294499,0.5107828487940848,0.5817408021944968,0.6631207414682281,0.637198265397291,0.5690073131861667,0.5547213018875801,0.6611433055181892,0.7706719000711596,0.7603864129912774,0.6479678878140086,0.787380121062069,0.8120894342647837,0.9068893976619392,0.82155323044245,0.7851166345468572,0.8599554631401155
220,1.2248799290732664,1.0723507136973245,1.1048816399669967,1.1410509798516977,1.0465358498248427,0.8725410469755308,0.7103838693940009,0.8231104450117067,0.8338225982313732,0.8398203058470767,0.6754609359963231,0.549406690657889,0.608761120750516,0.6761629209225986,0.580466495358656,0.5342338586494795,0.49243502104908804,0.5540307543314031,0.5615368515176107,0.527228228569663,0.6434691419047529,0.6148896980110399,0.5968410108081057,0.5742215242923416,0.5522387184516886,0.7597448423760711,0.7260121701003602,0.7491576298897119,0.666974160463726,0.8156411649017608,0.9050102019131336,0.8310606939226317,0.8633513331292411,0.7477537613652843,0.8410251387235357
221,1.1917758587769007,1.063685862698247,0.9873259483521822,1.1480846825352917,1.0062241957532723,0.8596547718470908,0.7547071424624149,0.790376380077298,0.8952959314203052,0.8646890735604554,0.6781788326018865,0.6082590917547142,0.5828018281616216,0.6586366973416684,0.6214755269279432,0.543071468790263,0.545122261781501,0.5717486492660087,0.5617631322920287,0.5626058374246005,0.6610706567030717,0.62852862233247,0.6093682529618949,0.5745321034152994,0.50410796283879,0.7679574422775202,0.7621798567267268,0.723810566236569,0.7295664425822115,0.8403250300135614,0.8496759119050368,0.8981226211518128,0.8670296221546443,0.7594231726237234,0.831623403362284
222,1.1234570959924395,1.07053111146703,1.017013759644147,1.1090352895280544,1.0465340959437488,0.8100701670375758,0.727270140409147,0.8150038371718253,0.8506588812339226,0.7634500779937183,0.6274451927942123,0.5650182732284447,0.5852933417607551,0.6400343947569378,0.5384344201401872,0.5066216031887476,0.5486673306170913,0.5213710681343016,0.5348664805644755,0.5272792960804205,0.5749571319582477,0.6230465368268643,0.6421602268670901,0.5450243240935151,0.5740662433904621,0.7066655426096432,0.7656998262446881,0.7214573491730605,0.6616490543936504,0.7615913031940198,0.7601049559744872,0.7790405985901956,0.872148212663042,0.7326484693109658,0.8507708831093148
223,1.1327155457723963,1.1551961293077873,1.0003576718738505,1.08598532033642,1.0410157425618185,0.8132849168584355,0.8135021757945311,0.7918974962383538,0.8096075810259196,0.8217493261312965,0.6448115207725676,0.6183367008887661,0.5811340010441693,0.6178192625398635,0.5952936058957433,0.5062748125491339,0.5042588087766153,0.5284300010496419,0.49539428355375836,0.526265667192418,0.5813431594996397,0.6280708459965694,0.5865546312069511,0.5758513002985748,0.5380657601833695,0.6660473118634436,0.7968034135042534,0.6778849833511515,0.6994287906990372,0.8176400702042661,0.8307918584903822,0.8876768386705727,0.8330070540854787,0.8115728791767082,0.8133014060580931
224,1.1932496954034564,1.056088379081792,1.009839592143925,1.106900234740353,1.0832801370728706,0.7507997689192019,0.778952012068008,0.7164804835285825,0.7880927131642605,0.8418123598638245,0.6079523414880855,0.5676491369530756,0.5823266053281511,0.5467705630466774,0.6125213086473766,0.49363018109380785,0.4828021067486783,0.524347296232192,0.5473717833257845,0.5595777205039721,0.5810764604750881,0.6006618647439763,0.5558790435567862,0.5780134500774843,0.4934076177289815,0.6683953924188182,0.7276140559337023,0.7280669723380109,0.6297070704968327,0.8093788157947968,0.7755034970265426,0.8728673673008718,0.8802407566157553,0.7879906933931313,0.8500433237642385
225,1.1401165299757308,1.2243390748081784,1.0494209242759767,1.147142943320956,0.9312926958553174,0.8689299625180902,0.8424475961836088,0.8106709350302215,0.8086255477101375,0.808722358096634,0.650015614568678,0.6724235914631502,0.5535373336510001,0.5957950730984382,0.5688399793289803,0.5527640752037373,0.5514388503488544,0.5141013061028997,0.5481942017494137,0.5205981039073607,0.6171200328120535,0.7263471400943291,0.621054603991293,0.5739615163202003,0.5298961113736577,0.7009768181856442,0.8074670648546574,0.7528663977637626,0.6787884221118221,0.7985736978895444,0.8177186173707077,0.929470974180585,0.8417191517744095,0.8402953967209184,0.8150390995079386
226,1.1891616946877117,1.1298773365174695,1.0488324261058106,1.115689459794871,0.9443986813200382,0.790862231022973,0.8194994171622855,0.7215151459048905,0.8285033762896747,0.7820212839188928,0.6542213905622315,0.6362866552535256,0.5604646727564246,0.6747788512424955,0.5828080481724414,0.5259177470782224,0.5661652276469166,0.4813459695323941,0.5914716021753919,0.485631514179835,0.5948847737069121,0.6772931595212118,0.5601653356980413,0.6128239994355036,0.516608668105841,0.6406539536316972,0.8357565420551099,0.7234704836139285,0.7287285932942973,0.7619924842013536,0.7961844635343667,0.9078510866321193,0.8498184634592847,0.8739443471165604,0.7719847390556
227,1.2119978994932876,1.0756322067165736,1.0139387612998974,1.1335835661352682,1.0698916773318714,0.8581364508033655,0.7670687385889348,0.7988081558369908,0.8070402728903641,0.8856964378997787,0.6569243710177546,0.542018739213415,0.6034443559197298,0.6264341004701618,0.5956981049868342,0.5501539889040652,0.48121414427342696,0.5396796703368604,0.5470496858333559,0.5675101312928095,0.6124142423495953,0.6377731286683961,0.6093610487286722,0.5484127715992841,0.5870642556038548,0.709367734617461,0.6961285322641592,0.7332395142142487,0.7129448481026479,0.84031696006364,0.864818943990674,0.805473256990443,0.8987535416301942,0.8819645140367762,0.8598006901128343
228,1.1830954845278456,1.044409095745411,1.0240297747943203,1.0881325469195746,0.9950291899830841,0.8053180874872163,0.7744340886344327,0.8096335064266981,0.8123563273079876,0.8151241682851106,0.6636166850579492,0.555061615889191,0.5924989637564706,0.6704381235401469,0.5791584123305955,0.49327048473415636,0.5072371485998426,0.5536604943999969,0.5145407533114122,0.4976570826993745,0.5790602634476144,0.6146882824110074,0.6315047601778999,0.6090136735632192,0.5547720753535378,0.7183912338879311,0.7181496993709888,0.7326760552251617,0.6983401366820626,0.7686118952513052,0.8523737359129764,0.8495246104576424,0.8939782802020758,0.8103441626521605,0.7454061424315217
229,1.1198937651796497,1.009708560495526,1.0055582188108771,1.0062459267886172,0.9651258055351938,0.8699191383124985,0.7673540627582829,0.7793514936573299,0.7807538275424406,0.8099805998339826,0.6582675487109845,0.5670521025291961,0.5880549868390459,0.5725663284189841,0.5139381553261749,0.5005839142939466,0.5046970752943788,0.4798683076789383,0.4982441462546264,0.5219544384438615,0.5698346117448163,0.58990677730171,0.5650668112580044,0.5805850376483936,0.5058381680988422,0.6937026604776342,0.716267064389362,0.7269912135753838,0.7138038370715541,0.8127473060959897,0.8320797190907798,0.7996414873238735,0.8552538810905946,0.8541283420400031,0.8828275530930263
230,1.1250126604708837,1.0785679350746828,0.9110618827299418,1.0726524248694282,1.0698499609920848,0.8103194034538697,0.8457748721702495,0.8050924063220157,0.7997251157426055,0.8313612357983912,0.6598550872695985,0.57690435043167,0.5456462531612717,0.6035075085355923,0.6304628963355039,0.5127434051911879,0.5477335333709688,0.5024474464153268,0.4838325585702662,0.5114196652963572,0.6364577842076635,0.6518689670121667,0.6426819384372225,0.5309235992373689,0.548855716246615,0.7497954304988059,0.7068948659480585,0.7666434610710087,0.6800121635494507,0.8224286673519372,0.8538037900603728,0.8192857764014668,0.8318442897308319,0.8434117656545042,0.8571636658549595
231,1.1394540348242774,1.037950032273798,1.0657136427302447,1.0995752061188677,1.1163179442102455,0.791096976700668,0.7255999320793052,0.8746547496553175,0.8090417980241569,0.8446383559006794,0.619259337756623,0.5454086469840639,0.5895799745864595,0.6253369653670322,0.5972226836409978,0.4997392919377106,0.44262351629474084,0.558632732382225,0.5766279691188982,0.5606179099035011,0.5538086378129803,0.5727309135476365,0.5980832378627479,0.5813923239924215,0.604003732689645,0.6962709434066381,0.6772977676714256,0.7619810076904082,0.6827594782048247,0.8391138589313721,0.8576269581836097,0.8102771719169798,0.8769565076955027,0.8613076815812689,0.8428224495901744
232,1.1211280688365084,1.077182139643813,0.9723640751007259,1.1139028991971622,1.1798646651408244,0.8963588327073138,0.6932122001289627,0.8019624430050496,0.8181149739048562,0.927172166914902,0.6668437255584101,0.5537062368244068,0.5950700077444068,0.6208345225594321,0.620802224821204,0.5531877223791247,0.52108439737186,0.5526868941442847,0.5663499932468486,0.575354442885561,0.6228806238837447,0.5945590844739712,0.5933834367938147,0.5685598042670552,0.6142061500730606,0.750927786671665,0.7036612068364628,0.7301366076150051,0.6657532497699521,0.9031883063341846,0.8445457024881513,0.832706184047642,0.8197688270124485,0.8180919689550246,0.8738622847857406
233,1.1920037709995288,1.1724075357803563,0.9728998821100459,0.9802858968500194,1.1784578828601164,0.8082403494693231,0.8492876294019813,0.8251316819718311,0.773262039008241,0.8516593812306694,0.6583681525849883,0.6069621991555603,0.566332827408163,0.5937305536552102,0.6046797690796961,0.5215013620000755,0.5249020247402496,0.5493900615129302,0.5988739705234895,0.5480093851161705,0.5785508381873119,0.60995924675331,0.6148520376294634,0.5521671628862195,0.5342939604812673,0.7353376781619283,0.678844574026744,0.7360697686077483,0.6465929968655055,0.8595983292572619,0.8694599564862329,0.8858569170316726,0.8251399035477892,0.7891875896295963,0.8549820186530852
234,1.2078216028759026,1.0767383293044128,0.9514669607129234,1.110334754339549,1.0076146763048321,0.8606065645577716,0.7531243850220549,0.7429524030039447,0.8489249767924267,0.7925204821115185,0.6777578858287162,0.5883502406183164,0.583454583807139,0.5996342682600588,0.5419350840578343,0.48824371348367934,0.5003337048830271,0.5462083222275933,0.5553286018353121,0.4837464992232938,0.6324440774956012,0.588636482531024,0.6125091961533908,0.5870571718008196,0.5300149878600262,0.7359539410769914,0.6466113707930101,0.7016032228188845,0.7181796402166456,0.78167224051782,0.8942711193637671,0.7572317013891374,0.7980142051204737,0.9052675287134313,0.8123783467019743
235,1.1514950524087773,1.1637304527020533,0.9522579204202153,1.1744990229258423,1.0664602411144355,0.7621929640043654,0.818925309285532,0.8169209537314475,0.8738848763368718,0.8634704845881573,0.6193662123575134,0.621797280892473,0.5856714270813923,0.6181154380755794,0.568023309980706,0.5046577994131043,0.49758479213073337,0.5269716176709477,0.6066950227276698,0.5204042911523933,0.5803909579866936,0.6349873414507023,0.6053596291904474,0.5992403832876823,0.5936200736379978,0.6988803820114318,0.7693309577433545,0.7647949553436181,0.7172061465200457,0.7956799732133024,0.8336315693323735,0.8615472243414897,0.8573771788317196,0.9082907876486626,0.8035453198418213
236,1.0366997322159952,1.1372190961409445,1.089614483627257,1.045899489946288,1.0704105843094607,0.7616693481475361,0.8368429719563694,0.7913836278852113,0.7506155466236296,0.8281915102031856,0.58484214131475,0.6093033575983444,0.5835715153265457,0.5884510303898547,0.5955309921222995,0.4637387324169552,0.5340509666801754,0.5919442081388864,0.5280243000151403,0.5077138700288643,0.5714693368266498,0.6777910441753933,0.6038415862771314,0.529386243471984,0.5694988940728399,0.7090439438901188,0.7857598157768588,0.7723437777290432,0.6421051313817534,0.7996335552400096,0.8247478706441852,0.8869066659605009,0.867631101304391,0.7957752206329627,0.8828282154841487
237,1.087787626625953,1.1741659199366121,1.0148012097079506,0.9844351031854447,1.0738277336712663,0.8774874288328022,0.8428398772962462,0.7312787349037766,0.7878341630316918,0.7944356774388934,0.64200527795225,0.6181042404553667,0.575680351121526,0.5666290370477819,0.5667851055166158,0.5433112778746733,0.5381450040021075,0.5908257776596932,0.5028035861374763,0.4957088619872944,0.611043365691715,0.6695100392314889,0.5917791837365778,0.48788364485080044,0.5711512439855438,0.7345056279908895,0.8578696419650809,0.6997968216428074,0.673574269807496,0.7853844378547263,0.8844527396931082,0.8712171312172592,0.8398748772703657,0.8572819065028414,0.8016861650525227
238,1.1897510507699072,1.2024149556941062,1.0150925858685769,1.0525470915444868,1.0033308812932926,0.7962555111226922,0.8686576843364155,0.8367355064147293,0.7995444424777722,0.7847499260885148,0.6055010265675574,0.6236735506069849,0.5957536438490698,0.5650504710989603,0.5778414967134586,0.5127645917817008,0.5885517657817385,0.5501513219077308,0.5265356979753952,0.47319634305096187,0.612434808890026,0.6793390087615082,0.567762668137566,0.5296260642628184,0.5640010216579546,0.7116433466319904,0.7998548732264191,0.6842190676246999,0.708696192992873,0.7670843083612444,0.8265059736781756,0.8825411207871346,0.8205892615460866,0.9213828215438262,0.8185786866666025
239,1.2198336182081655,1.1287295573159493,1.0132993484978194,0.90878651380692,1.1322258754311267,0.8389878061936992,0.8637197819079623,0.7772284641853533,0.7679591551690732,0.8459494291579837,0.6775779548323533,0.6717843918876792,0.5731093234146649,0.544266031159913,0.5746156478012986,0.5410547314198324,0.5655840140456455,0.5748145551654813,0.5176181344566918,0.5032740109673345,0.6555647983071413,0.6924435619858345,0.5894451293449708,0.5210587916923926,0.5749099102365964,0.7163439189160724,0.7963329938301574,0.7422772474500262,0.7002891368988025,0.8063134038570807,0.8899538663801083,0.8974082530296061,0.8451201852460031,0.8355124722138738,0.8378570322595721
240,1.1279149084396378,1.1383202243353403,1.045062970018914,1.026079934152297,1.0807908027692958,0.8005067524494546,0.8016759032506544,0.6765920732871492,0.7778545724642003,0.7801807118547435,0.6298327780584086,0.6065652401996271,0.5766941145043251,0.5942504633275227,0.6209086808129728,0.512991741109424,0.5335395903537041,0.496095448724799,0.5414731993977077,0.5113051458152782,0.5838009406599383,0.6582717147588559,0.5697370378219102,0.5607997700833411,0.5906313737895151,0.6910969759132263,0.7780962146255839,0.7154645154150487,0.6776304072278647,0.7726830437793751,0.8352113187533879,0.8026639477424717,0.885103499450778,0.8854478841229663,0.8260008495230446
241,1.1900934936484882,1.1645930823655777,0.986188877645361,0.9579614254302538,1.108797009047013,0.8365971323489387,0.8316143685661801,0.8508509918748143,0.7372287840549978,0.8309302202095705,0.6191498255276519,0.6391239026373781,0.5772290669134094,0.609698792337388,0.5341099935660267,0.5145561266424031,0.5358628958197467,0.5254352393822967,0.5281070856983558,0.4861372793056695,0.5866850600781681,0.6565364315777495,0.5923215352997093,0.5513283002675402,0.5443106472639718,0.7148025262362636,0.7802873411491262,0.7712247700209381,0.6672761625325911,0.805873865425404,0.8811608242325011,0.8857527016727684,0.8726689210250705,0.8601456435200037,0.8222921873848047
242,1.1884245420447332,1.1029441132647158,0.9728807260375896,1.0921305682137672,1.1017700173701084,0.8536847392916409,0.8014614100429297,0.7541176854334786,0.8084835895603081,0.8516334368637146,0.6503240765685695,0.6005103153860134,0.5515008159320379,0.6393552441501071,0.6150617791193553,0.5177616328978369,0.4856913930065406,0.5278525674936243,0.5702401635251544,0.5113001554478738,0.631604526571677,0.6069343954077706,0.573444904286384,0.571269120225641,0.5886917207967675,0.7678704103634842,0.7811787528271688,0.7043744008450322,0.7174789169120273,0.8384318015467415,0.847475267449227,0.8138739239065811,0.7793562260432161,0.9545611542656148,0.8863014213738215
243,1.2361041916545974,1.200055909843197,1.0081010114670563,1.0472627229603706,1.0445883317761857,0.8885402948068,0.7905099269687018,0.7488701440058634,0.7430370397931941,0.8363040027252384,0.6836364958792948,0.6030126573654568,0.5430701246244783,0.6076148471608303,0.5602495582872579,0.5487732236181908,0.5247447454482556,0.5693086606716089,0.5398896358418857,0.4725945336828021,0.6504301639321046,0.6052279232568573,0.5745702403083532,0.5483290001069028,0.5224399463592805,0.7949437563058034,0.7988058665027233,0.7466505505288525,0.7244477827963434,0.7862175862527372,0.8823693773653649,0.8369192710727726,0.8588902052069083,0.8461212169484101,0.8142927970006917
244,1.178358075017016,1.1532713751300148,1.079821679018806,1.1026744332444438,1.1290148894623315,0.8901133550138602,0.77074025771889,0.8034416861700058,0.8161442360379236,0.8291804002955573,0.6187670717388905,0.5935594362573311,0.6004259121420078,0.590049463308424,0.5857501603845255,0.5489887262155508,0.5389793553385314,0.5443001608733335,0.570519344041656,0.48253950125674505,0.5698261265266673,0.6070910270885076,0.6016514058595237,0.5546488000283021,0.5984577899631465,0.7247665580128183,0.7563793511203023,0.7494499029097618,0.6853481856834385,0.8848587223393798,0.8526462732397959,0.7884839861945883,0.8766754015948548,0.8437728765183587,0.8125857423339118
245,1.173253093171596,1.1456243257663123,1.1107458555021814,1.003763657017612,1.0006425676235557,0.8647888453736108,0.800373128109388,0.8031451030600565,0.7757305988074652,0.7801294678724927,0.6748408313376216,0.5678766628306557,0.647683368298653,0.568800453872818,0.6020800173759211,0.5421190859279956,0.48661391354327876,0.6055449280540166,0.5639234367003265,0.4899892360532805,0.560773475834496,0.6491538016687075,0.5935311134881656,0.5503085034777936,0.5615673193829532,0.7126074530119026,0.7337244529628626,0.7898303231342492,0.620628806797146,0.792968171527783,0.8349558833105781,0.8122010430270534,0.9145479122233282,0.7710313038489813,0.7707697021443011
246,1.2720420103707784,1.1037317546611076,1.091953750431701,1.1297974299962663,1.0361426608493645,0.9014011269013511,0.7915745802804561,0.7932865954466254,0.8901377481559134,0.8127623079234452,0.7047341285161783,0.580104894933888,0.6173404991197242,0.6565600350500992,0.5909261096213696,0.5644670066738148,0.49708765506317176,0.5577041784827537,0.5924407316465321,0.5388574939843318,0.6209356146477459,0.5996664472054523,0.5741809024211438,0.6025429752037625,0.49404835438991757,0.6846884528363639,0.7602146082037207,0.7959200119722066,0.7104983052947262,0.7827220203068312,0.900262968598699,0.8192186024662459,0.8926775910085522,0.9317627265258142,0.8251198067514026
247,1.2092899335847223,1.2156661109994815,1.058920389023802,1.0350226917286247,1.147030725746735,0.7930915014876312,0.8595670365008785,0.8015037333565345,0.8255868288276484,0.9219362024428668,0.664723920721308,0.613396017733292,0.6225300165921196,0.59829373400728,0.5940447144660221,0.5578954703987815,0.5503300320619113,0.5959939227205453,0.5818785870815665,0.5543787633215922,0.6239153475826141,0.6642823163652135,0.563121414119751,0.5646976253014873,0.5970276407438089,0.7062549565004617,0.8093743088886707,0.7053663995876349,0.6574061402329987,0.8054886450953259,0.8545179268766171,0.8549378018867044,0.8556025999101262,0.8312899396473615,0.8560543881446185
248,1.0533948192925213,1.1985703755923205,1.0921251506167666,1.064173606670261,1.0709008358637888,0.8541658698837529,0.8276181648695281,0.7959572552565766,0.7987301255257565,0.8206314403557076,0.5809015301662566,0.5388714967934036,0.641461715070812,0.5768435067386634,0.5954402042014442,0.45836093505489656,0.503335230087762,0.5967303404970344,0.5565311823847086,0.5285273533678878,0.5617381103808243,0.6086779671743325,0.614612987098734,0.5505309086603616,0.554797219131753,0.6797768707979526,0.8103931900803988,0.8080021769011424,0.7102760568003241,0.7966557184445209,0.810677838688907,0.8076591573937988,0.9335269737575933,0.8579822783902349,0.8198561706576484
249,1.1284489515793348,1.0741915622976967,1.0041902273560557,1.0936957894378052,1.104525385284345,0.7992533376525182,0.7392817317278482,0.7422124905930998,0.8011849763853128,0.8711482008465108,0.5701696022875309,0.5547571334468402,0.6006454657616425,0.6217323370083214,0.6165317885611996,0.5042739174657258,0.4836740903602468,0.5992700105743363,0.5792744664663108,0.5580820312945652,0.5643618862928357,0.6271459849314033,0.5684535383017744,0.6075415483785626,0.6071442929397265,0.6338109564860837,0.7089176585233756,0.7097727350763017,0.7241398313093884,0.8384371466317088,0.8201542476072581,0.8151375458303988,0.8587674286939577,0.8749834809674739,0.8694252356738158
250,1.100549869380154,1.1149958664975164,1.0560123541474482,1.0380458563576287,1.0376425902232282,0.7840297472127964,0.7325451856757716,0.8238281979957663,0.7798092789048295,0.7920425536935208,0.5789603849919709,0.554493766750339,0.6152532016325153,0.5538302499164574,0.6108349836649819,0.46043268011293825,0.5127318057394281,0.5862902946944173,0.5240008369164635,0.5196560258199409,0.5389730311126382,0.60532395175519,0.6013257046157847,0.5689784525996439,0.5450457109195941,0.6757768514240964,0.7682350930201951,0.7683098259524179,0.6877113349806872,0.8094701118786739,0.8437339220962223,0.8355988060166837,0.9336027886218345,0.7997655453313983,0.8208574018566024
251,1.2689735659933308,1.162284103690214,1.0163450825161284,1.1523720752949846,1.0556700571363944,0.8424644871414368,0.7650304194039477,0.805104823555669,0.8109135306864736,0.814763263719521,0.6339747135854232,0.6460415383985205,0.5719644087878393,0.6500866290442935,0.6374321212396297,0.5067252628713564,0.5459136311826164,0.5864366311044218,0.5890244214626634,0.5513037659871076,0.584810492124848,0.6327855759517296,0.6267273906132971,0.6042038549102156,0.6051557685285125,0.7153750517846239,0.7671707575260254,0.6743455522106426,0.6766910766566506,0.8300242721508757,0.8730738375028813,0.8414259276095074,0.8187053221363947,0.8769800694740764,0.8441288584853466
252,1.1592320815615387,1.1302912080292862,1.1226977298380607,1.0465777929412412,1.0222542293111239,0.8827318883439468,0.7634041589353955,0.7724670974802177,0.8528229382793241,0.8238791483624743,0.6667573559449415,0.6076923192803148,0.5898315678117313,0.6098245935503624,0.564089318153658,0.4778034180877773,0.49625035863449535,0.6030348475847942,0.5869379481149548,0.5081066416561327,0.5572374165574943,0.6137439204748543,0.6424213174105873,0.5654561058833225,0.5778335452194638,0.7050186287990822,0.7002888873410762,0.8298016999270063,0.6913087025639487,0.8193419387685206,0.8080738074480233,0.7772635670126855,0.9700434202408201,0.9134317130800178,0.7809018963581915
253,1.1527174665031112,1.1046275441443756,1.0425755249150201,1.0429065427768358,1.058584068491927,0.862101077083785,0.7520329624298078,0.7579904924812094,0.847200320933646,0.8164013572786215,0.6236878618393951,0.5607035225108312,0.6377945073768059,0.5903907298650972,0.502074939672772,0.4786828780908442,0.46724293501784586,0.6245111722079371,0.5913796095441505,0.5301774493069956,0.5869635878414543,0.596965114868234,0.6080542177098662,0.5848029644456401,0.5674769637887227,0.6063595258426238,0.7757786441339429,0.7647717350279342,0.7082327489338149,0.8502736120614807,0.7741276553014436,0.8098404132222694,0.9127641134312274,0.8952505937504437,0.8573845931722444
254,1.2139209840419096,1.1464572238897557,0.9925066649962961,1.038502342412756,1.0727651508418623,0.8214160140430024,0.7269009365911048,0.7713579742578669,0.7849023556999719,0.8488080776597671,0.632778016976622,0.5321174145598337,0.538408109060458,0.5708195801721356,0.5723483245854288,0.5078808521095539,0.48821941941499414,0.5193305664248445,0.5260581817828882,0.5609009774893268,0.5175676079578553,0.5746929901146685,0.5783656214349249,0.5342280226299756,0.5735712344312542,0.6880961667678314,0.7287050549773797,0.6976233390682633,0.6746860404039506,0.8825407996630246,0.8231334673928963,0.8263685331070494,0.8240299577001845,0.8208860017052819,0.8548117771189143
255,1.1469736689811674,1.1653888648066317,1.039400820538664,1.0900034453337173,1.0633712748169584,0.8758984899712802,0.7517755161313331,0.7597674049813061,0.8477072028107024,0.6727053455745287,0.6538157056668921,0.5645296603557455,0.587339447977037,0.6285804371833508,0.5751378758293465,0.5270774357968709,0.49901900485505557,0.5687309609344626,0.5811970261284638,0.5010626690515062,0.592343243248743,0.5874201545969622,0.5504521040229309,0.6005400802940625,0.5557816062068965,0.6581184151442441,0.756363914526091,0.7359628614660676,0.6976205239020388,0.7775674398837501,0.8125716229663873,0.8013417701761993,0.8597602831096783,0.8409213888490018,0.7877903145109317
256,1.2478058427512988,1.103926375884512,0.997870762967242,1.0393638031614216,1.0431030800029975,0.9010900985150956,0.7541606502497229,0.8010462970564491,0.8300033006254557,0.7955669104026017,0.6635531420851528,0.571640378111766,0.5722543451980484,0.6445650013402522,0.5754564328886163,0.5614584473223694,0.4652060994560707,0.5161693988221039,0.5301367202483185,0.4963202984417148,0.5532731236602636,0.5750563459486953,0.5629461929982312,0.5802063101434678,0.5832180763114193,0.7202357712122334,0.6858275166566494,0.7914641709486719,0.7031968653145549,0.8002774912845484,0.8403327507477762,0.7712107434323707,0.8966599924319024,0.8302421192025391,0.7525802350218156
257,1.1665251132899772,1.1910961781298912,1.0285819693506508,1.06745756828701,1.0861863916536298,0.8616829520794094,0.8463022233007758,0.7554071482907974,0.8660394574072772,0.8122289379942027,0.6290511245969559,0.6193730770156657,0.47882705891154753,0.5976150436321702,0.6103070232598831,0.5542701446808833,0.5072943295626933,0.4783654419474299,0.5210639159693851,0.5360278912082512,0.6050091766132437,0.6672156694406917,0.5239413520194416,0.6042752987691818,0.6269698118642413,0.7197042301712955,0.8339562582051383,0.7269313365992192,0.7074202985630509,0.8476319930716478,0.8866151577427712,0.8358196121468413,0.8641099446968078,0.9297368737479517,0.8371773786551002
258,1.2288321899030403,1.0536998583704,0.9934014544365801,1.086258519150321,1.061676421304674,0.7918822940226303,0.7413963089249244,0.773174537200201,0.7923560249370403,0.8259018525772672,0.6563086066063986,0.5297294780003081,0.6032821294504358,0.5635082011155431,0.5437591197151932,0.49076604285601433,0.4710775070371748,0.513595919614623,0.53914757253141,0.48077850990444765,0.5837676035930534,0.5694218013635362,0.552906367341907,0.5807744233518535,0.5454728735608794,0.7197565158366178,0.714070952918445,0.7498555371088886,0.7039944660170989,0.7937388152432568,0.8110746755643115,0.7807591241028259,0.8497670461593032,0.8350571962530542,0.8220527947344888
259,1.146059287063617,1.1633487683861767,1.0598741284126296,1.1297686765154267,1.0281966996216154,0.7287421434334708,0.8395511919511669,0.8764991508792179,0.8833926888270341,0.7709380300632549,0.6479094534641816,0.6117347139079501,0.5907952863901009,0.6339714215764791,0.5645442176420485,0.547366809898336,0.5110362938743371,0.5372003680101907,0.5799454508762919,0.4960280460022717,0.5799143127341817,0.6300801732011374,0.6147374117269251,0.6224736975929506,0.5723872822709197,0.6920882818921816,0.7700654451072969,0.8405545515068036,0.7619879019178795,0.770439408995335,0.8078864299823438,0.8432131223199506,0.9502630188918316,0.8879100366717108,0.7000265535423589
260,1.1840980883788979,1.0624597668042186,1.0543848390671382,1.099087888138116,1.0660829828557539,0.7240459215823603,0.8106287536366641,0.7178032453303235,0.8960990021593773,0.8168741129380355,0.6080426435549081,0.5223096258149141,0.5857219201798072,0.6020041784799952,0.6265184925142553,0.501481099124853,0.41138480558959806,0.5449142577629814,0.5489267591891624,0.5273522255248347,0.534489259147608,0.570646509047916,0.579671644467126,0.5746313303677676,0.5718239009109796,0.6955787757968187,0.6922373354253839,0.7750325336443303,0.709821047090655,0.8679315080151125,0.7591977886620638,0.7470181217285622,0.8829930181808147,0.8521051048817689,0.7871355224112846
261,1.1329188783109423,1.183998508339612,1.1303640415427179,1.1144504705597367,1.0677803142416353,0.8195372258451783,0.7988292240901027,0.8328256583166206,0.8713536673751212,0.7872692045759083,0.6286038207540474,0.6125357888926375,0.5968799558042487,0.6204683558694655,0.5707082862796303,0.5284367633811213,0.4875113375638881,0.563355900184341,0.5209099098572154,0.5094124537717875,0.5874652669889149,0.6444562443764217,0.6001762588935138,0.5537503232717298,0.5423414670999251,0.6977638872555445,0.7775135742093193,0.8293974459183745,0.7044259281016358,0.825344879742619,0.7409528807371253,0.7922914233718809,0.9212838919227923,0.8521625971289036,0.7921822136494284
262,1.1577547466155873,1.2297754930730473,1.1031014923245275,1.059020610312401,1.0234768224767372,0.8698293820652264,0.8081191996919687,0.8111095155065648,0.8521593093816369,0.7848449377930597,0.6778789643708001,0.623215977736318,0.5627256726971417,0.6210730064171739,0.5968591472869375,0.5695248641190597,0.5387473700007811,0.5156619790800188,0.5894537730878932,0.5345077672030142,0.6416637811495327,0.6280955270646653,0.5962425035855723,0.5712692361311957,0.5710146394920829,0.7606799747440605,0.7993922254979974,0.7983494663045001,0.7164334576202229,0.8358577855708523,0.8218134392197481,0.8594481369146125,0.9062792627409553,0.9119393995623744,0.8106598026524603
263,1.1279695714290412,1.130008623101254,1.1096081232035981,1.0598548832934267,1.0354626477348177,0.7132585072943716,0.8489427748146514,0.8140721340291781,0.840374620235898,0.8488302255198599,0.6406130392272664,0.5589345132413868,0.6053996675361301,0.635397740963586,0.5894264204081794,0.5504511204618547,0.4859899576590424,0.5294515017167094,0.5926803470501054,0.5515248070088575,0.5880478450334197,0.5866936591893739,0.5931885622836658,0.5708717470900347,0.5935458548832208,0.740451884482353,0.7634622565230202,0.803040873377755,0.6758266557122115,0.8371485321580049,0.8015068017526965,0.7869931463234557,0.9244204880261226,0.8214864286520898,0.8136392275446114
264,1.140392721635909,1.2258608795933514,1.0048583093975982,1.1414893758360791,1.0499896552254029,0.8037395523244533,0.8555526770593573,0.8144306641165978,0.8765733871430741,0.8585276112817457,0.6343225458229923,0.5986166633774008,0.5557428103055025,0.6288586148704978,0.5819384936269586,0.5447749954290435,0.5171591232037012,0.518709204430745,0.5861075822748046,0.5423229546893856,0.6185888545574295,0.6265195386562843,0.5398895889530245,0.5742066295426171,0.571246529420856,0.7342290772218097,0.7729364975516612,0.7732004601356524,0.7023673340980766,0.8006942100759076,0.822233912332313,0.8360709063395827,0.852180374349377,0.9051433998549203,0.7586474096862708
265,1.1291671910499357,1.1094581886111419,1.0280112049301335,1.1856306889177486,1.0233944112584752,0.8459431847614334,0.860934940599634,0.843705895316643,0.8401047101610857,0.8122813749817822,0.6661358486559675,0.6163201392494223,0.5980003806887093,0.6374809813094128,0.5553980406916139,0.5825326203126044,0.5041766648056492,0.5109157653494683,0.5863952952024549,0.5124317928891728,0.6123633298598365,0.644461747021162,0.6011847044801465,0.5561935937206455,0.5640479921196908,0.7093495770536873,0.7161383853594687,0.7323077128802277,0.7039748379933852,0.8237625701937163,0.8756462497540783,0.8020335319545076,0.9081905085693677,0.8962449418591363,0.8718198158424884
266,1.057256715268382,1.1602322041548487,1.06577296305628,1.019066263349807,1.1171436136825623,0.8015086825555249,0.7788415448775317,0.8602638400273399,0.8037886419450323,0.784835115981748,0.6298894196640816,0.5610578986686359,0.6159113347559793,0.6001937125347165,0.5713195882397935,0.5236879863971152,0.5060792640654942,0.6038298549831308,0.5164566886173434,0.5660298695600989,0.5879287614719273,0.6297807126056016,0.6164845183640557,0.5801127703919522,0.575804921202403,0.6880654880581603,0.7839941462805482,0.8500584838015026,0.6911267964085913,0.8071052085673525,0.8134090038373527,0.8129613473264049,0.9001648017850068,0.8678137264400047,0.8033944199516121
267,1.2211416919035218,1.1312852878696207,1.027660146078647,1.0317112422453356,1.0163478713925649,0.857324098464925,0.7967651348648546,0.8288609410455368,0.8024208860919526,0.8535211467302057,0.6504114355235691,0.5750908818743857,0.6287926258658578,0.6032539079568474,0.563743605024845,0.5753692118790151,0.44957991876256065,0.5278908530353583,0.544791145450786,0.5248346439573395,0.6271698968971946,0.6357597189077266,0.5856877042373418,0.5724048631843078,0.6026943530156315,0.7052124652829757,0.6786331876872509,0.7597681308058346,0.7244662666901793,0.8531390051666992,0.8239282216422754,0.839911524754639,0.8822044018544325,0.8245369091973209,0.8415586476917138
268,1.130486970286944,1.1380722754998387,1.0921023279066273,1.0816194797147178,0.931129135895794,0.8609693599158533,0.8046575851937936,0.8359307640779732,0.8298466489563928,0.7514951983151692,0.6074871709988987,0.5716038668988974,0.6325187203594997,0.588815939726826,0.5358648003261107,0.5569300190098527,0.5415583529516877,0.5856459227300992,0.5354119913418947,0.541846529199357,0.599629221510634,0.5745881990020775,0.626626308523871,0.5736527937434976,0.5480393374717024,0.7523574699720607,0.7612538630201235,0.7518464849960487,0.7321723389844146,0.7825560069190877,0.8293907038648354,0.8236506554262291,0.8929482607776544,0.8704038552164131,0.7169525884208978
269,1.167522848203638,1.1939388428314712,1.1302636107799708,1.1602659563913307,1.011721367538472,0.8246082170222226,0.885791790647956,0.8291154842812074,0.9097956637654845,0.8146610772734598,0.6068268095581012,0.6225495145017256,0.6146627422732782,0.6482509987527909,0.5732159150732212,0.5297138262994793,0.5645665423965535,0.5340039840862788,0.597365752606734,0.5591449071075274,0.6205038847717292,0.6745562663169108,0.6121165521571486,0.6064318763766721,0.5392549051630307,0.7101313610044357,0.791392594891259,0.7972733336364315,0.7270000713371352,0.7961456615345986,0.7753838738738232,0.8572264094210513,0.9248348498535498,0.8796597603476346,0.7629451544948921
270,1.088747130910138,1.2074209359516046,0.937290552379143,1.0866504362964,1.0105804464866253,0.8013889028624472,0.8608062314829696,0.7439660180671336,0.8412417677912103,0.817791881885704,0.6115256646490659,0.5705042557317926,0.5557604754972156,0.624628727269803,0.5800110432020018,0.4941183727499707,0.5119531083186668,0.49630113953157107,0.5724183400261501,0.5906531939813598,0.5469924757131109,0.5971237212176723,0.5928024059733711,0.5794429289673968,0.571770239846741,0.6671005860319663,0.769414229048408,0.7746349334749165,0.6830505553726782,0.727919816671088,0.83807222979516,0.8317463381717731,0.838776174468165,0.852875685721626,0.7743425389300344
271,1.11143663600566,1.0661384497808108,0.988788688956991,1.1330321570427275,1.161451143946388,0.8296273283446916,0.822228248908278,0.8178802107678418,0.806027732006924,0.8845109152971358,0.5979142575817681,0.6025925168386577,0.5538594661794728,0.6184068585596673,0.6041930289204174,0.553168959954158,0.4830754936288082,0.5175706613065556,0.5527078567782486,0.6172233020441377,0.5760962863146672,0.5969171508510968,0.5898291004348033,0.576871842872339,0.6252623204988242,0.6894218591676637,0.7167377684451859,0.7227153692665425,0.7083237351329924,0.8094069356963205,0.8229357080176816,0.8270934228309239,0.8285996568315577,0.8753602792100232,0.8956804263252491
272,1.2554428480997348,1.183620795830665,1.012381885184277,1.1863946482040002,0.9464273447926632,0.8796221585123245,0.9174324780481329,0.8109723382890449,0.8311179721133447,0.7543325906606289,0.6234870556696096,0.6391387054227435,0.5675544153149383,0.6698212813386368,0.5633569679356829,0.5561658244933239,0.5550383420196581,0.5581238525216343,0.5579466700141079,0.5032539101596571,0.6483974554546901,0.6157885213352683,0.6188931180003734,0.5975165355898371,0.5592729070352058,0.7571944763159997,0.807318782947283,0.7242190144907033,0.7042168057458351,0.7105561744026008,0.8787305373516017,0.8613105903533342,0.9159163274650064,0.8808844729105739,0.7931198078311359
273,1.2685893604060596,1.2182340056563206,1.0577307235472042,1.0541867771400482,1.0683138721507364,0.9216717025648112,0.8554231798458934,0.8481390054101059,0.843671968745588,0.8126922592638488,0.6964937712300483,0.584081321731196,0.5970035273019133,0.6321280992836313,0.5680451472862221,0.5735667932855556,0.5184199004776,0.5178650363567026,0.5550144579080749,0.5021645886225221,0.6032323546650937,0.608174057109574,0.5723520501447696,0.5481601106967388,0.5752731853006559,0.7387589720882808,0.8046735505251905,0.7566572546540251,0.7334886299663884,0.7221018919139183,0.8698380309853114,0.8963838623774406,0.8403960270277171,0.8925178424280675,0.8419940745027852
274,1.1676142475974887,1.1628662048488008,0.9777200958392036,1.1022701871551486,0.947433240041676,0.7460647446435511,0.8198165162951054,0.8783275652146783,0.8151184043444426,0.8050327767958027,0.6213448209240737,0.6247925709123991,0.6091249514741629,0.6521282081453623,0.5896871999486211,0.5310166104044606,0.45972756156954997,0.5506880686604799,0.5526747668225963,0.5079686178944982,0.5497192703519281,0.633454832775356,0.6365139369232065,0.5456174898648534,0.5419878042691006,0.6963097630018633,0.7793500598802242,0.763480537086129,0.6963778897050297,0.7268998125666408,0.8559519094433755,0.8744700346547081,0.8187828924232053,0.8788485977788569,0.8178717437458767
275,1.166448576727121,1.189373080745044,1.1407305881340386,1.1216333100941922,1.0853375895115907,0.8161948158890292,0.8035873522786035,0.8228808824202031,0.8807390427178627,0.8529220156717926,0.6640425009886356,0.6034656416693759,0.6366993217729777,0.6637325576715882,0.6124752364044066,0.551799730184662,0.5083905390726908,0.5878118828696379,0.5565729169995802,0.5169780755607247,0.6378165236693623,0.6262162505936977,0.6748187772140826,0.5912892159014498,0.5822731413330506,0.6987225935107124,0.8753293448260229,0.8478745203962681,0.7301466538508932,0.7722904363824954,0.8985952300228719,0.8929778612875858,0.8610526978257733,0.8914474157350667,0.8764652523804473
276,1.2032939909368192,1.2078434077195839,1.017029235622954,1.0982671615901474,1.067637900551198,0.766423129164471,0.823526028167981,0.8775640267371699,0.783043598967891,0.8087185627647997,0.6430783238669456,0.5832219395763641,0.606921057884008,0.6314234312093081,0.597845040370008,0.5149366013748873,0.4812296130229583,0.5564931524018271,0.5190778173810551,0.47746651408518753,0.5601846604292569,0.6229402581307006,0.6302957143651715,0.5630700737822798,0.5997951683381318,0.6923631418981302,0.7705879765186129,0.8091827758172585,0.7118887332513819,0.7527792846838905,0.8078119460262101,0.8824208377593412,0.8637645108167279,0.8903277632921772,0.814821396038607
277,1.1096368657678177,1.1721875145472325,1.0686374464185668,1.1366863884979765,1.0799025583239845,0.8546272878710298,0.8773264102027513,0.8639241954247519,0.8779040885820975,0.8186191203480098,0.6549676600303567,0.6314322620201673,0.6181371221233867,0.6318482487828372,0.6132143015280784,0.5249178985599116,0.45829363460350425,0.5207962763023527,0.584100211423008,0.5626252078021743,0.5899945272244274,0.6113563421689613,0.6458693539261993,0.5955960075262912,0.5544124085578529,0.6936080360231792,0.8054292091788415,0.788842537471103,0.7904927367573318,0.7801377291518532,0.7833699303731756,0.8039918526315593,0.8351072400042836,0.9029353376392416,0.8270286665485949
278,1.1082333996246816,1.1516303132129149,1.1059259152808663,1.1103698815948098,1.1294715339164965,0.874688588746849,0.8132629791861468,0.7673284228736894,0.8431482908076434,0.8510667880100791,0.6065930333377714,0.5921499188104922,0.5836392413763154,0.6327773127652885,0.5599228208520042,0.5437061893443247,0.5230500170393035,0.5558604097738096,0.5837634973499277,0.531705151137484,0.5946397660343827,0.5844427654028121,0.6019983633099995,0.5916098983021152,0.6096796344623219,0.6860740348254448,0.824913986639035,0.7980568002299411,0.7194852268743143,0.7983843329484634,0.7999961075554312,0.7774505862699256,0.8321912839618637,0.8999185040987298,0.8264952783626323
279,1.1899769349961125,1.1100110641798007,1.023596975365713,1.103116249388322,1.0443207822401939,0.7516021228366436,0.8833658485292861,0.8709467268572746,0.7736608204488877,0.8904695833154842,0.5950580995955896,0.551738089623499,0.5997013211547078,0.5709405193407167,0.6124393814500743,0.5166911812981785,0.4755329257275835,0.5576977071367466,0.5454530270135687,0.5618557145226256,0.609416043818191,0.5982069012525268,0.643228250477651,0.5550754551474226,0.5892709643466705,0.6794355887177838,0.7919383108374645,0.7619471920696361,0.6591621118701426,0.7804068464239828,0.7716263681476879,0.7630745713045097,0.8114142265244242,0.8307767305536309,0.8433068969964266
280,1.0867707530581872,1.1708593569149528,1.0065259792486136,1.1347763409684495,1.101566390259237,0.6763284125270912,0.8875968468987685,0.807756416121314,0.8879447902406965,0.815755527220446,0.5858092058980389,0.5707812151968703,0.5700213435292079,0.6276375690985625,0.5365909618989004,0.5343973455610015,0.5043495884369473,0.506527086571432,0.5751523715143579,0.5941398956435059,0.5498571458359465,0.6363118959582474,0.5951234088329095,0.5903015434070098,0.5536899288542447,0.6942112021128305,0.8117841585576915,0.7590757998584694,0.7465963279306254,0.8069589440816698,0.8017598928416196,0.8070234303612553,0.7299388395669644,0.9009462317056038,0.84385585776524
281,1.1746104695224564,1.028835662401771,1.0578498540291803,1.1002013019301788,1.1378958005929891,0.7506497265052245,0.8375980956982325,0.8721895409000319,0.8072447834043281,0.8533066981854857,0.6313129326019105,0.5339011132628192,0.5742454968105802,0.6299557684723442,0.6046745708838931,0.5273205493035574,0.42457105487075475,0.558163590285132,0.5788603162850274,0.5414689385264848,0.6244089758882356,0.5593920857918626,0.6225920095382624,0.5851112189436521,0.625099760137515,0.665229833107768,0.7875984787557564,0.7604813829298304,0.7339249532299642,0.7607789632401318,0.8851649415260336,0.8652418591095913,0.8267705213498246,0.839514238405221,0.8964399546162437
282,1.1714416932956202,1.176795915137681,1.0796858625417554,1.099032492665755,1.1786500840991032,0.8243257462792788,0.9006548066651674,0.8686723480600963,0.7687903389853308,0.847002073915194,0.6747736437380771,0.587709834847354,0.58912687515576,0.5703006061780953,0.6642477856534402,0.5670311353143507,0.4928918520312713,0.5291077976479919,0.539543272209276,0.6088708200142909,0.6229968284064009,0.6230170232578408,0.6259775462347588,0.5265411265903712,0.6314801246301078,0.631829770470381,0.8427664511653277,0.8067708760998583,0.6553949748511462,0.8245714086737297,0.8351099853683543,0.8639526737803487,0.8283871276524117,0.8152350669846071,0.860350485891533
283,1.1625568592035698,1.0696408595042644,1.1189879130386093,1.1391017319817531,1.0606802217114262,0.7757073241309028,0.7830343089642056,0.9123394164148989,0.8517627050148895,0.7766963634007099,0.6613213206022439,0.5813865335190825,0.5794746778714039,0.6362928333149538,0.5369602975505269,0.5199473784364576,0.38375775445278065,0.5019924611943154,0.5307054581539132,0.5250061160504016,0.5742846369322978,0.5391547660530065,0.6138488526424363,0.5981864162681897,0.561150229947369,0.6734544352817982,0.696772040547676,0.7788566216683344,0.7408271955858461,0.7545065752541769,0.833523029155115,0.7690372336806839,0.808278016492914,0.8496346516463421,0.8164631516897003
284,1.0727254288611219,1.1763535425231604,1.0999317003816638,1.0788757181343265,1.0640290426471215,0.789212610577201,0.9003544209541894,0.8564656147305364,0.8517103014168044,0.8210835473019159,0.5868907102698502,0.6020585316993587,0.6035084678523274,0.6211292950404222,0.6443751540937335,0.49799727654330905,0.5135721773407187,0.5144528079651967,0.5348976485409725,0.5563974818560345,0.5420450761411368,0.6145752428457782,0.6332992052665414,0.5509353172185082,0.6429537176366641,0.680319964681322,0.803469369929751,0.7784229706094041,0.6873524338162218,0.7394714260498003,0.7945651313822641,0.9046904344375317,0.8043648743195349,0.7983486838834648,0.8828473239914069
285,1.193331337684034,1.1814258771905275,1.0331308322414539,1.0302431541876311,1.0342694406487811,0.8385575096119279,0.7901499354900465,0.8294839504943696,0.778366855143541,0.8222922755332613,0.6882348027341161,0.5496171687293336,0.5918778782721497,0.5317131845711334,0.5724548017916455,0.5652655488304832,0.41933277164079263,0.5478258638581075,0.49445113599825796,0.5018648632881535,0.6307133038985324,0.5630887784822838,0.6028706409527311,0.5503641917130171,0.5465287747351573,0.7081504351879668,0.7086201358543325,0.6780356949858866,0.6335759865226938,0.741178293812158,0.8109220175709857,0.8223992119774683,0.8459065410777331,0.789597328854672,0.7641828290347974
286,1.2246113483712,1.0807700049983446,1.0011568837101377,1.126690646530637,0.9819772903851989,0.8186192054042869,0.7992273823628995,0.8440294018330061,0.8288587451519375,0.7765437965899129,0.6282391933032482,0.5918102791440577,0.57188101938079,0.6450473137127828,0.5881178018140263,0.5139800931177454,0.4727448340171107,0.46037022906446656,0.5133094223092367,0.5054307338300732,0.6222802950575326,0.5977926105492841,0.5481222115111888,0.5821592546923093,0.5854926319592428,0.6916048856163,0.746814580870296,0.6935295854856717,0.7641145531475618,0.7311475339672897,0.8612443847554632,0.7925451328927549,0.7787482204574562,0.8441165306941232,0.7780678825190297
287,1.2105115659083356,1.1393283268261727,1.051347293317912,1.1675071746571208,1.087247690924968,0.8929921134922576,0.8420071503530064,0.8416065100002981,0.8136740060158444,0.846012208549845,0.6879251335355463,0.6072291682179981,0.6088603384856883,0.6536725470612061,0.6407959215434423,0.5267500750222585,0.4322572948826807,0.5026456164519093,0.6026865452002442,0.5469690642936642,0.653462804087225,0.6296402619419751,0.6100387498532711,0.5904793594426234,0.6191302550941783,0.6444290607042175,0.7608387761803936,0.7626013846801828,0.7161732937421215,0.8637337090526347,0.7962038271290223,0.8765386592497213,0.8793240854667499,0.8305107049824176,0.8819205460435541
288,1.1589127540194908,1.1424580060639715,1.0405082880663936,1.173572075513452,1.0237198796589093,0.8500680262941402,0.8711750275203531,0.8555666987058481,0.8573127508983245,0.8597334083083888,0.5855339652571315,0.604436918210383,0.5889306151689652,0.6129286430960689,0.6128672309556306,0.5235971284328136,0.5253884434046676,0.5773437887961048,0.5582335972525156,0.5976269889644329,0.6183485579866375,0.63644586485944,0.6308108129745282,0.5852769275796827,0.598865580613273,0.6658439237821672,0.8324589013060408,0.8084502142853114,0.7549208986975798,0.7833071246023047,0.837790895652154,0.8896642293567956,0.8364298418924416,0.8667195459925541,0.8694832369285325
289,1.2087307075640057,1.0856075041381823,1.1811236278452772,1.104454538215956,1.0742771248061553,0.8420227517908573,0.767768772694347,0.8853304070189677,0.8375814966724765,0.8421435215204515,0.6539193055288124,0.5173040070379991,0.6528514365913844,0.6331784671759274,0.6361606518075271,0.5511604141412785,0.47867653021129425,0.5459082276534598,0.5351172544370585,0.5415125951756791,0.5757879596689126,0.5879809540632992,0.6293675630496379,0.5402480617497716,0.5969077110409943,0.711117710648458,0.742807121830969,0.7530750832058541,0.7672211982221735,0.6890550405045209,0.8238042276172751,0.7913495461992237,0.8913631454992859,0.895189144079596,0.8544152060831279
290,1.1532045029995994,1.0982840509248026,1.1986170456831895,1.1205190643827465,1.0788673764596757,0.7805772375324412,0.8163418911592153,0.9078863433987752,0.8015079960433058,0.9107095685712499,0.6005293678442977,0.568015979724672,0.6331358539252054,0.6121611568181147,0.6086610227124254,0.4874726683431672,0.4352313724697253,0.5751482257419064,0.5154535836131989,0.5657475410786177,0.5560007843247632,0.6004032518353399,0.6564140889687102,0.5716123976587961,0.6022482822351318,0.6789478606617311,0.7661163013704378,0.8053824856748553,0.7446794429186478,0.7602402233054819,0.8262911546324454,0.7702119192361649,0.9332487877656892,0.8261910280898352,0.8599154482185787
291,1.0580532455161868,1.1864575384186744,1.0640520298067855,1.0100760802047875,1.1248339269869714,0.8362505788616021,0.8930039269907735,0.8417721302527792,0.7517044544043678,0.8770306189648147,0.6151574770451251,0.6110036887942754,0.6243701743738544,0.5464514119916223,0.6075992677188288,0.49319405125013394,0.48698903541814903,0.5322561874831448,0.46624645948961124,0.5981488176716518,0.5794676625424866,0.6201851609083386,0.6194791991703363,0.5060332178218291,0.6343227352037984,0.6677066304515971,0.8592352865344457,0.795619522704808,0.724264340982878,0.7955911478949756,0.8320173438984086,0.8749359681465427,0.8123525429885434,0.7965932335002344,0.8654530748017696
292,1.1852827994602861,1.1308797406844238,1.1017245490571388,1.0671574662939443,1.0356768327887593,0.8899641860216637,0.8684066727455998,0.8811838252705299,0.7770654277612002,0.7922926162112378,0.6584978857795709,0.6164212071466999,0.6343608763216049,0.6221778436707661,0.5756467321930949,0.5533235335820603,0.4671754495426248,0.6029747066406348,0.5111358593582691,0.5640036045846503,0.6178095961341399,0.6198973531128895,0.6259619899339111,0.5468462146617759,0.5767246584691704,0.7296749826057902,0.7092858007277241,0.8232569196074699,0.6917339912042556,0.7354506309938091,0.8633441278634617,0.8531436971415005,0.8931273110469882,0.7732606660027765,0.8269795197601368
293,1.2166467027804566,1.0332284204767155,1.0806759985670202,1.1862727187069817,1.0513069933714114,0.8949001895824671,0.8009728095769597,0.8262369622293109,0.8685026345619,0.7918277994109364,0.6374605904129318,0.6025973256936499,0.5739941470711436,0.6506741579464516,0.5671125823287904,0.5124011827167388,0.49682312746966084,0.5385332830892169,0.5631867157074273,0.5128487349404615,0.6215299427739704,0.5996650266644208,0.6438665778899455,0.5982511117168077,0.5632978293701436,0.6683913107133047,0.7658788242682535,0.7424716169452531,0.7615028845422318,0.7278880804374396,0.8645206042201562,0.8521658767188716,0.7584677902574494,0.9005201097412178,0.776037181346479
294,1.2103692157734303,1.0733794183194094,1.06893684329911,1.0996256383737602,1.1306765495722733,0.7989460244169702,0.7863702795407723,0.8220956847222594,0.8174595745353668,0.9477565735045927,0.6333556597062228,0.5853260255006192,0.5643219117574513,0.618084508588469,0.5781965826589492,0.5385103168793766,0.5238441980701277,0.5594092403275809,0.5691512712954383,0.5268405023685585,0.646459604067552,0.5794016565833727,0.5991272315206579,0.577034370354085,0.6175549052384488,0.6813953227512224,0.7240453937641403,0.7682179102433203,0.7297198734578805,0.7579759115929077,0.8851786502556652,0.7958228476849013,0.7747246627973814,0.8215717682604625,0.8682870927528425
295,1.1249316923045647,1.0478345118217063,0.9892374568573805,1.1245086278835466,1.0019648629795161,0.8391109402180534,0.8158108548595713,0.8441916481042687,0.8289424061562174,0.8123375512967219,0.6301080939077282,0.5869167860411624,0.5738829278612699,0.6644826335836728,0.5232007820804284,0.5399298308957732,0.5390786332148131,0.5123518927413275,0.5789653645343995,0.5316530417099847,0.5833316724952772,0.6158971283798098,0.6050200123933416,0.6135382647227646,0.5182776939323566,0.6874655759744672,0.7912217316816544,0.7855692176767579,0.740121769236709,0.7075584550601017,0.8836852398416125,0.8218224515738729,0.8552341308426942,0.8949313692578402,0.7576551991899058
296,1.105636601080302,0.9741347640826536,1.0535487086119808,1.176686600947654,1.1160493456220069,0.8640454520984997,0.8651685459807066,0.9008696883874034,0.833233773414978,0.9180004576450482,0.589992469662784,0.5901876572194691,0.585058363699242,0.6446549794984726,0.6403020363378075,0.4692168438928558,0.49868630026388605,0.5339932799013697,0.5672351563084519,0.58236060928599,0.5972391343286567,0.5669667901211755,0.5891743558657316,0.5934996435587506,0.611162243839022,0.6082954712192368,0.8057266133081108,0.7143496085710703,0.7627587008033703,0.8364728024225219,0.7864895677885018,0.8256640155318836,0.8594323187761681,0.9109733346929637,0.8899901142101108
297,1.213127764101027,1.0668330862113136,1.0346146327226504,1.2218942964099302,1.0503843036606575,0.8897326150989986,0.8424107982240003,0.8565636601677101,0.8538410463660695,0.8235059140456237,0.6314848950853882,0.5762132082942806,0.522831923705635,0.6743166481636658,0.5391542574420269,0.5523076755679623,0.48295453827755075,0.48426931811853813,0.5654308518473066,0.5595169303914574,0.6545497109768865,0.604751579838578,0.6089338934381967,0.5904606520174249,0.5492787592015879,0.6623704352618578,0.821338944982786,0.7569394235991653,0.7680743904492899,0.7888415375909765,0.8897687186429126,0.82659874385169,0.8223022949414469,0.9019151845376646,0.8421653875311608
298,1.1347752667924103,1.1171630880482286,1.077135750760899,1.1065687370288653,1.098474133567815,0.8903446055791435,0.7974140666725281,0.8621837059349894,0.7864485679491655,0.8496633058794096,0.6810446051463892,0.5321232283501365,0.5664967162596505,0.5818897702756014,0.635370095856451,0.5446256491011475,0.5058193153671265,0.5472865022463584,0.5421857416939919,0.5557809953230423,0.6360826453466786,0.5873313856116302,0.6013346682264198,0.5478415816742626,0.5812667683145049,0.6531930460237654,0.7710807742722794,0.761846087020099,0.7117924367560543,0.7930582342868681,0.8376686073804385,0.8101359416614433,0.8122771891769002,0.8269703501331678,0.8489546793852913
299,1.139158573558471,1.093108668297539,1.0150664061574737,1.1556594138776277,1.0127993836211684,0.7678404700498189,0.870629420045367,0.8608970667369167,0.8157632880944584,0.7744795653803244,0.64514395499391,0.6101868609731488,0.5993949559579785,0.6834478234960959,0.6112514329993609,0.5132925091396594,0.5159379161095601,0.5852535609660023,0.5517465333535125,0.5494832063561219,0.5529517234362193,0.5964367054781486,0.6193780611811026,0.5918060767432051,0.5634883656809392,0.6962487975625371,0.7775159454732787,0.8085114755800099,0.774712752338794,0.772388742876279,0.8076214512085167,0.808520495758315,0.7925184425685563,0.8495810249418668,0.8738740946015877
300,1.1989834631103988,1.1280008416111538,1.0380475724046812,1.1429054646017378,1.159808968418167,0.7698982507298221,0.8944441201427029,0.8509061461655589,0.7797043917976014,0.8561089913515074,0.6658574792701033,0.6162496884554716,0.5617969533396255,0.6914487395864332,0.59878155315223,0.5354814839874886,0.5211393309189075,0.5467735616037463,0.6068305231687775,0.5694431814777902,0.6525259328589097,0.6243278429636189,0.6540780492567924,0.6152105917268227,0.5865856101473254,0.7293682763827947,0.8387734546641175,0.7285937968067501,0.7675017507734027,0.854038111254149,0.8313703686864673,0.8609153392871097,0.8480954651365662,0.848984969076618,0.8911671958639775
301,1.2139277468860623,1.107491769211191,1.0411622236447484,1.1470766064693652,1.087634341594256,0.8265966957244836,0.8324825303291041,0.9022103034342228,0.8015164091522693,0.7413842678704606,0.6567612633984892,0.6179069412752592,0.5862914059610523,0.618689024013912,0.5861425158017805,0.5751834089755503,0.5165966915505744,0.5323514256609161,0.5108547454660748,0.5475481716303783,0.6275402241256343,0.5669515776716867,0.629292010265033,0.5345331161040818,0.5692629429444275,0.7239789028153116,0.7922197374038595,0.8062693721357373,0.7151463907581844,0.8258041723596125,0.8599392650118499,0.8696833476645756,0.8282061053589804,0.8595618624678583,0.8363003783516478
302,1.1824088331319142,1.112554892714757,1.052749834903612,1.0518742817815365,1.103141411649782,0.8282403057126855,0.8683003071878855,0.873674800017189,0.7020577686698835,0.8430215589836019,0.6053273809975812,0.6245338579534807,0.5902765910439141,0.5945689741563265,0.6486471669627654,0.5698408969796787,0.5666469591497771,0.5282797823525823,0.49219182158284924,0.5242598761599164,0.601604475274663,0.6085497423391524,0.6229196828447492,0.5452111164705055,0.5620206251110675,0.7034846696724244,0.8387077696934789,0.8078245377686104,0.6669752656664383,0.7976916477887592,0.8472161731992053,0.8672959533668806,0.8435128233486826,0.8286820073835903,0.8573706578121522
303,1.158973611462905,1.060524037988261,1.0174979573327083,1.0511850335832493,1.0380034407458423,0.8188209478361731,0.8338958477985449,0.8401084506683631,0.7679819052344086,0.7778710782392027,0.6964223176749107,0.6205598823643131,0.5199488456287835,0.6220687739640354,0.5948672398264792,0.5629008274610117,0.4922486153401464,0.5271523504615426,0.47820436711337766,0.5196543894572364,0.6351240122586583,0.5658756602909212,0.612950542663951,0.5415530141387551,0.586932359476291,0.7118506830496492,0.7646553318243068,0.7808037073665869,0.7286173560896629,0.8005294970700105,0.8403176277556019,0.7938470654529035,0.8057367096553624,0.8597517902016969,0.8807819469616209
304,1.0930730889690703,1.0132289871972135,1.0780172039089364,0.9920899403219351,1.0067419483667859,0.7906773266099228,0.806187490028349,0.8333842313297479,0.7741993189371622,0.7826656009605317,0.6349634769802563,0.5931818218766393,0.5939396189175787,0.5979695745945175,0.5660115200737372,0.4899128310640909,0.4928420233087296,0.5541642768082999,0.5208180304241341,0.5334052539915355,0.5723153080353611,0.5590104795804819,0.6405233583234776,0.5183278874458012,0.509937635551716,0.6484727531060415,0.7638431104467444,0.763552122481904,0.6887150015117007,0.7817018836298157,0.8348738703415344,0.8767007545028768,0.8941516596475024,0.8264947540000009,0.8178266901435001
305,1.21311667462557,0.9945585241328113,0.9882006676915788,1.0499554230279302,1.0495132363999229,0.8415974886700206,0.8093223260085916,0.8644792629941662,0.8395892354376382,0.8152902042438446,0.6898892430098821,0.5745213458187812,0.5879839893839129,0.670889146159083,0.6025415444322587,0.5463448721518034,0.47345665242327994,0.492042315488416,0.5494366585415316,0.5533461508189704,0.6263794912069787,0.5725889896085479,0.629796665455397,0.6376751187993908,0.5573577949210746,0.6994438688262465,0.7289440682469313,0.7265349853190328,0.7206608046360012,0.8571504566789314,0.9070347510707752,0.8543025068869948,0.856594278326219,0.8929658376914764,0.8716893665086721
306,1.1719485845676787,1.0446196898242133,1.0409918261007431,1.0035326470620052,1.064355317747788,0.7686179095320289,0.8761360308363123,0.8849714688602491,0.8174318013830606,0.7894617078588929,0.6216139671781662,0.575449799714817,0.5925541084777912,0.5905938952789035,0.5664026571257519,0.5324316388658923,0.5452164571856,0.5528165970068083,0.5473624963111167,0.5329720097500134,0.6374445530502241,0.6044835978881815,0.6713075842648175,0.5358932428896908,0.5621484178485763,0.6949945503923844,0.8489630754491875,0.8209904350532842,0.6869972456433812,0.7958120640683766,0.8504456506833236,0.7867861176581066,0.838565805107067,0.8755032523252463,0.8492659442938149
307,1.2014169402725416,1.0362236510936556,1.1146409095191954,1.1351415031179868,1.078151274964589,0.8863441897494817,0.780916115754228,0.8876799704541505,0.8392094527579838,0.8054405951093776,0.6265917227849618,0.5475629773018506,0.6267052278364265,0.6433896132300185,0.5940965387291853,0.593426149068414,0.5178488870298598,0.5561310088479264,0.5099010085068447,0.5609364385992366,0.6177015362282807,0.5117033988340698,0.6670218436444357,0.5609653736584488,0.5464203633138045,0.7199084705209484,0.7578136194047465,0.8231328888070711,0.7331333355938132,0.8213965623692527,0.9164933250218965,0.8372471367988521,0.8593619090739502,0.8556960187436977,0.8420719676296169
308,1.1870090546308874,1.0909267532423303,1.0679753988710312,1.0685349810289169,1.0242757604564043,0.7887438741502859,0.8896041340242966,0.8622576393793362,0.778785429748847,0.7851906095341554,0.6536857721285658,0.5735780616651776,0.5673288158857555,0.6275768194402418,0.5215082327284193,0.5363597380236365,0.5668874981449366,0.5581768595179415,0.5230394335085082,0.5278491233936902,0.615074149435568,0.6227479839372485,0.6157146188697747,0.5312328270705893,0.5135795939860612,0.6792721465151654,0.8638601117132285,0.7704589530069796,0.7304295398397349,0.8190696810903262,0.882703811530498,0.8947419570851254,0.8206246141812297,0.8199359446808543,0.8107289355025469
309,1.1405657449366675,1.094495755534507,1.0618878292521554,1.1641742586062733,1.0138111398923044,0.8097738137864483,0.8619183043857128,0.8791241060808817,0.8588574513617095,0.761600364981812,0.6351382117477393,0.5870559455315826,0.6568312397211236,0.6801651037505936,0.5988283569032241,0.5179646681006577,0.5672316881457466,0.5491920315169361,0.538585042993567,0.4942824850015965,0.5598293554357221,0.5983702820630168,0.6578365686563333,0.6324144018579705,0.5567155334801034,0.6459997704162972,0.8533743749082012,0.8357934087400395,0.8035128272013783,0.7554764754829528,0.7996155440823365,0.8542461634521051,0.9142349560115696,0.9084460250676165,0.8215440548446299
310,1.1890874879276778,1.1055108445062667,1.07183268372017,1.0572923600490562,1.025545507887824,0.7998714031607769,0.8603449286575194,0.9233597460665987,0.7715071964515792,0.7726717563195401,0.6436695796053923,0.5862299993845497,0.610595667005725,0.5830225570614987,0.5459269677601966,0.6027983288334806,0.5625997982199773,0.5124902036372003,0.524634559132584,0.5313304902200726,0.5709750984475463,0.5739736236159458,0.6352936282605273,0.5579014597039016,0.56566486210107,0.6678230055118068,0.7632506726541703,0.7592846221774536,0.7239834287743565,0.8087142051468508,0.881950128978964,0.8247718734805023,0.8020069395859639,0.862218873775235,0.8128897106244037
311,1.211032502457444,1.0592870275643995,1.069882711216158,1.1719201585368304,0.9800788231099804,0.8154672630509052,0.7471422313624513,0.9585939263871687,0.8185597876562544,0.8379792406164946,0.6543659975676226,0.6114126396414563,0.6416671581756908,0.6654010685543204,0.465147973862133,0.5816077396223085,0.4817280640560553,0.5788775362783081,0.5681611217897637,0.5356794965634664,0.6212559109000622,0.6081158254398931,0.6656458834830321,0.6144876355656091,0.5889354563408782,0.7073803893556518,0.7935173486854443,0.7483571632089059,0.7904642612203565,0.7930954232941723,0.8938143013283222,0.8497478658759858,0.884980950522388,0.8922208854409212,0.8538821393528684
312,1.230821850468153,1.1172884192269796,1.0338485440448921,1.051442740411673,1.0134819049212476,0.8612291350604293,0.8962053457186119,0.8373011453685147,0.8158804507956066,0.8029826178197127,0.6931197008953491,0.5965488411177124,0.614301556007539,0.6031293857798428,0.5416040384634703,0.5994229881900657,0.5198332622448955,0.5269112822901835,0.48535107932712684,0.5146882965190649,0.625162727760228,0.603529343351908,0.60910552344483,0.5078182847344901,0.5278514340545408,0.7172177378770949,0.7722886975492824,0.7403021459178278,0.7185791767378675,0.8335208264132967,0.8628180181663861,0.8317538548262678,0.8200549545479269,0.8281997296880119,0.8521011082670276
313,1.1604281289995828,1.0818128075107003,1.0412745072350589,1.073591823720581,1.0418684741016773,0.8834312555847261,0.8271299233772307,0.8821300384425182,0.7450587986543542,0.8429165125850921,0.6105368865202969,0.5996568439744556,0.6446518688042469,0.6124754384426394,0.5868128682469127,0.5463212819394008,0.5466046025001376,0.5927048974101928,0.5649112829463483,0.5370541464122068,0.552833917170579,0.5796386981401193,0.6364473683307754,0.5504926166372786,0.6185038356055124,0.6570938121281567,0.7741912177473238,0.7972593652015332,0.686424119893794,0.7939596306823786,0.8181324499155749,0.815496375616948,0.8737224481614454,0.8493115622199979,0.8675584784406766
314,1.2446846815373727,1.085964827589804,1.0877490201986288,0.9490591648747173,1.0539210569934392,0.9229480224157351,0.8515272438417759,0.8153638633112282,0.6764394463175406,0.7822052425873931,0.6716980929840489,0.5980770702829677,0.607053555848537,0.609524354317103,0.5320478272999827,0.6007307368851802,0.5498509716992528,0.5302405124243444,0.4910782758631142,0.4971979007769439,0.6384483211366396,0.5865282430256596,0.619805291368563,0.5490345404780514,0.5597443128474252,0.7900247080288252,0.787096857697045,0.7539568861853394,0.6767690625476421,0.7606222479752346,0.901201987777636,0.8633267411237795,0.9000562127405681,0.8167834452016556,0.8170166100672416
315,1.096075995139979,0.9755295618853845,1.0344980018491476,1.0594351734153693,1.0814415225889853,0.8267111892956878,0.8144272978589149,0.8442337053853559,0.7638882747577573,0.8348002143362003,0.6456855627299676,0.5838120621908265,0.6529811322826327,0.5403635770676986,0.5965595747938732,0.5427389274121757,0.49731030769330337,0.5395828325084453,0.5466755763116792,0.579965694842729,0.5464682382608888,0.5898603784812059,0.6300106172368914,0.5920655745482437,0.5704875964375429,0.7124829899331573,0.7812873923914008,0.8072384128498241,0.7358348652965304,0.8574934674582708,0.8228393168234851,0.8050345052513038,0.8755159624433856,0.8425302172810194,0.9072965249981992
316,1.0710449561153097,1.0174961697484362,1.0135360234894082,1.0063338959125712,0.9207309735890447,0.8277444995066129,0.9350178530877171,0.7848327673771002,0.7652617359330824,0.8287158198294414,0.6008360675342508,0.5573840189648787,0.5885747325813013,0.6412752003638758,0.5936204260310418,0.5010528182787117,0.5719250761952491,0.5349598450718532,0.5132431349926361,0.5388797290312709,0.5213727528579164,0.593807846530449,0.6119288574338457,0.5541538439914373,0.5798332177585446,0.7019166307840499,0.8387906280054942,0.767768358402462,0.6994597453022808,0.7680737960293498,0.875514440121283,0.8730487213410184,0.8427698799584045,0.819785536451265,0.8610004318494004
317,1.1580117175389666,0.9920916195877905,1.0743199954125844,1.064277609667513,0.9816330954761523,0.8815840387254008,0.8100814981303511,0.8664525426460834,0.7784326916054028,0.8149477384142079,0.6364321029132655,0.571116816454774,0.6328124378968397,0.6272764290506927,0.5515776450726794,0.5670297571631968,0.5329720324245587,0.5933303142327518,0.5676382581260362,0.5274089166920662,0.5312378258923217,0.5789938844882904,0.644764765826465,0.5994528753625461,0.5765286938156577,0.7548197078075388,0.8619707508040826,0.8049999890735954,0.7546169059389866,0.8337855465016846,0.7945775317980834,0.8336777165810578,0.8934642248260695,0.900855914575352,0.8348073336558354
318,1.08958031102401,1.0463089513681192,1.0508012309266463,1.0347375625851882,1.101860838200937,0.8765512911143273,0.8409257105276319,0.8736483280907725,0.7490251644251542,0.8500997027895993,0.65619297538638,0.5928785792387894,0.5620394484921389,0.5804869063338932,0.6364008474048013,0.5444566303884175,0.4852521808579764,0.5616515808246527,0.5433369163785302,0.5784960388219365,0.5781627163033611,0.6034813287923182,0.6286215367563543,0.6056631432037488,0.5670644439428881,0.7597897413529832,0.7939837985560307,0.8045212242755917,0.7049726142806195,0.8817652762168272,0.940356598522583,0.8529021327881351,0.8802868825257371,0.8205647008003798,0.915201563834538
319,1.137613815899451,1.0656511113156781,1.0304358387134065,1.0516049242536316,1.0719978672149946,0.8690045389084502,0.8428968984834861,0.8277409908767377,0.7786089586443679,0.8099956618207349,0.6453611199683146,0.5599404421648282,0.6063748875469016,0.5912684382647123,0.5613691096293418,0.5658365813470695,0.47817670687017455,0.5143836731334641,0.5396003988126018,0.566318756376005,0.5429600398888197,0.5770302166172545,0.6316552654839884,0.547144948965673,0.53054056560051,0.7532261730916634,0.7714535946907624,0.7701532024571377,0.6627622476699195,0.8897809916912535,0.9131341962595958,0.8443974917790517,0.8490212788329389,0.8777330678312525,0.8697319816974365
320,1.0995593850969725,1.0675465942136184,1.0248846653056576,1.1986155781011476,1.0300765161884686,0.8064485147182094,0.8622782133750979,0.8416974789398703,0.8763881509411002,0.7664772753875719,0.6396320061367428,0.5955915794013835,0.6032355634409459,0.6583504069228522,0.6056798171066476,0.547310324306001,0.5181026483945288,0.540833362511492,0.5929138054150782,0.5344327625155362,0.5274824189081315,0.5606660819998784,0.6521735466107731,0.6384520672719313,0.5480832955944557,0.6958340590811667,0.8569083357375413,0.7516043470576833,0.7699055087071224,0.7913478808170878,0.8651994644778508,0.8598288835028891,0.8846943878755087,0.9012278670160737,0.7877154599276834
321,1.1692654607196058,1.1010757805689912,1.135896188650212,1.1879906597284902,1.0226605337343084,0.8840210686701445,0.8231847432613113,0.8565929851078533,0.8149156614310249,0.8618498537278986,0.6370391126065282,0.5542601443599755,0.6533084492897532,0.6261049779879353,0.5887419894203887,0.5373008253079533,0.5072018337351515,0.568508810645274,0.553910892006275,0.5608082527378586,0.5630155416487099,0.5631054791413683,0.6794813479721795,0.5929099438177228,0.5945945716218066,0.7530105431275447,0.8134286680258486,0.8383464396250246,0.745665814154751,0.8882357218552127,0.8691828013285634,0.8272909534274868,0.8802692211614566,0.8779557795456004,0.921842756771484
322,1.1466002352241795,1.0125300828977224,0.990155126949159,1.1034164501065287,1.059528048896376,0.8431970470729393,0.7985212928313716,0.8009735960598374,0.7924041830041326,0.835244885358319,0.6339274796154453,0.5462355366081131,0.6082996071281594,0.5609984874507382,0.6187699021384647,0.5066188639649394,0.4952525358642018,0.5812772186412065,0.5219968696841102,0.5897556420818868,0.5354070015370276,0.5821960109665574,0.6463538850840345,0.5919403661820426,0.5841529810516236,0.7057179585591269,0.7472860836960173,0.7838143584331361,0.6532241006097305,0.8589374671189822,0.884224167194686,0.8372561454937336,0.8403109638376631,0.8462409804551525,0.9133089909049594
323,1.151756197160458,1.0242366399560343,1.0318536614619462,1.0587166776308767,1.071408191906344,0.8566191846688996,0.8495256495981447,0.8334378695205138,0.843365714867529,0.7805019081058888,0.6268883097793838,0.5823393506960395,0.6137787073874005,0.6365508328181215,0.5766598814022887,0.5180154453669209,0.47610706189794944,0.5275270223233334,0.5813113242720422,0.6119643342037431,0.5839383257906676,0.5641874854228831,0.630504869828993,0.6201405327159906,0.5646747087677256,0.7220651099117147,0.7367374493892935,0.8049894837560436,0.7091054781802194,0.8783021894699448,0.9270733086903143,0.8638989840984529,0.8473852995749543,0.8864634215290543,0.8979451050158143
324,1.1168351198864706,1.0895503392411134,1.0015338704591974,1.141230055850094,0.9657024630431146,0.8445963097483415,0.8342444636016275,0.7895179954817322,0.8018136448908779,0.7578301229532294,0.6309695305284264,0.5966715127979951,0.591520886172695,0.6248962190695564,0.5747857169052892,0.48692588425399225,0.4884583980233616,0.5219112540731184,0.5499321607372729,0.5041257818595566,0.5565775759217404,0.549639916651637,0.6516880585492323,0.6094048242591814,0.5732518124551915,0.644501662577261,0.7165864331377216,0.7432375683671597,0.744506814341398,0.7681753507224961,0.8768844329905332,0.7899922244261821,0.8207281849197424,0.8957601795394717,0.812601805420865
325,1.2564066518299928,1.0724489417071714,0.9830320260299841,1.0808514997457017,1.0248068578847374,0.8869069481008494,0.8690187647332434,0.8816817920530627,0.7660482866160989,0.8136682898527274,0.6863188223784595,0.5230180198137474,0.5640991635084791,0.5875422582699434,0.5582215706275053,0.5596049374669074,0.5342318325514903,0.5512248609563788,0.5649852276148682,0.5828417636024474,0.593003792371169,0.627185815197525,0.6746664129975064,0.6158296140827957,0.5704191810079097,0.7611483886981627,0.7640175373133289,0.8040489696245257,0.7216866866782934,0.9000061152253802,0.9159875599334137,0.8688692411011866,0.8548595739424711,0.8914092529411328,0.8332065916049392
326,1.1643455040444675,1.0381635018698987,1.1098304184595507,1.1201968461337404,1.0148618873814998,0.8661624322431012,0.8125557720828246,0.8719962526476519,0.7849875314946642,0.9036527970394541,0.6244009852851122,0.6048352593032054,0.6320645152163686,0.5722573745048893,0.6058253417289459,0.5466768721192279,0.4826012839834348,0.5118923799024,0.5514770927460895,0.5417049028768772,0.6173527801857612,0.5759685703671136,0.6793053301082231,0.5895930262762157,0.5723059764362196,0.6991663545661995,0.7194908986905741,0.810096325487341,0.719970228491605,0.8537076840004647,0.8805328934409526,0.83765293265394,0.8553487038652225,0.8838086738243522,0.868710000233591
327,1.0692193909125587,1.0451676295420056,1.0275300886881917,1.1528467480807048,1.0462776655705222,0.8609421476771675,0.7691996921848807,0.85407737415332,0.8695904917075641,0.8215663339727093,0.5820300260440296,0.5839835279534423,0.6341805856512936,0.6480415808327284,0.6122727316619341,0.5025252050729857,0.5231990196856158,0.5177112468996908,0.5975187269853586,0.5612393683541241,0.597187148610121,0.5976806761630519,0.6438946788966569,0.6301622228926465,0.6343517455373473,0.6763851043775121,0.7746506777464301,0.8088422029041256,0.7317278078153198,0.8505304894245109,0.8112483122128407,0.8259129507648701,0.8110572752367609,0.8852672202253746,0.8528397893117974
328,1.0714730699809905,1.0645174858463617,1.0431284686649556,1.0632217423251873,1.0798918451191164,0.7883497342638791,0.8258322229585613,0.863468646252374,0.8200877234065208,0.663910377914497,0.6543125803865701,0.5889669067299084,0.5933898909295485,0.5702877383085554,0.49171020149416167,0.43641777361060147,0.5117531602320248,0.49945731815065836,0.5161715580612015,0.4858350013828491,0.5637799632721108,0.5953664960243696,0.6316125481731898,0.5810731718440496,0.5062465245623202,0.6818006110777677,0.8293748728638323,0.7578918088390407,0.7061613983447941,0.701728682528262,0.8790942578508474,0.8816111908283296,0.7973326448020367,0.8615257133940561,0.7583074125981104
329,1.1414186104275668,1.0037524907660236,1.0534460129107859,1.139959120672865,1.0538082184538187,0.7385868595545733,0.7415825216332896,0.7798499039432918,0.8035968972485235,0.8259661235275342,0.5883597774399367,0.5738404646512837,0.5931292877087628,0.6354669807399074,0.5865168169445574,0.4783132031158785,0.49971761983264634,0.524555590729563,0.5809818772236189,0.5782515867744424,0.5306444477302518,0.5387306798380312,0.6367127084125667,0.6023960813763631,0.5604571560004895,0.7480766577884328,0.7518615108286546,0.7182618251912846,0.7291752373506735,0.8290939532250738,0.7738187836821229,0.8441535025557878,0.7944726227625094,0.854447490150209,0.8938370411941997
330,1.1491358815959045,1.093124812419644,1.0060396489249044,1.177298409073274,1.0352883238471202,0.7999830600812372,0.8073942007760796,0.758501412205099,0.8166662276848262,0.7688663275332075,0.6329311824128737,0.5719549835341935,0.5805642022272204,0.6613474129147501,0.5289832232038674,0.506889024306506,0.5162034910020994,0.5331813309027131,0.5361436292613203,0.48848619294048934,0.5987425594349913,0.5903587134713453,0.511450995832704,0.5951005441492035,0.5241164254942214,0.7111765477732513,0.7827452515894586,0.7314077375829183,0.7105619070843312,0.8301708253344557,0.8259884507375634,0.855993095549608,0.775355983692513,0.8916457698251747,0.8137689216522022
331,1.017677891826545,1.0844696321981524,1.0407561737833866,1.1423421645118346,1.178084991129447,0.7874863045524292,0.8719191493134492,0.8660953209488975,0.867196155438215,0.8215549663804702,0.5842001308013998,0.592633488667024,0.6288643449459296,0.6144387103212474,0.5779147022254973,0.44648227646633176,0.5668047963215335,0.5808457812220766,0.4881080797798513,0.5529679100730875,0.5707568991038444,0.5468816238774299,0.6108016539317596,0.5777402433681805,0.5937850821834831,0.6652273577635448,0.817022953662028,0.803348848231358,0.7819038570364133,0.8969761446635665,0.8378793291263325,0.8608223958767627,0.8399075885362547,0.9385127519712696,0.8790134118651791
332,1.0970960261829026,1.0406514487937648,1.047999378576659,1.2189617743663894,0.9817938894195489,0.7792303865133445,0.838992172117897,0.7616993008626093,0.8731718636398917,0.6623481670760683,0.6198935202921745,0.5479318758796063,0.6030782700804415,0.6441701549509755,0.5319229557485862,0.4285064647759971,0.5572572444075328,0.5229596684111044,0.5295908717274738,0.5378924320886092,0.5864392832198551,0.5385994211720402,0.5998545727983391,0.6516582505604973,0.5277787701222483,0.6700516391561238,0.7647913764865173,0.7673775184068983,0.7680991068664869,0.7614386518960864,0.8520177750697822,0.8203836382567928,0.8403169821448411,0.9212199644433059,0.7945572666796152
333,1.1773820861899813,0.9678720429112397,0.9888991642422369,1.173223691839745,1.031064422416559,0.7755493812669487,0.7832168223410931,0.7995207317149611,0.8194811924199338,0.7435325948678306,0.6102410392034723,0.53342822612652,0.6103043303939901,0.6401376881894618,0.544706254408305,0.5108607007807672,0.4971844002545885,0.5103081885728709,0.5369312508212329,0.5289692331196763,0.5672712994763555,0.5642148627989663,0.5270733129978667,0.5819925767474754,0.5243318131584691,0.7076429490869736,0.7848566123114425,0.7451852005702277,0.7560230446337295,0.7575362876928102,0.7914842758196091,0.8168316600409806,0.8357723272121856,0.8640405309378703,0.879505064693401
334,1.0559973512001406,0.9818178919332146,1.0191206713606011,1.034054777446182,1.082859606506796,0.7874914662032728,0.8488950712317149,0.8190208932447707,0.8092305934231017,0.8037772426926357,0.5997831822645872,0.567112661362636,0.5844449758395965,0.5681645486762901,0.5257502939103292,0.4935245960500475,0.5190961523404288,0.5111123299588911,0.49654312354656505,0.5637812080802677,0.5645959336374675,0.5220067132783691,0.6169758416510891,0.5735588023897513,0.5283377732833047,0.7002846717125267,0.7888483650592699,0.781033782637642,0.6576725778770647,0.854732953403136,0.8027812107626657,0.8467238599712518,0.8535789677369066,0.9022535910345463,0.8409476387591035
335,1.1754863635075528,1.0234535155743285,1.174321286060305,1.155804803406134,1.0902471957381743,0.8755891637487841,0.814457423237795,0.8398801622823522,0.8172159954262739,0.8631760661807923,0.6309553385229321,0.6026492130067269,0.6459351765936796,0.6208990728003603,0.5959966224109443,0.5351169582622628,0.5139335877907678,0.5621039546494987,0.4895244047517997,0.6113743575261368,0.6067574811034947,0.5437764889204186,0.6551069891702856,0.5765231561565762,0.5857227319944056,0.7251286142074904,0.760621975429191,0.7947296408982522,0.7004784282156802,0.8830852147974235,0.8635411710905179,0.8306089375416525,0.9096125378553721,0.9207014623658267,0.8812982501275551
336,1.2101347097359756,1.0932014637507366,1.0337763324707492,1.0674038920058027,1.0584696255542043,0.8496206790171239,0.8341523574728433,0.749022366595314,0.8435981572265185,0.5982626138685696,0.656167746385899,0.6039059679749439,0.5864429690504602,0.6134406393579981,0.5506983020186202,0.5593765051929855,0.5442051695635746,0.5112121083227201,0.50884268217203,0.5321140682550054,0.6179914136758367,0.5790075756146338,0.5960355332713998,0.5600414324756028,0.5891612861396829,0.7157240528595152,0.814103924012848,0.7226397350931885,0.7169327302401428,0.7684060400651276,0.8324830745738719,0.8961767431980789,0.7595964577328881,0.8599869979445598,0.8063698835135269
337,1.1809081949257407,1.0342598246478016,0.9879767586329538,1.170055656703958,1.1123876480435744,0.8833579514427461,0.8089709745019313,0.6811036456682917,0.7737075248020017,0.7567140501693208,0.6689383183296693,0.535485610959811,0.5857401283939069,0.5388126295293646,0.6091826166516163,0.5632991490860335,0.5574457373905432,0.47856108858537294,0.5107777277262062,0.5125877659939124,0.6471728676366676,0.5815948213919863,0.5822158147771324,0.5254801467004968,0.5642179316691768,0.7387818480330945,0.7806945113512436,0.7740238688389585,0.6831409356203351,0.8716370270351793,0.8677229217781535,0.8508268108363765,0.8173065823403904,0.8337923816946329,0.8790261031747347
338,1.2520019383640055,1.0218429464077574,1.0155051356401952,1.0731711061418334,1.145631616616385,0.917351771221383,0.8319789230135433,0.7454283524705609,0.7758707789222993,0.7840759988593526,0.6546203318362591,0.586612750219849,0.6072514625265931,0.5753856644692132,0.6069693146726332,0.5771323765692107,0.46210141997116605,0.5415935745295648,0.4964633228222243,0.5475668737855854,0.6582276473902827,0.5838035794602104,0.5984153878556105,0.5405585734530218,0.5661630474784376,0.751304296796619,0.7820059674646473,0.7320358295495026,0.689592708027249,0.8130312828236661,0.9087366798487474,0.7954040087942085,0.8305724448649845,0.8798899039494771,0.8130844574286009
339,1.2427817587053285,1.036328034948963,0.96122282429426,1.1309329759663798,1.0788352488264439,0.8568276282646428,0.8610963287647422,0.7571187670430464,0.8368778647518419,0.7568640245663733,0.6738636200089121,0.588772581196781,0.5525637743417711,0.6305415313875367,0.5603008046437309,0.5762269860815477,0.5350761149327653,0.4997917036876562,0.5393537050970616,0.48977236558702664,0.6446551063616174,0.5662513152074748,0.5501744419926127,0.6147401397004464,0.5773635846781313,0.7649237378629078,0.8029320380653079,0.7520335160866365,0.7011486911979382,0.8072507587009745,0.8765044344509337,0.8354483082358577,0.7761057486624162,0.9382276071529319,0.8660364503289022
340,1.1558831857778482,1.0063641769282914,1.0873417295392371,1.076285920066541,1.0386364451069077,0.8041870249030834,0.8572364147607072,0.8093648731530788,0.7889328984680605,0.7218660656121493,0.6465794361935668,0.5831602647639702,0.6097470532436892,0.588792546570684,0.62660265293667,0.5789462482014827,0.4912479480972761,0.5262862144380203,0.5227563668199323,0.5528514140704504,0.5987099639138501,0.598014560826646,0.6388276241555341,0.5706869656352476,0.5971975711963187,0.7072727190897877,0.7575774648094546,0.744889581559697,0.758571318059106,0.8054367676880239,0.8244824220323477,0.8266894243354588,0.8668534983342762,0.9130843104717399,0.8398389662412968
341,1.1582720147076935,1.0304431129087324,0.9794946549194867,1.1072875554779724,1.0438470641733435,0.8931502690565778,0.8269461310279881,0.7733416448611087,0.798498689119142,0.7544486429341342,0.683822779776288,0.5735599552627745,0.5439688542433362,0.6012082381194368,0.5657357631481919,0.5612850778931491,0.5010037169607331,0.4824260377973052,0.56483124610204,0.49189054243060193,0.584700017408581,0.5952640386731534,0.6095779987334945,0.590172335577969,0.5571140214293577,0.7066248060316292,0.7824453691286501,0.7026391177764262,0.7064744104444591,0.7517519141915019,0.9304670500426959,0.8233462586535687,0.8356152853849116,0.9602579993864357,0.7804144399309187
342,1.116205914578968,0.9514199301217636,1.1244356491214085,1.1910690824915169,1.0872405979662885,0.8290961427973575,0.7783016498585734,0.804979903891983,0.7869165888800521,0.8162676425880043,0.6542566308183306,0.4597350518071035,0.6501467436123236,0.6194322451470677,0.5755662964679797,0.4961446336557254,0.4703769461180105,0.5531954590468812,0.5340925676470965,0.5659816101229469,0.6094815669409499,0.5702940647649593,0.635901449297615,0.6265440064933803,0.6070697551499994,0.6932547914479148,0.6718514808234851,0.8227652535370323,0.7479865917345179,0.8399050049203257,0.8195606682039019,0.7440311720966264,0.8867006684979708,0.9261111118969989,0.8711414177304104
343,1.1180723204268663,1.0098625047103764,0.9845047418963978,1.1077824843595347,1.0793260719349616,0.8382930954157571,0.7865597407847477,0.7878308773023691,0.8235229427615818,0.8718611543258098,0.6547048033258487,0.4730167956396959,0.6325129545527398,0.6210941017413993,0.626790261969544,0.5517554323095308,0.5153374789705544,0.5153993605696703,0.5077171207267616,0.6031325768142031,0.6262356016325228,0.6018666182071928,0.6259554505742415,0.5580920187830696,0.6439115899463282,0.7504780711803598,0.7231218379316782,0.7550212866201946,0.7116076700488747,0.8684059583928582,0.9017190369070947,0.8543828463074155,0.8574658729293569,0.8786637862704847,0.9080900259496026
344,1.0862705410237146,1.0734841736803735,1.032142668830713,1.164166825526996,1.1450399277557564,0.8162231357395394,0.8723119627350172,0.763520010891547,0.8958922916340348,0.8222234983096308,0.6437795715468393,0.5747794647963502,0.5883908290272732,0.6250248698772299,0.5958650412936659,0.5201950402426077,0.5345825232024565,0.5302696506478941,0.5632856000114717,0.5861044540061953,0.5939846979751897,0.5988155754126232,0.6250075733714509,0.6390953317037632,0.6158674879114983,0.6956712712150841,0.7256964087541348,0.8052039321884118,0.775808380986491,0.9033724283485851,0.856166000522006,0.846377149388757,0.8586603027662638,0.9361111389485691,0.9297140111938854
345,1.1618319901307876,1.0760966375926193,1.0009554883217788,1.0708445722500386,1.1443647044676395,0.8385472475967993,0.8821952521801096,0.7270183504969728,0.7740134323740151,0.8426623779648892,0.6255928550285006,0.6261671118551877,0.6050881713442382,0.5993702649385519,0.5959130757781502,0.49686830605653176,0.5415251788304483,0.5010663724910127,0.5335115349875011,0.5344097644316066,0.6247667622745834,0.6248554866087762,0.6345027843134601,0.5710164609754292,0.5968040101270868,0.7132251691044323,0.7348704786877156,0.7800090061367344,0.6894752094515948,0.8113148674030478,0.8297335226860081,0.9280380485270556,0.8149057983944505,0.9021242463082556,0.9034326876064158
346,1.1368104558043108,1.0440428385635359,1.0571765628488703,1.1424183217241728,1.035265435612637,0.7974376070719749,0.8932394372086581,0.8562165317610628,0.8573007427702045,0.8281454646715767,0.6290789433760373,0.5996363368234087,0.5948556921363914,0.6424828574788493,0.6081781068136687,0.5095849268320869,0.5320147484160742,0.5313072851959009,0.5467063681500615,0.5586337504830337,0.5787179612027549,0.5928586344755873,0.6447176635541874,0.6044339524071405,0.5568492103328637,0.7098977942681994,0.7962386164314743,0.8427845030522255,0.7477636864178253,0.7904139085007014,0.8486800699951412,0.8887659379961278,0.8629068756484084,0.9130488716011841,0.8547007455494382
347,1.210794081330983,1.041738753844753,0.9214042475328437,1.192424942894333,1.0658592522483783,0.8278964526909269,0.8463125764388244,0.7533871603467794,0.8440381942052546,0.8648091287866322,0.6645967791260375,0.5905508860151902,0.5532805117327948,0.650042468965359,0.5270810267793754,0.5797558928529493,0.5468309406210703,0.49766764906716315,0.5192808440097606,0.5682711299034986,0.6260593997709253,0.5790172268770946,0.6551491953123616,0.5818404086191857,0.5479129313089754,0.7326844236116774,0.7572235597499388,0.8045574121967608,0.774921460285804,0.8615664195143934,0.9007209667467273,0.9246679531759077,0.8098993498681752,0.9824370531945895,0.8680403780165987
348,1.2076377054652778,1.1569097536536108,0.9951080937582465,1.1312083271295015,1.086915648732624,0.8419353465532271,0.8908232793255635,0.8253629169181509,0.8754017591080026,0.8089886491881136,0.627809831639393,0.5607190162218783,0.6149114858511552,0.5979471253360339,0.6058663523094782,0.5355382065564903,0.5623332054581677,0.5367903667286009,0.5343260301966648,0.6131072834730478,0.594004653618414,0.6091180329204382,0.6101553627717733,0.5752968293561549,0.5687133898276324,0.6987620121751646,0.8435314089981514,0.7834714990325713,0.7218787479021,0.8664973912700484,0.9329949759534926,0.8850461044745164,0.8452968800773032,0.8959387115942115,0.9000123590211858
349,1.0862548106342762,1.0864955723469483,1.028159427144134,1.1470752036811855,1.0670793899701305,0.7896402634374801,0.7997585424086304,0.779008549493931,0.8450717225511809,0.7827032538119763,0.5868876699486505,0.5173719055614903,0.6193237459210188,0.6457131587261162,0.5487191743783293,0.5127399956853842,0.5326380579627692,0.5270730424237524,0.5785689130182511,0.549461327624535,0.5187288176678697,0.5311923397876075,0.6459723744528034,0.6357328559297322,0.5664479454224318,0.7096388053549061,0.7519896435210498,0.843443365592937,0.7814407147371247,0.8495112303389334,0.8251129423898409,0.8479009599614737,0.8003165381161048,0.9295471926271727,0.8573015935577434
350,1.1392109370572012,1.0959477239108903,0.9815936340161213,1.1437269074027892,1.0073483722616072,0.8336304129361389,0.855430702854945,0.7331098763918984,0.8110950519289097,0.7414438095375511,0.6175654340578374,0.5469855541126245,0.5212971805122915,0.6389392383359727,0.5378393167114441,0.4878709572696087,0.55728433606597,0.48463956478518944,0.5218753384547751,0.5213822545295757,0.6123493740036553,0.6101852453618841,0.6115797549541504,0.5929080048783347,0.5911860286952896,0.7256286350807359,0.7958785902709902,0.7629244575561168,0.7239112281295026,0.7855697867234808,0.8212487054844142,0.8944238971624023,0.8083101734696075,0.8607397973576864,0.8251955450515109
351,1.0968844914306606,0.9991332698532205,1.0866136906033497,1.1624492132045126,1.1101822350059258,0.8148706726596409,0.7679422031682348,0.8031924957142914,0.8424796415156033,0.8413937933733061,0.6335244352257428,0.5299027224212332,0.6029324716249581,0.6730081484640036,0.645505106085378,0.5671850717702951,0.5029814164645372,0.5118138006445094,0.5819760134049934,0.59231013874227,0.585915026219084,0.5449868966468024,0.6478012383453834,0.6362579448660142,0.6270971200799308,0.7576919318060131,0.7355696952913495,0.8571226529828968,0.7125313001168054,0.8784932389707307,0.8873859955964672,0.8508904248394189,0.9049716902867831,0.9776314148791589,0.8518347829487588
352,1.1121519429412596,1.179642452534864,1.0276851288936188,1.064984984264,1.0680194879893314,0.8184363797589332,0.9222287929921777,0.7028721497967473,0.7677468688245067,0.7972607698061893,0.6379942915065466,0.6645105298843302,0.5868513843813791,0.6013718792689726,0.5850200050719856,0.5486090456628985,0.5399847594726097,0.563085333154145,0.5259238211900644,0.5657395007216945,0.6204782951627708,0.5992196089199496,0.6670716766343916,0.5837933922877536,0.6003129241351246,0.7029887054675479,0.7773115120801111,0.7548790594198734,0.7056102983750236,0.8088031028502658,0.8350533570585496,0.9101876869367598,0.8940390311748563,0.8847405546719176,0.8045679693474915
353,1.0977914411075687,1.0873647308166192,1.0659560647404256,1.0470472578889578,1.1031879061949164,0.789812439327681,0.8707969937390478,0.7646725113651434,0.7866847947595305,0.8552129950131148,0.6442175292486296,0.6154347398225342,0.6133512913626326,0.6278752372641391,0.6513269219370205,0.5430425540753998,0.5774105389511538,0.5581798257335917,0.5285464786159636,0.5670726556464406,0.6266287556987905,0.6122000755614255,0.6384406675024629,0.5687929665012772,0.596587084881747,0.7075664429454573,0.8167973446332707,0.7742453810096587,0.7113693463253563,0.845975916263209,0.812025701545754,0.8688764908074607,0.8766138469166305,0.8774317194313087,0.8381710954989952
354,1.0655453011822167,0.9099424953827538,1.006736257785839,1.0556836494552866,1.0525096527276783,0.7344490891706223,0.737649704848184,0.6896736946173738,0.8486532242338407,0.8457881764087929,0.6482016482832846,0.5212783511274647,0.5512649782775545,0.6528252450171851,0.5799106135258605,0.5255453804491345,0.4813106677529951,0.4897856610103464,0.5747123897556783,0.4936133010818561,0.5996187677973603,0.5418769515605651,0.5875573356747816,0.6004240041594436,0.5766608960641008,0.7426792980777854,0.7164896331368907,0.7083280066956117,0.7346192844593444,0.7649636337394465,0.8051828456968957,0.7447315343508767,0.8744982136653516,0.9221595906254341,0.8638402670153182
355,1.0451597672285713,0.9824883925533194,1.0512203897856973,1.079002326226115,1.1146644800390209,0.8251776049522177,0.8290148453575961,0.7410847058451348,0.7667138463455637,0.9243447191951784,0.6332875858375971,0.5982530172109811,0.5775176366991011,0.5636168627294559,0.6291009362214234,0.5211462482218299,0.4833882575550442,0.4868574925472056,0.5234046332528353,0.5484666719313879,0.6260456053367149,0.6161279399828706,0.684851350118188,0.5607472380559377,0.6419830288989068,0.7068046748129554,0.7840080229986918,0.752339937781699,0.6937030879144221,0.877971710155912,0.7707608666010382,0.8636757269620361,0.8633511793019893,0.8418230036493682,0.8346843907893818
356,1.0403434217643317,0.9813439151971495,1.0172466364490442,1.0745804247541804,1.016211200085404,0.7909168544005221,0.8574135450911062,0.7686785186387138,0.8209620517601086,0.7831441063427474,0.6007296586395443,0.558017468864205,0.6038153380688809,0.5986488576824139,0.5547657384246829,0.49987101310374304,0.5122774380313834,0.5072382893849732,0.5246817759011463,0.49864731011113805,0.5687792931440281,0.5786677749855871,0.6196858396746645,0.6178268873136994,0.5679889572962235,0.703969165341619,0.7506457630710406,0.7119727343360549,0.6851626523164791,0.8132462348353383,0.8050725200783166,0.8543314125602658,0.8171312181714312,0.8546390960367828,0.8486934946039117
357,1.1250642924872662,1.007097496523621,0.995361833151273,1.1058264839738925,1.0934898417067498,0.8388149376783236,0.8141929404836485,0.7118323202685604,0.8344803801129712,0.7933794948978805,0.6762366799043129,0.508265630560883,0.5951494138300208,0.7109243659518723,0.6043787879663782,0.5401341885482243,0.44658605712649124,0.530132818298398,0.5798943067428298,0.49361865745567596,0.6621840813885975,0.5504357362721366,0.6363104386978289,0.6262705359861526,0.5628362671207006,0.7543607282674959,0.7154405194418783,0.6748401127615264,0.7620903134566772,0.8184248511015526,0.8173226293335841,0.7519238138343056,0.8392962040780638,0.9138589495994256,0.8182148859148703
358,1.0524493259677172,1.0813218667027569,1.0512500114455356,1.0346285470082182,1.0601570708444639,0.7926620651604666,0.8407935718092434,0.7286817155138625,0.7149787645017438,0.7215659359323482,0.5835205111836147,0.5035460225669766,0.5866488076981617,0.5960822650732205,0.5519424457528266,0.49932754241503274,0.45884638999909755,0.5254178338554916,0.49579143262980285,0.5239161796396783,0.5949643378580445,0.5431487233265582,0.6625983361039292,0.5790541787644868,0.5730854917248721,0.677398126850735,0.8335401657683182,0.6525839899040342,0.7031291196278099,0.7984326040573348,0.7539763946126347,0.7493079289383161,0.8706530644728243,0.8085779314491233,0.7833311623333908
359,1.0656865403907,1.074932626154284,1.1468201149689121,1.0247656967322056,1.1437493250621662,0.845314324838735,0.861576957690195,0.7695983966372975,0.7890155440428261,0.8487267573818228,0.6289370458726781,0.5996116537731129,0.6228108820924152,0.6175202636913906,0.6331547722225607,0.5788728425860344,0.5623575451569562,0.5704924356866596,0.471105339619509,0.6031601462878389,0.6258492280212853,0.6425501243677831,0.6598553199369468,0.5776803280297389,0.6381546472740156,0.7071561819602834,0.9420090766030009,0.6664438466777194,0.7179058141265919,0.8786879301230962,0.8479886752529896,0.9066857696960966,0.888039554007074,0.8253141806021068,0.9190726905446756
360,0.9379741822867198,1.0318223292333006,1.0834688559702765,1.1544208797719109,0.9533530114654241,0.7602976463122573,0.7369407764037976,0.7477242551103171,0.7896578021537701,0.740846705838796,0.5480772889893191,0.5203970857472622,0.5740100440773025,0.6433695530300674,0.5827493228259728,0.5057549482225224,0.536666540198606,0.5348070603149837,0.5537828330075483,0.5514090954823808,0.5317552719749257,0.5850012214577867,0.6262546647191326,0.626040549781036,0.5638538579935466,0.6471854544897558,0.8349853377786772,0.7165940867332536,0.7213660051649244,0.824108097018878,0.7862091304152297,0.8247655110116999,0.8775582127936548,0.8687767982968426,0.8558885192556505
361,1.0957818146204759,1.0467957774083025,1.0004378547034225,1.0971348932933773,1.1000991935998816,0.8257755394367433,0.829489840088506,0.7527981716165009,0.7333076812862208,0.8817940926002138,0.6035898740141814,0.562159368313818,0.594406778245919,0.6357731939745399,0.6243458426599491,0.5448461856982476,0.5572654448773268,0.511945498876804,0.5610050613628221,0.5940602526278719,0.5883232262525022,0.6208188777260008,0.6336863884746494,0.591728919510403,0.6085921265809613,0.6599932880206439,0.7978743213987092,0.7071634050987761,0.7003752862979484,0.823642802647964,0.8565590467325678,0.8756473316992083,0.8435511893495679,0.9123072763900713,0.8652100349539685
362,1.1424151334605108,1.0455832783929377,1.0312397465503307,1.192396959577994,1.0435450083818314,0.8912783012072969,0.8288142246131944,0.7023419736145828,0.7375201254927448,0.850803335461006,0.6902331483791624,0.4988110484874284,0.6311518484326151,0.6092754754444032,0.5905116201600824,0.5770824927021583,0.5005729705221122,0.5539742527420397,0.5597175406816643,0.5862529593397705,0.6287291636307544,0.6232756668123596,0.6275861474279072,0.6027625577249716,0.595040894548085,0.6710050075700758,0.8039484932286827,0.7993322011429831,0.7356707765691943,0.8510591118355612,0.8518008106269577,0.8288913939687601,0.9014946706183387,0.934506389492209,0.8628747300708506
363,1.105436633150918,1.0536536910914485,1.0058519596128164,1.1699267954823278,1.0777874252490456,0.8343381882765653,0.8815928724949982,0.7920897587962157,0.8209670351128322,0.8316649966515322,0.6182697520431384,0.5698611586851514,0.6279514918213391,0.6172755110223939,0.556407750895427,0.5227145913316633,0.5538461142851641,0.5534564053626889,0.5318713932299141,0.5943260742339425,0.6015982982826051,0.6463893719636875,0.6210932444825104,0.6525370870378692,0.6028499981846653,0.6438456221780013,0.7349298761387253,0.6609005734001715,0.757372080692705,0.8031860697941182,0.8367077523067465,0.8381425007321675,0.8497372478161158,0.9118287389153623,0.8721431022193114
364,1.1065978925027236,1.0509146329088206,1.1130081349521035,1.0849285765438268,1.069005060247989,0.8297411488586828,0.8162098593318561,0.7840239676625818,0.8172424966054703,0.8379239244878596,0.6257351354409468,0.583443352685408,0.5911193627463536,0.625451180965139,0.6002051465955281,0.551757729001489,0.4894523869526992,0.5683493411926035,0.5557082390408579,0.598207273566205,0.6024632037571771,0.5927078534252557,0.647588245665794,0.6079440424559691,0.5554819571733195,0.6846511521610495,0.7690683752395394,0.7936531990896966,0.7185821944014439,0.7818263627935582,0.8780143420225707,0.8413477431729272,0.8814632444477877,0.8659637088196515,0.8835837276995546
365,1.1203385539519797,1.0914737845308413,1.1258682749497808,1.163755314709616,1.047928243369994,0.8713315079497495,0.7882994116937837,0.8096414936390622,0.8090531546846107,0.8432411751088702,0.5931877475915441,0.5708852815991745,0.5810072435390683,0.638171399778397,0.6063651698473305,0.55322551413254,0.4774608467704031,0.5830746457822663,0.553935579302705,0.5226401811461866,0.6126480832041619,0.6186573251792532,0.6581814066535534,0.5958273454576534,0.5724922371919541,0.6724553441446196,0.8660021121248958,0.7851230292669468,0.7299139290111679,0.8141936266176035,0.8556622995057087,0.8367570563373661,0.9034588917519533,0.8920349663266781,0.8772006703947101
366,1.0740777095965712,1.113294290971651,1.0590243323038955,1.205227203956032,1.0469446974944203,0.7855158083063426,0.8319016404731737,0.705482416476869,0.8511719180142683,0.7710597981921365,0.6104788300829068,0.5811703481242185,0.5319079890226525,0.6329785283212686,0.6103760403566096,0.530820933496854,0.5112593713206292,0.5545715207942223,0.533395206145843,0.544293655059106,0.6030103487510174,0.665768628400778,0.615811422547465,0.594504672034351,0.558436826935681,0.6666794144069599,0.8444206909773582,0.7749449795865426,0.7610281007754289,0.7333790189465663,0.8007913596811176,0.9000621331041091,0.8880984471208199,0.8703969175917402,0.8835450341227198
367,1.0671041108944155,1.0026434090840173,1.0839629508424173,1.1226651459701296,1.0389196352928611,0.7772349357320538,0.8246189112639521,0.69959569450486,0.825169663474606,0.7377325049767002,0.5886894611346252,0.6051674973741616,0.5630903749876994,0.6376046784734442,0.6254146722640439,0.5394887300853628,0.5159928899736057,0.5108262543988347,0.5443339325633977,0.4995309421429312,0.6315026538998612,0.6270343252943601,0.6004209441047466,0.6179717328091308,0.5963221265032252,0.6374427402005285,0.9077746206407529,0.823683511483314,0.7611092867913207,0.681054553340633,0.8695180181611986,0.8223635440187154,0.885697391481455,0.8904554149159751,0.8708782782435468
368,1.0927308915759624,1.1093859570345024,1.0510014135062942,1.0687536508574236,1.130089140247554,0.8573435339999528,0.8528138662290831,0.7038856148500883,0.7200619301729371,0.8429658757520186,0.6473576772140752,0.6263254728063835,0.5823362051043519,0.605943798985862,0.6170324336973791,0.5691689814271708,0.5033229201044942,0.536005931903196,0.47397682588552004,0.5385108260939873,0.611835393925962,0.6759386186535583,0.6429415111862514,0.5486471265013101,0.6100556494311478,0.6822948590766749,0.8857653420476337,0.7394184357656777,0.6782043776123552,0.7292837127911624,0.8200925895029477,0.8711578310161254,0.8251781742737259,0.8369560961657949,0.9145846081497638
369,1.157538437952176,1.0448196531677472,1.1455159450826837,1.1309412995566124,1.0602113756330285,0.9057559226504509,0.8301559532158003,0.7552696852998328,0.8116072037777655,0.7984027387153689,0.6405713923975926,0.5954202616352325,0.6353006291219527,0.6516931678951594,0.6221385773761319,0.5734956527573767,0.49563631549076237,0.5664838785150332,0.5185279712512861,0.4910474257015457,0.5918615880372602,0.6220524616458238,0.6894414930507404,0.5799334374890098,0.614675242899691,0.7460386279507002,0.8126034266495908,0.8001872201390168,0.7266042665735128,0.7799459550413133,0.8571270354238916,0.8639771205249024,0.8974942144727048,0.8891862162542539,0.8758163594577457
370,1.1642991579044004,0.9503811433980545,1.0528730624020024,1.1034017317367022,1.1149640539314454,0.897185761190041,0.7908082095284953,0.8251990987647293,0.8084220960134247,0.7590638831224454,0.6569609958837737,0.5349568273700361,0.5729845155292805,0.6106559835256153,0.5838178726628225,0.5428824466595294,0.4986223137710066,0.5727892589638174,0.486182877288861,0.4802182530982389,0.617378799440699,0.5594485959703133,0.6357659313352613,0.5535807896346385,0.5396720829405066,0.6846782054521052,0.843405859901505,0.7473420289895485,0.7084890753901635,0.7973659645140505,0.8641416467737097,0.8307543207956711,0.8648515203902851,0.8926333334547186,0.8526748777718218
371,1.1651663207010186,1.0159108643866,1.0572725149803464,1.1672509972019594,1.0678362148213814,0.8057750726373005,0.7923793736101137,0.7061384369975345,0.86266672720869,0.7594148443499442,0.6174908322153595,0.5760020776296578,0.5394112362693559,0.6968879890832134,0.5770810092429827,0.5379108366140979,0.47486490712767726,0.5507526631727595,0.5697535764785787,0.5470533547957686,0.6359476555570613,0.579205865054944,0.6715145469738737,0.6581737387238075,0.5703259103836205,0.7245119807934803,0.811053729619963,0.8074789294646965,0.7936425486522874,0.7221224751625679,0.8937102609559717,0.830150631876637,0.9012276340377228,0.929842470538665,0.8770024426072948
372,1.1229886921064096,1.071886580885296,1.0575683411519199,1.0442764000994271,1.036518875637184,0.8899107373176472,0.8206311388016079,0.7477060670028315,0.8210618232794415,0.7639936862517611,0.7022404861452352,0.6045520302663304,0.5912075193259372,0.5815423140649907,0.5582546091728033,0.5766732073742531,0.45485364759802044,0.5697417801147809,0.4973153274973102,0.5009651074464853,0.7065463121629243,0.5905843463371154,0.6607628918942776,0.5848171022729598,0.5355592802826202,0.7339105597072766,0.754088334685886,0.7991494086433921,0.693374778713057,0.7002067116491407,0.9107064656282636,0.88533037089886,0.8463692325943468,0.8610944051280007,0.843379263060202
373,1.1547521824179192,0.9657832049615349,1.0876642107154497,1.0991567362067518,1.0158297095010846,0.8932960938375042,0.7277703674429039,0.7224439160120941,0.7881892939002477,0.7502441003509535,0.6747744440298454,0.5489626314492935,0.5812225126752053,0.632484392509612,0.5688354023971455,0.583791834975457,0.48663445754494494,0.5030798726489938,0.4888860966324991,0.47400003236205485,0.6428661351876334,0.6338717652968089,0.6452157255703779,0.5685842259125321,0.532630820211728,0.7305164232897252,0.8189081447842368,0.627408275010751,0.7293359324365835,0.7765921390010726,0.8658539592211272,0.8268118373183981,0.8236858032010719,0.845605555752521,0.8868604418980598
374,1.1582602617735236,1.069269529855167,1.0386478726006017,1.0361506470691881,1.102677897125546,0.8586803587725632,0.890811220372653,0.6573125543325826,0.7894330676016702,0.7918854760447178,0.6611720014355572,0.6111305096721752,0.5727281997398049,0.595296410715863,0.5873983426987317,0.5640258278442427,0.47770290812446997,0.5330101577026437,0.5103377819437203,0.49576463639214885,0.6263912467738251,0.6312906426297876,0.6537404357007721,0.5036225199485996,0.584181069374531,0.7826757203633572,0.8267238943529125,0.7472739408408675,0.6817078340293548,0.8462636909765422,0.8668368895616099,0.9084243479054839,0.8831459062781408,0.8517862903755821,0.8993603487165942
375,1.1801160564916986,1.012060134221107,1.1031824975528552,1.122971581869007,1.0647007910092237,0.924974807744024,0.8931249746222443,0.7170747536109949,0.7938196452819886,0.7708790746458356,0.6654967981964834,0.6331879809869863,0.585164925363263,0.6554184547867627,0.578627571568533,0.5817616584530796,0.5582894641442331,0.5596129783863566,0.5549545412330281,0.4838647903515896,0.6584427130778674,0.6729444113568253,0.6668652631516272,0.6024455800860149,0.5748487143729899,0.7798155902785926,0.9152421559710635,0.7344509307694802,0.7559502597570895,0.7978812817227119,0.915058879212258,0.9114797494125866,0.867376219335632,0.8950598544667531,0.8610080945831871
376,1.176818088020356,0.9620434888163522,1.085459401543011,1.103918153501239,1.1523961166912522,0.9238550832609749,0.8425883483697766,0.6467625973982185,0.8006681989471723,0.8327580685775792,0.6694976395924224,0.5966067359554998,0.5627524382543525,0.597536918284179,0.6118197339536041,0.5783144989743849,0.5590819319795306,0.5460623325067572,0.5180555467827466,0.56318511611657,0.6418100867546188,0.67209393520803,0.6124442491215504,0.5859280796028883,0.5837589990404912,0.7203628540538619,0.8984882627520661,0.7473289834280403,0.7474205058032817,0.7962408352688994,0.8547836196306965,0.8866133567978416,0.8315622401576624,0.8528641971450628,0.9467776284576795
377,1.143794892171508,1.1328062723773382,1.127306039303288,1.064101649364413,1.0819469897028848,0.8655480860546965,0.7897004324283874,0.7506164795649387,0.7770160091767682,0.8195544718832397,0.6551520200647788,0.6050063114240569,0.6314471701287206,0.6409924985771901,0.6550809835758313,0.5582237079324499,0.5233938512105618,0.5985103747905751,0.5571359448531834,0.5592167092275839,0.6238449034868958,0.6512695341303572,0.6893932478238533,0.6047273938031957,0.5608058030357134,0.717646561341692,0.8546831808794819,0.8337447318945778,0.7016307333523062,0.8257250793693189,0.8808945605438098,0.8976981077073616,0.9256270779043496,0.8712618746693591,0.8865008208393838
378,1.0752965042444893,0.9774327066399993,1.160556862450562,1.0421391945819478,1.0538408609974472,0.8427097908013268,0.862407609044099,0.725397733929831,0.7926812673270658,0.8834476683324063,0.628471541491811,0.5698097516079745,0.56461109913509,0.6145669561047145,0.602333121804806,0.5643539128730064,0.5364811898060992,0.5348963854036466,0.5465178981041391,0.5543364131951942,0.6231106805471827,0.6442231168172516,0.645587839635305,0.6038518719067141,0.5968758860554546,0.6673745361220933,0.8620455735045276,0.7363622577626799,0.6843896840873267,0.7822274273242329,0.8043332452139377,0.8961164580448796,0.8645304418928292,0.9081033175181972,0.8915734309453691
379,1.0915287125996231,0.9941736088752879,1.0562898761082162,1.0726556574626613,1.095457018379527,0.8877705103156648,0.8081286551802268,0.691768944593836,0.8109993019367642,0.8983182651866932,0.643815554631593,0.5638250209751806,0.560729864566972,0.6348732106747246,0.637136345819322,0.543721190062668,0.4904220522271133,0.5067794724327307,0.522620144100659,0.6038461197267203,0.5707105332903584,0.6118438269031305,0.5995932934646413,0.601030644167539,0.594083610228921,0.7405749274217471,0.7922186447806504,0.8108964285986561,0.7042550423863942,0.8968056690244297,0.881147779937951,0.8741605813322544,0.8774239360390446,0.8522127436539035,0.9506624586380358
380,1.1081081434451685,1.032066900014574,1.0868412804092045,1.1174378774935143,1.0958309768541925,0.8294571965205724,0.7908743461413321,0.7630363521302266,0.8776918636433138,0.8343470792533323,0.651730479416285,0.576504970246094,0.588933988000131,0.6882705044683731,0.5881286134600079,0.5625249569768536,0.46027684072229524,0.5223690166727832,0.5571945334648772,0.521618770650478,0.6546756903897444,0.6314265946814601,0.6470224995841408,0.5857949332974361,0.5742855973226018,0.6914984360187135,0.8520034913580946,0.8557594758188385,0.7176639184212026,0.8404829732146311,0.8776278772050745,0.8744216113602534,0.8593868383861722,0.9196333697682928,0.8371596078761565
381,1.0792627566959498,1.0961904391417954,1.0480832477181514,1.0513771581450542,0.9925427925253061,0.7598773828445651,0.8660636936623654,0.7989469062118499,0.8135498076069201,0.7126397621678093,0.6228619409740841,0.5799662077475124,0.5705054620438705,0.6574039906951776,0.5476167409499102,0.5200660220376088,0.4485339027555041,0.5401091995381946,0.5738333662158059,0.46859612210593415,0.5955457669391498,0.6519824852476982,0.614926195090518,0.6293043853437774,0.5550366321825838,0.7056345652413076,0.8218519769248822,0.8432119743559026,0.7538247477335105,0.7208863418147491,0.8263021692902005,0.8567413461351664,0.9137446006308737,0.9066313900729676,0.7582717355142343
382,1.0858102347151326,1.0448084339208714,1.0303600833953745,1.2161786299447848,1.0301414437299952,0.8552405897781682,0.8499046265076097,0.7552630400736969,0.8689559363098435,0.7730743739434339,0.7071376629526187,0.6266634324567133,0.5317827810917879,0.7006784491605604,0.550723189899369,0.5906443555438603,0.49562173097809276,0.5147357398435847,0.6076268446271273,0.4659093437428311,0.6711402560392347,0.6344351392236716,0.6178794018052789,0.6387193388161939,0.5431287115080358,0.7453912003997356,0.8626512368530613,0.8030835551091291,0.7606250578051098,0.7962225155470077,0.8855060218238213,0.8170624370451629,0.8074868168320807,0.955538096009642,0.8079765418661834
383,1.0431249223765662,1.0568792269337903,1.0422395976613188,1.0000862794720438,1.1262863933432818,0.8043104419571844,0.8383745223220761,0.7670995773735876,0.7666198525491214,0.7870784584768049,0.5746629258987669,0.5486429027430091,0.5506113397054166,0.5985519496293805,0.6366380268136798,0.5119020170922907,0.5233118173276726,0.5374971890124064,0.5004487314584737,0.49041703687645244,0.549174986392819,0.7346672499906604,0.6327049149494499,0.5458059133059672,0.6179006216683194,0.7046708887597675,0.8503421979827209,0.8134552287750045,0.6722433760389604,0.8598482661353523,0.8516351198031327,0.8951250873319239,0.8715373779294191,0.8371516314213951,0.8945916763599044
384,1.180570636752712,1.1608854143749587,1.0872952234530606,1.1081780044936393,1.0454364989797154,0.9502619495647148,0.8008362791946119,0.8146888882106609,0.8597330753049465,0.7574672997863596,0.6874739455036382,0.6040721288008593,0.5627637673996545,0.6344502544497946,0.5018217279381832,0.6202306550985133,0.47234238995664884,0.5490679305811739,0.5333610313907131,0.4978919649250426,0.667336389266399,0.7112816946033542,0.6203303426073609,0.5703108508518971,0.5200927508285854,0.7561830741230872,0.8826444059067496,0.7780156151190389,0.7319945951853782,0.7789658640431978,0.8745021485744073,0.8359303470566181,0.8485438126752793,0.8322238117223718,0.7970161640427065
385,0.9855117524044762,1.1117984412285304,0.9406845815509873,1.0450070149196657,1.0644196181686714,0.8079863564878411,0.8322593469692429,0.728281586856399,0.8219067312339517,0.8522917682189695,0.6036303115960339,0.6008452379098839,0.472194276192401,0.602198205448127,0.5534383224236685,0.5261514426763152,0.477005164226909,0.4735938854332749,0.5086173709161654,0.5034819349792744,0.5713902967541156,0.6203579875866272,0.5804204190527722,0.5741813864765076,0.581108799779698,0.7183928664727447,0.8802769957505225,0.7432133607906994,0.6833654203154552,0.8251085233922899,0.766356671209576,0.8764538862917806,0.8017001426480067,0.8384004267083336,0.8710315476216671
386,0.9272902280144047,1.0001845697702516,1.0772796138353105,1.1015697277561778,1.113112743210528,0.8145897500350621,0.7695876418068053,0.7655859900686122,0.808340598673748,0.796651168282664,0.6122100994567937,0.5631511297594776,0.608124957865422,0.6244246358627206,0.5424210346209,0.5303997055897464,0.46243557322081236,0.5447811445561709,0.49003895077900206,0.5286056178971912,0.6161581201957507,0.5928690937018074,0.6258075490734413,0.5730559949507881,0.5513753134791075,0.7294836466825292,0.8128880757202426,0.8178065407075917,0.6147664564868329,0.8316656839579639,0.8328019306867138,0.8197584369635567,0.8798539251319434,0.8653014131736758,0.8235189006105378
387,1.100645345333795,1.0856067783085162,1.0310820737219695,1.1252245240947365,1.0457530302454332,0.8358334061125541,0.8181296092183725,0.799660742474519,0.8649918075970051,0.8532452675011538,0.6553491208036557,0.546873009221295,0.6080762222794317,0.701142375360909,0.5841827849105143,0.5948658060684782,0.49305964806622854,0.532005459536793,0.5474603741597961,0.5277325232341882,0.6043546356387131,0.6552733480642554,0.6191788311080298,0.6575505796117573,0.5621863396745787,0.7524929426535614,0.8405395715926863,0.8883511759336817,0.7406095685127057,0.8398447767168389,0.8506434285852893,0.8670471632469643,0.8382072444022685,0.8850568746184515,0.8910601692596902
388,1.106083705061942,1.0329328527755026,1.1290765159051448,1.158874688602475,1.0076127900491076,0.8216891860533833,0.8373289306955741,0.8077754137414701,0.8437408104406695,0.7314765078088801,0.6538516759181545,0.5608421909410561,0.5728680914917428,0.6905737145652071,0.592944515408324,0.5904748787265716,0.5263172078667326,0.5146040876993911,0.5486334326213971,0.5036601798367478,0.5986668087124813,0.6887912156539397,0.6598142060816387,0.6208416208073946,0.5906323041705974,0.7709053453031686,0.8751182918605362,0.9035504739664041,0.7724900548045925,0.8367790884148222,0.8178124609971194,0.937470624052408,0.8627169927275679,0.9104001820996076,0.8342398323259326
389,1.0301358363768562,1.0430386417880262,1.0567770043674836,1.1864782482367202,1.1011255638698847,0.7836105821040525,0.7956450757277533,0.7632935932883855,0.796239580982696,0.8048724586591549,0.5944460678104598,0.6154796326576859,0.6317773377508511,0.6682507260833764,0.5855768690171198,0.5343801921041227,0.5210480160520815,0.5380306483471039,0.5696140060680545,0.5228142228879046,0.5584197688711265,0.695628021027126,0.5996314018782138,0.587899307857114,0.5634754351065638,0.7060026965760821,0.8713063675587276,0.8193820333250483,0.7766506991195816,0.7815886184362318,0.7562987563957247,0.8772656519875124,0.911366462825262,0.7997249608037298,0.8520950224988526
390,1.1358932151849561,1.113196186982068,1.0921043167198716,1.155184300961353,1.0563310901853393,0.8823846788391678,0.8912494022017188,0.8110174214413364,0.8582111739393594,0.8057712648303683,0.6234025585653837,0.6457671051156559,0.56924038725498,0.6627337307998491,0.5689280707881245,0.5603438144887096,0.532661836630969,0.4872429986727931,0.5488667279105974,0.5395114138903502,0.5952540711450799,0.6932667045082677,0.6140420287615999,0.6137145170403631,0.5645449012901206,0.6775230217246995,0.8645780714939519,0.878930756530584,0.7346254096785179,0.8351647290898889,0.8412680580432819,0.9148113832832951,0.86758007141098,0.9205989313761624,0.856842614920138
391,1.0674655155252943,1.0504179113600705,1.0152430030955764,1.1645458583776604,1.1344516991963123,0.8682948620096194,0.848215669563338,0.729572242172222,0.8151512707090178,0.8546578109043188,0.6762622572054329,0.5851509552923344,0.5640114479596074,0.6674676749237767,0.5911011432526762,0.5793840571184453,0.5186240107548903,0.5243600173373935,0.5851709472077287,0.5526567142967931,0.6602117651783068,0.6510434266133377,0.605362308275514,0.6129372617905008,0.6285538488872243,0.7721234424512462,0.8341777620758508,0.822982362788084,0.768786354892599,0.8283421467616046,0.858498618515183,0.8734796261337049,0.8701276001541223,0.913299100693644,0.852413665668396
392,1.0957519651342378,1.1243997233496965,0.9723921996252726,1.0686826371661116,0.9506055311016983,0.8335042941642286,0.8781639175856214,0.7145381524047811,0.770026341137231,0.7372544624161033,0.5884590345222386,0.6274873523080722,0.560866135598554,0.6117501600636053,0.55091557116585,0.5113676200968488,0.5161835283969904,0.49427370536704773,0.5363962546261818,0.471408487445084,0.5729036666654779,0.7507765849595666,0.6516622029450638,0.5495619681791944,0.5154269017539854,0.7348657836962478,0.9681321683254271,0.8871857293620676,0.6900189733953831,0.7706822011583487,0.7870538599154898,0.8644906075315065,0.7285700414430922,0.8857604925019416,0.7888580895218322
393,1.061864475584367,1.0940303537774156,1.0706321369695981,1.1227565808003002,1.1316117689111165,0.8833126316544175,0.798813746292449,0.7501782352170382,0.7491028234029249,0.8458486313811444,0.6217319065885797,0.6010285458701019,0.5974241510957579,0.628785762542529,0.5654718618248762,0.5775285709693666,0.5205623094177039,0.5487348712331853,0.5272305722325799,0.5424194406232277,0.5840217704450148,0.6451380255365007,0.6465164325570396,0.5376664207801151,0.5978923356705788,0.7648491884266345,0.8540397123294692,0.8121886597091035,0.7049485310130549,0.7990239029237541,0.8170792807220237,0.9155697858526268,0.8746120989601236,0.8702390170930532,0.8541112044789576
394,1.1241768251727442,1.0463478417432976,1.1181730969945012,1.128256510778884,1.0242847094079814,0.8286880800161972,0.7897401051202247,0.758979898136309,0.9028659538277416,0.8313132454884065,0.6003497615242415,0.6112346725820412,0.5944881612122094,0.6542052064278399,0.5680577122963504,0.549448927272134,0.470680953814949,0.5297790201222493,0.5200157493525988,0.5317327687884319,0.6096252848533186,0.6219622747144802,0.6209835047353343,0.5721619193861218,0.5780314073705737,0.7400174301722511,0.8437902335770908,0.8014803817038489,0.6860455969545751,0.7880400863547067,0.7955978513928735,0.8989709549531566,0.7485785784990319,0.9420684318406989,0.8961989956068117
395,1.0918189711654087,1.0375897990910867,1.087405489713852,1.0148124371319989,1.1482712591061683,0.7361534845187416,0.7741290250859973,0.8398239272937915,0.7567153797255839,0.8808773991415288,0.5825956243983509,0.6168984867738948,0.6334913730668584,0.592870133420559,0.5973968249884162,0.5125562113966639,0.44824648592128036,0.5859703892508281,0.4969364010040329,0.5835160317149427,0.6301796181098814,0.620614549688331,0.6818998020100141,0.5541125357654892,0.6013011987050146,0.7124164585187496,0.8256002289006514,0.881956402164197,0.6892468579050425,0.8887919664395102,0.828389734366574,0.9081298322925879,0.818810569992638,0.8469803276967386,0.9129786736318143
396,1.119812456307185,0.9892781668116244,1.11770694614141,1.1329352332321747,1.0901622535734319,0.7816734620511587,0.7697462371789948,0.7600651734853967,0.8838973784928811,0.8305277302183877,0.576275220528767,0.5835772444150796,0.6231790552506176,0.640037751786051,0.5528501473402287,0.49939373701111167,0.4736369278106413,0.5734178215024831,0.5394729966473555,0.5033118345339889,0.597009808362637,0.6745267195637709,0.7019811369327401,0.6000507348564103,0.5631020675228087,0.7196751546023988,0.8696631654386773,0.8790116037469315,0.7563841622463017,0.8305175626505067,0.7676727286708029,0.8876602237743165,0.818337122429452,0.922722359629399,0.7874840375212657
397,1.1218105915039063,1.066074644814365,1.1109649625022633,1.0157202197083177,1.1155930839717008,0.8308456347220547,0.785950626772894,0.7707320389196082,0.7776726494393393,0.8049737146543485,0.6349604528052228,0.6045088749368737,0.6564128551584744,0.606260710385194,0.5995728924442743,0.5628596219985718,0.4373955371738889,0.5707789854025098,0.4820919288285517,0.572057415293733,0.641822038123885,0.6337291883987013,0.6411751828044138,0.5617783210173874,0.622647111332056,0.7326855471550993,0.8721775811707553,0.9059669339418379,0.6968468615455942,0.7940526370767927,0.7438177596211648,0.8895240300539953,0.7721709566013499,0.868528719387262,0.8858425981375257
398,1.0919912982483047,1.018017888441598,1.0552034716668064,1.1255220292949757,1.009111955295669,0.8126675073247824,0.8179801243064734,0.769976523608128,0.8401350788268069,0.827519792330345,0.6065042798747156,0.5755948146905833,0.638871677039508,0.6268507160042689,0.5839913103858214,0.5345097535700947,0.4465793318340677,0.49730458330219596,0.502054439168893,0.5689330336793311,0.587859077738901,0.6853108989868392,0.6033988344408765,0.5818159346164473,0.6019235999712177,0.7301066061764658,0.8505253912198012,0.7954342333115878,0.7386771924865783,0.874767553349044,0.7580405289425118,0.9158322370197011,0.7600567702363441,0.8993675688348345,0.8818084583461008
399,1.0947257402187232,1.0167322941026404,1.0444932597835863,1.0649817281106113,1.0472123964612436,0.7885978512947542,0.7913835948589667,0.7656329930740222,0.7363414507340351,0.8182768912210556,0.6285135348371573,0.6172047967864885,0.6179509371608252,0.5974858186755418,0.5824548222807671,0.49842530036150234,0.4891063418232296,0.5502878548420485,0.4326550095952908,0.5593874008183521,0.6326600678957189,0.6844983583213586,0.6418054584850545,0.573273835691066,0.6078025102967944,0.7409259513322287,0.8441303805917777,0.836125250504383,0.7036656004411328,0.8303182210671444,0.7568874961075451,0.8902527109216404,0.809571964724467,0.879223746554032,0.9005258388521868
