iter,a0.0_s4,a0.0_s1,a0.0_s3,a0.0_s0,a0.15_s0,a0.0_s2,a0.15_s2,a0.15_s1,a0.3_s0,a0.15_s4,a0.15_s3,a0.3_s1,a0.3_s2,a0.3_s3,a0.5_s0,a0.3_s4,a0.5_s1,a0.5_s2,a0.5_s3,a0.5_s4,a0.7_s0,a0.7_s1,a0.7_s2,a0.7_s3,a0.85_s0,a0.7_s4,a0.85_s1,a0.85_s2,a0.85_s3,a0.85_s4,a1.0_s0,a1.0_s1,a1.0_s2,a1.0_s4,a1.0_s3
0,-0.493789564093288,-0.5298046905458776,-0.3253800886491802,-0.26348331693141014,-0.22827921114671113,-0.23800324248580113,-0.21293432245261293,-0.4264139540173776,-0.1963754902793277,-0.37321898242631907,-0.2619023756994184,-0.3327160990384246,-0.19021561367253614,-0.2043756983386966,-0.15821613786931998,-0.2639518927906285,-0.22064611563222566,-0.1630422561120521,-0.13556928031900978,-0.13325988361852797,-0.12429671350486872,-0.12102835260449338,-0.13888816050273295,-0.07440801985706597,-0.1012315049370418,-0.017089208798883055,-0.053288273745635384,-0.12246337548839586,-0.03281836274294414,0.06190685007847552,-0.07994054318212471,0.009241029816387369,-0.10730203547516168,0.1348262890421911,0.00557208997778369
1,-0.11297441746948876,-0.22219047834124186,-0.3791956004971083,-0.488563743648228,-0.39317972167416815,-0.3772861963990314,-0.269238112732132,-0.16722790925835684,-0.2777071465623698,-0.19761481074132647,-0.12703319548457195,-0.1174180810269923,-0.10858958203433386,-0.23313396894692193,-0.22561798647504733,-0.2877106662661864,-0.00890815025395987,-0.08444631189540666,-0.0733489453007194,-0.18648091375835574,-0.06553137419445315,-0.08357737726526535,-0.07567223749086599,-0.03542370857374368,-0.03159159768506899,-0.06346710218098892,-0.054356442189018625,-0.059846632075652786,-0.04184991697918057,-0.0768137834627794,-0.003870224699030419,-0.08405052150827587,-0.10053436043043668,-0.02033045216778337,0.005755889548142511
2,-0.5180061355002817,-0.12251181387684092,-0.45026419225518255,-0.4294675110728928,-0.4424583137767471,-0.16174642632465974,-0.37352158631137067,-0.23540316841312292,-0.18467437352958482,-0.3211340289099507,-0.19603860133472403,-0.19743874054495603,-0.29314713414249505,-0.24901611147080763,-0.16167641110716494,-0.2811259848501422,-0.07579409581228556,-0.08392860197507725,-0.15735761935527803,-0.2488321462680374,-0.14595658975688874,-0.0035946899790336266,-0.06626130504702954,-0.04607223159941379,-0.03692543041923106,-0.10395822952558093,-0.0306950783054974,-0.12075831069397276,0.009156290190852583,0.039282665891380235,0.04957054715562971,0.04092001565323288,-0.08551378636199376,-0.029633664693087224,0.03647121736534142
3,-0.37491056288290203,-0.19290708172037335,-0.37803188911499946,-0.6510900238866331,-0.2313994255349865,-0.13708061850455494,-0.34883798449922554,-0.09918634405869382,-0.34010902445381086,-0.0771360608456886,-0.3839980335176167,-0.10477254975235721,-0.16118244408075788,-0.258062807776975,-0.1859788220473755,-0.13045890804119709,-0.16941078704374513,-0.11788348699307365,-0.07517298757569978,-0.08789058328487032,-0.1277472372848707,0.018163837628216738,-0.07163738268467096,-0.014324417121058086,-0.04739762439906943,-0.10158726439025151,-0.05178455024046071,-0.05744408973097087,-0.034176996675090526,-0.013418817489498969,0.004946685904022216,0.020690098417274767,-0.042116080314127675,-0.08117917097596337,0.0853751423871727
4,-0.41631207968441253,-0.1773065112412608,-0.45356909385685945,-0.5624591947443391,-0.1611487667034785,0.023846659855345634,-0.31067344347320974,-0.16669639552869486,-0.1502508250973162,-0.356169916342702,-0.2197481295215705,-0.06314140586580651,-0.21404517476713036,-0.0937800578150034,-0.16010880179949222,-0.062208657689708874,-0.061507867773471926,-0.10892959368220412,-0.13477332029375497,-0.18877500422893903,0.03017925929425558,0.09673882946441806,-0.014608033365042902,-0.07480108001406266,0.05446509901748992,-0.041422399477825764,-0.025545289158750862,0.025476736838223924,-0.024536869265944602,-0.06185483402863407,-0.011905153348268407,-0.037576031947711364,0.10166338164340652,-0.013170917108739315,-0.0056519796504344265
5,-0.32714018714499654,-0.09284269758428695,-0.12068722299228668,-0.5204540627401268,-0.43055786099801235,-0.35167346776476677,-0.2496316405664895,-0.36839331458952745,-0.17872873606034456,-0.13667161847683604,-0.20056885582699335,-0.0926646793596067,-0.11217131562147092,-0.030105162933756015,-0.20606551602055997,-0.16375983406747505,0.017822375468207793,-0.11809392579560105,-0.039330430377713624,-0.08374006530216949,-0.09553145651715403,-0.02824441821731217,-0.03564610565847008,-0.11187787766877025,0.03204354813501959,-0.108415420146191,0.020018771067839385,-0.03498941244160478,-0.06058617047440805,-0.05218736979608751,0.031195743453956603,0.08336961395271197,0.0943696173107125,-0.009189450242043453,0.05175257817119566
6,-0.47253788622988036,-0.4295186007287567,-0.23194327279683616,-0.4241595658318451,-0.2247493119571884,-0.1229795802977724,-0.11854955615272454,-0.12847460708938926,-0.21842985986594324,-0.21480653786041873,0.06436776208874012,-0.025339805639834935,-0.11109765374258769,-0.14620543074859282,-0.1760496787558375,-0.2237782522267895,-0.018953083434212176,-0.11222907266076505,0.009967718762620627,-0.04066677229446955,0.0012218355571634795,-0.01794728160996751,-0.02768763996422254,-0.08941151728201716,-0.015107866752955746,-0.1440799062260817,-0.026499066253032343,0.005483077052140288,0.019813317534446293,0.07182098971689527,0.054918435544450514,0.04419073251554348,0.03822439774253853,0.040394854070550074,0.06871656212499576
7,-0.34839331697805476,-0.09157569197132207,-0.1324544231616261,-0.32934974409703,-0.3446893398782645,0.02760961132329745,-0.009926835740679277,-0.26265994518812985,-0.1244705276403296,-0.236764047272728,-0.06371494263049697,0.08441394250306761,-0.16319758599344739,-0.1282936441410245,-0.06235123287721048,-0.10607400042099853,0.06079450523240231,-0.18115400156519598,-0.09979205691785167,-0.09710584366306499,-0.020199957878947378,-0.03788993892529425,-0.07392359133840788,0.0040301014148103765,-0.04037188214416398,-0.13300284581099686,0.009844435373054107,0.031430414071381405,0.03288030782027229,-0.027868879145125765,0.08513773854496048,-0.007409603362885937,0.008012699399579257,-0.004789636031945816,0.05471614341755243
8,-0.08424434214791172,-0.1697037616795224,-0.18671158492110979,-0.3507390631614535,-0.30542921267327405,-0.20233864525597248,-0.10208571021084341,-0.2890029577406628,-0.14214017527506315,-0.20114367728883706,-0.20001282541828008,-0.10918453022118292,0.011520172600307974,-0.16765075954836672,-0.13183827654718802,-0.12176128493293581,0.015471914340476144,-0.07478779488894352,-0.10208519909203848,-0.0874609480483631,-0.07454692897589457,0.006832668676396973,-0.024058553389516183,-0.07813059323479123,-0.04078290321162828,-0.11987138375597639,0.0523760698692676,-0.0007296666516974568,-0.0864880121419869,-0.003327599583877277,0.04120524028696064,0.049171765561129135,0.07194800563677238,0.02944999077734677,0.11234034173941553
9,-0.29082509483464225,-0.2790095499076727,-0.12119281278382368,-0.3106184265994575,-0.13912009799605998,-0.092479642705101,0.03666440423355565,-0.3258495398496977,-0.21629884389795845,-0.16985300972537576,-0.11957825095204454,-0.025982340759804403,0.012058529499315473,-0.212690403730877,-0.1303290979416866,-0.09664949191264532,0.04371536911265285,-0.02494431339638789,-0.051093530645704065,0.006287359783674784,0.014721866531648784,0.11848200179793561,-0.04207687963762627,0.06949188532925964,0.010581947199230573,-0.11168447075103141,-0.004097890758888563,0.0043875372098391326,-0.030790054326573828,0.03919322375604947,0.12272256707672924,0.14210558647547963,0.0033915114510130323,0.07049072921837371,0.08861899193440313
10,-0.2676391235842398,-0.40093356721726414,0.02453002149850598,-0.2969033669610195,-0.1670484847326958,-0.033106020087144375,0.09054755659619104,-0.0840057917571079,-0.2008760521635116,-0.24164872486787314,-0.21231174627203872,-0.02854096797723002,0.051568060173896216,-0.12356770211492628,-0.15563423926229192,-0.13369023930873608,0.04386860410485705,-0.16320499818943274,-0.02440274657625207,0.054196799943781265,-0.06135377389459037,-0.0031986637446966386,-0.0808341864957047,0.030391080407497773,0.07427207990301576,-0.03635197130541705,0.028748928046234832,0.05840509451739469,0.018820569542291797,0.02238830832126651,0.03453730799469873,0.10641652212823405,0.07590294635828426,0.05884944710117239,0.11030791229236808
11,0.02465257695921222,-0.29510418827512447,0.16221818762472628,-0.3138775900887252,-0.38699173567044665,0.00977225071012261,-0.12052936934910875,-0.26135655351153114,-0.2058438714026914,-0.20762924832863575,0.12949959809857248,-0.17326041265953482,-0.09724803422605603,-0.08789208700937987,-0.18748421504336102,-0.04126808342045131,0.1363934556956233,-0.10094463766128112,-0.037787385445581634,0.04468830340447004,0.029354700567313572,0.0019446557963879348,-0.02720498574545705,0.0790028243128479,0.04959292602042724,-0.12007879938159709,0.015000410257726672,0.0028861454625195284,0.07368142950009687,-0.02319987182011167,0.11300616249842202,0.04883307780707509,0.005450809293363332,0.074259377883107,0.05108886019842389
12,-0.01106034722068467,-0.1584822550129148,0.1086394166873566,-0.4479683874856571,-0.35686006613405713,0.04436567861599047,0.03336367975952351,-0.12001061606513096,-0.09721524751823331,-0.12756884806098837,0.02232495482332722,0.04839107341342018,0.0487505179183215,-0.16120949774390025,-0.22469332880029896,-0.027270295527998957,0.07805059595933542,-0.13541283982289787,-0.08016335823543856,-0.024897506709219672,0.05432600457566128,-0.08774159658899316,0.04206929450810764,0.11581524658988854,0.02458113749147428,-0.06986956409027265,-0.06820982424894009,0.08001886165483804,0.06605971663005314,-0.04778923350580448,0.128243072653507,0.06386608237274832,0.17958464975963895,0.07203352755556008,0.17857673055969825
13,-0.06263797036430273,-0.07894397728406354,-0.02445148772679956,-0.32726649995779955,-0.12824096394962103,0.06748093764391505,0.11748329527244036,-0.34430646968802747,-0.11020233477232336,-0.149216760584952,0.002247880029524349,-0.0556447651573053,0.02093396026644007,-0.11287455200498481,-0.06708389458481978,0.015252562941158563,0.13321362425336783,-0.14057941080803932,-0.018797615823293944,-0.08154969167835462,0.0821927488888729,0.015546559229791066,-0.04857898154477665,0.10450639039594244,0.026713739633680428,-0.12438335770327673,0.08545124131256096,0.03938891380474287,0.02939273627789042,0.06580649253546017,0.20856300592749372,0.06352383121294544,0.06612889410596781,0.0898492785711317,0.12219244266835284
14,0.055391265328249326,-0.14235467381741895,-0.03840214348427207,-0.2315298632261782,0.06592659868434153,-0.04696039860337283,0.02236202487646599,-0.01866351043526518,-0.14987052211981047,-0.18065195162906883,0.011061915215276313,0.08934202656878537,-0.04086556942748053,-0.13035178721401186,-0.020971516051849572,0.037652672143641396,0.04531541888161039,-0.17223230940815898,0.02929120044870126,-0.03718768286903691,0.17004489560944158,0.03139309246223781,-0.034935408608798575,0.14732340600456845,0.1303529001940407,-0.021982600753508066,-0.013617932563992366,0.04118028699681169,0.0599970763730563,0.01121091032107114,0.1636298493946561,0.0029639032165847843,0.09622164726958764,0.1684433192041031,0.22109738046852875
15,-0.01891947616785069,-0.1666825391743226,-0.017591559303867077,-0.2338193495539615,-0.013850112189693113,0.1179297630986618,0.16726262568111613,-0.19780430870676083,-0.04805501451215645,-0.03659558121224114,-0.1753125227816078,0.0007984122851141182,0.04547903382833936,-0.013459606788488933,-0.1266611711810088,-0.01998223893641341,0.07363369967833494,-0.02802235744665758,-0.02171763459358096,-0.032833833813135926,-0.01593368331576634,0.04794843970084731,0.006801122447934347,0.13797896899016363,0.04058424465804644,-0.021917212150551868,0.09219794761083519,0.15865827982655362,0.07855256238585172,0.052773803507674834,0.15729570152962224,0.0013603214725577475,0.09260537673731199,0.09784571206748602,0.10181416967792947
16,0.0977644218583335,-0.06014237313095285,-0.018596854571473236,-0.13916810829265353,-0.04144216093563745,0.42992738662910457,0.2488192796841307,-0.16216491911502384,-0.1459078892680476,0.02928242353130698,0.019704427639563434,0.11739283090308857,0.10246871257774157,-0.18493752614062559,-0.0631536460906754,-0.01940052631793473,0.08646111491876099,-0.04487154061383858,0.1289902346280489,-0.14988377402341757,0.09198495611745137,0.040895928976675947,-0.05197298506088073,0.06300564254552654,0.06244241129347364,0.02407088822131291,0.12705354441729183,0.1738895292653658,0.009407710779717467,0.11861045349166902,0.2785328840206946,0.047226748478922234,0.10764121857708024,0.1411521386660063,0.16938920014252523
17,0.08907931538592526,0.19393316070271568,0.05643406336062841,-0.19592993187107804,0.045438186398113214,0.289241354771805,0.20630354875457477,-0.08628337236381657,-0.12049425758749249,-0.07216458166010523,0.05604220029241699,0.0027264086737450455,0.011363051637132991,-0.10592616574980421,-0.06404768182327546,0.003959710735719185,0.1697636002802857,-0.10225185176094734,0.16886910147940168,-0.08262704923716702,0.12275118605445252,0.19616113499504514,0.035732366452358895,0.0647983015464365,0.01151474556795782,0.021597772444092223,0.0459538465233085,0.016308040583824488,0.024233206917837407,0.11428312078523056,0.33734457647582805,0.044628203684156265,0.19062121358408446,0.06275215965591924,0.14936441072960488
18,-0.005594959522618154,-0.13103336374632146,0.08374599769859292,-0.26160291598578633,-0.17490049592893897,0.35774603508840186,0.28304301155380585,-0.09138180322724787,-0.09429561407356968,-0.004980770891959772,0.04592074403250696,0.06985054255112068,-0.013311779022944854,-0.10222151560894777,-0.004084667840907927,-0.022185044687453737,0.25135927104932054,-0.1141237408563657,0.16054099767139438,-0.1668123543549136,0.13716281714718093,0.059124505144817506,0.002743285978296716,0.06785026631397115,0.11414638753780117,-0.08208145257314502,0.09191739628411011,0.05172182551468064,0.06628164884234088,0.13702991920397806,0.3224623647529242,0.1299499279685478,0.11612102894878096,0.06682423330111224,0.25578924977865386
19,-0.020033743348814206,0.06134986653807663,-0.0462773736833284,-0.18998755527072092,-0.11274180031089165,0.11599648316885089,0.07011012089495204,-0.02823884529837814,-0.14000353758438944,0.1451167147022715,0.021409681114288974,0.12590678670864291,0.07272509646641996,-0.01793777702256204,-0.07581019722496947,0.05574080102662905,0.2946082939557243,-0.08779232981213023,0.14340551498132365,-0.16067866642438133,0.1295361023235831,0.19068856729999967,0.02144589664735682,0.12921099841000744,0.08051913262922956,-0.09327974231005923,0.09605368660684087,0.0799381605460232,0.1147989007156228,0.10087696049966847,0.2980323737441474,0.14127324639958228,0.03777833154266562,0.15586941764948892,0.20041905658266929
20,0.007087553930720074,0.05453635329489416,-0.0726866228623339,-0.2504175478681434,0.1476361533934687,0.46246718626133476,0.2912420269365695,0.14717046273274076,-0.13525148444042934,0.17338220056040166,0.02326318881793532,0.245737816558833,0.1357577758687027,0.002999081539947334,-0.09904738792239257,0.04878264431985305,0.24441589895155794,-0.015337256537399167,0.19461129497440194,-0.08371370041082823,0.03204750938456262,0.2989192396806657,-0.042402711994827195,0.05243185038559654,0.051189915048901885,-0.07245567311218157,0.11567717229162583,0.12580975677445697,0.12159331216017943,0.11928913199679687,0.21781872747946363,0.10604448315889078,0.1478709342641127,0.0799334327600093,0.14099490930958763
21,0.020675116542260025,0.14251369148277293,0.10872593365723292,-0.24511897406309774,0.10888180640313852,0.4604276982812553,0.31358998699277985,-0.05345902651509081,-0.07376597500579096,-0.0713363565058597,0.047076483674164185,0.11011586739253199,0.14404049512205114,-0.12595630433687538,-0.1886447995018497,0.020600343539310687,0.15797069604663008,-0.007301904291935113,0.06926610213261494,-0.1555511878406249,0.18704416610784297,0.162758423980782,0.010610412102561879,0.08503561815756978,0.12368433572849868,-0.020559417671983663,0.11251741179533681,0.08320067544691616,0.13856353258991325,0.1521423224500112,0.3103209948499366,0.17090451286971403,0.073550907326019,0.09840674918672986,0.187376717288055
22,-0.09643430926182531,0.18828023446269876,-0.04025516416599857,-0.13461594762989,0.409203530776037,0.3372457173766744,0.22861599481532566,0.14983598341620685,-0.08972490074207257,0.0032118982501101456,0.057253253085591205,0.1541875676683523,0.19919262613773225,0.020480721397176067,-0.06802976256039042,0.016442953401686927,0.22515352421155782,-0.06282170366041445,0.17517732154568033,-0.15919938876921746,0.23036294875440533,0.11281594070381695,0.022145492395440836,0.0976808752575303,0.18140047633950235,-0.07062613320344645,0.09908171842654573,0.11088968681420988,0.1456648494893901,0.14587973719033429,0.4099343918430951,0.0772113010022425,0.1256760868694846,0.12245821818848185,0.19922710394245735
23,0.10077195827129491,0.12783914616602332,0.0015308240350631747,-0.09060564875596219,0.1454631311660486,0.20527418490223903,0.21958692736976815,-0.005131193610025599,0.02735039458010685,0.08349907290449923,0.15148649525554406,0.25505848390591496,0.07099307419406421,0.01890799745418025,-0.1817885449592377,0.023805587081006812,0.24977264687071588,0.04096797948182446,0.1730702409031299,-0.1674204880463775,0.2842114176321685,0.12011204382616417,0.13218098834926775,0.12417830882484084,0.16797529517031679,0.07730618222548544,0.20927423690611346,0.10910833399280055,0.28598953250306625,0.17438496527521047,0.427052195196551,0.13386621350526678,0.100844144487118,0.16622311066815937,0.22037245575144787
24,-0.07703455865304848,0.1546907839079827,-0.06474586897975347,-0.06664743427899496,0.19892809178484483,0.29594791817690097,0.4428333534211447,0.19407384324334404,0.027952986140778117,0.02405386101192471,0.22910587552070702,0.1590274320727313,0.1949443000694071,-0.06915441086545862,-0.18616559107607605,0.00372148216054927,0.13240496373870997,0.034988903406363986,0.13472630440361263,-0.10174188179395299,0.2832238509580503,0.25552618532833227,0.07215455277639304,0.07799510785991573,0.11024442872041572,-0.01906276749009741,0.2716544962466651,0.08662099489731417,0.20508124912172437,0.11011600543351857,0.515514477917036,0.1652774821969794,0.11951932383224287,0.08076358327686287,0.2368741243207702
25,0.08121527474145455,0.10418291049118755,0.18772116406294914,-0.04863105578740068,0.27544954968964597,0.45138468176545177,0.2736254429189483,0.059854960125307624,0.11960097573577588,0.18102870246848599,0.2063414539006811,0.29887316539501585,0.16062312135601792,0.07654893257096382,-0.21627315956214,0.06655452888412394,0.21064195768456195,0.07263239574708062,0.21187281583086431,-0.1401708703181811,0.24971880034474803,0.19840404960853372,0.12782103964378347,0.10675933337454167,0.2520143926830547,0.0540555202131589,0.34778980958983297,0.16503297319438515,0.20969772125784975,0.22881141920407133,0.3902460051930968,0.3282608437285361,0.13517795047304565,0.17693031862784248,0.3881708251362347
26,0.10959750147067676,0.07002351669095361,0.28745387328414207,-0.17076964561957342,0.0931667606591754,0.3724377299436562,0.2487562355264927,0.07043577217244266,-0.05134626895350816,0.07160454477943186,0.22014195077570917,0.2919541699661317,0.12766104874430392,0.08059659835912603,-0.06931966176324797,0.12350121140953095,0.1865481275884452,0.14667824264999552,0.23006652057974428,-0.046448902430161525,0.16521422276247288,0.24361195974705646,0.21928931072045824,0.146598320074133,0.20416187621825954,0.16403642981553926,0.12746027008234923,0.14246358774124057,0.3881262200137365,0.2504081386152144,0.26859706253757887,0.1502456185474816,0.08804649028518405,0.0820534569262803,0.28971160416671615
27,0.09061310667894042,0.022131983477292828,0.17315153857913465,-0.1303446089479181,0.13629383350595448,0.538373114035672,0.350578093743023,0.06141842185222095,0.10009738342767804,0.08291007487153446,0.3406760328631743,0.3134404784910166,0.11640561192514458,-0.08063847925217582,-0.193633459098787,0.020420139124125523,0.16126647237308867,0.07725556360057713,0.2376323458837573,-0.13224027370363617,0.18623994203250177,0.19305025058425998,0.17326187928180015,0.06293916984018781,0.05709458098340151,0.14895637945262247,0.2430695736679123,0.09398085824717493,0.254281650271776,0.20325407666480927,0.441243651672307,0.12393228754904556,0.14423001730754909,0.17273944193177693,0.27323927211801546
28,0.20964600323970387,0.15496942598497188,0.2744944297451426,-0.015678545883921,0.25271529642385143,0.6362554115624658,0.30769410918735884,0.29481820242599743,0.10225913269086495,0.19787199003664002,0.2773844257058734,0.20336751949690085,0.037672099535762255,0.05845549729046526,-0.06080840408567556,0.1719939095090738,0.09977386665705337,0.09192284059632672,0.15076100240435997,-0.08595740542382693,0.2612702160898722,0.15432372728364646,0.3147815699177087,0.09191680615759631,0.1256450485496511,0.23152610125130335,0.15289910585073452,0.10659601850354083,0.24735548823805234,0.26098935881909,0.47375876822966695,0.27992299391898096,0.17615235000986262,0.17284536101094516,0.32649682812792086
29,0.01771499521851107,0.09890238231762326,0.4056036358106021,-0.1657046104089786,0.2430604540791056,0.5843229079870421,0.33920400944982876,0.2235616811604606,0.07847204543111225,0.1376562934232289,0.09320708013684181,0.2718412945120501,0.19239574871298837,-0.07575766976706941,-0.0927028169357553,0.08070396758218608,0.18257828359987366,0.02561034971309363,0.11980546433440376,-0.1322029050723727,0.2298861313061335,0.19496161761023248,0.2414675867258399,0.09730298337702893,0.2653636038164302,0.04278641355746579,0.2823458576963989,0.13767767055602287,0.18866692679118607,0.18653876476940862,0.5540538171991642,0.22760641136436127,0.21557475592423206,0.23119820018756737,0.2135154965703566
30,0.1975803717028917,0.0036482522983316314,0.23641860793309016,-0.13249707675875652,0.44209652024558377,0.6708482639805882,0.34918522657893986,0.3193485270959874,0.15131064101033664,0.20990498001041982,0.24005107895899458,0.32046550352279707,0.11734792677666567,0.017453483287292598,-0.08557986784282469,0.272277422054126,0.24518317394280098,0.1582214988238758,0.1988414506841052,-0.06751129792388194,0.2937588450194033,0.1826800688673716,0.3257441601170651,0.11972786882528995,0.25531188345565026,0.15154253807623502,0.3209255740894387,0.21948821079255781,0.19159918046578214,0.3099666700701758,0.7004383726180958,0.22258412534866495,0.20949789388666532,0.18047713240339508,0.2552183172514755
31,0.21455836572684453,0.1278784629066389,0.1221509150764584,-0.12677863519402324,0.2569992177152173,0.4850719941274882,0.3203567593830214,0.20742585392241858,0.166688968948621,0.23842409336137954,0.2688156436516412,0.30879842863988916,0.04251616704935718,0.03415309673945817,-0.041787711820886975,0.23617690336145833,0.280214460838102,0.03253932242858835,0.12589475486195392,-0.031480038733798135,0.22710304922674818,0.15803196945742998,0.28717683762683666,0.27795926014890776,0.1367592965408938,0.11811844075648015,0.3375277460620142,0.19866524876445396,0.26072336107207966,0.1697362699636794,0.44576509998408376,0.2516832577232224,0.15266020462364588,0.17829690049475677,0.26874387029919306
32,0.24355316637066188,0.24126215368182713,0.3702976515644987,-0.12490193288563599,0.24520598094899085,0.5356038300112129,0.4116493774200114,0.18842262661406795,0.21689233040396724,0.2134498636777555,0.1611656155428302,0.3243428766552965,0.12418473653608064,-0.04995676372581925,-0.07712691355671505,0.15616591844437958,0.1795644587727175,0.13385557059788358,0.22579792732615223,0.0020087963748315688,0.3754075274608126,0.19212875865184045,0.27235991302178975,0.1278689156739244,0.15741076842426382,0.12237343485718011,0.4113851020199784,0.2859427468376479,0.24370947563702744,0.2056616928376088,0.42885623456291777,0.343607699822102,0.2587352296320815,0.24175171380092203,0.22856138690988004
33,0.09210978433532867,0.2787442363766379,0.40256444658774104,-0.1690962562437073,0.30777900785816464,0.3425317164942263,0.40582626587512427,0.07651424112742694,0.15309481729435787,0.28370934530377345,0.3585562267138097,0.2671815337613017,0.15685312058227677,0.030265428591664374,-0.05787021862584843,0.201267533602945,0.2566142301120219,0.08116272828469961,0.20955240115716006,0.08825155236011147,0.28812651406888107,0.19661130626989465,0.2367402889094944,0.06835633335373699,0.23793825436865412,0.08513054808660869,0.38055164460596225,0.2417624051368423,0.197195976832093,0.23635786730018649,0.43175871798953813,0.24247895253372936,0.28155927694449157,0.25905072178396665,0.21359823717078744
34,0.19936304060809534,0.1412793805492066,0.4816359208385409,-0.04947474692407822,0.2696552756170223,0.6115396730969014,0.4015148906142855,0.17838495397854992,0.17473752396668227,0.2197599583683565,0.323156978155022,0.33771034669853994,0.2426765955775017,0.035617203791384285,-0.01138030860719047,0.17816963798122865,0.23303739038922694,0.02530839761162222,0.1803001986899539,0.014874293707612753,0.2000367914487696,0.05924927455880258,0.14969697776001634,0.1336603008148241,0.20908494636996897,0.15956639731810626,0.39228062756622695,0.25741624615250314,0.25898430565974867,0.0947912921228646,0.49762682419605664,0.3352070129085153,0.26876472212463254,0.07355400680271927,0.28881190448406824
35,0.293688655182451,0.22459875275373475,0.4922255015343589,-0.1492036848999833,0.5357911955089273,0.32132016445473705,0.34715985197946814,0.3674492173601984,0.2279214156891301,0.31444714378361355,0.4121502045656141,0.27871605961412343,0.19737774514094064,0.07358150990928793,0.14534047380340903,0.30167962983027913,0.29071758370460354,0.09881199863915353,0.2659370286822734,0.041165067172223534,0.2830976540528506,0.10509661631258022,0.13112658274782682,0.20840503276196348,0.2910433655018063,0.13825332561842105,0.42225156122737073,0.26640941756332914,0.3513029889844605,0.15407607108514326,0.5666327734424629,0.26562870685840745,0.22703250761295007,0.15493534013123933,0.2346749173286486
36,0.24130647284697876,0.1805714486155243,0.5896450011704293,-0.15307399437941266,0.46348320594002673,0.42389791915719965,0.369530217778656,0.2081969007870308,0.12393772475246773,0.35731233627640524,0.2456713943762743,0.2509586610365505,0.17681580269359648,0.12522475669212468,0.03277828975148955,0.378452136677165,0.26371062437696335,0.10429757924416234,0.23682194367585346,0.015266950396323782,0.2215476621634449,0.1145333627901162,0.11484011018307427,0.19945656210277468,0.1295198614257977,0.17884070862766452,0.4442290731186232,0.23936806271815614,0.36924594226369567,0.2804584743844641,0.5300555861249137,0.3142775206302384,0.1882380673860342,0.17459679553518537,0.280489740582837
37,0.19438798061264426,0.3107552600394662,0.6202660684323582,-0.10403748389454918,0.2926519922475989,0.49426639215465573,0.35720428101211926,0.21881829169257658,0.11951776409870153,0.255234430134485,0.3621606774732844,0.29860781625197147,0.1509924320143646,0.06372094140001217,0.07658438843049782,0.2639811082212369,0.24622460884729486,0.029773935792765528,0.24249394212109465,0.1394017649444593,0.31879535766891115,0.19999244560980162,0.27130341582567385,0.19068418429889938,0.15286127072303646,0.24765954926960201,0.47787972697457226,0.4010079031390872,0.3719307202531773,0.27306485039826756,0.5931090680788493,0.3034254705792877,0.24427994798132063,0.2166404105142321,0.3556304874578971
38,0.14092022107589508,0.3902187870909322,0.4521743258166637,-0.16522138933549096,0.45250882267554837,0.49041813918334554,0.38078269436897766,0.41496957687445385,0.21209290969558103,0.30901524342137787,0.42518244200135324,0.44023979738643865,0.24739467304322735,0.12102413739008719,0.16286609439865624,0.30984127222376234,0.3558083379345848,0.09016603798918094,0.2668704242900013,0.04562630223513647,0.36596777793794144,0.2988219862324758,0.3948927534602511,0.22439105272439036,0.21653177143046215,0.22363901969330172,0.4898227744592989,0.32743086867641813,0.31942776723473293,0.10611854382663773,0.5851953390519113,0.37027289693308374,0.30125018353222344,0.21382241962940066,0.3324439536678898
39,0.15402594025307467,0.41090532753090164,0.7128327199306436,-0.0017106468446804312,0.2486932509345588,0.5023131145343549,0.4478855458277895,0.4201157832903438,0.22086794294483775,0.35045079744187135,0.45108003936361224,0.3879816728090384,0.3570177270128256,0.13767142956000333,0.07565487237757755,0.3706418543737961,0.3696367318622318,0.08328987865151695,0.2846039842994371,0.04232848031004319,0.369535944280606,0.34688950765448356,0.20860045809901237,0.3060992893725773,0.19083341352424682,0.1751255440196179,0.5329824508037753,0.321413156508482,0.2613609613234513,0.3786271278984725,0.45605229549854726,0.3811944390340365,0.3233691900058697,0.2625841642729959,0.49075857418879537
40,0.11240298217724837,0.2648723427147383,0.4738670308253175,0.026600297481700612,0.24655238432816695,0.5226690035393513,0.507584595947758,0.2790056507352533,0.24366280513596733,0.35053365450211227,0.4243460826351684,0.32252215406116513,0.1978159620907462,0.10205202170477964,0.06012683759185194,0.2681049954201288,0.2819710487822365,0.15217004046886773,0.22275644561388153,0.0702772179992355,0.3771625656617519,0.3327837496283549,0.3390466434628497,0.24311181484734223,0.3412085801693743,0.23106972544167553,0.4489118270668483,0.36591228293069483,0.26377234835794894,0.3298160700150408,0.66620348284478,0.3149399974995837,0.254536298671716,0.18339278811212512,0.3967441453817535
41,0.07191476173033842,0.10333555341702709,0.41122886986697194,-0.009574496286805526,0.3837314020093302,0.6778888440785579,0.46038515212750386,0.31825289178950694,0.26742332670426316,0.46539269592621335,0.3513980010233625,0.27652071252655736,0.2947667640402631,0.16416526115582725,0.0471407635460534,0.3630408976215612,0.2328626333765401,0.16832610113060564,0.2946906623220481,0.08509576416530398,0.4150441460611253,0.3071488067227157,0.30294348666653337,0.21204214817191575,0.25685402333523616,0.16043695169178218,0.5129485829366677,0.41700802964408473,0.3075982689611501,0.3703169300477509,0.6727592436701086,0.2847479223731026,0.3276564388167158,0.20272576277617554,0.4070006071587838
42,0.11308492841079265,0.21075450279166008,0.6258288236024556,-0.1081162663723843,0.3698260292581364,0.5801025368341973,0.3634186847234584,0.34771240593784225,0.18149310513258438,0.28890945680958685,0.32424470001193767,0.3351550652928609,0.21319428594778342,0.11185318267524907,0.02556204166223946,0.22546041659550833,0.2390081069114986,0.19765068201590816,0.28155710353448554,0.11484241300257256,0.38837637530088,0.369492744342816,0.3327112667398082,0.2887468070891642,0.31042963191934325,0.14675827339107644,0.33682751492560603,0.36788898324658065,0.17716693582077464,0.23467037185775022,0.5453877794024027,0.26388815327421006,0.24486093207100545,0.26290862017550154,0.37217710201755944
43,0.02375694528542656,0.4000019371674334,0.637679078564588,-0.13493682111836847,0.3755182677342925,0.6076716508237741,0.45849622081414265,0.29154111443939235,0.15734324336850974,0.3376855600290896,0.4398550998104759,0.44124236532344363,0.2603734412598705,0.13547833369032622,0.05760601247779847,0.3009839821298743,0.35921848256125133,0.25898317456859604,0.2544905333352768,0.13943010868682834,0.46196573617870074,0.458610180801477,0.32684977902514867,0.31727900601059844,0.318130514528434,0.2348289137854772,0.4764275136439238,0.41326784523732163,0.29187045587708665,0.23406927316890314,0.5397593770211384,0.3125580183245631,0.28806099799349083,0.2698540869453564,0.4742761420593571
44,-0.03364262027837782,0.3638835162314943,0.413097419977283,0.019763812795324496,0.35290246436035955,0.44103859127678935,0.49521439292121067,0.3618249320319809,0.32114635419924875,0.48825243804238094,0.38412301291616524,0.24190603905942684,0.3078366723272734,0.014692673734858,0.13757210234432993,0.34710888316767985,0.22349960762771676,0.21525468041120763,0.14421970604670767,0.25313241702271166,0.4101750888494744,0.3132823543658165,0.4692326010117084,0.2518994338228314,0.25099045216750066,0.33752978656476695,0.4432975730325152,0.42374617386997554,0.2539687042294808,0.3227939985546381,0.43707741122331994,0.31689945695860877,0.22195023594172478,0.320914554739068,0.38417317284136593
45,0.2130863792099243,0.30172923983301786,0.37763646860518135,-0.09904727875455363,0.48335659959023414,0.4184364334766793,0.47852095522795796,0.44662387262790737,0.3220926951332603,0.23349996051527405,0.39011506142646285,0.38019225577448,0.1892436566475642,-0.08732336220396437,0.1554269229193244,0.32377542016244343,0.2788778248246948,0.27875049867241636,0.16739032885215144,0.15910749787556588,0.5570366166293801,0.3690112521990371,0.3117643197750942,0.2876576628074674,0.3302186053031803,0.24200595221279406,0.39738503105569345,0.40186429819844016,0.21644239119460035,0.3057430731913252,0.5804895029602881,0.265705806968341,0.2982748666056392,0.2908560437890458,0.5425898746381692
46,0.09614551362361695,0.3215165819101986,0.20323846133977672,-0.015359760635025407,0.5567151464479576,0.2774862560109349,0.4332189828783027,0.3715277201272525,0.3234730466734558,0.1892625013619374,0.565551717450635,0.3465272056434996,0.20295798417753458,-0.030969604116407715,0.09912832452797374,0.25892745029534286,0.33688368199433744,0.2064057672889742,0.2274999943535751,0.14506063605208566,0.44480155289682444,0.40319629794403067,0.3281117985862751,0.2955550362399131,0.3294816957882144,0.273377329707821,0.4220840163497853,0.3440527742625785,0.190839848006217,0.27570655858284865,0.4486406953632837,0.3577693557681801,0.3295641199356014,0.3298992595814303,0.39393854780918725
47,0.2913649125367619,0.2927014705751493,0.27973344295933106,0.06597194927831543,0.44379853312385964,0.4561347187952284,0.4653931068737681,0.3711233399281414,0.266443378561815,0.2679334237326819,0.4871582180601301,0.31723741052179705,0.2815928123218539,-0.10902526979333543,0.12006043083580162,0.38797883670412875,0.18783219928501357,0.1978482688778324,0.22740622526049348,0.18662351276583483,0.31268694830853383,0.5140632098922235,0.48330867749936074,0.2074266476730621,0.3666528075098191,0.22746572679681815,0.4060744010506145,0.4458567717881369,0.2868759007489124,0.2813989924387724,0.40095642112927765,0.3223135089716688,0.36153897527863504,0.25966244477199296,0.5200978791072713
48,0.2647011442850637,0.32076405907357575,0.4301541584966344,-0.1670010534566561,0.5221127966648981,0.3117392438189902,0.4040970671368916,0.39471725344853525,0.25612499066677136,0.40127989162242234,0.4113668004079357,0.30848617495136316,0.30991696825267767,-0.015043958495424326,0.17523381657119905,0.40274978125205774,0.21438542194907273,0.11665425229049432,0.2067230981448712,0.23036341956055864,0.3330951677291648,0.5336067590217344,0.42479207409366637,0.2412017210298474,0.2726460290486367,0.18186358863104235,0.2827480353443171,0.3718775827779449,0.30367319060216735,0.19901925312989616,0.3283548897500916,0.3372182804725599,0.31707441204462933,0.3276186961978989,0.46285961899106376
49,0.21781539837171693,0.29353052346438785,0.4382511456227143,0.004677403391591213,0.4336224696356851,0.25976935024306225,0.3185399713545545,0.46904244165499925,0.3373074188453533,0.3415692027683192,0.532523769698148,0.35129761327622017,0.2838416568366667,-0.05122264377556991,0.12546896773259464,0.32435850344472306,0.25412844389279154,0.19979930203312574,0.21898139852299553,0.16803628218402517,0.24523727302099863,0.542418413279308,0.38816702710724277,0.2894243561953918,0.34492975254314195,0.15189099613272666,0.315672931235514,0.30164243568016547,0.24738704135207285,0.2608600975864671,0.4024026271967541,0.3251258090762208,0.30261594642789724,0.27851060764185165,0.6042954801955835
50,0.30561230594696287,0.2692339951469457,0.3283275335061291,-0.08782474796379636,0.4730129955916752,0.43860011562184165,0.4508084428077915,0.3722088862929595,0.18566525446537643,0.25541899956518266,0.45804933254220287,0.3527525138055071,0.3484538816328575,0.09580576367134361,0.10492582037173148,0.2807595552639855,0.2746878645612625,0.19367705786242342,0.2512913255213345,0.23373601574820374,0.18889440738057667,0.5669302807397633,0.30117050469783024,0.26464824400306597,0.3552191911091648,0.113906766220784,0.39537352585733493,0.39028332656984444,0.22174641475367501,0.0669337964459521,0.4458164306399356,0.44196682068165205,0.25634862963679195,0.25467498368942076,0.49650367007683543
51,0.36902331177210845,0.2606271142011335,0.41939757577389525,-0.1583824094758714,0.46326468631478257,0.5101927890601736,0.3657968192205023,0.36510645472567704,0.3069304801433637,0.3167455794673186,0.52465610419731,0.3545711940395716,0.36683215064774644,0.1952170121136221,0.15761133215333964,0.3951939804149912,0.3004353700835789,0.3473871094070043,0.37346520475906136,0.23782264858340124,0.37602265980742483,0.4705564991148231,0.36187015919871035,0.28305596067942385,0.43350087090520883,0.18140963833718177,0.5151897352049837,0.4573582532039826,0.25573144207944387,0.08962214203976629,0.6145267407230832,0.3690362995152245,0.36269567845169526,0.32166187684571057,0.5877598300260266
52,0.26524058084852165,0.20830695291141077,0.3681581111763822,0.036799240903878094,0.5269476112568158,0.5018992451180797,0.43126506795989417,0.4258018085600345,0.2050067402093488,0.4433382702606034,0.5878027436125863,0.29777744328770156,0.2610951066646925,0.13115621730922772,0.11002018618281416,0.3789202053798739,0.26736214022294585,0.21711472178382496,0.3837188410728092,0.2597187290873908,0.38796830553362166,0.46869381153562517,0.3131957070253125,0.1364777469103856,0.40010608635737993,0.25783360885942674,0.405127993326741,0.41689839861944133,0.2985635182553623,0.24679893187823496,0.4792608238606709,0.4668681261257834,0.3608577345256171,0.30090228909138195,0.5794663491574119
53,0.34847689402732623,0.2067314188910504,0.400998013355646,-0.03785162988568384,0.5701900563527604,0.5777875195680856,0.351993570147617,0.3756826907603936,0.24708735538477686,0.40543530906494085,0.5259889711572783,0.23333187144220163,0.2632126970368764,0.14970191387488432,0.16017544706370115,0.3433723370874714,0.28628462295890267,0.26490084106543205,0.294531700727951,0.19910214061256432,0.4100729541581319,0.5587748774663849,0.35006705610797295,0.2650467358322226,0.5940290451215258,0.3820402599995537,0.5435774444259294,0.49858700155948704,0.31209613974809464,0.3906633827145403,0.4509884899323436,0.42018846088998585,0.3015512918538576,0.3384390352208502,0.585401270075593
54,0.19532546130170714,0.12482237913998791,0.41823125296335967,-0.00992037641034061,0.43273665556715013,0.6306116953926223,0.40717475276484405,0.48039923119455735,0.20528221594229418,0.4784135623163778,0.43222276659939707,0.37564689276978624,0.2695226478451256,0.19253452189933348,0.09285125848595581,0.35850867584511403,0.32209031312176856,0.31345189055017486,0.28369516263835914,0.154482925774583,0.4134343356832692,0.655033979027166,0.39331586896339515,0.2164659381634649,0.3765595334189032,0.22445083830430598,0.4879367858240249,0.5305555403747124,0.29252768331016854,0.27625697682269823,0.44436272852992553,0.42998005783275695,0.35309388155822374,0.25960994460042786,0.5708837837753461
55,0.17136244429691988,0.15348745402001746,0.4603772917484491,-0.12042605175737875,0.5178670960634386,0.7042619667733288,0.4878547079340117,0.4392005305090163,0.2954075762700953,0.312210453894481,0.5396005933576042,0.2919782400576564,0.3742966302685476,0.18591257353554663,0.182413784758643,0.36434206004245795,0.2955487387316168,0.35008958651631283,0.31062518082380114,0.1516822644874688,0.3328872648747625,0.49173119602162585,0.4260301501706404,0.46923219285976947,0.4444511935708816,0.3153507160774278,0.6103164476658901,0.5811816217688462,0.23831266356948072,0.34133519008390933,0.4937477794165631,0.4621247012325852,0.3970764877724293,0.25411972845187514,0.7225352442271298
56,0.2899250102640747,0.18472099884833432,0.41458641800545204,0.0012494874699966012,0.44148128218330035,0.7408036055767115,0.43178743855958895,0.4168977455535636,0.1935675891664192,0.47380025924084945,0.4461321272554123,0.18305157407696185,0.30678679936892794,0.19344080728930646,0.08404924550352726,0.3871891006253502,0.22177585610698566,0.33715736305799215,0.25372062024664593,0.19310812783848175,0.2823025774184006,0.36361127438272517,0.47707849440424765,0.31693582549033494,0.33843556270965164,0.2388045977109621,0.5289362800082535,0.585034034624156,0.1539424486480229,0.3347866089648117,0.38813176818615014,0.38361295467761725,0.3728692621603781,0.3245035363999589,0.535285617260076
57,0.22463799570032555,0.18366471072031088,0.5274300622339251,-0.018007137595440523,0.5781432933886248,0.6482609791718652,0.4251343497899072,0.5348498607057262,0.3293643098545691,0.3353835059354056,0.5651059565198048,0.3160141577138669,0.3391728959062251,0.1620622729515881,0.2099000135444733,0.23002801471158418,0.3119344882639383,0.3480389999241629,0.27650891377507714,0.21115898122499993,0.45288214767898616,0.6266069424101861,0.4782579033092203,0.40236974636581047,0.4916643858701828,0.14621764095940828,0.6651590516734021,0.39478905107319406,0.2970625196521608,0.22936495294059975,0.3689875376468843,0.553933209011356,0.33381261779330784,0.2619308443724542,0.6667899191240085
58,0.17344879952983475,0.25587321386293466,0.45693333406012104,-0.05950065694378606,0.5914722196652011,0.5908430736459586,0.3006032233675775,0.35553231923648626,0.28505882874343147,0.3319697387720345,0.4012092627374185,0.243880566607537,0.3313136251017782,0.16589676609273094,0.2189957181100913,0.29822420260301286,0.2723006104340065,0.25611341973740887,0.23719464591329525,0.2052012277949179,0.37403958535796034,0.366681848096628,0.4539779939175095,0.2508744097042484,0.4353474301662526,0.14851124897866302,0.5348502926988,0.42854549005760745,0.30227173789469985,0.1274797310232225,0.41958806033539553,0.3884981945065557,0.33834933398021616,0.2950664531496324,0.5187634925106742
59,0.1690118165142284,0.15084502225672905,0.35505472303385954,0.13774132957943658,0.430946343971909,0.6339961562895473,0.45672205667539234,0.49933149292440077,0.30777882518067956,0.5174412104066113,0.5641158306907772,0.28953056552303835,0.3444562320805402,0.15606686411051882,0.14848357689457797,0.38735061689927097,0.3181654344621707,0.17392122853975525,0.29786640501958667,0.24437816402074958,0.39468322482065366,0.43963421582970447,0.524970803585538,0.30377958364286217,0.5539778772984048,0.2788968415774723,0.6877934057334121,0.3895852720450068,0.19904974313897333,0.4144624708266751,0.29344095832772604,0.3473336099988179,0.31502516641494305,0.34050019482870114,0.6229427685275986
60,0.16790020198365674,0.18049507237779558,0.3685437511224755,-0.05660829983689186,0.5046571609891429,0.556787165515553,0.34176525836881705,0.5918919695999499,0.3252680513892201,0.4279921325012551,0.3474331702963101,0.37117246778279755,0.3770877998632856,0.1589752802521601,0.21196056786328743,0.35578108258088975,0.3526043922635821,0.27124160145387954,0.21846818117542605,0.1423126113815784,0.38912243458187795,0.4382182251013734,0.463873350784021,0.25402003223211345,0.4892009186420363,0.2060997383453669,0.6026947382526102,0.29379485180632886,0.23728187339455414,0.26862856903516846,0.38153079738688567,0.40206336891346856,0.32555790452726885,0.30786905269427756,0.5828706221955033
61,0.2292441667816264,0.12990069176715713,0.4032114838828492,0.12319202706026339,0.6244369815711617,0.6096708116380898,0.31247642397938785,0.5096212206532125,0.32334455990904876,0.4091361361501972,0.44440352460012045,0.37822284076727547,0.2745865715762822,0.19215811572494013,0.21370000922185095,0.3099070987192384,0.2893316093920651,0.25023863521535267,0.3143404919613037,0.203533192857377,0.33770576161608357,0.49256866700917074,0.5925408282847241,0.33795622209794507,0.45392826405062503,0.28276006395083053,0.685458988717667,0.2648867507545381,0.16274992093626825,0.3483611808210142,0.35896296923343585,0.3676795817973454,0.29277968751909456,0.32070448962516296,0.6682344128738675
62,0.13834429164943993,0.11609089383129666,0.4334285596084196,0.15803898541270478,0.5977557225754382,0.570467363879765,0.34149581479731983,0.5061778863383102,0.35815365708732416,0.41261669801472894,0.6143187532766619,0.37764224556521986,0.36080960717395444,0.2819513147600058,0.25038045949491583,0.28404158869235807,0.3333720194299281,0.3271691462504479,0.2983253296468002,0.17481902694717555,0.4644926296394544,0.450600596651482,0.5971353881505469,0.29166112195718685,0.6517584629700258,0.20747083020039347,0.669468799303224,0.42334362651567925,0.22644405594053332,0.1704021567513107,0.5333011302476123,0.38130176426286455,0.3745400669002388,0.2594794044640173,0.8224673033338363
63,0.16432172181646704,0.14660697771739023,0.6624722222706957,0.09432862778832388,0.4150335805307428,0.515058065246637,0.3003298904602394,0.4553457481458142,0.34561224361966036,0.4125738039583675,0.5396111174875942,0.24133921142521647,0.3019952829937578,0.23522546170957112,0.25646229125357833,0.30835772898787683,0.3487060417306126,0.26681189946538575,0.24997501475197734,0.2574345255550995,0.479121490646415,0.40187897427849195,0.60046931964372,0.13968509043423927,0.4665082107574151,0.3592721622601195,0.5128116512618794,0.3353473196746425,0.2872468132175061,0.42061730298670963,0.3966854584080528,0.367122703033822,0.33427604720412146,0.28918790533766336,0.7020989762523067
64,0.1600123424064421,0.12293729840530973,0.5305126322821123,-0.1076433834480355,0.452712874239255,0.6284428710731514,0.2802595635811772,0.3745305985373277,0.2897528559219147,0.4410472839939867,0.439722315342031,0.31185937205409753,0.2930710871934623,0.244394303178977,0.2172609581990739,0.2686261087606615,0.27590293618159334,0.3128436644761039,0.2124078786992719,0.2162950845043288,0.4189283604183842,0.4739298932599666,0.5337845179312702,0.2635743091348653,0.4345770382884122,0.23431057052420295,0.5700489230026959,0.326760246026781,0.20203340800891267,0.3235921222821565,0.37124622442832056,0.2981648849866384,0.38707902354909224,0.29330246574829666,0.5947246217188018
65,0.223675017368571,0.30490209851801464,0.5269471074011396,-0.17861389631364155,0.4627547259274543,0.5961778122064453,0.38226762642794176,0.48942239169931706,0.27091557439048736,0.4598579990356307,0.5616216871028885,0.25970568610588346,0.27923087454234896,0.2500515509581063,0.21328325763248313,0.28817512201110074,0.2992518708702472,0.3674335032468257,0.20062196579129488,0.18198076043213188,0.4910075173470246,0.387363565678824,0.6499258984315949,0.3782660794465447,0.42013452211562075,0.3350689564497821,0.5041407656394116,0.4078515396863841,0.16629439954065556,0.23543006021925172,0.33546223018651067,0.25761639168577455,0.39172902149236755,0.28980518222119095,0.668580909283422
66,0.30179169045753046,0.21630116592241652,0.4154639419001588,-0.04664347319461032,0.4092927964417803,0.632339614230219,0.39831225107099233,0.33373915598393644,0.2572397222793754,0.45231489580676765,0.6258221218258644,0.25887917018060247,0.37094378371802084,0.31763543400485805,0.19441378834283385,0.3448824206469466,0.2519775920106548,0.3735484512425654,0.24572922823367885,0.2216457209303781,0.39096278249968824,0.3267481735597653,0.6031362400352112,0.32344189774778276,0.43802311862604293,0.3760613787869879,0.5156740182419939,0.5218849738428828,0.18666611631060304,0.2563637668472163,0.4279515241005397,0.1715747084119013,0.34758683312328176,0.28595636035020483,0.6531277542452594
67,0.323628671706172,0.3238599849606493,0.6037607598842569,0.027922930641013803,0.35684787924883665,0.730493406714644,0.34704982376931953,0.4396959625130333,0.35779934844359157,0.4254752737718566,0.50440036085522,0.2768859962176904,0.3679127061902564,0.24438852667682018,0.2099452510344782,0.32424697875285463,0.35278710456318657,0.28363038067821333,0.27542615847336166,0.26126003816287763,0.538479332457162,0.4212787329092532,0.601922921063289,0.26822098209407697,0.304517483464812,0.4145229362856159,0.5358607276910018,0.6024202182223282,0.1644386177701792,0.26520515183389515,0.5620889664679303,0.20412372331894224,0.37485765316513,0.28090680479366265,0.6146751038884908
68,0.3261577242931304,0.15513534693448566,0.45839481552834876,0.12053529836640006,0.4621987556225674,0.6834701584846233,0.3973262258760605,0.5093843084737371,0.25913636776612003,0.4571772990394512,0.5214699027112091,0.3590783422274811,0.3024066952041736,0.3172573876479333,0.28235552067488834,0.3301345717236773,0.35853225549262513,0.31854704989057625,0.22051682968723454,0.28673757967061847,0.46171119077512296,0.35376201418041664,0.5590012547418075,0.1421048333622041,0.333993756618818,0.5167635587013282,0.5869368361634564,0.3909749103867956,0.2264181875576196,0.462472409951744,0.4716641506252172,0.27114269376380734,0.28095396765444325,0.3108885151520707,0.5923166489839233
69,0.3046954675840545,0.25234764438170537,0.5924301510474294,0.05860351156019712,0.3872247790749269,0.6527535005873464,0.5337251991190803,0.44871492378741584,0.23882899320475715,0.42026166330146103,0.48943210400534853,0.36199004197185103,0.3551705745731763,0.2944337430484503,0.18811869776951634,0.3170285510331403,0.3208894243966378,0.3374253538402503,0.21106034929122383,0.3149490415713383,0.3275648412069374,0.47066494240862017,0.5819035122133065,0.312573353048898,0.16306813796787376,0.38492457729517454,0.5354302088576335,0.646214391877793,0.275958935427189,0.41743983027668474,0.40939500847309707,0.16766490791545563,0.39702601303579976,0.32702768578231645,0.49799538594050885
70,0.3272420475796761,0.2496634043967586,0.6557238690664077,0.06321446509222836,0.4469041501893002,0.48346973735963317,0.3704952537237986,0.36551171425508083,0.22702813315796727,0.3193039407807582,0.5497231844674595,0.35195043810313675,0.2257351159102286,0.31057840656806157,0.25850910731274457,0.24450960105879804,0.35865292093771883,0.3165436760990451,0.18637445481003082,0.27629477048089823,0.4392734064192375,0.5147209594548195,0.467972778832188,0.23923711175817408,0.40463534829376535,0.3340927314792225,0.6322658395642803,0.4238172756989583,0.3696265533444869,0.3627987985299526,0.5083035937274123,0.26981932134008446,0.33125912277784864,0.2511578120004466,0.515218171486192
71,0.2669963943869577,0.3262863275813305,0.6354305996635784,0.35830597336206066,0.39823542351688074,0.5325330979590063,0.34841380763268637,0.46024786124808165,0.32162471087435784,0.2958401589390489,0.47077992520022216,0.3952971435710486,0.3326257258586123,0.3022227065347929,0.3038748557726701,0.2913028477573794,0.3500413970472336,0.35517380518187475,0.21961829760871132,0.32619758407503024,0.4061618806317583,0.3996475704029223,0.5905816406281709,0.2894138460185649,0.3866811853066642,0.45558954634691184,0.5671197752481131,0.5346956428027483,0.30810736308089104,0.34369433298321617,0.6636454883685399,0.36077288127450374,0.29636120660853343,0.22892390618642366,0.7060806944022198
72,0.26525547020693363,0.2569773681130456,0.6490319736355303,0.4187110370591571,0.48152782125752086,0.6581452745953188,0.43500972675565475,0.364562359112968,0.22293105067645813,0.49303137661147894,0.5305087320537154,0.37431570494426003,0.29523453995628923,0.30800739944487787,0.23511048819141656,0.33835467619524906,0.3445327575857857,0.41583903393068455,0.2365276783536927,0.3102215797660005,0.6003387696189844,0.46350723147710104,0.6002549449283476,0.3453074822269308,0.3658103373085654,0.505219519753062,0.7448345780722286,0.6458456146637304,0.25404360915591684,0.33799289434418567,0.5949755061060897,0.383444170912858,0.347517820398215,0.2739294146446507,0.5924965341662911
73,0.3725095990860638,0.3730534906967439,0.7002784242349804,0.42911621380621084,0.4892400650385914,0.5663738281822084,0.40758932833206435,0.4142329589925158,0.3473535580217201,0.5062782832667938,0.5002098805346858,0.4127785086602082,0.3752141488654145,0.35928640347011376,0.24525601608196082,0.31442253776882484,0.3289453481181709,0.3371144483697778,0.3099341468503539,0.3107969875180589,0.5642163189618891,0.43304529285049853,0.6641039737538564,0.34098943775576473,0.4603622512692694,0.40492767358061577,0.683607184813742,0.7186093688069592,0.23089096135671916,0.4053600574130926,0.6594305137476231,0.33239834967938653,0.41404782066078333,0.2890721972373569,0.5677049306702724
74,0.4787072838687084,0.23047136579942368,0.6032855271893018,0.4835173689289425,0.44380706662210573,0.653697651429654,0.3080058808187539,0.33909360852981846,0.2870803580183995,0.5096840249706349,0.5939446157957671,0.36608623451306405,0.36228030693500696,0.32406128065276296,0.2559242538057346,0.3054207650812436,0.3947205360204916,0.38881758903776054,0.3127423586735387,0.30351306808826706,0.4287232486906275,0.3896009789473103,0.5316683202249237,0.36152344916946194,0.28364174522329305,0.6382863205234903,0.5382688674240947,0.4128422095474588,0.2371083018293242,0.3752085443434273,0.41690446466684483,0.4382969782604128,0.3089081085575823,0.2865088173894691,0.5006637554701419
75,0.32940684167357925,0.2855513715557042,0.6395309540052097,0.36856140972333074,0.41838111942384004,0.7099116190598415,0.2507026424190121,0.36684356003706153,0.2708351208149828,0.49044416084872916,0.5509854483401946,0.2691084708487549,0.2808806311999531,0.3645759352334267,0.22935584442468135,0.2950296936412624,0.3558676703355909,0.3373369111546946,0.3157031241742144,0.38604680378329476,0.45793014184827313,0.4486969976504098,0.5624823958157068,0.530266440849892,0.2944024098111446,0.4759960575533445,0.630275797361132,0.5137342835876006,0.2266770270653382,0.31076374979241234,0.3947212832876767,0.3224007505129922,0.33766977155194167,0.30020063608878367,0.7331621181314751
76,0.38966422031397385,0.1636377645288059,0.5937791776899656,0.352278452235527,0.3816107056920881,0.5482700594981882,0.2874894593276422,0.2799139550237471,0.17356917131120447,0.5101069417273165,0.4928058069103676,0.3805220983579361,0.36094201543126037,0.3708874381909474,0.2417881938955884,0.38088130495969164,0.37223090620261085,0.3418191037011398,0.27241319775265416,0.3211442120835497,0.5487528452895103,0.4212529082761957,0.5933368462329278,0.4284571694427984,0.35087317646758265,0.43104628992950134,0.5642046634304663,0.6043684279804371,0.2744295810830164,0.33256023377858623,0.4072110813390823,0.3892060590624853,0.3444129706277411,0.24694398302168408,0.7534810879384011
77,0.378393382197857,0.19392572130953065,0.5192852196186928,0.45471182967571333,0.5277255056002375,0.5920808358939869,0.38355681655650503,0.37742754201465617,0.25314485897634453,0.5661205645088061,0.3667918483300714,0.4139904762194184,0.2865241070346267,0.28670371117056626,0.29113040411608465,0.3808615686697504,0.3604504108558849,0.30351221055740357,0.235189974964289,0.29052212324608606,0.5235112981224435,0.4624665826682176,0.6405232102842826,0.43338659953258923,0.3578205484133197,0.5047604554005475,0.7352075155693779,0.572036660777258,0.2168611573956081,0.49032972464203595,0.5066618255795654,0.3915451491934613,0.3303083586695094,0.3131489322886099,0.7084225169539596
78,0.380054247287957,0.27974091414428426,0.5505891912867135,0.38894458394479714,0.48323806429185157,0.6741024819311269,0.3859015771045523,0.32197486895308813,0.33347343884333475,0.4109167257858575,0.5419649620876215,0.28923468650590295,0.3008889094394006,0.17636736982558535,0.21762025375609154,0.2504288847137647,0.3229838466749323,0.3382648641951095,0.2275615688709582,0.22074583538477827,0.5244668160254207,0.4461095259086427,0.5396120171127777,0.5172107207891076,0.3719361864627359,0.3670264420760808,0.7240564466823418,0.5794257866237489,0.37369175736854293,0.46848418598724384,0.5002299260918656,0.4302733524264057,0.36451970002055334,0.22168059660366402,0.8602131499481294
79,0.28510728168962396,0.1922394628548949,0.5235825815987166,0.515712121752868,0.3882241789584724,0.6761122652118703,0.29056999752040685,0.32717685001246966,0.33089402750986596,0.37611196800598967,0.4096887929318526,0.20288823667175634,0.3178960503870464,0.21113637781529807,0.25697271406519134,0.2064704660555241,0.3064229260869056,0.30636539015377934,0.23955185633367337,0.27816932786742743,0.5642758144477374,0.31250240231630244,0.4911956491833165,0.49989746259815415,0.4395629344233778,0.46659780388930394,0.6055672397248332,0.48629291713179673,0.31104514346524825,0.45337729351033285,0.5746335492188636,0.29228776167241866,0.3897654592423872,0.27527006215928795,0.6902686870587211
80,0.2855474779911176,0.3945195900804477,0.6152022557043711,0.3651463284288373,0.4482949082044776,0.5661527564718721,0.1709378896697184,0.3210258856167258,0.23144292816532128,0.37691676422345133,0.40793581527013867,0.30481055181747185,0.2498678167550094,0.3419844238099216,0.32866676978292075,0.24106583917721042,0.4262469744320679,0.32631433518875896,0.1935161046395142,0.3437620539721584,0.6487216710940218,0.3984730996593575,0.5273763874928606,0.44110421600489463,0.406980859821649,0.29958924282901134,0.5148091951772419,0.5105494797937958,0.3227127572720189,0.3751054979551797,0.4465201090968627,0.44251720495871605,0.26077313594629825,0.2220098161211976,0.7267316781275786
81,0.3533336799193547,0.2102567952172415,0.543013850088266,0.4020745163382772,0.5003016433216045,0.6139204851581269,0.4759064217512202,0.4414682596554578,0.28533486210017583,0.46952210536970246,0.37814947082225125,0.3129359923874052,0.308314081917681,0.22221008237617784,0.23656814212370064,0.4377212188818186,0.3706547176107541,0.34564094157960434,0.17994902070402946,0.2816792371166348,0.5309577106985404,0.4015068613154108,0.6779468722764512,0.4681726333007677,0.36525929101639654,0.4221645997938749,0.5987741520607311,0.6215666888698712,0.3944357118670165,0.45081473782760845,0.5818161252011415,0.37160192066396247,0.42247953929799464,0.290874483157243,0.7641605633766638
82,0.2756026012917024,0.28978097432458716,0.5865810090106027,0.47480594126487896,0.47757059234519134,0.7392513111007493,0.40037146916897715,0.30543283259298026,0.25029154504936485,0.48361277530810065,0.4568720390657949,0.21657347020642684,0.33874169266269116,0.33442480203888814,0.2957122645185565,0.33397355891609415,0.3234129882847989,0.5052329760894163,0.2411697353850019,0.3383553558587248,0.6314264900172765,0.32292891166404714,0.5284536050944878,0.40436279930577584,0.4039781181861786,0.523062232766004,0.5008853894354129,0.7054945681134095,0.5987179552329913,0.5532076085836475,0.6415183274417326,0.4415218464595019,0.4395087857649235,0.25612548634230103,0.7064201432766919
83,0.3939324732028715,0.26841406409393465,0.5919825308427427,0.39191958577660657,0.4447603729035548,0.6596496333535047,0.31766218122611634,0.43154592336447156,0.16028984783592218,0.450291323162879,0.48154549736212793,0.3097208019250125,0.3255894962412965,0.20865201897764693,0.20243177102143056,0.38752892850122755,0.3803654972189301,0.4303367200426573,0.20516673057965726,0.30003375678574096,0.5495463458716816,0.4281036665395406,0.4812849550457073,0.36070066634628706,0.218210227171304,0.3439587484002554,0.5904285481064666,0.5738963376349719,0.40650435209810143,0.5897605931478972,0.5956454422719296,0.4633825695125786,0.3981049078852684,0.2299066321962016,0.6435895095026822
84,0.40947854076906476,0.26666620614247427,0.6830306632903418,0.4894304072030259,0.2735330793285803,0.5923951894964602,0.22466539883896802,0.35594000657274655,0.1636473614843387,0.47285536592803423,0.5506210582558531,0.31291792181165445,0.2908444760478096,0.2550328839675157,0.22145409194790977,0.35830753075751676,0.3651031473072949,0.41712351993452745,0.21190678963559906,0.2645644367060342,0.5001394759750395,0.3648022987853201,0.5597883605536107,0.5931109308372055,0.1702603441362197,0.44315976455976624,0.6641802001012067,0.6528503697616739,0.5669966557273562,0.5242069329459407,0.4714137457541486,0.5114456355007375,0.4362641056797705,0.27535711667146345,0.8366154147155926
85,0.39775927327405114,0.2398745732179735,0.6110800041502654,0.6744506363636977,0.6255965233562453,0.5906269969060167,0.39933809361245565,0.3131334652865671,0.27529165428197405,0.3983440300602217,0.48773905607285484,0.3563251070555196,0.3163463417339963,0.28879117183868386,0.3613497055995236,0.3105103268632039,0.37768968490828464,0.35323964407081043,0.22983706699112222,0.28870568171452576,0.593010257453546,0.4027354212791072,0.5987197132527131,0.5162844151686964,0.3246380963546732,0.38586388775406427,0.5782895960220628,0.6908691633370072,0.41498609744345805,0.56539885103036,0.6972776916672635,0.47429467052671404,0.4031486446434087,0.28271300242762,0.7356107227705331
86,0.28415282471230624,0.21676812885025498,0.6484955236888664,0.6585597853881573,0.535564225780464,0.6870876908409262,0.38037987641879345,0.44311234933181104,0.2628137097946524,0.3985729299231979,0.3902577125367173,0.29328732002514224,0.3354332869973129,0.2664761107926957,0.28396376866753636,0.26964101599093593,0.3914434559613811,0.41801401244156156,0.20349491269140504,0.194336510270331,0.6202697922597211,0.33760669970979673,0.44837910537931475,0.530575804701007,0.18854918218785613,0.2968052788548968,0.5503926288787164,0.6827826165591164,0.4963424224729014,0.553181996057512,0.7226920480933834,0.4672582890696629,0.46743112760119876,0.22345316376298094,0.6323620606654253
87,0.35173114087109086,0.4547072412284966,0.5986916416346332,0.49549305083098455,0.49161450001516194,0.4800548146343426,0.45899468785571795,0.3497404741842425,0.29349171920438544,0.5585992656765048,0.606755623113911,0.41941238926184743,0.4370922488538098,0.31348095074589033,0.12805978955021607,0.3314226565509274,0.4565636112776208,0.4408435396928244,0.2270842423011766,0.33395749846218414,0.6099643775816922,0.38243521281694143,0.6884690324406244,0.4565307887700242,0.18321675703923265,0.40475330219493066,0.6682260525266108,0.7151095489430959,0.4085213708687606,0.5798572207494959,0.46599327815723707,0.44764492379815013,0.3535753263492559,0.23830561749158163,0.6237588197256667
88,0.35877543374039345,0.3135525522944723,0.7015339251174931,0.503991983103,0.3781096049376876,0.617585744597695,0.30701280545579035,0.39020780071052036,0.2336549744443667,0.47333517309038703,0.5083816268524897,0.34660879065984873,0.3801229034952541,0.3110801615908152,0.18734858680574998,0.40110978768603467,0.36438045470405206,0.2853656032911533,0.17667430800381412,0.3408128426288763,0.668575362908516,0.4560023009266731,0.45778495009105924,0.4266972435903541,0.16009554334398002,0.3960167001935568,0.6376815364731239,0.47780627531840303,0.4025803447764853,0.5995894708893419,0.5360851704462898,0.4333898310600212,0.3908668178676811,0.27627274477427144,0.7732010060176611
89,0.3314272297414659,0.292614193572999,0.665349628805626,0.6329650223747586,0.4767815312097274,0.7405857044060477,0.3822614589792177,0.5121387157846133,0.26359253519695897,0.37552852763758143,0.45719478885021114,0.29976678438479076,0.405571796194116,0.25600656040371816,0.23465252994004054,0.36949188524084897,0.35813671476169207,0.3766301168888618,0.16376861090649514,0.28175356051694034,0.6129974163666088,0.42834411375344117,0.5209203119048331,0.4708298090236964,0.18458108068505236,0.3349410656304559,0.6183096337838958,0.517166411839454,0.44570138387714575,0.593348117755596,0.551337932384646,0.5014821976597604,0.4014037890523219,0.29232361375733473,0.6625408734729951
90,0.4268659731096066,0.36849178199695143,0.610544072354225,0.5687382691422272,0.49048360652057305,0.5813535713018021,0.3747968859009519,0.48587447661600014,0.2862069945324547,0.5968068379533824,0.4410935310557259,0.2320280145897097,0.3411501863626075,0.3664745345107493,0.24934806726434883,0.37451158384982536,0.3127719086058346,0.40043977832377864,0.24904880547705477,0.3742812763441222,0.7087483146475535,0.3983217043027161,0.490261025234629,0.4560981673811908,0.19118864737272656,0.4943325647151218,0.7109644299547175,0.5886918109220908,0.5202761045179759,0.774191049222518,0.5790448029716071,0.507579291126492,0.33923163674139534,0.329429943583395,0.8510240680716403
91,0.4098731755244145,0.33384871324119925,0.6492003624635553,0.4712745263592148,0.42132542310153487,0.6005708938207686,0.3614721835388373,0.36877115038998887,0.1739215983986349,0.43421136214570494,0.5816836377974155,0.23246023761538573,0.30565455810869513,0.30258228240921753,0.13312949126799256,0.28938680842513476,0.22330039216271905,0.3543277036214829,0.28700437330362694,0.26449206472821474,0.6165352716648737,0.3168925920206263,0.5399722647143623,0.5046767862489349,0.2567630286761688,0.4381860984419589,0.5377548035145193,0.5816932596382065,0.605392606115698,0.5685828935335671,0.4834295288094157,0.4136755698626369,0.3984584433318733,0.21796211779767447,0.7375302162998356
92,0.42033231776754854,0.3394146396477133,0.6408172073428184,0.4179957015744394,0.3965560965914307,0.6306379292449685,0.42754189106115664,0.47395461768122665,0.255431940527977,0.6496438540866307,0.5454051736536546,0.23702613510761497,0.3771811249375599,0.2987630022906147,0.2908364764494006,0.3955576292098253,0.2740685863060554,0.3795422225769087,0.16591250144605388,0.34100698971383653,0.5493378400222965,0.3602986576336935,0.5802861630067313,0.590312494504203,0.28772405694769715,0.43867199075091,0.5524142310458533,0.7350790169053083,0.3850542328678054,0.6857974921936091,0.5424349065477783,0.31271770707051316,0.5039569045243604,0.3626001306203527,0.7089499864661113
93,0.41963626950306815,0.31681247292327,0.7039934187623277,0.5786181631427414,0.4379370696685903,0.533946122182049,0.5357554075515217,0.500311964349299,0.2282666021605245,0.5602273506999693,0.4566291523387948,0.34998304415110626,0.3974358563379552,0.31231565204277173,0.26852299968124593,0.31615912897951837,0.42676471445855213,0.3975445350296518,0.23604805149385363,0.23391544977774525,0.5880600090178465,0.4088181079340042,0.5780247065300859,0.5973062489807727,0.24771757471341857,0.33314634851826663,0.6857330727409486,0.7919109367774204,0.5853196304317052,0.5811162405463356,0.627362039390442,0.5135402801784914,0.5283207944282462,0.23173820598530426,0.8268235630578198
94,0.38038413420577316,0.3365613909968115,0.7723277111873138,0.5144721360994056,0.5642084335696199,0.5985767599025155,0.31526432066126286,0.4577901096926387,0.3378495861619344,0.5268369315082302,0.6087832104005804,0.33001827636010184,0.30857113812835857,0.24212234917371317,0.22791264984252863,0.3145127328724385,0.2975374270927657,0.35254582831871006,0.143125423145819,0.32950951592537325,0.6766091492742645,0.3993448978914283,0.5188277153592853,0.5928912397884114,0.25081542338333707,0.365691826324232,0.4961412277566149,0.6262427309649826,0.47893939355622345,0.6001430017687571,0.683058186754229,0.44554749526797127,0.42810339156522215,0.262373354849015,0.6639233996819047
95,0.318947478208834,0.363111361760358,0.5749288310556225,0.48130555077888804,0.5491244513161513,0.5913143124457818,0.41869634524933963,0.49597519240013643,0.18180930202636178,0.4514094423955537,0.5138171539170884,0.2785368881721497,0.3639550777430847,0.2832788295029667,0.24947912970891992,0.32188331390621466,0.4105467025041249,0.3480493244997347,0.09384343992384504,0.2501383952930457,0.5772858460194603,0.3270892815413139,0.4791542619127177,0.573165384664791,0.2776704065608646,0.32757847472349744,0.5172747446267614,0.6339669558426555,0.4952935251834917,0.5809412641585979,0.4068368757726213,0.43226129813541087,0.46134607222785756,0.22798119879261308,0.6086820497350667
96,0.40416790035576206,0.40594942390735766,0.45375582458029623,0.6160848521881193,0.44483473307932886,0.49258418617311756,0.40845499494763116,0.465382763984672,0.2536884242532782,0.5236489401951634,0.4928804712434779,0.2760447610724236,0.31919114688578476,0.3105035433478865,0.3173869266728225,0.289202217774693,0.39317389687726406,0.3231533509958069,0.11748507670422045,0.2788867550631703,0.7156152460942354,0.36352132393534164,0.5145271179345328,0.545419059708146,0.2679752241663435,0.37370180746443127,0.7690731479692584,0.7167242909991829,0.45629105589286734,0.7191148037190087,0.6740768881491379,0.3752101752020409,0.5423893227388628,0.28375457997984077,0.5315497650012203
97,0.3651028815510302,0.3935910960294644,0.6405808734746925,0.5304593424203154,0.5488220423947093,0.40939218303424457,0.3503403257490862,0.43198760335533265,0.2770483663365928,0.56929111513447,0.5116262526994676,0.24388217710220322,0.40494257392321764,0.37285067702341973,0.2760181852364141,0.3216608038743983,0.39799231557223363,0.4151491145749303,0.1815228393995713,0.29231133520638175,0.7115837027670897,0.3092475437120204,0.4249076668012549,0.517819483382057,0.24058315390443868,0.3060582679059163,0.6313341251605246,0.5689822874181419,0.4274195002130162,0.6312968117781281,0.7231939084202081,0.2568240010822066,0.5009871293409383,0.24170315853152458,0.5389387121830589
98,0.3879050200023687,0.573485153324883,0.641049554927789,0.32560048835055,0.43286440009171195,0.4829368372741667,0.4633639736179619,0.595474398319239,0.1814759614244949,0.6536275231924209,0.5027969157078404,0.41502715417131053,0.3983785433503716,0.2111966325930842,0.3081421797010282,0.2920876798110859,0.49527629750089913,0.4374218667920396,0.15720131165897686,0.3142578903269717,0.5300409000447444,0.4597825057456433,0.46228449711083863,0.5073650800239804,0.1750165609943699,0.32258987667384836,0.8753173403677913,0.555831807535973,0.43311421278539497,0.6199966574038869,0.6234492286460614,0.39998697675300043,0.537911308849437,0.20375261920011126,0.5373921777502322
99,0.4482392438830105,0.39832670541798376,0.47902828925204444,0.4096234806921122,0.41842743764982593,0.39259616479002324,0.3508795368623928,0.533111946450739,0.15375194441097714,0.6159159730355042,0.4530969926747197,0.33419238687454744,0.31573313945744286,0.23966643865266385,0.1376093182594732,0.3162213448829557,0.473998263876412,0.32031306022541195,0.14012744534777072,0.29373060705892795,0.46644574002171,0.3716825578683269,0.39443803923188897,0.5356072516872172,0.2144248313584004,0.37131497893801035,0.642006667404746,0.5961763305567964,0.3965551305101118,0.7349382554504085,0.5748265187470137,0.3643643789856965,0.5434096942335691,0.32336949057287906,0.45485863711369456
100,0.39445743582260395,0.44366702266317815,0.6078630272060215,0.6298638557226705,0.40445771914059336,0.5679929734605568,0.41909817320675435,0.5677966649605206,0.2686136384998088,0.5626718432937302,0.5731842293311562,0.2779421440133333,0.37872361323407217,0.23588008672972965,0.33994567591305025,0.27291345372152553,0.379537777809666,0.4602503151019272,0.17477467929591411,0.25015451462897514,0.6636192094854785,0.33214747092944674,0.5242330201595371,0.5428275966004901,0.23895453407997164,0.3403045096044986,0.6674160008463886,0.716564820496602,0.3785120553776377,0.7217788030366304,0.7590025083033075,0.27664563035930556,0.5340511444173632,0.3025992361306885,0.5907269382646222
101,0.3335728691543839,0.30920089200624257,0.7671878521161477,0.5184887933681346,0.42486566416454224,0.659849282932837,0.4908227008800399,0.48040788250063654,0.23718666580201947,0.48484174636910804,0.4688729494137059,0.2765988665442809,0.37659585367612836,0.3769944779598231,0.26234123022047723,0.2779460382983874,0.31515118490608707,0.4005015638722258,0.21032342866677534,0.29583734507976156,0.6129991665343371,0.3309141098688696,0.5264948101523286,0.6152387585199246,0.3112377130170927,0.3050355654066693,0.526020742588346,0.6491659480908869,0.5143898595795897,0.5255791471613296,0.6254759383967713,0.3163712513849226,0.5014853209597929,0.3101261498940454,0.6291228608189555
102,0.3399498119281777,0.4472541518461386,0.5171828189076512,0.529292556841596,0.4158141145920346,0.686309988613935,0.504278007870582,0.42474771715868703,0.22724521986046972,0.5164078867764665,0.4737135589085333,0.24931401278564733,0.40914977213439424,0.35802709055653426,0.28441093195904743,0.30440002051746495,0.3802271296105362,0.33609320450948177,0.19175797052564608,0.2735856452332746,0.5932352232058513,0.3206333755829095,0.5723332834296897,0.421266490118825,0.3950477605788607,0.3813105181193409,0.6929768320056108,0.7200272204589511,0.5094583415029929,0.6677660531716096,0.7486152541594762,0.3050308817402586,0.5299792899706617,0.27112360688943365,0.613873905065007
103,0.37036836118435323,0.46782532559618945,0.6603920574950211,0.42998919204500874,0.5091042093434794,0.7015044907455394,0.4915227312431202,0.4297043578700406,0.13521763710085222,0.566342999302673,0.491948183644865,0.24812831770808957,0.3776322446697572,0.26540749892075016,0.2335362676621153,0.35770234710061244,0.36321797163926334,0.41782531806305034,0.20278823541839236,0.2507303258235589,0.5399816418981449,0.3848797366697703,0.5899316863514812,0.4749628016692771,0.3312770226845657,0.3207865180229075,0.7014904689078689,0.5541964951922387,0.30533872246517174,0.6713644340575442,0.691306640294267,0.2553219614813132,0.4759953815409366,0.2852285980669403,0.6468310826488906
104,0.42054328843851935,0.33380656392983366,0.5665972669005594,0.5436867232061109,0.5135117120250844,0.42190047208503884,0.3646585344278396,0.585133264108975,0.15631234649539566,0.4612401005593878,0.5110378831431734,0.2979013769123437,0.26188213282921424,0.2716072114356658,0.11102767685308879,0.28622134435860935,0.48851030439987375,0.2365106185878415,0.12471697601862611,0.2437328320530801,0.5255258426658658,0.4264915185575061,0.33299103746332076,0.5705474077788973,0.3171919970827654,0.4035892460390239,0.7587521580793049,0.5447966197216436,0.4667876722201435,0.7411576438966452,0.5777069596975487,0.41915162706974346,0.314474036792753,0.33760140745155665,0.5772097517511426
105,0.37375594652868477,0.3696697783316795,0.5448109514629956,0.6419488921107513,0.5213075215413434,0.5516681132736752,0.42452056551908507,0.48189156893713175,0.2719136927325542,0.576261025758866,0.4008724069919173,0.2970760251091328,0.35032711412748363,0.22243894419668808,0.41150875510515766,0.23302258188351982,0.3823669228789559,0.3416994829244254,0.14342844337295219,0.22860467060097095,0.6211528151747052,0.4230495491017259,0.4650576886566053,0.35750463403768284,0.3657998341935692,0.2727346921142126,0.5705810548833896,0.8198757847115082,0.5859730792045622,0.6175231276056001,0.6620203056374325,0.3832321268522907,0.3303457931445585,0.29277188764756956,0.5509040169866558
106,0.43373826021056083,0.40548698923262033,0.7722813819753336,0.5570778165588939,0.39852039665041844,0.6392305299860488,0.5588326137941808,0.5190474320062213,0.19124542694704594,0.5782464725675276,0.48725533765921447,0.42017994872475495,0.34709313098943306,0.3662474939244326,0.2694327106595914,0.28812978508637566,0.4937561200435169,0.5065550677316359,0.16413149559039675,0.27795666361115856,0.5855667329233092,0.3686804167443595,0.5670029542472502,0.5798686775019222,0.31748670388042544,0.4509765446103712,0.7256621518066448,0.672225460920485,0.6328322738615589,0.7409879228181797,0.687879637042341,0.3833233683665068,0.40446350502168793,0.24235398007193595,0.7507617218536397
107,0.41159796193543363,0.4382662115599295,0.5675132970879537,0.43670344040094083,0.4088134026039647,0.47286626888971667,0.35337183676285233,0.4669655699169771,0.1472527097850313,0.5857658539823956,0.46673716302909923,0.26457066415717684,0.3612058181691732,0.24285774214294925,0.2749705609212729,0.3098735292711102,0.3592403143378008,0.32319200202093373,0.1907072717096272,0.2705410683050028,0.26517832033766064,0.44187212835681633,0.5448283924150119,0.4779734278420245,0.34297582264483834,0.3980182596147041,0.6934789382247479,0.6274901752339573,0.522595323353425,0.7278457911519353,0.65282724854746,0.4269536622532002,0.4254261810089364,0.3318221800483536,0.5509980789848375
108,0.444533856170811,0.4010449207301847,0.6614789597698819,0.7076287573700452,0.5981752960640447,0.6041788060094772,0.503799387741466,0.5407211734406012,0.2636762789046696,0.5197055842069375,0.5937684490178805,0.3744557419500178,0.296533232026706,0.2710490052940581,0.27954188396252033,0.3296161476745756,0.37120497031405675,0.37339321064411274,0.22804681153230705,0.23675980551572245,0.4949329185303828,0.3803899051741391,0.5180509740331166,0.5487778286225033,0.3220301061889248,0.4107016555419741,0.6950735913247259,0.6689352254835216,0.6069097425678579,0.6980991228309632,0.7701486071760195,0.5119493036544744,0.38561504474670083,0.29384925113714855,0.725287405331335
109,0.46906756859190046,0.418706839326333,0.7374009976669174,0.687288191512959,0.5314508029103686,0.4130776471707658,0.4883253676166778,0.4555224913840149,0.25714737708773194,0.7068285361523896,0.5114060821535233,0.3402507126705193,0.3182626846193504,0.41265896496589227,0.3843090930327139,0.3943321291075286,0.47149130963870883,0.375103952225442,0.24257237744514837,0.266693165355734,0.5892417683028721,0.41690900862850194,0.5609907121910305,0.6532902313199085,0.34788715721184565,0.5662169429040644,0.8826983051670096,0.5572515446130617,0.6797997482635457,0.7096960035582522,0.6871403184939604,0.4812030752940152,0.3411518626754008,0.35811255311013784,0.6967889336937876
110,0.4119959257237918,0.3814259425722586,0.6435066728624034,0.5453464571263951,0.47774140174288393,0.49190084717528143,0.43986451763226825,0.6172851265900151,0.25649526542138174,0.5667023954197168,0.5667156557908322,0.3764251541287311,0.35606244317912994,0.294461038511249,0.3535167614967517,0.3542382284279372,0.4687906259692826,0.41109871546155674,0.22400814488854032,0.21597004495636252,0.5607826909345948,0.39820782530932236,0.4656990904341207,0.5807237978602984,0.30161218962296577,0.48635891002236753,0.7421312748271229,0.5512194233714569,0.4383195484334597,0.6961191714287553,0.7450636831564517,0.5411046053010928,0.4592243655781775,0.2783483464186024,0.7517286282929905
111,0.45349494115938027,0.3786244637832707,0.6800847625448028,0.7744610250417494,0.47945859256095624,0.4964424768550423,0.5567744186985679,0.4744358387122275,0.2183000961882766,0.6379742964804849,0.44158025072216645,0.2604095441184928,0.47858749241397575,0.3060729388347648,0.3370751135177086,0.39199390169172976,0.4460150097709038,0.3866557782655121,0.19228682669845565,0.28245290100480835,0.531629462168778,0.41469451565438764,0.5925387782622098,0.501508837872136,0.4549092084620508,0.39512461714109764,0.7570848572832101,0.6641891851189351,0.6454037674422656,0.8382669822747901,0.7946602077699862,0.44821898748558964,0.48326161668396594,0.27410996210591876,0.7320627279500502
112,0.43486638052573995,0.3505188055821852,0.5907657989070574,0.7059270515721198,0.6187134735259856,0.6633810146532743,0.5291735755393858,0.49967026805097586,0.27846100570509413,0.587921056762867,0.4889800477904522,0.30936740748396635,0.3039266450065843,0.3073496537008975,0.3296605704143678,0.3361526155976471,0.44279556781732166,0.41894125267704124,0.21890830070175943,0.21474152974912583,0.621744000975026,0.3986658882667548,0.6186087250839984,0.6349633179251426,0.42324843543304624,0.3385714077128364,0.6752181975613528,0.7269928157912036,0.5598882013391748,0.6443606601632546,0.6926181535746108,0.44023566178080215,0.37431525658764675,0.272548519761163,0.7403387661700477
113,0.43247446806658263,0.3532197908240244,0.7562697572512675,0.7139089580290533,0.5537735794361127,0.6189489193062063,0.4033189528170339,0.47167458178362365,0.3032802566864514,0.5316762636216282,0.4920690857157081,0.2846452390579021,0.3216819161741821,0.2772459629798322,0.392941204885639,0.3292595818192632,0.3702874907305145,0.342502811749623,0.2720479219743162,0.27180787035520604,0.6125096290166561,0.3714001456758037,0.5587994651097208,0.5894987296952885,0.39926023177378356,0.4193534528520746,0.7075463383288478,0.6771882022431681,0.5985737621906219,0.7537470890332727,0.7568588788303233,0.44671528054017773,0.43771278541556913,0.3254141566997625,0.6483487772806223
114,0.25171333743544455,0.32942046428460725,0.7416369580128975,0.5607780193372729,0.41583761416472453,0.638174903438319,0.5131330017735066,0.45948907739461897,0.19309716703571542,0.504660873681937,0.635323798686702,0.21644082351045657,0.32894480235818313,0.2876099993968282,0.3152338579124748,0.3495360358800027,0.44766612511928405,0.3650071082804681,0.2556129778253678,0.17853568577101236,0.5587664344469466,0.32979595995203537,0.5458880277354492,0.5990510342746225,0.3517476858852503,0.40149644121412975,0.6585795938740999,0.7190096423096919,0.6759320951105341,0.6321148464181441,0.5671107799534046,0.37639382346651357,0.43282722133534646,0.2188247676687144,0.8821844651248498
115,0.34904787064816273,0.27811524870342336,0.6335355673276791,0.5854115104490798,0.39087043519466624,0.5245648741244833,0.4307046122631142,0.36183438007998325,0.1597066627566419,0.5749914208758434,0.5791054381502029,0.35435244064200483,0.2724030329439405,0.23598841565635717,0.3396914221160892,0.24925165394572787,0.4221748449539684,0.3555893768528502,0.2799636638459492,0.27383706737368974,0.5444928419475745,0.36291928270840795,0.5010162372085836,0.4523263199425227,0.33704005557206673,0.3410249693412878,0.5953128902229476,0.7652262963541303,0.5840305923467309,0.7258601131394589,0.5887889787071867,0.38622848248317154,0.44558373226801307,0.2836221215526586,0.5245135085942811
116,0.4743551456123966,0.24164577210458288,0.8049547464219488,0.805601888256056,0.6781806192116171,0.4529683748329919,0.38500345830142213,0.4631466651382029,0.35287136055310653,0.5227762167693275,0.5090486130441447,0.3070200860707315,0.31168072473903663,0.19397269397204409,0.43731014146907426,0.3449236312300615,0.4615027752742384,0.35217115681605776,0.21327903814169383,0.2703430428000019,0.6801007438564863,0.36170535769896695,0.5182983141033377,0.5647352847888357,0.46128583105455856,0.29592177498326244,0.6794320708831182,0.5628991082234402,0.6139963207541577,0.6512487123191888,0.6185110619238532,0.38976964231815336,0.41843381865275353,0.2754086599304688,0.6266071877067476
117,0.34817295164075557,0.350834226194582,0.6153745265149464,0.6155808989766669,0.45035741229958215,0.5804687637888857,0.34878437927126227,0.5456353476207649,0.3241174064241622,0.5480754558160811,0.5514766869026937,0.3525756065273353,0.37107283889034737,0.18477724962362782,0.3241998159584065,0.3047493539108542,0.5750486139408126,0.36267942888041704,0.18869705618340554,0.3208011011431188,0.5400633421164173,0.4578007914980344,0.4848416125040772,0.43636645857268724,0.42710416192379497,0.4020086603700075,0.8401380334663875,0.6330561224751404,0.5948719689626207,0.6635845713390132,0.7171929155150643,0.5369200104372972,0.31584047201817167,0.25803937309368946,0.6351497035521211
118,0.41018403913845664,0.38139982046078424,0.7548918915652713,0.7527685033439255,0.5005851325643551,0.34029801862078213,0.44051334163204714,0.540091366710523,0.22502928317761714,0.6525437704760002,0.43600107511632,0.26099379083021157,0.3807293370697978,0.246651623960439,0.3954582558031748,0.2782447470565131,0.5058167386393968,0.3053128309400872,0.214654551128283,0.3267720804926374,0.5984030471247695,0.40178514501126056,0.5536822762637059,0.5388620047285033,0.5478745933314249,0.2922757680203931,0.7869346520510612,0.6499883833411223,0.5668010876902314,0.6943817129098445,0.7171360884318128,0.4504006321591073,0.3634723636501308,0.2551044196971794,0.7467139434102164
119,0.522907283898842,0.3543732005494171,0.7522251932750091,0.7220864042671662,0.5545408361292775,0.3781211575863634,0.415139505891456,0.489311366169464,0.3228782450991211,0.6494834459852108,0.5650937227567957,0.334827030250475,0.34294737623509597,0.2134044721794114,0.3926791953159102,0.35729586277650655,0.4551084105434528,0.44947999549659146,0.17944813431949147,0.2819921591570927,0.6193303952664795,0.33700817812690853,0.5136964674900537,0.5449709429433158,0.6430016096375518,0.3398423728209009,0.600125456373777,0.7166190383643554,0.6367651964779542,0.6693676032766513,0.7835246780667979,0.28104078788498443,0.4711873775259343,0.29102481177941913,0.7958394392266198
120,0.37023478315979935,0.41253369363731074,0.7461870705316338,0.7491832397506496,0.544012690092657,0.6117922119256651,0.3741830534199015,0.5188793965109537,0.28116793996716083,0.5737298039232095,0.5341927188612403,0.2867696440971401,0.3164388574837662,0.1833063463640694,0.3978001997174577,0.36506571171742147,0.5203208374820387,0.29098659176423347,0.16933977739176168,0.3330720552827691,0.5529018351182589,0.4530435940815817,0.532669253471547,0.4946423477367809,0.6259882222115348,0.4267799524443693,0.7044458762545589,0.5944679716160628,0.526794273345657,0.652060637190216,0.7529642855309334,0.36842498377228117,0.3251969324856536,0.2739853761372333,0.8106837514265038
121,0.3836560477251926,0.3600563502820391,0.6723631558446665,0.5003344991487813,0.5081377285254889,0.4933677945130882,0.3628662602905087,0.5743635243889259,0.24441973312024415,0.579097847368785,0.568060193637562,0.347775153719802,0.3064591118736059,0.20473173069776668,0.3543652220587724,0.3716089103948139,0.5143216417397888,0.3185926978316738,0.2602447746374258,0.3550474005099865,0.42220819101862,0.4446993056243894,0.47582416570861175,0.5220268422513674,0.5841657338792682,0.3992429097125947,0.8316889465524143,0.5786632882659462,0.5755458826367119,0.7541415182127458,0.5671299033574608,0.46329564142113444,0.3479347346587878,0.2813824218383639,0.6416069866500353
122,0.34892885578807875,0.3169841347405672,0.7823474239630008,0.6647276955959103,0.5135771697494571,0.5931639737582272,0.45578161687619223,0.46300450029550255,0.2753442736766818,0.4120541722101545,0.5864128057484621,0.36303202739213825,0.40959136191641776,0.286215079817726,0.3478530086090015,0.41062649888961256,0.412537143601496,0.3592362682296077,0.257781497751612,0.34013188595585575,0.5314520303621635,0.4881646798377545,0.49720002462815915,0.6122423701213332,0.5296476680953561,0.42051403571756785,0.612373059965939,0.5243494601320562,0.6078827361620127,0.6834631581796867,0.5468413579670757,0.4187010998908864,0.46332223751643264,0.24530905343203152,0.8546627714456939
123,0.36267460246229166,0.43832118852270474,0.7539788790818636,0.653071987124512,0.5147741090960578,0.41090061646357895,0.4264875855432676,0.45526727149706636,0.2842285631797895,0.46169866232487244,0.6096948025631821,0.3382241213101717,0.335092572304407,0.3861713141312538,0.38281659335931856,0.31409049082694285,0.5070901078765161,0.4249197504333216,0.23757622017415217,0.25507105442760414,0.5027789824232132,0.5012750083925157,0.49202993800424677,0.5602944430083072,0.6109060826768953,0.423002688989811,0.6387523563025759,0.6266568953874769,0.6313945073233143,0.7920959662964848,0.6147223261604071,0.3988766733953575,0.37611367868386203,0.26513713520374244,0.6793860494628865
124,0.40028159241947653,0.33978126002986864,0.53074700349684,0.747247723287344,0.38287731249219004,0.401565064823433,0.2802024413397131,0.49614271086858586,0.1995177649774773,0.5379796669865855,0.43358348756151655,0.3837938014748944,0.330896285782595,0.25143480343554303,0.44629648618954765,0.33942679478187987,0.45234139119558064,0.34974980275643613,0.18370351335016571,0.39063478910683697,0.6205873853711429,0.43999017050600286,0.5051856358047662,0.47786715888922937,0.5195702914999681,0.4917413956797015,0.7106951543276929,0.5258559987858988,0.4778002149731659,0.8499819527912145,0.6241969365137521,0.4191187506298579,0.5165507295572737,0.30907797902036094,0.7554054633483076
125,0.5249132106754684,0.32274467464482376,0.6153764441190734,0.7462057686785881,0.5640758777321319,0.6547473665632602,0.43820462280445455,0.5293823687490524,0.3602670771541361,0.5832753179025854,0.5545318839743026,0.38991389440959884,0.3425067240652618,0.3296134777664007,0.44946023905075516,0.29707314711518995,0.497587542471153,0.3731914532686967,0.1801936280048124,0.37620594450012934,0.604573063831962,0.4293719508733894,0.5948816798754455,0.5100680562095786,0.6342826584545662,0.37521955225259984,0.7885581599393845,0.6632122392170979,0.570881099834798,0.6377891349411886,0.5646843968534665,0.4494535147520383,0.3954813866960283,0.3315138956028729,0.687459242932636
126,0.35479293018592395,0.46791813916870084,0.7111943731863217,0.6481825366862983,0.4990943726974428,0.6394644377233474,0.44817043003061957,0.5272884019548423,0.3032799393079859,0.5041558756956004,0.4907251216744759,0.319139285428203,0.3955115753480472,0.27536350616013133,0.364825340718225,0.3196009930547295,0.426615644528609,0.39936056074386495,0.19736654470048415,0.4625920333843134,0.5424264418842462,0.4011590971747645,0.500706845901675,0.5194404159396189,0.4273428515390204,0.4549267868760306,0.7505482475139891,0.6675949315672471,0.5208626952637463,0.7961370586325497,0.36402720486338014,0.3791569103960132,0.49285489938478777,0.2598504249400728,0.8083485920918237
127,0.44025653197890346,0.40315040664882407,0.6698455803217018,0.6144477172125422,0.436431326421301,0.43358774314512494,0.22116967150781916,0.5801846908248212,0.3267638286557125,0.5034828244712657,0.5737550575300663,0.3034359060652415,0.32676720564263206,0.3064424620235252,0.37581943707801685,0.31968442924866974,0.5094572460496914,0.329514772065994,0.16120533085241984,0.38356269587132263,0.47282799748596077,0.5213214531728654,0.49170562609498114,0.46277340056204413,0.5005125921096534,0.3637168810776217,0.7806468750753552,0.563004258680805,0.5199757597715627,0.7315778114014757,0.42883708744129323,0.4016036484262562,0.39938020599900503,0.2731250933345762,0.606409475373255
128,0.4419121286980051,0.3942171559052619,0.8181165677172368,0.6495088092686458,0.5046887337600446,0.5175048706381283,0.4593764342128083,0.4991775387575955,0.20329142690439558,0.5920677853954701,0.6309718239476394,0.3688244029347415,0.35067269879658985,0.31356392996544397,0.3558716008749059,0.37077315740715466,0.4176805408072451,0.4293648196909145,0.28002224337095827,0.3610136658329864,0.49594977481433333,0.411721035326638,0.5553619861734359,0.6045590283161288,0.4713229245851528,0.38799144797442764,0.807286698811057,0.41517303263993777,0.6711702563654125,0.8391879600923863,0.47908599845216143,0.4050667418738808,0.4733393718178467,0.29922523021424247,0.8007718714806316
129,0.410309741535299,0.4437155072762666,0.5513758731215882,0.6278682933893982,0.507023651195593,0.5680023393580365,0.19475836846559244,0.5637852947725503,0.3296373617169524,0.5076695819717403,0.42362513716528144,0.3445993944042036,0.34116405812327677,0.2987768357834675,0.49853040054371656,0.26943211309699433,0.4996781268602727,0.30921667116458545,0.2294658184792131,0.37404834851738467,0.5447267356117551,0.42808920114574844,0.4250870301910978,0.5192049267631199,0.6011568999938508,0.3360588737516197,0.683202418673888,0.5209730392489175,0.5393587949195771,0.7849372800121139,0.5861279316813519,0.4124007937363856,0.41779042602735417,0.2922616135801445,0.8437932928910599
130,0.31755426774485807,0.46040024405882946,0.7470327750154511,0.6665015421675737,0.4930734430498852,0.5263429620309061,0.17357978941043337,0.5128829564017768,0.3522140058468126,0.30432203852179274,0.5590864327524433,0.38244188529185275,0.3727709838834534,0.3330122396645592,0.4415506062158008,0.26349289770102785,0.46535733852611055,0.36573011435489056,0.2392159838607314,0.2922821925079842,0.42942586429982277,0.47915022241300986,0.48588095020445754,0.5331819899520227,0.652719132751218,0.31681190299461054,0.7310313072740857,0.6592574186458957,0.6074706309509447,0.7052129414090507,0.5615632034118176,0.4131335996933211,0.4732307720876503,0.26742961499290835,0.7505192802794491
131,0.4108618674225078,0.29698814973323895,0.6014490162047229,0.6844409672514038,0.5455281120497929,0.5296905533206733,0.24018505657337313,0.4468403625016689,0.3581118489508506,0.5115782699731151,0.5175510371031191,0.329188280482302,0.30532187217377005,0.3348769193544394,0.40124501751433217,0.2669872344404467,0.3807384275835794,0.2267873185715761,0.26101115346309867,0.42480960767187137,0.5042649032064935,0.38539764925216,0.5062548465991639,0.5571954285535445,0.5300653018973258,0.35594407325131633,0.6178002086274768,0.5270812583607214,0.6033040105107057,0.63835136371789,0.42630034258068433,0.4323337700752602,0.4135347224467599,0.26714567677765344,0.7611000806268435
132,0.3957212301605087,0.480963776149412,0.6876895988657337,0.6690458584447605,0.507163544509136,0.6071571563214093,0.2729888942380125,0.5948454891376118,0.3001803793187759,0.5793396403777884,0.47965875229026433,0.35705737910843194,0.33803081070357455,0.3290461881065068,0.5408277492545972,0.30561858045423795,0.5335999686023309,0.38213443502749195,0.18408074072278938,0.3042381115860323,0.5760679556464291,0.576668297060571,0.4786838096773294,0.4786772011987395,0.5183896468691267,0.44843009533965694,0.8124508884104684,0.4492256896465181,0.5412647921964601,0.5896178543972833,0.6030298212384015,0.43747918124732116,0.3998813775584409,0.19290699092615243,0.7174373099052954
133,0.5859106617507063,0.4964999041083479,0.7000662896856618,0.644054857906774,0.4845711858725599,0.4262566316789612,0.3589543313036393,0.4380271512652867,0.28829801305807423,0.5505006260939473,0.5437619761858143,0.3766511649370208,0.35967022116266834,0.2454981798218176,0.45012128629975384,0.2517704640664989,0.41096184502837957,0.30983616823328847,0.19516570001737998,0.34005531167284664,0.5035593150555874,0.5096329166725124,0.48372137712980934,0.5524520356195367,0.5472623208132479,0.3934487807066809,0.728106199646491,0.33266353129222104,0.6923665874211635,0.757908180605092,0.5647695083798958,0.44172852280366903,0.3225792471074624,0.2624446284611218,0.7697971911716185
134,0.3652999356492687,0.45685779926201436,0.5594147664320624,0.6600417950520263,0.47978263861501463,0.5262500196886533,0.3085219498223109,0.5958495753122297,0.3115830670490655,0.47408395444298085,0.4666840907057136,0.47099580706676275,0.3451655934193205,0.3138907617487192,0.43788892759530973,0.3054636040797488,0.5207991558469505,0.33060724774709427,0.2059269537277375,0.2944241131730978,0.6051063366500433,0.5817029268974656,0.5524865270904216,0.46143819527661706,0.5704605298127452,0.37315328106499535,0.6999413530503678,0.3885752879955151,0.5456760101940513,0.6712819285221846,0.4497527352007672,0.5022724559585451,0.3881893339789595,0.2667849957577714,0.5447814505557381
135,0.4195766955714949,0.34073337161474715,0.5825749687954045,0.6708954535382932,0.4594004157214131,0.5421641872162108,0.4970852117487657,0.4109322608923488,0.2891542809865073,0.46257191601953895,0.5674312186274837,0.2841332710115544,0.39893879950866656,0.27928338400132363,0.5222839292005836,0.3768927604438345,0.4043068997559855,0.39260288920791764,0.20244469913575464,0.40022302116913694,0.6075729177137393,0.4379938053185062,0.6663117263760796,0.5150071124441422,0.6712056618560038,0.49263306978214405,0.6077039854631794,0.585276322619576,0.560862089922967,0.7515654508305181,0.5635869473114875,0.36215546879264604,0.37511794634507734,0.3413378827732042,0.6452619974490497
136,0.34914404549744366,0.40108981991949516,0.7014381738312714,0.6990503638944527,0.4373245895583868,0.6252902209210589,0.456048606702674,0.5264276087333779,0.29860511286131397,0.3395141365957234,0.5854327925060016,0.3146321395764431,0.36687370736671976,0.2831006753419821,0.35453771825303754,0.3137612700495865,0.38673384080605056,0.36813671691758687,0.2898280524069846,0.30910500110453426,0.4689298459210251,0.4126112831219063,0.6098261902629798,0.568694191418406,0.5301422361815049,0.3907828503998677,0.4535478243400195,0.5266773821162394,0.6129982031106147,0.6046381480695302,0.5369613213134015,0.4542671783408489,0.4130273647157079,0.26379432836382904,0.8384648565350337
137,0.37314211847374207,0.5217965406458923,0.7758182629548988,0.6481864969124798,0.4956109607774143,0.640323470617302,0.525707591890322,0.523640593689902,0.34686826595810427,0.3771192219325387,0.512074305899243,0.38605468914096597,0.42156469559867543,0.3212599794503641,0.40644061385651914,0.30807669257507964,0.46932744043262636,0.45883604033682057,0.23048575994143128,0.3806740580897472,0.5735707511471437,0.4343620516204126,0.5705831528619232,0.5193681664591974,0.5794845460962359,0.27456960231723576,0.6206691374844411,0.6555050943393854,0.5046195711502424,0.6390934182152255,0.47729669598327934,0.4627246645253426,0.3816185695733454,0.20270907118320658,0.7647274757534025
138,0.5160781967710937,0.45313090524645916,0.4638539828459576,0.6991832327811421,0.6236433240401151,0.763792438880074,0.46799618965399026,0.4413039793955254,0.3866423870521143,0.385266780877771,0.514700744179295,0.3526413812086226,0.41065175798891573,0.26977521076928757,0.46684044998725027,0.28675805149101136,0.4912812136838375,0.39196078187545913,0.22731891076299074,0.3463688312531791,0.7071640383818858,0.5256356080951646,0.61804145924962,0.5375730811250319,0.5922504305913205,0.31555266831376233,0.6105182712887585,0.6289025641724958,0.506966426082283,0.7487363893106165,0.6481283808792435,0.560528630605053,0.4090500925410733,0.2861933377032188,0.6930138781799857
139,0.4033627904211698,0.5687378762291208,0.5390337927457287,0.7787875342893904,0.593512669159188,0.6098933053879946,0.4985994205352831,0.5108535644501289,0.4169467778479772,0.3712280572848414,0.5410817309763223,0.42490244355448753,0.42242872196882264,0.35411672513999976,0.5800199689145907,0.2342959468280074,0.4663924757445808,0.4791199040334832,0.35583719687550486,0.29951538915923814,0.5832119439183028,0.5113132189480576,0.5752592526234883,0.5080215557712982,0.6480968571397577,0.2205728007279134,0.6703863206233431,0.6608639315510082,0.618157733282363,0.546155150989635,0.6398270304372254,0.5820046087683098,0.44458733498942354,0.26385389665206144,0.7749610336681685
140,0.49600923508526606,0.43797952613027447,0.5098626879227901,0.6576980953193674,0.581027369868871,0.5290005885353815,0.3859172844094374,0.5270841028112161,0.28280508595692694,0.4735243813235295,0.5085654678748536,0.3861024919279554,0.4100435962877667,0.2933699090875168,0.4276960374916554,0.3108549128466248,0.452575874427392,0.3402422265907695,0.279673985542662,0.47000602384793566,0.5386963514242161,0.5137291057552391,0.5029307227715242,0.5132482813670443,0.540957969677595,0.36236954895954815,0.6425835045749948,0.4713491376442328,0.5171842310916845,0.5422673737372442,0.6754613185110301,0.4712897559975212,0.38959847984295315,0.2891106424705773,0.7890953556683884
141,0.4757070495941361,0.5680323276015846,0.680470363925999,0.6797052070692614,0.3795442624466396,0.634090419492032,0.5891722487946436,0.4069016763626241,0.30965331524677253,0.44160563747291054,0.5250178704609725,0.3987203538999651,0.39215061727025896,0.37005739989597175,0.4887845063961672,0.23799811419945738,0.4000964588192373,0.40362995074587865,0.2980078528281667,0.34007608750135815,0.4825358064358354,0.4185750895449199,0.5163425009497259,0.40071709130968336,0.5435903444584071,0.367342804238349,0.7858048207155548,0.6377131761088666,0.6369405081838071,0.49086954597841154,0.582401388146327,0.630037609729331,0.33230030129849925,0.23166358360817524,0.7029094492692165
142,0.4857528006808014,0.5112406207830706,0.4751117496852964,0.5927816664601864,0.46910849310987346,0.5166464077291658,0.388419108424648,0.499153475515439,0.23526816360377611,0.4887746192253106,0.47165921754711265,0.36183813330881975,0.38247147741333476,0.2615090715337188,0.3442076533107623,0.3806163864848778,0.34076301772892037,0.3280108917757264,0.2572225739879118,0.38638843904364273,0.4735161434243408,0.5216149889122305,0.48977959308786456,0.4547609282960471,0.56285003597715,0.5143013854364308,0.7388153475324224,0.6716385641225665,0.5581306254061402,0.5528046015753002,0.39506428770961954,0.6093852655195521,0.3710305848927647,0.28948077084855345,0.6244308891326017
143,0.34586638442240586,0.617892291705645,0.6036830446258742,0.8593501585510341,0.5604977432720792,0.6159019896487036,0.4212604258165954,0.6436821742386974,0.3482361796903806,0.42616890558237414,0.5298962168555126,0.4804332185477669,0.40741979472700535,0.2661681501752558,0.49083711847836614,0.3135708528289823,0.37905193169885765,0.37315746248343284,0.29452830302084193,0.4568379460433892,0.5873417740403943,0.5562646197137566,0.42859099537252654,0.5281478864192615,0.6461153554985215,0.40336260962478176,0.6700064364444789,0.5585042145282829,0.4469660785945179,0.4836542045067366,0.6575241103156855,0.6832358217226024,0.42584636839538503,0.24214903596989637,0.6459289644114519
144,0.45333881823214545,0.3937417364341408,0.6427828656015151,0.8615555190625137,0.43909686386978514,0.642187548336784,0.33136604402688846,0.5662964355531623,0.41040404234172473,0.6171090109609669,0.5683173034668345,0.3234773454200137,0.3776383238973102,0.34671793301225584,0.43275257629220465,0.2136188319324688,0.3433564565996876,0.2968842486156912,0.35268581601691845,0.3432944728657856,0.5860011426974241,0.4859718555740947,0.3777465408892874,0.5431247343695611,0.7678989000543756,0.42453306534614366,0.6981460943451916,0.47451545274409807,0.6497912599358663,0.42544442190867104,0.6068355092937006,0.597568426177912,0.32386971525422237,0.20625844195567558,0.698951086858904
145,0.4571064793185209,0.4838830963658814,0.5459400487586505,0.6935228481203501,0.4432710635398487,0.631613847228077,0.4480229958919624,0.4991463512423403,0.3417358232569581,0.5633727422352683,0.5248205143321687,0.3148028118903532,0.35110805111956134,0.3051579985974881,0.4627911921716454,0.31982630678658186,0.38458142634937276,0.29405981115227553,0.25355601716634607,0.2921356115651142,0.6078854128399751,0.5637554680407476,0.4300210116540263,0.5435639987594107,0.509475768224744,0.36022898759953514,0.7294157200412039,0.5631072734394321,0.556683009839322,0.4170950042165681,0.6652736401396746,0.6680269440526321,0.32971230083803316,0.34547535149454345,0.655207334246066
146,0.4942695005965959,0.4304448099798365,0.5044370225289966,0.7098382497373189,0.5344642161055999,0.589347615401493,0.40690471061264744,0.49228637998194164,0.2867500487998145,0.5256784351982935,0.5079446873270484,0.3752217706351111,0.20678112605307128,0.37646378971164973,0.4492018093433191,0.4247761960620443,0.4311003624226633,0.3400425823238637,0.27605287061913353,0.5081860155261588,0.5827878940651119,0.6031766026533543,0.38060825790884634,0.5155464853963159,0.6546295205851353,0.5622223476887036,0.7243195050562177,0.40475711056112196,0.6463327455423911,0.7144083304980396,0.6721206250423069,0.6630410207632771,0.2461456904924036,0.35017488407233827,0.7426511339067163
147,0.507593172920586,0.5211590871085408,0.6099014537284626,0.6931809450936013,0.47750707264100944,0.6582317064385782,0.4646965161551372,0.5214231510028209,0.33957487066964714,0.45805823606428736,0.5662398321194609,0.406484981994951,0.37743302416204605,0.3370442736014427,0.44871655118362963,0.3514141699532736,0.4496317247585122,0.3497152582494721,0.40269069346199626,0.42028726898258534,0.6666029992243425,0.5823960158892676,0.4143277079070463,0.5767962505138275,0.5842612563862011,0.3833406916614268,0.9517886891767893,0.5417757755066148,0.5469212043285274,0.6914814197499894,0.48927590018439104,0.697399544788779,0.3811428865597767,0.2548625564945431,0.8739734695891377
148,0.4193153682701704,0.40385954729788526,0.6928651640667822,0.6863517217261479,0.5201367298601013,0.6199335276181148,0.4223758306104973,0.539519811212587,0.3201371301208411,0.4516786795718983,0.5724552609408464,0.33764215971642714,0.3465632651184514,0.33410430297946453,0.4855489352330576,0.28223885484023814,0.4264126247499187,0.3997818550227389,0.3474355638417275,0.39740015320104805,0.6317135659239701,0.4572914126868336,0.44225424848279815,0.512007205796332,0.4468410580237483,0.4840361466074379,0.560769586599868,0.5853437852480661,0.625185023860559,0.689339108486589,0.6827916711008821,0.6611411828133849,0.38778351824049306,0.3043870848853979,0.7157321975959756
149,0.41218481014398745,0.3925516556672324,0.5256399921908637,0.6605518748564979,0.5076574239530682,0.615717918818029,0.45868127038177087,0.512265529085836,0.3817536046972398,0.4670844356410232,0.5781914814060105,0.2663604041678634,0.3268115114349699,0.3309326520484457,0.4644690852304086,0.365489152695409,0.34114137599280725,0.335969123884951,0.42108817543472166,0.33949424674863077,0.6621613796796562,0.43328934708504285,0.3678529472044839,0.5337539964281488,0.622581832519429,0.5205694715801372,0.6140988906625063,0.49698735931672133,0.5203928147553178,0.6245054844429745,0.6174244321685272,0.7057750730945624,0.3910150537090118,0.3262768085520233,0.8452245649923622
150,0.2987626180900899,0.4040268326836409,0.6717337601411999,0.7827804485270906,0.5070112241842955,0.5567009734283852,0.433508074559292,0.5328841908006431,0.2434772053363621,0.33231805263382364,0.5764650256517302,0.29348627393348364,0.4069970543947884,0.2812306764185009,0.5190442302465366,0.25770033277009396,0.37316211600893506,0.39680406033127474,0.3833833114954816,0.4018015288356993,0.663033744206976,0.4852861264824676,0.45250859507282826,0.45872758774832995,0.591636919804607,0.3660455816972088,0.6177857989691725,0.46508485285417445,0.6253378595159766,0.5636578336465129,0.6177988446312669,0.5606841638058997,0.3938677636692184,0.2328407233957765,0.700227968912748
151,0.5092976921350356,0.6282901318365293,0.742992167202525,0.8084778835579846,0.4757567205355324,0.6077463396427578,0.5738115859209842,0.5697312564415166,0.3312277073481898,0.5143500230944145,0.5453976928732029,0.3501148694001796,0.36362156211018726,0.3122513939379981,0.411220690821576,0.4481639807715967,0.41783381996227487,0.3958449455456282,0.3428376010259369,0.41568289133971936,0.5698575932682627,0.5023975694393428,0.49854513853023286,0.5870017590922009,0.666897058519962,0.4391953510553259,0.8525577845232131,0.5291224878812784,0.6615771729943701,0.7230534504419505,0.6937909417208215,0.8079532909349041,0.4812411881865335,0.314635897930796,0.7115364717351147
152,0.553771894762636,0.4699533009162301,0.7489756139533928,0.6536448184431527,0.5204099336584919,0.5556109248380676,0.454708850164657,0.512439299322258,0.2667829899703661,0.6544485982149576,0.570345027980756,0.33855878487368724,0.37869237198182204,0.4003550703531722,0.5096889960139332,0.3807613309053421,0.4182863871998791,0.3167632178985472,0.4382258096923025,0.4390786627263654,0.5189631637702619,0.6186938076547215,0.5233279630808828,0.5977466441448405,0.6460792739104295,0.5867744563880877,0.6766314349968655,0.4362922557851078,0.75063290097559,0.862213949278199,0.578531513753853,0.7186470328397009,0.4691911261238671,0.2849026843106406,0.7785160373744358
153,0.36127423412777593,0.49220124654117375,0.6890137939054483,0.6699890970072445,0.5061564521796162,0.5460134000445849,0.4660167262605376,0.4498528679154838,0.26204419077513996,0.46307491661034833,0.5411229151616449,0.30375268726460525,0.33981156527567,0.46014478767597267,0.525580082823348,0.35193846081848035,0.46253704354977565,0.4213638195828591,0.402975362556507,0.4550119475799256,0.560535575896252,0.5231621471699204,0.3927289690946426,0.5676871798059258,0.6221756586343106,0.549862183246129,0.6821687186688212,0.5452911519279933,0.635534734926127,0.6422451951492401,0.538701859875985,0.5706500817902529,0.39000160502254444,0.27619481095885806,0.9015969170581324
154,0.39576052596532774,0.4414566111991711,0.4665487765717143,0.7559637624773456,0.5745283570521761,0.574073954046213,0.4748700478123696,0.37085463440311905,0.3192041351960186,0.4383472616857806,0.4537009873150789,0.35339897320440666,0.3463000726660704,0.2427030344394138,0.5658315162711014,0.29249319679755825,0.3376230815665678,0.3530975118750497,0.30483565239559796,0.2771556863399891,0.575258874604235,0.4515647038250059,0.577741596249187,0.5239908409061913,0.7455638875738422,0.3639049966604458,0.7085213613578139,0.5798870972325417,0.586086195464737,0.4618785867005579,0.5202082157216736,0.5847988604626476,0.4292697115978727,0.2273464673895291,0.5572672261328598
155,0.4909886904817265,0.5973992430774726,0.5766090955683973,0.7118886548818939,0.5220588026930766,0.6948961603402803,0.5439728194795943,0.46926387130387914,0.35807693353629244,0.5244616816268861,0.4516799347835117,0.33827031283914544,0.3284127771153499,0.3392506784449463,0.4962672137002361,0.38425918608756293,0.4526582899819952,0.46858404134032183,0.35488666164931904,0.32673168591897406,0.5820986465876057,0.7017152303061815,0.4776190316168308,0.4421251390984523,0.6599067043763378,0.5189467625244848,0.6804192043957377,0.4859804342875039,0.6740964027726245,0.6818597652442498,0.6043472691320408,0.656201739817609,0.44055157377936566,0.3270541709653731,0.7239083465629458
156,0.44446361987141003,0.48812995086269784,0.5810075303672053,0.6026629863215462,0.4703313802557813,0.680199225795929,0.4689383480630092,0.5414869698021388,0.2219771452092515,0.6264292467743509,0.468151560383151,0.405673770024134,0.3595923405961234,0.32485465594783725,0.4287980621469575,0.36690744340863796,0.45444428057034136,0.4392118354302611,0.3734201302217238,0.4714920660937262,0.49100867500874135,0.5549387772709166,0.5066580036399425,0.49878232574898,0.6107365217941088,0.49406937923753014,0.8003031705376902,0.325034161786214,0.6153293388668415,0.6381863657672043,0.4303282309753806,0.7471571226857613,0.443505139631851,0.35379392567375206,0.7736621347160568
157,0.33026885115863824,0.3350798151485007,0.5874219513042371,0.8731407081620206,0.6178985266423096,0.6416132308669389,0.46690822080436223,0.41886528225690334,0.3608943094580211,0.444100581649065,0.46603037972806316,0.3286632928735754,0.4312794543558735,0.2654597955051349,0.5752024793893515,0.3823262530233418,0.4147811719450283,0.5785055154892784,0.39218815884881525,0.4270979167106254,0.6177362180446677,0.5692407007210546,0.5540284361759067,0.46899511855067055,0.7669206351379128,0.5264841759714727,0.6537630991755674,0.4029163055152237,0.5043363599230756,0.6178434078173374,0.4932354548740061,0.6778089806097131,0.3964751908358508,0.26482147852705284,0.6367900427724689
158,0.46748703311790707,0.4756558501510394,0.5730938253238215,0.6816382595648074,0.519881077200146,0.31318877264905554,0.4466795918481252,0.43812373973356733,0.2788350757925493,0.5701220235554052,0.4687571369627029,0.36078951597861814,0.28956741543323417,0.29146046139257575,0.3672735320282332,0.3497001364785276,0.38424780606087205,0.46998500802788845,0.4312438166669411,0.46234605741596463,0.4236612542350649,0.48268859167775224,0.5669446307582784,0.4254018198344608,0.5898316570584932,0.5082330844613485,0.7258987750111408,0.3946908224454261,0.660899430944993,0.6529814424950184,0.581082401839913,0.5526408014377706,0.4426735646837767,0.34749582020117925,0.6435789939646158
159,0.46118088292090054,0.36063800565497905,0.7004963662169739,0.6109202844416048,0.4314590052747253,0.44394245682101274,0.3557995911167098,0.4468374590402454,0.3075710108018807,0.4962819984205086,0.5044683009973898,0.2837476601791243,0.3010276428293981,0.34698553265641163,0.4798658460951483,0.3106681813303484,0.36158210742897506,0.4278958652512904,0.4339010447992198,0.44009603199430003,0.5944844460232986,0.518040875837543,0.4896711059756533,0.5215799105988742,0.6655568162289887,0.5577126238157697,0.6850006422561878,0.47283961162091104,0.667379883589996,0.6873667377962008,0.5439811019143177,0.6709781456585967,0.4905864377558787,0.31613725576220447,0.7520006553027909
160,0.43622283920556737,0.4356824273430653,0.6740191987818649,0.6866493835999685,0.573230500868708,0.3571047616593203,0.3140398071384325,0.40238361898218833,0.30709945225571605,0.49114548775548117,0.49946827836615226,0.26409524693941866,0.27003474085822665,0.26698813445615177,0.5150153992190245,0.35432461013173727,0.3192607161239961,0.3951715118018503,0.4168315376432955,0.42177364785627824,0.5672786638799802,0.4604211402622622,0.428501032769528,0.4178603832263824,0.6484946449861051,0.5590216703016994,0.6304346888496153,0.2650156961777451,0.5748121939959877,0.6331366235218409,0.5777064924766522,0.5157071511158832,0.37642403070886843,0.35668343055956153,0.7082844998410722
161,0.5611964122567015,0.4149947443973402,0.6818266107964428,0.6490720525118099,0.5280657546481354,0.5063482363501306,0.42728765147536607,0.5137898063156991,0.2652662093138479,0.5428529195589749,0.5281799634175688,0.30750747396784844,0.381795058412707,0.33759980925983135,0.5322630887684261,0.38864466719372825,0.492689519465398,0.5261410974869947,0.4113858274781707,0.4804984618010316,0.5112340648162093,0.5805911416544117,0.555669830652902,0.5752450050453068,0.5371319545284372,0.5116836316098499,0.7606253085027608,0.4599033196378982,0.5957310307505312,0.7783675805527,0.4145192194712789,0.6134148615583518,0.5591633306814956,0.3487603564870714,0.6643159894294953
162,0.4465597924244786,0.4731423959604978,0.5856174489392417,0.6021948691195961,0.6350948939735368,0.6476981536131962,0.5124755630730065,0.48430223141256873,0.36683224267885317,0.5618844878730541,0.4186044450698299,0.365240713251621,0.4412658507901207,0.2541051613582471,0.5693550559823415,0.3180698132008143,0.41346255243492025,0.5517106231633533,0.45512058986152687,0.40976761881525414,0.5906065676267577,0.5567132097844549,0.6261207798405558,0.4553598226401258,0.663545570795609,0.4543526392146612,0.6989877648152532,0.6251708144972814,0.606218820445686,0.5955131576404717,0.4654651218104444,0.6200380008478567,0.5472183205800454,0.24195890572501066,0.6019596233362716
163,0.4748760619603266,0.4875187337594006,0.6256947167593877,0.5794145159927189,0.5196728981777149,0.6272417585411211,0.37124941036229886,0.407938472204634,0.3008214739385924,0.47381310124064446,0.5049356461306116,0.2859720021651817,0.39796630760470053,0.34678794349583275,0.5430240532528348,0.2278290535513133,0.4425656599348685,0.48043492463317417,0.3157276299666687,0.3727833351112498,0.5125964661926221,0.5086925059570204,0.5343197794739225,0.5834484596021755,0.6470446846531112,0.5209457153963135,0.5445244898185804,0.32184983089704544,0.6053070549192414,0.6063756895606285,0.4349958396187791,0.5535871330890032,0.41385122283288334,0.3077474339841637,0.6322422579391529
164,0.48598128294703924,0.444157165336041,0.5928516785424336,0.6339204303866961,0.44339564778835894,0.6720129520477244,0.36155952740935576,0.5019298985105588,0.26000711786015324,0.6193172242917226,0.5089376584021086,0.35452558039211785,0.34721815398576006,0.3332983991733854,0.5874864370092928,0.37298634798409175,0.4617955511284188,0.4382118118616479,0.39171026431141787,0.47048643132691587,0.5658340226195392,0.5449171176745188,0.48755813116419044,0.4225281002470211,0.5827629627208029,0.5111645815606385,0.7556993609811673,0.433133900595255,0.6904637972145178,0.8271899143039979,0.5784481767521403,0.6226726963559557,0.4483819360638803,0.3447796174512342,0.6210467077230256
165,0.6222021367557502,0.570658653299051,0.7760261201133147,0.6427471555179493,0.506550788555239,0.6346657656162347,0.45796604506945715,0.5723609541491481,0.3118733027526768,0.6651728737823079,0.5053601894968893,0.3557317959340475,0.31796287355503017,0.33539074022784665,0.46401064811497233,0.41649542190401023,0.4046813108744931,0.5147672268098786,0.46583039241995955,0.4666042281753863,0.5250377533116364,0.4974320405776137,0.5793139565888847,0.45271048315133994,0.5404722894801828,0.5136533832399044,0.7680579667589003,0.40612304048774917,0.5761172302720093,0.7092121809507095,0.5811390838255905,0.7127482398809077,0.5179601240075362,0.34606562312014266,0.784286980667138
166,0.4642383629570589,0.5066498778914093,0.7212921919218949,0.5760061551710933,0.40521288736231237,0.7270540522954878,0.4337617279861008,0.45981771287015294,0.2606136921167107,0.33431480000531655,0.480275651257836,0.27143081732717106,0.4251487119642508,0.3819748786800544,0.4150317295744518,0.2474943162183944,0.40634617165104536,0.4510686972388279,0.46257746432829705,0.40409034891861995,0.4513978077712509,0.6381937648724032,0.6990573302325136,0.48930167666542046,0.49008969155281495,0.3934304823594057,0.7895113116845597,0.4722761289757754,0.6201588823652477,0.7458317063388529,0.5421543198382466,0.6418683909561052,0.5088386210686422,0.33693745799540287,0.804596815738702
167,0.5307264147738463,0.5160016218762238,0.6159125922315803,0.66242058803576,0.3909246097145799,0.6421907357617773,0.5240351306841174,0.487447049331004,0.345781337947041,0.500620617142052,0.46615796377089946,0.3546960857353523,0.355751641549258,0.3417857810824887,0.5018599353101687,0.2644385777438879,0.39932950372540355,0.46531750156134144,0.3845426355133127,0.40204698143750206,0.6442323481443462,0.6105161058366659,0.604626063922259,0.4546424850629991,0.5772147719333417,0.435555909666722,0.7758995552090653,0.5259398575115376,0.5630773107047526,0.7168189393894578,0.5443278085748559,0.7084150881987573,0.5092531121662391,0.2848122186428977,0.738763605801199
168,0.47172294167543616,0.4106317182366188,0.6590117878192677,0.5718919179791961,0.503203021830848,0.7002715946141338,0.4748977219004168,0.4332086035004075,0.3873329345361718,0.42403701293502283,0.6063150263895765,0.24780482395280318,0.4561079492271456,0.3239388374001676,0.5478165653341379,0.2879297394488015,0.4129934461035145,0.5011141739185956,0.392013591320291,0.3154501206233823,0.6466697024881322,0.5447075803024302,0.6580496347711037,0.5776422947152824,0.6318227859878804,0.5055427927107272,0.6347956350594132,0.5110772610258488,0.720614379411328,0.7268665967309611,0.4815867184342182,0.6766637944588361,0.5601410614837103,0.24801636085242051,0.7876257864856329
169,0.5074939338159141,0.408837935167256,0.6674302200951043,0.6816426791964083,0.5246642830478501,0.5860321797560176,0.5672246651425128,0.5528199551694992,0.35319720764573964,0.3386037687513911,0.43820344303034076,0.35491514301591864,0.3714425523972744,0.28514126751081215,0.5070550164193768,0.28549686242796046,0.39938397482960714,0.4014977264163001,0.37334228467009145,0.402168128850485,0.5620520899439194,0.6887079802159859,0.6244200117605813,0.5116922342287079,0.687820456539029,0.5480771447692407,0.6964703031523167,0.4297638442828921,0.6156556072311228,0.7276782561661803,0.599338519288437,0.7515730587222886,0.4456331176640985,0.3169079418923543,0.6448744079980055
170,0.536236779170457,0.3362470875845113,0.6834048245924126,0.7030714067633012,0.5476530787100836,0.7570830368288428,0.4734597782087101,0.3306585862786674,0.34056829133587696,0.4803523017500904,0.47485729873002014,0.25825275042660356,0.29229743785383877,0.3020614532012736,0.5655472255460152,0.26386271236974485,0.35127747509817997,0.4622074269759591,0.3665653702736748,0.31034236887248823,0.6025055495708089,0.5092739731965019,0.6605925490146033,0.5059977119217276,0.5291758942553366,0.5360154968998634,0.6734802591966083,0.5845771065462708,0.5108506901273343,0.8083676618864584,0.509914522495249,0.6669035487841507,0.43210769861340276,0.3538309484554172,0.6891833843245776
171,0.4967273436857357,0.370776899873712,0.5278865259660486,0.7441995550535905,0.4994171465773396,0.659435117284925,0.4937962811693138,0.5319586120767477,0.3435419650295527,0.3543912280878637,0.4926556799197015,0.34979320973556627,0.31475630498653906,0.3643311283870717,0.55686874673908,0.19133815524509734,0.34679514019280344,0.37589040746059055,0.43135339619716795,0.28534149050659285,0.5584659595390986,0.4867342343645925,0.6095411516249728,0.4620075321695247,0.6537254895138321,0.4550074619185647,0.7024766254952283,0.4454672795657807,0.6586912160485614,0.6854396901597092,0.46685428163888765,0.8128179273180476,0.4613092232979953,0.3468944188468002,0.6438912934437897
172,0.47015584198064436,0.44651527089653353,0.6890378712805256,0.6871687126377276,0.5547321975867714,0.6053230730704998,0.47101425305978645,0.48183961085504834,0.3053046645317563,0.45785607322839694,0.4793753919866164,0.29936474221920245,0.3540842407649523,0.4257141759723201,0.4999378554219688,0.37745235440056224,0.46081580812189465,0.5389952045125075,0.46752658972963823,0.4057817588156386,0.6079136619706823,0.5429500607612533,0.5989382351601804,0.4996611831111432,0.5870538161529799,0.517111589828158,0.6915735414305475,0.4581168205206362,0.687975116920005,0.7082896290527323,0.7013461547853181,0.680331394552758,0.3848238199816259,0.3063806095169226,0.655475353557524
173,0.44500887438146475,0.5474675939081776,0.6061339670074277,0.7086925752280375,0.45779585981643334,0.6997581688553949,0.49101833668638617,0.49466921391586854,0.383198483912994,0.40335620782712694,0.5050581356623597,0.4016016104239946,0.45837279796743524,0.2925214514484194,0.5376563695755145,0.2757172234806538,0.44015546870190936,0.4382101667189683,0.4523825356043164,0.3570453329286884,0.685724681135239,0.578308063578159,0.7063999833349166,0.5495894527861838,0.7893422640119705,0.4738886394312364,0.7530595525745418,0.46721223598977163,0.5636232059737101,0.5707391234457062,0.5996518614717479,0.6884984039854152,0.5156643866545052,0.2823805792740962,0.6930333323363884
174,0.45203951849233265,0.4680127067003473,0.8622438827212368,0.7045291092452324,0.604874927827435,0.6234849915441341,0.4898233582285887,0.5016735340029572,0.3394419463715663,0.5611193875810252,0.6243815191411657,0.32054564577040207,0.30890477790726373,0.4016851339073755,0.598867425890664,0.3107420857173077,0.4161230143068907,0.5202881212528498,0.49067620910646703,0.4049387882301423,0.5309792952779726,0.543414648762842,0.6717144133790378,0.5113511110391685,0.6171760865707547,0.6043487203947604,0.6389024101914585,0.33180804392383223,0.7339037252308727,0.6228653894012406,0.6945846880888658,0.6763633136360605,0.44711447483141226,0.3365285550361502,0.7550324577679255
175,0.5218155311585277,0.4052011037441231,0.6485118290195818,0.7229073091649908,0.41237683375979467,0.6157472277363687,0.5877481151463285,0.48201277642291646,0.3354059418367345,0.49060763531151186,0.5740966737703173,0.2835997319509568,0.39208199401347,0.4175185621385879,0.4236433806004972,0.28289795062547257,0.3947073332085672,0.5026230196808295,0.4963803794224421,0.3781535356187478,0.48424529941833094,0.6312208222434894,0.7220893509206006,0.54333919850145,0.5453555917910864,0.5166523487251904,0.6648710232779464,0.5326022928405961,0.6120420693589724,0.820966906439501,0.6457454569144707,0.7568419535076502,0.4065382830179899,0.3387101919164709,0.7458330822067194
176,0.4583019617506926,0.37451399453688317,0.6934076641377163,0.6768184949015834,0.4735993762003087,0.68465875695804,0.5653111622827955,0.44096606852935094,0.3077913928390685,0.44050439465489566,0.4684367480294692,0.31787612987392705,0.33524878847306316,0.3342172905341454,0.49683667081471267,0.22686021577962312,0.31575932689592734,0.46029690657677597,0.47620036499883966,0.3151269726440159,0.5966249662073985,0.4672782691113752,0.6790389316557848,0.5054489307606677,0.675437013235964,0.5149338338884524,0.6759910755662767,0.5266989965140585,0.7064991187043871,0.5302846678454575,0.6311284294886189,0.7795581639734729,0.5453722440337255,0.24364806602656863,0.7624135666301319
177,0.493101131521037,0.4477137850589794,0.7354596223425904,0.7633761997970513,0.6232139085589645,0.5476762176998777,0.4921964518032205,0.5200795871441946,0.40625105270890316,0.4236892939150627,0.515413961079322,0.3018779071700133,0.3250055089385058,0.4351843627271014,0.5175747563962845,0.21469907884934064,0.3135672583997957,0.37099358217106243,0.41788865453054946,0.3801719270156819,0.651138970334012,0.5779039810417869,0.5448301903020275,0.5266759721666305,0.6003026982543815,0.5474742118104525,0.6237473159277653,0.4416469277629017,0.6601675693577149,0.7323368276122902,0.6995451772665842,0.656456921481501,0.4623536728419161,0.3189458476244725,0.8385549053386263
178,0.4796843992442137,0.4823465992282552,0.5739870183676486,0.7226227127671907,0.5415094322063903,0.4960235314642338,0.5252921646233417,0.4882113691328564,0.30774795332220406,0.5148361482330013,0.43137690056131084,0.2603426280942447,0.3707798075713153,0.32498153262853513,0.526239215733964,0.2303487095740425,0.33521774554723227,0.39514852165153574,0.37475512970829883,0.41617571616419036,0.5189855317523946,0.549642018325883,0.6353505614444219,0.48379468903892225,0.621579087606879,0.5036485513668136,0.74603383889842,0.6091178190916693,0.4977599718627338,0.6829112129291928,0.6210475140159013,0.5775369832718278,0.47571411696180244,0.27001730530046064,0.6376967761588626
179,0.46686173814559834,0.42941215831553414,0.6194184954429793,0.6511263370266872,0.43373755356101085,0.49912744144912896,0.43563946249283825,0.5410005300723972,0.2644594478799648,0.5018826477796312,0.4948909651497839,0.3232727826064207,0.2990207267598697,0.344318960999899,0.45225922959424614,0.21176842483800465,0.33099909017761153,0.3630796823363779,0.4230601906118494,0.3309069169615434,0.43208721119689986,0.5221137644529648,0.53753727582024,0.40699539912673144,0.4291581326339555,0.5012104299894713,0.7276771707168829,0.6432252410114649,0.5163721098704899,0.7582548555907513,0.6627484565296259,0.5420826407919372,0.6421380786025949,0.28213769441902947,0.7031891954434975
180,0.48402109991594877,0.4295380810537902,0.5630753074272061,0.7110761983506412,0.5234557785753441,0.6053873762364617,0.3892855380227669,0.46300328495079646,0.362269949979759,0.4776473234507279,0.4327865486472794,0.2848890146813688,0.3472909169577486,0.2799780613950114,0.4764002957068545,0.21563041875245367,0.23793957041892116,0.4286125954358483,0.33638514415263737,0.4150590237445566,0.6115963136125011,0.5620989819011051,0.5244866311248801,0.4511572107778258,0.5037604457906697,0.6718778297461485,0.6403836351259253,0.5870097763648504,0.6097082877733355,0.7333917847313565,0.639599044185546,0.5762513894094108,0.6361925703652234,0.34124389246452974,0.5240960992278301
181,0.6616538880914277,0.5330201147663316,0.7710837310325356,0.8615730963596897,0.538431498709115,0.3836681518859996,0.45697337975084606,0.4823704175710628,0.37097341270233886,0.5065658704105789,0.5841265448826538,0.33669265236371504,0.33634490527002503,0.42660925284073503,0.5232087176003534,0.3338771572069617,0.27777126887220205,0.38054426504903155,0.48557196765134,0.4195284898615632,0.6242523376245277,0.6025637942320705,0.4973125978838086,0.5401405336307613,0.5868424216977857,0.5201620540224277,0.7602493726997055,0.4915146968224291,0.7359724846468872,0.7280580003003856,0.7637618973284677,0.5849280006271456,0.42602036229676077,0.29226323402099186,0.69673293382075
182,0.45496420867747545,0.47618096128281506,0.7454801013535142,0.5494339867796596,0.42554825540119934,0.4374750409475415,0.5384362417864273,0.4685101774709175,0.2548032144861029,0.5364336496352473,0.5597624238157587,0.32338125105436033,0.4150481279162014,0.39079671390771825,0.2782407879719423,0.26573380936196933,0.28968843110548415,0.44135879775517983,0.49531963306987015,0.3766164644335061,0.4360725912441985,0.6442563965297143,0.7104936189741915,0.44045621125020623,0.537004761458337,0.4953597430801959,0.743134959776064,0.6927551578066946,0.7677725441370029,0.6476715494232879,0.6940057717920296,0.8076212626790259,0.6736993288893238,0.17901750823769116,0.8025712522619295
183,0.45168485597755104,0.41586307507213,0.7302356751444236,0.6024915627447146,0.4980771050929341,0.3702604925448552,0.42112430057394545,0.3974929791370538,0.3230826932118973,0.5516414601562161,0.5512794489613811,0.24921826775523304,0.3248249757961119,0.43876185080462804,0.430221871291942,0.29016657541390056,0.33378498375820187,0.35780024878533423,0.39306994472785034,0.35947760611489404,0.5842386698472131,0.4724507907393676,0.4489672795841183,0.3910193840629685,0.6880075249043823,0.5668042685654496,0.5998813521974111,0.5573910738943006,0.6357623211185204,0.6344264059622988,0.5576964812388262,0.6852952227991312,0.427981203016794,0.2826514264237086,0.5743019287289557
184,0.45835710933891993,0.45636621560676416,0.7268482398518125,0.7082869601713602,0.5051737016054625,0.6772593337573158,0.625340715473836,0.44003307105418427,0.36226138211039827,0.5475182188453762,0.42263567087327625,0.25551181692973135,0.33733653918192735,0.27965643599360573,0.3442760771580082,0.3234775447098065,0.228396280155587,0.5371692915142197,0.3539595207542182,0.37178660195097846,0.5220085737667811,0.44803584562404475,0.6165262254483612,0.1632720549064226,0.6749932807732633,0.5128660087795718,0.7013783884646916,0.7683848047546731,0.6451604380224019,0.6962727516422818,0.6664930741871041,0.6776359895997133,0.7105325053352012,0.28186486282559264,0.6250040855694323
185,0.4761270912258835,0.4986113653598242,0.6767234920412529,0.6981735025927847,0.4493011302830449,0.4671909951649499,0.4474346203239784,0.48440392078648215,0.3014345618217501,0.5001285102492936,0.4666011278238432,0.3824999525143952,0.3454180122635445,0.27517381040487454,0.3556769322903274,0.2468906651085388,0.3793379045769423,0.4407542565392482,0.3730211559208193,0.2689574271005615,0.582697438089985,0.6002993773092964,0.6371064950428033,0.34890680541382824,0.6627410739590257,0.3907821787311879,0.6568585927282777,0.6250687035024262,0.7667507593833839,0.5973735454265515,0.8118840258262462,0.7257694491356075,0.6612664471682099,0.24967208523234882,0.5023807797862123
186,0.47501209139763434,0.4828102878035103,0.6109726166936793,0.6487927863958063,0.3950131073204417,0.5679112617564532,0.39914595185942664,0.5430947763647875,0.33695170761935556,0.40651522175578725,0.39220193161910605,0.29061046201634033,0.36819696965546345,0.2606796288544595,0.47252575492186566,0.28848618193952114,0.23694621798353346,0.38145134552585935,0.35327989251899405,0.41442990396359536,0.5057697802826984,0.5202931593291109,0.5607103883550171,0.3513447613590717,0.5790650180483606,0.6046219681146766,0.7236838925246765,0.5607384401252217,0.5559588026262576,0.6832755963900383,0.6390400676478085,0.6780812035609534,0.6810643366787759,0.28754654692052584,0.6182827522130399
187,0.5788159341198948,0.6525726034046124,0.6620457914891826,0.778186994720331,0.7047134605578509,0.37945728171681997,0.4403284675637044,0.5277317640989625,0.44756611450812617,0.5477873584356547,0.4512686463834012,0.4305776029173759,0.2929402620207979,0.43503183105630455,0.6202562698223606,0.3126742655534001,0.32683737809612623,0.4380154193556923,0.3232999369975983,0.44097242487331645,0.5820613421658207,0.6945922784727916,0.6212426056512741,0.46108453275364236,0.622872366653977,0.581025180624261,0.8210200304579826,0.5408589364958349,0.6818054970807844,0.733205130269459,0.701351142694881,0.7456385758710193,0.48563440798898394,0.328011975711457,0.6437764218969105
188,0.5931144545663292,0.4256400934156137,0.7220045572862217,0.5836307912317598,0.5091601716939528,0.4784580377105999,0.34153699118050845,0.45158304740800753,0.28802467680386934,0.5515255647733428,0.5507672072690843,0.30120166646944513,0.3571121341437869,0.45104688596658643,0.40896051454964477,0.2811632096513791,0.2700344046327413,0.3391454177571471,0.32506947219053517,0.4872074569235301,0.583702456337356,0.4984179854947506,0.6299240803702277,0.3396177854811506,0.6204348526917774,0.5473158162485232,0.7199445231369396,0.6032755398663385,0.6922986521099475,0.674306005624602,0.5989686607989412,0.6688855000032925,0.6419880460842813,0.33700305020085003,0.6372803366171587
189,0.5678304813369314,0.5214883780834837,0.693830382564169,0.716151314417576,0.5142671213593605,0.5248776443455008,0.43784255602997124,0.5673822313229941,0.38472336334815976,0.5871662457378547,0.4641383823549455,0.3294550351554253,0.4045869851667025,0.32744595552638706,0.4809746736086816,0.31029645403169415,0.2461315071320978,0.40239600907906725,0.4157110302161992,0.4093624428386692,0.5611298401935775,0.53563842360941,0.6786321260372403,0.26126737207614903,0.6472369349233748,0.4619276454783938,0.6172270110960919,0.4835656034760082,0.5738783663876257,0.6733040459611838,0.6469574016029955,0.6814474029937894,0.6221099218392924,0.2902802740248548,0.6603850276559066
190,0.6413525969417793,0.5880000172388532,0.7460713925554121,0.6027616227084811,0.4794692684196203,0.428022276057563,0.48515429523956954,0.46408848168041905,0.32917147463626617,0.5971768858945572,0.5494613915215603,0.3889668409302569,0.3422552210931366,0.48303450539603426,0.45658624402982795,0.30732554749138974,0.2620564557311592,0.43027649194223366,0.4153890896409206,0.3809050944146769,0.624436188739546,0.5288185945186685,0.5591568191210847,0.37172973638538104,0.4800625913104255,0.5236146685769139,0.7345089040519661,0.5180032682703327,0.7807967202658124,0.6720247078416681,0.5500571899763917,0.5589571205816424,0.612594050098441,0.2640151652105977,0.837269411419215
191,0.5237405649339011,0.42105936944994055,0.48534629660952505,0.49787210363365036,0.45567091515918573,0.519356026191028,0.5979619995987417,0.4066014800609429,0.2930166180950216,0.4615262468219964,0.5309796171595046,0.25827374722227925,0.34510082413720866,0.3891074937122715,0.37304452564565943,0.2745424841902879,0.22774640374671404,0.4702642693632082,0.3799922440451915,0.31415157691998297,0.41461212577905104,0.6031786495127397,0.7457821154242943,0.4114689165340589,0.5160169701863233,0.4819053647856324,0.5830335437456255,0.6091759408137616,0.6240555518508971,0.5213370680178191,0.5618829746346172,0.7994983568388966,0.5719901071110554,0.3294866033651015,0.6046326125828692
192,0.6304752901826987,0.5414554383058153,0.6815332940619284,0.6780990331543089,0.4645242291977283,0.58444578180211,0.4058412233720054,0.49930727947859394,0.33421925197503,0.6024719650047217,0.6144589151403156,0.3872702759000126,0.3248819388046647,0.47541871303795546,0.3959631376522265,0.2911732787216261,0.2516524728530995,0.42295151776714646,0.6029122113959067,0.3513939009601662,0.6065431628631811,0.5300180737045775,0.5577186716556289,0.5664846451506339,0.5257496357487323,0.466487905894024,0.6957303970224749,0.5314074156528291,0.8556896471856323,0.7598922064504591,0.6081066440251381,0.8017880582727814,0.47399359775304695,0.2982464587101445,0.8327507061264321
193,0.5961541934978768,0.4331629193987161,0.723479228603553,0.7561272478334935,0.5705935075254897,0.4979307387503398,0.44383594083702516,0.6474834044286228,0.3287100639214342,0.5084342130835059,0.4447343677100718,0.31685044242059485,0.34083045341534646,0.32937576419822234,0.470721208849363,0.2311676896534616,0.24393331554096814,0.5356848688796491,0.4057925163002094,0.38409859216029196,0.5933902022253457,0.6135105010183729,0.6512173020926453,0.5248228893648317,0.581168174998933,0.5298247903201818,0.8154975611740546,0.5556080379811701,0.5704213307875774,0.6360574348888162,0.6865077780970211,0.8215998767870307,0.5546720514745137,0.2938240537688056,0.7028655992243815
194,0.6407836748479301,0.48836055098665637,0.5397124276336334,0.6630978241610725,0.4645344193351748,0.4515343243663375,0.48000347080544115,0.5033890200083173,0.27882418363309724,0.5143940807235521,0.46626293425926296,0.2862585943801583,0.2819187685259178,0.35341112225714055,0.5294172392061135,0.2978208238351112,0.20960152694193046,0.4794906833678223,0.379550459593359,0.3728197158739214,0.42055909851854595,0.5151778353249516,0.5819771817608341,0.3291477076868125,0.5435933098949882,0.6193335493641032,0.602958050290879,0.641494311001942,0.6142483882958943,0.7895169381326901,0.822847051440341,0.6335647112471006,0.5311867654804819,0.32336630400137417,0.8214510429641491
195,0.6370887463915798,0.5607122640709661,0.6024591105049919,0.6405699859322789,0.5167906291634812,0.535338166878196,0.5447644489718922,0.4495716396483781,0.26676027902495913,0.5271442369401201,0.38565280121676626,0.3115654909791835,0.35206207075271945,0.38103725939824135,0.4717608681031239,0.31518644064630696,0.1790479760782715,0.42499754416961283,0.33818925243445086,0.4179008622967747,0.589340101025565,0.6011939737127401,0.6488481271188093,0.45703164300573595,0.5492361952536713,0.6080635307702614,0.6137553413933254,0.7383881695567207,0.6815145392049017,0.6155731603883803,0.5651801967166418,0.6654934811574433,0.5202996689559671,0.28526992841411214,0.6351350977906511
196,0.7108614622051568,0.4189112967644687,0.5870653270112764,0.7385197750766885,0.5772537072752211,0.3814913395209719,0.3786964057420071,0.4666136116765747,0.3469295952069995,0.5492336180316578,0.5040356446312414,0.33742704251416045,0.3595846434228071,0.42338503633081875,0.37725584758159125,0.3436691174301021,0.3352585926305619,0.3858551650080704,0.45496354701868125,0.4095745195161105,0.4914183124521261,0.4446309732763157,0.6533674627391814,0.4896490480151746,0.7146512630450357,0.6346730800757129,0.5784930278343121,0.6212067491667972,0.7004467068442619,0.7127714642457078,0.706878436212454,0.6760048039459059,0.468352609593937,0.3268500232007614,0.7330485110864029
197,0.5967082536060652,0.43633590566274005,0.6355583969858744,0.6433700197504821,0.35385948764440456,0.4321860580465502,0.41085949810652556,0.5001039982171669,0.37430156485486277,0.5607489622121343,0.497936937452643,0.32812537552082477,0.3412230726669274,0.36155680635278403,0.3545409596452678,0.3248673768183009,0.30733900907481865,0.4644972379820611,0.374403575935591,0.43806284464635825,0.422782781249574,0.5232939247454675,0.5894757123849035,0.393846335976488,0.5868349207929082,0.7217360101947332,0.6174965651279312,0.5990464359215106,0.6322134919438677,0.8109684757284992,0.6398804479458995,0.6699722295794666,0.4747080554148174,0.3477107100210562,0.6530283253235446
198,0.6501690957587424,0.514925679957018,0.6376280942959979,0.8345607627278782,0.5297116587186605,0.4859560184146301,0.5359178096961893,0.45231312323697886,0.40673562705043553,0.50672877384904,0.597916264968319,0.35405926790820996,0.32556964478072153,0.3816189618070044,0.47980674331809436,0.21419357613316728,0.3347075055718096,0.43186501696092844,0.3952538111434555,0.325371308532043,0.6293219083560773,0.6292440036956779,0.6120102991656093,0.4888229559699071,0.8147413041910614,0.610120086721801,0.6916967075059589,0.5303741720325562,0.6116664110133504,0.6174141126002284,0.8098553720278514,0.6783537169244593,0.338161244357777,0.26017756753566357,0.7538310476604333
199,0.6972774737854444,0.4545323390234331,0.819581397824827,0.7265039133314153,0.46935739199292537,0.3366199190419714,0.4747129405220206,0.49644876253634185,0.3480563941815684,0.5628280019587513,0.6359951249083069,0.3396625582662167,0.356216219630377,0.42176837163519065,0.32852067210460545,0.2088170790872926,0.2319445935231852,0.43428477268281196,0.49525985466443156,0.4115538981454091,0.37327584625288057,0.5484840109562416,0.6964090135796998,0.4836565838750642,0.5850669685081231,0.5897595342437405,0.5733393652830214,0.5764293624157932,0.6351267708565715,0.7049422722312891,0.7634527952057701,0.6624649838721888,0.4156264189261974,0.2814878418294849,0.6707308936907292
200,0.8013600515881407,0.4639906386522604,0.7515806499077436,0.6850254249370269,0.5233477929130429,0.4157861881493122,0.49365142987761723,0.562905699037233,0.3729726712928582,0.6005903694654364,0.5090849795804018,0.42309596599108623,0.3700432924611021,0.385785743998466,0.3830487727859734,0.27224955196544676,0.3772055711138039,0.39656459780772063,0.43250740893749284,0.46588024980160553,0.49414099996549543,0.6969250869244752,0.5320973801969818,0.4699597176439029,0.5688476210911861,0.6683506043847349,0.7734453576728926,0.599188865808215,0.6974062776342027,0.8993579364323712,0.6392265899581149,0.6740051026192553,0.5033405667307674,0.3576425807835411,0.6290811444740996
201,0.5744039527681583,0.5158623918454863,0.7173548136217448,0.6219286756044284,0.4578440282940103,0.34415932688091366,0.5083808077541261,0.6407660788805554,0.3426150957847962,0.5236119424801119,0.5442552104960938,0.3623245000674673,0.3932879127590354,0.4136146681090559,0.40275442257797667,0.17630362416830603,0.34514399062427603,0.43757399186333323,0.4635744855166793,0.36179910727670495,0.4917842274616544,0.5831152951573733,0.6997332658869282,0.5185589279268747,0.506538173176785,0.5029138835327529,0.8238831040807554,0.599977901605995,0.684781015908858,0.655920466458827,0.6485554118581607,0.6796080719299418,0.464624025929398,0.28177665246556965,0.5347353657926335
202,0.49452519355126445,0.4613348641244445,0.5405429950774603,0.5269338432723114,0.4385446363182255,0.34656015568294984,0.43078401194660676,0.5005140620028676,0.37423059654351243,0.539396749633233,0.44895223221599423,0.38588952611933647,0.30768275237461884,0.3838504004309712,0.3504532912423724,0.2111193181734885,0.3262554091591726,0.37737789930542953,0.4230426024146555,0.340537133946406,0.5044758374804941,0.6373795615788647,0.6407627294531799,0.455458693743929,0.6145004496066391,0.5372766597182255,0.6671918361112905,0.5207897068022121,0.8015207392965698,0.5938854307814273,0.6406160110253304,0.6659188922178627,0.42572403274210124,0.2537142552193812,0.5748982706168928
203,0.6208600862082889,0.5138443895659243,0.5640697274145136,0.5007865181761447,0.4993222326486399,0.3239366866247535,0.4734035043459603,0.6181715206674323,0.3069499330550897,0.6421253283603232,0.5551194827307869,0.3873572247647324,0.3100810798068946,0.3967999739605161,0.41717096436979817,0.26534152731060767,0.4664080538999225,0.408909608195004,0.4801166562719519,0.3877651425888467,0.5347861923317441,0.5475923782213894,0.6417613479455931,0.520916816146044,0.6228790820859873,0.574905337487174,0.7674186498097469,0.4816357684986067,0.6310758747405127,0.7498543089893737,0.5439290695293965,0.7915656430718891,0.5679444951398511,0.30404598356661816,0.6048598219669102
204,0.6456081407683867,0.29943744557474117,0.6527570857924078,0.6607163182301499,0.5341668869952947,0.4573183495941594,0.4269265505461999,0.43583217778316075,0.3936213115178982,0.6507963640936254,0.5613903533084896,0.2675823683269997,0.33591486030216244,0.4528699370917919,0.329374059873113,0.22958261296286778,0.31652027653206205,0.5449263912377305,0.4204083334572828,0.3225250551679011,0.6028765743034901,0.48575242539416774,0.5989487416121351,0.517617501183627,0.7632581087664031,0.5395071360365681,0.6372311064585604,0.5958212160083509,0.683986741958547,0.6728863193090837,0.8116643290868111,0.6691494121282884,0.536158392630393,0.3134318368589508,0.6066534009559235
205,0.7147291014571985,0.4701661829680282,0.510842085572546,0.6546274591871059,0.357090863007523,0.379690130725281,0.36485210209151914,0.4407875916452632,0.37313884578398127,0.6257894973744689,0.47096136161355145,0.288755874306944,0.26315616584176066,0.40088229368722017,0.2597819203696607,0.21656033481913456,0.331739318902863,0.40059328793117144,0.4037271466779235,0.4062794821125383,0.49935034715989096,0.4660454907276922,0.511935696171359,0.5018557095073886,0.7041159737283957,0.5354995495234924,0.7397500658948035,0.5247284130624872,0.5807070638315095,0.728317195304534,0.6792966369101592,0.6015210053916483,0.44629534779635793,0.3016050900288272,0.5484251293859741
206,0.5863948720383166,0.3550172952739935,0.5800155884482281,0.7195210809096368,0.4663030574919125,0.45322657619042095,0.4829137821189743,0.6007786083838512,0.3883237802045808,0.5114320791247088,0.5719802294655416,0.26811875637102206,0.33193324049313044,0.38365276659698433,0.34243307014156726,0.14899610225638216,0.321114758172534,0.49420768750905714,0.41751503493538306,0.36004162930327377,0.5569105632626687,0.5846483112199619,0.6944915346891742,0.5381722375291353,0.7382396311827115,0.5619950886276986,0.6783022813222797,0.6037308596868937,0.6696791368071868,0.604274868948707,0.8421345824614598,0.7727829647351535,0.48857096927863825,0.2536893399731048,0.605600237308513
207,0.6008592305345328,0.39514835886502353,0.6890253551530622,0.5967091471590391,0.4495918907456228,0.4317594826565429,0.4972817535064432,0.5181350909052587,0.32980975576346605,0.5170598617523262,0.5213366447981446,0.33830491524963135,0.31459186296894925,0.3867827546576504,0.4936217526468414,0.21502293724693378,0.2893724794332117,0.4049012832291503,0.43992099532686296,0.3615306179701339,0.740339767770506,0.5167364717405555,0.48091261404408714,0.5881579159329678,0.6745592695826208,0.5904861070232504,0.6030794433365367,0.5241994481774958,0.7221614902413989,0.5758447771840471,0.7903862033029911,0.6480406384151756,0.4588244207600407,0.26279992099616917,0.6005455553061412
208,0.6898080012807767,0.39746918346000215,0.7131126995474248,0.568149629085519,0.5580243214204739,0.5304699231115271,0.47297730597891524,0.5172244734266289,0.4033821163013066,0.47593895774734374,0.48791637430056745,0.28690668578629075,0.38698074566022134,0.3421250064123446,0.263482364660914,0.17369719510601597,0.27270913053493745,0.4751549403165215,0.5102451329078169,0.4161838312372795,0.6293641309614135,0.619492982892532,0.7742529146017226,0.5215231415344501,0.7054508757564697,0.559267700938127,0.6274928248443475,0.5888206848696625,0.6112203873077802,0.6246232448398291,0.7408988008200297,0.6959969160092492,0.4984295532145645,0.32638178912260485,0.5349917210515509
209,0.8236753412208786,0.3719331999641289,0.6666690746641271,0.7303205639683661,0.5595917877466855,0.6123749316170608,0.6323498181832617,0.4895972353529027,0.4374955395289725,0.46198065669098853,0.5499616750961754,0.3011255054438161,0.39780240354770563,0.4289260231464648,0.3572844627230982,0.2635221542732778,0.27393698762731494,0.5283094680297172,0.5323797964099637,0.608473693394775,0.6448390100817788,0.5582122310699228,0.7673270099252579,0.592294782116964,0.7144231299585476,0.6964307176349847,0.6879822361625958,0.7412347266750692,0.717175666482661,0.6216204287124406,0.7344579514175176,0.7021848210100736,0.5273417309395423,0.3931014884274552,0.7405519662466794
210,0.6394631285005697,0.36334458312618334,0.7795733981851257,0.803395505947921,0.5860182354360415,0.462648601711829,0.5016080061651591,0.4065607401801984,0.4162806595717662,0.45446069181350773,0.574963117402936,0.302560406213902,0.34185121586407796,0.38299855068449873,0.447867232289167,0.2144420346533253,0.3704549026107595,0.4073002183934925,0.4587440266657976,0.39144412137087814,0.6005818484361529,0.5378982558141296,0.6370452250021499,0.622066249377911,0.5875473749120019,0.5439314026046494,0.6976130833344794,0.5676455706479511,0.6567636599726228,0.5026515935493203,0.7994043480235573,0.7276219011575336,0.4817379763775175,0.2423836605994814,0.7219312183845945
211,0.7151404526818078,0.5284656300949784,0.7808294307940914,0.5902005800651435,0.5168711472963121,0.4688553211056551,0.38285093767432765,0.68588905017808,0.4258238644460781,0.47909677323116384,0.5277724788775728,0.3126361447803627,0.4022831768513202,0.4439625014397546,0.36083154409311735,0.26241916998931647,0.3648713164385527,0.4217578657808898,0.5042482381855266,0.5140130714017834,0.5519926622860538,0.6414086605056781,0.5390666671533446,0.4777195968595249,0.6102184898863315,0.6423344914030371,0.8830002590998804,0.521437469268353,0.627053003136632,0.7246520566175801,0.6510702770399934,0.621982354991333,0.4488460347011721,0.3765619289815376,0.5874651897236521
212,0.6566875346828255,0.41365362631454505,0.8416722146042772,0.6912308660282223,0.4470943041766535,0.3939235548891744,0.4211067610016492,0.6002562392739454,0.30145247283576876,0.47572668924925743,0.47682127373190974,0.345936996681078,0.3394589771743249,0.3415002759296497,0.3750554052538384,0.27025306649405956,0.26447639744788565,0.4356392685392516,0.3446408525341867,0.3453642146320689,0.6017983001343352,0.5832679962615654,0.6204152970067575,0.5672068725459509,0.6726228048327865,0.5789788195706401,0.672373974490503,0.5103499968717867,0.5136937690334821,0.5468765451978472,0.7531886138187479,0.6040674086196361,0.4504860095187952,0.30088841692362983,0.6006391306485653
213,0.720313424039104,0.3761794652028246,0.6872634612095756,0.6302289145785138,0.4866687280020696,0.49879102388272784,0.5056784432409801,0.4923694523780888,0.2892251041537867,0.5760990551568044,0.4440273526276086,0.276622141359249,0.4054676325942118,0.45409370619893397,0.3459073666179229,0.28738044879096236,0.383713613264341,0.48018553403757935,0.5357219271574373,0.4460397983803066,0.40069932451000745,0.6026742248280312,0.6244772968403268,0.5550191147646313,0.6010052070966723,0.651643340329793,0.6278795576132203,0.601153670362683,0.5819576703292264,0.7512952005149394,0.7042273735207429,0.42497484786710127,0.6195764366038499,0.31938846568433654,0.7740024492767008
214,0.6897949166607087,0.4555406391867005,0.5737251331843363,0.6668594979799813,0.5113706588079694,0.627678356590492,0.5662746195621452,0.5146745529626978,0.3596301073976439,0.46850081855632325,0.4860336850440014,0.31132459089088393,0.2933177912494279,0.22129959675620198,0.32310790388113564,0.2617945875878477,0.3884567881548262,0.5892170945969661,0.37813347218983717,0.3195416644722041,0.4718092928322341,0.6011044541276461,0.6907565532694139,0.4825039392260202,0.6042126664978372,0.6301087691960733,0.6177102831521137,0.6468560858604369,0.5744058755987587,0.623944077828721,0.7687070357204843,0.5880592798104871,0.5885399229944905,0.28811155061542126,0.6821290173681027
215,0.8072790238854709,0.4353796638076567,0.5843002705411694,0.7032582160854314,0.506897215982397,0.41409404040429176,0.46684687357450094,0.6320442014886171,0.36463663416444153,0.6503733634420044,0.5451826445278347,0.35424385123358915,0.4120876874276581,0.307421552955529,0.35309886663063006,0.40852268549780607,0.3336523893756486,0.6310702301761795,0.40176837216169725,0.3890342178216938,0.5659575131877397,0.5651359438759723,0.5994994452240158,0.49162059265684693,0.5394967773760886,0.5956643277631518,0.8680038446012548,0.6442322495774401,0.6116635666540693,0.8780832114288011,0.6222177897852763,0.6915031695700168,0.5993761041013795,0.37653771265451275,0.7017873989688186
216,0.5569929233544225,0.4177237648618282,0.6473737954492004,0.7114874901411569,0.5711553506704359,0.5966099937296311,0.48397199905179705,0.5012863131675245,0.39141174789773536,0.5156380702909483,0.44109170653357366,0.301761295805135,0.3817193968469548,0.37588794139801507,0.29750525299061875,0.19519732731998085,0.30038131539976853,0.5092461590483299,0.3917114741412401,0.34226296277256496,0.6149328085066019,0.6011457519037642,0.7065422374496069,0.5253483244922167,0.793697588284199,0.522735334604078,0.5842940426115772,0.6529653112641329,0.5972527148518687,0.6595030682525336,0.7297934412322331,0.5097255134374785,0.6412817308053378,0.2905228332134778,0.6332217942421704
217,0.6788736713801338,0.30881282245291175,0.7314814266262304,0.8074367465361579,0.6394487758030138,0.633801197740608,0.4225568967402385,0.461252322936086,0.4239665244543699,0.45089894375748957,0.49405301393238676,0.3332326419194751,0.33227330583701975,0.33577619577717505,0.407869283841393,0.12447763102047972,0.35216434266495034,0.4708692868707269,0.38796688834077997,0.38737444043406816,0.5565930415486634,0.5830002798343319,0.6391857881829176,0.5183970983169803,0.8298477209438171,0.543831343374749,0.8399622927597825,0.4499526255133114,0.6232078016249128,0.802370383055631,0.8985872872571985,0.5247302840441909,0.455112936737892,0.2694159818044412,0.7718785978076037
218,0.7319792623456588,0.3514516360526423,0.6751109061268068,0.6587774332554732,0.4405865592537219,0.6370283575598076,0.6008896630883409,0.546687386673717,0.43163316629279846,0.5670455347720131,0.49683414014237753,0.3058774959948573,0.38255537264898687,0.375501419270757,0.2906871421320518,0.2116758573328356,0.42622104889784684,0.5080283051472808,0.40252008605252665,0.43680904963473965,0.6300382697137665,0.6609889620292724,0.5929363014434025,0.542074841720225,0.6477456959255156,0.6362616910223469,0.6704014233017953,0.6110917335185202,0.6104730660200312,0.7070470398429313,0.7817273122115558,0.5429896715808047,0.6575953701557109,0.35324273887176394,0.7463359667517766
219,0.5694102286601319,0.30528514716519606,0.5375167354344814,0.6829262257724666,0.4918588354667023,0.5019689355946051,0.5795991304233035,0.5842815014413084,0.29200137836835716,0.5026720885215272,0.5114878725537346,0.3627010348006675,0.4407514659290869,0.323575703808944,0.3675433303471684,0.22855692065356692,0.38711991679046076,0.4980098963985333,0.35078739617911825,0.3986839507046815,0.49203917086318116,0.6187737558392084,0.599494591125252,0.6500246606357685,0.70315332558699,0.49935990497523736,0.6226205644058258,0.5099556996890329,0.6519048332652319,0.6570403243412022,0.6977807734134226,0.5770647951745862,0.6331425694125313,0.28970662737132746,0.8451868659253701
220,0.631858258432082,0.4039604164861598,0.764972436790216,0.6582665606048641,0.5477976443777617,0.5262639696178226,0.5525755771866669,0.4434728581117884,0.35105959372628326,0.5509336404849929,0.3769741981270604,0.3157258117963399,0.3368999554187089,0.4585404782227409,0.38781954434337945,0.2091510763796547,0.33845492704228675,0.5138520871630259,0.3914368179256271,0.4983554398974767,0.5764893546624693,0.43514771240859174,0.6994047023481649,0.7521535474746588,0.7305172482429599,0.5658787776058866,0.6834374147057062,0.4956062318471976,0.6128619285912073,0.7203033589515508,0.8793184114545909,0.495106067272319,0.7365942699566691,0.3170783455732008,0.8576814802129474
221,0.7287631725721994,0.30757409596424584,0.6824510771439456,0.6689975436154384,0.6921080357274039,0.589581582072148,0.5597036317419288,0.3458444285029185,0.36821457749655173,0.5674976541363514,0.5643995301022167,0.26037906182821946,0.3823247331777888,0.2934251021061277,0.4062517929596603,0.228909118543,0.2938562446728094,0.46998710249565256,0.37030582095885395,0.41133682562022755,0.5549449523245457,0.5955330358433233,0.6574454315687397,0.6415746135674377,0.7443686486044339,0.49837899550934106,0.555825016181887,0.47258911253774494,0.651056952338402,0.6623696777133197,0.7648426857535632,0.441579786070916,0.6498987520830113,0.2704963697137972,0.8446729552161418
222,0.5496971135557196,0.37577503417356206,0.5332544534806924,0.6666797950902097,0.5149501729789314,0.6338752596497055,0.5081663268972076,0.48336250675584025,0.3319744463550799,0.49991617165660673,0.49200671588503436,0.3109317482512772,0.4057721410971267,0.41031533349920235,0.40448852059062157,0.293425836389712,0.289059367803014,0.4468975968410586,0.3217274089873865,0.37430045654745203,0.5337397801298986,0.6683333742487978,0.6216688901618913,0.5852473454748561,0.6954497525994032,0.36671766757142177,0.8058264956036254,0.5919461027489891,0.6241070554474226,0.7128842442345846,0.7654222227599143,0.5878092896162815,0.657543230025494,0.26498739927792486,0.7874040202846061
223,0.6427655945870611,0.38624308149960257,0.5715360566455812,0.6659229217661987,0.5098142296462381,0.5559911517870467,0.5468109876624652,0.5810161199322317,0.37906485671452794,0.4666162686339677,0.48287697732532375,0.38742956174421095,0.3519379329987708,0.3772754550694215,0.36793118982326506,0.30161237694698273,0.3070560641705471,0.5474189255424002,0.3424358811571371,0.3071176682688169,0.5323185112993964,0.6556210504887323,0.59965969889507,0.6257766258951908,0.6995567879426807,0.5184735167693988,0.6507477456508342,0.28956973530876884,0.7614391932564915,0.6486341551603103,0.830940670150788,0.5031096801288248,0.8121966995010357,0.3315582322473112,0.7366421081245056
224,0.5342399239147504,0.3539974062934699,0.6812896885376964,0.5698727417978068,0.5082738067666703,0.6312730246842597,0.4112382289480323,0.5036961309421121,0.2524330944175943,0.4149811629184694,0.6268321077039132,0.26425407564969416,0.3121248959514739,0.4181774610777054,0.39410594079154104,0.1589220330065259,0.318812208927733,0.44528580716014365,0.4043588249494302,0.3722210728199241,0.5834536790490954,0.5897439791241431,0.5463272029547446,0.581151514538014,0.6481339704511807,0.4816750597620311,0.7736240626370605,0.3751109933631378,0.6813181944803893,0.6479263508972363,0.747751010845531,0.6588509480387434,0.6293628618880908,0.31020923622226293,0.8427506849246384
225,0.6801466053404768,0.4183565368653078,0.6488319594933967,0.6900356711499367,0.5723204262009869,0.5897688022607692,0.5314220751437254,0.493130440038861,0.34341896378913017,0.5214677087409045,0.5412226542057041,0.460324804667288,0.34688642131467207,0.3241880054532275,0.35764030836027527,0.30216796947615576,0.2914307717998524,0.5894097110362555,0.35610906382243623,0.3807891180115096,0.7226776596634076,0.5433282719646086,0.602125687851991,0.5269313979498249,0.7617755726865164,0.489223504196294,0.6407230622734783,0.47947926271429037,0.5910654133234322,0.7751619018740906,0.7802045734044488,0.5236164797805426,0.692479461836549,0.2744284109542723,0.7837860464044648
226,0.6859733765815335,0.44742278089229937,0.6698120182263949,0.6219307991409759,0.6054592341597302,0.5337682148130583,0.5166241561802882,0.48837515808314014,0.4126600826828557,0.44470879840614336,0.5012212968197296,0.3790445156188061,0.32384182891612845,0.3013033775770192,0.46666302661703063,0.2790621419634743,0.39197081722284943,0.4837266991706164,0.36926741519552586,0.39827235565785096,0.630918376364677,0.5591461784901437,0.6456556846998425,0.514271397430054,0.8252678506410045,0.4891618630468513,0.7791175058439779,0.4445010959532425,0.7424617552961257,0.5672912117698745,0.7081173612380594,0.5562478967761235,0.7920172702243617,0.3289384669289962,0.8344804857594044
227,0.8378163132180984,0.495337678882279,0.6099188099329547,0.6415392185483755,0.5004651232080678,0.5519542225601912,0.4864523770884236,0.4287287735894684,0.4037833557224,0.5551301797599346,0.46780488755583194,0.3674862774697554,0.295130908001116,0.3610184233537976,0.3282638438466758,0.4221816712580646,0.3081424674722195,0.49421291093187714,0.3628759026060904,0.5100465752374723,0.6775882211122081,0.49019503108474277,0.6868021621821787,0.48561706256843407,0.7462506685363807,0.6484208526752266,0.7771245316598239,0.45024341881359786,0.7012483240420379,0.8157575035524616,0.7095230789203519,0.4760059515557563,0.602076234152842,0.41624529807038324,0.8074246196601017
228,0.6125374993554449,0.46246956582491017,0.5417446344513523,0.6669304273342553,0.5535784900744014,0.6091758596145359,0.5959128447235094,0.510080602325729,0.35878647038830647,0.41609496695175735,0.572721593239943,0.2721902286894425,0.3623542960898677,0.3214173559162658,0.36041060985142204,0.2802184062482581,0.4409245363542261,0.5769189651728419,0.3974884568894549,0.4876782491421504,0.604918144811855,0.6450810631470831,0.6187443641126533,0.5932152237042405,0.77284524513158,0.44804330487833666,0.8373420583900315,0.5641765722123979,0.6618235504336537,0.5177093798006721,0.7174557748307843,0.616213458331061,0.7722460442373029,0.23948111752028645,0.7559809163867623
229,0.6964223363760494,0.29440632262757005,0.6238099856427066,0.7086789176679985,0.543420726871791,0.5908230899742438,0.523860348140153,0.5624228427211313,0.33194580837858556,0.47460048710645864,0.5951190156759711,0.2715615026834278,0.27835043807668325,0.3749067362132551,0.2459444833448914,0.40808796268804337,0.2993618878401202,0.5088719312665275,0.34618229563948455,0.3315070192304528,0.4972359382354996,0.48607388132549256,0.6693344839132469,0.5783924216566582,0.7652787491033877,0.4554638619024634,0.699774107863264,0.3969493419322228,0.6249233590791902,0.6608597788414117,0.8454347065944064,0.6745976939163405,0.6003012612466245,0.36991330171106923,0.7563685735078312
230,0.7181340827748844,0.3410310300770639,0.44657504393957853,0.7364501420907,0.57379392747352,0.6347089147674585,0.5624792551884598,0.5460428341342063,0.3412359749148589,0.48264945724473424,0.4879875797490504,0.29994432168844415,0.31302609361680644,0.226684741043022,0.44877905678521324,0.3243747289112951,0.3540867699718062,0.5943932046964358,0.2684767753919941,0.4413901160073554,0.7019542529263795,0.6915753860072797,0.6481339402489117,0.4312183468151206,0.7597693162506075,0.5824128816549992,0.7641706156324584,0.5094144845655414,0.7273281327214098,0.5670350468125653,0.833828007921922,0.7339062936836941,0.6549230944788116,0.3092723754199841,0.7230296547644854
231,0.7817667100356684,0.40791953981561835,0.5746721058239064,0.6849684531346054,0.41429038337167357,0.6386818798017978,0.5307201459539448,0.47375672114060885,0.34965162590126786,0.3791923871754367,0.5097203576221261,0.2884697773069643,0.3248011779854413,0.3620451620215871,0.3097166417445728,0.31392430227962737,0.34646502792297035,0.5531448949094713,0.3623389288389206,0.4159932998045347,0.5071403653133097,0.4921004397108426,0.6958237833492222,0.41688742726693806,0.6504376432691165,0.48732309240688737,0.592507613089977,0.4847651474556214,0.7030787858289773,0.6877727798997573,0.7212226325415569,0.535631916821533,0.7104964843894331,0.28593150626958996,0.789899471275203
232,0.8214658019590728,0.3476795452663758,0.5409223389805851,0.7842751727142798,0.6633672771005398,0.6025061901747564,0.46093768716299177,0.5036137426342631,0.3889526941256058,0.4803770033186202,0.5144672385748714,0.3789468829385236,0.4094635476230001,0.354625062997858,0.2846391744019183,0.431473065645657,0.38265809096730113,0.4604597512510678,0.306578438752378,0.45307366654405523,0.6898220924913762,0.6062179905713986,0.547278399891432,0.5379371725369237,0.8033036126757285,0.645574346680411,0.615799676177238,0.6695896142560891,0.7157668022402591,0.8414271880279875,0.8352578862206832,0.6837013114634516,0.6741378557091289,0.4095594988188693,0.8621666817789637
233,0.7565693645362798,0.3278612811587724,0.5125818803503411,0.6931440656348418,0.5275372995315235,0.5505022603023112,0.5561680185768665,0.5041013785772293,0.365491126160412,0.5689556384622384,0.6325482172660322,0.3229058848872295,0.38091622959414395,0.2895783750302995,0.4041714554082585,0.450232926450796,0.43911881304049205,0.5983763724258733,0.303009082526397,0.4277506008521926,0.6881542504458359,0.584441276540056,0.6656752470712137,0.6065304986008049,0.763264470657273,0.5340170106573203,0.6520514900952312,0.48592827432320085,0.6458724021235052,0.7457532085975019,0.6997165639345215,0.558108039995172,0.6060437140328363,0.34403606964007305,0.6893457454422123
234,0.7579182883856468,0.3530568319314777,0.6171406944925918,0.669546216905319,0.5553174858510705,0.5088507618759286,0.5012214284120616,0.49929594120088366,0.42702683055895774,0.4572465235452148,0.4930365029572062,0.35514742299893587,0.38839046621525314,0.31512524201968073,0.443889594375071,0.35906956378878274,0.30988105467433735,0.5277715843502246,0.3707032535933428,0.3195660886857601,0.6020918203391256,0.4470618385144143,0.555117004729112,0.5233632600826279,0.609949415919727,0.47599549389038287,0.6501771791332451,0.46652061654572047,0.630153685222393,0.6861283669606288,0.792357988744272,0.600505504867909,0.6347701265378902,0.26930537391167075,0.6085229445554705
235,0.578316090908223,0.4679503365737211,0.6654753560821826,0.6669997365981517,0.44229283904373035,0.5456879151894259,0.4673374114552033,0.594750205049402,0.3435974338234057,0.38309182721988966,0.4333275542605294,0.3937782803997554,0.40995491698920383,0.3281661290905159,0.34702816240701295,0.33493256262853466,0.4265345447744394,0.5460798164826763,0.3743261455562227,0.31375261757075157,0.497450313220681,0.6908409679568743,0.6451362568532486,0.47549504470476145,0.5285389935288973,0.49571267955870235,0.8588817762213211,0.5243681733873213,0.8219547927487625,0.6149253912573674,0.6666497453146463,0.8508577335759253,0.6037854208328307,0.3413539745586365,0.7975632589015329
236,0.6135272043921656,0.47859292716178004,0.5275494542729791,0.611800027253089,0.45585343001044165,0.6871233443741595,0.5983515716893751,0.5920561336738478,0.3361886765432861,0.5014714801401949,0.44782617659975477,0.3587006379391165,0.4797596029543083,0.20824479776516736,0.48719987747682686,0.33074022022906135,0.29783727227280865,0.5534982700638954,0.33422385479169436,0.3483470394638014,0.6165225860094825,0.678798963667302,0.7728808045504472,0.4488949513911157,0.5227703049391403,0.5691519831304769,0.7156137139406908,0.5702927017499801,0.6024195337707624,0.753713492482228,0.7510725723114727,0.7754547206673308,0.8360984967004104,0.3220247770044381,0.714535909128389
237,0.5948345930772218,0.4091564610077113,0.4926980742230628,0.6602646777956962,0.5023456309766332,0.4559537252267788,0.5272326848585076,0.6965671077700115,0.3686264072675856,0.41945826796595187,0.4097089841215421,0.3840694805574104,0.439524656835328,0.281450761257047,0.532326312343212,0.3713082774719897,0.4183416686879574,0.5411832396809714,0.2882141110694325,0.3194230039830986,0.5750731127757803,0.6513545136070555,0.5797084165910719,0.4545567875090111,0.6582875663577683,0.5571358105658117,0.7756359521460088,0.3862626232373295,0.6439640671734265,0.6393138010339925,0.7554761481592027,0.7732641830947447,0.6743290977710094,0.2164428589121355,0.7110090358451178
238,0.7962575862797627,0.557184504183871,0.7367640972227165,0.7233937638439123,0.6077941150198367,0.6973351780009742,0.5640064493080754,0.5559156170772495,0.4469570260445764,0.5074280760621245,0.6182437748121687,0.39235213449867656,0.40257843993757814,0.3229982215675268,0.49280155505162604,0.3461627331757644,0.4507499282848918,0.5460575320557746,0.37980569995492486,0.35495914895592207,0.524864121310747,0.6460468586068908,0.6305215927723398,0.5143679386403861,0.6586664488782028,0.6347206792546862,0.7955646159782854,0.4259347598421499,0.6823583482113447,0.5226340941837914,0.7608986336250293,0.6212811411400365,0.7910228642420257,0.2329801254919051,0.7872022380060737
239,0.7410117901705331,0.48976050247379294,0.6114930567594938,0.6800546709054951,0.6757100782757007,0.6544926792406927,0.4937660785988196,0.6255120635919347,0.3899210129829969,0.4981986895167452,0.3960585793014821,0.4180182718911556,0.41988103843473196,0.28841331112197116,0.5208712806428054,0.4097430095735277,0.4194429584516086,0.552209305495033,0.28381667411291245,0.444577350163898,0.5678409309566178,0.6976745926014023,0.7191541169200495,0.49865194345606334,0.7125403025788124,0.564907110131435,0.7692940659132304,0.612786015896722,0.6042580557972054,0.6607638171371416,0.7195881647740606,0.7894400193969441,0.7491342432961687,0.31991614090260617,0.696438856888428
240,0.7159444825788158,0.4546237644467075,0.6749877884318315,0.8077538513684832,0.39292245998601805,0.6805265768947796,0.4601530121519162,0.5513845589788272,0.3279415875641991,0.4477115298397655,0.6173884355806496,0.3768744658301453,0.34368875924232956,0.3429445047480124,0.49829492903093,0.3217349283902169,0.44495541401947636,0.5769254732195612,0.30091013550709883,0.4818105904345452,0.5319646114851668,0.6480030659438332,0.6339511616305157,0.5050785952639557,0.6947902813931237,0.5008078557279888,0.8356619036274915,0.6622369315082386,0.616231246205568,0.7780749422068888,0.7746285592804727,0.7548257980223461,0.713729347006806,0.33848180106121845,0.7107006217414846
241,0.6707262206169566,0.35864673820998727,0.5616495768433497,0.7514627889903305,0.5781639635938003,0.7155452874637123,0.46433865054423984,0.48904610015938577,0.41979325824005886,0.38569154631643565,0.5565916367258996,0.40084907823098304,0.41097793126716353,0.28019093674213946,0.5267051410097633,0.38263321599295497,0.43744742761838684,0.49726154183845556,0.3647279469225527,0.45455121795534836,0.42218437376223567,0.5527098334974987,0.6268883585685932,0.4363332242332819,0.659367815014702,0.4737773087814605,0.7523767044621821,0.6013335761128291,0.6282517574709076,0.6839837055876067,0.7509244402754675,0.7071728860585875,0.6314862823146712,0.2568244585892116,0.7102916890769903
242,0.712622470444283,0.3721709956236268,0.7200567156605344,0.7180689639003028,0.5166820491062394,0.48602167367660265,0.4747458107192478,0.4838057826594422,0.3932689782713411,0.4340294393454461,0.6158043161777893,0.291915844332826,0.353966808817075,0.35663144886890696,0.5099527638557952,0.398940609644557,0.36916695621029433,0.4579918888068643,0.4425478872553544,0.5021179315076331,0.6163889877530485,0.6121175779244145,0.5452110644134329,0.5801134349154311,0.7106324817665004,0.5666499368504502,0.7110551423750636,0.48372048093903663,0.6429931516839805,0.6287711167849752,0.8150250456507929,0.6238322520883064,0.6407339359773104,0.27530327376793573,0.8235952975831068
243,0.7969182475445327,0.4673667773560695,0.6509836448807762,0.8429792771864928,0.5721115000945122,0.5618120807557705,0.48069836405054067,0.41623442713278497,0.38846844588874435,0.501006204228609,0.43357376898042577,0.331892066681753,0.3792535493644519,0.3013396391959946,0.58293483234153,0.33350336575525474,0.40145549723062196,0.5851178122574184,0.3204058576163261,0.4362630407609288,0.6435817888717208,0.6390763973195239,0.6193212373405663,0.5111848147640227,0.7973806238585927,0.49727942191615004,0.7104634389118172,0.5679598681775608,0.5302304044581945,0.7494586982602417,0.8257286466087338,0.7186919386781074,0.7265372830138608,0.2931578338246766,0.631785123888327
244,0.8035041005734853,0.47226147426990095,0.5713579061751758,0.6638217238849957,0.4944764937996975,0.6223930450626298,0.4922731521609761,0.3839715211109603,0.36324781800862943,0.5145202891813185,0.5318129528393514,0.32030258368352393,0.44600986207292426,0.31232556275782214,0.48117854056237863,0.42848011923818186,0.3333933967700252,0.5122038454187859,0.3869416606237271,0.514520362331651,0.6033028980307618,0.567853524874048,0.7109105383928169,0.5001805177645815,0.5771644090839001,0.6313770889981803,0.6675878215576393,0.67619223679214,0.6468725846587737,0.7716607948230316,0.72050722404082,0.5649498695681989,0.7110697242722268,0.33510199963016574,0.7027412164822473
245,0.43184415404219323,0.410077245803922,0.6232601996176438,0.7126141591460616,0.5118575813787166,0.5894117499038345,0.5135166776881315,0.4589125413975213,0.4206008333005443,0.2687123397427391,0.6105715905748991,0.3191811864596924,0.36483537377453057,0.35015131833995805,0.4795581184067726,0.2829735950481351,0.38812065738722945,0.5681715624048354,0.31208606452700977,0.4079952426735701,0.6236707333397516,0.5259384303536498,0.5742298210494288,0.585877173598456,0.6386675436126016,0.49126237545696794,0.5354655333056837,0.6982049289961929,0.6311226713013771,0.6980732141650994,0.7387209759898126,0.6617244172874663,0.6345437735410866,0.29222079138469614,0.757736392386399
246,0.6601187281015302,0.42599639842572323,0.8688199771618315,0.6142651519201042,0.3948259068647806,0.5864202749239186,0.5381727177711135,0.4044493176897318,0.3593880737175344,0.4479497630183865,0.5279171208738264,0.32946622298276723,0.4047171630122216,0.4268709586526708,0.4683600440457231,0.35393462366323414,0.3826439341218369,0.5568884274565282,0.41018245036889245,0.4669490349054597,0.5725578723576222,0.46767512617579704,0.6059250720781585,0.6384544016151857,0.720791296281951,0.6104578137834158,0.6225110651777791,0.7420173657870632,0.7304713119988193,0.6687455907201364,0.6984219122607209,0.7113404946872992,0.7466679909531635,0.3214999538048068,0.8160882104435809
247,0.801605548244166,0.48199294137290294,0.6721540226127491,0.7992460309091153,0.63477153984943,0.659104726752604,0.6123539727460917,0.4777551607279569,0.5185448078960588,0.49310287410040887,0.5471185806604046,0.38556477682241175,0.4298937806665044,0.26138939009713674,0.5642078004853859,0.3169907590346388,0.47618120100114986,0.5650983822067115,0.33813361038189294,0.4683713756716628,0.5873190671809444,0.5926016028591612,0.8138935361713222,0.6012181220077653,0.8577994035363478,0.5273015463696806,0.8978525641169959,0.6063722883844536,0.555677684370826,0.6983520142026827,0.8791037537710134,0.7397274717216566,0.5778604004403025,0.28179984455440454,0.7437482774627395
248,0.7453345585775393,0.4682773039226186,0.7367186794368599,0.6032640537959921,0.5116407878396229,0.6692750789352484,0.5910834591280207,0.552770782028144,0.4183134019168733,0.45965557600004303,0.4201456270730475,0.3069981780674579,0.43115829894589863,0.35581328191059003,0.4933041288134534,0.4091820631421247,0.3924072976987823,0.5308115647639622,0.3588889489301462,0.5255882962343303,0.478765831908663,0.5819914454105934,0.7320231784092507,0.5278974830372819,0.6489292118090618,0.6604924329042967,0.7770481868604345,0.5423122236218397,0.6515882460635096,0.7748494815105222,0.785876023061544,0.7644939799385978,0.7006974834021399,0.3426530075424016,0.7411219560248763
249,0.7374745844929894,0.4045723758281746,0.536753799464325,0.6146313423187044,0.4088885364731787,0.6150876384236497,0.4266974790477278,0.5588896604993873,0.3538780502700106,0.6130810697286901,0.527101518597498,0.3361828502762195,0.3643770523929233,0.2815849059670652,0.46683439890708534,0.5271531206484015,0.3892189206698327,0.5710561254760551,0.32440907801356145,0.5578120639836887,0.5320749532342126,0.573629499525891,0.7107929603944245,0.5663979293265117,0.681312027446737,0.6768996231780707,0.5660585326703392,0.6523356861268359,0.630441538750798,0.8747936247486885,0.721760347735141,0.7302441470106384,0.6690771062396439,0.2908625491284693,0.7058025069048547
250,0.5510255126224917,0.41686064133864514,0.6261531452772118,0.543149874307655,0.42020610869464586,0.6099931450859748,0.6458360463786299,0.5722014611190267,0.3119626277126116,0.479387262258958,0.5032409330334207,0.2904737655285529,0.3882513582664186,0.2856371985798496,0.42980049806921694,0.36002836387801895,0.3890034515747,0.5321408942636463,0.31752161949156177,0.4684866473472792,0.5518583462367601,0.6404296782137011,0.541920870039601,0.6015345456307185,0.7343347663085245,0.5054686782593756,0.627869955152214,0.5000180582962674,0.48270501841155,0.5616557115538235,0.7261284878689086,0.6990872504552543,0.5713082244505937,0.23369798996419205,0.5293628835494787
251,0.6372009235645741,0.6037670475994024,0.7896466674350862,0.6525825107385586,0.5263944305213679,0.6271910212853589,0.4655400352519924,0.6263055710446765,0.3511498916019574,0.4377636014951474,0.5303815807702174,0.4077223314935049,0.33541348254091846,0.3574798740375049,0.4893782064074022,0.3070330011132941,0.3886643390615011,0.5781353996049606,0.343979279769584,0.452371252607245,0.7146953367398303,0.6073457230497059,0.6749492728553149,0.6410474554644775,0.6948452785171513,0.5076626701360535,0.8081677408271035,0.6452957221604964,0.7290307101529189,0.5478106472734339,0.7221737316962124,0.7699655384026163,0.706911060656924,0.2725122896513893,0.8730433433818607
252,0.5498914062061114,0.42236903744280074,0.7263687860200159,0.7280009416863042,0.5571506331768256,0.5743815581226153,0.6086003532194324,0.47137181615704565,0.3663291493230558,0.5227600035585307,0.48497660871103854,0.37114344237398894,0.40461216537059386,0.3842740539494672,0.4277425240706458,0.34041094320927967,0.3612648794251352,0.534790190454212,0.30760043378419005,0.4478040154967947,0.5183775152877236,0.5894807864752128,0.7129493504502256,0.596005574734046,0.7962842886960662,0.44143275510632235,0.49392822576797535,0.62879745373007,0.8324825744249869,0.791055869514349,0.7424710323773016,0.7570238184914255,0.702293639230215,0.27937483777609445,0.7582493796973655
253,0.6042255396553524,0.4988063655970659,0.6888001182988415,0.594731857361825,0.3291460266187639,0.7078127379994046,0.48568232576615333,0.5442387951264713,0.3898417835858901,0.5199884516689091,0.5456544142116778,0.3761800895860813,0.33762047022322494,0.28075892453601936,0.405180109330204,0.3118858581041656,0.41072314755869765,0.5256634479235613,0.23776229586845066,0.38484699821080165,0.6462938771552014,0.6064906195488662,0.7588398807452379,0.562074421868461,0.6393311149145593,0.4708137426594459,0.7814146994866362,0.6455359778845344,0.7749553407761768,0.6109337181508274,0.6700118385904855,0.6419588591520196,0.6338337062599573,0.29698956041855207,0.717235446394891
254,0.7242506749996396,0.5219698972271624,0.5450269563945438,0.6269196303043123,0.5349535347143495,0.4784051179967175,0.43788031296239394,0.5426675480650653,0.3582131475355843,0.5143766653587254,0.37841798959808237,0.3523917235219649,0.35213155632698656,0.2113797184883951,0.45317845715639166,0.2862588918259935,0.3455442857259412,0.45856991365015237,0.20112415332621253,0.4586680365408573,0.5515786882049785,0.6602269026129362,0.559923435567752,0.44420676706394524,0.7350383857419023,0.5374255257110294,0.7211031546958796,0.4786304209387503,0.5238607338274288,0.7251715966154153,0.790727343180518,0.8049168989926054,0.5849890975630194,0.33551666988194523,0.6105283445847094
255,0.559702026530996,0.48813234852928794,0.8626657504882664,0.6675299311175122,0.6111033861628554,0.556331134687756,0.47448397267127507,0.5550471155861106,0.3984849247636328,0.2870789319289855,0.5526493301105987,0.29652499266208426,0.3554599061036271,0.14055873550404735,0.5461156241798149,0.22366895141448542,0.4226837041829238,0.5015321798886528,0.22472312745037532,0.3222561650158704,0.5949951678142991,0.5591022924050508,0.49395045859234726,0.6286017583992158,0.8221513964534408,0.4430987347880154,0.8193180475613379,0.564235804435659,0.618511633599182,0.552414732276677,0.8689426215907581,0.8410319882679609,0.5815804156635843,0.2098840043614421,0.7151125378246702
256,0.5918047287729562,0.5721422369062754,0.6468843139234732,0.7974329220025598,0.5384002604200537,0.5612402678613456,0.44304913574772486,0.5922169591161223,0.39787383975139407,0.562092752479558,0.5118024072266336,0.29457151056306513,0.31976555857025213,0.3042957702288713,0.5641155077126557,0.3817394493907032,0.36087829969297625,0.551462054326155,0.2956576603995587,0.3413571696513872,0.6730902992194221,0.610981097647631,0.5333093303196857,0.5611440740134657,0.6783630685523532,0.3757243604076326,0.8287557476053691,0.48519232883267444,0.603829228101667,0.6945982490771421,0.7702328194594111,0.6129145475343796,0.6021195267217897,0.2513598914265118,0.7529635854109433
257,0.6966354159613608,0.49713808582616725,0.626082422418153,0.5925037148393889,0.5882011546627556,0.607334865809498,0.46537900027354095,0.5481140619875973,0.3406925419466884,0.5714982341268868,0.46159235249011477,0.38725220401625426,0.30718777272518527,0.3349969218308805,0.43478776990722257,0.4752143322293998,0.33303619457001266,0.5288452714182003,0.36658411944555214,0.46423212327434216,0.5858846034657885,0.7056535543431335,0.5191087117821926,0.6237460564877434,0.7476065960518041,0.46292288866540743,0.8019329530681883,0.41344634221240517,0.7849364187951917,0.818498623854766,0.7752071164434093,0.7599266001913969,0.5756063979448819,0.2843524764899096,0.7671163798378025
258,0.6078569581626705,0.46092324703306453,0.6930232876160209,0.6969974038132869,0.4589159841270781,0.6253132466582831,0.45090661949369193,0.5271053673650561,0.3467749602233123,0.4834461064046558,0.5337587433334412,0.31183324501955834,0.3358153418588528,0.43064985901554975,0.5075558144288812,0.2847680037592525,0.37973885748624603,0.4631283252830758,0.3328494553878103,0.3593494675475959,0.571683445742444,0.5081655001055265,0.5947841248793808,0.5962754674868924,0.6073915318917168,0.421818259034365,0.6535918753094229,0.5485177030102029,0.7082008069386674,0.5388007978492817,0.7864841375041491,0.7245390312998662,0.638271729737945,0.20950953029448383,0.6572511637947157
259,0.6458276550493759,0.5452498689179912,0.6812443576975507,0.7457520327504771,0.45233836982043074,0.610987920790504,0.5515660023654547,0.43770756751410456,0.35618916963136593,0.5759129136243952,0.5824717069829431,0.33347648262955415,0.41774948946308077,0.41953423242624344,0.4712132213335685,0.2962678117813414,0.28014489566338824,0.5093046766221009,0.3779365991512113,0.30870967256079884,0.4845796891359986,0.6952275571948565,0.5891067928656373,0.5736946838109563,0.7366073939349562,0.4356448380266156,0.6411509297644609,0.6620952900973548,0.7660190271039826,0.5186948990919351,0.7087564839727756,0.7649080024121979,0.795872153104032,0.24509334898830218,0.839821868984947
260,0.6371582599249362,0.40576238417660626,0.6526174586761093,0.5304146990173289,0.510292672151354,0.6109039020149409,0.5511900222223536,0.4408122003082762,0.33814488366556317,0.4871413123947429,0.5266422222491451,0.3135515021299552,0.387796891989468,0.28381225339648275,0.39073666970092724,0.33013722733596307,0.28882553142149636,0.5888986610705238,0.37919280919830556,0.40920453798864925,0.5408681818081962,0.4363934189216675,0.516925917154048,0.5523745262141683,0.6298479778348738,0.46123313629114904,0.6148633147253756,0.5074185982088422,0.658644335342021,0.6217596581811901,0.6577802920976489,0.5512718486749666,0.6974563433113514,0.30129836210735506,0.6826393692391276
261,0.5799298741996848,0.6152010755329347,0.7487350621330706,0.6176979650272727,0.5972978921707298,0.5978433487853847,0.5764175738610082,0.5087963158834488,0.28613371830599976,0.44794487680204464,0.5912003834310566,0.3855395385239638,0.4277333741368882,0.3930242955624049,0.46818894559654056,0.33505300192248877,0.34103780549786933,0.5464813618868818,0.3424661724340198,0.448000494962992,0.5585480428063246,0.6471351101400427,0.6034224206821521,0.7413251055761126,0.723378447857981,0.41623133957957914,0.7949241816919084,0.5505177422540645,0.7486015479489698,0.600406421556512,0.7593747913720551,0.654946215827334,0.7818463877290562,0.2989701445878026,0.6935430235711573
262,0.756917941112018,0.6015004209882826,0.6757326611603665,0.671724014959787,0.512197037826575,0.420250564552645,0.5267291300497914,0.5841931259214826,0.4186857296027403,0.5620593420379864,0.5142809232566483,0.410485114503067,0.3451577863320461,0.4277828706471989,0.49185409887021814,0.37391151480776047,0.357258299740068,0.5191948650302929,0.31976370859223086,0.35441860041459583,0.6875404211355371,0.6581888244440892,0.5325816841864642,0.5030860158150491,0.7005626398621542,0.39356584825491325,0.7443722322855801,0.43920322556877617,0.6838278300527681,0.6805872180833066,0.8832779537160671,0.6710311445598796,0.6568280095071579,0.29117306613369487,0.6557795775074561
263,0.6516936574646417,0.5162956513311051,0.5401246386622645,0.5972638081846967,0.46151693399121724,0.5174776172818852,0.42636011791741923,0.49969456744031754,0.43966504707424153,0.49270788446208763,0.48741436000276606,0.3403844052604397,0.36514368618498244,0.3048398469782795,0.41120706678586516,0.34393687664328615,0.2976230611034788,0.6293578824603814,0.37229245750242757,0.37485726252826423,0.59448496710342,0.5432881641437666,0.45677799549156894,0.6087791668602518,0.610032636364523,0.41740837865855335,0.632694344976725,0.5411753675984614,0.6848273883959582,0.7174174565189748,0.6693253855397878,0.7111951137639505,0.7317648066363251,0.308820888268311,0.640555123493015
264,0.5743347098518884,0.5000558971403833,0.7718209056771288,0.6624382287452448,0.6910687377023144,0.7106653748530787,0.4176178927720349,0.5380276103710613,0.46781200919376364,0.4575160764184171,0.6313119379421293,0.4552149260819187,0.35750452949855205,0.3346678324022501,0.5262483815365713,0.36052469517385405,0.32546267489251407,0.5392516575516875,0.36950068266907543,0.39797114860528277,0.6233342250500873,0.5395640131019293,0.4911422969199858,0.6956784821913468,0.5830239842553698,0.40456296036735345,0.6787331865433213,0.501223429078972,0.6814865691120346,0.5289012149691021,0.7868280768819411,0.6585192229601594,0.8499279160994871,0.20337049303159493,0.7939464705919232
265,0.7214861348283083,0.5399283742603506,0.7007301587875978,0.6850436360326639,0.5225043283599666,0.5070277084880621,0.49121186760196334,0.4382853480036233,0.3765913469347402,0.5584120032381388,0.6672035351038039,0.3359083497408253,0.32775408906615566,0.41180468321628205,0.42006551784907054,0.29982625939017415,0.3231455113073138,0.4947879801981502,0.39907257005731855,0.4276314417132674,0.5756457702712123,0.6234700530330679,0.6380620796072523,0.6551872383031409,0.7480167590595079,0.48549609882758826,0.7618595566466003,0.46708018597967016,0.5941358176832681,0.727606140915978,0.8294857220318232,0.7264784388058495,0.8010976123288407,0.3194196018054584,0.7781963434991198
266,0.7054798909219893,0.6184264867161094,0.8347180332683315,0.586230079012536,0.5222431683790536,0.4891382841708118,0.5182814047594586,0.4911486754211926,0.4076599335477015,0.6451110074806663,0.48781708599667417,0.3905424974578677,0.35951136709253095,0.3278100643842699,0.5659452021966889,0.3659115418725263,0.33859797885031506,0.575191529324873,0.3188016669599298,0.4473762365977901,0.6210767664174388,0.6364102487833073,0.6269073560654919,0.556203152664234,0.7789944693231703,0.4682512633321074,0.7356247092457397,0.529710642084818,0.6592550903601251,0.7079215447027954,0.7896973508235486,0.7585343127253801,0.7721684959790984,0.31639406191749053,0.7339205713646938
267,0.5829461828547563,0.550857769119474,0.5037817148957606,0.7597456564831845,0.5553562643714309,0.5623429086094909,0.4950583097478284,0.532471897038747,0.416541250869608,0.5192806802167024,0.43500086513604946,0.40343417797509884,0.40219849019863857,0.29072049651035897,0.513889950201212,0.3341949056414238,0.3651656502979321,0.530163308254058,0.30947812398685876,0.36029871858568874,0.6037123129460014,0.7030469202496155,0.5562656916795565,0.581934510493702,0.5439302016197374,0.4284222602775573,0.6515581817931726,0.5838429345012659,0.6439821054638077,0.7101073239471053,0.8255653846886322,0.7634110044663829,0.8106443213804438,0.2709095291616273,0.6676114549836785
268,0.6671143371128314,0.6113237328105133,0.6983544330978914,0.5655870878213727,0.41691853635608933,0.544183083946495,0.5783305555888238,0.4787311556091319,0.3191164828256349,0.4802960359734927,0.5442173654060473,0.33828354387206355,0.4851650822065928,0.35611714050315935,0.33056640715645436,0.40441987258083406,0.34574122083971615,0.6901179641785214,0.30437560403615577,0.4018718636627922,0.534428756855647,0.6792217023046736,0.6718257040456259,0.5431530198145746,0.5264878322067923,0.48571771639092653,0.8003147257952635,0.5851576949822379,0.664178560437582,0.6797067672490518,0.8036896060263359,0.8121604667026293,0.7878245294809425,0.27009995683630483,0.7113812721062802
269,0.8626752233430003,0.5843135701105575,0.6776689719631206,0.7635921300542194,0.5899966289327261,0.5556326829394905,0.47411450557996027,0.3767925841507024,0.4204598059090837,0.577094897596802,0.6120208446226618,0.34648715537408153,0.3715235435322669,0.3082854442169083,0.39950701868809163,0.4619884735213413,0.32899798063355234,0.5498803560788117,0.3294621102651062,0.4211669238459902,0.5808607886673707,0.7119503740549493,0.5952173142353847,0.6751976815401719,0.6474475303571838,0.49912456955930645,0.6306230299810975,0.5724515170789701,0.8040318905344613,0.6853780708205495,0.8391121479948886,0.6210957633060943,0.711733803926591,0.23583894621796075,0.8226014246462984
270,0.8390115909190328,0.5240286153733699,0.6939663374102933,0.6651825492690563,0.4457857018391256,0.6358551947723798,0.486847819691638,0.5196313536870363,0.3541132075931721,0.5142652315580665,0.5960995818696533,0.34465948936572044,0.27436292403053775,0.35318490024425175,0.3907729952970738,0.3895878412758724,0.2986008738211777,0.6865916004993518,0.3916008195420608,0.42590461349153586,0.4822704336531849,0.6524248991045432,0.5100080081290753,0.602590369787802,0.6136473546341346,0.49425518470943,0.8074205909770394,0.557914295299357,0.614376807411339,0.5726643249431387,0.7889629507608473,0.663327064583043,0.6223868954707575,0.3493572677369318,0.6770025300344469
271,0.6729917045978326,0.52799304195102,0.7303396231775601,0.7034303326730911,0.4863353682310795,0.49591197863060654,0.5042210401587346,0.46765583141681244,0.3975141069456354,0.5832408658321402,0.5191348057573576,0.376139427939437,0.29319207905762196,0.3601241612727201,0.4393024785597052,0.4553632642543633,0.40922167833260725,0.5870090408797952,0.3341729646042193,0.33889965656474774,0.5503406747315248,0.4816519809715396,0.6032411875295904,0.6122212389759795,0.7325024706290181,0.5709271273443843,0.692484192633835,0.47155935199170396,0.6625393354048414,0.7406903858488616,0.8029730466242795,0.6713994306556706,0.7899008623745256,0.29390049500199894,0.6036381484275063
272,0.7632910800870332,0.45134526878741216,0.7310788838176354,0.6774687767290613,0.6115065765082444,0.48658506508573746,0.6178127115664521,0.5474791362379281,0.41255316697468924,0.551051579205944,0.5865475636264543,0.39784235549137553,0.3653140348587216,0.365615126031355,0.3743888860565513,0.3972965897066144,0.30681233187028156,0.5810441707254463,0.38500974533181354,0.2968868274812946,0.6315993114760852,0.637742409124713,0.6528584208981023,0.5460995409846101,0.6867537826641813,0.45747282055572897,0.702076146955734,0.66192571703112,0.6110624206241243,0.6988824434810781,0.8350028317712468,0.6581467266263974,0.6730861888600927,0.2798710516143321,0.7756718120944412
273,0.4630661112893807,0.6056603502036941,0.501687325883681,0.7270005281408654,0.5410480478844493,0.5938205018008729,0.5957116591171049,0.540662796502987,0.43103350502524623,0.477644540346786,0.48528245245409635,0.3795415476807307,0.38983912748365,0.3786497788156564,0.45357908316206785,0.28106591804881564,0.377640355779863,0.6169373387768975,0.32550036830581097,0.39918075188690183,0.6214015934662309,0.488907385450738,0.6799521024558772,0.5822706798391888,0.733649164642088,0.46563772240305495,0.6732828544579611,0.5403372224296557,0.5558759674862161,0.5643790949662714,0.8134258116601673,0.7812557297110883,0.730818013432345,0.2757262395711537,0.6188268459217903
274,0.6493066041713622,0.5459457971881658,0.5328592410051332,0.6803345679382736,0.5162063573315564,0.6067743504782508,0.642815495546023,0.4736779974462416,0.3537100757370614,0.4609509989804073,0.5525137976271335,0.369680235042665,0.3941378240536882,0.34268824249427476,0.39247830384345067,0.4208177784290934,0.4084831788232716,0.6849153688550189,0.3067841446444319,0.3205947139971552,0.4356946966194585,0.5723501578718322,0.7909165573403285,0.5409420298922887,0.6872187462245043,0.4854114304627095,0.6891216440455626,0.7453693103890476,0.6245194028547658,0.6336266964045327,0.7931347538311564,0.7756947744094072,0.9027199937143364,0.2946558954427789,0.7778166141675857
275,0.7870399156025123,0.5266925147249828,0.7413730501433393,0.6569825449232187,0.46516755933474085,0.5782743503544888,0.6442033047634419,0.4387902953467417,0.3574811979265,0.5458677454912326,0.5498581434399317,0.41507695175796033,0.3960221454570393,0.4211996548234793,0.4072299498390076,0.3866250377290572,0.46337028086895016,0.6469337654355335,0.36607561373452463,0.4152981806787919,0.6657424199281305,0.7286289653504878,0.5862704046590791,0.6291547037152088,0.6959182608601782,0.5618493557428432,0.8015813959512433,0.6668388490620427,0.605711636452981,0.7662141676260832,0.8619252899912262,0.7842517271759443,0.8523035860081293,0.33397806015784237,0.6678604967435261
276,0.674468144645598,0.5011277888700469,0.6512493612546715,0.633851721129425,0.44109062184680947,0.5406556822739901,0.6741806812458893,0.4717657725350446,0.38566752118432257,0.4702331509914164,0.40958204141246457,0.3761599108363624,0.38721760003156125,0.3823628847291052,0.4331525337574662,0.4586357109409148,0.4372435066454237,0.6810559573218024,0.2540793254320747,0.3079701024881676,0.3750933551725836,0.5283895480110445,0.5606405651876523,0.49328688811300525,0.5692999224633013,0.5924298633483572,0.6230487239847783,0.5629300700384701,0.5265022020914936,0.6642562382508022,0.8644341237529316,0.8431603284193947,0.8520739035113416,0.24574028543793103,0.6848925955722784
277,0.8178525648182027,0.5205428302226848,0.5926362347790831,0.5989011530869667,0.4543935118885406,0.5406308779053033,0.5226921061991983,0.4024270849944759,0.26900048762213186,0.5321153851002816,0.5546266144210343,0.3272698985643578,0.3898613670554786,0.38654688259029746,0.3322940316244493,0.3616058571226833,0.3862517079535952,0.5750762825682687,0.35986378601743924,0.3372473049309199,0.43653624954738346,0.5374577981076427,0.5842126441958616,0.7490846752754069,0.6360116986942004,0.5682702837025377,0.7463991821633632,0.6362773288713601,0.7478591001127665,0.6003327287844242,0.7751070060229999,0.6284495146654899,0.8312844448947108,0.3054658607643256,0.6780964139148491
278,0.7003475439396711,0.4974190038223708,0.7613195155120747,0.5448414316421482,0.5246897392313268,0.3496024952553272,0.5429537560951201,0.37012877500000774,0.30991243865752666,0.5498626481942025,0.5431520417393909,0.31635794023136543,0.3429704815758977,0.2941236293430876,0.44975122331378775,0.3766288836113618,0.33367234828554604,0.6041402703941441,0.2675228408223175,0.4656660887618097,0.5168078760137852,0.5596980941664642,0.6118076851265035,0.6260515892697804,0.5683660389132155,0.5603043836463206,0.6677582965504819,0.6207724307704229,0.6752665712633914,0.7698123531900971,0.7329277195161059,0.7491357060336541,0.6286362280134108,0.2924296706865911,0.6816956469350228
279,0.6477074229291165,0.4879783480379256,0.7415634693171615,0.6189844330576671,0.5771619873084611,0.4425909195999085,0.43440520537917293,0.36877898102352563,0.372518468723364,0.4858754383053269,0.560303681505213,0.31753726020662054,0.3557515274920702,0.33558331400596736,0.3736294569360613,0.4316787514601598,0.3532899706183339,0.48333743834304455,0.2944993475683272,0.40880901626989896,0.37864948983208985,0.4811175813788018,0.5966704736769862,0.6040392551513403,0.5866569472593554,0.5066009902630573,0.5894891538867506,0.6713686026954446,0.6874968630783491,0.6780563590159732,0.6701813971614619,0.5824862907686228,0.633538153455619,0.25948078729570334,0.648435858347313
280,0.8624238119709504,0.49224568443210936,0.6048260553458331,0.4792940763697016,0.4780882521471682,0.3809005569527637,0.4553313839632099,0.4472916936778587,0.2973451579714692,0.6013728845548206,0.522528358287105,0.29808084493209897,0.28800659185661903,0.2682809851874705,0.28910464674869985,0.44906256809288564,0.3579581051920394,0.4350080258938257,0.45739004966667585,0.32900350567520886,0.36789279488363413,0.521539797933104,0.43979432382851635,0.6785126492154023,0.6395666221105308,0.49617066838446333,0.7266720508145922,0.5030276777229219,0.7333428390039203,0.7600087508726585,0.6487609213389878,0.6540123752506057,0.6721743900236536,0.24839565252999246,0.6923886927089677
281,0.7162806193383827,0.4691651722827553,0.7371130982139025,0.825149657341647,0.5474309347861293,0.5910075765942278,0.5507700366957066,0.3711966485874328,0.38046872665587583,0.4607989689439555,0.5944023718415552,0.3116879525536058,0.3627201834277445,0.3048680787583838,0.4757090350240437,0.3853977154088205,0.30784439138443087,0.5790656891931714,0.3663411117323402,0.2961637763465519,0.49833344630455306,0.5226129095052947,0.7149894930918937,0.6823174514640669,0.7558823387097329,0.5672919352332366,0.5402850318517414,0.5961363113363101,0.6419662375556178,0.6259851581176481,0.7640988842763241,0.5541852441763266,0.6979486019106467,0.27437258913519535,0.6190697480449827
282,0.8548425081520405,0.583936135178144,0.5984205356671687,0.7515184773429409,0.5611323197442436,0.6619514796637542,0.6930528567244492,0.5530296918055727,0.4183505093954564,0.6591373419562361,0.4286036044272836,0.355339433331604,0.41222863862681625,0.2390868058052505,0.41409841041202883,0.5162686928415177,0.35549855099438427,0.5900636025274555,0.3358307911044539,0.45336807596709827,0.5138437493554229,0.6456133920306977,0.5704794140446006,0.5237982654954062,0.7959683648153975,0.6953117753071434,0.8758843013002767,0.7494801921285845,0.5658566293646088,0.7659958949026879,0.8269171872979522,0.9471153554894732,0.7069239324166832,0.2858538286700097,0.6024049969837157
283,0.6295497306510982,0.5412629489670732,0.669929672402441,0.6815774693775822,0.5402842414005049,0.4219517116064927,0.5728754118012589,0.4614660863010709,0.39812455405915415,0.501887832826296,0.4942461655603015,0.23728549736085663,0.3822950572569742,0.35468445893270667,0.34057398703762587,0.37787697271047993,0.23957899527381343,0.5914411256900667,0.35873389970772807,0.2564052762080509,0.4430614911376772,0.6243885564732609,0.6452973761233106,0.5611801656183175,0.6934519623854672,0.5463867415170692,0.6721726362112486,0.48246832481435536,0.6403633240260147,0.7932704651326513,0.6081466505132902,0.6259315044927534,0.7103687949756897,0.2509572771436063,0.6825562665136833
284,0.6248866830691813,0.6671073886963264,0.7895469913569205,0.5827739460628589,0.501828207201987,0.40092487392481047,0.5214047734859,0.553581303722451,0.37251654854830585,0.46994745983114716,0.3598878032117816,0.42819582999460054,0.3813759699081385,0.26955624389163446,0.38342742689931886,0.38060203457677044,0.39365135323130696,0.4954076079009759,0.39410853061298917,0.3698478265062792,0.4139720625664499,0.729610402966624,0.5775487020514254,0.568815374584553,0.6708193430593448,0.4812522390033202,0.7694309001692357,0.5366808519999926,0.5948455416622952,0.5783899573821107,0.6347867657445567,0.9329984674880146,0.698706251481514,0.2996690184658135,0.709785918600691
285,0.7111392691292969,0.5552504498087374,0.5584523527085137,0.7092364408095368,0.5069725508739934,0.48038359803038766,0.49365300014588154,0.44566724097475074,0.360048870966837,0.5524169179936038,0.377326004917517,0.33912479918606064,0.3735919990597414,0.23070494962590557,0.5100802851340471,0.33904742791633424,0.4007182191033951,0.4783880929817901,0.28911896748075366,0.38335348223885757,0.5196499573959235,0.4988591258587223,0.45279259433130514,0.4664316701774619,0.7126461589085759,0.44274709133044027,0.714432651578482,0.5967883580195849,0.548780438603113,0.6983395326739856,0.7955625957190953,0.7309580437447647,0.6192183336099795,0.23495008807078027,0.553760504738015
286,0.6655834448465616,0.5545455588465066,0.5969018950063475,0.6617718878327072,0.5605007385477442,0.23499031344613294,0.38094287277807787,0.4276081123734443,0.3337728532972035,0.5426720773015984,0.3759108999480636,0.34532568695197463,0.31606457648950004,0.3542712953505315,0.3436651683522087,0.33570856360944035,0.3169035791111795,0.4231465854199507,0.399217773338554,0.33680088248561957,0.3995149325958807,0.41913735605518493,0.4408298906372863,0.5431888589064399,0.6133420500533968,0.5417945325636836,0.7889441982140415,0.41321784922142407,0.8215572632476325,0.6335385988757587,0.6620505205505413,0.7653609391724012,0.6055904930119074,0.2546609451448605,0.6984019338154249
287,0.5992721126706341,0.528666718991131,0.8056138253153257,0.7714615903192134,0.5945570088478198,0.5297010365264582,0.4722738995176048,0.49112373831157496,0.42848119643138527,0.5959396885911701,0.4846179830100621,0.35010727146252396,0.36541242635826743,0.2951944529299988,0.43376920821863274,0.413376459686957,0.5191738701256545,0.5848397929385604,0.41212149369354745,0.3980254993034956,0.45327387784838746,0.4686754491565535,0.564701946927384,0.6394638458710079,0.7991139645877091,0.5124646178146847,0.6867676113777857,0.6624746719345288,0.6315603000204221,0.7372867665254588,0.8246179590314426,0.6631152191700735,0.760211846153956,0.2787796211349298,0.8480473269254409
288,0.6112870495065059,0.5898247045117496,0.6869106209016178,0.6559643401882149,0.5428664921312492,0.4710049622003204,0.6584618152477262,0.4101304901095406,0.3589598551041594,0.5657286582436727,0.4891784747743177,0.34964340360797364,0.34185617656696576,0.3562069726272277,0.3733595217521801,0.3902422271638828,0.3172334273768558,0.5559461571877098,0.3590758773324933,0.36695865191835686,0.5335431538884338,0.4285121280072161,0.4528826217810274,0.6238000671849642,0.614073369017303,0.4984125735966227,0.5773958373510906,0.6280957821148434,0.6605313733660021,0.6921639923395176,0.7308658203496425,0.6946709603402891,0.7126504525484398,0.28499841988187297,0.7457386347956061
289,0.7126774321095857,0.55748884795176,0.8313210786884411,0.6758997870248866,0.45944393317961907,0.46739929762121757,0.552708057112823,0.5231456463851356,0.4045981151948014,0.5737890295801032,0.5670678287727551,0.2913386169906984,0.3305634342940204,0.37716618680058234,0.3255705936552191,0.40815438223076594,0.3159277895861427,0.464424002614988,0.35965537607428694,0.35123281414897256,0.5662071762711987,0.5526847704218876,0.5505342740162071,0.7149282079380046,0.7262942721280836,0.547384157721579,0.7076850856179493,0.5277602971801867,0.7351654982608353,0.7356356792441051,0.8046584753082018,0.7575963159047595,0.5497186557044299,0.2649202188337737,0.7945451517764934
290,0.744265192871232,0.5860802156122699,0.7369730114499518,0.5864302061283786,0.5900629831008207,0.47488863126174485,0.6268149091961959,0.5307127747122685,0.342196626635046,0.5075918327933603,0.5809009190117259,0.3620213461815829,0.4460938107203399,0.341301471805711,0.39388459949634175,0.32207273499861866,0.3666947043582808,0.6947463199018973,0.314796784343658,0.41507686511683095,0.49532729057237856,0.5954069760783981,0.6726703758295804,0.6694321541172367,0.5824336913369502,0.44655765137699766,0.7089863805216678,0.5328519819940221,0.5216885170142211,0.7620633764183302,0.5340869506521727,0.7302246274993235,0.6520267498505865,0.3415322175079586,0.7320532076749279
291,0.7211964338298256,0.5669558063777462,0.6520072790319742,0.6665061088388374,0.47408136019061276,0.4739649631884172,0.47350282439884256,0.6297693282090837,0.29309505757143733,0.5726111193073022,0.4979414039643465,0.4402727020665702,0.3479225584677392,0.32262067001800177,0.3880135029791048,0.43476760023781,0.4160437713039121,0.5945987634560264,0.24539847144025298,0.38115952740728243,0.39914460507548793,0.6399914905234337,0.5020664025988432,0.5065578115045637,0.7497547811666244,0.5035727182924719,0.8308125483437394,0.5374418742606331,0.5187188879996106,0.7087027017104383,0.8287469390608737,0.8376596741893215,0.6101640682461542,0.30574785609601585,0.6972307153177721
292,0.7245722957976773,0.43808675250586143,0.5954652509694749,0.7171675293651245,0.5832579303461403,0.5058449848144709,0.6903871920760662,0.5026388090399403,0.4089417862921192,0.48780410984404526,0.49204830560642693,0.3432497424665626,0.47104733520298697,0.2979909569735013,0.23610298409960287,0.3654583275960607,0.3900793182545197,0.6937276313218943,0.29637154714288805,0.32173158007985636,0.5823091412411157,0.535798811735483,0.6231220066223302,0.5782367332183693,0.7334972290453133,0.4608274413018564,0.6421114184134459,0.6383689169460441,0.40573590060191245,0.6499722863256364,0.7275618342397551,0.8987961052944937,0.7325608466847262,0.27440781578355156,0.6254454846695906
293,0.5904699798259812,0.6439959524375176,0.6732270338807951,0.833550214180915,0.5710315877957846,0.36829141657819653,0.5777244850951948,0.5319284065951508,0.33707481207631174,0.6159955939546342,0.6314627698883299,0.34083397235188534,0.324778161583075,0.3701787360129296,0.3190751434301734,0.3432578560450201,0.41694876772684303,0.4769884538005684,0.34716405346000373,0.3772250476165334,0.626031022824825,0.5266778517728663,0.44466794766442697,0.6862472488708538,0.8573384557338738,0.5102987228790736,0.6676304704904708,0.4481648741051521,0.49275598073994753,0.6426990461028054,0.8239492193771147,0.812308085124469,0.6342001474002472,0.29992552944884476,0.6598608787806313
294,0.846316868702541,0.5144522280929911,0.5999071534344922,0.606736293124188,0.5384923922230743,0.349503174828335,0.5664675904984966,0.5591363138013554,0.26080020212718347,0.6165097777577695,0.522234461784505,0.36221987209996376,0.30780854683321474,0.34939611333821974,0.3163673123726598,0.3540909809965251,0.3594487896409211,0.5733033540257257,0.36185176912764083,0.40478000933985,0.4673002434427172,0.5237712211579446,0.32789380908643384,0.6893586295983949,0.63238892254785,0.5754402250968951,0.6574580876675395,0.5323511711200246,0.5755092526041896,0.6313515492861761,0.6463073845378592,0.6897406370103418,0.6136468113791553,0.34348134858172485,0.6075260971135755
295,0.6112194111632953,0.5806646216323776,0.765674590122319,0.6567656083914746,0.5792604516489799,0.5458333391578728,0.4948391081436464,0.5493888637781986,0.30393718843488254,0.5935671747406708,0.5774528018495876,0.2889768566715956,0.3613628918648165,0.3649960851470483,0.35477588810449134,0.37953426494232484,0.3567311840232574,0.47304617584974595,0.3836518177854439,0.39402919829839944,0.5169458283585784,0.5356026769526521,0.46971156180015605,0.6440844147619744,0.6143917110906914,0.46286216711459244,0.80182673005486,0.5315276486629807,0.6430160321015439,0.6380230526071777,0.8290827775476495,0.7315008615216969,0.624213283626472,0.24013480760857292,0.6886561247474422
296,0.49210401919650804,0.5827129058697127,0.8704979787917428,0.6355979741905038,0.41255677398913215,0.4570789688243567,0.6098838344071384,0.48029082561435477,0.33174036075386937,0.49363728347565083,0.6145098013038799,0.3205815612170565,0.417327019313565,0.3734228378167508,0.37248425400839996,0.3786004805040586,0.380511070544531,0.528163672645358,0.45505195452339564,0.387943415783001,0.4624179981851503,0.357552499553047,0.5445017097930704,0.5520482256271977,0.6822829681788556,0.4620228844763243,0.6166300258000974,0.5216893034938928,0.7971921778801666,0.6330894441860517,0.8219659296424692,0.7192796122694208,0.7379595322280275,0.3037910144337214,0.6004804308569154
297,0.7062359284539348,0.5761955931143394,0.7399064386368599,0.6344307889488816,0.5256931684364026,0.49283200699898677,0.5528870614140362,0.4493785506647773,0.2946208886460127,0.5426629547256194,0.6451203361567581,0.3068010655968258,0.3324328587595287,0.5598187246824735,0.20241138290887714,0.4128264534361055,0.43996521032147323,0.5152297394117344,0.4868598112788747,0.42632663539425575,0.42837416949946744,0.4491893592215014,0.4578877567995614,0.6905826125230802,0.6690932830381922,0.4755670304648831,0.7183414411464921,0.5662927609223913,0.5938105764494611,0.738360696965269,0.8632745357201473,0.6027308895134433,0.7012003862385612,0.3031504414216201,0.7396985877675323
298,0.5014286719134831,0.4877989346620657,0.5242321957944731,0.6155056696773555,0.4523687856779368,0.439250089548312,0.6530286984141009,0.41473612355050365,0.3719584713368339,0.5006558265510261,0.439217415661294,0.3273194174334774,0.3640997621639218,0.46005843427130966,0.07499919516953725,0.4010306851681936,0.3470417091358864,0.6005092381896446,0.3804923131385968,0.38464532131660845,0.4041289221043492,0.4566365818921315,0.4359739653809055,0.5534750410345091,0.7646591800397213,0.4904880762973431,0.5435098677551068,0.5902445152027836,0.6629344131207365,0.7036807851136755,0.7372310897300353,0.6427350013890977,0.7793854409915804,0.219708836799587,0.5516194114092678
299,0.6445860488349858,0.5910098345057699,0.7328313382947788,0.6400775872367277,0.46931559851568616,0.42268675406427225,0.5302583721352456,0.45184638813983896,0.28980197152805925,0.5708506110482217,0.5249650882564179,0.35288449654053133,0.4038856869217602,0.36828299490421934,0.1778385697728377,0.31697222445928896,0.39026518145322836,0.44778387118392643,0.4205628943367469,0.3377709189582858,0.4007981975245167,0.5799024355276768,0.44210416937938213,0.6157791028095899,0.5582429290486045,0.5182945139043884,0.6962053509570747,0.5264229166149024,0.6856116674806597,0.6781945655649061,0.7354188016936465,0.6611297625958292,0.7631728594196656,0.20789110824235663,0.5847719942396423
300,0.6724143022755729,0.6443798612699517,0.9414983798978389,0.7814614248634248,0.6003770880251627,0.49452110597593213,0.542744368975227,0.47807102834779347,0.4226787717445919,0.6711732124333691,0.5620847789923709,0.35200861952556245,0.3627907902307313,0.36806728051948534,0.33448321101146805,0.42388696651284885,0.4479705718013325,0.5012236665865085,0.4440112357035214,0.5568340065862252,0.5380362735878834,0.4683381308468215,0.4784154465813729,0.7692581850091332,0.8204776464367651,0.690096945304017,0.678330378000241,0.6461766023016691,0.7255378028839915,0.7269042119850844,0.8682036882478483,0.706613968548241,0.8585887389449568,0.3438658446141075,0.5854868744894068
301,0.5827943966399505,0.48636375246880004,0.680723507187342,0.7955207555307005,0.5579355209379776,0.5322392447322268,0.6226763575380406,0.4862474014066991,0.4237052447848919,0.46041899390829777,0.4294849179147373,0.36997960789869716,0.34276430095482985,0.40280144722277045,0.20734451053883937,0.3450917529175587,0.47127322172819497,0.558077631191735,0.4531641142066437,0.49114683394550646,0.5638540648786199,0.49989991707481884,0.5123751313909337,0.6353236669214872,0.7533193519149817,0.47874969976917797,0.6934622649500413,0.5649917161423713,0.6445866551556244,0.7578607459749608,0.8089853784466909,0.809694096622598,0.7418852137464496,0.2529378213174587,0.498349533987438
302,0.637472490550373,0.5155038528199108,0.5207948666673432,0.7269361507954732,0.5496892256213702,0.5725209782483294,0.5160233224331247,0.5367728733461868,0.3705295290312999,0.579899555984012,0.5357643977417232,0.25938177999803746,0.3391876551426118,0.33812585733708966,0.2543613519432256,0.3026191222449976,0.43348669642474186,0.605164802072141,0.30123426185728247,0.3663436358196469,0.6057163837246831,0.5843900871344174,0.5573646377096377,0.5411521084719517,0.7658798017312046,0.531135288964147,0.5915427676269809,0.674001138885354,0.4873032393788115,0.6177256965331346,0.8803789069696392,0.6844081752269894,0.7253008739056628,0.2947157793759735,0.5940872846895642
303,0.744454604034297,0.646331319215701,0.8108630233509297,0.7623601622063223,0.5805799629149158,0.5548381556474509,0.511230974745385,0.4836848897465989,0.4409134550084441,0.5486411866055578,0.5489722794857775,0.3444296627262285,0.30192842091540617,0.4013476997873003,0.3960192086322821,0.36004648915879334,0.4676640298422472,0.5932560461214864,0.3671955337651544,0.4813995204958306,0.5576521518265755,0.45078573841444486,0.4950109788169851,0.6548475307001926,0.7926874044815608,0.6040461108976457,0.7698909476226057,0.6652410449182724,0.6283156908900212,0.7371504618078304,0.871886702358057,0.6221159617141121,0.8478665234827027,0.2965364649261667,0.6986681096431003
304,0.6233251066297694,0.6196527650753592,0.7464121942687374,0.5682324288308821,0.4639253997956052,0.5023914958321308,0.5886981329638058,0.5456386659539443,0.2501476715113169,0.5289533714043066,0.5874705413423121,0.35330024752071176,0.38100474083793306,0.37652940081081765,0.3521428101474841,0.3629302071163361,0.3769710542864868,0.551797881375752,0.41146924801062845,0.4833511145271084,0.370253242495995,0.48523835251453207,0.6400944407226755,0.6277259971106374,0.49363248194275927,0.5585772644305174,0.6526797803671978,0.5925194656866235,0.5335869673397964,0.7383470304466547,0.6045668270873958,0.7015268569129531,0.7534487000425203,0.2702822852329487,0.6769752602667685
305,0.7948736967722615,0.4430638543714107,0.8201397101750313,0.6354417412736577,0.5807127154300734,0.5033927513596798,0.4554613635452903,0.3433958250093909,0.41126256442877085,0.5897992876553062,0.6363691251053011,0.21640827529444964,0.3067310159165306,0.43423053443867593,0.3231234596543147,0.4222221687211705,0.3551595263024301,0.5187601444089311,0.43407738509051275,0.45471476236652053,0.5695160272263893,0.3979437143583183,0.5196553713088714,0.62124942156141,0.7543447305078006,0.6292340871158026,0.5496489413826948,0.591328758135268,0.5927062006931031,0.8634383842860434,0.8018860196841622,0.5935951594362106,0.6598836772788615,0.3070888503386159,0.6694671370917439
306,0.6559903867034726,0.6385481220530113,0.6552529960853102,0.8396322822871702,0.5812100180331955,0.678022324571292,0.5787347130975862,0.49101398616755315,0.38129257770222647,0.5256362435245727,0.34014164535211167,0.3231719968782777,0.3917415109467134,0.34751516472036115,0.41666619254847836,0.3044384048931662,0.4759459768361382,0.6118440071683566,0.4038172949762171,0.4393634555633006,0.40400941572510485,0.4609741220646721,0.5553188442934727,0.562511484148806,0.7554907448543324,0.4703704609527535,0.8100240755618459,0.6707227648337611,0.635987381911379,0.5488802181745307,0.7605003903003293,0.7797963397836393,0.7166111954401274,0.23220660156744044,0.5968794962034119
307,0.6952727095437142,0.5119379793352221,0.6694816158271941,0.690063038035315,0.5162586634267894,0.6323382232445496,0.5385715216093838,0.36450303899851666,0.27875042734438077,0.5993576446711659,0.3731131762319021,0.3113131845492816,0.38962511330574207,0.2886809776439907,0.2949353234202884,0.3633258088352662,0.4047046252043178,0.6409588218467404,0.4137503485153419,0.4847197067647291,0.5393434676545096,0.3784323249145375,0.5870858841614296,0.4654535616681186,0.7487552964474162,0.6141217975575459,0.7377036136073123,0.5817028707333722,0.5349312762422676,0.8367646351321605,0.8069952939310698,0.6039682499081793,0.6303261683064205,0.3250430958601713,0.7585255846825558
308,0.8167372201212173,0.7101276228960389,0.6012761611048949,0.6942735907918332,0.5133879168978781,0.4458104543234873,0.5874140579965959,0.540272392587869,0.3353132342458349,0.5539885661374221,0.4673814191684631,0.38217107189407773,0.362838448478932,0.28452011682382067,0.23365411473169784,0.303053556080051,0.46304319917946213,0.5247540397452504,0.39859056305072044,0.4378814749917812,0.561576811628377,0.5156405003536346,0.37357460381358987,0.5454143510445959,0.6599569724829453,0.6044684933642855,0.8470716588279624,0.6524535305414603,0.5172618715296158,0.6957878284508385,0.7019795495241723,0.6920039839138212,0.5870667634844506,0.30561240130248596,0.6746381964136552
309,0.8850899301042352,0.6272068420205456,0.6955984476428699,0.6294993735587229,0.42877350323332597,0.7634842627790215,0.7034927706681304,0.6798249612304919,0.3436224000485658,0.5548821762370382,0.6076416156623212,0.40192529004866717,0.47076704917287704,0.48835891878137955,0.19578507814489762,0.39851334773494246,0.4580285871373301,0.6816555726223028,0.49136697619182335,0.515575535334343,0.5488509563353116,0.550210679243345,0.4479724704811172,0.6299639613378594,0.6708164822651272,0.6348067121095002,0.7819081771167926,0.7409419174544295,0.7435595990959074,0.6722151408660137,0.6565197941139722,0.8388525967656135,0.8253490353360912,0.2878300024175463,0.8751189793518622
310,0.685994568682571,0.6106297181308176,0.5466178641528914,0.6414050911618733,0.5433521360045861,0.6747331402681155,0.6033190894624822,0.44219615570733317,0.36303336831431027,0.45459764165012306,0.4603126099233684,0.2772253930657186,0.3978799564280721,0.3371160804746442,0.30366578203590266,0.31701903804017095,0.3788677857140512,0.4581526639587711,0.29850890971026856,0.4317618406402491,0.49800090975193834,0.5266242444153881,0.4523148668229757,0.5839716624771558,0.6293649272414686,0.5141424875572069,0.6299713407388671,0.6537288509722545,0.6830462132469289,0.5905521154649772,0.7240541875764526,0.6772710124259019,0.6612639116539852,0.15355129311629737,0.7432132084205512
311,0.6350572940317254,0.6447304536626773,0.7372835807008711,0.740965360687109,0.6176981217112851,0.734004524676017,0.679739214788021,0.4156527670945139,0.4297838339784642,0.513659125236383,0.5488366540291463,0.28445657638940364,0.38285961762943077,0.4396032996710227,0.43622210529296196,0.30386746499111983,0.3962327126568266,0.5126388274612323,0.4313980122816586,0.4182417429358246,0.49261498537535675,0.43325405992481797,0.4333891871125068,0.69752732267018,0.8328593710870819,0.5851964403922948,0.6965674660368933,0.6142692054796437,0.6521707930522705,0.6940401461136161,0.8933745560808783,0.7481939536963941,0.7086136109756775,0.2474070997531561,0.7019348564944876
312,0.6264671561764457,0.38402835161607285,0.5787624138206955,0.7963449377024683,0.48711393253827984,0.6032731732487859,0.6503989709387842,0.4592430284223803,0.3724759297397686,0.5239081094154743,0.5135169941833599,0.2629823384143731,0.2468757844273582,0.31875167681202327,0.4719268682417784,0.41802765698407734,0.3561464271112459,0.49079117321651455,0.3560690605502036,0.486228380468466,0.34653847311548724,0.46592744731785374,0.4602040998519814,0.5181647533938103,0.752034975845059,0.5160971438606965,0.6782910178563966,0.5429859269320955,0.5430082718753797,0.7072676038383908,0.8180462379618405,0.7018431289822027,0.7775482873492594,0.22298200104988178,0.6530509616338991
313,0.6983551502766496,0.5775545292727677,0.699760860664213,0.5568662564825951,0.544013312582849,0.7094990169680524,0.5938269407860901,0.5572739011200311,0.324704629616921,0.5760273043476161,0.5970131315315852,0.2847787816866528,0.31509490646479066,0.38136308484080195,0.29487182633371256,0.40083399606481035,0.4486800997467352,0.5901434635042769,0.36741759044869904,0.515918918017943,0.45714040605047224,0.5017897254002954,0.49827508607669946,0.6331605722914346,0.6397103553596288,0.4189259309097348,0.7385797879147111,0.5767921833507326,0.6383592969007389,0.7452701540778033,0.696585334132266,0.6090151070297665,0.8038942877582963,0.3225558993192923,0.7152183161696499
314,0.5694576629549343,0.7618497551921033,0.6923334469096363,0.7315017868754904,0.5630925586885569,0.4786329330205925,0.4794330823202985,0.44300034895922247,0.4176341325484137,0.41446950141061034,0.5113143028185319,0.42941937849420353,0.2600406631157748,0.3209552132240884,0.4131304728510956,0.3090070146337043,0.45402419452158294,0.3738756300719993,0.3904980816707183,0.43941498023264125,0.47708514426296633,0.5631522836466881,0.4986538675439819,0.5895285456559619,0.8188960466186794,0.48348321504716346,0.7564449340274089,0.68521220648768,0.6335424878300794,0.7078706224681501,0.896416131735073,0.8907492269098314,0.5418984847172083,0.21493643120797695,0.6638300984456008
315,0.8502140502293831,0.555951312914843,0.8001358612062254,0.7567253634258446,0.541323713699369,0.7135890801756889,0.5149083284748381,0.48248692195157017,0.40404110643164765,0.569138164946804,0.5199160201688884,0.2998561607949624,0.3236697581541553,0.3566383655832066,0.4285546874793742,0.42757962341679173,0.3926247076134294,0.45596677553407433,0.39789420091978667,0.49699898304396894,0.49883579815396006,0.4594145640833822,0.5044462574985955,0.6131501547180975,0.6611726578946546,0.4837227706039631,0.7604229747042546,0.693194045988323,0.7552208742766954,0.7650058650504542,0.8281291817597402,0.8505446158380898,0.5489251810930478,0.3090804495454328,0.7840079103607357
316,0.772611819393791,0.6811043095800087,0.6734441423858045,0.6322623006231559,0.4896416490271933,0.6287273939264547,0.5828810825830191,0.4292886925596504,0.3077348152398852,0.4334182016499864,0.5578836094506121,0.2554333495156747,0.3247973423928555,0.3223551521181966,0.2827635077458422,0.37556538508279735,0.4669106214265455,0.5014942253763859,0.3472542336406106,0.5071274229951084,0.39628903673585375,0.44665378992946453,0.4478812094134899,0.6052555666148255,0.620789484592793,0.4607473877782053,0.7680492581260321,0.6281820165101386,0.706398898480979,0.6560931682606366,0.7288850324740059,0.8135578040088405,0.5555628628584287,0.3027643456275214,0.6972886370058238
317,0.7921232325865889,0.47800695035378205,0.7614202255841016,0.6527367696341488,0.4822998205479456,0.6126167023398101,0.5480500875015729,0.4538492653582663,0.33356346559432354,0.6229515489683974,0.46963596044480116,0.3334019287305329,0.4230326665244481,0.32477674834195824,0.28976200851284983,0.30911136099781317,0.2968915284900526,0.5497201018347158,0.41102082460135797,0.5180749778510929,0.4016602317967569,0.46590080167581277,0.516943780219487,0.6127572023510679,0.626690078549202,0.5720047236942569,0.6204740762625042,0.6573014088990305,0.5935911331794159,0.6630488355107567,0.7151957179948214,0.7862093846216804,0.4885825420054089,0.24930126413774661,0.7394481509677722
318,0.8250553989903214,0.6571483178435775,0.8090222884135998,0.6386173482836559,0.5159751317398032,0.5370483318948559,0.5497511108713866,0.45125679762832127,0.3312114630679794,0.6570541379714974,0.6267495944628074,0.32193555289560716,0.3257743568738313,0.38209671304245496,0.34479688175584766,0.41518066589650027,0.38546150307603166,0.49171111315213334,0.33768748422613826,0.5781741972777237,0.40892565235386996,0.42822435623657606,0.5968245261049477,0.5786587515976305,0.6670329549442624,0.6648201598337642,0.7665245165739225,0.6214514103795542,0.6188269301173916,0.8335829246396391,0.7849319375606165,0.8570184270812468,0.6276445239168518,0.3127363239351204,0.6670956386752702
319,0.7088501876682205,0.5993900591732314,0.7484404323404993,0.6810271110238449,0.5401332761674166,0.5968041240684893,0.5455727834753817,0.4110489361478661,0.41013425428976047,0.6560154680878858,0.48517678375127815,0.35733450807557743,0.38577209179943356,0.2885271124482188,0.3390950145486222,0.362268593832007,0.48727684319808373,0.4062649334484896,0.3864460765392652,0.6061613836757627,0.431937077174601,0.5168347699263334,0.5480438597833043,0.5575407220274494,0.6208128726172115,0.6042219488971317,0.7465436035884585,0.6331515754589159,0.7763375094947342,0.7126686922848927,0.6620150888048477,0.7590333564300835,0.6065748371110948,0.30921431917178316,0.7502010451481634
320,0.575518955536841,0.6240557087885885,0.7371197649171852,0.6279023855084301,0.4350232033821678,0.6448235286372631,0.5388906187786946,0.567940264696735,0.34258106390066423,0.5128791405136625,0.5678848941433934,0.23868164888536506,0.40407201120211445,0.3483373084286737,0.2713823901779694,0.36580724159013056,0.4272915833951305,0.5122603459453113,0.44043113716688936,0.4347508968525087,0.5341713083991813,0.5879557986510278,0.5157369978154007,0.6001011330611106,0.5866648954889846,0.5069501197378707,0.8817036126212292,0.6928247732605242,0.7668583605189259,0.557668550629382,0.7413098538845346,0.5986768360955486,0.7894510369423982,0.24298314679206046,0.6813170475619961
321,0.7745682324830953,0.7224297704277756,0.6543882988914742,0.6254867037788228,0.4202840352869545,0.7382044784211177,0.6074315262324903,0.47988496112892354,0.34614351071479743,0.5662010483879287,0.5198228071943936,0.32877552590077763,0.3770194869256308,0.3554671773331602,0.2039900608287093,0.2768431101215374,0.49557411412014624,0.5003439989849048,0.2981228516457086,0.4214055487349884,0.5639058403517287,0.5521668001188011,0.5236824227150582,0.6636070029880112,0.6345555071894433,0.6862882386215161,0.8463420518255285,0.7065087204827829,0.790357007615095,0.6689872510371028,0.6318606586354161,0.744838276421123,0.7941459836848195,0.30881106554427495,0.6471024498900518
322,0.7808198650145692,0.5704474355916433,0.6980820421612515,0.633565255717293,0.5277416137483859,0.6066793176273089,0.578230893746213,0.532552127277919,0.40356840449978293,0.596195862631181,0.5989446118376927,0.2984699754145035,0.41564482348272735,0.4479804228642593,0.2694047615280658,0.30624243716523847,0.3316507922824421,0.4354787108665188,0.378169561721762,0.521145384693274,0.7332576685749087,0.5413450369642576,0.7296423812103993,0.6401730280359252,0.6395775791165152,0.5946111930812537,0.6268751886917147,0.5964462185107553,0.6515386648651118,0.7832558099631466,0.6500304567177553,0.7058301308786411,0.6012984101220435,0.3637130522420723,0.7535785286168581
323,0.7604754794335324,0.5613612082293419,0.49165104338179655,0.6789039544427977,0.5818297406217272,0.733978162994098,0.5411037702916173,0.5458483681299937,0.28896947463625433,0.600566082045005,0.5261451364802832,0.36516078564180743,0.3149120810400612,0.3581630940544983,0.24544750735807677,0.3061736778907109,0.5545545169526465,0.5541212372296653,0.42523185468039365,0.6150395493439114,0.43144924689840386,0.5205541132928996,0.6021433432055465,0.6747610684108056,0.8010069193010295,0.5757542977064911,0.7656245896666645,0.6016794315246391,0.6651334144306957,0.8707845134429086,0.6963508988174066,0.7470406867240796,0.6881553199565391,0.2777589171580714,0.592442842714561
324,0.6079339566005937,0.5388317184328906,0.6508273038274581,0.5840483979441495,0.41179195680885067,0.7424284902358392,0.5589337119867654,0.4454754118388729,0.3772929550815952,0.5043520560728281,0.5112155009087203,0.24802319492747144,0.3825677483733886,0.3481123207066814,0.27165202175589853,0.20896485175402885,0.3591068333831352,0.4279812743858836,0.40404887936011863,0.4609781709391442,0.524901226228526,0.4867514697663389,0.6895049448376654,0.6130337061574852,0.6477347332235985,0.6139157637622268,0.6420772534136483,0.6453774977342976,0.6669376642625644,0.5846203946247364,0.6327192973370541,0.6495334660209995,0.8254053590508118,0.25390747030911537,0.6050359163212335
325,0.6384017137764324,0.51141070686503,0.7098897714465708,0.6846043807988698,0.5138571539944659,0.7084229154064513,0.5858043350491833,0.5379505238210409,0.41531702542324583,0.5016987699918443,0.538184740241545,0.28400241189336417,0.40666028196778625,0.3090953273571184,0.2908205699621845,0.33376826632491374,0.3863652744521274,0.49528257183713986,0.37798539931651676,0.5239456980685049,0.5532118712343987,0.5341518741187141,0.6442402868980897,0.6385514767735753,0.7788333581182991,0.5155830454796879,0.7119991192727416,0.5440767731676812,0.5888234517652748,0.7871402946242869,0.6948040812948049,0.7641356482158451,0.7749842710767411,0.2696295991867111,0.5952451174365778
326,0.6809453674481623,0.6088417630278189,0.5970691675738629,0.6431377553849538,0.44663614999267,0.6812685554350586,0.4853197571158061,0.5394723698942857,0.398784341487089,0.6425490189644567,0.626862189578589,0.19991680260186834,0.40099235516457293,0.3557334084225136,0.3887257248901491,0.35632680786302806,0.4690216166844748,0.5791808458445444,0.4348667888963753,0.61701776980594,0.6262376371912179,0.4219172690107257,0.7275971361397116,0.5876831778446421,0.811196647363096,0.6039590206058201,0.6799308283146566,0.6227072725089278,0.6641023932392944,0.6420372264247145,0.7374994551227447,0.671362653666048,0.6459815680460491,0.35429928869995,0.681470955444188
327,0.6149474840330641,0.5143424531997423,0.8267675472709268,0.7446220784656472,0.5244632216664722,0.7240049395233947,0.6194848500053267,0.4439976734883439,0.31897132060618927,0.5861911134466006,0.6750391066260932,0.34461791216566706,0.3541164822944042,0.44040134554334154,0.35290839355906056,0.3261834549077063,0.410008753751672,0.5176853594586014,0.4303797073933606,0.4392279570746817,0.612025075125709,0.5427656671216969,0.599032512765483,0.6856590569179122,0.7327103927842027,0.5633952094592531,0.6878320968279646,0.6226458111707971,0.7021604228281249,0.7289744505014553,0.7726546505409477,0.7296847743494019,0.6647567019507472,0.24856627954807903,0.8424888234287389
328,0.4104526068159653,0.6729159627514792,0.5898640020478187,0.631475433787936,0.49240392159680046,0.6726899026026056,0.5819234347685822,0.5138841301225869,0.34340773235871824,0.41868313563245685,0.4028243184768272,0.3085981914348245,0.30202654145589014,0.44477550284288564,0.43853656628208565,0.22492621903827195,0.43444979182779153,0.5282882552397543,0.3282322406019211,0.4618417423275525,0.5490508372180418,0.5157178634086196,0.6986013167565237,0.5538835522599167,0.6153703430540196,0.5428857905853848,0.8166896806050834,0.6267607594250315,0.6981476997312634,0.4509827306503569,0.7647800214613325,0.7481886692374816,0.7502953575871512,0.26734888302346915,0.7163954946927615
329,0.7422685367147639,0.5616448337425983,0.7689479136470355,0.5360626470367384,0.3416604999577084,0.7239683111606949,0.5835537343326593,0.42656578436205833,0.3294783508478055,0.5995170903243159,0.6033663707637671,0.34483821877513704,0.2652642974943269,0.34343809573061007,0.27876285695525493,0.34880983333369286,0.43363347109199385,0.5622317411006506,0.4003593297754658,0.6047912278522372,0.4192249041348334,0.41752631811241125,0.626639338089408,0.6251414170466318,0.6375236338722519,0.6075451337157936,0.5565344345615137,0.5777574005961793,0.580819600920599,0.8419787215452197,0.6380321620813666,0.8058196085040653,0.6891943436399796,0.31059507641014344,0.7155013619460691
330,0.7485550789220107,0.6173378320951675,0.6087151679969717,0.5634739248056627,0.41910761948712427,0.615646862679853,0.4826348486672794,0.4470412129938947,0.3629174558487256,0.6159451162622662,0.5500347080454802,0.3151061229091531,0.26390605045889465,0.4490543971830608,0.32103335866395843,0.3711508776966044,0.43217304744606255,0.4421057201288109,0.4693446570003376,0.4846804711366839,0.5192594611400647,0.5387922334212638,0.5725979967386364,0.6353885475635906,0.7055119682413429,0.5059901772675179,0.6796013128657279,0.4714180505641329,0.6505058862579539,0.7339815068039266,0.7447866600894717,0.7102545411382049,0.5765848451206306,0.34121092120806545,0.9124194732425719
331,0.7706454150922091,0.7071488167200551,0.6178727217211593,0.6074854263197403,0.5092897796739335,0.6895451643049095,0.6009111313353781,0.5001136892787078,0.3209542591278468,0.5446588582586358,0.498851461340318,0.3119876143563956,0.35646062102303777,0.5456320411118829,0.2582084093204702,0.37184197409628994,0.4745330979177337,0.5088463814798478,0.40478592454273604,0.6138095759918613,0.42252334375969747,0.5956687702431248,0.6848385729759996,0.6506342408241261,0.5166753574501923,0.667425177324775,0.8460571664392538,0.5286959341991381,0.6916616607878261,0.7179592294141909,0.8580713185922142,0.6843690834283506,0.6484678288395734,0.3513325541176996,0.676887472239778
332,0.6363486355048409,0.6424446045911081,0.9643469057562999,0.6197801582955909,0.4496239352282301,0.6947217316390515,0.5220698346399938,0.41815223248052025,0.3053516106222703,0.473896767198701,0.6174554665123542,0.3383843198832731,0.3277211537168681,0.51512417124014,0.44755748375413734,0.3873493939837291,0.34854011143731534,0.41977446408461017,0.5030924220773828,0.5291186831068226,0.5578439047477798,0.4682623938292674,0.7731366170732079,0.8024784299597517,0.7226973400173069,0.4462678548287341,0.6881658346077871,0.6281937248745137,0.7337428375953774,0.7537699970645193,0.7702931182869814,0.7290047768502355,0.7221188553813203,0.24998367723882087,0.8533560453595551
333,0.5761784619476295,0.6820806753256645,0.8028520406195847,0.6068903273446171,0.5152286681559309,0.6904280569137748,0.5904750943475078,0.5186562561674086,0.33498072565196735,0.46280052585052406,0.5634040104708686,0.31009253586881935,0.296401801236086,0.4366595607682707,0.237418335852224,0.2892685426316806,0.4398411227984812,0.34178514333251475,0.40849306198985735,0.4791654869623253,0.5680998178452118,0.4806409989400523,0.6049693945903778,0.5988634332265848,0.6354927316615626,0.4102528676623077,0.6361318106509296,0.5809185120341873,0.6744068104111347,0.644898745478099,0.7076788399896378,0.7492136115157871,0.8994443847304832,0.25561789299301385,0.8700767571804285
334,0.651912210933848,0.6569391658255092,0.49657310392656717,0.550639574280712,0.4658528907402034,0.6620297486418659,0.5817697803258626,0.45993795267995086,0.3768333680572145,0.5155364811497811,0.41936261856902496,0.2631478218967366,0.26500418423501954,0.3400012916327661,0.3823463585893518,0.29124658824331373,0.3510090552601233,0.4346463881473849,0.33213041526692516,0.5314506529992422,0.46499730164240527,0.5545531199200916,0.5674375993941669,0.5006004580181928,0.5672531515129284,0.6435067007425856,0.6656775196159376,0.5403819279232658,0.669059297617961,0.5995093658634212,0.7805376071161653,0.7110700864673819,0.6616038655279647,0.28712825292121663,0.9233115184509677
335,0.7923483888891625,0.7494186957591885,0.543947654992323,0.8287982011004462,0.6218893805056563,0.7222084903746957,0.5792988942373037,0.6196809535500887,0.38854525453845257,0.5670624248802023,0.4378547231066885,0.30851221873219103,0.43075615768190056,0.40155391884877134,0.5876502297118977,0.40747491833431737,0.4260269738328313,0.5084530412704479,0.4558028565497736,0.5190104603984694,0.5923230179461779,0.5093855663812339,0.7957462647921649,0.48783430744472545,0.699965967453227,0.6514008167833338,0.599708165145544,0.6698676269976424,0.6567642696605243,0.7463366815492114,0.8098332245938141,0.8199485550295058,0.6877966068897907,0.3635118289320747,0.7733279351810225
336,0.5711489939940069,0.7952303456860081,0.6516529885292401,0.7444228354947675,0.6237331521291,0.7287189451123464,0.5273905649969572,0.5672221458704193,0.3587235866845364,0.47240642506902214,0.5663310142209385,0.3244993983106117,0.22745769487532722,0.39866833658722994,0.5209224392715973,0.2492166318637744,0.48352085787629984,0.379112028302383,0.46370126396681355,0.49933853328621847,0.5838746462184021,0.5635633191105655,0.4521040694223998,0.6160183125708107,0.5948196023936563,0.5166333332179751,0.950474537052379,0.6000812558212054,0.6468578223427484,0.5949136177510921,0.7281253583844595,0.8148061659785287,0.5608177728075321,0.2299550631960443,0.7347350494199965
337,0.8501374786248476,0.6796362964056633,0.7688720008139553,0.7508547836877864,0.671349245039849,0.6070573113386246,0.5648914122347335,0.5361063341550258,0.3950020673310891,0.577893433358204,0.5016916117821867,0.3575677467035876,0.2740029867154997,0.40182816310489033,0.605622185030416,0.35343281046929376,0.44490441641645173,0.3344402030857582,0.38392942488492376,0.6780204537386039,0.6885584903537053,0.6085426799917808,0.6274848924754911,0.6274646142263705,0.8823082970586622,0.6889668769913502,0.7904762765662463,0.6026188179121682,0.6389205124393571,0.7047544853682803,0.8927535180848603,0.6808754310620302,0.43870227295067743,0.3684975841952427,0.725690018314118
338,0.7094712412716626,0.6601413046103974,0.6053575149284529,0.7438523703374631,0.6426680867942189,0.6444225242101402,0.5337853263684273,0.5536475073594567,0.4362044092894716,0.5342727650498134,0.46164995974075584,0.3339290632492985,0.32350809248882817,0.35770131120897053,0.6514497794714489,0.4071589289044,0.41510489198865097,0.34316229388555153,0.39045090704580704,0.5595728269966652,0.6539296701847499,0.5194956182319597,0.6024923308849169,0.4550386511700112,0.6928457087087738,0.5641155677090481,0.7023373002667759,0.5645170553143752,0.6329360109059943,0.7271554501946911,0.7621788870001089,0.7764181936517569,0.6748662107072683,0.29310464570784234,0.7920891047512895
339,0.6810528328499099,0.7484852658334012,0.8240490528907696,0.8003574868190305,0.667737933244293,0.5683343897598061,0.4812925687327719,0.6303894030765593,0.45914345236727305,0.5216229523101571,0.5585530467518574,0.342982510582165,0.3489246411155617,0.44090617715224695,0.5656227537752726,0.4318563307623896,0.48808323047926616,0.3550087783679938,0.4647929042848298,0.5956251832404902,0.477801697803691,0.5652526481009056,0.5209321585067919,0.5167071992168422,0.8821062340154124,0.7555368569826032,0.7544607445796818,0.6190511452072862,0.6475693700116045,0.8837822107774131,0.7991807790547146,0.6271406116893485,0.41261131020186576,0.2854651646169188,0.8778733682605326
340,0.64991628044772,0.4641379892537083,0.6421654315580116,0.8410421624059291,0.6327775204189172,0.7373170601559432,0.5939468881794522,0.4764613887769528,0.3860076353672569,0.4761924753204929,0.6400098571651158,0.3288423509130204,0.3119723832657085,0.4434285759022298,0.53966208348792,0.2908752703298235,0.3837255370058773,0.3799194158977577,0.50915007795531,0.46637025753711714,0.5209842797917578,0.4258172777202292,0.6967370717444367,0.6210283980983937,0.8261827995062371,0.5454409946489247,0.5604109804883735,0.6213366601874521,0.6154899780207927,0.6750528203774244,0.7385203247941661,0.7940222110501587,0.611966550212389,0.28976423538536594,0.7890529874287869
341,0.5954312583478644,0.7014078233913676,0.7113322105296953,0.74025324404583,0.4103220100751889,0.5057813141359028,0.5587213216961696,0.5191354637437045,0.40265975007594995,0.5128186470430217,0.523358112692824,0.3948895173801193,0.30014007521020797,0.38530947378546115,0.5625832021854449,0.2722473447047978,0.4276748001081512,0.3835493583116052,0.437767406768629,0.5446083821835788,0.5127136241228945,0.48655638246500044,0.5683412997789016,0.6409702079225406,0.7239596352119817,0.5307911481871896,0.7093691052420035,0.5906765787687887,0.5630373664865402,0.5673599426487128,0.7932318212672431,0.699914383238832,0.6031701832319694,0.3316214928150886,0.7437995399980515
342,0.7753480742279357,0.6550044147410623,0.8232476956386935,0.697954075718412,0.47469658943820003,0.6405097493774082,0.6346294560735803,0.527375291814755,0.3769411403519788,0.5515426833477728,0.5004394622350326,0.26541921337090124,0.3265178420528594,0.34123388914896946,0.4071126927951898,0.3880385655145212,0.35632543373045783,0.44062671501335937,0.4605780009927672,0.5157586814826824,0.5077355785332927,0.41275869400301646,0.6459251320028139,0.5877836729967714,0.7190545724782355,0.6263600959392892,0.6432826395182082,0.6297705625834683,0.6178679216554475,0.7358000552653294,0.6962401815246714,0.6077707575368128,0.7047061956851046,0.3462942311947422,0.7996910195231831
343,0.7092262548777865,0.6131156856560025,0.774498839968554,0.7053142750881303,0.5724052383864932,0.7389511910893032,0.5377511034338847,0.42503478743777784,0.3761551778099412,0.5941416189688817,0.5118470658085001,0.3448041460577439,0.31207638810337346,0.4427714972225343,0.6352979502230662,0.33217824906277793,0.3573804358828918,0.28508125632376585,0.3902296184776692,0.5505246136888845,0.563095639574055,0.435326371419835,0.5087509695145853,0.6569447700286069,0.6087339325323714,0.5947590474193063,0.7255303743682506,0.6355553536806535,0.6630505531893462,0.7518921797125342,0.7615146201343475,0.7189732074561009,0.6439145151228476,0.3155375031070878,0.8348585936166325
344,0.7772908200902666,0.7390302983152941,0.8171725191531065,0.7037294226518622,0.5023449732620296,0.5370120177842381,0.5350610884147088,0.570692700764466,0.3781555134121621,0.5904349062271251,0.5374153905124215,0.35233764046098237,0.364699825052412,0.35201499235049183,0.5076902243185615,0.423890158554752,0.39121568812810803,0.41256638543226587,0.4546268186445202,0.6489147892065457,0.5832593270340273,0.5081721831784205,0.530868255042185,0.651924879131682,0.6089360714073822,0.6761885588806573,0.8280407410972481,0.5218551505696534,0.6640615938108542,0.7642403360328954,0.7211894990494032,0.7551458521173108,0.5873507801612576,0.36734245157515677,0.8176363032645685
345,0.6300455038259734,0.48475860732035264,0.6324217762626352,0.6821054057760012,0.4556044492607771,0.6243683316265601,0.5481659690153791,0.4181161941900583,0.3282734244407727,0.5782307923132386,0.3809774336229954,0.3795867486857567,0.3173984361106584,0.4003752189633227,0.41886438808816473,0.30000664383439307,0.3740583113725564,0.3826559855831496,0.3243210647213578,0.6846074250823874,0.39632804971396385,0.39538790065375784,0.5465796239444172,0.4840780405823616,0.6838473360060165,0.584354187434356,0.6653244565559504,0.6356810278347926,0.59370870131748,0.7535387643505456,0.7071698043491756,0.6893986089306453,0.7694527361789976,0.2829365948379385,0.7853079437681924
346,0.7526462234597912,0.7876411001759968,0.6781671404426355,0.5973946148278959,0.3661060717664393,0.6423301614465197,0.6637124806421246,0.5573625493510055,0.3500769491244554,0.5556738273256294,0.5840331928081671,0.3468108917175047,0.34143333003853765,0.3881959000273677,0.3990548167942238,0.3349031736894367,0.4661704918688325,0.4613939352129658,0.4177195074412954,0.5900026873355185,0.5072253549036793,0.45345320398994016,0.5646383965429456,0.5991292498799161,0.5777306520489327,0.6806376625456436,0.8194350347171103,0.6505726459175691,0.6944132706408378,0.8893217773037689,0.7057292016566133,0.729045655721229,0.6817499538758627,0.2868490769286186,0.7707767472379821
347,0.806083466362703,0.7842540671650289,0.7499337634737044,0.6726875682607817,0.5534121732033441,0.7412411093343101,0.5981922908203965,0.668286515989527,0.4436957333460272,0.5327647848912522,0.4322389180071729,0.3559034442313612,0.461512229727875,0.3809837708904482,0.5124248353987364,0.40319989798293543,0.45124300281257446,0.30548126094695643,0.3858199382276305,0.6183052805991778,0.6037616925573728,0.45847029806547346,0.42276031546445036,0.6110586058443261,0.7845185609342877,0.7076438740857702,0.8197769199466273,0.6218215076888158,0.6991515273957672,0.8377046704183699,0.6721776840013219,0.7605495154203361,0.6723149674421909,0.3116523164379955,0.7360080624484044
348,0.659455261991889,0.7513390941119298,0.7607285306197706,0.6360070959109984,0.5680602838790749,0.6163637059538036,0.48461627536496243,0.605140903936864,0.3577490427138413,0.4652315932805169,0.5458912233693609,0.4233045311035184,0.34716196234357,0.3894434027840197,0.4682654270850254,0.2827183606302184,0.3627139452026141,0.3871024495379532,0.3724969828510682,0.6037185441187076,0.6327462321476222,0.5329920483759212,0.46249224102852293,0.6847883303516067,0.6815712881260996,0.4620691333854903,0.8785347277382665,0.5915796654750223,0.7134679106588331,0.7863353602465823,0.8826004088802051,0.7245363148549299,0.5366765748410876,0.2496127525256687,0.8325944760046258
349,0.7559339052542882,0.5775040198667701,0.7293699587006689,0.6606908071764912,0.4539069826017721,0.6955227807414475,0.49701903083627735,0.567221676554446,0.3114284137589197,0.5779565778510471,0.5161876432273724,0.3885515056107503,0.4177597105385121,0.3820663752178413,0.41488505361030115,0.3326622934534953,0.3962363778153727,0.35831782349922714,0.49756587232295824,0.5381189614968456,0.5924600268440017,0.40911088444506133,0.433255642964355,0.7907222995826089,0.7047523472626129,0.6335268176532247,0.7578689243584731,0.6194478247896058,0.7355422979687309,0.7603864882967506,0.7239183485178886,0.7907331081679843,0.5691931564303212,0.2486735401648389,0.7723407210568295
350,0.6323072973062996,0.6103049430834504,0.6773481468592952,0.6230772059049781,0.5774942020423697,0.5890281435414676,0.5690127626554897,0.622109543915673,0.422201612881289,0.5077940104410995,0.515706542548753,0.367139242144377,0.32622531309145153,0.3150875267380676,0.43273075445890263,0.25433940231972535,0.4155405031826903,0.3176560101699252,0.42170376012590205,0.607830540871187,0.6025170328748077,0.377509013154447,0.33273431390799935,0.516048102134313,0.6266233282390856,0.5636094557601221,0.7969870931844831,0.5245676455028703,0.6450659093930603,0.6109581765830229,0.6154603007363788,0.7215978684232972,0.407655064090349,0.2740410765338588,0.7738446900477509
351,0.6941999306216856,0.8097396332775066,0.5942221889477306,0.7645177463923134,0.6216402698624435,0.650601033183424,0.602471421031233,0.47850045755834136,0.43379460146999904,0.5496043873095702,0.41038243530591556,0.36121794091059733,0.3954043394160715,0.39511020203222863,0.5155572588515726,0.36834444879310024,0.4211403436213171,0.42190440051398054,0.4315270091538501,0.5884651929337021,0.5788727488986354,0.38590349409824737,0.40055611331035323,0.5496691977123336,0.6878276487847257,0.6358651767485,0.8207498582002601,0.7040630223676888,0.6718235339415435,0.778191137707442,0.7667450414555145,0.7664454198122929,0.6566807399679839,0.31096207049951075,0.748644081537589
352,0.6341587611496105,0.8035166650625789,0.6617852788238717,0.7030559867095618,0.5049551319808139,0.8291935358053468,0.5526731931378104,0.6384258996500509,0.34069387398366,0.4700555533683909,0.5125558974822936,0.34810694191450586,0.3734531678448555,0.33351324289111695,0.5033713320769699,0.23635211988155558,0.48052059192032226,0.49692735447203157,0.3841798910938582,0.5091921329395495,0.5020963855726964,0.4550999181956383,0.4971651717901993,0.6872886221680099,0.6106027805839835,0.6441983705209394,0.7519847995416095,0.7262030980745878,0.7085799344539725,0.6063849048749481,0.6952197591552411,0.9066012824011827,0.6662978759548978,0.2643519256667404,0.718627793053208
353,0.7828467448805247,0.773356605773961,0.6785840130682865,0.7494955676178503,0.517393769999613,0.6374237027459987,0.631468434938369,0.724298272602216,0.35453281484651994,0.6058658205200507,0.4832237666359318,0.34507806819060477,0.3986238297420012,0.3480802116765153,0.4950570617959989,0.27105156587133683,0.47995634283257926,0.3560597657188219,0.30667387347984565,0.7084913418351781,0.5419264558613182,0.4537076948437585,0.46825968621000247,0.6234610848906476,0.6240156641066636,0.7334385437444813,0.8336789349819442,0.5952982995340677,0.6429479493285102,0.7400171691206179,0.6801028664591412,0.9038245645093768,0.4254301560613902,0.29900953324583124,0.7191464289846057
354,0.7648435888313347,0.5728210231975348,0.7533697127955181,0.6597031588869029,0.5658629464217306,0.649854139155212,0.5263128308247507,0.4624843322920419,0.31969382910694955,0.5682608068196914,0.5972256739819777,0.32341910679091185,0.2817115956184747,0.2941913880307455,0.43958274461416214,0.3006497513575864,0.40799056503605335,0.2711309223330909,0.4155217431739353,0.5449837914361759,0.5474382997579224,0.3074276087550828,0.3691757650714357,0.7655928728577213,0.6239647707766494,0.6165472351792209,0.6350952515294288,0.5114452733380318,0.7038872917397283,0.5528167909603263,0.7508108109891265,0.6880510558745161,0.6485669021156556,0.2864382683434546,0.8478062541370295
355,0.7067986450595668,0.6215823033296343,0.6275496423094074,0.6527269873501684,0.5370973464195028,0.6862147122553841,0.6239780880089909,0.47834334422277175,0.3813703001022789,0.6361535894916421,0.38852544213038553,0.3456912413005513,0.35235805199276315,0.2868225736879314,0.500604667504049,0.389469006177781,0.3840952274092566,0.37581185723260324,0.3186124866084901,0.6394498433465297,0.5935242533397679,0.3722693230045625,0.487473372249533,0.501668999218727,0.5763428545517326,0.7687639478822457,0.5478122291901181,0.6462490030037275,0.6633696868845234,0.7256495225620823,0.7528726197738802,0.7281606188707274,0.5875974108082013,0.3054006403753424,0.6862198651997831
356,0.871092258742015,0.5776492186539983,0.7503274371187207,0.6517612310359906,0.5447029732278523,0.6183691306816587,0.5387320374829282,0.5457098772064317,0.45092211599387844,0.5136013428155846,0.4789872780956944,0.2781440812345111,0.3697414430577195,0.3226373002674354,0.4288271391696673,0.33578334415971606,0.4329112470255368,0.4708942652141588,0.3723498608503684,0.5699353577746806,0.5061989044946278,0.16678946457559465,0.5648403916649329,0.6234943594497098,0.6181736926073077,0.6576483693665549,0.6648152263909456,0.5560598369854718,0.6081832163309693,0.7451076065860949,0.6717802830668969,0.7203071043065928,0.7054342209221056,0.2619079553382361,0.662085556832098
357,0.7264954301545696,0.5320075220218398,0.8167015385376979,0.6908159618181989,0.6539791176156171,0.5433006057911732,0.49714333953182455,0.5023185261347646,0.4117250803930288,0.6337112474416691,0.5577116208077814,0.30463752228092655,0.3707226126056604,0.4042500385411023,0.4474196122861533,0.3698810682627462,0.3712415589953551,0.38411084453666705,0.3671775984587987,0.5971229749949725,0.5731563058285076,0.343423813496036,0.5297548820114878,0.5538007281013437,0.7764970709989854,0.6100459948469485,0.6010331022662043,0.6050816823801335,0.7656559359403643,0.7476006969937186,0.8952717243217203,0.559233313191838,0.3757323732508856,0.3491777612954404,0.7666109706249935
358,0.627439323680547,0.5633086669445746,0.6572794896690762,0.5417077384343729,0.45255841031427635,0.7406151565728248,0.6467143377536955,0.4161548970694158,0.3068347930236148,0.48697868357810437,0.507814280479828,0.2916893436782587,0.37945772011596557,0.32750177517215884,0.3513623372781214,0.2489990585943914,0.40397848556733273,0.39554919202837296,0.3166275411996363,0.5316266722502676,0.22114063502734777,0.29061557932892335,0.4976711999322734,0.5377542321355688,0.563628866982882,0.5619864943754664,0.6143139688310645,0.5790349621810664,0.6218993793810577,0.6776895619111893,0.8030944757514311,0.7791134426117996,0.5243172856899679,0.2888942180220815,0.5269481805915884
359,0.7474220130813736,0.8190423238655853,0.5232378486144327,0.6087181871593097,0.5251411149217453,0.651037310446046,0.5123650385977225,0.45372481162240513,0.4474225025214972,0.5128190531802321,0.5262948007327596,0.4101945570384298,0.44544976695170135,0.31010308526938135,0.424911982241294,0.4369137526287056,0.3972500694843816,0.37356349380831755,0.4328286046573897,0.5162356197928778,0.4538586317710811,0.36331410512905116,0.6348666554242512,0.5801241691021315,0.6708357212713066,0.6420134824447363,0.8476960566318521,0.7227594677918994,0.6300441070104801,0.786266757612839,0.7545304879339453,0.7688063845849227,0.7218752176744421,0.36528227562229487,0.7543324695812985
360,0.5953572962463765,0.7653357360029991,0.5672184062426281,0.5879787460838807,0.3145261227625751,0.7284600282154203,0.6259205801219956,0.502797773547362,0.2946869517630919,0.5577915635956601,0.4460707768015486,0.3454823998672201,0.3856918665860129,0.3379970086961315,0.2899962745222706,0.32528336647764716,0.44174368487074067,0.36115748826276856,0.41566615754445,0.5535172429454596,0.26524913640862957,0.4333883962736629,0.6163669524500615,0.6247182623284844,0.5069451891613965,0.5398369681781033,0.7691717771045572,0.6768840099614102,0.6103530961173482,0.7028135660248686,0.6921975838674748,0.8048861747954624,0.5313523159728275,0.2222062569025705,0.8136255223050651
361,0.7039621779117693,0.776260739529693,0.7363433644863127,0.7495022578068923,0.520590225528895,0.7022254511231073,0.5008097884871949,0.5298719584060019,0.41689250453838056,0.6003985315357533,0.5279177278713756,0.4028849219952474,0.43924197119468433,0.37453024298975446,0.4634538634247896,0.3521361194994236,0.5300322465102322,0.5057587187224878,0.42357141432944406,0.5598138647107589,0.466808792625099,0.4186836958600235,0.6577586323852579,0.7073156932354845,0.7452608751396853,0.6648744054254603,0.731229496400508,0.5994547143264255,0.6198072935938672,0.6371051633670421,0.760745349266818,0.7470729933832942,0.6779105798174547,0.3349557189205575,0.5236341816930131
362,0.7117926753289,0.5395479291732485,0.811736929875019,0.6942417137381739,0.5740423397964882,0.6571064020894313,0.5583827403702367,0.5475076369831089,0.37042116311897744,0.5952753813754207,0.5807713232357713,0.3140293245838104,0.23758057630354018,0.3272364741828564,0.5454339709335545,0.3364257468593803,0.37434822921739996,0.43962581447911997,0.47863328598298127,0.5751828874989382,0.39516194471668564,0.2536786712935757,0.4555071604083156,0.5646141386900269,0.7219744743853376,0.6052863064720152,0.5890458634373633,0.6596454519995897,0.6533722051269748,0.729872119681652,0.7896148551069252,0.6499599886692985,0.6271516877523678,0.2855561509264164,0.8097147685135104
363,0.6549113066016897,0.5897900679416758,0.63179241245981,0.5590447615749066,0.4436634681369187,0.7004121165813417,0.524031952078293,0.41765604139049084,0.2598746687948094,0.5686049958682344,0.5468271524568297,0.3903728462630408,0.3680564332191316,0.3766690769100141,0.34052055767915795,0.29441529061989646,0.43946920818235646,0.444115145250564,0.4376247295603591,0.587129083752702,0.4103101104727802,0.39705540011340457,0.4287813268128835,0.6966714042703702,0.6295907155777906,0.6798271756589345,0.587138698423358,0.6044679868876126,0.700284850796253,0.647603756481163,0.7999084542502588,0.6660141242587104,0.7324210238264266,0.268613494357932,0.7281903970493635
364,0.6777976131277657,0.7732993032745353,0.6465804609560704,0.6585854909623782,0.5508838216695197,0.745165435371954,0.5690970136153501,0.5065489850289794,0.3901879043883303,0.6478956721096187,0.4779907089412759,0.3203279811644614,0.4725370010789559,0.3172534309968926,0.44417962829696495,0.2554967283701305,0.45920875333440275,0.4517052126115976,0.3319358933797614,0.6445473915900148,0.6194903375064471,0.39764794911974466,0.6121656040697473,0.5236811039327764,0.7309130969322903,0.6554280151323969,0.7258099844495662,0.6672212481261335,0.6292283401691212,0.7148264833067632,0.785284737200431,0.6425667204903385,0.7872347388106685,0.30338262408019656,0.6783572128959475
365,0.7464654212376454,0.7943015999129437,0.6379777304477309,0.6381259480856194,0.5976910972560927,0.8256894432430768,0.6246048580120632,0.41307795644472606,0.405167747810402,0.5697790019213896,0.47661785910125765,0.24369372213832113,0.444016593971764,0.45306830599295295,0.4549021108436512,0.3158058343126696,0.40176992281566815,0.4568701854943503,0.4707341362298962,0.6014532909761718,0.4803829813327038,0.422218699951769,0.4740394998683594,0.5499671144293525,0.6819430251754541,0.7134808589272273,0.8811756513420472,0.6587453091774023,0.6887250601078722,0.804559972320882,0.7891073349633891,0.7761586760516198,0.7906860970641596,0.2733632411305428,0.7407236555586678
366,0.5684595565122823,0.7428199147777657,0.6856638222142429,0.6630566852405904,0.46225816470361847,0.612997769295873,0.5461920327687848,0.4670487938197806,0.40636469204456216,0.5723239991821056,0.6149566747064793,0.3183743523860173,0.3340284796805468,0.429651368716204,0.5183198631714454,0.26291643691990807,0.4866935223175539,0.3664556418631537,0.44168451620091503,0.4942012231586994,0.5041134594361496,0.39364237226732746,0.5151436180473743,0.6632302323508783,0.704427650644554,0.6631612662289542,0.649044574325133,0.7454965429601561,0.6329921923537817,0.6329192731710392,0.8081944730608328,0.8768487125025477,0.7801007738531345,0.29363043588867493,0.7929235856826546
367,0.6601831706213619,0.7407745157579507,0.5733363293795526,0.5913290008662695,0.5903043157019688,0.6361005668652884,0.5009526340743035,0.5146235116276501,0.43252796363701473,0.6164655917371153,0.4294279119382828,0.4006957921054362,0.3011131795344618,0.33047596053721656,0.4392614528502672,0.3484188907618737,0.47374351122190195,0.4019762143337814,0.3855952872772306,0.6461812609142326,0.5089122439808504,0.4578155468878274,0.5104974568033114,0.4359078953373703,0.7816786974981533,0.6003236805707918,0.7567269802706613,0.4090402614400356,0.5934768852483514,0.5933815306705456,0.8849050672832536,0.7641324372440252,0.8192271640700938,0.2812348625615006,0.7163194962336824
368,0.7902196283925889,0.7080353330550475,0.7524319072682886,0.63648777340978,0.5720786919456868,0.576899534946772,0.6098730283472275,0.4912848538414111,0.48954868564819654,0.7876020679254498,0.5285594928081853,0.3964939135221106,0.34814007689744875,0.4489629922842696,0.39890607031866654,0.37974849288674684,0.46623369765364464,0.396927114427414,0.42649450426723134,0.5919284849542752,0.5268876867535939,0.5889769510093494,0.48264738377999516,0.5930095301339369,0.6805932141520088,0.6957936192632564,0.7756888628991211,0.5860432035446433,0.565864123158015,0.790612839020205,0.7410735440937299,0.7867633780619628,0.7303949350555051,0.36188743198028983,0.88318916519788
369,0.6142503598659685,0.6943269245426327,0.7171442799032304,0.6704789966556071,0.5384040067769287,0.7537241477095444,0.7165993743321637,0.49672554674274294,0.40861666037358046,0.6776171924571571,0.4861251346502702,0.38096110141866424,0.3641116191955217,0.38358948211457045,0.40373466015404486,0.2781081840624512,0.48543773877872637,0.4909519292553952,0.48380498739251193,0.5559684965135007,0.4493446415054818,0.4643453628991293,0.6875711863290459,0.76783563873335,0.6357886349589594,0.5990965456651751,0.6574025199963942,0.6001039126961816,0.5320376393569142,0.6669313708387503,0.8264494349836216,0.8789727435528545,0.766359437065092,0.2914378788097509,0.7984389706239143
370,0.7061691387632719,0.5851696216096585,0.6137528918582815,0.7106722119790038,0.5118402917880509,0.692670111953327,0.5865712922196394,0.3524598986424489,0.48397035712174147,0.5345429862840705,0.553600814480993,0.2722556458406794,0.4059239851726987,0.3980005123293369,0.34716415090039454,0.34656675832404105,0.3847635105133405,0.4506915914391171,0.5172276268425532,0.5690797287273377,0.5521766996440276,0.3314546429792001,0.553388936477569,0.6306334554638127,0.6648237041041787,0.5273773433478839,0.5691217234064491,0.5784538471841656,0.7227111265705872,0.6661587241797818,0.7368755400818092,0.797483007332249,0.8371511391813188,0.3265346471333427,0.8136981743510858
371,0.7156720704711595,0.6254078385092023,0.7551430961602799,0.6657738435640395,0.4989282355910221,0.59343781134204,0.5116187785047972,0.4224488651459908,0.3338649134762574,0.6124449250624178,0.4943761973181704,0.31684488469422933,0.35761144268128847,0.48473318351616745,0.4440416409440222,0.38882782261989784,0.4062018068516876,0.4605683013644185,0.38584956298740813,0.522248216610614,0.4669105826532888,0.3564849420948898,0.5910569044637921,0.6405997200651623,0.6331823673185708,0.6007236597814141,0.6830373464273398,0.49896300820816614,0.6296187954578045,0.5957116651805994,0.7507402813484673,0.7138989755821789,0.7390031432114404,0.2849470653871249,0.7782782353489244
372,0.6982895471981247,0.7836158980508072,0.6818709872805122,0.6431135564762155,0.5719162992866564,0.5491074563923012,0.5677215366989223,0.551017323982636,0.3137138752973433,0.5070998882863308,0.4999523863324955,0.40692245205859734,0.4800090030435342,0.3435602484943395,0.48135649979829853,0.3267394739676877,0.41427318498146953,0.4855670190041735,0.46811991154382626,0.44695733533531323,0.41837680269220523,0.45552451300996066,0.6029382760106843,0.6066779665660166,0.7676841116956941,0.5793728111663059,0.8329115153222125,0.5636148382919094,0.7233074274247402,0.5861399210869002,0.8035095150386602,0.8910079100209451,0.9617756926787313,0.271625497660038,0.8018102163267836
373,0.6182093843478174,0.7088022249021795,0.5111212089842648,0.6900173400688442,0.5391669147893114,0.559828181699138,0.4655482915815734,0.5527504857747169,0.4321869384132464,0.6572529745966361,0.39327769922356093,0.3639530423599216,0.32369396839875786,0.33760542399518084,0.4811643611309909,0.34369318753836214,0.44019018780115304,0.4728235045927555,0.4300152998237977,0.4409686471308441,0.556391767055755,0.3499168657647875,0.5913479967421279,0.47059509996500826,0.7874435748292015,0.5575515732675091,0.8029026870987749,0.3284083629107823,0.6092662357927903,0.7288212308237966,0.7997239852493172,0.814716856151536,0.7306319410919311,0.22978557424831714,0.5254621434174875
374,0.7452851172897226,0.8448491659393114,0.6895270293966382,0.731172937593307,0.500835642024462,0.752414489213074,0.5416232439390715,0.6496898469341441,0.4831264618775204,0.5967751931120869,0.48454538978508754,0.3503107911609855,0.34677433261420243,0.4107420962984119,0.43268275692273633,0.3770679633802003,0.6135180452421585,0.5173186708282804,0.4574278640898477,0.5936096130779409,0.48324749878953344,0.3579059164980614,0.5111944500501457,0.5166492713478343,0.6905536276975981,0.6503810216420021,0.8189185911301207,0.3729363974274762,0.5812289474334812,0.6109357661121478,0.7391249562780058,0.90209715865809,0.761893585339924,0.27016634039108645,0.8075829278411086
375,0.6369383883914213,0.6724773453902916,0.6955928484423632,0.7669033182147641,0.5583316733771373,0.8036535608930563,0.607000566667619,0.5165840703911165,0.38576209379865795,0.5365656700997228,0.4934098245829453,0.34373140641540134,0.4423513225850396,0.5171490700947949,0.5180308622603638,0.2861923296271875,0.5900619242555202,0.5267193484944157,0.3478327564213207,0.5986041294468865,0.6217671572498853,0.38710791468774947,0.5249308745622545,0.7681289270588952,0.8301169275674167,0.5839030392733955,0.7890141006450772,0.45646885600341575,0.6306752480601266,0.6346804570373656,0.7355707790387631,0.7541522728591623,0.8762718582787825,0.26131344044360005,0.6969575785063002
376,0.6778390710776138,0.6882910316791613,0.6892666314835462,0.6843928192425323,0.5303799326173908,0.6291323194328812,0.5047568183934392,0.48665157661018815,0.4116068969858463,0.6714812801234329,0.4917892823220904,0.33378710219919183,0.3054256129461428,0.2653755396108526,0.40174853337866884,0.4522521304909081,0.5465374708251369,0.4487315635953115,0.33637129619153944,0.5703178624710005,0.5360392653265187,0.37815345606782125,0.57766104266861,0.6759735827999114,0.9036563064039442,0.675998116406313,0.7448740927570277,0.43343851064423555,0.6149162426866026,0.8081283263282908,0.7949571190063873,0.843582407533694,0.6838825859962091,0.391134635093339,0.6090517299789244
377,0.6578635573949152,0.6722523813736078,0.6554012466165723,0.607090873482006,0.5614644745522939,0.5737704942204178,0.6033775825776875,0.5453698721322375,0.34987523240945617,0.6498350133085865,0.5008597263510064,0.35275830308031975,0.3958725231173885,0.3866569004535517,0.3801451987616774,0.4433568132964889,0.5907888925008584,0.6325013137966267,0.3433728646994767,0.49198780256625585,0.41324809896808873,0.477812792933632,0.6284387526330869,0.5048408846485881,0.6478148642737475,0.5740044471577623,0.8394977091094934,0.5186510795573742,0.6388546191864632,0.6688218647357149,0.7283189860748523,0.7330249441874521,0.915504868296411,0.3334187378747504,0.6491906732423609
378,0.8321825747486195,0.6014959397400685,0.8457448577249254,0.7039542145225723,0.6230377016275892,0.5778825739703486,0.6434114949812182,0.44831175824011005,0.3989996433273033,0.6344896012770721,0.5376369613726922,0.3300877760810842,0.3840797624544993,0.287059873240159,0.4524915241108418,0.38425322945112633,0.4591377508067058,0.5109053555321954,0.47715183736973776,0.5400945876042587,0.4277090626121729,0.349414239939037,0.6133387916780628,0.6720587633541857,0.6523518910883844,0.6879069218459344,0.6405017281002288,0.42848176962203033,0.7296923468433737,0.8480658575532158,0.6982366681621616,0.6389904386942022,0.6918382539218657,0.3263742614234329,0.6473000506298098
379,0.8493417943533303,0.6846884806279282,0.7201174794696296,0.6478113763160396,0.5237179831262484,0.7674668461131927,0.5911217105737446,0.5624253742890775,0.38248839435043236,0.7857131410304746,0.48076133941479404,0.34101089968650783,0.35876884716134394,0.29910012156793075,0.4406483573436429,0.46182892346296656,0.48203105792660955,0.5672371393780518,0.3828939763365607,0.5691978335903335,0.4583294936489698,0.3300256434817808,0.591790846083444,0.6162641193654425,0.527173170098673,0.7149947796450632,0.7009877430977536,0.43581806911419807,0.6046498792322631,0.816112190543097,0.5731633124956743,0.7260355157222528,0.6806188759982126,0.39229017421624995,0.5708738419382114
380,0.7619251099319819,0.6388430008526845,0.7440097355840436,0.7125695113271193,0.5042696036601697,0.815247361047355,0.560636579510419,0.3997741340318084,0.3558025642151197,0.6490098230486219,0.6033284707679608,0.2532600049247776,0.3852146094945922,0.33176289889448674,0.34401923844057836,0.3706148341302944,0.40304922141913135,0.5558507195336122,0.30456123115197065,0.4745800841308322,0.38893705588163974,0.3043105636348913,0.5837170159399762,0.6719737028206053,0.5718815613567864,0.6336031011301138,0.6550419641270664,0.6180381473346274,0.6276609818855176,0.7038297974136468,0.6231342283139781,0.6037690226677896,0.7656107515648916,0.3356337495040852,0.6629783161392857
381,0.49213161010816625,0.8397084798406023,0.7130344969878797,0.5259387640735265,0.46939106565890487,0.8181527382359695,0.6599191529477431,0.6520810605650085,0.27023302880866423,0.5417448262883309,0.4750976913954994,0.41796066438627444,0.4194370176973585,0.30771992505175805,0.3569598310240938,0.27908946800888756,0.502637815538423,0.5562578673811304,0.46705424026319514,0.4749862732188736,0.4075806064355785,0.4940633955457209,0.6266237439168992,0.6531576613425518,0.5831234839290098,0.41372114766867885,0.7890597919627156,0.48207834564961294,0.5735955936018582,0.5390645954631306,0.530042050578357,0.7598627397084197,0.8909005629651361,0.2511346643728105,0.5682741358806769
382,0.5576605103076859,0.5871478051710362,0.9029346984334251,0.8170670690263843,0.6070326008678161,0.6346057338064441,0.5387344400218462,0.42570290842296243,0.39566462562853466,0.5864123392282263,0.6634926468098923,0.3717617305584163,0.37239832273124407,0.35780598056271296,0.3835694922452617,0.3220029378823925,0.4510548902322294,0.43724278772284464,0.48718327299653136,0.44467345541730513,0.4975739824484311,0.4506930456508368,0.5256168804513546,0.6281481394841223,0.614756670869501,0.4423566933419374,0.7604032693963928,0.45142211755726314,0.7193666945979045,0.5773189160203047,0.7900572271001773,0.7084070697900835,0.7278518843663884,0.24062018292622278,0.6738645421947056
383,0.6787555899794111,0.8360346836558681,0.6123643285485851,0.4803088983527818,0.39676693734594093,0.7298302927072063,0.5874643764003429,0.6755392991131768,0.3142194060107355,0.6310148961766575,0.545607892635446,0.32629197358191125,0.33681993851718367,0.29621174939140116,0.3205688043070941,0.4220372894166655,0.6183057406877599,0.6510804220997852,0.4549266199664132,0.500035973429406,0.5015159414222218,0.4532217061068125,0.57552518233359,0.5616644972073643,0.7034214733326943,0.4586027839736048,0.9234039632715737,0.6085256502046896,0.5912113879735639,0.6879234251345598,0.6497740213826466,0.7070424461146745,0.6611047458978939,0.24700812890083024,0.5185321201777993
384,0.6592515237263579,0.5071282142562463,0.6474789989493047,0.7671965808146126,0.6424764375938008,0.610040783021472,0.5988666561249588,0.48582678434083,0.4439994767363634,0.6479838926157002,0.45636181576279394,0.3221670192269349,0.35838009441355634,0.2796045384018214,0.47316746136427257,0.342886600104918,0.41761725359157953,0.4122887567418616,0.3773342490542393,0.5410558510939898,0.6154731579715735,0.36993236925786827,0.6467829359369284,0.584333452042046,0.7752871952772693,0.5649079815341849,0.6638258761190055,0.5572546172076553,0.5998499059740864,0.6130173901839427,0.8138562495837404,0.8106282043186614,0.6576512031498858,0.33189804416499535,0.5551831722174809
385,0.7491613918326891,0.6036672855276339,0.6993621356613628,0.37985860070026223,0.4361311400438256,0.5548379013299654,0.4233897953255603,0.5098512903420618,0.3584062852100786,0.6034984346959763,0.3998306670318227,0.3848179782951128,0.30382990633588314,0.34061053766259897,0.3796558437884571,0.3939330499042592,0.51299671688736,0.47878855506251006,0.34038554758670864,0.5128299465444012,0.42889595411875503,0.37493544042110416,0.5225944542484294,0.5378919598686482,0.5455957521051553,0.49096643763675035,0.7247865845303103,0.45884889552666996,0.6676656161776318,0.48539415503804884,0.6669681076243541,0.7430928915910571,0.7183069489863667,0.28897524062144275,0.46992491004326664
386,0.7765684326776428,0.4546475620258006,0.5779255910229246,0.7061917656238879,0.45682691133268216,0.6126946916424717,0.4795773600879143,0.41199920953238217,0.29260764577224185,0.7617251160264129,0.4321046773405606,0.3054806623436629,0.34984840608982554,0.24289382530466241,0.4484978275563829,0.36936921949962065,0.3851989749635445,0.6002505029370953,0.3749605017482497,0.5593622570227019,0.34275759081791346,0.3040882638221181,0.6740539083300029,0.47619907246126286,0.7066032492691476,0.5526704665358705,0.6847595999971383,0.6037039732894093,0.5313235959221057,0.8606643347453852,0.5942939624826038,0.5735781146574648,0.6391157824529422,0.2984633460378747,0.5606114088745553
387,0.8348444712188273,0.7132017718047619,0.7002859925034208,0.5960876165443418,0.5283560025197827,0.6618326859536194,0.6882704525586114,0.5982931133468369,0.2860448542606825,0.6316502130523454,0.5614151099350538,0.36703378011569154,0.42320759248252,0.3256963459430786,0.5107475746094113,0.4457940401694209,0.4997501110032915,0.5650164544387345,0.4203517445182994,0.6461337336777249,0.34864847887787725,0.4141754396848628,0.6741784521077018,0.5604641689855456,0.6288780196882675,0.6811354310540598,0.7967867277837596,0.6765528519869273,0.7074819492389206,0.8011870896635442,0.5915402523807172,0.7931824813460143,0.7184766908314255,0.30432539888378685,0.5072641932490778
388,0.6470418671375451,0.803787274808659,0.7295859359183102,0.7216745362071504,0.4363605275889801,0.6653113010647758,0.6597239501110796,0.4686397994527652,0.40291430885273516,0.602541601013852,0.45786703962658826,0.35682028803978216,0.3827390819603471,0.31683237627331984,0.46878858470549506,0.30911262747469803,0.4300385031772679,0.5589301628717714,0.5002266526894533,0.5645216272969271,0.3596008251046953,0.5009258357869366,0.7817763832152005,0.6043117456153436,0.7151962310116606,0.5927607024943212,0.7405483023311327,0.5896803548685781,0.6542613704121558,0.6117129729366857,0.45675117466617954,0.7454648506662513,0.7683626372151706,0.24319283422525048,0.6850082296398526
389,0.7990566474911351,0.5813818438593363,0.8277484707432884,0.7437416947642724,0.38265172462168584,0.700333732550046,0.6484934435314842,0.47490545076714685,0.29259660243821295,0.6397356539985762,0.49162799772246524,0.3474042628757471,0.4126537339931174,0.2961636489705349,0.533108041467458,0.42609079264421046,0.46889440067262317,0.5986464417259295,0.5174722509687594,0.5632073926472416,0.3343808584074583,0.5000443272934845,0.7733560455033242,0.7459780280106858,0.6756058266342826,0.6506059189897467,0.6397127928501682,0.6094429289222696,0.7000117925691032,0.6051698845683662,0.5654601961517293,0.5435274324189501,0.6000183907215888,0.3287613200827292,0.6155730435406597
390,0.6300943360958338,0.7282299894134796,0.6800324612645381,0.7057760465331537,0.4736294080180651,0.6601613879605343,0.6186741261796875,0.6964745812836415,0.3557384804639182,0.4811573997873105,0.557352861509734,0.47073677215284315,0.34454878127297733,0.3868426628701085,0.47045085983289653,0.32521397999840546,0.6303536916626649,0.4891704165839264,0.5100451463838037,0.6397396517711664,0.45516649474905957,0.6060578766573266,0.7415019162577983,0.5490760155078589,0.8969199206540622,0.49838782805541215,0.8053321966383724,0.688046305421465,0.7458226084203228,0.5810493325603677,0.5451936324627011,0.9067099940955612,0.6398007874925186,0.2946764009693051,0.6642680652746746
391,0.7794078448520929,0.5723555146284887,0.7182022714546374,0.7118591395724301,0.5566983692115842,0.607563315990246,0.48565633940137565,0.49732367180042486,0.40156014039804433,0.6871603336220327,0.4187781392260739,0.2891091957110914,0.32270099909475924,0.41923242480710354,0.5600416294869228,0.4110407857806566,0.5585994396331558,0.550832004547416,0.5007379288970399,0.6859134941945617,0.5000171741842616,0.5384634481232378,0.7260580118632716,0.6183023921624968,0.7678396458485759,0.6505544157938088,0.6817421037993151,0.4064606292865722,0.683258198431979,0.7210511536579225,0.5071082470146621,0.7260252867782021,0.6237087435668492,0.33068333756679386,0.6955364891908786
392,0.5131298045023254,0.8691822432193499,0.8152679672919789,0.7660692178105759,0.4459260175660271,0.6262850523796665,0.6055520293278998,0.635471871423122,0.3627564231864998,0.5470526615858327,0.4590848990942399,0.4307835381783477,0.36619744489444195,0.34085426167670996,0.46697523091830206,0.35025379141696666,0.7135082244487444,0.4334721549803356,0.5074174053812324,0.4403901804281858,0.4262674674595938,0.579755100093819,0.6659059026735236,0.5450481621231406,0.5720401337037048,0.5197005587957915,0.8616458568979323,0.4698580671597441,0.6866201096910763,0.534552236556992,0.5074654326277384,0.9812799594433093,0.7567024821932886,0.2683847275585407,0.6332745055628486
393,0.6859879071489361,0.6235600659925395,0.8285666345011791,0.6773062000992001,0.5180761615591318,0.6165696810448997,0.5441327400532601,0.4141793053523334,0.3228118104053549,0.5204387495225877,0.45972622743609903,0.29536895010245934,0.31330093320306973,0.36406991522710663,0.5329878273758235,0.36206335551388946,0.4148122485356839,0.46249232266749896,0.48929923829489536,0.5656758950839331,0.520432191577018,0.4538886711079626,0.5681286626473159,0.7673829154234932,0.7179832325092563,0.6625959396166101,0.655350561607639,0.6272936656190061,0.6985713723686309,0.5952308405324868,0.6299961444542466,0.763203688911591,0.5726349808770361,0.3693710058465177,0.5936860589871013
394,0.6643590745160333,0.603595682860468,0.8098499612110905,0.7192930702565191,0.44716996764615846,0.6934242759394187,0.6582176356889391,0.49592851031248697,0.37864620075951694,0.6088926610984254,0.5870678044087769,0.374165558577598,0.4369666580559738,0.4147562998629549,0.6011037705922397,0.3444506404179912,0.4608292562108287,0.4347616592484298,0.5953832572212862,0.6324126915189816,0.5223271840613586,0.4892871359458708,0.7006839435051548,0.6787539125531188,0.6939714327434217,0.6693472879654813,0.7642542166344382,0.5918408073225345,0.6847604335768935,0.648940399167301,0.48066381660489155,0.683769535442329,0.6320597318734086,0.2954858330110598,0.7980156291321773
395,0.8603318291862634,0.5412483721495005,0.6974133643868912,0.6782022474289652,0.4472218937754706,0.7241789755054844,0.5315657443361514,0.5800181933527698,0.3570188399284079,0.6961777276554184,0.4785470707541119,0.2964197772162847,0.3989475819540953,0.44041057053140303,0.5239285881989286,0.44854488925879027,0.3638175311719912,0.46937701005350047,0.4539187286464794,0.5663511042423193,0.5538388592663444,0.46660094109150924,0.8078821210640309,0.6564702132838711,0.7113495402786354,0.745847407993987,0.6603128669675625,0.6484739950207302,0.630990200804079,0.8095182957016842,0.49086964974281144,0.8145682044043001,0.5317287921353264,0.3787475324804541,0.4616505026882804
396,0.5723761452008329,0.675721062619782,0.697095856261166,0.6467626495431118,0.4798743680535825,0.7474250345524311,0.5773139584368696,0.44591895940013676,0.28780304453598093,0.5118715852399036,0.43646287954615737,0.4005333545346401,0.4145834637806767,0.4080881589561526,0.44094858991377484,0.40580761127158604,0.512850588444101,0.5316155773651561,0.32980555009039564,0.549177110338512,0.5489413047489005,0.45473801161827054,0.7571228809833639,0.6119561206062409,0.6606456615214408,0.5881138739101677,0.7704186552237777,0.7641178844048154,0.5919274116916663,0.6220615779986276,0.5331669783829769,0.7236899053683742,0.8309929832549925,0.2484345353951825,0.6751644062867113
397,0.701693099227437,0.5046239628186736,0.7311163594174985,0.6768389469774629,0.4850905630190002,0.7714184680545899,0.6484096296448881,0.45542852670823253,0.39870791410542744,0.5778412266929932,0.39602468363884424,0.33421566225792243,0.36356761303754737,0.36040490482372994,0.49094442657300175,0.34393658882227557,0.23168703748979003,0.6131725982244294,0.4692623148241454,0.6191784075605544,0.6308229269790102,0.28449926043010554,0.7443867518455807,0.5920130129885066,0.631590353492733,0.5494135609516022,0.5455373723640283,0.7401084638076577,0.5478349638913127,0.7402455054647954,0.5550822751180182,0.7783521557091662,0.747078845937027,0.3069964312884288,0.6817696960594715
398,0.7802163250015987,0.6594611075936295,0.7880437142155461,0.789347802508497,0.5159612527352808,0.5341979685247824,0.5216794785324275,0.48116836762144116,0.3440301005222276,0.6992387865462086,0.34019678772004613,0.3592480531382686,0.31397503339873467,0.3004431167133444,0.48345632455493154,0.3888621085452126,0.44364974104653543,0.5228168029390158,0.4821327687167819,0.7145790681992783,0.4949752569318419,0.5270999680682319,0.6265207729596584,0.5901074407903218,0.6033032343859999,0.6395780747823734,0.8184108584670584,0.6768352499317647,0.5329574903807109,0.6506856280722857,0.3997917162595659,0.7806536367478222,0.5261826598856019,0.3016273784923915,0.7151502184875238
399,0.6613558005380475,0.7073537359909006,0.6909516845814176,0.6155007769112678,0.5176038218062066,0.7431449963845622,0.6442636187475872,0.4841718382561309,0.3731107021582707,0.5856731850583233,0.4900915936025548,0.28843888496410697,0.342950275260421,0.36386525940216113,0.5348792650708712,0.4096125671992441,0.33091593594471247,0.5779149440811204,0.5142951685019527,0.4845558047808393,0.6103232528366664,0.35044581950327414,0.7688264952655828,0.5727011185182749,0.7004561035284174,0.5564387783655238,0.9052030010278508,0.7041702769631878,0.48777435350936327,0.6408875544500966,0.49806777819224374,0.8620844507802679,0.7233448041108703,0.28523943126381013,0.6765710130480516
