iter,a0.85_s3,a1.0_s0,a0.0_s3,a0.3_s4,a0.85_s2,a0.85_s4,a0.5_s2,a0.85_s0,a0.7_s1,a0.15_s2,a0.3_s2,a1.0_s1,a0.15_s1,a0.3_s3,a0.7_s0,a0.0_s0,a0.15_s4,a0.7_s3,a0.0_s2,a0.5_s3,a0.3_s0,a0.7_s2,a0.3_s1,a0.0_s1,a0.15_s3,a0.0_s4,a1.0_s3,a0.5_s4,a1.0_s4,a0.7_s4,a0.5_s0,a0.5_s1,a0.15_s0,a1.0_s2,a0.85_s1
0,0.3221798809144696,0.3040960867448381,-0.25933595068381193,-0.1686823910218221,0.170612353361196,0.42914128830272724,-0.04749064692559139,0.23400496146584754,0.15608416544348627,-0.315650073507707,-0.19354176318906507,0.3954591621366676,-0.4050736136897091,-0.01881929239408161,0.15807290908027438,-0.3001377518671496,-0.3691448766373564,0.23951341465785106,-0.450390277997243,0.11794508192752981,-0.07921475462464167,0.08233256753082963,-0.23290020418293328,-0.5950580655592549,-0.1331632774826419,-0.5903448607648426,0.3984873882282712,0.07108646432224852,0.5629200137459829,0.2842143357392001,0.04640812616031392,-0.02696730261600524,-0.1842437205268176,0.25210138643538027,0.2805591637239406
1,0.3332724730458384,0.36022310979892025,-0.45347045161995264,-0.0869308512633617,0.15809670454917446,0.2951094148171005,0.01940744212157631,0.261606658254456,0.1738373391079844,-0.14778089421776647,-0.15835466635368817,0.32831702911274796,-0.05921533557968454,0.04180756421664883,0.21096235911151337,-0.21765310913351307,-0.29828070360699044,0.19912615000077766,-0.262678970260198,0.03274947754144939,-0.049903302292736915,0.2492252582506212,0.010788826523748246,-0.27729107408047315,-0.23383341670317154,-0.5851003726055366,0.4223378075681432,-0.017634936854852387,0.30198931945821866,0.2180386826488414,0.06328539257912644,0.07019861160740835,-0.25219825468620016,0.3286068772698609,0.3079776829660607
2,0.2670658960069187,0.43038946041348247,-0.39144997522543357,-0.118531915585947,0.2988982897933299,0.2906644422635935,0.15739476335474475,0.3935127755146755,0.1852922544386326,-0.013838428080178933,-0.19170320219773057,0.3579831725707899,-0.27172209668121466,-0.13063633132745586,0.18942248949423665,-0.2967138144253451,-0.3853993367950198,0.22386710678293653,-0.1848191829633174,0.17896478358234122,-0.1909125291201741,0.06403430081074524,-0.12141953964106872,-0.12768475890017933,0.014488590900582715,-0.36503770236382094,0.4708549611800672,0.05214875378562593,0.3340927641970192,0.21764444428907737,0.14412348901716066,0.05712840125950291,-0.270913009247573,0.39768784915078026,0.26809432240115877
3,0.30123335258640016,0.30984266661808785,-0.4408874269080472,-0.08814417514259265,0.2788802259249943,0.2897642138626617,0.1417274183794242,0.2899792883699684,0.1445875283590418,-0.011678640882302985,-0.041571828240845585,0.3144011672040588,-0.15372133808713379,0.113460041828603,0.1447115144760155,-0.7769350034768544,-0.3379204461669503,0.2872383654926865,-0.09900766320945949,0.17045668062264618,-0.03743132831618323,0.2644952712386273,-0.02545387938081689,-0.48644233645539287,-0.16435838177513773,-0.5009514495081357,0.4853506624540558,0.1788372747700237,0.4013848292256551,0.3146000021159517,0.1319044595722218,-0.020519319780065198,-0.3056857634661296,0.2466751936699903,0.29247816267416205
4,0.26772474606240854,0.35610401373814904,-0.25610466088865447,-0.22898455743181687,0.33407923710653853,0.3767982188005225,0.02772814018232827,0.3503536855757748,0.1505668922139693,-0.042824334975145484,-0.02743104404120629,0.23265378633645667,-0.2508451305923868,-0.05012175586343747,0.1722856448542643,-0.5955309335660277,-0.11461952637151054,0.202181830851539,-0.31626983640039974,0.08248113475620134,-0.05824131862380926,0.09156454923752488,-0.03142386477920827,-0.161062225914823,-0.2674317457029903,-0.4417551959694845,0.20898882690976212,-0.14848705475865148,0.27049668753719336,0.2376925932888757,0.05179345793645479,0.10392792971270642,-0.09791656879919634,0.3588580627207161,0.3287898508782451
5,0.32997685457618997,0.30089987036125143,0.015701076865075443,-0.2087168533711534,0.25245272670111785,0.2548201989296025,0.17178124620238233,0.2663750023587452,0.27197560802342985,0.21420233626423935,0.0652635381008457,0.43109422721927815,-0.08098620452064757,-0.02700922173019858,0.25078035824913314,-0.324789024121905,-0.21500318374299318,0.20775740541340632,-0.2588378800063643,0.014802244520468286,0.053081533525427334,0.22294157419119348,0.006167645436734273,-0.4244123266046882,-0.26908419640027603,-0.7203486466567365,0.38861657822717316,0.07009616306209007,0.21185106847981394,0.10091353492721669,0.05117960398973366,0.178816030367626,-0.045189393810431175,0.3307582717129245,0.3926144226630255
6,0.37320011667444264,0.5689399514233944,-0.22927831199093612,-0.03426931521558706,0.3021852501877275,0.30563511314789515,0.15782683031972647,0.4298051587035407,0.1756894595625696,0.05441884499727602,0.032728842050911144,0.4392862361081416,-0.1418508053251858,0.10914891907616078,0.25270107001436287,-0.07444415379454297,-0.2866606765572433,0.3822799155114147,-0.24326995521975114,0.11383556465912369,0.10309626641639424,0.1845142137267573,-0.03580930185505865,-0.011378332057465197,-0.12782127795001813,-0.33400343164490337,0.5112517406448469,0.010393136128039594,0.4708253078499488,0.312890245039802,0.13666374254366784,0.05778936220278586,0.007020702718728733,0.4486109030008618,0.2361521917346869
7,0.3026068198582214,0.4458912317962522,0.07233703715129391,-0.0501240566599204,0.3069359538527169,0.263261899346176,0.17954802836432301,0.39048742508189005,0.19501407905378587,0.0966712509814173,-0.053499191685709074,0.42639161319815,-0.30589556251433103,0.1104680482545462,0.3402584481504886,-0.275102279122044,0.09804696490517179,0.37556936553946063,-0.11025963833121069,0.12288722024777546,-0.11626031263004452,0.3495689298366093,-0.14360960161261194,-0.2258697804437761,-0.17322874172667752,-0.2504363700680303,0.3116656478657493,0.014310040251224503,0.3086971292659665,0.24235846940498784,0.17234236460232583,0.08614639328439191,0.09952417201042968,0.3523536688835891,0.11791186643736132
8,0.36042635066017287,0.3708202519738766,0.27532119735314575,-0.1289700113080631,0.33254960279239354,0.40005923716926484,0.19671233047978198,0.3307867490788924,0.2524273217723936,0.1388262734608533,-0.025477627196164067,0.3253060628346669,-0.1193583163171526,0.028003116889914918,0.2590111218344879,-0.18068685043604282,-0.20647813793690994,0.20274328626269697,-0.1372337241087021,0.07791379760229017,-0.3035322269898182,0.24304788650003542,-0.05545463448838589,-0.3547411673994491,-0.14279711708971168,-0.42697486172545274,0.3768784449415908,0.1988503135646676,0.4323180141829256,0.32335186734468285,0.10220378072009031,0.3050554881089846,-0.09312485405686713,0.3303975985728671,0.39911678457294913
9,0.3517659031801965,0.4743108629004318,-0.14270341238512416,-0.10616577481151081,0.48100476505400047,0.4308098783132435,0.17664165333992896,0.43986854923116936,0.24484161456129727,0.1774852286312815,0.17165945157241672,0.440818260444348,-0.5131023146074476,0.08333637624969839,0.16921428739862765,-0.19021638313376915,-0.29745349346838845,0.2639704245543434,-0.06251837481345915,0.02917056118581157,-0.10250349975986932,0.31212578323707774,-0.20550255932558836,-0.04154069195033512,-0.11316203093951517,-0.5012849331382245,0.37468110879478445,0.18617496757738464,0.3269361804193754,0.40350524324842185,0.2179861463057045,0.2014582621510742,0.027247049386116294,0.45280987246993787,0.22057689882406747
10,0.38899620408882885,0.437013423887617,-0.2314592745624696,-0.17260336456941489,0.19962875461508883,0.2572213205067466,0.1477658228541773,0.3336152850012033,0.2353595254332353,0.14181918968750412,-0.03235304369482213,0.431909703991316,-0.11671135767550365,0.11454173333210446,0.26685434205720415,-0.11755151389053697,-0.01666136261030611,0.2603643794279088,-0.19036107099605765,0.271912209352825,-0.04276759258544929,0.3395560357076308,0.05695701468175895,-0.5690863848412805,-0.25226591768019224,-0.37657911327744487,0.4109574152993114,0.154888241901121,0.3615569719787902,0.2334976981157341,0.17767188529852568,0.2359566053549144,-0.02719395411375984,0.4681074051857142,0.3550740310306145
11,0.47441722123620916,0.5931572977991961,-0.29407776186194856,-0.06856292024652111,0.32504130252888486,0.4032067465636141,0.1524251276334574,0.405932898261684,0.204028818678334,0.02924171096038883,0.10908816092713283,0.4251106602190954,-0.3143285119240415,0.2364885320738086,0.2428150235587881,-0.0022792024661043714,-0.20184029726833508,0.29560676569221056,0.032693607419132825,0.034564514276122685,-0.023786978941494633,0.2631028598228111,-0.19690575056471976,-0.4515875417028483,-0.2201472559303573,-0.3767440436909202,0.417152874787155,0.2254257291844796,0.24667144571233207,0.28977160786139367,0.1296226212259197,0.13859486092897744,-0.11492628642761835,0.34110589193900553,0.36015098447735905
12,0.43453022900824156,0.316795973259943,-0.11272052994906959,-0.014823822119343022,0.24010299939209365,0.39032079904489286,0.25606441646611944,0.4027101309869569,0.17381604942839618,-0.10072662581943508,0.12026290220746584,0.5130265634051034,-0.2158903671456034,-0.20227943560034675,0.23704829208672878,0.03401136812735428,-0.1315378545137642,0.368048066009665,-0.05271759091722292,0.1422797988987508,-0.3104755152590886,0.2820986987567653,0.08363285033449507,-0.04287345856241104,-0.11072094709107559,-0.14244238238503737,0.5243423544053121,0.23720294856468987,0.1690198259539031,0.24725123065547366,0.1363184509558937,0.2829877551779557,0.13477423055055224,0.41044110020053626,0.3930695572974813
13,0.4077713910063733,0.41912418077552405,-0.47928235121871976,0.19459405435979038,0.3624914576410697,0.41249395392622906,0.23653575804563287,0.4119225252044294,0.21509435103261826,0.07899374188706668,0.11406137008510758,0.5356437994089072,-0.2399106709326535,-0.05323579806240945,0.1362302591391045,0.1874600682576298,-0.11513735734645,0.2334916871942852,-0.34250793475086777,0.017043749511231096,0.06224855857020105,0.32540098181214383,0.028556783693802344,-0.08323163164142018,-0.12218812126657638,-0.1810809295428517,0.3920321694572475,0.27410668456838694,0.3988435704593156,0.30363453532537016,0.11219355142972944,0.23737114754362837,0.05239200937977233,0.31512981667190826,0.3076871358437509
14,0.4250245994886496,0.6425487468337314,0.13853214212485077,0.1455931219466073,0.36768695268302787,0.3221570380893901,0.21184095375718703,0.39800076792526745,0.22020114812161173,-0.1945156402556044,0.1258408492948857,0.278868303935367,-0.12498846151144444,-0.022747113745736375,0.2590299330576975,-0.12556664720973915,0.2986666201588595,0.2954686039063114,-0.12639162691413927,0.09168973491233232,0.05110558122701592,0.31046509271506373,-0.04222921594409893,-0.23372147689775502,0.27580356361821345,-0.302932984929394,0.5400979234360342,0.2856296412708486,0.5281235822859834,0.2615675874887013,0.21905434567827767,0.10818281079188881,0.06800144596976132,0.4476336327547574,0.35242326632489485
15,0.46564316922595583,0.4668311479933209,-0.27597310187603424,0.03660102646814298,0.2841963288795796,0.2722141902366395,0.11303347656602214,0.3973481711646526,0.19033571937259475,-0.006766261990246172,0.12824688263173042,0.41410126924141527,-0.26724448285777225,0.11386464859165141,0.2771826366003135,-0.08372952673322158,0.21999163517813344,0.22850539015918025,0.0887521841756655,0.08306242636759836,-0.0028437210562930228,0.35426816590249094,-0.022514795336370415,-0.10182994455698177,0.44712382816644447,-0.4274561224168411,0.539836910409004,0.1883487828278662,0.48122526192588017,0.23908558697896407,0.2004411568509723,0.2333551972756647,0.14139595388255308,0.47680241786445327,0.24611873494845102
16,0.39731494456532446,0.4274340657293467,-0.2370278872380046,0.04590399557992504,0.3917854613866234,0.43687554869212963,0.2771886912226448,0.34881006995737507,0.26213258724113553,0.23837506845124723,0.1648437635718245,0.572519616537029,-0.09782284630306165,-0.07015164635920408,0.18229632465911944,-0.037774025061065766,0.3215733514928138,0.0965262212647244,-0.07688321906446483,0.1224523430802959,-0.16109455897259625,0.40692905862631934,0.10488495594437061,0.1494840681077162,0.294916086713869,-0.2600845914760811,0.47153333388412,0.3849240471045362,0.5654565418568991,0.3000779394502866,0.2245402665189421,0.2793092170703202,0.08234145671299187,0.5948028195451495,0.3690052664086138
17,0.46561840978076485,0.38759172130674924,-0.0884405537942916,0.16186617530063557,0.315402068561773,0.3140206435458279,0.2890388756851876,0.4853754673336935,0.25990038499746376,0.26480495755414213,0.21163641486730478,0.5713387459843767,-0.22456544475285084,0.07388380941711065,0.23765837183104363,0.15229941464990282,0.16518370740674793,0.27971091723834635,-0.11765470675372763,-0.0006745470369852527,-0.14208494622954593,0.3342025675739624,0.09346707294740808,0.3292325424002098,0.4435886560306298,0.13530387306530461,0.4580872118058792,0.3868291244422113,0.237681993126866,0.2864673642697311,0.26436600374809544,0.18730136539695363,0.22656775657280842,0.49357734541714104,0.3553110124556987
18,0.4266972243500893,0.5040317035462638,-0.48451512814181835,0.16767085011984614,0.4254359434680136,0.4972787886846417,0.19139735730912463,0.38790205644237363,0.23112269457425533,0.20580749594906855,0.17385404680994146,0.6504840593654495,-0.21178120268816214,0.21772151243090837,0.23593229335797247,0.3360042587158463,0.4839688614942109,0.3431419676027575,0.2408062477326955,0.05446719503458454,0.09312023342278494,0.4276383947301309,0.31945741267825944,0.3545049965994679,0.3951174658938588,-0.0011796462091149054,0.4857901071097827,0.3574453407653728,0.45618390720506075,0.37653468263494866,0.38506704340448566,0.2305328844887464,0.49759077721329326,0.4291049749584676,0.4323081306623242
19,0.41372217912729636,0.543279140834511,0.007680776602218081,0.05616525782440972,0.34762091372850423,0.42827663000677374,0.22323147017836303,0.40960346692351185,0.31843362770879463,0.1405728307673752,0.17178122695372364,0.6995155715062191,0.19339540754554396,0.17756082353919267,0.1833206786066326,0.3240544594320272,0.44133716847355214,0.27937576448576185,0.048839623625331265,0.20683693660477645,-0.10941998014274762,0.3504059403027856,0.31173576162326283,0.14739974445196444,0.5573279082395153,-0.03159041750359094,0.6346501454872266,0.34255283898671046,0.37184527308457793,0.3890764521909129,0.33112508343297997,0.3076306570927375,0.24149912164531961,0.4421078683735131,0.385125301969494
20,0.46704790689142434,0.4413138741501942,0.15975530534970106,0.05714299223724638,0.40967512559775254,0.4133711399800096,0.021857760514253602,0.4004409415677995,0.26372006560927974,0.1549180155984967,0.357035658118985,0.36343434978937794,-0.08975014999543504,-0.044054912484394554,0.27733848388473603,0.23323041527116234,0.5762937898274205,0.2054463680208059,0.11111680179025207,0.2051324785779165,-0.0292985111392658,0.4377777145096322,0.4141367095504228,0.34474588386887783,0.5132054762537451,0.21439341541137813,0.3908259190639515,0.42782704920254105,0.4488653279560758,0.3581570667275884,0.5471133715860725,0.15924310970205902,0.257420521197428,0.5018317698407566,0.34172003719255817
21,0.5435366646395106,0.4300337203471581,0.20677886795654105,0.020870742977352925,0.3933978948970393,0.35500231893916123,0.1267179072267851,0.4295923201591457,0.40263233302338775,0.10616722839115636,0.3323696971528173,0.484904185167357,0.028141820710025585,0.2261381982648608,0.38843935929238815,0.39673938731311004,0.6739483585026479,0.19461215708422852,-0.07354930169705962,0.2782670673579769,0.053876573066364376,0.4533069674568583,0.2397244604937605,0.25092617663815253,0.42044719979403933,0.18316292641367893,0.4639453635687442,0.3261394587996399,0.3423730566732608,0.3168965416135312,0.39667540818582875,0.3149038983425013,0.3768368573913794,0.5051713652920924,0.33921990191939666
22,0.5089440037809512,0.5403694551985269,0.06446705846600702,0.0148396652902556,0.30737529432710453,0.50705126310763,0.13671304928175856,0.5035438967940006,0.2473762576454691,0.1804280222275577,0.3976946255932883,0.5526869013073329,-0.07427790653437928,0.015672130884332836,0.38622640016329896,0.24045259508376138,0.5641494429177694,0.3269424902417634,-0.1242989959515889,0.29233787297651215,0.004555740378135845,0.4040654284313484,0.15599240991130342,0.6164078954735701,0.5223006681639859,0.20412370946892508,0.4218970861491105,0.32635936216920947,0.42639691613984415,0.25655525886300395,0.2980059636102169,0.17785005439029422,0.3010476501567923,0.3418424258140532,0.3438049873166935
23,0.5410572578747106,0.543140354356864,-0.10949940383120287,0.2588368025769364,0.3803631835706429,0.4851235774720378,0.1145031111086386,0.44955537598727724,0.2135466616383096,0.16787466562209508,0.3139103535280482,0.49185850738727965,-0.004143263695658029,0.39466783822725404,0.4649315214354426,0.8740948946978554,0.592444767357844,0.34546042427496604,-0.07586574351657834,0.3298893761976257,0.15665071548577192,0.44683092470731356,0.07886650520623893,0.46430560276264354,0.6540104810692813,-0.05815946593898472,0.4673355978927839,0.3792277604431052,0.3109302676712128,0.24794666152326922,0.3396900327014812,0.20799566981671064,0.15021710868556276,0.521300297676848,0.3465549492542428
24,0.5445224139115938,0.6089075063720808,0.4557692898589554,0.18777654646364697,0.3879180803097372,0.35751900653540813,0.11426143625032219,0.4052301764871793,0.281108817393951,0.2683861434103914,0.4780588604132787,0.6932429126022601,-0.04151062455976563,-0.05132268844700076,0.4240079271742987,0.809363740489562,0.4898070827316394,0.3870913868618323,0.4685527146127856,0.22678678609682312,0.07842089019143098,0.5574870385875017,0.249739881765873,0.3819110294746868,0.43464550090428977,-0.017169680762609787,0.4695240693303495,0.3501176793327917,0.3408608368091632,0.18301918064333944,0.2664587541263308,0.20909959658521296,0.1998835689379242,0.42028733730578394,0.3522872642007246
25,0.5716754148511378,0.6989260471237024,0.22555421329102118,0.24885386420592812,0.41645361660633734,0.3870337210403829,0.19665655646587063,0.4110414941589961,0.3608502003615878,0.24289081692102482,0.3190512554246837,0.7137017936045493,0.05223172728709655,0.19959680504890276,0.3067905417164735,0.6550282922848315,0.5285710944324722,0.3883420186739822,0.05137844523181301,0.2289220770304406,0.18075165827287457,0.5561743809712585,0.3366093638792721,0.279226136151452,0.7139798305751064,0.11087570443002512,0.5530320577224029,0.35784285065361643,0.4208238277253522,0.19672300064803708,0.2613257193578327,0.39309770560791335,0.48904141580462035,0.4916046217817691,0.47507245215193605
26,0.5601054393042211,0.49005027022885533,0.21589443735791747,0.17366254299157854,0.38315561847821,0.28124143756598174,0.1882404288698512,0.3813816527373436,0.21102855788246577,0.36254249343024614,0.25807497019043596,0.5178459588989438,0.07570808701665475,0.25822092795625406,0.28808860379034207,0.5389388565443882,0.40330299225224614,0.18173878987011785,0.35544399155366035,0.2924109039828908,0.09407908414591407,0.6116985614369255,0.30049481519309984,0.5306544463836369,0.599547924632454,0.23580258231471135,0.4640405473569398,0.31895308667366484,0.34253366285605047,0.18897996362457228,0.2742092678309348,0.2762571274059798,0.5422641731329545,0.335417235799168,0.3318722178632266
27,0.5600158290012863,0.5948295175240538,0.33073377021223493,0.08367949111047288,0.3202192754959564,0.34299454295765297,0.07268134466849555,0.5396946853382744,0.25630482864213516,0.07573462127742664,0.3248991965672801,0.5961738902243937,0.001958115664239861,0.15965356069797307,0.354320197491149,0.6772506993033559,0.4711625492121412,0.31562061496915866,0.12835741774067858,0.2204565881665778,0.1666088773945293,0.49623069100032424,0.32537855378176556,0.6243525163102648,0.5160829232711043,0.1986165534148611,0.5056912148950832,0.31556889916006103,0.31661742147712596,0.21453396660473967,0.26427955411892884,0.2977197142432959,0.44858123455533233,0.3525691068122262,0.38521469493372307
28,0.5697454092662226,0.6634671876155225,0.48556995965375527,0.2978397533787812,0.4242074671421449,0.5215310954760499,0.16386286724801813,0.6041470129856708,0.12309870406431159,0.2153536424583537,0.09656394083499065,0.5532559737749768,0.009729925293853692,0.20135346031455814,0.5895549194678626,0.8177379011422325,0.6524956925213722,0.334194862797374,0.26019244676086467,0.19782802744038336,0.00633098354338478,0.5136084493549986,0.32697654826322303,0.35055684183626734,0.4823503193210926,0.4134027574582105,0.4557416464378717,0.3574543254863005,0.44898522511675565,0.26514548365989327,0.3852628013636487,0.32475561021806726,0.49994551314700275,0.40370960761437813,0.4073580905273988
29,0.46338354398262505,0.7797997353311116,0.401059406664775,0.14823142896880098,0.30456713575886674,0.38468962050310607,0.2412682991163517,0.6125753171899666,0.2825009606402987,0.1165082629983103,0.3416553006928123,0.7521259243769848,0.06682236767188095,0.08910506757229397,0.5119784136740436,0.7959906385163893,0.45510751623065293,0.26725694184633864,0.4923048857433013,0.15823317458893926,0.3102195887117669,0.6655035333269074,0.4810143460399775,0.4557591279281731,0.4915187719974361,0.14495180000602878,0.37947468950343244,0.3958671768970065,0.4005179134521462,0.30962890107352725,0.32013298448414673,0.12940929045033336,0.21415867457102572,0.40653381238033576,0.33612304409719373
30,0.463450679253534,0.7286056607855139,0.5347383843131633,0.27617785969039665,0.49907356909545386,0.5366085264861422,0.26768483104148094,0.5135369323546055,0.19740156661658442,0.3441039895818392,0.44124423727656226,0.5769322392126959,0.1609604886345743,0.24257180982522156,0.4249550074942411,0.8209443359718231,0.6738863425393111,0.2984190968660119,0.4357228985623389,0.3665277471092376,0.181579042009567,0.6169036547924591,0.39352530509839057,0.45268186281958445,0.6461194300747679,0.41854381575369276,0.5098101894738005,0.3945286571047274,0.4104407613018441,0.2649494211599761,0.32780492904732916,0.2101951009974475,0.29541497113046905,0.4046423344714308,0.40254932193169535
31,0.42273556561657016,0.4681430506132626,0.30579610703866,0.25211790933528,0.38227451693324455,0.46393046679903516,0.2079395143154692,0.39340514211287436,0.3140110495163334,0.19308510544137747,0.2673634990709518,0.7583019907374193,0.10331722321339556,0.1383211040831319,0.38617139795887356,0.5495656009831694,0.6941210422901036,0.3275942643054254,0.5444130589755457,0.15096962883663248,0.3189580238066596,0.4592047242163175,0.42707814807468647,0.6431292280820784,0.5605893631453471,0.397760938399134,0.41698787189972464,0.5355694967491199,0.3730230394940577,0.3250684618591122,0.32360734406084685,0.39043289673877846,0.4295511332989938,0.34804875261946283,0.39013170721536794
32,0.5414363848698438,0.5757238629869772,0.36797575227621804,0.2608646712773904,0.4036370343952078,0.32753822930996923,0.33322686970759957,0.43094929326683024,0.25894149545841283,0.275516224733177,0.5479470715608181,0.8413712998579337,0.13936724726068644,0.2365531230159058,0.5472689124804813,0.7433532658445747,0.48818982340202755,0.4423492232563877,0.37329349714883725,0.244566378088761,0.14625602009690958,0.5702884804998677,0.39507179940424897,0.4212283590206801,0.5875938627241275,0.3871172154166902,0.44568423371282406,0.4382486704624069,0.42902523233622836,0.3770435487687148,0.37212746268307756,0.3495284100433624,0.6468358405382044,0.41272827933064254,0.38953116944477056
33,0.44678639248295987,0.5487892551513758,0.6423327501916138,0.14910506475342783,0.3690580928199953,0.24563949881449368,0.2396686855959443,0.4239944324510134,0.22082584495860447,0.339344233881151,0.31192164461873945,0.6654932224277041,0.14283605256510443,0.21363275852380323,0.5386413165053979,0.9366373601278493,0.6180626080345282,0.2139678620553059,0.6427683723724611,0.15962100112383742,0.28988341593979594,0.627069897056842,0.31330796680711936,0.2595814955532832,0.6855434703798473,0.2828739446122234,0.354259879575539,0.3886508604230407,0.528692342999626,0.23859845773832633,0.3979209358891116,0.27040527962688,0.10761426653092743,0.4418284256023809,0.47505968632133483
34,0.5548091928703038,0.5156109650387115,0.32690679480823204,0.13343512122712495,0.4236096333374341,0.3601006307427525,0.3442330115872475,0.47756059800307815,0.23144702753478727,0.2657461054311828,0.2109990148117042,0.6794078497545429,0.06318833653361493,0.3402835368601369,0.3490678234109498,0.6916833279514747,0.34592272756464426,0.4150564874082725,0.6914666142543648,0.17084673250531368,0.3188649683643257,0.566072419974407,0.48143804023109504,0.39039315211743064,0.5139125985167597,0.41698168200869573,0.5751708606502237,0.34515231966719134,0.26870982110206226,0.18497651528214762,0.44958052266242987,0.19965688958962569,0.2973673269307101,0.4141571673923202,0.4530396773354666
35,0.6520018199844759,0.6418379617814305,0.6681297969714335,0.1388014212410995,0.32524059965130414,0.45659352260040487,0.15536237288061788,0.5612442962376336,0.3119507695299267,0.2033292678463989,0.2659061792601918,0.8032763832904006,0.03007976569081796,0.2293377058144614,0.34973548340186256,1.0023350168995306,0.48493564513384674,0.23921233851760837,0.3859276571775043,0.3224158077998565,0.37165623246949997,0.4355674322657431,0.39965467319362646,0.51685091081195,0.6316473658327089,0.4393557703692479,0.4989217754985237,0.48199216708456427,0.4194738187070586,0.33320161366898704,0.4327076689352535,0.4159395668372019,0.4578813972256152,0.26381522554360737,0.3612858589313861
36,0.5262366038955525,0.494405123671767,0.7512027319279371,0.20785429798701405,0.391120283966702,0.44112378418050424,0.14150874403112224,0.4072306608425282,0.18421883865103728,0.26451443369619454,0.28256976586312216,0.6127777459738941,-0.02932699209344229,0.31479017355584904,0.24891632308822084,0.6930162802743285,0.6343217742770095,0.3041638429824222,0.4444111312907286,0.12663226592768934,0.326717777032835,0.39432386573526634,0.4772123884261193,0.5247128709086752,0.6085839048165136,0.5250159945174051,0.6410281519765544,0.5734476296047631,0.5089371742884745,0.44011030742647106,0.2624626406494619,0.364676617478517,0.40766842315086027,0.3295563862998161,0.4812648300842297
37,0.6153535735534852,0.5660237378728294,0.7253114826228568,0.13007590252154588,0.41140585647195205,0.3015793694264334,0.22393462980825846,0.4777763922165874,0.2786561278641553,0.3742872907320101,0.41361791302285206,0.6281316361167559,0.036187266370023535,0.3680311708226565,0.42020148092854004,0.8157545269074993,0.5722713012439888,0.43171821768411234,0.44142310710727317,0.23719400120363132,0.2006948349194969,0.6336178433612234,0.3572747524902289,0.44384051700202376,0.7052049315215192,0.4868542879326678,0.6350342883035214,0.4541668726338085,0.36372005355780435,0.2727979110713165,0.32062356266900593,0.2992665662532867,0.29290831198617545,0.47340788194640854,0.37395324749402625
38,0.6498969170809064,0.4752369319809884,0.7188891210676969,0.19428701741051208,0.44135212707373495,0.39631861697974285,0.2903203430919911,0.2407957742061285,0.2722654118563725,0.6967032475826298,0.35387832047249734,0.6476252484924967,0.1873902479229721,0.42577492821466034,0.3048888069544894,0.6010140147136815,0.5502439469897453,0.3961153165168295,0.44673508634913256,0.2373908923990976,0.1843441654022078,0.5315221138136863,0.29380586883626436,0.532872521208262,0.6374221217682094,0.6178096372120714,0.5972597878144525,0.43719891777536013,0.36444562266282354,0.3313698479714736,0.2398242171350665,0.4461952186892674,0.389129229676397,0.4037787082466703,0.4212451447022725
39,0.7094034824140568,0.5286585610259734,0.6727047958000418,0.287757038023398,0.38671233228576435,0.4911126873899568,0.3316809410340913,0.3496498183560879,0.2841580706452704,0.48914432900219873,0.37552626764877,0.7663527683534825,0.2717164146608767,0.34026894981892236,0.24323969490928402,0.6599083007284382,0.8009561963050978,0.4617898106781055,0.21171558061063242,0.24876453603525756,0.3317487657372725,0.5709028410288735,0.6222380115515649,1.0025041302618616,0.638605859430037,0.8115688109866737,0.6801716823877495,0.5550766915192206,0.4707885023218181,0.40972459177155085,0.35086631043918526,0.43447027265682536,0.08351259196920349,0.5520450921250989,0.4993453157426933
40,0.6853047205917608,0.4498886561509361,0.8585001053237831,0.22115648356345297,0.4121339052843699,0.3551695002014228,0.39081086425796796,0.2880134794468981,0.20687928674276213,0.4233124205012466,0.3491933173703574,0.7378973435084972,0.18186068288024743,0.3590004322676288,0.40569327539905015,0.7155955596408967,0.654880469437904,0.28735327121478726,0.5353180692198146,0.2447011476137515,0.33221010069651835,0.5759959509302307,0.296020825468179,0.6376645910019991,0.6723217414505829,0.37991412525073176,0.6196030712429039,0.35238304799629805,0.23516976038674456,0.3178478526015983,0.24643666076236423,0.43693131126565754,0.3155841134518562,0.5095527537649389,0.4585104014660281
41,0.6508552153162488,0.6976240972073533,0.6642579776952298,0.3741737307154802,0.28968846791516045,0.4579527785556994,0.4467059667918379,0.2993973332597033,0.21001726648456281,0.5965093975160067,0.3426510746966507,0.6509841950316647,0.12765218521818752,0.3650172371826753,0.47682776714699415,0.5477789089019334,0.5859067644481213,0.2930285743393533,0.619151456661227,0.16546263138786316,0.35287890572965347,0.6176371069502945,0.3398969399840527,0.6099093779285006,0.7176616906855399,0.7137674052432229,0.4899225987676416,0.44681531676694464,0.4495292226508745,0.33438781046074817,0.3014584940995767,0.37423298713483444,0.4364544724356655,0.4591611876846826,0.3789752844600408
42,0.5265040110077321,0.44523525208555387,0.4981315417835177,0.2529616472312589,0.42913255194447497,0.43165888038426703,0.4228199517744473,0.3002085049236095,0.20821392917009318,0.5703844656063166,0.20208679997865842,0.7006499941283902,0.0182787676537528,0.28876248478383715,0.37054232684696387,0.7456646693299507,0.5771978413854849,0.3650959780118826,0.4598079202197515,0.324466567085945,0.2581791368842786,0.7969578590643488,0.37562575769543494,0.4020010660934953,0.735310470022309,0.4273105133396854,0.4809931589366718,0.22871967244035676,0.3249132009221373,0.266556826984342,0.34596609337454765,0.3884783466808651,0.40943572051785115,0.4760436413570315,0.4152131786080513
43,0.7260358517075084,0.7294003419636361,0.5530682768790061,0.30631091082627765,0.49048246844159027,0.39974241746409234,0.4214270860924426,0.38373396405191296,0.33531126940816763,0.5931089440350703,0.3414115409059595,0.6911602411494824,0.033370469957232245,0.2782359580367617,0.5362819906750862,0.8829513642028161,0.5419346681758004,0.44816341589362124,0.7008820702577507,0.23751993745599248,0.28282941012233087,0.6876089258811113,0.5038728475121673,0.5745535535017934,0.7065607391986434,0.4197540040466784,0.5466112656973465,0.4500197870972519,0.4344329060149311,0.3092229053189382,0.27381825949782196,0.42551843341879897,0.3660975019720855,0.41297983551980055,0.46013739612692245
44,0.4990085791228434,0.8199161409712817,0.4301958535980356,0.39800104646734596,0.4222718198650148,0.2506916592194589,0.2400187626574542,0.46807971940278253,0.12026108854395196,0.5724062351864969,0.4064449069199866,0.7444653786897378,0.16830988000422578,0.17411693658327804,0.5816699371959042,0.9476575665796827,0.623211928986656,0.32373851578090673,0.5382750870726349,0.15598982099751535,0.22264715526875026,0.6568367696801554,0.5139416228960854,0.6476948121255767,0.5188319434358785,0.6251030408414816,0.34654374730195936,0.4621246090092984,0.37415626758285236,0.2784522984326243,0.3730181858876006,0.47057061505640696,0.47822923545311724,0.4552722203228304,0.5876453922418365
45,0.5811663381193877,0.5687149239033005,0.5027571841226413,0.27073690729826283,0.40838842841256573,0.28852615454187247,0.4035428512547151,0.38844386014890875,0.2816394470798607,0.59571624970636,0.3443915923056048,0.6469400198011874,0.08722586946140491,0.3365020057018461,0.42585723594372105,0.7536949463876417,0.6143534436738324,0.32916150409050743,0.5703121551068112,0.23255640123280114,0.1561506088444584,0.5508018557809805,0.5296647472687166,0.778114258276981,0.5566520000079862,0.3723334140103313,0.49983310298957573,0.182353020521894,0.5067517134743995,0.2552561247805091,0.2394894630417136,0.3988487617492166,0.35358444950749635,0.46723067614290237,0.5943208846206963
46,0.5638167334693174,0.7906660017242071,0.3234829934534331,0.3373252416809726,0.4313050620095234,0.4677719610599889,0.3614630629183104,0.3966035577166277,0.28546209678991896,0.643984652371779,0.5009620640705115,0.7170950398413203,0.37836846360040305,0.20973212063582036,0.4487255397515981,0.8752620072776756,0.6899891789173597,0.22295254879012752,0.6897485272855237,0.06936299008785071,0.1358813645282306,0.6350705878613182,0.49125953034992065,0.5891931024883656,0.6020488338549488,0.5455064654040167,0.36735615818995254,0.31328088520746344,0.44641283894061196,0.3241748365737628,0.19456847653800163,0.4981526089525299,0.5115042253389201,0.5191417386342826,0.5667885703810451
47,0.7050317715648159,0.6376117888089957,0.24033502495912853,0.27551060490963,0.42654481005882483,0.30480079217045475,0.41868424369724533,0.4077067790562266,0.30969473824880883,0.5900157073775446,0.42263376630203,0.6814808888732311,0.20370961189456635,0.4616177700730856,0.40767500081681834,0.8283659679552953,0.7757691687821721,0.29843809081065453,0.7870063012300836,0.1542272775589011,0.2653512221859282,0.65019952244792,0.6005576411526645,0.5382387327996848,0.7182133666156978,0.43006451681456587,0.5209844375841675,0.3738412973075409,0.42388551019304394,0.4051168849859922,0.386064633525375,0.3301859625640804,0.46718610137500893,0.6774631237202402,0.48683095890024614
48,0.48638719633302685,0.8087656569770719,0.8220389845704852,0.4121946961764614,0.3833092494487962,0.4638567969983223,0.42330696445750393,0.4415427466072606,0.2530403058414322,0.4784762171571161,0.2277677024066586,0.6215230658625064,0.18467222766576696,0.3594825180503654,0.5250812515502224,0.615158020663911,0.7462462581034509,0.18804184871845958,0.7573354074730163,0.27234022350800563,0.33031757586301785,0.695111406860715,0.5545587507435117,0.5514636537071831,0.6548306459586917,0.6196374887313731,0.4510736763358591,0.396385498810982,0.5128743882893718,0.4331003821658217,0.20273118704129092,0.4943517881774366,0.5185815371225984,0.3976003736298798,0.6264289997234267
49,0.4757509602904497,0.6283187436378765,0.28956386858181277,0.21305088608458572,0.35850230053314525,0.31220643217526184,0.3005271133001154,0.42466952252711965,0.21064534137361524,0.3848108514954856,0.3475449175757591,0.5600758694981578,0.3027226556117679,0.42139421329255156,0.4562725044724387,0.6218057317777403,0.6426871906749128,0.25885025514696525,0.5621714051201823,0.19035711532960756,0.24986246561411257,0.6517847901256419,0.45473113504870605,0.7907412079884611,0.5667042583950005,0.8126338046877688,0.3969446401726417,0.3716936121498608,0.4673460054673346,0.4647727064137199,0.1873666537002166,0.40051640423932605,0.4429103897415679,0.39397452758008256,0.6615820166941168
50,0.48836639883966165,0.6399761132728445,0.630545363245592,0.33319200166303076,0.25758522600869294,0.2650103682079974,0.22738505371567388,0.31981758487379586,0.3146330813409568,0.4937354207325556,0.3481543528718289,0.6807154863638085,0.12320779127918305,0.5028645509956304,0.33411093270992265,0.5259602857385657,0.7660148757623719,0.32499974699526313,0.6125951747226468,0.28035939336220317,0.12470919710863729,0.5934141148584398,0.48183718408830933,0.6276247211685868,0.6039150379391742,0.7753684923365602,0.39229831235074186,0.30588940914304275,0.5494069379703116,0.40924876777141916,0.34074632413587524,0.30393079143093604,0.36719557200595904,0.3739876700317839,0.7585798495518589
51,0.45678995364345504,0.7119454024010825,0.700916000379525,0.3128374207563277,0.46476748940015755,0.31186962689701486,0.35231016387366954,0.42197255609710094,0.29904789250803787,0.8449358554874187,0.4203005584368842,0.6295901687948737,0.2912105023212199,0.5445208268096715,0.3316888726967991,0.8221902028079828,0.6489751960242379,0.35672908148499494,0.8211073239020128,0.3264985181037089,0.26931653686796264,0.6320643041004017,0.6143179488167865,0.6291315438319154,0.6792695504805715,0.7136936283691411,0.39923410111747737,0.35539207669526673,0.4683890983117581,0.4016467119427368,0.3166204304363195,0.447321240176942,0.5451243223545286,0.4137566971078253,0.7045031004567155
52,0.5274624892224173,0.6921122561420059,0.374687460713192,0.3006741097790627,0.40994165960500234,0.5491669149744209,0.4267911646163155,0.40404249375411555,0.20036817582914238,0.46392567959909753,0.38183132406759823,0.6992877450720005,0.2851414681392783,0.28652994425298833,0.3410527823876307,0.8520480402627231,0.8446156122339938,0.2559196245011538,0.7087107165472877,0.2607471649624968,0.30909914702193364,0.6519857320271333,0.48278772203493714,0.5113607119749608,0.6196176209381368,0.8325436095993519,0.4223914399176858,0.48384284634544916,0.452560746429713,0.47655033779701694,0.3553950075508251,0.40699881405499927,0.5132391507345476,0.323220684793701,0.8447675470543674
53,0.5418925993669762,0.7667672581385905,0.7886153613251095,0.19846332875273442,0.3727223921350411,0.39412653647281615,0.3216472897298655,0.4836172485476907,0.3276848095250212,0.7068855734647869,0.3249749092900446,0.5623666249234787,0.13948276542447519,0.21204431080226577,0.527720553904243,0.9047147607577437,0.5517265841382857,0.2449178617060448,0.6324862044274482,0.2764588570373225,0.2677217459220018,0.5724301189713163,0.43457153258760384,0.8727877025904005,0.820934285332651,0.633670932788895,0.4858077313463163,0.4547636574711015,0.47000666284268006,0.44326246576262507,0.5435541086848449,0.4306100017029165,0.6582325079677946,0.4381446405012757,0.7532602144888187
54,0.3977140422338267,0.6136564460263616,0.844912484361306,0.4723129166124571,0.4223719812720893,0.22614309522398435,0.39862560194798435,0.32485705625116246,0.2967826034900185,0.7066211428924158,0.5403482440112282,0.6752028059296108,0.22300912415283655,0.3893463937968753,0.28732801501566196,0.6621299577274471,0.5991241841702026,0.26026678834262285,0.6841319144310863,0.22436340053279874,0.2969097343666265,0.81834982916868,0.6090642099872113,0.8917079341812868,0.5993482708106481,0.7871070589926719,0.40195256549379665,0.3291489389108039,0.27008471502632003,0.3875825375674105,0.3802935369114078,0.34690517701008255,0.44479764725210635,0.37946599096824585,0.8225589225211083
55,0.5145805456647042,0.6434285932054966,0.6707817365139002,0.32208717971277245,0.4159762219848935,0.42917745178893185,0.463852474405951,0.5168606355715901,0.25648222549225597,0.570747469779962,0.5257356171232858,0.555108344641078,0.18463792374458135,0.2707713272681964,0.45992059646314504,0.906500763976853,0.6987862635940782,0.18708337468427172,0.7766182841813725,0.2833574543055194,0.20969472466569777,0.6771892310343894,0.5439518204207967,0.7677427377564768,0.6774575943047038,0.5868041246774922,0.4372607038417511,0.21892800614360058,0.48405716049316394,0.40917671324739824,0.4385004684551359,0.4029723108812159,0.6281096435229898,0.5286370820522182,0.7957415442377609
56,0.45126963652571894,0.46048161457526776,0.765882203588748,0.31705437533522685,0.4028975635017435,0.3663269490952118,0.4383528354519122,0.5005776079106463,0.24215703992727794,0.7268718905362219,0.37232222571073664,0.49075828487936,0.12915126522246467,0.38112987665827003,0.30533804614155724,0.5537142921339655,0.5667549107053427,0.20045135822917826,0.9342344285801905,0.16908416404994103,0.18030014439694098,0.721559439388449,0.5570704467123171,0.6246278663439808,0.6651285432775242,0.534785687383359,0.24889196529389462,0.1794010465523184,0.33302615265645946,0.2683695474018246,0.403889773232906,0.3810475497363609,0.5122743663892171,0.3985202159570779,0.6378500625617578
57,0.5916315055903081,0.7123054260489197,0.8401425738574999,0.2985580667434151,0.31612001743071555,0.32217808161445405,0.36116093825237244,0.5804051073764845,0.3134962034525436,0.4308862653343579,0.3801490861851847,0.8021629823923646,0.43972560290833024,0.5987449663883293,0.5473425135128933,0.9240889277354155,0.5686114094875041,0.3706748935707387,0.7841492787228421,0.40072608440035573,0.38917804146815976,0.5685961111499254,0.5780564306781966,0.7281438979005643,0.6427682433896087,0.5092329792076229,0.5294846302280136,0.2177801141756308,0.3610546803104436,0.2990887416012459,0.46954656311636156,0.45267237758701384,0.7231389007500728,0.3782858087073333,0.865921564748948
58,0.43294497198254467,0.7610461003799545,0.5044451507434278,0.2153876585821723,0.23940332132023678,0.627736736194909,0.3731085901090492,0.4488817297689093,0.27796496147368355,0.4263783847523951,0.389612845873744,0.4002464955563572,0.18388782337804,0.2521078689931981,0.5116304786939339,0.7299048941341747,0.47854791694705645,0.3078062240906744,0.7556319426809293,0.2725938679573797,0.24183832827928814,0.6452006678582778,0.3702437380201509,0.5744473771793659,0.5746472557178856,0.6285351766234528,0.3096760929413585,0.34186553782488255,0.4005875692853835,0.2752258576042357,0.4468386979599963,0.29696564350720744,0.7060138202563527,0.21310297321878302,0.8237796723292072
59,0.5261099159977899,0.6380589599765424,0.5512775790165545,0.3186748876932393,0.3127469700890638,0.5180301429479784,0.48238672712250263,0.35759788863995856,0.3932381595498385,0.48426965517174625,0.3827299032716886,0.6030338510158972,0.4104135394999382,0.5409112202681361,0.45221956495168936,0.7079500662440569,0.6097301777126131,0.3557990244254821,0.8624910730223523,0.44457336217220866,0.14935927598826226,0.6362379722808001,0.5090074858976085,0.7327511091039105,0.5863191258954491,0.607546661218419,0.5011230446917967,0.3643488807019971,0.5598924313595571,0.365878212595229,0.36023327858355314,0.32643944200390246,0.5178817756270437,0.34554465707983073,0.8094038182666405
60,0.49661400771947434,0.72757051418135,0.80188931766431,0.25180350250799116,0.12932479002634456,0.5773235326950213,0.2551637495417506,0.3460451962537656,0.2991507898941992,0.42566594159299626,0.5154301075290966,0.740597105346519,0.3810614393277898,0.28065916730105456,0.47527644563574645,0.7693768159670336,0.685662451534222,0.36959444294466204,0.5973850676905412,0.29536682588899454,0.24165484206619728,0.5459781149422862,0.525849487327358,0.8598071208947976,0.48827120953240166,0.6880294495876089,0.2779322372252545,0.37237760350137694,0.4493678285773397,0.41688499014309693,0.4812902447236629,0.41854613455484874,0.6760209112341906,0.42941630925310026,0.9146105771786817
61,0.5745854837048808,0.73193438193825,0.884995579771714,0.4557821179197473,0.3567456364068724,0.5707183150415259,0.3939301426528896,0.4084364023526633,0.263335622441113,0.3857403256349916,0.48460387176562025,0.5841272400004145,0.3866462789916709,0.6637892208926682,0.6047135333671775,0.9530999623754298,0.8775909443589425,0.44703192387905244,0.9702509718922382,0.4881901425525311,0.3242184250297857,0.5317432630907928,0.5557629737648202,0.6571925091913717,0.8334707666836625,0.8337594185557216,0.49409778347379224,0.3909443923459829,0.5371732868807434,0.43469329740236284,0.4121866434774877,0.2435143626352158,0.6605094192824649,0.4091480560985608,0.7066986395163526
62,0.6174598544586107,0.7544984032631866,0.8537388698688022,0.1233038886955832,0.3753559292761861,0.4911910936103395,0.39659549943876116,0.6243113825880043,0.2167248461269674,0.5075282784074526,0.6025225368059303,0.5198128033835852,0.43192509264425905,0.5777007986425673,0.5339838723463652,1.0230466363713937,0.593013822301843,0.4505999000762404,0.6644841015885649,0.45918501523549893,0.517960588317412,0.6409863458462802,0.5460555196516138,0.840878447761789,0.8519619220088362,0.4859363354544593,0.5470933587970845,0.42333307400016434,0.46916331089774604,0.38184348152037434,0.6221484286117278,0.4484429942021908,0.8638225777614414,0.43719225496975817,0.7777794514979808
63,0.3665504283735204,0.6114584044123834,0.6983838958166122,0.3052856307847939,0.24232694287184045,0.48398733524371446,0.4308815021184119,0.4812862567066153,0.31600766435262284,0.4668195515016377,0.4394283339145302,0.44318858833189667,0.282369817468111,0.26866725528422114,0.48554288447095245,1.07551958309658,0.6428510927647931,0.36006445038451873,0.5635358003624288,0.347828199812379,0.16814289709577696,0.46907390729384413,0.2591764266178617,0.5406049500819574,0.5640771639522952,0.4587074717139299,0.5265556158097326,0.3562125463962136,0.4819116830433322,0.3837315611435363,0.5108879318937922,0.3172134318012123,0.699572880013008,0.4795102491112717,0.7780549919578574
64,0.5310880464917875,0.662731909109881,0.9076945693849916,0.3432046514888484,0.30566435598031544,0.5887804675423883,0.351452695702714,0.480780325513755,0.286402391895195,0.6715873478711977,0.5195517898708248,0.4896163501585344,0.3869697905183068,0.34834642154537854,0.5327065648050899,0.9358919292614925,0.7242355585231376,0.2972372020660481,0.7738513535270848,0.40303547857407884,0.15582210856361992,0.6326152212558398,0.3925883576326076,0.6977888221107762,0.6994886877585609,0.5996240310300438,0.47793112514114666,0.2006619716447271,0.45302166588473236,0.2985913824540822,0.6293721196193828,0.34722055043691863,0.6640239752857606,0.5752125699685482,0.6967689432222637
65,0.4531929459878724,0.6257928006325773,0.8306630395692566,0.39820854710224063,0.3865647801988014,0.5328979707816606,0.4934553060618271,0.45649480017161387,0.37322589316719446,0.5227173903212039,0.6052110707363207,0.6174826844840441,0.31207772065713835,0.4174912561665599,0.628977630907019,0.8077048106497028,0.6385717334328518,0.3508221567234927,0.579192277713909,0.39394827488011397,-0.007685445948918249,0.5521571668300893,0.5311713733346752,0.6552369926953181,0.7705393718865512,0.5896966057430348,0.3940947362091089,0.29269597073387316,0.46725451450542527,0.3985576492992228,0.5269285183229131,0.3751760283386967,0.571122721013889,0.3764368992725671,0.5875780992586999
66,0.4693166910512386,0.5047996091933417,0.7044853969100509,0.20555032495749842,0.3152825558748223,0.5436004022648636,0.3222416538739782,0.4315732346050137,0.29375957972447775,0.645135335302003,0.46819338430464075,0.6114907062555723,0.2895637170503254,0.395078990631309,0.47925288006891686,0.9604420301738825,0.8249962282044359,0.36397329774689346,0.616344882518212,0.4205489317708139,0.12201033936209352,0.5615234950319176,0.36235540878478095,0.43700688589448433,0.681081326115957,0.6665096348411199,0.519182467670198,0.27188101927816466,0.4655644647166209,0.5690162898787654,0.3740690800381613,0.18459611698438974,0.6667384282537454,0.32343003036548923,0.6155900707314652
67,0.5175749185652123,0.6233579531278131,0.8139826393145339,0.3678246135477682,0.36757909266780897,0.5707537755117625,0.39729469453216526,0.3317076374806902,0.36807465545963786,0.7278232973304142,0.6422717303112733,0.5804490737824584,0.21721961538289025,0.2613771911945063,0.6304263348859618,0.9737019078392031,0.734596913188734,0.3224255825572544,0.6589333612489625,0.5880137934726333,0.1761289234893637,0.4282911709484558,0.44499910373465695,0.5173061205373481,0.6635041906575267,0.25495426601830884,0.41948851684874044,0.3160795226310813,0.49765668938333546,0.27433425547060164,0.5276491904383392,0.32642284323779075,0.4295092333715291,0.42918381848742815,0.5068379388230412
68,0.5841827867380145,0.5635201920904525,0.6724250632783555,0.37694605508796514,0.30727038573755944,0.6351742051104126,0.21379385212663965,0.363488607177822,0.5848530475223488,0.5794436169940184,0.3548335059539539,0.7944653647518212,0.2860392016232761,0.48894613137881254,0.5391855535381496,0.8457832946027375,0.7022170360984961,0.43612428944040943,0.3907439594235744,0.34603997182926527,0.40205287481385776,0.3032393714556081,0.49394732175449485,0.6258073179821795,0.883199985518536,0.30797623766301685,0.5967231993087588,0.3388175581400136,0.4381631649636357,0.3198308424785571,0.43440280183264957,0.3394597667611796,0.4693083981251841,0.3220970559371401,0.7052959085592789
69,0.5252457983518868,0.5236223026608454,0.8791998433261821,0.17017075736798387,0.30361449382459715,0.45368195997868366,0.3540468407375972,0.313338182846577,0.43300956576749894,0.7061147921546823,0.5325742947610818,0.6320000681362965,0.24020042507375453,0.3082866182147339,0.5247688095908051,0.6224291374579691,0.6750324426534071,0.42610730275552217,0.7618375062523033,0.35826422763244953,0.22941739437252975,0.49664365824824425,0.5190398727077699,0.7187464821681484,0.5162875764617809,0.35481153385651254,0.5442822708363401,0.4555081561016762,0.4242975023166483,0.32242350245347134,0.3965338314860957,0.481674562648127,0.620262106774997,0.41535339257542214,0.8593146910551219
70,0.4725798385731901,0.7181458897478781,0.7625286072569919,0.3311152556111484,0.1945095586921623,0.495932750667208,0.28917502211891355,0.46178732555705404,0.46219545431197706,0.47224006332133966,0.33662087707365906,0.7218406115079147,0.43038044257683317,0.38318663047470547,0.5186468062418048,0.9274352461995461,0.6712219441499385,0.32678562097763786,0.5175979336168097,0.5037068074431696,0.28304193906338776,0.4416160483672811,0.5780217520120332,0.6815785131404255,0.6751904529485002,0.548222140364873,0.5170970917176323,0.31258232049413465,0.3741828503196817,0.31582894114015847,0.4034613780585658,0.47653497125859096,0.4396433039018326,0.4295997950821373,0.8818327463926412
71,0.5299321615246411,0.7035389667065336,0.8224532476912496,0.22529770552716766,0.4762574780352131,0.5084394208040457,0.281654726439864,0.3371599951407007,0.45581225365824296,0.4572212933449715,0.44388947631827985,0.5483029684585712,0.21404110106834873,0.4649904771842184,0.7535153010983245,0.9024982016584087,0.6474072964161344,0.39945545900544993,0.6037344021132738,0.4511446412612418,0.4244141647802965,0.6680469610677204,0.5348873687781139,0.6974568252653144,0.5663784019988375,0.4550272307549749,0.47619858521183606,0.23855146666261218,0.4067770508762798,0.38374305548243587,0.4335105545670137,0.4050065554161062,0.6427960827091878,0.5279597761323565,0.9390933151387836
72,0.49781126429322087,0.6010581162080326,0.7028549844916709,0.14979512850391566,0.31849179052121485,0.5251903738661817,0.4021281674071072,0.36617739680570116,0.42172013271082387,0.7335945064513208,0.4676970127423732,0.6063822770892483,0.1708578912851731,0.4321430915238339,0.6115107540212381,0.9445191911562338,0.6409232545193533,0.35288126988954094,0.9511720597780563,0.41775578553038595,0.3196845476123994,0.7555403068885476,0.5244039305702859,0.841922170681037,0.6866620357784574,0.6686699964109355,0.5329528106653654,0.3755480995216508,0.542919047755247,0.43186482670171883,0.43372893535418877,0.3381798151109693,0.5770490808013712,0.4421667465394009,0.7502409480354774
73,0.49886386177796593,0.6668954046794767,0.6415182451547595,0.36930911296287744,0.5220042700176908,0.4803281142041878,0.37027957540768497,0.5111691177732417,0.4080327941201539,0.6376985119401553,0.4110097900055747,0.6900550302228243,0.35756535491142694,0.5954800218109324,0.5890947312556175,0.8044421491129274,0.4225697930466127,0.46060167281387365,0.8090345963154074,0.5515242569503038,0.3251040885280263,0.666546520166902,0.44655911765406475,0.8326284947750999,0.6207449012588133,0.4670365887140827,0.4890151163796778,0.3775440104721114,0.4591938588592187,0.3455974665162927,0.5739471070684059,0.4678814084367811,0.6848470808851359,0.5440730023320205,0.9150601813905299
74,0.6057308441419624,0.5927899874232488,0.8003835590286275,0.3916371137973982,0.3193590526679042,0.6500102921255393,0.3475915734295253,0.34577262768330463,0.391979206162226,0.6005079082394726,0.358395207140325,0.5194156923113358,0.21969971154693518,0.5840020798628077,0.5593028970439478,0.6267066998407178,0.6521496678636636,0.37051909398395133,0.8048868870654222,0.45628300775266817,0.45898119693874434,0.6150327253443222,0.46616822665230834,0.6556764346621172,0.7344783849017495,0.8259068463639958,0.6057175484037663,0.34636138525176224,0.5885387110347465,0.4385004552443389,0.4652653251223881,0.2676510768452987,0.6624550854279405,0.3436664051081574,0.7410121206362712
75,0.5810812445521117,0.517345735442537,0.987695460061329,0.34164543814462806,0.3930305084861643,0.550932767610531,0.40317767534257765,0.3096986500620226,0.2951697400715181,0.5995153091898472,0.47976967458353936,0.5028973481001479,0.25548446608721304,0.548947702471433,0.5188075636906578,0.709815558297949,0.6103447367196957,0.34321876985805905,0.8052443603430373,0.4788726097769952,0.39600735661671477,0.6295298054495174,0.49328552990685837,0.7489877725036076,0.8704890545979337,0.7155008097938843,0.48251067179034735,0.3375006002275359,0.5753469992440097,0.439580988242139,0.43338485304691804,0.3481002507387086,0.65094491777395,0.45521669179233204,0.5238802096991569
76,0.6656174503470051,0.5632831436129422,0.5613278337910689,0.39505650739007403,0.22670561708139714,0.5981510025505858,0.34527464799602714,0.36497885544917086,0.27291767732452943,0.6001539851313906,0.3486633585154276,0.45882466685076895,0.1791124346230727,0.5555313318596242,0.5581952553342463,0.7349009505746985,0.5498309735436435,0.5108837192128398,0.7234092113511892,0.4460895616801093,0.39125313184910326,0.6922318150366936,0.4764793747661079,0.5912522039226781,0.6047423427267827,0.6507519649155413,0.6101183395599172,0.16477669565936529,0.55769044192294,0.43957048380907116,0.4637573310019504,0.3204463951816233,0.5748228883637307,0.3106046459304345,0.6995554128754489
77,0.6064634021178035,0.5355877308801884,0.604336004226669,0.5810171750583359,0.2752845339488421,0.673561416857475,0.4373452892764436,0.5693992714321146,0.40081380377725884,0.48471305743308246,0.3675708916663527,0.6602877176054687,0.3809574378784032,0.5598841840955755,0.6056423404185738,0.7139946349820223,0.49260857037147426,0.44310045561837536,0.9135528506114108,0.43182369497119716,0.5589329095725912,0.6809530082084447,0.5561831020152548,0.8986679814613173,0.6430396782163373,0.7342232117302218,0.44577056616761007,0.2624284154328709,0.6193381992180202,0.4579715096660615,0.5168628834122053,0.41499777361307977,0.4873660406261924,0.4770396336020001,0.9601386452284594
78,0.520655014079874,0.5941757676639947,0.7172070417420071,0.4710768991902058,0.4335613429234059,0.5494973058844692,0.3047431456002131,0.3886155391768551,0.3255544757452403,0.46381575839605094,0.3078240239120365,0.5527357986666556,0.1925745743510702,0.484250116058016,0.5897994929717532,0.690962965112087,0.5774516756520681,0.4111860065842863,0.6566254036076086,0.3201006809986092,0.5346589318940125,0.6725912733862567,0.5181057667368166,0.7406250335748049,0.6062636749396932,0.4635100403522413,0.35363251588878314,0.3199371470160778,0.4727478722298927,0.4312009333326742,0.3701643299055303,0.48042041522825063,0.37760993672366405,0.43939173227403205,0.9028512020038588
79,0.37207107905005854,0.545565854334789,0.672821996068385,0.4653003281402731,0.3217918562199428,0.4660259862286274,0.2502160159815475,0.5691977634958382,0.3401330700507092,0.4895759373510764,0.3766031704244127,0.374653126206147,0.35531652536125946,0.5642193421099546,0.2841045539341115,0.7961980328890322,0.5340934337805027,0.3997650128591255,0.6261819312194341,0.47947412392407945,0.4777601052322588,0.48336640158589367,0.3613494268668551,0.5692437035926811,0.5948652467103364,0.38910616418535093,0.46370408528182616,0.2749770623615083,0.5752695917303121,0.4603223684602174,0.4775701805810011,0.3626046001753442,0.5783064058771101,0.4648260039261711,0.5544287774141035
80,0.5199185798190589,0.6244350848554683,0.6053813618373262,0.41125139126490745,0.20114916142198663,0.3930386323118181,0.23255617481947613,0.5041000774464839,0.3052043563444279,0.5039324578025024,0.39435040031975155,0.5756837357069261,0.2795549294276923,0.45948063458014193,0.48766856517019685,0.7099062168670452,0.5741460781316323,0.41507505210705103,0.7909481263092668,0.36470372990952465,0.4486890324144885,0.5159094060393294,0.48064195048215297,0.6663668668746895,0.5225271430880399,0.17197821751384273,0.6461951167704889,0.25066869633686756,0.6219995609077391,0.30190116184307947,0.5463871911100235,0.2808034913522121,0.48790456324297526,0.43277726107138687,0.725413048844326
81,0.305735029032569,0.6137274238666421,0.6600268082460217,0.4756795569580683,0.36627707740422977,0.7653720317147995,0.37092573131965256,0.4213121601253068,0.4400991808119148,0.6542937568672131,0.37068778137606007,0.6469706822346843,0.3603970095311825,0.3352936872769076,0.5892781002897592,0.7860786941405951,0.9506719209898526,0.25229575613014477,0.788119750976592,0.27465292190627655,0.5228617442906445,0.47188507719298683,0.5264627857524591,0.9787295471321086,0.46994221534708114,0.4908031170932724,0.2945960092453812,0.37400081413452907,0.6784082678002011,0.49530583469322176,0.5039216406408382,0.34126749302674814,0.552545794217776,0.6358754340642842,0.8695824289863352
82,0.5306179545311436,0.624619451283804,0.9692331430893026,0.5911395614065402,0.5523239159841945,0.6008313981987229,0.34025524005603225,0.40314079138006575,0.36357820641670713,0.6028509725985074,0.46526749299863046,0.5410596982503113,0.2754739982115208,0.5083652993547241,0.6070226353238781,0.6918047231058062,0.591433943291827,0.5247440080707088,0.873624948990813,0.4646050821781002,0.5290466343349951,0.674311434606506,0.20980514853691992,0.710265411129605,0.5353059314223675,0.43102886004499685,0.5335994080507971,0.32484414542519763,0.6652214766113387,0.4477056698205445,0.3806400906933487,0.2591803514119049,0.5942706838087198,0.4921832555871171,0.742872256816536
83,0.42444578367822666,0.6261967275012961,0.3706975571684975,0.6086496620062675,0.5137648220861941,0.768470659282191,0.3450169198698656,0.326743943551289,0.40981906432092574,0.3811516063465033,0.2912097637710731,0.7181227939799377,0.114158682913046,0.556533101692049,0.3999562779989213,0.755977687385226,0.7696124957900061,0.4400140211086715,0.7579756261621355,0.34821527414634956,0.404715533182615,0.6202865199782678,0.5561209967668913,0.703508014005019,0.46577382180660976,0.5307837757022908,0.43431429620252093,0.38597254596710484,0.6548352047740521,0.37032154966458175,0.4495497589480831,0.37519917540963654,0.5302697440651059,0.4594361494528234,0.7997034116749111
84,0.5235015709165785,0.5580844392011592,0.8246198496098955,0.4208148311842187,0.44719827698760384,0.6378555613235999,0.3103658333282454,0.48189065132494124,0.41813400625586217,0.6157727706463243,0.45750780472117125,0.6443936639351053,0.41843249090310763,0.556488134535892,0.3993401444894542,0.5620745727265339,0.7059611429424595,0.7025240319374042,0.8269690717159528,0.5126516488198596,0.4137694491050501,0.42994144476983215,0.4326229748915687,0.6763759879305316,0.8170424486005843,0.21131808474536967,0.535601528372375,0.32964265116226654,0.5542501292011427,0.36886685017452103,0.3629197894073318,0.3023882764957763,0.5197742338166117,0.5211831351886718,0.8512029037753126
85,0.48431951585741273,0.5262907756852803,0.683455209905698,0.36052188220469983,0.5003581407907554,0.5094133578141788,0.4005194485124174,0.5792124982371066,0.4992795541946898,0.6640047111314867,0.3312022612849467,0.5438129558917069,0.3628275118360203,0.4284927593120841,0.6124779611878928,0.9038506472142003,0.6697571682043285,0.455352501537953,0.6686910741409817,0.38426798593685374,0.5836848825024309,0.5971801792527,0.555206392246717,0.6006497869580685,0.6652603931761673,0.25491555279801903,0.4855762318536717,0.29201396147658265,0.5852371260800118,0.40660803463808337,0.5420034775271618,0.42836467617965057,0.6244507951149746,0.46006424644123206,0.6967152752243746
86,0.4275954745454435,0.7319393361468585,0.6956257988972216,0.22916510238111515,0.42096991449989796,0.4811890965162254,0.28512596639383025,0.5250211798152294,0.5709306340586505,0.537744864820419,0.17027295144534005,0.5334693160294512,0.08689207848398547,0.4896173444702938,0.4920007574234464,0.9600102094880705,0.5428402557437932,0.3915248421093936,1.1542363746320539,0.4330792717790437,0.67698647350644,0.38310939286131324,0.4029829299969422,0.7874471382466625,0.4542485597189503,0.39592364957098625,0.4425214545276651,0.25181234982035255,0.553064617251682,0.30797463857433005,0.45784982261872353,0.313066569486453,0.7577309749823294,0.4404030819885729,0.8257254817983171
87,0.31811713693568905,0.5017660174278731,0.6892200321715418,0.6389622263394074,0.5863352322005413,0.6393928641875144,0.39250309867748695,0.4135578417197292,0.7032354012390902,0.7675466201730352,0.36088414171675387,0.7099085020370952,0.3913918604560215,0.48457270766389393,0.5645114903467889,0.8221830061360745,0.5847322572152598,0.6299147426076297,0.8846493670942657,0.3537688799286528,0.5119578163852863,0.6560117700925392,0.44773902348182104,1.0692375596073367,0.6469659942080794,0.5265329782300111,0.5058810055523699,0.4017580996000706,0.6018580120879399,0.371062112701636,0.46911814215701897,0.4803651036502184,0.6743986619251754,0.5638873822200972,1.028990131577448
88,0.5000565640007677,0.5863075677703002,0.6939083381517286,0.5659073269689502,0.36518711581861374,0.6314463242710744,0.410866466537664,0.46275159974645436,0.49497063365124305,0.5162832242338345,0.24582977598639033,0.601224616658391,0.38620885379190173,0.5845691176181609,0.561328386876152,0.6146983505875516,0.5719693215488741,0.5730387127049954,0.9368847565784852,0.28299597866848203,0.5754665589112347,0.5209124455482295,0.3963721975590543,0.616777028523531,0.6708215401397971,0.6634044611931782,0.5774562233893872,0.2759376833152479,0.5710517559901065,0.4044375601973481,0.4542843629292128,0.355220992595773,0.6049033495032472,0.5339473553306943,0.6519716209260035
89,0.39288917184284966,0.6579250527895346,0.8095373929059207,0.4055146487407413,0.36573846090782175,0.5892719994261332,0.3080728679695072,0.6032857051214264,0.5256268243034288,0.6286759513149851,0.30045399397840344,0.7060467346147243,0.37850647467306053,0.40580030252294397,0.6022947086492326,0.8651011032212319,0.27521023463651995,0.5821725172167894,0.6994491208204087,0.4266186656501776,0.4513341016110868,0.5827063330367572,0.4066193487603361,0.7696675158696348,0.4578766541294602,0.5374261035302641,0.6078963792429197,0.2447466115739454,0.5568591231691178,0.3897754453318576,0.42612510450716795,0.3665894623363512,0.5356102974522939,0.47991659744296045,1.016927596847649
90,0.4032815614367973,0.6958914491002652,0.5108724400649212,0.6187596993952779,0.3937341503511368,0.7894361178696652,0.337574418273765,0.4431027727362217,0.47862531438709766,0.4455616574902813,0.3578975895322443,0.7463293482427481,0.32070757619115686,0.6001761294107457,0.5929441502400027,0.8256203513481054,0.6750228534173972,0.6535205704252209,0.9506708806973416,0.38940555764136586,0.6079752994600195,0.6198515859507023,0.45172645139101847,0.8363152794350202,0.5407852066150561,0.4748094190499945,0.5691170747626662,0.3728801066010552,0.6847462809198646,0.5991374837421417,0.46095954548691126,0.48394842058462734,0.6332600563893425,0.555309142933118,1.0238755281907392
91,0.40560904326128355,0.6046238996633371,0.7636999457097441,0.3949373778649714,0.3892927451732254,0.6585623660875624,0.3418403861481991,0.32333243806032463,0.4205058206755421,0.5218658952640269,0.29868866104164793,0.5569985581625689,0.3379087084756396,0.6062062350932993,0.473176744778496,0.7606845783804694,0.7287939525871271,0.650342003692181,0.7163721558745592,0.4973854626923293,0.3757096081248222,0.5929503046133651,0.3673909643334292,0.5445984022959182,0.37904669035321925,0.6563794914571995,0.632991855324027,0.3459394403528221,0.6207389191280314,0.4606260989707345,0.4747036440588155,0.26339919284584634,0.6792633693522203,0.45424817279312124,0.7481247503423929
92,0.37170407131144567,0.5601761637980787,0.5996617057799871,0.6138573460446402,0.4030024310459227,0.9295577393059278,0.4042424240967946,0.47275435236432556,0.5045530711615913,0.5948993725948655,0.35466250837700247,0.49514132707679026,0.3878534486942275,0.5673495601948328,0.658189176196639,0.7403290250600875,0.7926659932373752,0.6067095388018932,0.7856263866240968,0.3889821741727706,0.5144902722667506,0.6285049069630455,0.44294442707772863,0.8897150238728294,0.5111295777138423,0.7581591485498956,0.4392230200375684,0.2615494133386256,0.6937893339928549,0.6134007140214283,0.42579679623691263,0.47145898663044167,0.4852764907855175,0.39368994770153665,0.8636506769059656
93,0.4772089619399842,0.6375509826965738,0.4248504276304486,0.5353572088078241,0.3328973370691221,0.7393712859170753,0.3138121957894197,0.31552743700786434,0.4748827911320003,0.8369320571596959,0.3011816562860145,0.6196827422747084,0.46429068548235164,0.5250169978651645,0.5615067596576189,0.7169080485570544,0.5261484788873224,0.6267287355095202,0.9013402169303608,0.4308726225867502,0.48054194551157975,0.8104755029321737,0.49199964562521403,0.845142018632101,0.45021857960124856,0.5339015996118024,0.46775733500351846,0.2701101365313323,0.47526270585559827,0.41028401492076283,0.4010864360742947,0.47398564844138646,0.45476962929839837,0.4730878731619901,1.1031737283762915
94,0.45328450771489587,0.5762262156330775,0.6677179008965966,0.5465108426143865,0.2749785605306627,0.5934961470599411,0.2478421040506505,0.33104247029704653,0.45664915283454216,0.5476765312931207,0.2991214313373053,0.570391237311015,0.48717372296823525,0.5871884080527696,0.6122231927446171,0.8101108335996214,0.6601424139052663,0.6559419379252369,0.8189851973918173,0.4162696464021165,0.41828949155533435,0.571127317926421,0.3953932878000509,0.7487524617434302,0.4602755159122777,0.6023754181206739,0.5262763551997672,0.1989991539772449,0.6577955788145384,0.48966979524395826,0.3779762833554992,0.34786680894244415,0.526517771924393,0.5085914824975326,0.9125258374630724
95,0.38519966156155205,0.6206058939949562,0.8388043158346234,0.4251877615187386,0.23386642018280673,0.8265693932658875,0.40419931598992576,0.40475550930583576,0.5372374698164407,0.7084208282844735,0.25803741694695537,0.6415106729580309,0.5082383828185766,0.4322778444466229,0.5534761582384224,0.8680968472851726,0.49243597701505637,0.6757865756714532,0.641210079734134,0.5369335289934274,0.4996801384672328,0.7028084608174017,0.4046942588999282,0.46546590920023123,0.5719127726382821,0.40224651896484115,0.4509816706516723,0.33724237547812336,0.5868857002857377,0.44959268826376075,0.44160776361129417,0.4818119168672006,0.5145609565989656,0.4644236857317485,0.7987117266676662
96,0.41230596323936014,0.7572216461694588,0.906626854153672,0.45757862757513784,0.4086175240432054,0.9028085983190653,0.3951239250987554,0.3638626032086407,0.4582106404070284,0.594872980188259,0.32873466353256764,0.614677303130022,0.5175911824399759,0.6575303426455592,0.5237450911237184,0.8772623579711972,0.5943620199523167,0.494822182441874,0.7809491853993026,0.48670966900904994,0.4736448761642063,0.7001408598697938,0.2404995975646576,0.6783608243991478,0.39977805047018294,0.4588231441100519,0.4838951637053993,0.20685842033462107,0.6830330515418062,0.5386258360987035,0.5387881039050559,0.4290472804568041,0.4436094771612672,0.4493135716275948,1.0104444593920436
97,0.3948069110371868,0.6312044033078248,0.8614526141655947,0.540219645571959,0.287116589612862,0.778298490596375,0.4972500484625158,0.3306601891650144,0.4239887695804143,0.5806773058558283,0.3055135839345733,0.478351039536395,0.43618445363499736,0.7434078115944518,0.5933095044388211,0.7646211955637707,0.6126061140503312,0.6248501518622582,0.7046089210363293,0.4576059798400422,0.462443026442075,0.7235474670084746,0.3468128756894885,0.5150230127791884,0.49763720398327327,0.5266445910019011,0.5069280062304712,0.36125378542222675,0.4981779488508609,0.4694074648059558,0.4627759129719733,0.35465557036307643,0.5938097562913826,0.6066203529835992,0.9330043312681717
98,0.4260152677990655,0.6085878409270501,0.6143400165806322,0.6196180340932713,0.25795918885871344,0.763433452285856,0.41607000701568914,0.29400240696167956,0.5631811929933255,0.748124216839765,0.34164062018512964,0.8271376100879491,0.5687281006082687,0.6274352564157308,0.42554598916090336,0.5956561185286722,0.6435111493999839,0.6374200998584678,0.8046008431034137,0.35658685963815323,0.37092593037980837,0.617098480244261,0.691676194025524,0.8079140480536131,0.5289581174581361,0.4365429853032743,0.6510859703701811,0.46213812761237955,0.5606692977608456,0.4855871288072611,0.2919155179287787,0.6943915009313919,0.5611360650570218,0.5254818706740304,1.3191310701136016
99,0.40857406773251537,0.5056142502976556,0.7500867846415444,0.5690164807271023,0.33438453178684746,0.6651070246198949,0.4318147661923203,0.20329623275537934,0.5212336808957178,0.7218424270352863,0.3388018076986471,0.6234074658614877,0.664509704578806,0.5827649988165002,0.47630805656179453,0.7077389154710818,0.6220252018975164,0.6252371213558103,0.8555460616951638,0.4267730986255256,0.36459127841038275,0.5003259674244565,0.3871834564457637,0.8167095042667277,0.6599368918669841,0.4758069746059044,0.46219998108185295,0.358378100807909,0.6751151991373726,0.4975941586864544,0.33862024142648695,0.4114934849900802,0.3293726564052419,0.4107730581422321,1.1327778507092765
100,0.41935355584805406,0.6209826221133106,0.8860006890112913,0.5112731611570499,0.3609103285959755,0.6614798866508527,0.513541594554092,0.3763364790744379,0.5363112318760856,0.6854165517963385,0.2855293882924217,0.6290084515275526,0.496741807549907,0.6815409235108019,0.6380519559626201,0.947795307696305,0.7030859158080293,0.5105113859414473,0.9028373337124395,0.4656152348878943,0.5150832228020868,0.742256148099377,0.5836496195149597,0.6989056707890874,0.3880639047982093,0.5355053367470741,0.5357225171498841,0.311551746217717,0.462681651839983,0.5977871589474982,0.5118496124132044,0.39851650987794784,0.6404414345390553,0.5367359072955212,0.9837751855329284
101,0.3499436170624604,0.6392912645656778,0.8311260344848419,0.6088575490132052,0.2700557613693947,0.7372167430602506,0.435202441100058,0.31837854195533555,0.4209124933625939,0.7265861744770981,0.5050783769166052,0.5585571926458051,0.6226567089253523,0.5040548412873318,0.5342790449751581,0.8202131582066106,0.6140676182642402,0.6047077520524093,0.9114372454287671,0.44586662412138756,0.5372757519376515,0.6156030678290523,0.2890878391019655,0.554809099891383,0.7326882983503189,0.6822495360671202,0.6449376468993078,0.4687049832292821,0.5481675999318152,0.5951531710891389,0.4274265506678815,0.33832744270314247,0.5895628071916454,0.6102499940649057,0.7121345463517967
102,0.42646415579669256,0.6107785797826517,0.8685098504847863,0.4840204951773923,0.39801505294999107,0.5887151952593617,0.49299603914523515,0.3714568818910533,0.42922900145610204,0.5819327930262287,0.6399542489900079,0.5591664303700419,0.6862521407993514,0.43271902777579224,0.4152426312433933,0.7412614183343702,0.630879610489478,0.5937951495056405,0.8645295357924592,0.4164988179237643,0.46959010260187467,0.5291135578791379,0.21500831154755265,0.7515994384987755,0.4627601702626853,0.5936561534449785,0.5369518299225079,0.3112656314304575,0.583238267197047,0.5726108848150177,0.44296556371496265,0.48145407725710276,0.668490336318676,0.5984799277427622,0.8998087803142286
103,0.427017761732092,0.510988277361396,0.7642743501491409,0.4252591568738111,0.3758001238934177,0.6710509700654514,0.5362522422646827,0.38388188061607287,0.32387874061780875,0.892182782193086,0.4260044510184521,0.293219099584791,0.5406020409159631,0.7348032646917921,0.425857621956943,1.0004798460175255,0.7109093072598347,0.5880688200071069,0.9198660723319956,0.4620073494030343,0.4154446927271491,0.6713683893337888,0.3890503358426887,0.49773443186955296,0.5495735212695754,0.7330360163077012,0.5914635060614388,0.3798951315793647,0.5781980931644832,0.6045510114117083,0.37673033529580674,0.3286113858136065,0.5134137626203581,0.5082944628511019,0.8020970068443832
104,0.3694595443777324,0.5878731982567597,0.6759952626698817,0.5302861184537759,0.20808858983683076,0.6967036065486619,0.26283169596970324,0.3221632020174488,0.3226906407137923,0.6048859532458575,0.27361123944051496,0.5068172911749812,0.6026746972324476,0.6238050688086718,0.443375153947044,0.9616568076086004,0.5562196000586294,0.5330418032250788,0.6121007992069216,0.4271789024939532,0.2835561872284117,0.482162629000316,0.4796341748818264,0.6875001350020644,0.5575227050435596,0.6951889311680493,0.5660493744885883,0.4950002673473535,0.5438951597167849,0.5193168626739446,0.34922898040363287,0.41778984457573204,0.4965408553294454,0.4259154170571211,1.1366575449784142
105,0.3037022831401659,0.7072475854898115,0.40588273519318613,0.42401715256065,0.31078806732203673,0.6166235310643492,0.2597027485483039,0.48893635375783295,0.37061186338248553,0.5369631578979861,0.35194612951443904,0.5685493916505109,0.49735590899346205,0.3734451934808931,0.5289258402081627,0.9492290506974151,0.5787141106836117,0.3610683779515296,0.5888618532863554,0.3347432743601485,0.48052869456785474,0.7190744097604105,0.36899749723002323,0.825927647735202,0.4114848040862845,0.7509505333431841,0.23727535693788582,0.3743389671486953,0.49715518875574044,0.5317206825094651,0.5442908975048504,0.29277105752114907,0.7455010171638691,0.4294985064339231,0.8605131222959407
106,0.5326173876922987,0.5283327712249978,0.6418267179830386,0.4616281238537298,0.4842759987369924,0.664481893330747,0.5354508519163893,0.36642400597759045,0.4376818120101386,0.6639220384652033,0.5192841470649368,0.7132778734762811,0.6036889880855811,0.5133783670982031,0.44368462194557345,0.6779838934227771,0.7084581105870753,0.6043895836580415,0.8012056185079683,0.48277328250284424,0.3783958750544817,0.5973883062779695,0.3688047050427362,0.6886167541414379,0.5747320506564255,0.760461242442754,0.5746803927565455,0.3141107819372625,0.5322455724592356,0.5539091116936896,0.4326521553087168,0.389785810967752,0.45796054889934956,0.5058495552503939,1.1240171643339705
107,0.3027255250004468,0.47993873265234693,0.6240132677830398,0.3822356671685754,0.3388795286564487,0.695064926769872,0.42614200307556144,0.4098685998380664,0.3652189746613075,0.7349397261777171,0.37083643224761054,0.5347904786499373,0.5903845243946564,0.4426729368030333,0.48319017501297307,0.5706586306815464,0.6177233940811819,0.6992624170978736,0.6343702109986293,0.4736814963598849,0.25146932119036447,0.5602303408368552,0.30288356277457273,0.5752722768726517,0.5822870708309734,0.8903813101939156,0.42409481266238225,0.37996802314011485,0.5808459093535654,0.7986546512316062,0.250590941333757,0.33026877860952997,0.36394199742252453,0.5225946115857687,1.0007471372301422
108,0.4703727849592721,0.7635987195302206,0.42804403655863543,0.476860453843194,0.2807228220170448,0.5518487234520035,0.3123912289752701,0.6435014980188121,0.4217850490563894,0.6811616014547022,0.29022098523684753,0.5199575081933305,0.6116243917293658,0.5431760597693593,0.6479014831394078,0.6608674495821413,0.7840431171327051,0.6029055362557533,0.8066868065871342,0.4445819156699601,0.4683540364870753,0.5656479174084701,0.3384653067550613,0.8021935552736275,0.8397120675794181,1.0163225707228314,0.6130192249437478,0.33107477535950136,0.5657971472841046,0.48819226871245364,0.5332550546440118,0.454824185537466,0.5725572092342357,0.546940812715049,0.9204759131134617
109,0.4734459472660284,0.5894640489263256,0.5525889710685943,0.5418282024875347,0.2906195881926027,0.7601591139059278,0.3258789440952262,0.42561677412040055,0.4481039779871846,0.5470936853824331,0.2351285399870784,0.6302872487182387,0.7055029394770247,0.6204539531976,0.5567212195345863,0.7500907854967187,0.8559635638690638,0.7343956646848266,0.6220389573334515,0.5605966629313955,0.4685157392546587,0.5753806328503341,0.5116733101668964,0.7953071937950411,0.5794580458240328,0.8059136148797761,0.7537698112136686,0.39729419963005197,0.5902503932716461,0.7712103816111817,0.43871667062855874,0.5369798989820662,0.7302405899211831,0.5044125522926817,0.9663712053227962
110,0.2924369007697682,0.6722388057246554,0.6870789873335502,0.40354260892195704,0.44442937738572286,0.7475249394651469,0.4364579278979113,0.4100537926590829,0.6191820445891658,0.7856373140509769,0.39305690731253096,0.6060900471000599,0.58878256864851,0.5865160110430656,0.5680402107949869,0.8169065912735389,0.5998158928894504,0.4117704767812425,0.5838491426828759,0.3942973753552038,0.5570147202387706,0.5269272236382226,0.4968066652598342,0.722672903735934,0.567096395975341,0.8672364681535651,0.6744576623746885,0.28386676640607555,0.5495690408954748,0.6452857789086701,0.40520389711385174,0.4282559559122727,0.5588194578800576,0.4340062324153562,0.8801837192333516
111,0.3430078236943396,0.7166443044215427,0.6719317443103785,0.5509219921232794,0.5322840272902405,0.8971073400534799,0.5431606607356112,0.4687705268991651,0.3413656672781664,0.9370382040852916,0.3363484347467739,0.5100693441156765,0.5291856990052088,0.5656945895473917,0.6120618025704117,0.8798473788490464,0.8289132873262353,0.6421483608431798,0.9640932883502814,0.3464544731714273,0.7042490809702528,0.5479843546839708,0.4695874852559797,0.7552246654005899,0.5719658430958159,0.7523732202380163,0.5256885390327231,0.32437669033314825,0.5812242023491249,0.5497836590520724,0.5469511679885151,0.33351118378077504,0.742938320790033,0.5552468728290528,0.8072725972648109
112,0.34181466265283134,0.6166765978547568,0.5998850094666726,0.5475548514346,0.5320146581466477,0.691612124743657,0.5218497196166629,0.5393547513832245,0.36658194291995133,0.6876778217666495,0.3769458807389676,0.4356943845386889,0.5870625205032156,0.5672879930473465,0.7068747683685461,0.7721272736806417,0.6789619739998717,0.5255648376978683,0.9606666457177575,0.5036711129933675,0.6313866741237162,0.5421975970632318,0.2993145520408894,0.6727386552024512,0.5558848507114477,0.8226579538141664,0.5188780248620345,0.4573980430109566,0.5074151334048431,0.45591386747231916,0.5216044334558569,0.37999981206900646,0.38109541489321286,0.6322540629052578,0.8802837190620227
113,0.4583018892421468,0.8662829828653753,0.6375120458298522,0.4974625458086443,0.49136963266033673,0.7532454857140152,0.44095884496162635,0.6136334249274444,0.43726796680704777,0.5851676274697146,0.3596933571853753,0.40969073292953145,0.4211989876255641,0.5403925669976782,0.7486094831155565,1.0037716966874475,0.6637378794188679,0.5819093362844627,0.7688223892790533,0.42170035442900344,0.6697849391203388,0.5957435863560462,0.3838056970316994,0.6533781321005789,0.7823802463851415,0.9710876350163935,0.567657882475153,0.5092598236700587,0.5931808426552025,0.5579891078786511,0.5462526573319377,0.2956604550221933,0.48032400417780485,0.46492343234337585,0.8709735335646882
114,0.3397513154431593,0.6555335494966504,0.5549576520589119,0.4861973358415512,0.444004964955585,0.620629770022616,0.41464159244657534,0.3782400266976937,0.5522300113855141,0.6914666718556223,0.4407766741272554,0.4731471067200071,0.6762421255189931,0.5722133630569897,0.6125146087434477,0.7379605209390155,0.573234111415436,0.5878377574553223,0.7508129750215387,0.5185724944773198,0.5494164279813031,0.6603911642001103,0.4549202769288007,0.8821802342633358,0.8958032263454485,0.6982347654135923,0.6093086759585794,0.45496276298881166,0.5990529784357013,0.4979682094192849,0.43532919347567023,0.32643413373572094,0.4396262232412832,0.6019866075939921,0.8606164877961353
115,0.305115653910804,0.5713700453931436,0.6647724690479566,0.4994003435054142,0.46368768922215475,0.7415714105016192,0.5362129860725549,0.41887378460386826,0.6016852247353033,0.6599132485830714,0.4280905536233969,0.5453282688923495,0.5152280166060982,0.511356267735851,0.6055579617029687,0.7748027213459643,0.6638541878266262,0.5425251924137705,0.9021176964084817,0.4613774413976214,0.418529465093749,0.6673492117464455,0.2603234432884756,0.595039111888323,0.6549624793205742,0.8206246977961689,0.6416926167722539,0.40385584809601216,0.5627741245289758,0.5273194662287862,0.38703305898917495,0.38570211821784317,0.5053696307038114,0.4424780149311387,0.8204097045034335
116,0.4205245683696107,0.8445067701020039,0.8059677427246202,0.5889369170095933,0.2648477509456969,0.6819263868651768,0.36810619485993895,0.6604330719925924,0.5433565147345782,0.6670701314110965,0.3574081099727714,0.5064823201619273,0.44454804484886246,0.6000401338052558,0.8177675749570514,0.86872612645801,0.7137378669820524,0.7990147932124279,0.5901660084067346,0.5371629687328213,0.5959876947585608,0.5051693236624711,0.39421599593528256,0.6553375189075845,0.7816031724522393,0.9578029934040462,0.6698692311813325,0.3225241501953159,0.6052263371322304,0.5239073354535254,0.4310627195866861,0.4005563518417523,0.6689153790551674,0.42385383010378075,0.9531428323322546
117,0.31452845379603395,0.6427481598408925,0.5643502446185344,0.5663564221220388,0.3430258929229637,0.6993632724561969,0.4888866153321402,0.43044598306897897,0.592628585746755,0.644842418230896,0.29410249258174515,0.6113765887249145,0.658210675937254,0.6702179879179676,0.702360624558586,0.6552812790914097,0.708891201381285,0.44232229493269465,0.7428167446784225,0.4156957193642391,0.6257523655519207,0.7226166571225678,0.4750375439522222,0.95347100668289,0.6278275154075621,0.7943080383759661,0.5093813798618224,0.47830283445050487,0.7255509756753363,0.6546781068293865,0.41162588310092757,0.4460723323924442,0.5280400211836376,0.4892477110084157,1.1796437489413796
118,0.4551985398180487,0.7204487221941704,0.5657912003484556,0.3521777898926667,0.39930586198294743,0.7657974558131475,0.4353453384305302,0.31875970125239445,0.44421514329002426,0.42909190902027805,0.42934736928145456,0.5089469970970246,0.47824086621713535,0.6322923429254199,0.7058304624508347,0.7965980144032403,0.703112586853144,0.554544923457031,0.8727201510521578,0.44749345092093207,0.5633088920898233,0.5196912615040815,0.2646845942794873,0.5754137134668194,0.7484558233871043,0.5770807631614787,0.7207985778541068,0.4136221083230441,0.45924266835125,0.5370600282361933,0.4461748177605093,0.29169583240616676,0.7088887630337166,0.4302293328704083,0.88912488051204
119,0.43663015531223326,0.8086029852162916,0.4667789649951318,0.48836579680958575,0.36467013279795923,0.9224692001833594,0.5516184732240379,0.39852328502304124,0.5595155877544429,0.5595842012544956,0.48242642765987725,0.5130988087527115,0.5997360595631795,0.6309109536973749,0.7470722354712526,0.7895597189894578,0.8439555163007089,0.5461498531965636,0.7378132932791351,0.3509854648514555,0.6664171776664906,0.649533345640362,0.4194321274215419,0.6746127335990715,0.7526421390311385,0.7246970729565028,0.5457480305183754,0.42288109839165877,0.46418603634360256,0.46063770892891853,0.3962827452432463,0.4439925934683724,0.7224228911460694,0.44427438682390014,0.9490241283396726
120,0.39015344822881476,0.718779081160696,0.6472996102380526,0.5299954948666092,0.28409020593576007,0.7857463659615939,0.4477200657214581,0.2445044341310143,0.5334836975659102,0.6060473751419075,0.35067967832001623,0.6032452092852395,0.5886995258864927,0.5505146358312495,0.7104007949691393,0.9315043917167346,0.6293016757783987,0.657792567435658,0.7556568897002027,0.49907917250487743,0.4267276098338309,0.598255597272692,0.3898635921889898,0.8915700673752847,0.8521585567935592,0.5691032888976685,0.5534379899493451,0.381943386370557,0.5913362109094124,0.6386608882153303,0.6247777515061195,0.4242119242703021,0.5283270984015889,0.40073031999978787,0.9405670423160624
121,0.33507082808785754,0.5758213386776223,1.0256703397281435,0.6575063588946117,0.3324051552623397,0.6888733856070808,0.3434528877752922,0.35890472271066404,0.6735684434649303,0.4968886737359039,0.3807841060906374,0.6122512118793221,0.6638687586357729,0.708159617174198,0.7260505462210063,0.7593182740910998,0.7326188367396047,0.6741310447330036,0.6034068359851169,0.36587941119850786,0.5720798345907551,0.5196246733027192,0.4045919587797562,0.7944528249578053,0.9214023747671013,0.9117059980488692,0.579060141198363,0.5649405504773559,0.7496982731748333,0.6133137015911146,0.462816195835244,0.47353182218508516,0.5014650106501606,0.4968481094500101,1.1126385045552112
122,0.2748107484400747,0.614742573847141,0.6892005380929366,0.3826299003227492,0.3194043927605181,0.4625111706154139,0.4261536791839563,0.34646257528339547,0.6372759921961099,0.6241700452232248,0.4708573674650954,0.5418678661031779,0.45005924232702643,0.5884561115661113,0.6616615871251496,0.8705128441101263,0.6943655685832644,0.6456741269339635,0.9564608487375588,0.3829887561893206,0.5693689098543755,0.7390110076780462,0.22193938618424638,0.9198476604897045,0.6501040152526119,0.41393415647139137,0.6604429578875824,0.20781731559509126,0.5992153337844137,0.37078298201943716,0.522542181005001,0.46174768301534574,0.4818826608168132,0.6791074597777313,0.7439004359919572
123,0.31007092104602163,0.7378681314321708,0.49075101689040934,0.36672250634632275,0.42746470752370946,0.6047684186992532,0.44246585800153804,0.45983430926384566,0.6321383318328228,0.6954601938507906,0.34970575666755493,0.40253473138361917,0.5983314794927532,0.7601122451022315,0.6415083817826422,0.8930042488114982,0.7691480846268376,0.5710902263718429,0.7366242675992026,0.3711056780128083,0.747828354117733,0.7083993332840279,0.41288733341821005,0.7951362422538795,0.8038044796192267,0.7296751845809146,0.5686851450909165,0.4367584878826187,0.6842927120850812,0.3965003462860385,0.5339429201813688,0.4256373209327358,0.3942893512967803,0.5989586213301994,0.9439232778716056
124,0.27723773376760624,0.6990982606542862,0.7701750654668645,0.5018968592493613,0.34955255438009836,0.65133639345897,0.48551591872337063,0.4596441642111039,0.5206448612584915,0.6009770594421158,0.6276749680162093,0.4686878539347732,0.698853825891606,0.5806573903170549,0.6515188385892338,0.6473670603687689,0.8123386319901519,0.3926446041234539,0.6336498887213842,0.3883268435238901,0.5463603222263572,0.6316231437513855,0.2957523627781211,0.8478804000418798,0.5547367606429604,1.003951122147108,0.569771103816759,0.4107777665373713,0.6954609932317413,0.6087239109323652,0.33912847431936655,0.518470630851581,0.6148266400956,0.4654083648858961,0.9502737668494401
125,0.3548570412853591,0.7669236454422073,0.7034546174675084,0.5549139819008628,0.6162818955871532,0.6651453579915603,0.4373551002899558,0.47169669393817987,0.624636400954576,0.6745843228949352,0.4222569829216492,0.5169773374507702,0.6611049177977469,0.6290834547920507,0.7091649430130302,0.9751190337341086,0.6984633802716091,0.604923236017809,0.8654417793554066,0.3540917127807073,0.5932409051182821,0.6656135572802501,0.4004722564457949,0.886589046599944,0.6934208849697265,0.9379004234199075,0.6381627706141318,0.5165850903650318,0.6759971128392961,0.5755641564011833,0.48776194167522546,0.46381692619149406,0.7085654250009297,0.42928730615820443,1.072543741023118
126,0.31921843183617277,0.7069759553705163,0.808331489326259,0.47215520759848606,0.5937008731008029,0.49856064919937293,0.5018994124952845,0.24623022115266216,0.579278313998665,0.7860402881215918,0.41034600317885916,0.4747824328292624,0.5596350360981588,0.5274664252549237,0.6261103151526439,0.7422472899043391,0.6155875627180831,0.5013200256032303,0.8473474958746707,0.4318006515090892,0.4982096712189159,0.7947246203484217,0.392216785563795,0.6907148804904852,0.7845399994085754,0.7505492948106811,0.6435363235848917,0.3973132727510563,0.6122393368682447,0.6947059627563346,0.32171146630101105,0.3132460178122345,0.5618614050085207,0.5587872397335367,1.1140511731460245
127,0.25390055982299414,0.6542544686961681,0.7304112518518884,0.5765034262920175,0.4522629146952998,0.6126472795169037,0.5061828046193135,0.34567582082831083,0.48582736293264184,0.8015935456625378,0.41839289286704096,0.5543850331080565,0.7193354600932436,0.47055283603168097,0.5922005597822297,0.707027019465953,0.7162579238702371,0.4787512987397907,0.8394798348642567,0.4089704033496651,0.526369550054858,0.7614420080241836,0.30796332912234264,0.8522768488441069,0.6482955412499954,0.9415655705564552,0.5109638749280772,0.39502073614513944,0.6919704955068392,0.5403365922495406,0.4672449736007826,0.3955456697304738,0.5394283706081833,0.34056525360698997,0.9761996803962221
128,0.37149991083355627,0.6339649550202704,1.0134261953211168,0.6400419458716927,0.4879193006748898,0.6174339877154383,0.4848931637558984,0.4033766718341395,0.5603845750744754,0.5952793295018736,0.49423101254623253,0.5251912623081352,0.574857111217651,0.6184841517728836,0.8289573821918923,0.7626568466069896,0.6773126936454246,0.6112979781945689,0.9407605045976066,0.5180274666998488,0.3935077911336349,0.7052707258295359,0.3067719029178021,0.7821950429213489,0.6286326373746034,1.0355432747252213,0.6058910922676235,0.4387285758282642,0.655283770090723,0.5944602781907709,0.39866677767799885,0.37053033947823677,0.5453110595879926,0.4719423202627296,0.8655377093095086
129,0.38846906854894403,0.5888805997196664,0.76544168639131,0.47769401824135643,0.3290421329838042,0.4831427177281616,0.43659690479045016,0.395102902811283,0.46197697552232464,0.6236268780255774,0.4114984364808445,0.4017551695485963,0.6204173437438241,0.5581724657387772,0.7519833316128456,0.7319564670203544,0.5557574493341835,0.6148252244492887,0.7119303971947731,0.31322754285509896,0.4582237573255181,0.6124967149628977,0.48957783804055677,0.6611767434803869,0.6625825363090881,0.8706969549839721,0.46363574787768247,0.4518243820655289,0.5489945877499385,0.5852812432327874,0.3543639527068955,0.370569331291873,0.5334594193006654,0.42763540233777164,0.9048319281733864
130,0.30521137446460367,0.7255397382083087,0.8767768560585155,0.4566225440850357,0.4112741278887092,0.40992845124350763,0.4532088532719786,0.3952433117738046,0.5670196947400474,0.5831667382939396,0.4696166918249067,0.570113589493858,0.6341145468357451,0.641853228591497,0.7322289250457279,0.6482710468545786,0.5468022598541029,0.5515973919053214,0.7130044891327958,0.41681331254656323,0.49448326622756744,0.714215392743945,0.5065849333629644,0.7173930309716066,0.6093463994874722,0.4841374344932197,0.6559640039070735,0.34049880651170833,0.4991303877931027,0.35525826642426644,0.4383693423382349,0.353915568763406,0.5541609803014088,0.4549530777087422,0.885924032712758
131,0.27080004078763453,0.8079991196893588,1.1208773615457768,0.5550069242401617,0.4251518336532096,0.4629445032237265,0.3868704670389797,0.449713062191475,0.46767683710603253,0.5353230532505955,0.4321403101334886,0.4701275042915107,0.4950042727856658,0.7941127138267314,0.876558818785671,1.0130341891202415,0.42348178580149254,0.6891883248847963,0.7159148352792823,0.47498994996586025,0.5601235319156068,0.6044280408754646,0.3956288571282087,0.7804674616566286,0.8134376998188292,0.8820019839050062,0.5240870662701267,0.4043563395856758,0.5380748051100133,0.6100848064783029,0.4853563430309392,0.35590329738046544,0.47078406541633827,0.3432051214858306,0.8789012271123593
132,0.20634423945515135,0.7206915895960054,0.8386444994734129,0.5859510492024058,0.33044969711211325,0.5532963839388446,0.4137304547765739,0.34789113946019523,0.6294693222026484,0.8131760301161667,0.45389099554552786,0.5271767614409417,0.7182490722975539,0.667760561560286,0.7057228278743961,0.8574107953008615,0.7142360924093586,0.646526725037071,0.7689901003324839,0.4793033005559317,0.5145585578522761,0.6316808207747411,0.64026520563106,0.7484212760283606,0.8012980049462701,0.8090123672780958,0.6031457011506063,0.3248673024073757,0.6033630937823318,0.4595895665115376,0.39735720150862225,0.4397957191205151,0.6221508164149259,0.44877101034690625,0.9779222422370553
133,0.2984029859059447,0.796083775989635,0.7478319421968531,0.4290634138725449,0.4303669590767054,0.5221342632278513,0.33452872343845647,0.38070293395530413,0.5289621930098058,0.6250171342762583,0.4705881885168739,0.5413917693724553,0.7411164725797461,0.6298163619050888,0.6111663273890646,0.7106637340959818,0.6740824102277836,0.7445055067101879,0.6884973569133892,0.3989113445140597,0.5655898978556971,0.6432362782430676,0.4753757508662718,0.9954616959430258,0.5389681647225926,0.9129797366328585,0.7784466231902833,0.5281429328702605,0.6279050232697747,0.5166065742654509,0.4765606149883657,0.4794416875514522,0.43503834799957275,0.36957985945859423,1.0163222336883493
134,0.347152894346092,0.6513285951549626,0.48613758067932644,0.5043406189633712,0.5292844260466926,0.3262149108652193,0.3172682146032275,0.45771621472842183,0.5461582829934217,0.5945642011503552,0.5074698129814037,0.5955299031880512,0.6488884441670301,0.624489177275941,0.6378972125693285,0.5700406399157382,0.6098250979747482,0.5839420330847858,0.6856277500083954,0.38576991023385876,0.44142706588332103,0.7268565309046428,0.4598036906992514,0.8124153886938656,0.6761959736125309,0.8463115778919129,0.5830045957296739,0.5125086186975963,0.5201223458601023,0.5120511564639985,0.39582807209595866,0.5803531895368139,0.6301896957080337,0.3735091409050374,1.0438463688476234
135,0.32025826085487263,0.8743550046476452,0.7087367854744124,0.4122358113924375,0.4902911253511232,0.6658271917797434,0.42183269000056367,0.3528193626632622,0.5129275741564849,0.7974542941400573,0.6012982247009402,0.44214056201923746,0.5162192545281077,0.6750384354964448,0.7378593637314053,1.004167559905973,0.5075798540657867,0.5526007438785362,0.7960296794091029,0.4583739227893034,0.5543994368369409,0.9144289460966668,0.28508868226116,0.4565263453138924,0.7598976144066674,0.8448595559900357,0.5667171402823261,0.4139187350687525,0.6291043341732393,0.6637165523612103,0.4466267770213064,0.3371862758658928,0.641854286562946,0.39067513436476853,0.6446690691165302
136,0.30621915380324605,0.6424667169310398,0.9087016188510452,0.39818060211835904,0.5195220733096252,0.4262832028840565,0.457203547833989,0.3070731494506563,0.45739361878776724,0.6889765239791559,0.4811044666507467,0.5493091889426216,0.4511363425290458,0.6984666650120925,0.761381272764854,0.8359877923240773,0.6212327482461665,0.6868531827677475,0.8134741920917263,0.6085617534501206,0.47859058021420886,0.6329470339166213,0.3969760792069701,0.7338218931248401,0.7683248355962005,0.754969102455164,0.7313945366223655,0.43607403594195304,0.42765008958760137,0.5406855384048639,0.3889235666270573,0.3188082330117822,0.6305514238864084,0.418966291558273,0.7153044424382768
137,0.2732335667870185,0.60826833305485,0.8956790756055621,0.4339911122663142,0.5664782098837978,0.3083832640811791,0.5212406684678501,0.3656761343660299,0.5104836124503909,0.6889395208646752,0.5225521132554736,0.5099964303956919,0.5678699571024506,0.6114571841463786,0.6169858278764166,0.9063793293154254,0.6041548883742867,0.42975545554102423,0.8923620192354011,0.3652883525835132,0.47258876420812557,0.8840734980251435,0.48348102313776803,0.7268153611987574,0.6979783419046319,0.6878442946355008,0.580814786829617,0.49717593418567607,0.5045700626843643,0.3609363217574553,0.3821752800351932,0.4282080800070644,0.45387958556892427,0.47949423741876634,0.9057204432075425
138,0.3371917452207068,0.7284024356075269,0.8130148118697136,0.4845717550293843,0.5134757475978129,0.4617016960397239,0.4849087122484308,0.6339477887414775,0.5471226288456777,0.7321166823118503,0.5034655132550145,0.6544795400414949,0.6410813630162409,0.6527352967645208,0.7439546593396074,0.7819108658193068,0.759207887358192,0.5322227407398588,1.0277185555469064,0.42916087591512697,0.5521518539912627,0.8924650309487374,0.4071067955651328,0.6865746972862655,0.7068470243997917,0.6541591759674346,0.6700769969346024,0.40497643201810307,0.5677034880087352,0.5847206307206769,0.597573173155787,0.3816897370929328,0.5602839810877303,0.4487523370727443,1.1033373343374573
139,0.3046977091242221,0.8904713922075198,0.9900227385854248,0.4645839810983974,0.5335000942788513,0.44963733584810295,0.6444355200917163,0.41134790497827456,0.5010596016064996,0.613364117834037,0.5708460761276204,0.5520289091397028,0.6814606523171698,0.7054626589434844,0.8270199361882322,0.8489401331499142,0.507901292792042,0.6917956073010586,0.9845073906553203,0.5168345434736095,0.6698561878299284,0.9467535752952975,0.47066018514815156,0.6671588659001727,0.9625622870952552,0.7607521604365444,0.6689895536268506,0.29272582349727483,0.5976652388156797,0.6519336002656998,0.5466970526035104,0.5275357939036383,0.686284242115851,0.4245194215396872,0.886836381461988
140,0.31692793372435113,0.6899140539259944,0.6274081523498284,0.5469297884560533,0.43993979396404176,0.47590884242316495,0.4706394074553998,0.48102823110964255,0.5899038643685639,0.6207396373026239,0.4960735562755447,0.6124949620683144,0.4766794494731533,0.5571865443158919,0.7378362313956914,0.8407547653187336,0.5281950787556143,0.5670362201297998,0.9311449658162368,0.3788606104148464,0.625243206322508,0.8523627078654028,0.4174559513381082,0.8907448146414452,0.6753279622645529,0.8411582613612815,0.4987248624523492,0.556134462320801,0.4674665290790295,0.5211405479525562,0.4708231470606453,0.4900367510750291,0.6104586650246351,0.4179609728165832,0.8887236702935826
141,0.26624787679145984,0.6419750903450874,0.7727751631397075,0.42675206888803663,0.4341321104038684,0.43175950492425186,0.5191720598824583,0.3234246730168367,0.6019322350093286,0.7637475392357729,0.4945873530499001,0.5718456016891985,0.6985871944620806,0.6280327239311055,0.5902553291594135,0.7356339747252091,0.5868414172784286,0.6359820039698019,0.7566254606851703,0.43910708311341384,0.4167918659332689,0.7659382127045501,0.39561229512473656,0.8472629514626344,0.6250126204644084,0.6432685014888561,0.5386747216397318,0.4403258096129018,0.4879844478705464,0.3840413078214112,0.46694636652526933,0.46525993802725163,0.4830799143197995,0.41584293876679024,0.9632399543201102
142,0.30500717264126775,0.48623179592952914,0.7357139273806383,0.6355659742988694,0.40990613147851496,0.49912782274887313,0.454531309338681,0.32568555149056533,0.6183487168358166,0.7489894176270326,0.5337070632657894,0.6932446467231271,0.5888908442335556,0.6055108367435073,0.5558416358806073,0.7097556609069529,0.8639979817179033,0.625462851407097,0.8829713360026723,0.32001668245913384,0.388502408735313,0.7436830817365778,0.5648443483510022,0.8522806682553525,0.3790631637181722,0.7513441465075417,0.4939568972439208,0.45013976755647506,0.6400254314042446,0.6278363255230128,0.2197912238850375,0.48482377160898,0.4253731904250429,0.47767518300044853,1.0887801020617267
143,0.28484653130806026,0.6373730969765913,0.8079656139666032,0.4303703086134567,0.42673430653481936,0.4093805043184382,0.41832325134372095,0.511297148671118,0.5706244762482259,0.7158848204652443,0.41576695434298755,0.6857406899583778,0.6693689704520049,0.5420546503304078,0.7010266939154106,0.9667986853407813,0.5749485396743352,0.6889446700108761,0.879942506122183,0.40112219265004223,0.6597377919898448,0.6791357190322441,0.61661397791765,0.8788422725801641,0.49159730608289565,0.7710030179402493,0.5088299904047379,0.3840032133181687,0.4774904313337259,0.6506124465621672,0.48521121351793267,0.45321537747916607,0.6916283907666014,0.4110551655053115,1.0192608286133673
144,0.33003366490227526,0.6958472604293331,0.9119581768944789,0.4308902724663093,0.28027806170257835,0.4396838565175162,0.3824090633809085,0.5844640616224477,0.6034450178936386,0.545431711669556,0.21417762163721504,0.6512106676563043,0.5584494303695775,0.6494683990761276,0.6503105861361517,0.7780545495358309,0.8247108797815216,0.5409603730473733,0.5716460124509222,0.4354127219215038,0.6403513459964352,0.447662814380294,0.480907064374473,0.6266343851312862,0.6340494859588168,0.7479496439358548,0.5225390741454753,0.4061911673766889,0.578824325269357,0.5301731499325371,0.5062043228456911,0.40404719484735985,0.6083259431186476,0.3008373308919082,0.7870705535344142
145,0.2912032912537061,0.6378911183941236,0.8281042302737471,0.5827141836443621,0.3418222818641865,0.5188278263194065,0.3223593128259342,0.6499378772392324,0.5140681147564155,0.5953622074023011,0.4571491847942939,0.692529333886112,0.6819021659218913,0.518338323915417,0.6736226266053539,0.8109693901313237,0.5392129099350582,0.4714922478311786,0.7772250428433218,0.3397284676623049,0.6107064812081158,0.5414458970689683,0.5069094618942714,0.6035749003618176,0.47357990397650596,0.7815729969975663,0.5128790672286654,0.46491814526242814,0.6152223871085211,0.5885511541431953,0.4290889386671507,0.4608110772900308,0.6428106691069833,0.4627330444220207,0.9711217405261959
146,0.2855863520922925,0.6640880084855032,0.7570954580496452,0.7057480612377802,0.3276872688320063,0.6525594546457644,0.38267761197614636,0.4867961723328848,0.4752521052136901,0.6003951295895381,0.3539695518889574,0.6044192481301689,0.4342534128882899,0.6702772681090413,0.6316753940805996,0.7066556373455903,0.7500696302599239,0.7584322261943759,0.6332962995567901,0.4417347389628613,0.5799819842070184,0.657271595358736,0.6025797856218309,0.7451574360649649,0.8285707558954107,0.7857464183525767,0.618797352898257,0.5277318516143755,0.71785975205643,0.966849447287694,0.5828237695892833,0.3691191895760275,0.587959045945097,0.45277960775289255,0.9190302949451086
147,0.4095288265828046,0.49974274666867013,0.8259226766834208,0.611127196830535,0.4227621907302406,0.43094695190263754,0.5494428000704218,0.6094696845086374,0.5353367894273735,0.6942517041943369,0.6266193875927755,0.6917512306652264,0.6098589469057926,0.7466238272027925,0.7455357979466726,0.8672155147599273,0.858890727482792,0.7363418317898782,0.6132997367703508,0.4411689357769357,0.5624841085897099,0.7691052425748941,0.4942755871754448,1.041525576617084,0.7634479945756079,0.8511598695664422,0.6419858354501842,0.5176204425337095,0.6318083761431038,0.7614020468440501,0.489373395106609,0.6190302463319448,0.5406429815726173,0.3612404875787074,1.1270934092410148
148,0.357216471263766,0.5390348831457397,1.0750266057691995,0.5397967323957613,0.4547868467393007,0.389432097706666,0.4970988809397634,0.46970006952648125,0.4484787374565115,0.7634091105868396,0.4647464610908534,0.625027865997386,0.4861900529755036,0.7675090505792211,0.8605574014222543,0.6611095176394655,0.5589219435710197,0.6654575644112501,0.5815742578811058,0.5009031044807821,0.5299059161150046,0.5518606785792882,0.5799985115568612,0.7284944896815959,0.8392502299096563,0.7870948379807932,0.6226641921214255,0.49579452572108007,0.4968810019962576,0.579363527288496,0.4657489519318214,0.36395755106096717,0.566274691278672,0.40731617275325405,0.8820738672606884
149,0.36316727034702034,0.4628298009066305,1.1085856998193184,0.5757648203538623,0.41545452511352615,0.4210204210199208,0.42976826666889034,0.6169618665100869,0.4592697765053084,0.5875200041441917,0.5888304713452137,0.47527669711857706,0.5726420307218166,0.6740698319282155,0.7893600067531692,0.6875310491755102,0.8514172817735803,0.6917472770338735,0.8806003520925236,0.5449997822032624,0.6062728852338726,0.48060569230568406,0.5248459541305172,0.8908356647616762,0.5340560229173885,0.7629479337860634,0.6364173896770173,0.5434251487282293,0.63765406579677,0.5413091119301783,0.5370600031083392,0.4038698088234068,0.6704692034984645,0.47822698278028153,0.7923120721984274
150,0.335436945904684,0.7402783378040653,0.7216293272030831,0.5543399740007824,0.4516745421524012,0.3466740681453475,0.4540284961208528,0.5681361218767362,0.5161218463226107,0.6755504142877178,0.5869751033748603,0.49415888496432514,0.49013276882346984,0.5901353678733204,0.8230218218583066,0.6611930083083019,0.5554056107665086,0.5826215741796413,0.6872145059475384,0.4659886237021275,0.6045077036954766,0.7034462423955423,0.38971834385742576,0.6363359266952899,0.780905465779347,0.47458322624548377,0.5528813804127051,0.40805360876368446,0.47906359349227473,0.596387912103561,0.5574353746096434,0.5888163197730378,0.6884525167617066,0.5764803235438647,0.8951470074831782
151,0.2836046004909866,0.6062917881917915,0.8760814190049644,0.5591863353141939,0.453279325108975,0.517846538452639,0.500288462405027,0.5327863382991418,0.7536623012030026,0.810213327995075,0.45849326681139857,0.5038329994509207,0.6994178463223586,0.5886443573994582,0.6053121444028831,0.9433899804252216,0.8423842328218011,0.5764468153643811,0.6304987773947486,0.517874369467496,0.6304891581951984,0.6830951897012878,0.719808664518875,0.9086880324695552,0.7295722507058762,0.8396724112238019,0.597920948401584,0.5049560537994626,0.6828104854677136,0.7244840341547554,0.45590377995195785,0.4440874824235672,0.7392316069364345,0.57043415386389,1.0056759666151116
152,0.3748672297790647,0.765047090459592,1.026916919787935,0.48549583224514115,0.3942601354041421,0.5934392905269477,0.6072364689045291,0.5589122061285638,0.4581725106562955,0.5298517237077733,0.47303651707364547,0.7012459087688039,0.5918292380763286,0.68910194380955,0.7221040946589237,0.6683032406232589,0.8691328918001734,0.8183351348047316,0.9219636088902877,0.4532072991342665,0.5628472834747884,0.7230040050577278,0.5796782077273182,0.7826760561680572,0.7560870802303457,0.6779181346449099,0.678075658625812,0.7560229890430095,0.728009609258872,0.5850310542785624,0.4837496728026885,0.4600592475851443,0.5497658004194793,0.5084906738952826,0.9147337900936301
153,0.38861560947570317,0.6042378270556855,0.875942188227671,0.47155754516578785,0.46759658465231213,0.4045651345751019,0.3190737067984849,0.45795011361804916,0.5085017859582428,0.5629456952347875,0.5041721702142398,0.6556759150535919,0.42103033552787095,0.585381583714702,0.7346012005966995,0.6810178166715541,0.6856033117162653,0.7365503409050702,0.7610546878087308,0.49712126135006196,0.6150009954055942,0.5931292059989615,0.5811204780898935,0.8201773024988954,0.877298996979341,0.7755632201415643,0.5300915951908398,0.6091851691490202,0.7078706477199388,0.614830596319779,0.5041451487351807,0.4952908986406447,0.7650004175792353,0.49277051241103326,0.8672183136827303
154,0.21410692503108011,0.6512712632732337,0.7195704599022931,0.384987317681004,0.4428686128031548,0.32454624971609924,0.4820118094107263,0.6477231866351416,0.6950939208891436,0.5411467676559916,0.5105793565256435,0.5638719265858518,0.6649351811821123,0.49510541817270454,0.7578808113955626,0.8022912856727167,0.4307036493056705,0.5643158244387463,0.6700126121447834,0.4082013973982336,0.5528646027960276,0.513460425820663,0.5047232761064675,0.7388329970232118,0.516856197248012,0.45711508295107156,0.38894565467692355,0.5028943576780271,0.5251196185875526,0.5530831186221852,0.6117563990937062,0.4878266996601807,0.5404792372256417,0.5466412072683351,0.8975391357688794
155,0.31641199024099054,0.6175256989111151,0.7122114363219145,0.5506314367501525,0.45997864157605345,0.4139663209751088,0.49925982962561705,0.49740180381815335,0.6819643117484149,0.6695927535003297,0.47764678468899624,0.7806088153002344,0.7423636537592231,0.577173702685043,0.7215883628608316,0.7005711641909003,0.7569097684752516,0.6979622776338573,0.7615909834583137,0.3940803358497531,0.5499389575418894,0.5228946739291145,0.5611088100023665,1.0110219042858257,0.6654353626489574,0.8042088749913322,0.4978981578320609,0.6512909482391132,0.6057572102870925,0.6555975958394133,0.45762851776722074,0.6386009323029136,0.7146128497025802,0.6393727923442812,1.1112348299563939
156,0.38576355547889607,0.490750765829509,0.8100635997419594,0.5778543157372327,0.380555040345603,0.4010856913979027,0.35031267990282333,0.4663560718575048,0.5667731613478242,0.6887538224355039,0.5812560341372405,0.6182182598884387,0.7715798844225605,0.6000286371469679,0.5733573688802719,0.651428311172394,0.8203486166677731,0.6964373910802011,0.6606254607619269,0.40425179961736596,0.37068122416229754,0.6737556575836045,0.7253594815703446,0.9573684595175809,0.4913430368756957,0.7246287736596835,0.48466749522423513,0.519424463723148,0.5579952690365033,0.661521504712148,0.36872889319381164,0.5307363505429155,0.5215172470727296,0.4164614807143888,0.9761606519685584
157,0.3108783710132383,0.5781487215415575,0.8213607236655475,0.519160220223505,0.4307041535550073,0.3965208569984806,0.41152276968700574,0.7750298169446759,0.5448780810265943,0.7610094298190188,0.6140684096203042,0.5873220784545607,0.5832415773628833,0.5559549135861658,0.8891605908401727,0.9538307761302421,0.5634208933561693,0.6549439735073848,0.782436899145819,0.35837622138739506,0.7824112743022833,0.6987153897641742,0.6194419929927613,0.5973852680200973,0.6666149972216484,0.6839740569818793,0.4545010003083738,0.4796532140751354,0.5484103271223929,0.5186214779836136,0.5441644744551625,0.3768780757162681,0.865620363497477,0.5451498967427515,1.0413637659066919
158,0.40912722947520774,0.5746506754180163,0.7485558274190729,0.725756505879481,0.29732799063337034,0.382856271489125,0.3298059515698901,0.5112265916225323,0.5971581381082229,0.6493480557703412,0.50795914600417,0.6878716065031065,0.5878707253710882,0.6003367347069455,0.481811449016206,0.8160150436331725,0.7035502780255546,0.6961787925887579,0.717745112952157,0.36569062999470436,0.43532195531021806,0.5109844898946233,0.6966546184149431,0.8727239973578873,0.5830754861223129,0.8315871431397753,0.5502122677433585,0.5787693379339256,0.6815000257795054,0.6502606657809052,0.3902995472117117,0.3445235278712071,0.6637299359092783,0.36840484860302936,0.9451900603987142
159,0.4197219983970524,0.6029664014547721,0.9272960194538529,0.6525885738481303,0.4921203182159394,0.41076546016508686,0.373477253523256,0.7367040110244377,0.646111557499647,0.6293590513457198,0.5211557346860313,0.5310813089942954,0.4414967088445967,0.6201963496262866,0.749391848504422,0.8058366608064733,0.8643661940292915,0.8045536313460835,0.7278620462145584,0.3441335917438304,0.6009068852043743,0.5920349899477884,0.6572957802436068,0.8217715994143304,0.656233100523748,0.7181594110745156,0.6735424853733514,0.6859696784423062,0.516205070471222,0.841456375525032,0.48036139096509634,0.45836221848885805,0.5905576408449502,0.48833758004592204,0.8474595100880502
160,0.36597318279578295,0.7054317265253176,0.877550688303627,0.6415493682125626,0.37425313940732047,0.3962592300689419,0.3146572349325001,0.6658758528006921,0.6287439108086313,0.371833800796711,0.3574588322862268,0.48138128760595733,0.485600291617333,0.7044031070949663,0.7555743120887171,0.9564579814270533,0.5952945622340837,0.7264205870064939,0.5627933962585645,0.4457748210159048,0.5910745435838834,0.45248516844765,0.33686823569380586,0.7790025471044782,0.5490438094433504,0.6212736060493573,0.58851953655644,0.4187003987046415,0.7072037105852669,0.8325476276800049,0.4767544095930725,0.34987942222264384,0.6180052137351286,0.30118739164624947,0.7258804978938368
161,0.41189495741687787,0.6093909985963719,0.7486465146510598,0.6762176369115552,0.4932708958509975,0.49179567139964026,0.4450082021210068,0.7176329337678895,0.47221049377778335,0.7824998757601577,0.6219174690220659,0.6605220236375637,0.7316739456144499,0.6178328284502256,0.692804018286875,0.7063814874035834,0.7702003533097352,0.6113452975231175,0.7923369859185942,0.5474495575451293,0.4702447452060249,0.7129655732218732,0.6511578038626676,0.8427807557993537,0.7571063553146667,0.9383107834260236,0.721550990057485,0.5342752549152274,0.7090990693536585,0.6458335048731356,0.45639695238570827,0.4842901503347497,0.5398294529715246,0.47594467390565703,0.8100873819918232
162,0.37261693599235923,0.6258754856795147,0.7394097160728135,0.47041591303381486,0.4037109305299634,0.46364812501992103,0.465478005841017,0.6380060873653892,0.62001052670008,0.7541610836829359,0.6319512709496369,0.6006442756879056,0.6150716527781215,0.530556057216034,0.7683990265995856,0.8657422442979351,0.8011119439063519,0.6138132453120486,0.8901925510988742,0.35154303593009945,0.4945105746031806,0.823360778785027,0.7228441414359005,0.8612181134190497,0.5820368362233651,0.8542778063243119,0.46355322860284176,0.5745828136034787,0.4990741584926129,0.6150561874271733,0.47021793337112044,0.46434914863349713,0.40480898182161196,0.5568762452777466,0.936521119664611
163,0.2962958210437646,0.5206449367659425,0.8628064277974077,0.5435963645067625,0.4741475710373746,0.42158086798187755,0.4643237030902203,0.6959416849712556,0.4809144726312776,0.5027152374148028,0.5496989984453027,0.43465525320966836,0.5738562455271116,0.5420955224529564,0.6946135330531465,0.7310051577749159,0.7758350406686335,0.8558262312163354,0.6873224022695903,0.367797544209192,0.3679000156202384,0.662198372011759,0.5839013080766191,0.7693960525149506,0.657081103833712,0.9625204468262831,0.5626509422087369,0.6131690925879436,0.46606172720415756,0.6119339314629213,0.5216935680540524,0.4330434003887974,0.4757439529007785,0.45462046855852833,0.9501417427657914
164,0.34140102311359555,0.5976196353133709,0.8221847246855087,0.7141105154173757,0.3878926722234567,0.5775489519361332,0.41654161838861536,0.6545835393330574,0.5149108493041936,0.6266422264650542,0.5969637487023147,0.6979795459268292,0.7110701559950998,0.5859997968833432,0.572319059666541,0.6725216210229176,0.7434477393316103,0.7189568503698002,0.7166893815081897,0.33689308209951085,0.4529139622835736,0.6238598277846686,0.5407138532701886,0.9725933300597561,0.6844856718042884,0.8585578560079574,0.5810039920687535,0.6679528281647407,0.7603489026720414,0.7182972483291296,0.3660256331914099,0.5784714354410093,0.5108901395856555,0.4347737711553485,0.9163158366291163
165,0.32825652722273313,0.6746346392206873,0.8330093016766529,0.7803865223310682,0.4093213224290719,0.43314995610289797,0.4233988858818465,0.8421810119764684,0.6201636309304976,0.6073718335730854,0.6224730824923821,0.5358723783366373,0.4669276487488315,0.5698297847036901,0.738618757903382,0.7350314482775364,0.9385083561044604,0.6828192823082073,0.7098307057945725,0.4885375114305155,0.5674194949964093,0.6461042362065963,0.6382022708723174,0.9316376263766564,0.7153164228965905,0.9548818853946748,0.5677402751274063,0.6893592307993541,0.629142530741691,0.7833853892015616,0.43800976216022625,0.5659590852148899,0.7387007459466758,0.5635043438305989,0.7950465780802716
166,0.5334012587463554,0.4895376879773927,0.7347817906027072,0.5989972404302647,0.5176449245654922,0.49738939776031627,0.4095897078810692,0.6391358611073739,0.6498322238210006,0.8131394109688093,0.5702762795451639,0.6508284779667719,0.488240136120441,0.6178824842644918,0.6240291506968496,0.5191009987632447,0.7618305529741969,0.8117460489455933,0.7825039174470871,0.4557867369683817,0.36715104019081213,0.6520995257407699,0.5926922811052895,0.9523220518776385,0.7297184316243219,0.719879868482949,0.4904312300198095,0.5409285266545243,0.7199263588365629,0.9524449601716187,0.4067519994816506,0.49750221725166577,0.4002459817547596,0.5484655327700085,0.7707351393428263
167,0.28765005305054714,0.537371107592538,0.903894686493651,0.48341590895424613,0.4574628939351201,0.4016210355166425,0.44881988718814897,0.928634460158519,0.6682345985968743,0.7400882431944151,0.5948340167901529,0.6173824497252343,0.5184798883770113,0.6089193344734496,0.6926041202963045,0.7993730065064455,0.8141339189329944,0.6895801423924408,0.7991240275118813,0.5709578761869054,0.43077909651311297,0.7080737254388554,0.648019204615182,0.7942060408366081,0.7822667795990618,0.9309079304225605,0.6632871344289586,0.5592422220741939,0.4672296546830993,0.7823225089672265,0.4064046516978211,0.441437917550323,0.5029024757491343,0.44793958699488967,0.8442066083841284
168,0.5023152103428146,0.6345033661521982,0.9634162177152117,0.7493260767499006,0.5427595858376009,0.5374196536081313,0.5098346690403746,0.9254144123780931,0.5241975894836045,0.5992011465822306,0.6537083625289098,0.5058250483840344,0.3694211435642828,0.6809139506609575,0.771351872471197,0.9958840135591195,0.8618686230974253,0.646603994242577,0.8413317288427329,0.48217219118804644,0.6132200910556947,0.598580143082033,0.3500655513222871,0.6979416424306573,0.6626988254998454,0.8420771453158598,0.5194224060747452,0.5156104288813806,0.6082603461968739,0.7399144188405469,0.32414298019093585,0.3790554133841201,0.6874389726396135,0.5743301020776179,0.6389577056829228
169,0.3461200570547873,0.5474366438365101,0.8062791527039566,0.5026668886646868,0.4699030547283028,0.41855101444126064,0.3680953679135318,0.8964473636641394,0.5435705921822684,0.540576054630158,0.49439668404311404,0.5431576382851411,0.5411920141187482,0.6319275843434544,0.6112348355079461,0.777876271163747,0.6814186582711982,0.546498557032579,0.6069230315628265,0.42908426922133674,0.5978884688112882,0.6433346088286371,0.680163107289552,1.0657789480752786,0.6250684372471986,0.955605544318578,0.6042346564173883,0.536213403827594,0.6715319842627652,0.770615314672775,0.4303472063108956,0.47773118658920544,0.5945332301486077,0.5089867676669049,0.9992208942512144
170,0.29741804504443214,0.6976915905668308,0.8586592781652963,0.7048226033342175,0.4657563292603274,0.47185718124511783,0.3781944169600867,0.8908928988786786,0.41443439859013653,0.7449035255875945,0.45790040975017193,0.4415235476723027,0.43942881996411876,0.5778419174985466,0.6898455387025587,0.8850175420665356,1.0088188507940539,0.5712457070023486,0.7653036299658791,0.3736282593578107,0.4088832211103127,0.5121066216319806,0.4844791050594353,0.7366308506033757,0.6371216944504441,0.9812596292835433,0.49332274286660466,0.5335732817911524,0.6219936270095126,0.8072402135686292,0.42254905778779983,0.3612192256553468,0.6630321314201082,0.5177289544218978,0.6668260537516923
171,0.48245908295689494,0.8499152044740019,0.6677620584572148,0.3628703479730039,0.43292944900135455,0.47260216955954815,0.4660281315009816,0.8289997609288108,0.49690271592200896,0.6810171406829104,0.547188778178221,0.5850213549786631,0.35893896948804693,0.6151011260281383,0.8026072225304888,0.7285972920763897,0.9489598377960513,0.6688589753959154,0.8563475115821736,0.438197310778484,0.4592980889080397,0.6657569038091674,0.6536670568591749,0.7114331749242528,0.6996840992509505,0.7131363684851053,0.4764664792126366,0.5236884549326848,0.7380243466822743,0.6593657743131494,0.45954569269763024,0.4522084365807475,0.7217462122738894,0.4796861286551468,0.7260456118734057
172,0.4520205032872716,0.6233626330789486,0.8215646001610031,0.6268429795087491,0.4877285045658103,0.5608835750794272,0.42646642162697346,1.0333405731820289,0.5019095531476097,0.5379035966107527,0.5358728399320162,0.5308163895668525,0.41436332475240223,0.6270883657704044,0.8925976853244451,0.9474199801789281,0.8195162859952234,0.6421523638264326,0.7503204259392933,0.44384203633345487,0.49317922836483596,0.8368997664783457,0.5119812637667885,0.8932245971514156,0.8287103735357162,0.7779037790244291,0.5244707846457648,0.6434420063661517,0.6501973980762581,0.6087802420954196,0.49393465330171543,0.46981057408623966,0.6864161370843844,0.4992968894115298,0.918003425421356
173,0.4609709303513596,0.6939423977494817,0.8168196768931386,0.3389120217109196,0.4402556205444567,0.4084311108371653,0.4193644159328023,0.9833143761405775,0.6662751518738053,0.6954528233871706,0.4859446015381552,0.7046543144778381,0.533574508195037,0.5858799340172041,0.8104771029601234,0.8158649046419476,0.6489412342492363,0.4331300635542749,0.47601236206561515,0.5499433846138233,0.504355696876051,0.6547483553260429,0.6893276916283965,1.0673070005271257,0.579922178648499,0.5981631911431831,0.6116083549322222,0.496205187090083,0.664128816264739,0.8229606403037419,0.4571727848273412,0.5537183722880279,0.8174890109677461,0.5281914707914459,0.8935080568084297
174,0.5696959798291433,0.5619338147225439,1.2632844730130952,0.6534863089668003,0.5384513074381633,0.4170491026322648,0.3277641460980832,0.762559932841403,0.44397230165956014,0.6351871997276741,0.5229964594563381,0.6352298036389481,0.31966190676976614,0.6552704250304592,0.6402500048173922,0.768683654040963,0.7351576201537744,0.6302519841814362,0.8106213871100663,0.47912305931333043,0.2989990541568125,0.7489559699857458,0.4270368032970822,0.9031025327841811,0.7424172780464833,0.9517385679908221,0.5643216102087333,0.5495177739281775,0.7469670888020743,0.7547313947558025,0.2499801317833199,0.41420524566422734,0.46433728210043207,0.543815570354351,0.8357392781723139
175,0.44280518565151655,0.7315647906782603,0.855863075851246,0.5075142841991251,0.6465368992636189,0.45959831544663027,0.46589572725957706,0.7124392449820396,0.5779637438815286,0.639029614711502,0.6727957564029305,0.6317108693749219,0.4663726062361889,0.5786469554310025,0.7013122440695726,0.8281684224301948,0.7890288086232721,0.5386892087232406,0.7799714011343336,0.5276168187578496,0.5601044931073905,0.7266151828973912,0.6457803169650158,0.8557550478987748,0.6653236322375398,0.9765579083895791,0.6263707829963621,0.5636480219366578,0.6977558542365407,0.7263256499650417,0.2545003433149152,0.5248717963999747,0.49959547939148136,0.5643189620454341,0.9435078821152474
176,0.4627625191684095,0.723679557714981,1.0054127876458687,0.5464631927959568,0.4556670807182685,0.44895741517517734,0.3705389695424651,0.7707386611747624,0.44152143320760473,0.6150415937839623,0.525644544982957,0.5311149339558294,0.5040819358543793,0.6606910412481974,0.5989330480057145,0.6014813607095519,0.685025478585478,0.6139736446766997,0.7256504634702954,0.4747517510329888,0.3985347363423471,0.6002578364606681,0.5572732290051762,0.8719623905511182,0.8037396092074915,0.6684446920313211,0.5703498735604554,0.39997365454245803,0.432678864991325,0.7133305510516196,0.3556166788841175,0.3553318707863804,0.5565110921451332,0.5800903946233242,0.9114088166618555
177,0.49589673182026983,0.8439104377090778,0.9528609669858521,0.579988048740272,0.3821967350418115,0.6259495591156059,0.3729117510156163,0.7171091198060583,0.44324473400508935,0.5045940030004968,0.48837937455159697,0.4352176268291339,0.37420410001672744,0.7401213989784934,0.8353072392055994,0.8139635791512461,0.9280906083874914,0.7186236948944675,0.6922461378717812,0.5359602423273432,0.7000993390413541,0.5690131802321713,0.5619558070486732,0.6513546368948966,0.7173612146331633,0.676166346011921,0.6702244521718201,0.6367812319639383,0.7716417497085686,0.9048864172168625,0.47911464247186636,0.376190702534941,0.5680276699128525,0.46146078074535546,0.9108163320230651
178,0.31451301545373633,0.6285155044842041,0.7423226957192777,0.6932540864060199,0.4407231615445737,0.553265368072903,0.3835612269368434,0.9205447560314335,0.6567239835064783,0.6215315866257687,0.41261754883338714,0.3604692348862613,0.47897169504744674,0.4478569250541701,0.854312975822803,0.7925580608859719,0.8399529256593654,0.4223838834914822,0.840605720010244,0.4082764321925932,0.5147301494876546,0.5522483711958461,0.5369762162441887,0.8025062484239973,0.6356846182894971,0.8695330961291512,0.5468683653952069,0.5658531127452674,0.649627221530529,0.6544106173735632,0.4053842493804919,0.4123119943314786,0.6414793433788273,0.6272201873688732,0.8994906711106317
179,0.3379515810781326,0.5633664969062636,0.8301295290906866,0.4601828032787512,0.4931224812104671,0.5107773857804534,0.3461122649472221,0.7721856474209254,0.5673583123134603,0.503200556602295,0.38213828795382215,0.49110194220470516,0.3148442046857961,0.44222252650791455,0.6631957621756356,0.6176666691550883,0.6839768486540725,0.45303168712651526,0.6450503344938383,0.3786740700316378,0.4591178361034278,0.53495640930066,0.4685894599062551,0.7766307364948087,0.5397490078786282,0.8608326992283901,0.569185360498758,0.4859962627649451,0.5705815244460866,0.7383270254602918,0.30800382531569925,0.3078773807757229,0.6068815284879041,0.47112372928023427,0.7234631649869011
180,0.2541534717832603,0.6328277773557556,0.7506228453191165,0.6189684169898038,0.44335818445545017,0.49378140975258106,0.35733234961296134,1.0020332663611706,0.5409867270434247,0.54871246842571,0.41750033285623517,0.4201014208828099,0.40601220948837186,0.4554807979955933,0.7589743875982025,0.9641845202914752,0.654459352669435,0.4644420359405328,0.5076986830859855,0.3608432146269162,0.5593481378659936,0.5337810062794737,0.4054422668703449,0.5885952037640632,0.4948009766083124,0.9541117796241927,0.4282690153465266,0.4131517751885107,0.7577322082043261,0.8697135125893275,0.34257913859208344,0.2857945201884247,0.571768703114763,0.4557906386893958,0.7486178653330934
181,0.45567308794731864,0.7567678789231895,0.9958962207282372,0.5500372628020949,0.35863674533961465,0.6139497073373974,0.29895322810287517,0.9144448326783342,0.6011088058423336,0.5258381749396684,0.3588381851573368,0.4919431062389827,0.5148186354468399,0.521991246503724,0.9767424946283962,0.9565085856376725,0.8734936197653342,0.6233135210998788,0.3961023666229574,0.5326630757830673,0.663173615581808,0.4265891206611153,0.5833875244159461,0.7850245428399523,0.6850095370747262,1.0351521818993177,0.6840107042763912,0.682420128076093,0.8162670773183455,0.8503216293001172,0.477737610610682,0.46535575484641123,0.6245184864039259,0.42574244628153063,1.0482775191053353
182,0.5102156082488436,0.48010462625625516,0.7555493641243389,0.6147057014847348,0.6114920773071386,0.5082184928323126,0.5100597824059534,0.6223869641097062,0.8441188409355513,0.6842882794277205,0.5017294392526201,0.49625572823230657,0.4246417505667982,0.5615800769598005,0.5550854048031955,0.49948663537264315,0.7260002817123126,0.7512625444695429,0.598616041975208,0.44295969595446627,0.5339947347191075,0.5307060921461311,0.4896962220869835,0.680203237596761,0.7817964395708349,0.6882326156059015,0.6624516225483146,0.47537860911696067,0.4769824123484717,0.5028348571495374,0.2413945928364404,0.45242867876989623,0.5199157278778587,0.707934714588942,1.0638561556434079
183,0.46517031077549537,0.6567326380557661,0.6934339513120931,0.39408695987633824,0.4031697424631199,0.5584593641150499,0.2993880601113257,1.043918182263246,0.662370449089336,0.44579424160530645,0.4225148073211331,0.5226982735815239,0.3764090155779486,0.7632962073998922,0.8935627479955334,0.7832605645211065,0.7195038925606184,0.7742308973154772,0.6573331235853189,0.49984347164232046,0.6037698888507673,0.4959245444088759,0.4070670761719543,0.6101456179455362,0.6268048730979929,0.7895348126951788,0.7331073122246821,0.4797651277696077,0.6125170746510752,0.5538012089430394,0.4063928542955686,0.3856619459828935,0.3347493856549991,0.4826756391013619,0.7156850431846299
184,0.3246566096304624,0.6505006311415418,0.7289463513356895,0.6200677522578822,0.5491961972850699,0.4938694965627361,0.5450562439975986,0.9473987141529558,0.607792522070109,0.6185984785211722,0.4919716806594886,0.6271959011864632,0.40884805213196673,0.5037596406468059,0.9417665838563841,0.8392179162983208,0.7558588338646266,0.5471532875475762,0.7661107662485314,0.4408626480688562,0.5820390355140642,0.633918257378598,0.4887703230549768,0.6673452968609688,0.6456786555563244,0.710372231039516,0.4732741641553402,0.5536702696114937,0.5251968809594619,0.5889505022649183,0.2839125591294827,0.21843882036496354,0.5215619652346757,0.6949320049758823,0.7666840652160034
185,0.37158731303740905,0.610548622846846,0.7537450163887667,0.465870439620363,0.46033060407834153,0.3532930722484146,0.3968902254761112,0.8718161579811572,0.6305767859824024,0.48951627933093483,0.39656955964548246,0.7024971578053757,0.6148305455426225,0.4917519526200112,0.8101110307658399,0.738933259611184,0.6628631894490769,0.48992789340945586,0.7968395311885959,0.4558108368109341,0.5123974313365283,0.4267003685679456,0.4531973703841323,1.1158337235502063,0.5583371608102534,0.8128213651621942,0.6439545544708327,0.4747578308020276,0.453270932410785,0.4640368911721122,0.12113722653996006,0.4051188298687271,0.708961864597907,0.5429732560943556,1.0399704953984807
186,0.2392466292931948,0.6672245682989069,0.6558547668150967,0.44722130951011085,0.49118717423112407,0.4559316994949975,0.3548542934577779,0.7549206049587815,0.612226767210803,0.5420042465608276,0.37854878009886517,0.4655717690168275,0.5425725710996852,0.5254341483571033,0.7696713808991206,0.9485219270102081,0.5035293361941655,0.6102615170742804,0.7231216299013379,0.44794736100823107,0.46666077037973097,0.5772943464590483,0.573770260640221,0.8202349568657106,0.6563691616220665,0.7324978332157595,0.46450022875778196,0.467627375640735,0.4746493989611603,0.7769896691344034,0.19083328154360105,0.2601036268811723,0.5346838538411323,0.475411776381916,0.8847541540058756
187,0.35667353675588276,0.8333573359252536,0.8508728031366999,0.651511021146225,0.5077340625784229,0.5437480132497428,0.3764694442395426,0.9444065156615868,0.7713806181058686,0.47848533875466454,0.4397077160767233,0.571750466984746,0.6485911769613597,0.7090262295236516,0.9702530459265761,1.027690326605136,0.9088740859124522,0.6779290371452164,0.7493105157144745,0.40351781388756036,0.6318376531891213,0.5257312644436812,0.5779011570541408,0.9064740607123263,0.7987320913359535,0.8761435215916256,0.7373916041278528,0.5885721248515587,0.6532841285307214,0.7876624137908291,0.4024049117901631,0.4119796419354693,0.7937516063541277,0.5847426869405922,0.9339270077586148
188,0.42525439408815635,0.6601477764559449,1.0051308090305815,0.557010737506145,0.5290470034345565,0.6781786988174155,0.40727893183596997,0.7504709737530524,0.6777840388669625,0.5947462504361667,0.5557441123132477,0.5400186309768671,0.35334103139387835,0.6039981581953253,0.8524903333443794,0.6598420149664882,0.7859821009543513,0.6463845478975032,0.71494835401567,0.5713578425862116,0.4339157683886706,0.523221808724098,0.6660608720281502,0.48330803950712475,0.7664363789298105,0.7707866681118549,0.6842703697579087,0.4895188030464435,0.48602163591457204,0.72634335079791,0.38907294893986577,0.4003175922612029,0.4703003775726809,0.5537032664996552,0.5880799315372027
189,0.3224032040168286,0.6990146929061858,0.6107264904180667,0.45573791801945684,0.45280171277750697,0.6782959538697477,0.3197615943281049,0.7914582298946158,0.724294451896782,0.6006999856446086,0.3802053751557001,0.5172558335473891,0.45824003507103794,0.40747540852225866,1.0712616880630552,0.8277968921464705,0.8646529780174681,0.5969838285023206,0.7201410160264123,0.39949891881017174,0.5257146303704352,0.561727913812387,0.451835830993486,0.6133883791152936,0.8355426880893096,1.0123908427676422,0.6209588514867989,0.6239829692905197,0.4383390004961077,0.8517946157008209,0.29033984214226793,0.39324409699435015,0.6438743017105556,0.5611045245072996,0.7602193388021199
190,0.4376128777077003,0.6206739493114237,0.9216626740554037,0.6257363827912281,0.5353372968153254,0.4386818009977562,0.41085674731171906,0.7135122488516419,0.6691381620748428,0.801308892236599,0.5018725637120729,0.5528724314420328,0.4745763066166248,0.6516189490471888,0.8740295674430876,0.876758925274493,0.9131398435999178,0.7086579973105285,0.8117844885117208,0.3539822368974891,0.554286420711999,0.7128328387087177,0.4838696748551005,0.9425955820604384,0.9062328937546381,1.0744683059511586,0.8138769090405584,0.576237136437866,0.466801467648317,0.7791844472429021,0.36813434374523146,0.4344039294666652,0.593138658620242,0.5124247816003183,0.7207520141586876
191,0.4773535818187525,0.4502646910952964,0.7848893155119303,0.5375393805003656,0.7610023360079837,0.5177870588016261,0.4040394880852082,0.4233415679744883,0.6025257462362346,0.6518417332923447,0.6389773066783067,0.5474219962671029,0.4610779180853051,0.6240945224401322,0.7178005858031657,0.5995298008233988,0.7126244504910666,0.7014011963973213,0.9443597425263277,0.4671038902650726,0.4083210681555866,0.5986714781188383,0.487921493511728,0.6740920932323504,0.7595276373676899,0.8964311793539244,0.6859509562921232,0.4933710080229699,0.5029682610886683,0.8273699929521808,0.29773372597347963,0.2957344253776484,0.27615106063893197,0.6813560870599964,0.7457393155299257
192,0.7412750500075593,0.6249783954990658,0.8953890936153468,0.6250605186583374,0.5089843687040503,0.5037357857070124,0.3630793274273418,0.6588435017581302,0.7341440864318642,0.5710986959370055,0.4309105575005095,0.6901274270996667,0.3333907683808268,0.718404911973753,0.9412954227564754,0.5042879041921633,0.9477416318824456,0.7131428802485824,0.5547577611770289,0.6005056348755338,0.37221844752319155,0.6233903750549579,0.4743070919917123,0.8340798289947391,0.8708973760032266,0.9755699199365611,0.823141896549874,0.6050881956913292,0.4981901357566992,0.7792552760100565,0.5729623772466319,0.4218662878302636,0.5082422642728823,0.4912713404822646,0.7110210987061654
193,0.45140982857175627,0.6588139900734952,0.7971754034425806,0.6029221992598124,0.6178781640460218,0.5172249178448323,0.3921222634455609,0.7541509254689088,0.6728957074672429,0.5727876045246958,0.5417073730661881,0.614459010173807,0.6045072610962069,0.5369078801838398,0.9906688809180406,0.7880126680960435,0.7982302420341478,0.5211172543683944,0.7172997938357886,0.4394336230118763,0.3969966847623477,0.5994848572626376,0.6226247532245784,0.7280152137055297,0.680181907843694,0.5088993306801943,0.43432802206922405,0.49041078680254563,0.5994295687326241,0.6159376677924004,0.2502436059628656,0.345743285650961,0.6658607505443945,0.6839288125410583,0.7753332925546195
194,0.43907975605680205,0.641564385353258,0.8531466368979266,0.6344564484318034,0.6894134337291412,0.5927945161988679,0.38723167873899444,0.46925939171473496,0.4992379573779097,0.9958559043823805,0.5249719346036318,0.4338873476175927,0.47297820003206825,0.7178188698263352,0.7556296177633802,0.7995466710401955,0.7817267326408874,0.7084090770100038,0.8367201936926247,0.39821123778790934,0.331528528480391,0.4433456590880901,0.35051048215871683,0.5940661338190825,0.7321556815169474,0.9628835815305938,0.5831041613668548,0.5421057726371249,0.6104781609029815,0.6061974288872101,0.30734155108194744,0.3434768773648269,0.532668349633377,0.7635668480497734,0.6702691917576342
195,0.35440651682241464,0.7090560367566626,0.626805124259788,0.5899937225283644,0.5701172177568018,0.6752316262652565,0.3173632704998182,0.5234072187469498,0.6561109820813671,0.5909940454284487,0.44693742550404836,0.6745964572365486,0.4785469183954959,0.46227044168737175,0.9447996523654133,0.6689073895280635,0.7158173024270473,0.6220378708929413,0.9492840096508095,0.40600634840299454,0.461671410348978,0.4319168632640318,0.492076590265236,0.5546162731061367,0.5345967094497012,0.7983599298262957,0.45201968888474564,0.5369609960835603,0.5402438004786255,0.7585223466739228,0.4523057291779436,0.4392259068402359,0.5276405311276291,0.6461865908706701,0.6312744824908214
196,0.6160020707498197,0.6556988673803371,0.9068235774135481,0.6497150119257213,0.5081887031301084,0.6536390651888482,0.3975425634348421,0.5889689371240685,0.6808434781649877,0.6477273393384944,0.4261214779989224,0.48294184871096285,0.45439038202755605,0.6642732626626341,0.8988449973348765,0.8739229046110614,0.8299533019054616,0.6689917273620277,0.7342129184539086,0.3730007376571285,0.5324998400798799,0.6735366703107607,0.4112873843275148,0.7697838823566421,0.6728092229847699,0.9782982481791598,0.646995223398589,0.5721697534088734,0.6583026835319159,0.7237856276460466,0.30024130777676494,0.3850238657740942,0.7598390101192984,0.5369462493893953,0.7910203544334882
197,0.41767322488933867,0.48011676496442,0.7211689309768208,0.5895443786512797,0.48721093240392077,0.6301019384227298,0.37771585261801033,0.6050030688063257,0.5180233931747684,0.8052271974254729,0.5968663570873501,0.5038589667520808,0.4133659665517156,0.549173014971565,0.7533106054027938,0.7065979758145995,0.8376145335791131,0.6117872331585702,0.8728490392695383,0.42182983300459165,0.41626467368210546,0.6331811940938779,0.7679313934004848,0.6698566774135806,0.6866417273019743,1.0211368340135851,0.5728737627736538,0.5891576398245011,0.7040184619005534,0.6905173091197366,0.40760211432932053,0.5042570965783536,0.52391485286663,0.5313094988026916,0.7838966382251813
198,0.4378215942820113,0.793585708605538,0.9493202315161478,0.4327375274180272,0.5249153600954113,0.367874207840149,0.4021093660212532,1.1000562395175142,0.6193440910569177,0.49657281358289485,0.5353522162920845,0.6115211997370514,0.35611064948212795,0.7434644299815043,1.0665079550086767,1.0280429315861843,0.7420423415008283,0.6059761160683061,0.5313746588645876,0.5258497716074171,0.7229081004234411,0.5250268373871596,0.3903809634344034,0.6607295579479253,0.7993985656396027,0.8501317204587125,0.633245882781657,0.5182797286912141,0.5280352507441665,0.6272133429581119,0.4783296307297124,0.43132029941110483,0.8061674956338056,0.5446796502974619,0.5945592088749818
199,0.4148963675190049,0.7482659231017894,0.84745269353666,0.5996294095438153,0.63149037230504,0.6181154963167754,0.356830229175734,0.787643802181147,0.6058768612077874,0.705359921451841,0.4345237570460437,0.4147914213445437,0.27113525663567684,0.5167640292680742,0.9577788853696689,0.8021856817743303,0.8851097265766474,0.6581885989928093,0.7243696763421619,0.5184050696816257,0.5612800266118345,0.5238868313714611,0.39742782001180976,0.6214762132336522,0.5981192444242225,0.8097689338908631,0.6574258180319963,0.6382831503963704,0.6404470122076987,0.6332373804613521,0.32888409986212586,0.40610317332060175,0.6791763913998707,0.5465974759318915,0.7043730642437434
200,0.4721512657137441,0.5832264724240119,1.0065804481192553,0.6389252326036354,0.608311693686654,0.5992490627684904,0.3139746742849633,0.721948924377233,0.6859888768077054,0.8253311523653466,0.5228052812333845,0.7122964193056687,0.5502689021475159,0.51089780827141,0.9656596817887271,0.6941594217617024,0.8629604674602542,0.49211526719364573,0.8536354734859859,0.3672568557897071,0.5370129161711306,0.643874624729506,0.589170094369815,0.906196122523906,0.6546883318503922,0.9696372992675397,0.7251466574938137,0.6038264391105422,0.7538981976267549,0.858476800806748,0.26917868036671494,0.46252568183275555,0.7515870478062487,0.5927562723629349,0.7605017639898501
201,0.3610377181416357,0.5283638181508747,0.9501619103468428,0.5920394348045777,0.43057289910722174,0.5374892307012652,0.3381445686914705,0.5967776318013496,0.6941459368513302,0.8278419306667175,0.4410841108481486,0.5670397390427797,0.6155311001590318,0.6999301068469296,0.5907345260346719,0.7352736964739187,0.5375740308661321,0.6914629426454306,0.6402641420966172,0.41958594237537733,0.5314647923814872,0.5162652774073571,0.7376853259266403,0.8547152759933884,0.7951146096997361,0.8288282626500384,0.4201530680513159,0.39878560237737604,0.5251308534501453,0.6803669806117412,0.3215033503259747,0.5185157574183352,0.5809976709937668,0.556947417607387,0.7329441452734533
202,0.5201297811148042,0.4942979032705589,0.8442611225084417,0.6299829918025296,0.5632639561322532,0.44778903323219227,0.3153247742182286,0.9948492880729338,0.7446029172701127,0.6645820092794078,0.5751834319239735,0.7095230225138927,0.3967750196422365,0.590445275227939,0.8365313701982812,0.7842488883670641,0.6547944449696722,0.6329390303110053,0.6411084891260472,0.3342279542714263,0.524931711739403,0.44633027411895543,0.6083074836709722,0.8005358308863032,0.6702323707165441,0.6900139630063162,0.5174201691555427,0.41917593076572324,0.49402670714179175,0.7102761742156551,0.3271157123830727,0.4848039463166701,0.6063244269942193,0.5433333683727903,0.8327142741461965
203,0.47058814188102627,0.4682401305179616,0.8896082055038371,0.44013252350842214,0.530653724027208,0.6843829413768368,0.3977260590962033,0.8398776604805173,0.7301858185425849,0.7689834524022556,0.5423066274244246,0.6825649376556568,0.5427123030691379,0.6339446921915506,0.8220777806347028,0.8066795181169824,0.8090239192952279,0.7788069862222087,0.6228902226187516,0.5222936040811627,0.5444557547377609,0.6436652949271274,0.6030586298154701,0.7352040225008527,0.6859996607132708,0.8613681389436862,0.5038888601603235,0.5348397142951096,0.5264966364398902,0.8448120744322271,0.31486804688667347,0.4478809256295192,0.5601483784091684,0.5108615885086549,0.8129557786364778
204,0.46553771067605026,0.5183433792550144,0.7144270414461809,0.48511838168902727,0.4076905950790193,0.6658269996259688,0.49377982700157386,0.8186851778154388,0.479328594830067,0.5882603631147025,0.4739250393789747,0.5758845689244462,0.3601008405984659,0.5495664673320948,0.9684174280343802,0.8368117116491046,0.8004119478634382,0.6940485860898379,0.7177822452949011,0.39280037495839953,0.593859307389485,0.4284284774699785,0.49513719368802983,0.5796841113362027,0.6853109214110096,0.8904223093496532,0.5418462277789713,0.549786009649804,0.5846030270681337,0.7123789306954034,0.4885648180470118,0.30085283742078317,0.65376843397369,0.6568289954514416,0.5141946427352134
205,0.38586059178650023,0.5520495018933559,0.8140614043573404,0.7279589676664804,0.2885985298769659,0.5414674131221827,0.28156087192248,0.770420107794318,0.6999521835303486,0.6202286311495611,0.39722053476244934,0.5851848603320389,0.4568135406423757,0.6227729106263376,0.9937580222210052,0.8231362460759497,0.7025946867057311,0.45602991681777505,0.5440303840005412,0.3677156839636817,0.4748076079164571,0.39272559879058644,0.43717443456469757,0.8001942696119277,0.6624821336013323,0.7809332079809208,0.4361316506455598,0.5887393955807175,0.5374816826849131,0.9171584748222399,0.3697055270911946,0.33732531505540775,0.5720446308169711,0.5421676859060093,0.6297527676597561
206,0.38288029387551126,0.5665579703289714,0.7927326804504877,0.6541368139419932,0.5320977402682983,0.4938338745656344,0.5597100776730414,0.7809367619825904,0.5743867454286501,0.6460559265899674,0.6709450735002704,0.8729073532682453,0.6136123833735605,0.6311632909700896,0.9091138590931841,0.7850860867629965,0.6026885819922765,0.7061488355118213,0.7610151174827716,0.45167154494926987,0.4570864690197882,0.5839047814516475,0.5322947024396913,0.8761415269775696,0.800110774099848,0.7322184422489145,0.548848172315282,0.38284293911943257,0.3519240648060454,0.7919763072447451,0.36357690507564944,0.481784232884343,0.503866596687824,0.5345882929283399,0.9410391623011147
207,0.4301853385372353,0.6947009835067821,0.8713831989445644,0.5142904529823802,0.3540552887531051,0.5495255321656574,0.3849723549390591,0.8591044296120791,0.648049929497875,0.6144820018031667,0.5435223915278002,0.5847249973395834,0.27437523355886406,0.6367298542863571,0.9851224200763564,0.8918466963107929,0.5034261790717248,0.6431346300292142,0.841337388188189,0.48098057377450565,0.6151509302295397,0.6203180384583689,0.5593642801440741,0.766690014834727,0.6655970662354087,0.7395169343737444,0.6462354394204091,0.42909456652606026,0.45303898248378627,0.6187295528817522,0.39829996708910625,0.3986278503805062,0.6799794888724506,0.4691427995620943,0.7435481202584149
208,0.47657353743432584,0.545501909912117,0.6420900222286594,0.556935167310163,0.6575246370509975,0.4271182045926352,0.45726280266318164,1.0337524081490264,0.6407088756566325,0.8069561518836569,0.7095745423468525,0.7604029376078091,0.521533035383115,0.6128762357012165,0.8804042430957044,0.7539754977507855,0.6509446082448301,0.6174258637818564,0.7922701950455229,0.3490360956656812,0.5419875753092024,0.5681591439715041,0.4475412102392936,0.8852523883612724,0.5539705036180536,0.7349535417804329,0.6290236336412197,0.4565705416985569,0.31509616995003703,0.7028642020735308,0.5698234453762401,0.4770462969751894,0.6039581357839139,0.6652425613094649,0.6874967467036484
209,0.4903362730231582,0.7425097147786959,0.937810563026303,0.6021623265724729,0.6313963211517465,0.7804982596178485,0.5299054500163778,0.9652330194765143,0.5883721210714425,0.8041294406660127,0.594541824643325,0.5880507193557647,0.3525392404641654,0.7481820860848041,0.9588674614563675,0.8787274004987559,0.931634321755747,0.8747943847724251,0.9775339487614265,0.6098276844352357,0.6190684443274542,0.5688590971191894,0.4763551746528858,0.6398044814411503,0.911608638188977,0.883211707390156,0.7633155738374388,0.6219266796011144,0.6087639560638887,0.7804307298841395,0.4711887298644865,0.36713206276201965,0.5754185255864703,0.7645319104394408,0.7317397731983261
210,0.45031109933718677,0.7576774655956255,0.9450947058903258,0.6196459898047555,0.4675213281343748,0.42602157236473565,0.4578344447258934,0.8529671142401221,0.6628123693150387,0.6380979956636551,0.45261216025238754,0.6062634669112776,0.5692626894310804,0.7013339463689925,0.9938008052324117,0.9129410915171519,0.5119039177955684,0.7666643481703748,0.9736380672874108,0.4236765884280119,0.5614451213156375,0.5390456526840659,0.48652962871780703,0.8470716710788242,0.8175813168928243,0.8123176392225101,0.7181267228929876,0.4841773952817542,0.31518304830088784,0.8411744559214694,0.43100856976837265,0.4495304931421453,0.6731367587678538,0.6613914230403413,0.7438412522873096
211,0.5113671582148046,0.7147797575860545,0.898274233450383,0.7148208249720011,0.5754803354324819,0.6471369597248074,0.4168477622627721,0.8477047421985703,0.9417277396853261,0.626993985575701,0.45223573410587514,0.8528810951369152,0.811275992011756,0.6690174377314578,0.9094444512232402,0.9278640366246445,0.8427402384263214,0.7515943509644725,0.659763733016393,0.535833217293996,0.6574413234244102,0.6018901606913818,0.622403022278186,0.8395568352051499,0.9348619114518115,1.0198877854068846,0.621552285958231,0.4988751055534591,0.40162648716189153,0.8657562704297117,0.41069885039137066,0.617927428077183,0.637693756210137,0.6275274030295586,0.845512268039833
212,0.5162105787969189,0.5882937228326788,0.9413824879234389,0.5555127768543946,0.41041405298623057,0.615988482961828,0.32277761408050387,0.7369227479104654,0.8954387930193318,0.6277247386929398,0.5374429501446127,0.5560051930160064,0.5575566572515118,0.6060412007371099,0.823165062062327,0.9738120430331777,0.6597941062291341,0.6088666032697804,0.8051349163927377,0.38696588124037967,0.5235925849031318,0.49513944868413967,0.5029686603937913,0.7939336644207958,0.6929400225134503,0.8305434156352711,0.6159215680466175,0.5373871888940329,0.4068239413865954,0.77094239494283,0.36986720845337606,0.5516421360529562,0.5362156855502291,0.5948728386183435,0.6589633407920987
213,0.5398026726496814,0.552105879342603,1.00216807931817,0.47051044550179766,0.5616431444377395,0.5036408785718042,0.47646012793720016,0.6238889235002892,0.5564812463724611,0.5746389757373415,0.5525035296196731,0.6275798187301815,0.5025356118577787,0.6370327167655198,0.810554382724016,0.7380905613454434,0.8596845669245584,0.7935541361680934,0.9476020193912362,0.5859384302051418,0.49774553475379396,0.5882507886860733,0.6018745682459166,0.7892208350388152,0.7369071974937642,0.8175412236991401,0.5237173096241717,0.6795210064278472,0.5387899945213205,0.7440785215447023,0.38521390905655406,0.40600072782745344,0.7117438935671102,0.6699153164584544,0.7351594953015114
214,0.43030465405425206,0.6130064606597607,0.5468776395090464,0.6888404845080827,0.535923736690541,0.4854423003637321,0.43848759009388805,0.6686028114713085,0.7520306346833303,0.8303601069316147,0.6015116826843337,0.5747301515527081,0.6498908493790064,0.5895574361555652,0.7184184293019503,0.5546582518084929,0.8059568986538772,0.5411204745071947,0.8090339074274053,0.37888318712499136,0.5305156315493447,0.7441981539064622,0.5579557615274082,0.7801974327944792,0.48659473270491216,0.7720343746492262,0.43270250774220576,0.4420315723168755,0.3928214688814793,0.8283612049584914,0.18060560487853516,0.40774490170242983,0.6135291824624733,0.7520953350823663,0.9420738014865799
215,0.40370670855590685,0.43996295748561254,0.6886051470482615,0.6863636185215995,0.47789380343846427,0.6474870535960837,0.4566856527788101,0.8496282381558833,0.6941214184493809,0.6376690046427345,0.5005295016157341,0.5493103883276074,0.6159048317928096,0.5923963352893018,0.8492006839991605,0.8415338979131072,0.8040055213240147,0.6019104173114302,0.7770155167407538,0.3758307245437909,0.45849955820184596,0.43464792882812736,0.614627066634975,0.8026672817068654,0.5523294365035926,1.0722629708861433,0.40663447836239264,0.5393447353205998,0.6031761267315695,0.6980885038223774,0.11694943017219424,0.5567275540667043,0.5191930770356322,0.6803276374598217,0.8349072302065765
216,0.3853946382934993,0.5732259344534104,0.6779008096979308,0.5145630448237067,0.599349764625814,0.5118341008244154,0.4977417830895249,0.642348111587416,0.5936764272326697,0.6640373319683458,0.6516667427767904,0.6184854207247487,0.5348259722229969,0.6147828406279032,0.891147227505462,0.6780712138240003,0.6836115885902987,0.5788813095489589,0.98143536554329,0.4371570058031652,0.4531506595646798,0.7638198803130108,0.4978999278888203,0.8182422441430163,0.7322618329763154,0.8676144490569812,0.4493097812782031,0.4194799713709809,0.5338602529184834,0.6313002031793484,0.29260901528439753,0.35250505139566535,0.69755060780922,0.8408193232500623,0.6795559604678292
217,0.4593611521498081,0.7101321491599388,0.788192449732206,0.5039895783698858,0.515699165834512,0.5889367685604852,0.3771238004441719,0.9510160772625279,0.6598122892229316,0.7812135122394873,0.47207121495495546,0.6932976485311291,0.44765708093238127,0.6369436721408999,1.0127861204301158,0.9753199547492181,0.6746496492814485,0.7241642208552318,0.7664800870618184,0.3623565408029948,0.7052329479352926,0.4638725728308225,0.5420574076979434,0.7676868184712748,0.6432611789919962,0.7359447071137919,0.48312606095436494,0.5349540683249239,0.501144831463457,0.799541175744287,0.26577861989044216,0.3712262889120176,0.9344939398511467,0.5711228983652095,0.8641030012416588
218,0.5073500369765831,0.6090503485393117,0.8334333120725352,0.695340521417802,0.5756196886132898,0.5341711936462106,0.3238806626801548,0.8306612676080727,0.6440068571870732,0.7116513139405394,0.6074126590599791,0.7037987619643864,0.6392758914254473,0.6591841717314689,0.8539263887705419,0.7747634876637614,0.8281521532271345,0.6442131401503399,0.8054475552758245,0.5334954529595048,0.5416947219522923,0.5426673061012476,0.5503521374786987,0.7111894232221407,0.5764986056560639,0.995889157082735,0.47601861744478624,0.5554366558364481,0.6185196894512116,0.7624025022903613,0.2998456026978394,0.3120921526765264,0.822998080867448,0.6961707686220097,0.871054228580474
219,0.5412598244720708,0.6469690342017752,1.0018011093594779,0.5877048078123343,0.5676987987524663,0.5230502802192487,0.48510319129620244,0.5417918845591503,0.5088800807557876,0.5947480949873649,0.5595895964391998,0.7192091502339588,0.5966510659009655,0.6118851847640147,1.0171668254410422,0.656086034825462,0.6594409058608796,0.7053037034755134,0.9153369277244255,0.4961142237951711,0.4516377919044056,0.5873290565982248,0.7680388755151355,0.7536928461363709,0.7124472934099269,0.7211898233498987,0.7053581903446635,0.56736138423322,0.3747326200957053,0.8326384223069077,0.32762775648674924,0.41374303774415877,0.6756435149960798,0.6190762294221535,0.9083689290836994
220,0.4278438194891558,0.6449911655266494,0.8931036435659083,0.6355893150327941,0.6126785728187282,0.6355140104238156,0.494882368988684,0.5795726628251482,0.6490149830712708,0.6284995248011374,0.5294846494567582,0.5325227284825047,0.7097726600208125,0.681203440757694,0.8271823223722337,0.6931289060852475,0.856386991319501,0.7874555358304638,0.7835382106061093,0.5351246162657048,0.5326343959853389,0.6027331073439797,0.4129529871923635,0.5399208440139966,0.6595923665746031,0.9279143684009232,0.7238674287008707,0.5234646503682415,0.5733975165670221,0.9188048790120906,0.46614502301214605,0.38897749678716154,0.7381914936454735,0.7482722445528389,0.7090481070632595
221,0.6892333977628025,0.6527351710586511,0.7671306219988985,0.6049744169501059,0.563505686706045,0.6285348052803548,0.4883685655792374,0.9424350447782504,0.6595149375314293,0.7232910745233118,0.6721372818102933,0.5641655014261824,0.5247831072248564,0.8254991278895286,0.8841190212959912,0.8887805275698337,0.891947945399863,0.7813867270828885,0.7126113040164981,0.6051323449853984,0.6739069108000992,0.6180982648807571,0.4956901454506287,0.671968245424988,0.6716873219638209,0.8667452976641545,0.6413274585795619,0.4827498092826421,0.4578615050458602,0.7888372575613427,0.5029683761912835,0.3753104849754194,0.7777224449748738,0.594975215037927,0.721376070110381
222,0.3395265473524177,0.6018412508590052,0.712661047857053,0.6949414762015353,0.6608661352799149,0.739618147963728,0.5360322985280331,0.7237747738047844,0.5797928941291544,0.5507705142097195,0.5025443697971023,0.7518335137643908,0.6987481147753478,0.5285217515844216,0.9786390533853235,0.5688302977630008,0.7286264632485674,0.6726136657904643,0.5327928934998403,0.4397600540348395,0.5103975102254212,0.615731624828258,0.5552197997852649,0.882955720319778,0.7477402130004004,0.8469443614922562,0.45458013704514344,0.6392998152418068,0.5710680069851483,0.7440554610132344,0.36369664978418115,0.4239667597705499,0.656312183114562,0.6602405728777578,0.93903935233137
223,0.5682241707468002,0.4708407810760986,0.8155057293854029,0.6064616950394102,0.5330122897278634,0.465634098044222,0.4195062239415238,0.6277933839562054,0.5766704201311796,0.6907527803466866,0.5613542797222834,0.715708043889521,0.5103372037193319,0.563259510418898,0.8341084847295461,0.9054932149705195,0.7138565576934441,0.6444877881695489,0.7450870742894616,0.490482413018212,0.633374626194452,0.5275777751737686,0.5054160565658713,0.7288424662144699,0.5423414992358406,0.8066404995453231,0.5359456866672829,0.524678552203253,0.4942952651741455,0.7750010239208012,0.42245482078279606,0.4277754005839993,0.6779426524408299,0.5607331410822378,0.8115184000602229
224,0.5531858985024533,0.7156644962109898,1.0283910107637482,0.5545452890145011,0.44296945726463155,0.6198457604882459,0.2562436510535121,0.5719917454175786,0.4772857243799795,0.36750361225495914,0.3932522620997803,0.6950111680543377,0.6707554863933365,0.6840168050275028,0.9805307823566971,0.8555342811292824,0.6559870928669191,0.7213518947879691,0.5551263892320141,0.44028578469411683,0.5435340393240513,0.44073099406104366,0.48501201042710185,0.8859703847496465,0.6404642447067207,0.8979079067962751,0.7054786709024485,0.49342958790707814,0.5868426366197168,0.8276151910010573,0.39422429218377386,0.3110823577301459,0.8550286257390863,0.5313140331434306,0.7629537203022889
225,0.48881745326227183,0.6824391849012827,0.8713118879590446,0.5755806982946241,0.5061213155856835,0.4973108499894224,0.40871680316614617,0.6339030559082899,0.4727237725837554,0.7999461594487929,0.606334818987038,0.6855575433213363,0.6897238085116627,0.6779737042884881,1.2207535911625291,0.8627036922182116,0.6969301268015387,0.6365102512339399,0.6071786860017998,0.4745741918089974,0.488619723280857,0.6286369203330837,0.6979276995078117,0.6969021330339076,0.6350309587921003,0.6657598222966925,0.6470732053990188,0.5902428607249057,0.45302155171073866,0.6319352957551221,0.4772525683443638,0.3967015099743877,0.6951277299018206,0.7123504758246175,0.8241626331021454
226,0.5834329171355752,0.6743129721889621,0.6866005616601596,0.5681230442098246,0.38667357964028154,0.5099300685846718,0.45093065785395353,0.6299078292848286,0.7188397501046571,0.6173138738973396,0.48688947764173796,0.8502827841404523,0.775985529333066,0.5846520771768304,0.9723413757680328,0.6781336531792094,0.748358398431746,0.6488909533962319,0.9188030290641951,0.3600561150203877,0.6146626074309792,0.48894149838717593,0.6229642222424991,0.7205128540552234,0.5464997307852324,0.825002089922944,0.5399863915620023,0.4374544577631406,0.5093177381600418,0.7496347885234298,0.511418728624907,0.5146296940964319,0.6872367274983264,0.6205937227998741,0.9339719434036462
227,0.47463480503397587,0.6831129225480843,0.8806150042781243,0.7887834183512858,0.6096415195974233,0.9684995534556265,0.3592780473191728,0.8878807444571644,0.6339221623756415,0.6385488596307105,0.4621899274785127,0.5939738531818967,0.5659345233402051,0.6692039514543735,0.9382045789176131,0.7121474993622467,0.8906075830483542,0.5222052162379316,0.7395737654457711,0.4571306809079034,0.573951050142174,0.6205666655263097,0.3976618255789297,0.7427394422669591,0.58294282800998,0.9182383659240275,0.5565391063975244,0.5688988384076638,0.7420021570070243,0.7638187265363345,0.36859868769622084,0.3293220818247404,0.7090462488703675,0.6101420522380051,0.8583820284475392
228,0.4653941212571201,0.6727568771868818,0.8844560149771216,0.43596406840221313,0.6674573371047721,0.7030614209887218,0.5289448242466601,0.7317177793566905,0.6255612421949315,0.7041463710030614,0.6244277030847036,0.6575488330503212,0.5838760852679963,0.6809045219966794,1.0016439023210506,0.7652181110499301,0.6184433438080404,0.7299355578964782,0.7967097896354602,0.5831537063059204,0.5834109915573624,0.588453720671477,0.6123232551353133,0.8184625303003517,0.6711015186607168,0.6637638993713333,0.7297888496967763,0.46164045765785355,0.368123876187855,0.3966549575078574,0.4014248586909065,0.31080629219346345,0.6877686452118019,0.7390322788892218,0.8508521246777356
229,0.4891861409493942,0.6086791609327362,0.9263634726885027,0.4230312391974327,0.4882510008437906,0.549764728480852,0.4279788465061152,0.6936039918700707,0.38367583574769326,0.5654735177553034,0.5306098772859863,0.5829850075336922,0.7034627961046026,0.694337170546941,0.7582437014772134,0.7540605653707818,0.7739009949202904,0.7773880809878382,0.5930800985788064,0.3964384637532874,0.5928504526415876,0.6161734009315643,0.5260344771256193,0.6107938583790484,0.6953533115401505,0.802038673029069,0.7163986477885123,0.48796887143560186,0.41984159943870575,0.3897026553988699,0.37469853845996826,0.36613154112057744,0.5930950248958411,0.6410967076495555,0.7270676393573159
230,0.32841210733510184,0.7707652589847114,0.9271875819629674,0.5030343127627743,0.6842126028202652,0.5869711567848843,0.5023582038884216,0.6629288757681009,0.5172500886537614,0.5550593897406194,0.5749610497655391,0.698109299029624,0.5631988953999392,0.5710239526366342,0.8689689789481565,0.9686604906204819,0.7049289691886169,0.7516923209745237,0.7041222601438402,0.45309000553316814,0.5437033614291408,0.6438311452619357,0.4594846050879282,0.9345978905668735,0.4894637684970078,0.8172683187062948,0.47418033381025293,0.5205936909183603,0.40716429916643776,0.6115227854158549,0.4356169410696814,0.4704644141356663,0.6834520526790934,0.6503798614273995,0.9466316484614462
231,0.4091143626244327,0.4176787461776517,0.9069821056800634,0.5223230009497571,0.6756897061553955,0.5877412495062291,0.54327825034666,0.8723812844848562,0.5465388739128573,0.7473299574224308,0.6538694400463703,0.7764037388834159,0.6644928834184659,0.7025378701939858,0.6928467603192912,0.7931919856914968,0.7996134913789501,0.7372746881060073,0.8763952342940906,0.4051752127330926,0.5107378359900223,0.6367149536955712,0.48545378185135535,0.7916031450252496,0.6869838319466238,0.6399986536505393,0.4775872656684056,0.5590857952582033,0.5314492168811682,0.4931484155279937,0.4226637845677942,0.3167102529674043,0.5262695216516136,0.5611084621074187,0.7123925889755954
232,0.45031370424355593,0.6376320354699889,0.5380451901356491,0.7683125904733098,0.5450673253374886,0.8322695678166152,0.42918748920865135,0.7885079631043134,0.4546469572572043,0.5522154919255505,0.6437998063450264,0.6078616842918885,0.34566494361210476,0.7182542382081653,0.9716037310120933,0.8103672700459335,0.8717382083145366,0.7600744974975383,0.7177759604483561,0.43950459205093834,0.6364582416317452,0.45808619986439614,0.6314393758867466,0.69961535453039,0.703599982635974,0.8813113175773877,0.6039110216609613,0.6417394621180877,0.5757152133454502,0.5637452587899563,0.5967695233339156,0.36346156435084465,0.687805906913824,0.5713831391160032,0.7289134674185698
233,0.40522013818410824,0.5855586870488001,1.1621337450925346,0.6761360785241657,0.6215390803886387,0.6227358003773482,0.34596612596552745,1.06615317952336,0.6170210367519084,0.4771580860251383,0.589331689169156,0.7592883947331921,0.5858175383979329,0.6781204893525496,1.0240590436589332,0.8423478502922831,0.9104529519307281,0.8815903742148052,0.8441501741787414,0.4579172964973125,0.6269345595072764,0.6149321186905663,0.45765290996450836,0.7892427515774405,0.7242335964747034,0.950215932822578,0.7628819647508998,0.5395549308550076,0.41559107139268664,0.6199258063820574,0.5459422564478433,0.3272284639947421,0.7101662047483936,0.6047360581004477,0.6922301343812856
234,0.30048443668026126,0.6381698460473818,1.0035552838690265,0.4105553975549351,0.37508107256337114,0.6360753283845111,0.3949463956586182,0.7417589112374289,0.529619523679151,0.6684629308478045,0.5162474881020246,0.4625406942443188,0.5295478737923132,0.6047102716472,1.0408348618564314,0.838842376661618,0.5007309063299981,0.6458217430581148,0.8173893582404234,0.48351219180328636,0.498575027420762,0.4611734368263228,0.6122761795542324,0.7425772306837782,0.6512123663406029,0.790762626344275,0.6058071620094394,0.4495636555780925,0.3792788001965612,0.39015453871688127,0.42239573829826005,0.4680151612553918,0.6814923223054503,0.43047577056367337,0.8168126689793362
235,0.40148740102888775,0.46589525946745347,0.6639029721584861,0.513882081378612,0.5123889633582861,0.7029833191488439,0.4847242733476205,0.7443588556591927,0.5918454724725684,0.600395351623488,0.7633122885922189,0.6702608840207585,0.5339300126648479,0.5945743374265785,0.824099291683584,0.6345097353344225,0.6416969683883684,0.8063426155229655,0.9194727410609955,0.44812034488403446,0.34636555983388684,0.5380317827521828,0.5056738544375394,0.9738824495455902,0.4969541089978858,0.6412629473009019,0.6590055115214357,0.5247221036360916,0.5165817871775005,0.6579497077525978,0.48811190306246366,0.4333907179797609,0.6088995841897393,0.5089846794732321,0.8002197130542642
236,0.3768391699412037,0.47645963555817433,0.7569505447182694,0.6675951942255423,0.649916997136319,0.7686852345390902,0.5538491306978237,0.6965461573666287,0.726535369170143,0.6267012555954832,0.7357916759852506,0.5149570310549925,0.6111336158139513,0.5852204131840633,0.9059962796831995,0.5955678315754207,0.7530432228109949,0.5503196433824906,1.078397709394371,0.2995198173431822,0.41170244383805615,0.6575676376128226,0.4985964472265042,1.0027449099085488,0.648778128518985,0.6772422488809249,0.5002763229258119,0.5479789871640512,0.4068685078771659,0.7441966869806556,0.4470778833409183,0.4652206951615716,0.5296842017353971,0.6732951104430456,0.7172488845712185
237,0.39648263137701556,0.6391064491775476,0.744551392477819,0.6478437108094972,0.6929223087283614,0.7691731996540075,0.44909848491086346,0.6207351539006348,0.8798244474803072,0.6718687842862419,0.5782905108921683,0.7520302907677847,0.84639615652279,0.5237903743996254,0.9000692131711294,0.6617419935142248,0.8033990759968269,0.6434494736543994,0.7324144042841978,0.4253075369602398,0.5210741850380833,0.5109584553923399,0.542176422315877,0.8759943024304625,0.5867117637372123,0.6273490400398543,0.464503639466994,0.4111369318787312,0.39883348699075183,0.6862836229563742,0.5727895864457275,0.41461493373496405,0.8881554813093903,0.6062687222383814,1.0325095427853008
238,0.5425984981358606,0.6424412226891277,0.8428818220705255,0.5088949093993065,0.5354167515029611,0.6698552354766152,0.5255962565969058,0.8262851570410278,0.6376680918221829,0.6176416766461714,0.5516699361534187,0.7294369994016388,0.6256584467119487,0.5323537780209564,1.1109772960655695,0.6923376791972287,0.66582925898855,0.7254283891495323,0.8128910617903041,0.5133863354302002,0.6749384363953063,0.5992377864912963,0.6755014576123448,0.9804433483833948,0.6797452794698791,0.6262465808877458,0.6099071736627732,0.4321526227137462,0.4396566081803438,0.60534476220544,0.636551770842978,0.5305646645656718,0.802795327587334,0.5365003088688076,0.9851804489018753
239,0.39846261468897837,0.6626135243581344,0.6236637921350648,0.6976886815754353,0.7569971570537581,0.69242382335574,0.612904402659143,0.6963304957502674,0.9211371340130323,0.9462878589930224,0.7042062018773256,0.7206703513907544,0.7223265358784501,0.566390566622138,1.0592497504650231,0.9403141375708302,0.6748645451358646,0.697987593635303,1.141292576871837,0.4193944058849072,0.5507120872326423,0.6083030280149007,0.7224480134350195,0.9851584995400964,0.565908503969293,0.6130380776327966,0.5122978552808319,0.5347419393709578,0.5049032678918279,0.6295880324997183,0.7178139434027596,0.5171494151112187,0.637638962662064,0.646630435678234,1.1360226751809477
240,0.4186415918449858,0.5998074402100164,0.8150714834213989,0.6568696832702279,0.5677779588021928,0.6960455421659237,0.43039160207308624,0.46038924889591193,0.6270417924392497,0.6018562834516459,0.45020883047626614,0.7464901580323366,0.7407120846260854,0.6356678279820154,0.8375336214460289,0.7884600852076258,0.5998058539328113,0.6696326996093077,0.7839030554081331,0.5219156535135667,0.538411806526973,0.46709085666165545,0.5987813676181031,0.9240494361186735,0.7656604860608758,0.716218286034816,0.5529440950090321,0.3843903116669627,0.402344262289314,0.7756653615286985,0.3707612508394399,0.4124539376196913,0.597161380142262,0.45368547798506476,0.8215153948402723
241,0.3502345024773321,0.7208100854220945,0.7000656003728247,0.5977162627493018,0.5647477733255322,0.6154094350659151,0.6127371969508908,0.3396518619883365,0.5079040874750268,0.7615161851637821,0.7409021862697945,0.5645555792536825,0.6507418908054581,0.4821600388927632,0.9705964340484704,0.8905094833744145,0.8936378183197331,0.7296429969240761,0.7903830874852119,0.4451652242753657,0.5812894086590381,0.4747146739149273,0.6561466718750133,0.8809627931151349,0.501777003454575,0.6261252856529009,0.6786261673089389,0.5219289863341237,0.3326822985621198,0.6435656304783766,0.6738744762210064,0.4170155373574971,0.8031135420307267,0.6461436496895713,0.8490271194746726
242,0.5293605427895154,0.6776202541519554,0.8047726812135455,0.5577487873733882,0.3857026728849163,0.7542710509367532,0.28526516810548375,0.6627299495098639,0.5985954187443747,0.6334114515330136,0.5104627842185065,0.45283204597059484,0.7160285540712408,0.6988837401009451,1.090725764523706,0.7567020585596652,0.6904295682875208,0.6727853389039722,0.6104181557328672,0.48849627685055286,0.620559989569549,0.488192631858145,0.653261866558892,0.9052896555762515,0.7053274870503794,0.7814993083035193,0.6582502283397507,0.5130075433434965,0.3569597652802234,0.7001080618900293,0.5327274348644039,0.4489800732297129,0.7436263339308443,0.5417440673309666,0.7343565731688699
243,0.49657008052404217,0.7493341108507285,0.7775146963102599,0.56521820183426,0.5051743543254383,0.8010921406754987,0.4680305636222231,0.8767580119356442,0.5871994036567216,0.6535037133264232,0.6332447493733168,0.40536709966129425,0.759951908355853,0.696594882004599,0.9068049136435538,0.7166021191924792,0.6169035771386117,0.7191088005856854,1.0006799005303306,0.42201163068185266,0.5895000231219769,0.5229279779581726,0.6299305967139934,0.8574578881273816,0.59912853974407,0.7905414949352192,0.5529715692477477,0.5582872477548457,0.35328916525217846,0.5748229104827458,0.6664556569492914,0.44280793357946213,0.7797832818277288,0.5977841118315792,0.8895446566397374
244,0.43200347190659527,0.5813601860903352,0.9231747750922368,0.682279244745177,0.5765820599331716,1.0066917453693671,0.5093736593033631,0.6555512353682837,0.46035885410760724,0.6484450273254772,0.7168355353308856,0.3961974643198456,0.6939678867364307,0.5234894349501757,0.9985323951098236,0.7287474181442587,0.7571684827327012,0.4849351709344411,0.9100757833008619,0.47686772424665336,0.6743244106741892,0.590562044538185,0.4644438341779292,0.39462240277461835,0.6119353962964994,0.8002239813757354,0.4571779665778779,0.6418648988224512,0.38213144788912595,0.905342084633967,0.4528993006678058,0.35239742651568906,0.6688160616248583,0.6044733284542773,0.7449854077146363
245,0.5581720254033307,0.6887787945100885,0.8671205478971692,0.3765680601045896,0.5309623627352991,0.6494621542448804,0.4358690052441596,0.7487302624792099,0.4115155712257943,0.4576467962498228,0.4835206378847634,0.4500118044781738,0.6275898250942492,0.5548734894315268,0.8652177973644704,0.7497267494402693,0.4926121180649681,0.7200221076691444,0.6701373402194404,0.4418507804363548,0.48906970750425327,0.34877152305097814,0.519801433807494,0.5699980563732691,0.7539856613982054,0.39024136941862814,0.4512471118205479,0.36063768946964275,0.2778083507572794,0.7359290868291366,0.5703801211670099,0.3197514899381023,0.6581065813040026,0.6127359050718556,0.8209102058884359
246,0.675323551670845,0.698899402619211,0.8203926404466862,0.4814149437697699,0.4952061881764462,0.83832991730418,0.43640016144140137,0.6302628943827278,0.5582415509988246,0.7636790904370546,0.7117120904719564,0.35763022252492965,0.5655746894553431,0.7133102166555978,0.7706868815749648,0.7544910561039164,0.6824007815417462,0.9849755963738538,0.9769452830627161,0.5140516037475005,0.5204417372590455,0.6476950923709652,0.3989265651302797,0.6828968066741288,0.71791636541749,1.0149339695972062,0.6974846110555528,0.5064537460154688,0.4954509809721423,0.7689896577013219,0.46465018207083586,0.3416262598643599,0.5828089199756047,0.6729944981824936,0.7209046748836232
247,0.4644801452519597,0.689833026556245,1.132309364393481,0.6938269030012125,0.5476306493889973,0.8754442942229024,0.5449559616487114,0.7161451716354408,0.5764232984475823,0.7564112206489788,0.7087043712222374,0.5252239105959131,0.7232737608394393,0.6315266977998503,1.0951191734431305,0.7624210674188148,0.6423418139196949,0.7440987711460664,0.851540304380945,0.5186377606916743,0.5497348704394667,0.5696375717175888,0.6089833521692956,0.7399270625309222,0.7589427653633429,0.6045735667850742,0.6398052181907831,0.5107335678868115,0.4195784315713943,0.6856066997221193,0.7017421224244949,0.441724801224162,0.8585081158768167,0.6140045967686136,0.8213471433923394
248,0.4334195978454495,0.567893345497293,0.6892001171438682,0.6211696102317061,0.5610322242104148,0.9698734645676093,0.4973392968655424,0.37447869657564237,0.5603182658251796,0.8312025527974436,0.7823758594166668,0.4787937518177221,0.5782203727513462,0.51433501044526,0.8668818432177626,0.793991916228178,0.779625704406129,0.6616682880246403,0.9294634710982658,0.37681565467776496,0.5579953637105088,0.5653160308935442,0.42471403685176334,0.6736445642720371,0.6287141670018658,0.67259067719821,0.6123464322271894,0.5625832344565459,0.370609970211399,0.7239717056246444,0.5020934423348223,0.44279660501895524,0.6591155511435227,0.6387920473493359,0.8047255849641743
249,0.5790667731745073,0.6355256161597853,0.9549090447660411,0.5764022918997477,0.5024351327223566,1.0471268829771458,0.39937309727374154,0.44976561053564307,0.5186445441404086,0.5393621549393266,0.6040896989256936,0.6413514131251089,0.6107530096762704,0.5558448571957757,1.0846485889420996,0.6112107188942923,0.8046233449612614,0.6637213131040052,0.9815461634899698,0.405099653216462,0.4627388470671281,0.4475000280309514,0.439766329461721,0.6125002865967197,0.700890948735745,0.8477917031527429,0.5438609695661196,0.5553935826410925,0.3807851803307011,0.8290206491732224,0.4649550871921526,0.34640332090722936,0.5941410759882713,0.5505695908575357,0.8828797704633412
250,0.36743983027474986,0.5758561027102947,0.687680564584098,0.45985366749911893,0.5352162250579174,0.7507109467758837,0.39584327956263043,0.48534535564666037,0.615477515234952,0.6220979862013635,0.7733592538356325,0.5468344889147276,0.5461385324900541,0.5093491934719053,0.7583840730723614,0.8916645240948301,0.7171635612339669,0.6568904233480302,0.8130614985036768,0.37071586528684025,0.3931027523045024,0.539652304925341,0.589213314746769,0.8604282040891864,0.5238317601678544,0.6364446929438825,0.553823885317731,0.49755666175422963,0.4426723458043307,0.6610679442509388,0.5256410618419991,0.5942531764408288,0.6289239910599578,0.6708784892037392,0.640420780441519
251,0.5033285946617931,0.6607265166148232,0.7930486077054246,0.5066594717356496,0.5177889132087209,0.7904565664428371,0.5503658354177206,0.6391542464444655,0.5178537439304736,0.7644585363464761,0.5773882731625889,0.7113104287637505,0.7834337051956406,0.7865267571768808,0.9577840728270238,1.0174141914099635,0.7647968604824658,0.8250662924663988,0.9307468620955874,0.4729691641496611,0.6739146912702815,0.4939094520704597,0.6174658266897181,0.8860454695426222,0.8170029021472658,0.5129697723551887,0.6712858999123898,0.5094829276078456,0.426296795735158,0.6445558097948068,0.6956217857053197,0.5306928778988704,0.7086432971319804,0.6128404730153341,0.5755851186938337
252,0.512506798392325,0.6156876006228509,0.8590095498110077,0.49008294650840545,0.5980670952800972,0.8720044591978972,0.5713583303458856,0.4775359858069312,0.4484339900355738,0.7222173528273905,0.7072067857809418,0.7263357024471007,0.6691660864619096,0.6859565076762103,0.7978373827892326,0.706360989082847,0.8030265590281471,0.6105717211551063,0.9131948753793238,0.5095095153863181,0.5782742345977943,0.6865780509419668,0.5410750546464846,0.4890101231612013,0.7395738663995943,0.5754435601540189,0.6451680042634855,0.4644790990179719,0.4469232818775645,0.6558655493323132,0.5225136789764769,0.3855354889956497,0.7165906162370308,0.7257175415354227,0.5872490270277265
253,0.5256081961170699,0.5851986271797933,0.5663479390073773,0.6287369266734845,0.5563014260525203,0.627496132341693,0.4867579189667147,0.4137728930399832,0.5156995552017668,0.7736912304407549,0.8250935190774131,0.5141263650547954,0.7810418606918195,0.5845578409116088,0.8269800882305883,0.7975078308436183,0.7615077008164107,0.8292490683860063,1.1142810280590845,0.4473949319777971,0.451688593219772,0.5455957071879631,0.4325291274146164,0.8440290179254357,0.7827737236576895,0.8336058077067459,0.6503808272549223,0.5265709243464767,0.432729121499939,0.6166707047754942,0.5462379760183562,0.41192393622816137,0.680692453161706,0.6002973102254734,0.651439511620646
254,0.35653634796470013,0.729628404879263,0.7459068339444808,0.6632207087796116,0.49351180520231713,0.9804655463345351,0.45359871558409937,0.703459269198693,0.564957559774718,0.551081442269789,0.6225574421619338,0.7970855550226272,0.5741070487546651,0.4667191976886138,0.7815405545686092,0.7142870455538038,0.9626979485164668,0.5534345813631861,0.7799789636356715,0.3716131589563425,0.492907305397149,0.35310290105044506,0.535630692537598,0.8003852301983243,0.5919974074591037,0.8011582546440895,0.4263218510114447,0.60329918314904,0.4806839916470377,0.7527883187717428,0.5215496275831835,0.5010817555276745,0.8926903996691455,0.6406826398088871,0.7956574464265813
255,0.6940934854487999,0.6881366410692872,0.81046282650064,0.4221830248521556,0.5036991289624145,0.6723573116672399,0.42264701785767067,0.9416404801733618,0.5079489475830123,0.3684675388548496,0.5505672629170428,0.6760075390319789,0.7097597830047501,0.6548709757586081,0.915174130695005,0.8422237971968307,0.48404893554854267,0.6316543400158383,0.7250215671389505,0.5513109635495366,0.7455647505665666,0.4134535302788571,0.575469810059941,0.8651564373323448,0.6320482791403307,0.42963068118982406,0.6860352472673259,0.4359091296579523,0.23367728489700984,0.5793194984883006,0.5369066975695095,0.4255256570355519,0.8069460162391144,0.510890348051408,0.6957945842386286
256,0.4587357861811702,0.7679568832217273,1.0094497247708756,0.5720690620949255,0.46027706112238276,1.0607872064787647,0.41509138612990215,0.7201666054700145,0.49166598425169644,0.5712239643619417,0.5010047708179706,0.6400147367529537,0.5591188796064531,0.5876083703076558,1.0067069358098437,0.9185405465695486,0.8710257215857751,0.794075569060631,0.6441364839769427,0.4722329727274033,0.5726104651930883,0.5654190156739916,0.3365266672454663,0.8954600005345577,0.6515255564015436,0.8227791311643735,0.6822128416621327,0.5118874153673931,0.4099402101914238,0.7966490274862157,0.7693788954487804,0.3771256033530151,0.6171523963111989,0.5081093371196252,0.5599570317212167
257,0.4650592467396555,0.6679707373962458,0.6805013741830399,0.7666197184024401,0.2954705200349512,1.1473122662723418,0.40083913713820796,0.5189564676143166,0.5276532253291013,0.4455782809778745,0.5723395797937219,0.8078258416677673,0.624098259150036,0.5888527077983404,0.9470540907698037,0.8321638269461543,0.7425060991724404,0.743143615170925,0.6317229739873311,0.32381178622972906,0.5213793218589067,0.41224747793351757,0.5164875077784934,0.7610844716382712,0.778325720037808,0.8899956189841569,0.824648598760427,0.7345248174918058,0.3826774572163375,0.5781748347686948,0.4420033881159512,0.4837263182704883,0.6726663369982125,0.4985036472537139,0.6378134954598464
258,0.4576532110932385,0.598835591605779,0.9553364174772446,0.49065460298040164,0.4851601585978802,0.8367311075455073,0.5455742359570441,0.6519500188099441,0.5108232125616292,0.4550666545074597,0.5260808246344397,0.5674825860713247,0.5861823205508092,0.7623954973001595,0.8562568034401106,0.8227259303871491,0.5317979175525982,0.8706266267053335,0.7806929225495585,0.4272450425770739,0.47378540601878705,0.6962556198251424,0.3196378862417459,0.5605971175091666,0.8296040887021886,0.7954326763190815,0.7624426338368833,0.4084411554361391,0.41039118305938194,0.5058178554897328,0.581206353468801,0.5231706635069526,0.6457969355515839,0.6848790878127339,0.569641194718628
259,0.5431692377650006,0.7390677342883999,0.8811941776335652,0.45750859936552934,0.6673971187414092,0.8848333287431079,0.5605973161169933,0.532893859619612,0.5389514860324006,0.5284913484897679,0.7395514799669931,0.7620004257038122,0.6561058969168053,0.6092023127954773,0.7204320541499132,0.8055679831020965,0.6237352895158248,0.9447741310715068,0.9072583263180528,0.46954944016709954,0.5023741935724199,0.5504156556552311,0.6002828100979596,0.7677346814544419,0.7161103509347355,0.7054302887394633,0.6112290929939561,0.4666524788574916,0.5396796015840428,0.5461339895040405,0.4316094443604816,0.5432520077984687,0.5787076910937989,0.8361031794264073,0.6749270796399433
260,0.44764180865590014,0.5491846958092681,0.6567359521689964,0.6815370269375507,0.4410462794652862,0.8818639319755854,0.42465779204701215,0.6145192647240176,0.413863994408217,0.6092918368036087,0.5997311450016775,0.4667920463250316,0.6758547616986292,0.4995879916179389,0.7911085752227751,0.778456460855996,0.757583611841324,0.786152006713601,0.7636281329572114,0.4809426927356657,0.4447590883651213,0.5845753525055004,0.500055504741918,0.6531648968916426,0.6142434264101029,0.7294568903968346,0.541928240714769,0.5237240321842644,0.3210818197964387,0.7711436429637133,0.6063451458867529,0.323607505507834,0.6051212355210676,0.7281157247135474,0.5295159606946301
261,0.5633072086241167,0.6327831101015771,0.9501314685559423,0.6026715689121406,0.5651341732322769,0.9470953108076057,0.5244668491324938,0.62824771811113,0.5900175855753652,0.7410916877484083,0.6478307599309799,0.5113217329590102,0.6285339509716805,0.7327581577382577,0.9290193421623789,0.7220351132461762,0.6750744233357372,0.9170588377648989,0.9449553835849149,0.4734862120873794,0.5934554812991479,0.5655704823773267,0.5689205161845452,0.9018926902533159,0.8740273395477253,0.6930188024916482,0.7722331872657329,0.4573525529363731,0.3856600422318134,0.6050287806017026,0.5232420303556393,0.6020993542657069,0.7434410510513731,0.6173423514507499,0.6915344076526313
262,0.46474354419592784,0.6979004389574128,0.8099304765832636,0.615252546823752,0.3720218902324246,0.805616648074589,0.4918713562697743,0.6730606088806869,0.6767123095637293,0.5631213293391473,0.6368401691822512,0.4804590438387642,0.6578818877996959,0.6253536524253476,0.8694212655065476,0.6428874754939995,0.7319604456601755,0.7037847046790962,0.6369903697957746,0.38093440834189185,0.5207522041199413,0.49894980946752954,0.6760506756566076,0.9049132777037339,0.7544465643469007,0.9194471680940538,0.6059940190577162,0.6126699252570762,0.3404417079308353,0.7604682443672417,0.5816963726242255,0.43716567695062847,0.5937507637447883,0.6948742804345296,0.5795427042873045
263,0.4784801962890994,0.6619440203789357,0.8845159721583289,0.6463022317031569,0.4372613045536129,0.9699505182195174,0.38455070995800855,0.6785476276471847,0.6526422344859275,0.31462499479407685,0.4477407178039021,0.4733860539989411,0.4926062534845249,0.6370806499567574,1.1101009927940855,0.9223876497559349,0.785150916298367,0.7427365774628081,0.661572748718366,0.3918249472572669,0.5889231271874251,0.376953637930687,0.5151447327537667,0.7364595963759805,0.6192266397927084,0.7347835744843791,0.6271151964484237,0.5879057909910059,0.4870376263689772,0.7975189920386152,0.5656258887292808,0.4523837728777932,0.6295994148923245,0.5990457605185467,0.6076947100957046
264,0.6524523578541441,0.6387229168958047,1.080552276870037,0.5611245672052293,0.5444068818253532,0.5733719578371526,0.4432249334882089,0.6610217647643793,0.712972289031749,0.6499021431496681,0.6644661456450879,0.44897371093491373,0.5544702242813504,0.7117334235446348,0.9933603146084264,0.8893113033443293,0.4816731513242099,0.833956619802129,0.6675549325596453,0.4736256562842291,0.5858050330629413,0.5417657905198627,0.5410492378342676,0.7275305623001609,0.8984323313357454,0.6629538047670894,0.8647677874800421,0.3270395458376446,0.3634354553623851,0.7218028325451338,0.6697768607253682,0.4931185777724508,0.7100696915496274,0.7399796043423121,0.6889214823585142
265,0.7180602213002476,0.5899989012851268,1.1066767453796875,0.6177546066235846,0.5033726014365667,0.8533844838951135,0.4752469375138052,0.6150065121123106,0.7132948507784465,0.7880345047711639,0.6348338883551348,0.5749977663746009,0.6641691276225261,0.6435680325880686,1.056586554252672,0.9448535900357098,0.7086362911164729,0.7750174056246116,0.9090445690721439,0.4806587511271607,0.5962210928926523,0.519812839276488,0.7376730701380243,0.7549529484542656,0.7701978102945961,0.9306796341773838,0.8039561501738981,0.4335331445475799,0.48572960359792194,0.8019753254198587,0.5880371890134208,0.48596523372412614,0.6243681025813453,0.6354442669273912,0.6530579597433497
266,0.5392015509697361,0.6137889713526992,0.9766318336814712,0.670143243070997,0.46893038814606886,0.9682137952348824,0.5249591160641793,0.5627921634318955,0.5802823978528102,0.7882102765420909,0.6342796711206669,0.6476521762969505,0.43424026025867324,0.6145229630533825,1.0289118288062107,0.7700503814038719,0.8282242595629502,0.73035320361367,1.020892397191873,0.41632814661463446,0.5864460553402701,0.6374142881280285,0.5453798733712758,0.8620944973062261,0.6626859923423873,1.1192695787089453,0.6370160229630035,0.48253742155045787,0.5522054363854297,0.756614249975505,0.5037218342570442,0.5417894682681298,0.5893093045403175,0.7039503486175981,0.6792733581559438
267,0.4073547275478525,0.6504852589082162,0.7791346925055269,0.44067994688226436,0.4635746763914683,0.5494900857653423,0.47717757607336736,0.715219272674039,0.6947417679229375,0.6904190106459556,0.6488050378712592,0.5034353604204578,0.6873250756439369,0.6192702292340624,1.113556008699414,0.8458864992974457,0.5548560033818914,0.6728028352139601,0.8745602050173311,0.4296011178260589,0.6035891034650394,0.5313411064790382,0.4907371598241834,0.7807599618036121,0.8099370011279343,0.6174053839132624,0.6499904406580482,0.3943169813716092,0.4300607547736971,0.6065093987311269,0.6760007643010182,0.45729597169509767,0.792319016394121,0.7183541677756574,0.7587593265583115
268,0.5115926884814291,0.5641253989134537,0.8359001638627221,0.6991090292193022,0.46519594871482617,0.9036878268711864,0.5226902123688824,0.509311701314962,0.5425262327177891,0.7672625716663294,0.5028545601842204,0.4826379599672751,0.5693858068980733,0.5154476163356414,0.6880723566285689,0.7429989750828934,0.6880713415399937,0.7528883874350054,1.032397334758993,0.51450926221714,0.41861792159740085,0.6205586638159707,0.6781577961275786,0.9019946725551548,0.7023842564059821,0.8033921180749797,0.623942584160984,0.6170911427087113,0.7022839747241297,0.6361153549440357,0.3444679096511811,0.5812466745319207,0.5111626376204189,0.7042769095848483,0.7931723042542674
269,0.5824906226603636,0.8217787879997183,0.7195366327939352,0.7245416251177144,0.3244206049766599,0.8467842429928222,0.3893637058989527,0.598471266861323,0.47050236103334403,0.6186993750506852,0.6049426925416739,0.4658937862420486,0.608328856944381,0.6362684410402863,1.0139274870268182,0.727052004811796,0.8470357146309307,0.794788802826536,0.6281681317129665,0.48773274564203417,0.555440100870229,0.610817076078507,0.5709805681384903,0.6969909709661628,0.669780034259869,0.8905926949166083,0.7463403258935446,0.49265249113350906,0.6259032025220135,0.7786708871958112,0.5458978814285677,0.37430428918099123,0.646179085507182,0.686947715191381,0.7272275743739783
270,0.6111862960358041,0.479197388404163,0.8810879948763499,0.5235591098814807,0.35596124924476447,0.6855724659921147,0.2967518382744312,0.5029820842802619,0.5001995588555398,0.4692925428921903,0.4700897970928083,0.5344221729559466,0.7403585790284324,0.6471064083306238,0.7532226715002501,0.5504003984683878,0.613558418557597,0.6357299701972428,0.6669524382111981,0.6284851355349754,0.40932232389952455,0.43225071159720596,0.4619076734423652,0.9127489109873248,0.7088746792261728,0.8548298258926338,0.9220832031707953,0.49259045850492233,0.5882721810905446,0.6620462000223192,0.2954087731937604,0.5371928794101464,0.4861661788653468,0.7138285588731463,0.7860219496152534
271,0.5186041427214121,0.6678211124744827,0.7751567534024422,0.6071713377468422,0.23985335243084333,0.8020846871772884,0.3735306854183835,0.4465219023130099,0.521441701106388,0.7304007980109862,0.5723598438821558,0.5984581304508975,0.5685088454905379,0.5655623736683105,0.6641583761184917,0.674086617591998,0.8822573407751111,0.6831623403836571,0.9391662114839396,0.47699973722117506,0.4848170362990877,0.31261640639263955,0.6449624601682478,0.8980463976491389,0.7407057275509847,0.9538659334821191,0.756207727290442,0.7355391652488534,0.45473092846626156,0.6678793516049215,0.4231074228169284,0.5499931746762461,0.44902870177925935,0.6736894811259447,0.5988138998688597
272,0.7351739035078751,0.6124318525517675,0.8666484290673117,0.6359320894014552,0.45338381970866093,0.7607016502648462,0.4156686211631806,0.5383957235129309,0.6698390896616757,0.6069162163606883,0.5670834221124532,0.6711013720474829,0.7177091621100102,0.7386617267465911,0.8788166509448974,0.6925096997585478,0.7343518664947737,0.9212104263958517,0.9242938271864563,0.48127108450131045,0.4472361559328873,0.4934323574725429,0.6824478763150562,0.8808868217918595,0.751918978920602,0.8577371616778422,0.778182305683985,0.4608520326217549,0.5580833600746422,0.61101229978719,0.6164530120158161,0.412382021913063,0.7730266397203983,0.6751251104361253,0.7253716592038113
273,0.5178797724572619,0.7831964455631997,0.3305921148045536,0.31323105469416734,0.43462804698342333,0.6962884820234942,0.36054127347719134,0.40377884830115074,0.7261204344512333,0.6301279089301595,0.6295730033322393,0.44962321985494935,0.7239785981731541,0.5982987652361546,0.9767109117329476,0.8599907474536501,0.4697587018006589,0.5792707402374055,0.9164443714647428,0.49145148622687906,0.42274929096337066,0.4016992307963095,0.6217091326532936,0.8503442055862465,0.776370115204041,0.5755098888798247,0.8476702144801336,0.3998720782918226,0.547084861332981,0.6659643056202041,0.5756981956278515,0.5254119849148176,0.6569881585526265,0.6155114360671007,0.7897992641508127
274,0.4229790207912636,0.5161167552050037,0.687353244076967,0.5820341857564554,0.5160053539201431,0.7000176425589066,0.5416318824887538,0.43789784969166556,0.8075483269637254,0.5528812402259629,0.7137216884378645,0.5998853587645404,0.7528117708289206,0.6106400573134392,0.8155042680387496,0.7417835135344641,0.7659776976263326,0.5984991135306268,0.9832571635681187,0.46320992526473725,0.4630215941596889,0.5602617731464103,0.7143157106852998,0.6865727183083148,0.7451086284322105,0.8540340687112122,0.8105667702026618,0.3847395533821512,0.6187048738347569,0.5966024280638739,0.5012488938971336,0.5454576869584353,0.6017557438991333,0.5758745844191517,0.7998985083845278
275,0.5891675363184349,0.6097461951902438,0.8566956997026752,0.4963667143823668,0.38953450574380144,0.7353571363591138,0.43370783882849434,0.5168973859347744,0.7659255774828353,0.6940383925018523,0.7196997998890566,0.7091795475394269,0.6888718165242278,0.6532136134051738,1.0572032281049544,0.6726467411785436,0.7246549857718407,0.7278617843759724,0.9860615308665139,0.5033802267740547,0.49698912945002405,0.5085630167962696,0.7979831973453445,0.8087633776746888,0.6661353577247477,0.8677533413165623,0.8466027260533393,0.5727397594799493,0.7281650641616974,0.6789064264501758,0.45914311052215834,0.5100797945793668,0.6609656440694628,0.7232773203824648,0.8667952151562772
276,0.6913437888364771,0.5859605331706199,0.8706888752370621,0.6034130102145485,0.4788045473043008,0.80617578043085,0.3889294546856962,0.3734756524582924,0.647746368467698,0.5786355909646147,0.7331516831982233,0.5475215679214905,0.6876231585610794,0.4000377629659987,0.876888988895576,0.6743544615004338,0.7938162811026445,0.5179936603259332,1.0188600107130237,0.3793339082649865,0.5704748654777146,0.7152814300066098,0.4529667481525274,0.7800112664957698,0.6821933617510632,0.8687036302954756,0.9650421111287106,0.6523838919229645,0.5037355237859114,0.5597984354652331,0.46953779945257135,0.403400813473315,0.5658032496335759,0.7255190518183041,0.7420195978430648
277,0.7934986755729878,0.7121239534749295,0.7347651313324919,0.569734058329559,0.49656447891412736,0.7116128332066137,0.4585677673864045,0.3713047412516699,0.6962841700460987,0.8905929880328172,0.7736175691463159,0.5229898446337142,0.6701929106117268,0.6269635471371495,0.8504039211523895,0.7458679813605582,0.7679292898306287,0.6563698484129428,1.0041068490851015,0.40645423780295553,0.36073701510557177,0.7853511940818854,0.49116444474302423,0.46549161934199945,0.9067734009945168,0.8505338545980405,0.9043230911157099,0.46332907971775544,0.569394973173871,0.5829404476644787,0.4791679825684584,0.5040156178572884,0.6295419777844597,0.7910811976362688,0.742903505087591
278,0.5205271862206965,0.532183994135027,0.7474265070159465,0.7167503846351737,0.31516109387021085,0.6592506716091282,0.397819478024441,0.40615325609368313,0.6162891935086221,0.7084497641920839,0.4894054359609931,0.5026837727226633,0.701712381430725,0.65156087161951,0.9069284062624491,0.6520249220315009,0.8519505443710231,0.6392740373699715,0.848278001915671,0.34975012965914454,0.4988340292367872,0.6026766718810578,0.634021612939577,0.8060667174763787,0.6338504943973544,0.9985251967498057,0.7823493522214982,0.5950087697312498,0.7003322670890726,0.8595935513435012,0.6172063842121839,0.4733494627603911,0.6305672141556629,0.6160088336046083,0.8428264733804665
279,0.5768253898420677,0.5604060526554537,0.789893062229577,0.5704562046933785,0.3593941803116134,0.5396020712573442,0.34990486494612033,0.34689740689773785,0.798711436306625,0.37042454202890096,0.613386294875726,0.5448608428971842,0.570747259690723,0.6783297631763244,0.8048989337455278,0.6167336668150492,0.7807417534785517,0.5950580429238851,0.7747166231312783,0.45467514228342926,0.4931105190913099,0.5580280297489271,0.5071407724515898,0.6408265818533596,0.6551756964794222,0.9424405262236331,0.7624899647054014,0.535309494696071,0.5894533860370361,0.6662852939642855,0.510457165958409,0.32679383778061466,0.5223175922838945,0.8183840293802069,0.7946563485754587
280,0.6379462417443189,0.5096746563355773,0.7939991663346478,0.6751836158920979,0.3666628134475946,0.6192293737483361,0.4334312762396488,0.32795362302609676,0.5076038833871219,0.46222843562821836,0.4763169885893802,0.5636553568894118,0.6546753555842734,0.7802333735066584,0.8180778948307816,0.6842306003439251,0.7229048090807519,0.7406144369610688,0.5937420380576885,0.5067687179132405,0.45856176357968537,0.4558483731441082,0.6332263198935417,0.7484942675158943,0.8103199212225796,0.8328349316924506,0.8616261913790727,0.546983200643884,0.544499549259417,0.686089679095992,0.5304647260920443,0.31630386696740775,0.6046472342965232,0.6490541127483294,0.573086924532875
281,0.6812883041007902,0.6141352525930572,0.8233413749816021,0.46077211673388363,0.5033558985511275,0.5792513742411933,0.5370008378739755,0.24743474543434962,0.4229991799204563,0.6787526809289719,0.6051970065146485,0.4704520436098865,0.5545831500999079,0.682432297355527,0.9340799389851338,0.9403401926857071,0.6754052869939268,0.804773351904498,1.0056274066890063,0.5579353399960654,0.47501524690963015,0.6650624418338258,0.45035304159039075,0.7275367173032059,0.8413055488031473,0.6360024721543899,1.0565170222054965,0.4134014483554673,0.5746060848070627,0.647790977574077,0.5313001371395258,0.3200411877985614,0.6433532551439763,0.8343515671913395,0.6155432603913547
282,0.5633090912758915,0.6405539244112725,0.6349376545276866,0.5772415327308612,0.5631113775611956,0.5859084083609057,0.46360364670286086,0.4550412577734607,0.7208559893806965,0.7331188656885759,0.4773285435771125,0.532838975258249,0.7611444813834342,0.5785491156035449,0.9481006766536058,0.9025961793417174,0.797444794465867,0.6640356474763754,0.7200825047637032,0.3678069718393497,0.6034102689413325,0.6419962771389833,0.522630458338853,0.7455617722988932,0.7331832767329748,0.8654128647775373,0.8909193078774207,0.5679678050128489,0.666453241361759,0.8041920382563668,0.4795173685175858,0.43440295314144256,0.5422332650693025,0.8270203870240572,0.6793165456972006
283,0.5839990200495586,0.6762528955331442,0.5305418422844899,0.5207448408270501,0.4074203708035582,0.6759565808756132,0.4693169761439647,0.446077874685948,0.4334476980595217,0.7924382778603734,0.605781423579175,0.43358090839111807,0.6099345045237634,0.6410112542987136,1.0117580652294977,0.7889296955686309,0.5789344957513762,0.5126279963629808,1.0751871166459974,0.35153943804259496,0.6054744308722655,0.5138398442954142,0.3839145665512027,0.8864930676907745,0.7130808056325718,0.6688009270239388,0.8510473820055071,0.4594570732776725,0.5316217865990733,0.736899980764107,0.5053579830447514,0.3906200920402257,0.645935589766827,0.6960375012280883,0.5953188007225878
284,0.48413464418243396,0.5688874940392711,0.4681506571591528,0.4685920397203883,0.4246146339854507,0.9420676904972052,0.5053386419898973,0.37772501325039387,0.636675837488543,0.6016684549958395,0.6165964129144679,0.6943980416840649,0.9028654641220197,0.6414791373832708,0.8377616640153275,0.8618986658256037,0.5023817332711892,0.6318054989128901,0.7173155815152981,0.4572879494425826,0.45053520598793756,0.3842828479479022,0.6770045211776103,0.8274644185598863,0.7057839192353217,0.5788514985997706,0.8464723092905716,0.320920790923479,0.5001065777584498,0.4420742384352737,0.4798475025647924,0.5561540348580805,0.5986686740483174,0.5178394883132483,0.8824123893495379
285,0.4664501495787545,0.7137412069516291,0.6790068098718185,0.4497664381041865,0.4512728553221093,0.6337952589812073,0.45895192894787545,0.6065594751375292,0.5960061346180691,0.6034054899247746,0.5689214507281415,0.6248564265871677,0.8213061371213399,0.5230152439339685,1.0275152915736767,0.8458943349871354,0.7495993214653007,0.5517940196381058,1.0136887368305059,0.34079755495133024,0.6493676594379153,0.38030874377418444,0.5908063877352029,0.6353155266135015,0.6502135616016886,0.673793371455512,0.6691701764461249,0.3615838439352721,0.5315163237251572,0.5053897801479501,0.5213043677516493,0.4534938400598839,0.7484718379827591,0.6382356726790706,0.7519783941394592
286,0.6008457896686814,0.6188314343346475,0.2180969348393841,0.5400035070126028,0.3093373910166549,0.5457449146070859,0.32860061956790093,0.4857417601012392,0.62041823417943,0.434359679489296,0.53206021078089,0.7521247210471478,0.6614895274279973,0.5197233662585758,0.8181226036157674,0.9366529957913694,0.5270972958559726,0.6268787471019497,0.7337247226206949,0.40961065970125443,0.5269215805354606,0.38372702382061197,0.4706309428850304,0.7764597263531435,0.5884473141478221,0.7640885268120073,0.7110770549193569,0.26341658044135613,0.41935178028266773,0.4719393572239479,0.6224769338486816,0.36803212805485663,0.6452868213702618,0.5335063103689794,0.9046459379616377
287,0.7436196947509852,0.7711898734187244,0.8316986143641173,0.6731563371169155,0.4537148185268401,0.7557285277144975,0.40387037560292194,0.6282669791018515,0.5326898435851775,0.5979890022178632,0.5730018622669002,0.5760493020314619,0.7167470719233272,0.7608486227248121,1.0878373463917228,0.8813261548750408,0.6826332443375509,0.6091239411779379,0.9482668675890875,0.4946300889267914,0.8335310283201967,0.5419861006481856,0.4669614421426452,0.7395326718726919,0.9439335033540033,0.5268102071388591,0.9622286761173777,0.4572405340861676,0.6686585188273262,0.7199998534273865,0.6373304787262981,0.34858423307106806,0.6475106885639819,0.7390076071804097,0.7470216584182885
288,0.6762640532332622,0.6394188262468289,0.6779253422145788,0.551195222788714,0.4972844730280642,0.8828529730129582,0.36210294776471796,0.3695234392179954,0.6153857859173004,0.79426003894126,0.7587973884745984,0.4754843704565268,0.7249722400524428,0.580107262403549,0.7653415917817308,0.7254289165921584,0.7999127239116806,0.8128103723233834,0.8887268120084866,0.4630420194815677,0.4876787551672136,0.6075223720114927,0.5528149216113932,0.7803844712219281,0.8554736354655755,0.8173238506233297,0.9061442596824552,0.5077361406977073,0.7186381952536193,0.7276298253979806,0.5046728176042171,0.4328223502274564,0.5400971027217379,0.5732664244025965,0.7210161977956007
289,0.7191853750010194,0.6379296318655605,0.7196351324939178,0.5249707710710393,0.462494559748742,0.6186763617664598,0.32645566544451254,0.5403711736692833,0.7007719771704614,0.7388305891084828,0.6047966488805847,0.5459534004747164,0.5525940867787892,0.651542120237637,0.8742412681550606,0.7762683335672779,0.739302153742317,0.7268291343618691,0.8587550986193282,0.5074724921033468,0.47877253494134153,0.46143895901085896,0.5405767882664039,0.7822529102417728,0.9452787701032532,1.0607812623632624,0.8006866089409307,0.4884764132110778,0.7920432917950271,0.7182871494461781,0.5207903617072539,0.5179757918490354,0.5614881876975684,0.6769259159999559,0.7085045509116724
290,0.7052202804530909,0.5721666213373207,0.7300528658059429,0.5569636988728087,0.5650214188795584,0.8061074566739026,0.5578687968701901,0.6337812425699472,0.5505685212073579,0.7733170088409249,0.6035263713530603,0.6328993749423958,0.6167264263010639,0.7016272534475991,0.9146158141726628,0.7515168701614322,0.6417718213165446,0.56570499869256,0.8960181577291648,0.5192986103234324,0.539055333143857,0.6530427657847688,0.6447018347713542,0.8543089122630383,0.7703213933071826,0.7155236778440277,0.8337571076655539,0.4882048213384995,0.7064117292507892,0.5577806512402346,0.5609895209093305,0.47233563885065083,0.7035458210056873,0.8724040088789967,0.5796945712216688
291,0.4906532970249242,0.6263702889568106,0.6632568241901289,0.6308948002913709,0.3684805334692851,0.8566257597366568,0.389747613954968,0.38700112993058733,0.8470927230405858,0.4146492510644364,0.5425091029583438,0.5846238381479327,0.6756790570137009,0.6227767638768082,0.7392947241381849,0.5798002914155695,0.76949889003192,0.5119178105390803,0.7232119791446021,0.34414826487530015,0.49745444987777976,0.46546824899922895,0.5191996656922593,0.9201706872610707,0.6604303728586458,1.0803349945993017,0.7603889141040638,0.698810992490605,0.7458219917276824,0.5979359717485506,0.4617773980730344,0.5232226277766822,0.45463704027073015,0.6982736198066937,0.7136048419354152
292,0.5384166712861145,0.737352276931105,0.5522084645525873,0.5841650821461302,0.7231629691737167,0.8482333099423416,0.42289563722784973,0.5135355093596194,0.7684411975088596,0.9728270349037674,0.8232266287819778,0.6028303920305222,0.4915562808024709,0.690692316049352,0.7738962397116903,0.817125991833982,0.7150077323785413,0.7161603675477519,1.104343692067396,0.37720309390748485,0.6450382344404195,0.6925748694430455,0.6330270287373598,0.6306570349256817,0.6142542596060809,0.8924394818019796,0.8840911420002789,0.5341787694038063,0.6712009854134839,0.7179820370401558,0.5934606714248959,0.45897083228518437,0.5361991940314518,0.9014645568672929,0.609642996413946
293,0.6250444162299794,0.6883961880630922,0.6468236876358407,0.6974399232977944,0.40649649482260974,0.7740665039791357,0.35024610721609806,0.5119550532391339,0.6521501599940674,0.7525161840461709,0.5705078575701161,0.5400895547042857,0.5058896721920495,0.5747774021478967,1.0033623419685371,0.9110253896468363,0.9043453648581571,0.6026846103246091,0.7014533760214912,0.3751582010874606,0.5734645549061398,0.4263727555757542,0.5381030209684791,0.7325582754682527,0.6225737790241873,1.1187999792100523,0.7476690673264339,0.5954102513253114,0.6297027311693667,0.7482970333278106,0.6404723433484409,0.4557706758664816,0.6567420870700676,0.8334379939303688,0.7124559687977242
294,0.7079756010779517,0.7866882775702573,0.5971777890394236,0.6665321706747728,0.5340267092446288,0.8394169998362693,0.41700999019381885,0.43628080887425036,0.5001757016686306,0.6941757963422373,0.5944241059912612,0.6474476415173793,0.8358327301980687,0.7649151365814526,0.9065261093464954,0.6934292303156311,0.8795494153991201,0.6336644106216006,0.9629760719129208,0.4691650927106311,0.4697225363765506,0.46764932909078216,0.5362720181294172,0.8414686827481126,0.736764036117046,0.8547341453520899,0.7189020793555825,0.5473240592390518,0.5836081527204448,0.8782858520878228,0.4889081216137902,0.5174419131279083,0.5032758498677795,0.6509597709891378,0.831443202622243
295,0.6060875186974205,0.811133682898483,0.450110322223412,0.6965898552280236,0.34157134078737433,0.9037528045770691,0.25623785956262124,0.41540251402024364,0.5243963812211621,0.5846509235056915,0.47632337522067547,0.7491464570784088,0.5595119300695337,0.6797872921380003,0.7798182432044188,0.8527942085163311,0.7900354844251589,0.7260215093391774,0.7090152860556892,0.4579686909640309,0.45237225935038866,0.47488757766286,0.646948059504429,0.8098798735905972,0.747336912141308,0.9906395478850388,0.794873908822162,0.5043392074497866,0.7130554761407935,0.6586410585421187,0.3872301288247646,0.5263791953360246,0.6205312416730875,0.7138315196095667,0.7058500410616302
296,0.7281460225225416,0.7908093342844609,0.7853549687451395,0.5249163338205511,0.4977250715491043,0.7116755977993545,0.4322862864624195,0.384667438133093,0.6231672419482882,0.830324718430913,0.5853510155997509,0.548777552961746,0.6789981157853248,0.7360570225636962,0.8353693387412884,0.698219934047063,0.7336158692660906,0.7722221057153689,0.7641512290943258,0.6327309215640535,0.4103069621995311,0.5581957168171237,0.6269949698027768,0.7172482286154553,0.8788767467902325,0.8625604508183824,0.8180779519216279,0.35651818566114213,0.5839622919019076,0.641914566248929,0.5879175271928649,0.3888292823557766,0.6544205546900187,0.728977277546922,0.6208427090666809
297,0.7267422799178627,0.7177307337157068,0.6166038346983056,0.46039526433646005,0.40201682881529544,0.708271723294188,0.24940067019185255,0.3686383256494119,0.5486612977613871,0.6053508447301817,0.5412064926726237,0.8408115199988431,0.7554049855394996,0.6568763007297167,0.9816246556975746,0.6831594646938168,0.6146804276440013,0.8521137080852061,0.5121684272558295,0.5007389788897986,0.4821956218025179,0.458682703525879,0.4969325906195887,0.9015872388747486,0.8275706356126448,0.7022540850587375,0.9077191933544069,0.4356092240757855,0.5463635480480659,0.667974450606508,0.633958970522077,0.4948176345983588,0.585320292676154,0.604880717453596,0.7709150683782956
298,0.7228826140330669,0.8755653182420611,0.40667177914356273,0.5008267080319251,0.5070722755111131,0.5548847253737291,0.43757699900714353,0.5226428552978739,0.5699901886454504,0.7723837815908492,0.5787947750156994,0.7504940776678366,0.5840855523138795,0.7321543677649328,0.8973549303605187,0.7540424830419572,0.6821563497344281,0.6001187829542562,0.6907796276012325,0.38641257128549217,0.4992787079162165,0.4489750927018173,0.5074073265078403,0.5643646675363938,0.6185415508014958,0.754000179742528,0.6333308058888452,0.4863261225705128,0.4436993739107622,0.6061555764756575,0.5030999026388459,0.3817068125843974,0.6863204728139758,0.5759801741130912,0.6567964131573374
299,0.5927142129864392,0.6664506780031252,0.7209911870663401,0.5213792999016831,0.4565478785543751,0.6052908189977302,0.30246506591976485,0.2920095698212336,0.5476341110941031,0.8067139343117328,0.6538079787915778,0.4742862338366155,0.619769312773038,0.6890241634904621,0.7745094955959025,0.7708503332553561,0.5136736276281118,0.5672248583797916,0.8151938475364398,0.436924157532242,0.552881717832398,0.6084636983132966,0.6079211912123401,0.903836550416759,0.8307521539906778,0.8364331074804447,0.8016773100414175,0.45181424408947723,0.5025459637273029,0.6289594344813985,0.5137754314438573,0.3441445031241906,0.4767767300602455,0.8913086498664482,0.6885100660607857
300,0.8846766571091973,0.9413523436334914,0.9560194962061198,0.6441007872464873,0.44517524104083533,0.7611034982683033,0.4309519295100943,0.412572818115872,0.6193556255211589,0.7015428289929483,0.4980843161927932,0.7015820042046779,0.48268624149139994,0.7139286087558849,0.8529266490654484,0.6320687189700029,0.3899449581014853,0.8234393752911023,0.6361169824815025,0.5191320885377909,0.46919797860705925,0.6582194310346576,0.5526596001167075,0.6946592081280538,0.7866133422474643,0.9123561882026862,0.7877713821297392,0.39395337724764884,0.7730661912982325,0.7910079487976636,0.6231928700424123,0.40064582801149895,0.6345384684021631,0.9987829856853964,0.7065102816946783
301,0.6594220618218252,0.7877661489474421,0.6644019575946847,0.5512422997512716,0.4535199559712411,0.7118482139853612,0.40303595731177916,0.38715989059721706,0.5323823001099022,0.6918716577305746,0.6013603881716959,0.5558189769618616,0.5048843917846242,0.6117855175390361,1.1814787321299587,0.9169761413760518,0.35421992624659027,0.6353363986949463,0.7125161253337149,0.3280147457475138,0.432391920581166,0.3693276435046454,0.5148560963816462,0.6654213085423979,0.7167009469240098,0.6790251711775509,0.6564204303083905,0.4125714071860639,0.5866191057159281,0.6344495859870662,0.5278622218967086,0.42970674955625393,0.5821605858712257,0.7258247233853332,0.5614569262623164
302,0.6547863494009236,0.842983386902397,0.7922986591344756,0.48617468092487165,0.40017817906429676,0.6271634372277877,0.3717639865642976,0.49335511706402563,0.5481369662730214,0.7047449140879153,0.5124262030647538,0.6349318400099863,0.409260419353116,0.5684325410585029,1.0624784939644072,0.6773854485867741,0.3496069412400729,0.5364800497128741,0.6662969527898029,0.3640825220515035,0.5468578527889232,0.479909022866772,0.6240076183084304,0.6992989949218433,0.6857387159987602,0.8188107093301833,0.5598423010833387,0.40341624728603925,0.5179876354807176,0.8648097157830363,0.6843675962861202,0.3332295637308448,0.7627214074777058,0.6887020064981804,0.6198501338539452
303,0.8344041213474682,0.7392531862986969,0.9415894062955363,0.6400887256454909,0.4298332806080375,0.6559374112470004,0.4005972744152214,0.48868841632913407,0.6033050512687675,0.6835924770759854,0.5461612554883115,0.685593890626851,0.786965942469263,0.6964303798845708,0.9495213077439352,0.6971301583701424,0.594132984821206,0.6263574182780665,0.6769502237352655,0.36874222365573917,0.6086708481366783,0.6472249755071299,0.6211686876398903,0.8393385969388819,0.6674474888071279,0.8670225101311311,0.6297021304079067,0.38090374107550057,0.6572224579125122,0.7024755631980406,0.677774123552657,0.470944002671446,0.7096938137533657,0.6197604833616887,0.7306607021367124
304,0.7654911340723713,0.5623069408183833,0.8770531099188582,0.47685142645246814,0.5580390553825134,0.8029529104998705,0.4753533967617372,0.32345793420133,0.659531264324161,0.5857368736246024,0.7016737529519004,0.5391639171652408,0.6932954509789455,0.6518463076256666,0.6767460756515449,0.611392483553441,0.6686050866088047,0.7375101991795936,0.987838613658101,0.508648580249578,0.38983336971738447,0.520770490793627,0.5363475955634798,0.8522666856504807,0.7262034182929119,0.9250428597184126,0.678768630814545,0.36859438268735867,0.6478926911011673,0.7334697809553083,0.39180348435157664,0.48912789612963437,0.4276729450565053,0.5855604167831299,0.9044368599055861
305,0.8350490968204354,0.58783807195754,0.8008593093448881,0.6493673607407306,0.39765055554995,0.955843701357625,0.3682785959816923,0.5672016571718725,0.5454179294002227,0.7173030545802056,0.5609979775335516,0.443097574091126,0.5517695702596948,0.7573629435525275,0.9323555901730098,1.1425527542709353,0.7223632814191414,0.8231632688556242,0.8342218412739006,0.41574030265617146,0.5411821292313641,0.4556435182022763,0.44383055633594604,0.4950481159062536,0.686314403736515,0.9673769025176828,0.8495921289726934,0.45515218509901867,0.6673540942003604,0.8291004870709953,0.5944534074978379,0.3601488267962894,0.5789150951465203,0.5429953988050982,0.6047115517468713
306,0.6134635846779408,0.8931136275372396,0.4805547689179819,0.5266066628002863,0.5096181321525988,0.717026152973145,0.43984805991092457,0.6022989599435418,0.8007842953837832,0.7468046416674271,0.5167122588351234,0.5049352840685034,0.6838305607706798,0.5208319308401443,1.128233547011838,0.8358134812924606,0.6173795695618385,0.7100333332657941,0.754617196945404,0.37443403024455635,0.44657243666278623,0.6308049185289699,0.6584228036547709,0.7034258451874106,0.47916081935893773,0.7157703257496142,0.6569811879161062,0.42144630259628807,0.48204998960434375,0.6326898350599914,0.6363823378617333,0.5286568361453602,0.7423894091350085,0.7098641013479394,0.8656298182122331
307,0.5955357173128786,0.926171318918086,0.7479314722116734,0.6646519255055345,0.5627021640384677,0.7244572339213827,0.4518691909709771,0.44984715242249773,0.5657002718972206,0.6080307857010798,0.6104871882620808,0.5556713254810876,0.6500425479045346,0.5612252638142858,0.8213341429076637,0.6780927667103811,0.6064353888240888,0.5165997608042131,0.7994598984558716,0.36022037749006175,0.4608467455696935,0.5969441021311834,0.5683250845203633,0.6836078486347533,0.5116223704531018,0.8613422903891581,0.5129723474968592,0.501148283090747,0.6801132870593044,0.7291855912172494,0.5131191202071357,0.4099937594065241,0.618643414225706,0.648998892584948,0.8366142054119518
308,0.6517569619984982,0.7952113326053338,0.4228861889461678,0.7255392209723714,0.4158291968872101,0.8902689897923863,0.39650592131591467,0.4746303525683253,0.6957528025513816,0.6397358211189275,0.6430045374586303,0.5467345201497558,0.8204058252888797,0.5795425680180456,0.912593520356572,0.6504286252978186,0.7349534049791893,0.594951939697967,0.7422602628014905,0.4131743100055204,0.5309726280703817,0.5353670311130874,0.4996919011928602,0.7594876633458338,0.6583805814921764,1.0717765800989696,0.6758929519165268,0.4486383575827061,0.6055049162383764,0.6093905602346487,0.6179068737172932,0.5469484656790272,0.7398303809788005,0.627659182772615,0.8245283774112362
309,0.7857129728442036,0.790821971512134,0.8160442415887479,0.7083920369864245,0.6698477636914348,0.7251172313220348,0.4999223046725038,0.42652869181258346,0.6768812151674939,0.808170500790031,0.8124720767064935,0.4947848868486264,0.7919759429126726,0.771767845691866,0.8784853262675864,0.7661032379191957,0.6694281892260044,0.896332223514346,0.7663045244822477,0.5672946622813912,0.5034161985368819,0.6897441210053297,0.7878741280159061,0.8219666042724157,0.8112361326644707,0.7037075611257377,1.034066892293135,0.5126003392607568,0.4656303520312486,0.661919464880163,0.39830144499221054,0.6432715631549586,0.6261325597728236,0.937466196471302,0.7493677780179123
310,0.7421161059632898,0.7986452839527676,0.5845195982687158,0.30332466491061916,0.42573495401914585,0.5229131208304048,0.48614459676142985,0.469682192228134,0.6494164870912311,0.5241050169038304,0.6434812629769473,0.5130961717574735,0.6102487207666079,0.618670426549697,0.9766501011279367,0.8385623672782045,0.5468648622049643,0.6600175827915299,0.7319069423158933,0.4045614328671303,0.49159461411553385,0.5678133215926198,0.5970082426568255,0.6792607666912381,0.7308214386839905,0.8447338882845616,0.737133783678209,0.30767133901291427,0.4988262062108562,0.537472166202121,0.7483808560677222,0.3863093838273927,0.6365181352204473,0.7495018142919301,0.5757723268855359
311,0.8099826180411152,0.9127706913269824,0.7478175798706297,0.42080562573910935,0.5955865283261295,0.7472319336400264,0.5063083838167897,0.6564171685218524,0.594113900156349,0.8212444638946725,0.652440840134398,0.5362075729033184,0.5750641253512538,0.6407349638365666,1.3308162294938215,1.0628556293812594,0.6832165294501729,0.9261407284299652,0.9490138720295463,0.5161444553427432,0.7390681209507042,0.6475621739315339,0.6580501539188723,0.9350465038268051,0.8001262792643914,0.8779055131929419,0.819894853237546,0.3730059325694587,0.6927136756519687,0.56553143886125,0.9457510848772431,0.4562201449504937,0.9644065669708352,0.8217796284235375,0.7587180715507443
312,0.7379200155271551,0.738469191801298,0.831334488698929,0.5570788209667084,0.5530455525036898,0.789985166934499,0.3637904525919669,0.5511876654241381,0.5638964174626486,0.7615591587054036,0.5495809414610902,0.6846544387434412,0.6758435267969569,0.4466222096096615,1.1544740943692813,0.705506706852685,0.5693749321047601,0.6394622358031699,0.9389249771903713,0.3881831598117945,0.6858534317231946,0.5364992495135464,0.5693312181727668,0.7257707394071885,0.8046463134377564,0.670791377986999,0.7738644902953665,0.3109324152026524,0.4489767046419352,0.6407957416501449,0.6839874682764511,0.2527216599182397,0.7269266790072162,0.7097810726081448,0.5194013038715793
313,0.8006242211459149,0.8574379764156018,0.7669845118637716,0.6202670712085394,0.686854814522434,0.7658926756747207,0.40852109794566926,0.3998390813697068,0.9271073901616929,0.8507636783861006,0.8140577460537841,0.5078302180043319,0.7999372924979264,0.6614315570802896,0.9039726170755269,0.8501303326269732,0.817708951935507,0.9753149721666816,0.93819338237074,0.44939200173309823,0.4183064937513582,0.6684589431108197,0.4294727459465578,0.9980233233730418,0.6220746699547207,0.9099141925320935,0.6056008231534309,0.43666620767701875,0.5707016540958163,0.7679504719523731,0.7216042618369751,0.3321527462388108,0.6638176535010631,0.7766264286803897,0.7793495345659827
314,0.7567241881707866,0.7125530791443497,0.8092271448942385,0.5334599505640711,0.44030059440137925,0.6558334352899877,0.43381338027061656,0.5563078257207965,0.8137606379342412,0.5265752320482798,0.5049561994857743,0.8436335677576543,0.7037496243315196,0.8330704147744321,1.0564478744143395,0.7876463257458538,0.6356862266491022,0.7534971003327278,0.7176753372337802,0.4540626678191756,0.6068039518065346,0.4390002315062136,0.5843286277632553,0.8700065382178102,0.6668492137749222,0.9315021927714584,0.7884793289268615,0.3641264873117603,0.5221266699139196,0.699358106276331,0.6978994985940892,0.4680708518152248,0.7440166023349992,0.6070693500251775,0.9736647318729257
315,0.6908782234638688,0.8892800695410175,0.8447785991562684,0.6836443071981788,0.4721799573866259,0.8559738521074786,0.41240607510940436,0.43876564999870593,0.6973361805014577,0.6009625862181688,0.5133924349226536,0.47159470308238394,0.6388516334153465,0.6699881194714292,0.9107930309079855,0.8151132208959119,0.7574842559100128,0.8299301025327543,0.805424670330732,0.5191752164829019,0.4674797536131583,0.5206342145465126,0.5945237578431923,0.5740245035575364,0.7046621165830482,1.1304097414249368,0.7879689963588355,0.44399108988964764,0.685669230855367,0.8678111606752784,0.7149110981678545,0.34736620417439334,0.6343797121819109,0.6849169105546441,0.9141475845908521
316,0.9557714738982677,0.8258732280889975,0.8484161703106103,0.5362579208469592,0.6471905860086968,0.7911951053449825,0.4599223781044379,0.3865579050253577,0.7863367737554976,0.8797106120213605,0.5502985389080643,0.6871996936149227,0.6593903222325153,0.5510666588759656,0.9749059213858717,0.6668581745198262,0.7341693264578782,0.7414963258459633,0.7486405196107725,0.49809362721133693,0.3664006422146593,0.5196396543377175,0.6909543178180064,0.6914629472715916,0.5532087755219145,0.7941109985215655,0.6495321071666318,0.38464867481128184,0.4872174037082695,0.7082535812610133,0.6600611410381433,0.456401531395364,0.7927907578454733,0.6750553848173197,0.9923516203052357
317,0.8485386284093838,0.9003504254917071,0.8240486374429808,0.6829143933975077,0.7718515688859972,0.9383573300453624,0.5581194215294957,0.42703065058802264,0.6232440049102314,0.7782142610961844,0.5505737414567513,0.7499091889302909,0.7461285263362587,0.5261988354987001,0.7949721517172503,0.6695161275826281,0.7160577780960429,0.8199756211281715,0.8345723004243257,0.4724227988544099,0.47296187236605286,0.67429241842545,0.4547962394513916,0.6572161984332496,0.6970666145411825,0.7231713299255033,0.5970277686319867,0.4543631317495988,0.6456134359533869,0.7163485265486131,0.5635870847362102,0.3606708242753542,0.5721784187774555,0.661070590696376,0.7992502853385909
318,0.7243839034798942,0.852776679010081,0.8910339600968084,0.7210294365440855,0.6264129649444816,0.9304706562432891,0.3919579331059483,0.2982449365843346,0.7053696906554257,0.6485741807906407,0.5839636400035295,0.7086978665406636,0.6212427366882576,0.6469693330342723,0.9465279818569183,0.7689638150243421,0.8150867874487779,0.77833192889545,0.9339601448389229,0.3534624655676967,0.5026523162990224,0.4652252640552591,0.5386437411146792,0.7293867379293401,0.6974767873476948,1.0292926581125545,0.755456654352892,0.5808946553937017,0.6879174369115216,0.6713654344889028,0.6454811531922602,0.4276264369376829,0.7240635589952994,0.7332629793826403,0.693717651719262
319,0.9301037310534999,0.9391611104236091,0.8019171582218264,0.672863386809083,0.6950319213425249,0.8284631298033504,0.5838523391392951,0.41520811515978534,0.6875024879056304,0.8629093693169005,0.5921953750734246,0.8715749134971884,0.7126570653914351,0.4629521604598399,0.9844534506889259,0.815623233566223,0.7332835575005665,0.8181615942154692,0.9488515692535764,0.5036925959236892,0.5058088898447621,0.5997469703226281,0.6807207822406662,0.6446703646332934,0.5575499745353367,1.1145228224115034,0.7431204927369182,0.48940568279284546,0.5967170136456575,0.6101904173577926,0.731878251835639,0.507834941098185,0.785420453800673,0.6000812809561447,0.8086452304240463
320,0.8743698640305773,0.7447995428542002,0.9226900649644783,0.5262546711092069,0.7273339777326675,0.7365739976178214,0.5635860678098208,0.3484233194720388,0.8191299161674657,0.8406043853798955,0.5939202977791493,0.738453956367505,0.715377118771821,0.6856885735473051,0.927836515736169,0.7249371393828734,0.5077836557352388,0.8222930472062717,0.8208400486533006,0.5675105057426468,0.5073173508119483,0.5545708006434611,0.5739989402187042,0.6837219428369479,0.7821080110517278,0.7015832849578802,0.8658391563526029,0.41514324883395193,0.5773736592739285,0.5405450629906023,0.4569668713372697,0.4687038623354758,0.524685953638353,0.7826249840686583,0.892529794011307
321,0.8194561757600614,0.8885856201463218,0.9074318475914206,0.6814006225538078,0.7038490974130096,0.9026433720898221,0.5603701867774951,0.32033357327439316,0.6346782781259714,0.7422442668739725,0.6794765446503384,0.8372037827920571,0.735053919596688,0.620376092454215,1.039295407242266,0.737450496744726,0.7556511878161551,0.7908661278359171,0.8579257678644675,0.4617726835044428,0.6479992901663496,0.6020234423367323,0.631515946102506,0.7832153339713351,0.7621911118782132,0.8440518193297857,0.6653836361257013,0.7077340443753839,0.5752219137713548,0.6017813059011463,0.6637192049119727,0.5636234105091447,0.49460626928771534,0.7981125210006468,0.7402801193319238
322,0.87267155664369,0.8727430588593806,0.740619007172399,0.5939721438659988,0.7044014532715869,0.821604062504539,0.4010202970499786,0.5699034921788548,0.8331773430010233,0.48374967340884856,0.5062100416378945,0.7662459486002022,0.6508940388615272,0.6853817852543189,1.0985709359177949,0.945521934006891,0.7583083534621607,0.9512741417345497,0.7217131771660195,0.48299866896233257,0.6098879356911939,0.6049598529632172,0.6583584971461818,0.5680534214428687,0.7332726194080343,0.8598109012287771,0.8715989306590128,0.4688105168895942,0.6639283774663769,0.6183942737829455,0.6596216871120416,0.4136327052218999,0.6949179497648552,0.6531706196385451,0.7900310819017927
323,0.834380831160187,0.9154523579865548,0.7024529305958928,0.6367712050635088,0.7259529360360367,0.7598438572694632,0.43217855459126153,0.4439762957481176,0.8706229577921445,0.6210190179865407,0.5045378571059644,0.6545098354837393,0.7070491578697171,0.6629404677011446,0.8631252262760682,0.9200479197808699,0.7705185009464879,0.7948686895109165,0.7722464693852559,0.47747031710939025,0.5141198746467334,0.49646498614521106,0.713438022763018,0.6661599690435571,0.6663501782872461,1.0601254170258896,0.7494796229936267,0.5401150025667375,0.5707386358648819,0.6353117310665172,0.5813923531078536,0.5506352801133413,0.648271219295991,0.5786890318075802,0.7631002833824181
324,0.8564464108673762,0.7611534725871024,0.7698316003410283,0.4540569225405199,0.7138403002850471,0.7135885662723244,0.5697486034807727,0.44588446367180745,0.7209492445062653,0.6475980959648002,0.5590575628860441,0.6183141501133838,0.6306639523370232,0.7618663469063981,1.086900491011963,0.7342943839434127,0.5223738776509379,0.7371013016927922,1.013379899979748,0.545260698836876,0.5497401012275487,0.679790347365592,0.5067282812007267,0.5907898388387903,0.7905010494404984,0.7572269529589727,0.7067606760631526,0.4482125856968111,0.4181623389812459,0.5883226374721626,0.6761830467021474,0.39450183983221876,0.6868353421840384,0.7787926991496282,0.785320113826361
325,0.794825627750408,0.7520908613430761,0.6686270614950187,0.6657040563818702,0.5951486518803926,0.7968477665141176,0.5335688005363355,0.5135493814823854,0.6908457628088545,0.6945894838263672,0.3912535034039124,0.7177832405194895,0.7439168287483581,0.6172155369777119,1.0455006192606846,0.8498249730547409,0.7530109464518391,0.7073402791538295,0.860530982529222,0.4461835572794169,0.5587395815570109,0.5939469012076685,0.43156260649363776,0.797775757223079,0.7135918494939634,1.001121315770563,0.8271018142011324,0.5987674948532453,0.6037543190078759,0.6048763455922943,0.697556142330934,0.514794383834864,0.5254565109401856,0.6307061198463992,0.7542422637302134
326,0.7371303478130087,0.8579305571408417,0.790826415111589,0.528095787004437,0.6684146350827986,0.7499832242789617,0.36638684365328766,0.6852346005963597,0.6555556033632695,0.6198546742344038,0.4432288374797774,0.5448240386943747,0.5167378761747616,0.7226223394162485,1.176965316362714,1.1276660485033192,0.7112297825645268,0.7409300656896867,0.8865436844558736,0.46749394281429457,0.5983590285872608,0.528315927228731,0.4861427183280661,0.6765324485627234,0.7255465777797391,1.0111621552521401,0.7681109680099661,0.5677287031873083,0.653509977241534,0.7827672786154001,0.6730385520648619,0.5041091147428749,0.7375486887766152,0.6480520109704406,0.7425300964987673
327,1.006871124002984,0.8241349328581205,0.8466058121077723,0.6000598572912935,0.4703460535100889,0.7355896001998494,0.5313342189282266,0.502342858640917,0.6647724907089219,0.6932382140839844,0.5718694355818937,0.6263502117861801,0.644876829363735,0.8440550700293044,0.8782482187466989,0.902351670297179,0.7012668132752208,0.9541089070438896,0.7021879637857257,0.5624499991209622,0.5206740759035637,0.4868943043123274,0.46378404106258897,0.8641524757534507,0.9938982334762569,0.810072666364765,0.828344821692038,0.36730027921035974,0.607259286630499,0.7082445278730087,0.5383497868541909,0.4098413052227804,0.6649307199137716,0.8011410686532348,0.7823778419997998
328,0.8432035197728993,0.9340121226512816,0.6185507584617116,0.512239880794571,0.6314624297687094,0.8553218505693146,0.39748624527357523,0.5762330497982421,0.8010528400564617,0.6669839886717623,0.5630370381286972,0.7204568053733957,0.725190902315981,0.4843390163800825,1.169676288774188,0.7159435346142453,0.5589434226167924,0.7451365089437293,0.9106892662640833,0.2986031214479047,0.6009774687307846,0.655429670196281,0.6214227550931349,0.9825425404130329,0.5783502985033463,0.7725476405226386,0.6793860929862535,0.40751759175333335,0.3977871785210769,0.6141391366350137,0.5312950298036799,0.42105587088188834,0.8035674139023464,0.7313438731376204,0.8824648219134053
329,0.7023700077796529,0.6603229037196472,0.6989180080886175,0.6755147018594551,0.7205838226110058,0.669957378943662,0.4238916400927247,0.6694517625858745,0.7171393995003017,0.6034638482221151,0.5078032497836048,0.6739603730257924,0.5176544582465955,0.6096487236477588,0.7230366439040969,0.6723847137306762,0.8357228287344252,0.7815700073485129,0.9096894549763723,0.4953188410100817,0.5237048704123611,0.4463568833358629,0.48503625504501685,0.7244805147226702,0.6770540349564859,1.0547132753590858,0.6459695341672986,0.6031740619371969,0.550524481155799,0.6680406115802875,0.4366446777838128,0.2714596768524062,0.517291750380604,0.60464930935232,0.7502000482095026
330,0.9454909193666156,0.8486222301596678,0.670467312892664,0.5054289886985179,0.6416323949863378,0.5928846042571057,0.3667411355315236,0.6149355261647496,0.8027266530155204,0.5769764693088493,0.4143571406354884,0.8261219299855458,0.7290403192111938,0.6294813990016221,1.064286386658707,0.8262055388953651,0.5799379691477144,0.7170691411047758,0.6762483917416519,0.40031923295176575,0.6701313203004324,0.47566652366155915,0.6348172869346308,0.6178802849598728,0.6976450616329342,0.9879197029579289,0.6679193334759291,0.5736744321880547,0.5970811014914119,0.6955317886028456,0.6653127427924579,0.5794728202613743,0.7224592982668057,0.6499889944529927,0.799996721810093
331,0.8789145468965645,0.827346449593904,0.7120981826459439,0.638807189945434,0.58865271536442,0.6734083860885974,0.46718387793826993,0.359427205603151,0.7835657928707989,0.6456800159717918,0.5495038610522496,0.6861635700325486,0.7992868208480373,0.6835556764124575,0.8093115699916066,0.683393230566563,0.6548427077670991,0.8070953508932548,0.6810473506731213,0.4218321854310445,0.3870238402904308,0.5721288443741722,0.5981276860362887,0.9776887110898538,0.5659062827252461,0.8926007200506638,0.7111862564556434,0.5967019929216912,0.5814003704173752,0.8150254428812151,0.45293482651435585,0.38964271334929473,0.39624354838057774,0.5537077275970557,0.9099026764629806
332,1.0174816109783027,0.8386911492432769,1.0099899835144286,0.5142653810787361,0.6357997149330383,0.6176028582993013,0.506419491511505,0.5947899046665881,0.6805454610366679,0.7183826670784731,0.5817430918405048,0.645132440550293,0.6816530777047318,0.6469489929438033,0.9082792291827962,0.6712875446258562,0.6094299803711466,0.8910157653281,0.6761024527562669,0.5101869124716486,0.5908328399358039,0.4782848167467446,0.569057508865785,0.8194366849852759,0.7792165047671196,0.9304135164999141,0.7920671689037329,0.41658429839255273,0.5489826204909154,0.6150971896107373,0.4653636611191776,0.4290127719391763,0.5444405275026261,0.5894646019046248,0.6706019117173678
333,0.8119904160216436,0.46118589980484426,0.6683893178185712,0.6066021443030799,0.788345884952626,0.4468861076383253,0.41971594111251226,0.5621736999176998,0.727224396795312,0.793460093368349,0.5236989532900769,0.8260865170965488,0.7757503520458104,0.5855419061196163,0.9518003762084044,0.85168773627572,0.637590634464231,0.7701008047048571,0.9586407706949138,0.48061173120545236,0.592166994329894,0.6261735483129205,0.6106919206938561,0.8177579866756102,0.7804836555168647,0.999149022589073,0.8418334218435358,0.5265012634132171,0.44411061529834417,0.6330167206942136,0.6452163987165491,0.5173481735119396,0.5302796850706322,0.7103781499909284,0.7303323854918875
334,0.7768984868042687,0.8533751408966019,0.5825299873011809,0.5560409050818389,0.5349679715821255,0.6116286481723543,0.4249076690152312,0.4417098519725143,0.8277010308011097,0.7666310106337766,0.49295787181944395,0.7777675064736802,0.538643755809197,0.5013007906369185,0.8223771476500944,0.7229178128802558,0.5161902794942628,0.7115135854689005,0.8185527430126818,0.3613372429712668,0.5737604347916043,0.7127436984703126,0.4828542814149978,0.7372055329785384,0.5214598547448059,0.7254797076603624,0.8343195402891589,0.3392552220773072,0.5004544141557585,0.6773622884767211,0.4237815866907909,0.5212036941620704,0.5988153372785726,0.7162125876849066,0.5858458997745909
335,0.8353823338827462,0.8999828532558714,0.6149446013025349,0.7359275982434748,0.6438422645029338,0.8091835932244396,0.4814326854363338,0.8959335860060085,0.6693727274062816,0.688336000987837,0.6238226023489374,0.7561888039074077,0.8069934871911588,0.5359505246680147,1.0778413596874927,0.9731448742915365,0.7944827222892554,0.7653284248292191,0.7277431743170759,0.42261528551791205,0.5365796305118657,0.7918312970941761,0.5913443137231266,0.7621633064335511,0.6365147098485339,1.2191317853576922,0.6823174508608316,0.5366209710209775,0.793830489867168,0.7851410941331236,0.6461125717542905,0.4724922192682146,0.6207441046353691,0.7645326228744805,0.7328561881138171
336,0.6641404444543484,0.8114838375044959,1.032319333388019,0.481321626611018,0.6137636651907028,0.6139532030944136,0.44588595955799953,0.6656696875910767,0.8363359420223591,0.6367624404727525,0.5301994426459409,0.890915184246676,0.6494031660945159,0.6630341257385832,1.1377497336215556,0.7201129260548818,0.5272852393130298,0.68165424447558,0.6332467506522457,0.4868469474384628,0.5595869679755997,0.5413096567265228,0.7932407179634233,0.9102857223584548,0.6437958840647359,0.7509640384670611,0.8384607532642587,0.28681797784497054,0.5300166454285298,0.5286505710364531,0.5559290252227997,0.5975511431408029,0.7276234862959567,0.9018736105902478,1.002692289455358
337,0.7427847233354453,0.8896327770833636,0.6053471822640353,0.6026436178266182,0.4153851070087323,0.6993543670416222,0.3870540037103082,0.830019460182142,0.7716664783419518,0.5719282530706343,0.5241067557896024,0.9624708137006539,0.8588459464267657,0.6591735825793992,1.2904794253067744,0.8161566257263997,0.8061113099853614,0.6322655958910663,0.7074664579788058,0.42599088145924324,0.6306444221106999,0.4945294697756968,0.6310917796058318,0.7971334065636217,0.6495491954689112,1.0274213162918264,0.7575907088081966,0.45565433206697536,0.7133288500968326,0.7056313255054631,0.5783008643259693,0.5263367719308978,0.6395768999746398,0.7234493899312207,0.7830676075785605
338,0.7233404551837304,0.9251674628862235,0.526492957943339,0.5482014732417793,0.7551996145065942,0.506276554589186,0.3581861842402776,0.6977383254798426,0.6667025878143835,0.7041131632892292,0.47138858079133983,0.7397423763558698,0.7471847921451489,0.6198195188652151,0.9883707017325345,1.0247547590647073,0.5432731092610333,0.7487082183261968,0.6848795444144222,0.46159307153682083,0.6134962718802838,0.6331803498166598,0.5844831542119726,0.7957396673478434,0.5368282069757144,0.8687511825294787,1.0162586536213598,0.26389659234983653,0.5160371141528839,0.6403089361368335,0.8048153284570966,0.43249027900061776,0.7164474115957928,0.8355648240248215,0.6663259360754638
339,0.848879593406864,0.7088831980320809,0.7630601943834663,0.6736521121903247,0.6055088186065676,0.6510654749516225,0.37428702592173296,0.7879551809185636,0.7200750468703037,0.677269162974671,0.5919432583756131,0.8263742476864193,0.8812559178973398,0.6571761005112361,1.1480424931619893,0.9068231616187882,0.8107901621687015,0.8127309069204176,0.6573227981941561,0.45816777820725585,0.772903972408445,0.6646076712907838,0.6377350490653277,1.0152789073811284,0.7972517871973246,0.9783927697211801,0.8108464753112572,0.462733516218108,0.5765078032641969,0.5920083724578071,0.7262531417532704,0.501843736267013,0.8208750766306712,0.6437204548619317,1.0502001946159636
340,0.7224705987040889,0.7723616203961111,0.6324619305873801,0.49065181916554246,0.7161991446675631,0.780496927497528,0.4803879012124129,0.832612944989206,0.5917515124573287,0.687280681125761,0.5222312538694992,0.679485730787919,0.6756394732117275,0.6938885196478589,1.1148104265742944,0.9873831677752358,0.5075870613619331,0.6032359313395355,0.9013624608363964,0.365015914469408,0.6757449622864484,0.7906579082786961,0.5461144574534703,0.6865492203065597,0.6550138318102614,0.7677109709404444,0.8968433025246741,0.47154222515419686,0.5216468792844502,0.6662039970347267,0.5281234744895085,0.341673227248961,0.6257064580978948,0.8179996222769607,0.6156688628801866
341,0.7665933674848935,0.7920026696922571,0.8128112303263064,0.5611635495875297,0.6280386016730933,0.6289549531057071,0.4356233554429234,0.5900368320474576,0.734247795675164,0.66719404770353,0.47879995429294014,0.7803734828980584,0.7240844586299583,0.5769143398191525,1.0498283363220242,0.7082045365828371,0.4795336496723477,0.6708776269555199,0.6495213248741336,0.42726436392123984,0.6599914026946168,0.535830923374375,0.600581428440471,0.7086448649711261,0.69363797832302,0.5736055819989209,0.7272460422683209,0.3951119165141816,0.5708598508298733,0.6875171341968248,0.5451448289343479,0.5716924603046305,0.6195246764434366,0.7705034468778487,0.9441956718310607
342,0.796585336846098,0.8570474978902152,0.8119456796616926,0.655222798349048,0.6783793755937622,0.6881874085137762,0.5058509330242255,0.6982838439235846,0.7132816570077355,0.8000364306875452,0.5544105525551133,0.6776031863787293,0.7188829040460527,0.596370664259223,0.9946261203655273,0.7556553005672423,0.5697593650819446,0.7116237250359853,0.958583482148556,0.5105693357891883,0.645029152123082,0.82354719305412,0.4048195112195511,0.631399320470514,0.6245270285813924,0.8935564369759603,0.8755876882050897,0.42346409928630024,0.725540545408286,0.7502990649896917,0.6574122394208329,0.5279885222967489,0.8808791521360031,0.8966210443434793,0.7314799857007044
343,0.9198911067560662,0.8006830195296735,0.8796004827667556,0.6031614956884622,0.6566787616887857,0.6707826596561193,0.3293477217275354,0.6509164665734185,0.7149554576895663,0.5467070456352302,0.5950436253297631,0.6949047273761045,0.5155104808372193,0.6516115252748451,0.9259338588776687,0.8903223810090002,0.49353454416941156,0.5795498505041856,1.0049291333819255,0.4984369177967816,0.5348847816126604,0.6486117829215415,0.4895923175747931,0.7870364286318212,0.682855722038588,0.9816226082253655,0.6807223786898218,0.40809014654393794,0.7048596903504976,0.47401523861496553,0.5760396697204226,0.5318937478314045,0.7309243053560617,0.8656709014125756,0.7437029667254873
344,0.9426841129563039,0.5763840331802739,0.7372389366337383,0.596139218183394,0.6580623272797914,0.7036222302411721,0.33823181896291626,0.5256724292423933,0.979247192366197,0.6632864487222987,0.5863040612865724,0.8820925831890615,0.790677704870723,0.6066548613463193,0.9713700047164786,0.7399813534184332,0.6982516841849146,0.8212460201880146,0.7527770035877448,0.5365219591565006,0.5175788572346589,0.597551705847987,0.7198179555060109,1.0458336665424635,0.8247880050265151,0.6582950835545145,0.7843418256588489,0.47118578090948576,0.7202823311384033,0.7030551533794978,0.4951746442928068,0.5194796894475515,0.5420091963875165,0.6110162937994206,0.7598971081254677
345,0.7437619891986138,0.4896921978602593,0.6273344900350466,0.5707658228844996,0.7514127076319698,0.5988921534279467,0.3680528988225048,0.5181971066200983,0.654464556990526,0.6351663363873079,0.5617801013562196,0.6932995459092046,0.6652629413942043,0.4470346755959089,0.8916647584670769,0.7383419007786534,0.534304717750825,0.5065135371006224,0.8009013232320072,0.3343457074680476,0.5732035533883117,0.6519648014222088,0.48747599123659724,0.7410771789829508,0.5811432904569209,0.7644969947876564,0.5606982877154376,0.4759892874771342,0.7405602703059616,0.6182932487414871,0.5260546655317904,0.3813073132634961,0.6074415136628618,1.1197971646363014,0.8395222161702869
346,0.8236795246727785,0.7255475254590442,0.8554398667910869,0.6868766133547173,0.93566610774419,0.5275725406389752,0.5252443739247954,0.510371007217384,0.9468581393925596,0.6405656083462143,0.6641427337577168,0.7876384860109069,0.8679245653122706,0.6482094791764439,0.8477675142221274,0.7673764519507725,0.5957535770777886,0.5061288222411913,0.8625471897102992,0.416880215108599,0.3756445920767174,0.7460660950305202,0.6871371666957202,0.8300485587481707,0.5574510948891356,0.798256855353616,0.5882606889085316,0.48485919267974065,0.610536645092396,0.7292228653402976,0.5072634153357971,0.6190282050810412,0.8381074678832678,0.9566172434844171,0.7439291047067476
347,0.6557809484971936,0.6798364358017279,0.8718013787976763,0.7219096414185926,0.8733603099424949,0.6012264066262719,0.3880992567686524,0.5356268819677035,0.9079849305458949,0.597527401917179,0.6679023518877641,0.8229979032501169,0.6947448074143696,0.7280073116820986,1.0022091668228585,0.9969698218807954,0.3811653183945527,0.6764905932781293,0.8851278450076385,0.4136880388592179,0.6740865132198546,0.7404574363211027,0.5763822488349861,0.8747607837737406,0.782324277374933,0.9858341179686413,0.5494243199277272,0.3729490057573552,0.717739276232134,0.6893276796838992,0.6584891056787059,0.4686095824425298,0.6379496479348155,0.8220495253223856,0.9337876172548403
348,0.8918509875791238,0.6272256700672357,0.889252016097223,0.5396487461285719,0.6825222470544354,0.6027378851051605,0.558484255581084,0.568070271037717,1.0540216363073385,0.589668137172381,0.5625290857533766,0.6203066948417224,0.9199094874761922,0.6773579192226066,0.9046492968209688,0.7696225618321517,0.42200732372226163,0.6986071306051435,0.7115078577888256,0.44562877604844797,0.6732954105310387,0.5785807913781598,0.7600210026650343,0.9516604937758173,0.7310895863473114,0.688541237445176,0.5136122245265522,0.43120795993792227,0.47540790939419164,0.6264372204899905,0.5003783184930481,0.6078535629766684,0.7015200105310242,0.7729869498661393,1.0187473841677306
349,0.9293381927254505,0.6361768877965712,0.6563427267691129,0.5422963181888025,0.7214441017429757,0.6001096257964447,0.35930763527875376,0.5550788248045938,0.7921894950896382,0.6358468708657856,0.6216399172451557,0.7161254106599616,0.6088656864768157,0.7815101210604296,0.8829426870802617,0.6693225282998199,0.46733637729255506,0.8164970000956312,0.8559339215788111,0.4815238370919275,0.4278912954154812,0.537542368288634,0.5682651953991573,0.9257983559160587,0.8878632000317628,0.858230619499206,0.7070887419336295,0.5343407416997126,0.6605721602314263,0.609718074794469,0.40382970037719845,0.4099996266203237,0.5971812222458412,0.550130271556204,0.9376162135711643
350,0.8799116938772763,0.6008372213937055,0.7791638120527814,0.3671471986309885,0.7011261071546554,0.7169121097743459,0.24825604800986933,0.6101758990807169,0.9154059443014106,0.23765037135888428,0.5038719867732152,0.6853782738903034,0.6036278577214691,0.5636869915949875,0.7671052625540877,0.902714695631504,0.3300205794667165,0.548064303799184,0.552243441683175,0.37336790566261213,0.49894442233686287,0.47342727541067864,0.5228092153038978,0.9455708125651054,0.6211460556938837,0.696343723561969,0.6176610918902321,0.43693389414697853,0.6238786186626939,0.6679137453700774,0.635741211676473,0.5730353558506122,0.6130257035658266,0.7558983568103579,0.9983836411220175
351,0.7400882875572365,0.5811314374615633,0.6120704880125342,0.6384257124489787,0.8815497406026047,0.6699454750442164,0.45638971741781614,0.7930598965831253,0.9400839624814354,0.7362850418391369,0.7218525894201149,0.6588470070111245,0.730345133109281,0.5770799190811067,0.8536451233680491,1.067455961148351,0.48483334258574745,0.572870692270198,0.8444834040769436,0.34825232429946285,0.6588637552689336,0.8277059884766498,0.634348559480723,0.8659405725195279,0.8364004188035391,0.8613900536972909,0.6154823954204653,0.4890414118465726,0.619724692620694,0.7050683555420278,0.7714407623987382,0.5663346110732934,0.629987402295639,0.7427028664652917,0.9700653655189607
352,0.7409798432451107,0.5050983837267156,0.698420561320614,0.3655763752223581,0.698118218954523,0.7158171942428837,0.4558564952667613,0.535245686078432,1.121559843211379,0.615817070385711,0.8190609066996617,0.7801455546020373,0.9303543718053483,0.7050437897234448,0.905597164956726,0.6343481370451127,0.5288518155959874,0.5301583455972675,0.8811665231020208,0.4209926188594868,0.616696175677778,0.6855577105482247,0.5547193293349728,1.1913598994091539,0.6943562806144525,0.7810871137265176,0.6024886923938291,0.39038345707358124,0.5990269514305238,0.7960834229884917,0.4909614444828956,0.443680109214317,0.49908983621824404,0.8910620594229244,1.0548792981861865
353,0.501787330453423,0.6559769043278965,0.7867999420529656,0.6619694575340099,0.9563708884320129,0.7958966427978054,0.4566499976259133,0.5914182720986181,0.9821269557962393,0.38040587156943567,0.5351180110163913,0.821806897977529,0.8402765810691636,0.6945780150033267,0.9959269090539566,0.7113646317960265,0.7013581887111038,0.5070949840416312,0.7857008647592524,0.46633871177197384,0.6011259837454721,0.7783019518232945,0.43391245995179234,1.060975724747563,0.7212653120029936,0.7932217085084478,0.6458091704070166,0.3044666493802305,0.6382773783106432,0.8796718276330339,0.500133431807763,0.5634718385790327,0.5810030005923521,0.7221263272897072,1.0254653780826977
354,0.5788360365544528,0.6558688588429842,0.9384231141890136,0.4703568460355254,0.5245075276159772,0.7252250075983685,0.35883417133266116,0.5373099805988995,0.751791292157157,0.4827852910439034,0.47113950206965816,0.5166691215424425,0.5994130505418378,0.7275814831044283,0.9247184827792909,0.8546056846535766,0.5388218583170538,0.6243921326111259,0.6171688226529619,0.6061019786094675,0.5417226108975766,0.5840500771492964,0.5057409883463541,0.5825861991723384,0.7299278013917263,0.8405680640696489,0.8243825499142013,0.37107136951436515,0.5592715931663134,0.6787252167364984,0.6320127884867448,0.36702189269557794,0.6676700192681159,0.6329123631104765,0.7599371851517847
355,0.6090164250723619,0.7705298722090757,0.3243208613651215,0.6471717933485606,0.697193604797889,0.9108980757735423,0.48692691455712217,0.5325936341798557,0.7100486440910984,0.45762522308720466,0.41958457708766095,0.6812719599346606,0.7460587369923828,0.47932564873098493,0.9000026570263964,0.8160311062337895,0.5554287608568971,0.4522432568739877,0.9452382943344546,0.3165054230178077,0.4989689066767772,0.5913012191547324,0.5288897797793339,0.9433749927909476,0.4785332704008376,0.907503521044082,0.6788455444190571,0.2943938601232181,0.6449683575812366,0.6814552402356782,0.5650340367987272,0.4345046358733292,0.5583318093018025,0.7566579435300709,0.8461355696735675
356,0.6746460238405028,0.6825695855128333,0.6505264591039861,0.569780176398951,0.7419042314128745,0.7724455800177579,0.39265613843626085,0.6025454392144249,0.7765341114160503,0.47632597954349276,0.6347091826389986,0.5062260711617833,0.7174397547395815,0.536873174506972,0.733313714227243,0.8499290334173384,0.7205625672764332,0.54198956856391,0.8245413594194444,0.4492551829397931,0.5943760142962561,0.6100925141610638,0.40510205887041656,0.5669669712563951,0.7185859858768823,0.9958513993038915,0.8046364383995578,0.48815907937868824,0.6954567632425953,0.649389769849353,0.5588331437110317,0.4402333719263653,0.6857787720490273,0.7809989388037707,0.844947279660524
357,0.7961502252983346,0.7359514169076518,0.8076138660360936,0.5974076304093316,0.831391714482536,0.887232770147129,0.4335210793845069,0.6231886895728311,0.740279427521141,0.40325477539952465,0.5587670315992759,0.46447760887367234,0.6881570950204909,0.6247246532986164,0.9087831536059913,0.8880791736361295,0.7718273167827481,0.639714664941994,0.7784401424205308,0.5685893928805601,0.6423110859672534,0.5601075672590854,0.4301407990906948,0.715451434899242,0.8189350548825551,1.0120652188088448,0.8731933151312212,0.366679164431875,0.7272136676662938,0.7345354302666732,0.640010128219685,0.4975978643182404,0.7123040639003948,0.9107690524734083,0.6323863590545079
358,0.5771676086726876,0.6883589180687382,0.6706235745959347,0.3514563418772777,1.0136949389456051,0.6853597249762818,0.4252020261576554,0.46250079931577937,0.8428110845212716,0.7776033168939922,0.6477613407733819,0.5514488218375055,0.5785448181692143,0.38772290421751826,0.9025871185252536,0.7486321459513896,0.6402619529990347,0.4534703165322854,0.924942692049882,0.38339475094470676,0.48031379789503476,0.6978590674134917,0.4084532823670877,0.8385128408755278,0.5467601004841143,0.7020607282148102,0.7048205989778185,0.24878970652433804,0.5836578307128324,0.7484676453524615,0.6484111697270972,0.5022707241628632,0.5527133516226097,0.6814681282505315,0.7612885872550872
359,0.6214882758573584,0.9691114117600272,0.7236690610951442,0.6242147470121048,0.9975708334704401,1.1644027629209026,0.43975812403851744,0.4329277977538792,0.8497150923825433,0.6445200378874196,0.6300498054039868,0.5309650768961068,0.7592143463452461,0.6609534972059237,0.8968122605388136,0.8964141149012945,0.8308131657553947,0.5457348056641249,0.6158080646525426,0.36918974513895525,0.6429329114318036,0.6969901401595162,0.6250458818749893,1.0743841397367326,0.4703623233880742,0.698788092892494,0.6779979405543091,0.37023541243390146,0.7144781084118506,0.8880417053661525,0.6502089251176675,0.5615256068068977,0.6415868010028452,0.7816830695139656,1.138426485042419
360,0.47981386066714504,0.5105333320753765,0.8392533170790785,0.45932210071962176,1.002083868748668,0.6470141041954692,0.3992993438221696,0.3345456514519773,0.7951999773742061,0.5464138144397053,0.4606217661551565,0.7291825169688029,0.7280193701451825,0.5658961595199287,0.6697185132229273,0.612296059660634,0.7094483536564846,0.675147034087763,0.8369893497057717,0.3620539580936807,0.46562887022623456,0.6822320427678374,0.4162927362605424,0.7416588293994446,0.5774014544848567,0.8168103559340174,0.6964364426207199,0.3117872124165652,0.5190079634050656,0.5741230267664074,0.39744358702564236,0.42127408095562147,0.5346094752348014,0.7415321881117585,1.0026008454283941
361,0.5714160041302089,0.7881773802818244,0.8081987140142528,0.552597505414518,0.904490014723865,1.0159218888833088,0.4715677826096157,0.7169192863401646,0.979570572653959,0.7619100394624547,0.6405429512957824,0.7815869013871599,0.7664218576289614,0.5699234581351994,0.745535797981162,0.9470931470973423,0.6608127068325745,0.6065127206986661,0.8223934874126347,0.446806013614486,0.6175529947698963,0.6434577287938175,0.5842714564037131,0.7807080979933223,0.6581936560988679,0.7960663746581216,0.5304945014203298,0.2688402553314274,0.602673956154486,0.7602011593359049,0.7304175004138727,0.5471589905559702,0.7100027464322898,0.9272130271061058,0.9470175691816356
362,0.748807760101795,0.7373790211889151,0.8011315477075702,0.6970612665165916,0.7817350121694077,0.8708348452088168,0.39840925306758856,0.6714976696731745,0.692058235599009,0.5989242240972807,0.5264489142549198,0.5712700708706178,0.6166546012545568,0.6549682951413094,0.8599002039418251,0.7702855752367654,0.7329506795404536,0.672588962556356,0.7330006206504849,0.44238402446224256,0.7119629748623008,0.6084711652037357,0.45609798615783237,0.8888737952064395,0.5526769290318216,0.8739618428650962,0.6856167037813855,0.3459385886559081,0.7337250091424372,0.6615087643487567,0.7561313980800487,0.4860638949924496,0.7416871114848251,0.8705758933751289,0.9089332430048765
363,0.7544071279160957,0.7989980831028187,0.7258525726649662,0.47932029898659345,0.8591456551135797,0.8666149824163193,0.3676866445390309,0.32398428918762767,0.8996929481791999,0.5358104962963885,0.5346719522925882,0.6093077809314866,0.6304213665736589,0.6791255233676871,0.8000515646662575,0.7097445595652868,0.6014125051035419,0.5302828558434639,0.6315353735545732,0.4455345745685867,0.5517819131655256,0.4846475758596798,0.3288236016509374,0.7124993510594493,0.6412447866635698,0.6904124063198132,0.7963660116120227,0.24745995771259804,0.48874756446449535,0.5616923340900231,0.5656911451823572,0.4884501108875993,0.7185506128763577,0.8531669134844421,0.7874276569710963
364,0.4739973827385442,0.5803920283428541,0.627048084468209,0.6828465100433098,0.8888957850183781,0.8416071680982868,0.5532568276577424,0.468455525736976,0.9504831200687627,0.695029420102349,0.7716563408490171,0.8331982919647425,0.5074517547950935,0.48639895122721655,0.7613187781670858,0.7722724992001717,0.9143541641441395,0.4477189866574153,0.8404234085688087,0.37901129809311007,0.6059426683288138,0.8312108489153783,0.37890833600606805,0.8944816981611574,0.5296920744846949,0.9648933304651043,0.8136634984057235,0.3633151706659656,0.5787864712629902,0.6601380310124535,0.5543738955837287,0.40439039826941503,0.7011404765913105,0.9145809865522685,0.8025563433410708
365,0.5787166789378269,0.7930397134196963,0.7902027956946147,0.6170086926218517,0.951416174432349,0.7702727964448759,0.5811289996319333,0.5035171570144016,0.9180317674474251,0.7661616367990979,0.7381624256540466,0.6762533049266378,0.7515952328999908,0.6142144854579563,1.0045909207726174,0.9131215782058488,0.6225641069921946,0.5711849044192974,1.0276543214846134,0.5246130749059721,0.5814512594135773,0.812530617822335,0.559582531050681,0.8000979632890663,0.7883279223148826,0.7679074350804228,0.7692785163167067,0.5047981687143096,0.6079842388170272,0.597914324800588,0.6635669565522346,0.4837792325491611,0.8171723028843532,1.0413693613702446,0.8661691278922641
366,0.6551864267435349,0.7028860895350589,1.0951118128921045,0.5824642928643192,0.8901003795537235,0.7754235969585231,0.4171312145662106,0.6310316145698204,0.8310441142312381,0.7303418407609353,0.5809452589556188,0.8649096921307007,0.744462632454763,0.5371514254575438,0.8996986774100075,0.8640176672011277,0.8349990115090546,0.579126168650038,0.9205517746669065,0.5272549289919685,0.5865756773037147,0.8226961890019822,0.5372363862718801,0.822839352865083,0.6639171126436249,1.0956839152854796,0.6606687043455002,0.4029943419388618,0.5257214146512394,0.51276589260338,0.5442730866263492,0.5005539309745991,0.7773908963336057,1.1029375591490789,0.9222082659689318
367,0.6314607640070714,0.6982997906857844,0.5613349209875238,0.5796598109704305,0.7944597029230236,0.7060531257228866,0.27715501325526753,0.4125773002293278,0.8756762113900713,0.5625675408065889,0.5494876694012854,0.6603481155006805,0.7389962183099169,0.5202769788393291,0.9755233486914501,1.1875211852073826,0.7082473782267489,0.48020571177780064,0.7554380293483547,0.4007862499878674,0.5455088850589793,0.6829087562186427,0.4572836547976728,0.9805056714107583,0.431215121868076,0.8956363192485519,0.6881549949041819,0.45856036868164746,0.5497250715077332,0.6589212671997347,0.5967362521102367,0.5221156618148065,0.7484170220365252,0.8316270243118262,0.8473901096166387
368,0.7940161140314275,0.7041573818598253,1.0052650434722281,0.6598137089531999,0.8438448402944176,0.7762918108197472,0.30209156462959075,0.5336199495317999,0.9144228744782722,0.6291171736407589,0.4989475235911664,0.6615812916683661,0.831386224072647,0.6672457768095548,0.894458473769821,0.9196504830600363,0.71376874571489,0.5882155562732629,0.8306865419573168,0.4415052165827758,0.5921354684123803,0.6447119438733457,0.5245159362029199,0.901218522586052,0.8018980548664443,1.0357264917702567,0.7569541170503438,0.41981183313715265,0.7555610957211734,0.6813159224939856,0.6539357618131686,0.49520094164508327,0.9330845739549682,0.9875228203846323,0.8010432185744985
369,0.6127634951642517,0.6807748539306351,1.044019723627731,0.47671320452872995,1.0237188387081286,0.6879831996788562,0.5450114940984249,0.4961942730379404,0.7892842370680406,0.5976505488823656,0.6572227948830046,0.6709224198088324,0.6890356068758646,0.7489915860971577,0.8743012168145858,0.7292091259566965,0.6961608224903426,0.6762335391244845,0.847951652527535,0.6098902221679265,0.5807524909956205,0.7826940307526897,0.49676818244694876,0.8032998574486295,0.779865295676955,0.9626218994449474,0.7268800885654292,0.20108622357362865,0.5759047311828203,0.5486829873305854,0.514971374047593,0.3015526780583754,0.7782816721819656,0.930622378340842,0.96152466489851
370,0.8224171361511795,0.6668869712259972,0.7478949403195171,0.5743749060292425,0.924775298798113,0.8687730994124394,0.378786720272141,0.4716525546405266,0.8421071815272558,0.784010973478006,0.6948082532129054,0.7279261215956196,0.5278104384833031,0.5675978929937593,0.9369726627618893,0.7792496615576838,0.8100270373574829,0.5430429545757391,0.8828125520634086,0.4999647449182586,0.4674804513260176,0.9013278000161664,0.3865612595219232,0.794696472245625,0.7160438395474058,0.9223311860683827,0.8319712957726102,0.2750022288727466,0.7086550610349603,0.6017072684761873,0.5799030422445534,0.38587266498776807,0.5905028374452472,0.8787673727634985,0.7192058091878988
371,0.7255394241086759,0.6616404026572347,1.127354943870265,0.647759223051779,0.7728638515979593,0.8984613387005593,0.4628262932977071,0.5827174024222836,0.8503366248428819,0.6048595840818328,0.5963559783877783,0.7754032986367667,0.7137866653960778,0.5941660573596876,0.7929288743657217,0.8590771679376321,0.7913054384616979,0.7123086065590938,0.7017028035798702,0.5804943110062879,0.5526731763038317,0.6612192170735871,0.4084489906724989,1.0260882163959049,0.8514560302375198,0.8251797524735971,0.9640164460403693,0.3217770318769586,0.6292397894639818,0.6520756182649761,0.4302793825367337,0.46435568503176305,0.5887944610107771,1.0301009523010909,0.8319577095761437
372,0.6959747359279953,0.7865976542917061,0.9704979639989844,0.5857307207062737,1.035733923805493,0.6890083383585658,0.4849115912547862,0.4071519871272968,0.9195457554030382,0.6718596698478636,0.6161535105472704,0.7831842820096819,0.7956501365732119,0.5616033529440458,0.9389642378498018,0.6579626402604023,0.6366469120000957,0.6310640264515232,0.8635365295208917,0.4664698312997667,0.5582726492472823,0.8641317345676731,0.5128763493456707,0.7635991127158517,0.6230716169689485,0.8603954568153218,0.7108323878160293,0.4084967144717954,0.5206808385568081,0.5495757648108881,0.5575937930828351,0.48776968401238413,0.7880894698927059,1.115820127805582,1.0058942929518842
373,0.7645603574343192,0.8985498621442769,0.5788416981524542,0.6264106472177964,0.7444186575465451,0.698324543378219,0.3573831359309292,0.6271587797977212,0.911541863626528,0.5197062678677491,0.6176319636374448,0.6808029261117622,0.7651402443692712,0.5258571430436422,0.9593594379366,1.0090010766104551,0.7794189511654889,0.5891376623427567,0.7486295410897091,0.3311340267097066,0.7176266365274855,0.7576705671336077,0.556644061873128,0.9195167408583295,0.5370712182054258,0.9705553316340817,0.6582905829871865,0.24045054014708334,0.6727484591751351,0.6188874672884054,0.7548859860732722,0.41364644061686145,0.8126697256025739,0.9910752488474972,0.8408855650324154
374,0.8035935161567782,0.9566452022673404,0.6912585979745202,0.4947783851109593,0.9109125020270821,0.7799248386565819,0.4063312192026418,0.5328726642224433,1.0635281787567585,0.7010549705802338,0.6299663600863541,0.8684669758654577,0.7010116978855438,0.5895551823382881,1.1042120862917109,1.0658542051171263,0.6766615689941404,0.6456603164919049,0.6617235885113862,0.3914809990953288,0.5941372490009609,0.8034269586989112,0.6787251671880512,1.122954568316355,0.7151550323262387,0.8111676293544198,0.8505753796321387,0.3534505291154334,0.5466120708947875,0.7201716874641355,0.5777267836637601,0.5838518747558645,0.7207633446992541,0.8682755975492487,1.0096452783960457
375,0.5482390413066869,0.9998566440760631,0.9076075439088351,0.4390186042183039,0.9045520420108915,0.7638233886107728,0.39403137686258927,0.5285546272904451,1.0258907822462586,0.74643476420128,0.70997114655186,0.6554195103783018,0.6796417562401403,0.506203997424176,0.9168452052049881,0.860614276783471,0.697281788305371,0.7236318696328599,0.8443933958064538,0.5406694944466139,0.6815711039139891,0.8481346145880886,0.6315005339764563,0.9110500436548836,0.5891339367487141,0.8089808298356536,0.8107138896889573,0.2662653585762585,0.45035104058948827,0.8026385720980551,0.5446764844870398,0.5984595975392194,0.7126128266893519,1.0626951180743862,0.880619595165747
376,0.7087547043568093,0.964850858579736,0.8046032350324752,0.6210049531226466,0.864308301750092,1.0512563372664072,0.2658092927388205,0.39883391269620594,0.9613115033099864,0.6866500973216509,0.6395061314721615,0.8046167730479635,0.5353924743503001,0.5555782588437979,0.9071027007029244,0.8488099285553887,0.9686606132712319,0.6435490044237422,0.639242985195676,0.5945606313814038,0.5765432027128876,0.6357450784719887,0.4262025162906793,0.8280942151462374,0.7591618105264283,1.0289816506595135,0.9154367233050862,0.511967871631127,0.6740878956505857,0.764231004982457,0.5661080213244032,0.4856316576319367,0.6933471062629935,0.9760931019732416,1.0032851448714712
377,0.7364587470863762,0.9583158774206436,0.8530644305262213,0.7059587300304121,0.9995845460930579,0.955917695242742,0.4416546904064915,0.35344264147721605,0.9465068958881285,0.7135753273048933,0.7744707434674527,0.996181932908432,0.7179341908846234,0.6141616507666676,0.899967870132962,0.7270393943480182,0.8478500769700005,0.7943656588091352,0.7917500010092127,0.5436441958204248,0.481384110180374,0.9158922729649159,0.5898421558639095,0.7144667824651725,0.7591674849166501,1.0716544319043018,0.9371290986010639,0.37018627578845065,0.7569775694362995,0.9230007505928992,0.5905348508129618,0.4580273558447582,0.6236190985297869,0.9742269723264922,0.9954742237357513
378,0.8297521662168218,0.9278609148066019,0.814935411542473,0.6000809074328541,0.7941939781772702,1.0032926130391078,0.3820162386919046,0.3839781293092898,0.7684463507855983,0.5855740917844481,0.5987961429490727,0.8249993273900081,0.6829690972314407,0.769197581664005,0.8772241553465112,0.8221966654932185,0.7598137983495035,0.6975738966991698,0.7628275669183306,0.48525171977394943,0.5004473449225721,0.6949717835368783,0.3307915427009146,0.8555017289462115,0.6636345725635358,0.9820123431511233,0.8665007932655167,0.4558145977533598,0.541281622711641,0.8395432444986443,0.5690123926546119,0.42203330243432924,0.5882466936387316,0.9229482940468414,0.6666018851626001
379,0.6370487466224608,0.830347988011106,0.8426254234793291,0.7071546537698885,0.7446836143981582,1.0081717200089488,0.444817905148745,0.26622051282822645,0.7401851541399653,0.6115611413401351,0.5519550966500751,0.7252397526909484,0.7910609918795074,0.7007288986325941,0.7192346880386826,0.6897834639565826,0.871685397668029,0.7996938155869899,0.6470830404765263,0.35572717514590474,0.5273983933920535,0.8356950594472594,0.4233080779323706,0.6510269356495999,0.8139433175146105,1.1358480230885897,0.8150240250595991,0.46323837798959017,0.696691793357925,0.8814116045018001,0.46770484120228184,0.4912519854974703,0.6874097508354136,0.961600382508977,0.8127315597691207
380,0.7939500116789338,0.8805217981567625,0.8121522030318623,0.5522951245937303,0.9790155287243975,0.882258915934081,0.43838040762509356,0.2300478100851298,0.5105108173523996,0.626144203020593,0.6813156246950447,0.7132966830487886,0.4512748615768739,0.6001633484965819,0.8171661411236767,0.8408236534862366,0.7659074368643672,0.6600512901109834,0.7222817887411743,0.48576128849532885,0.5317965294714679,0.7889124690784335,0.3127818128195984,0.6712150783204025,0.7638858965816941,0.9525006681820236,0.7527695808759703,0.364624013221177,0.5896615791020958,0.5681901033121808,0.5175597414675643,0.29281176254311664,0.5985672129962781,1.1266057279197412,0.6749067020061392
381,0.8411416355972088,0.8403379794155736,0.7271338091250243,0.5212808302587199,0.9896725761464149,0.6852680698700486,0.43248187096892693,0.21585876593713205,0.9048570604082722,0.6661802351310118,0.631052009464155,1.0589580408800245,0.5467906312055075,0.44201541186810267,0.6856344207929066,0.6750031435036293,0.5829182415946872,0.7198464989941151,0.803684078474141,0.40857992089461426,0.4126255961311836,0.9520105265663592,0.49339009027839675,1.0216271561169916,0.6355279484542864,0.6739433102358563,0.844917980175321,0.3046805245801941,0.4733843046460422,0.6147921947443052,0.4150802508026367,0.540017325645862,0.4445324935598027,1.1545372410407988,1.0452894360422202
382,0.9330349010571705,1.1950597108080019,0.9647183449996019,0.5025089137487599,0.6756578248012255,0.7292502632388539,0.3624725875441653,0.37801457060330695,1.0295675778383377,0.6096753733435745,0.539507285140586,0.8744351761982603,0.7303016349228592,0.7364757951260854,0.973841512328627,0.7790293171627953,0.6234170958027965,0.7872191582431263,0.688206354619439,0.5498961285359307,0.5407179162343706,0.6018443627932704,0.6808634989543503,0.8829224196107861,0.6929656167551803,0.8089981121940156,0.9693655227082908,0.4251545608924052,0.4318827520243317,0.6304315880245855,0.42585592965054747,0.547988603832841,0.6178672064466664,0.8821581080662969,0.986479847422697
383,0.7287284995474514,0.6351588377932046,0.9469074166617292,0.5782038083346214,1.0108219252411983,0.813600787684841,0.34593113094923894,0.30047079491106377,0.8056904080380933,0.6280010080894507,0.5771539609909979,0.8997272828678131,0.7669153766689115,0.4979197388990332,0.7379609804160583,0.6403866907288867,0.7191944806295301,0.47723069183202627,0.7306270817238236,0.4127936378705675,0.4696359786754494,0.6865128413584861,0.5709288576376673,0.9480769669707502,0.7022061527388774,1.0285195406052514,0.7468203862475605,0.46519251490165425,0.39104858883668514,0.6498926074238602,0.6247836166071496,0.6399155862859904,0.4596966901217142,1.0037146423871302,0.8737302848984088
384,0.6248346058727606,1.1668650517592807,0.6910469866706479,0.6670507527904919,0.9764532872446834,0.8527863147239247,0.3770033259696963,0.42071330391091155,0.613671371672209,0.6081734116719508,0.6563327021044452,0.7329850153138224,0.5633624177497862,0.4975272914401634,0.9295871273473681,1.018473219769357,0.8203627765689872,0.6719124832180684,0.79665518004127,0.4377269569849081,0.5898317866434563,0.6279102415042812,0.5438292904120565,0.8146264006804027,0.5698859179445339,1.0352108530923019,0.6881055535193934,0.4632699379243304,0.5251580296583245,0.5917489009556172,0.545977282082562,0.43822483353668634,0.763093547004451,0.6784256135059668,0.7989615511099148
385,0.8162263759891204,0.916064270109257,0.7171428498965318,0.7110207407787119,0.9015156523980925,0.687355882826169,0.25062102636793,0.3476659579565573,0.7480076151378766,0.5879685954925655,0.5054448290899705,0.6905590522972684,0.6525592359724435,0.5274224333928198,0.7848694078410143,0.7828237674387089,0.7730408052345039,0.6144868066056237,0.5025393760832719,0.3466920001317985,0.42258934121776,0.5751640823640221,0.5955665103542266,0.7264690001828444,0.603095516245475,0.8219708414120357,0.8782430458434967,0.4223576372055041,0.3255566277185544,0.6076332445311785,0.5413975901646202,0.4327958938740373,0.5555889631341382,0.7201174833757322,0.8259258177357889
386,0.8391957627477794,0.7014395147350319,0.6251551357439948,0.7133674106197974,0.8693948806134799,0.9375417564938742,0.42930991562171084,0.31089798200448104,0.7490651165984101,0.6466451641997149,0.539978362044547,0.5577768343140879,0.6156651539369316,0.5431631367831695,0.7710435593429179,0.6142562479070319,0.7461562325582421,0.5836096434448017,0.7641500493895583,0.37605455950096744,0.6511337063742451,0.808446068490044,0.4313629309227063,0.7624100450618674,0.5598981203013248,0.9328526460201367,0.8713993744500663,0.5421037813039267,0.4763873258825586,0.7952771760772428,0.5891214899047932,0.44930897805258607,0.6933116688375611,0.7959711212950624,0.6930225442347969
387,0.8178234987605446,0.7085453619095585,0.7988222939066275,0.6099603113999771,1.0043027693570132,0.9535673020807689,0.4884477781344593,0.30186463218655246,0.873199905298945,0.8336994356943064,0.5760265946904177,0.8928976972803395,0.7516917259896344,0.5460746001861585,0.8747708250431243,0.7514012653040838,0.8639907242640674,0.7429105318736839,0.8369755120623482,0.4803864753402505,0.397833495701734,0.841634786257091,0.5705433496550121,0.9575160173639156,0.6131586772793254,0.946279916689721,0.8049691013189801,0.6266135005786644,0.3819494192920787,0.7525310770409612,0.4970962166613138,0.522547268473263,0.5446922966951759,0.9938880986098038,0.9118535410401057
388,0.7822917090071928,0.8612280242787185,0.8954108682688762,0.6197609066324457,0.9228557337649536,0.7554964725558149,0.49109233395180707,0.4867670628071026,0.839590361506664,0.6249346202203616,0.6927710137273568,0.8043344548423914,0.880980060694197,0.5313641266862158,0.998675511802829,0.8855154454682341,0.5744912442462842,0.8967805053375704,0.7470609570070185,0.4182597890547669,0.5167681419253185,0.7005824254607065,0.5488712403855409,0.8396819927906953,0.613696139282933,0.737387647498761,0.9887166702430743,0.45844517645934385,0.255152469859266,0.5183710959506302,0.644372374388811,0.6501928548239971,0.6190023830417187,0.8846992478629194,0.8147584641885807
389,0.8526810127468551,0.7105876541235747,1.1161358033724431,0.4618680172354207,1.0789166050889363,0.8201088140992763,0.4445192310976026,0.43938638286631804,0.8274053488547257,0.7603897615822836,0.60784657429222,0.9734445542280477,0.7235280380822684,0.617372349699379,0.8554466399211017,0.6888600921523239,0.8596345908465518,0.7528137593244066,0.7550830352045949,0.5121922813520816,0.5906118246112808,0.714147301070619,0.5409571057027591,0.7989876415045492,0.7843241957971439,0.8813658995432329,0.7775734830528827,0.4698778717715717,0.3302496859261998,0.6791095833063614,0.6281804131527877,0.37100299304383044,0.5862943713280825,0.7282850733088736,0.9523358759231219
390,1.0671714559252683,0.7988134542367596,0.5498890210979104,0.5125023730922431,0.9790712555864867,0.866513488695636,0.5228994258224502,0.5933610750930489,1.0100365596399052,0.8830779787420597,0.6421104593448299,0.8578163215984103,0.7815501387189054,0.6011771706693664,0.7685610132327246,0.8498242072545984,0.6180832035271937,0.8177061001688731,0.6454159217034876,0.5673845042226493,0.6324367454841889,0.763216008969211,0.5912137703633,1.0391786452252068,0.7032486882379554,0.6378520527077807,0.8041611296256745,0.34062975578379096,0.49319388313861506,0.6810308257509321,0.6057482642702567,0.49085479528344605,0.6418141910664995,0.98437569761028,1.0419645133490343
391,0.8456738757578752,0.9825880715398552,1.002755999839161,0.7018494186112195,0.6473616134744993,1.0382082057345936,0.4784354582868541,0.6546317371156396,0.7737911460879632,0.6653141528496431,0.608085906598048,0.7157979203479629,0.7604000151536543,0.5453989749951906,1.0706618317192518,0.8536118180030946,0.7828881688900484,0.7108515259171351,0.8337561949055327,0.4929219893166539,0.6433087829156725,0.6752244547511395,0.6051301147899708,0.69374420652458,0.8628990521556613,0.9229265729524774,0.9619856796079911,0.5775424010608098,0.41869663643781163,0.7849053403973583,0.829103259082675,0.54604654964893,0.7052168060552947,0.8081767038129067,0.7704165461188954
392,0.8160005797879394,1.0034658297095613,0.7958329100069833,0.499331988845321,0.8576113234610575,0.6885615184159457,0.4649245126005556,0.5678821579762876,1.0688011909632216,0.6657721548454862,0.6081190422257684,1.0677127500076704,0.8070529128922522,0.5540400619139321,0.8494111254262251,0.8540197596863569,0.5602005316678792,0.6796676420401112,0.713894786367512,0.43332836003039205,0.7290606913314429,0.6347961408908621,0.7029808423980126,1.1183078466097318,0.6590326300280269,0.6251430368546317,0.9786042579904384,0.39304222020712,0.28441674443977105,0.6441757270492159,0.55674832066323,0.670431381307343,0.5880347427428532,0.9563788525069591,1.1913128387061858
393,0.8591443672520973,0.9380776501099698,1.0411028692984188,0.48704000204406894,0.911590420897965,0.649328332493674,0.3298926621773891,0.5215576569947948,0.7807226418948519,0.8118554993470033,0.5942849655762472,0.687456896877094,0.7112755221283145,0.6118238036673908,1.0054996084326788,0.6955980492407459,0.709264034665579,0.714456889898957,0.5544112105388674,0.5521747310164589,0.5077461116310448,0.5505151133289959,0.5019279435420887,0.7432691488558958,0.8999023094440505,0.7614592777233624,0.945031066605845,0.44393058304198996,0.48799821656873316,0.7423145507059032,0.6140925254168423,0.4973571510110818,0.6267618014614298,1.0319594179721867,0.8407380468659629
394,0.8941778620680993,0.9558347757366749,0.9890416417565517,0.5371825480445143,0.7984218747040462,0.9000980960231694,0.4822154690220053,0.7296704019001504,0.8573404383632056,0.7953546406316799,0.6510818468190549,0.8491464536732055,0.6224403791533824,0.5451601441013254,0.7412226677799868,0.6220352030427939,0.6401542252777417,0.7874389007772624,0.5516280584134133,0.5020930222712191,0.6347185563393001,0.6324600085536385,0.541257812218643,0.8408872225886264,0.7180048183285077,0.8978129815846015,0.9479625149541183,0.6046035593850473,0.43936118160773835,0.6790033238197282,0.7540910116182411,0.617601753519196,0.7789590985120497,0.8993721111785289,0.8571509768120079
395,0.729375297817851,0.992707707972953,0.854227769270743,0.6330889271894644,0.7778250680674161,0.9404234999700778,0.5189459615628426,0.7562201246191527,0.6949104372234455,0.6362273975937551,0.5194077019132239,0.6610774170912224,0.6358438404296891,0.694655758562267,0.9603414184984121,0.8516641551002265,0.4760593722277442,0.600224547082895,0.6410179841403605,0.46768863125502413,0.4980693088872259,0.6937559959000821,0.39285843980213875,0.7099538289126632,0.7404253730718311,0.9729079578176515,1.0652841596410194,0.6127955002012108,0.5408180280994555,0.7767909010224237,0.7317601719023055,0.31908456626214077,0.6621569051827494,0.8243271085455087,0.717421196261534
396,0.6548593555496297,0.8319857839055864,0.9382251696387883,0.472424139853472,1.000913231057212,0.8042419404636821,0.5013200068869341,0.6458848699967122,0.7412677490416779,0.9160275360061311,0.6611128534993054,0.8048786207595304,0.7013731854270406,0.5651897175808296,0.9453669498621398,0.5143798774984669,0.6024427194807833,0.7008775554492913,0.5689129545993915,0.45007837643531023,0.5194546392843961,0.9232032225827627,0.4897863123818058,0.827117235355055,0.6960496010199216,0.8990168382112078,0.8650546179341592,0.512954343418137,0.4072603072630565,0.5384484168744395,0.5598621862423125,0.4845266434144699,0.5774090355735528,0.9313690286508454,0.728201020910631
397,0.8872531518180156,0.9370122979244688,0.7841956953574195,0.5831801940229899,1.1463790254735657,0.8217316417492753,0.608437756348684,0.8312089058101861,0.7406164749325215,0.8198387038798148,0.7114266024309808,0.807602923967799,0.8609168348702303,0.5426358662157971,0.8587241228954478,0.8594594143789702,0.5446549309289358,0.7442505318133292,0.7079530066565692,0.5540944913431807,0.6280493797595488,0.8550771464645592,0.5220090727739821,0.7569200986474849,0.6138200323077853,0.830581480615638,0.8884548030674376,0.5977370105185221,0.4454497418634429,0.5368377186459956,0.6811242829532282,0.4397696840795886,0.6037188528830248,0.8757065667124309,0.7842540898613442
398,0.7091271568358202,1.084271165512956,0.7456881473082515,0.775454826551128,0.9413607768564318,0.8631984272434362,0.33250609826837674,0.7148241280754849,0.6841667766417154,0.5803408674070273,0.5359395652801373,0.7385530325707916,0.7345428403152223,0.5171406248913156,0.8259512652174403,0.6332690762902122,0.7267235247832218,0.668171815065805,0.7571854169849512,0.36848099057344547,0.5235265576459889,0.6766003413797633,0.4508952936088084,0.8667216951037185,0.6090224322750615,0.9593720939766448,0.8168765289071088,0.49311591628967855,0.5210374127095336,0.7077195963803397,0.6921164557371947,0.4850978237939296,0.6160216197862761,0.6809389194172073,0.7036242833909327
399,0.7211249387170064,1.0846025959529766,0.5400171578652333,0.5889221471422479,0.9319650382353064,1.1069425822748866,0.428015870103139,0.7687768945829868,0.8292152809822894,0.7841505654960756,0.720299549268037,0.9160274019463465,0.9022122270494113,0.4663069021983964,0.6499480048956192,0.5850948446683493,0.62006916264376,0.6408541305108444,0.7285563976018681,0.42116023866542457,0.41936645514778104,0.621121611090766,0.561286810282249,0.8565000095184325,0.67419638437713,1.0081293386978132,0.996783015155281,0.5259895537902197,0.5440820736733811,0.672072988276323,0.7061415453193371,0.6553617490710292,0.7760180278305995,0.9143299792598468,0.9346074159719533
