iter,a0.5_s2,a0.15_s1,a0.15_s0,a0.7_s2,a0.3_s4,a0.15_s4,a0.15_s3,a0.7_s1,a0.3_s0,a0.5_s3,a0.3_s2,a1.0_s1,a0.3_s3,a1.0_s2,a0.85_s4,a0.0_s4,a0.7_s3,a1.0_s0,a0.5_s4,a0.85_s2,a0.7_s4,a0.0_s2,a0.85_s3,a0.0_s1,a0.3_s1,a0.0_s0,a0.85_s1,a0.5_s0,a1.0_s3,a0.15_s2,a1.0_s4,a0.0_s3,a0.85_s0,a0.7_s0,a0.5_s1
0,-0.16127326854923307,-0.519215616905383,-0.2655675471842188,-0.12250240765811908,-0.3039963546370663,-0.4345350803521587,-0.3001438346500831,-0.12417682539764804,-0.2173238870283714,-0.1368904453162139,-0.20489048705173632,0.0443362255252319,-0.22580523772126768,-0.07180205110820075,0.08529913405105358,-0.5785778121757088,-0.0578550742894994,-0.04125514440831282,-0.14786180035038726,-0.09613822225216156,-0.00907552987333916,-0.28159662993544887,-0.004111021991333539,-0.6529591576039264,-0.3980105331473279,-0.3188019308044642,-0.03655003891775045,-0.1596206856654951,0.04549887243774266,-0.24135734186530455,0.1724142084428007,-0.38217263126118983,-0.0734505716302664,-0.10832895112071611,-0.253039746691615
1,-0.03829092473679542,-0.16678634796925182,-0.49872290488997606,-0.03688335236721351,-0.1556681131060262,-0.4504385562771134,-0.26285805313995636,-0.08096124248301334,-0.3639368355991081,-0.05929528943963516,-0.08070158386419284,-0.06834583282838416,-0.1394436602333764,-0.023102361228622893,0.07405578659431056,-0.3710511776856477,-0.016989236963662686,0.015056900248595547,-0.23216660167059158,0.023514538500289752,-0.03436076817740671,-0.3951505370764379,-0.009919984170309582,-0.44347065731827595,-0.10878073267571059,-0.3098175217809284,-0.06852522913796508,-0.2700853275024607,0.04561410305680323,-0.3126523341190649,0.051050708671143516,-0.3420519488629574,-0.03158797393238723,-0.07892710527673782,0.01937365526172629
2,-0.24270045158675457,-0.14590567927733802,-0.3825944833945216,-0.13938768902012738,-0.3496532135696213,-0.20746923028558545,-0.2345949316413283,-0.0809069872292534,-0.3722615825512974,-0.14145469172531194,-0.4181670159859848,0.0494306149500932,-0.03970587282290498,0.08293215250901138,-0.027106929976335035,-0.6849497549722917,0.00901048846095071,0.07921367071233729,-0.1278568109276578,-0.04665589030786332,-0.11481547650545558,-0.1407572098138553,0.06309685163811592,-0.14916817304308577,-0.19065803711547763,-0.7049135869128602,-0.0010162141209120058,-0.18662087775888755,0.06136556214086625,-0.16543105174947076,0.026457240630969978,-0.2805073476244274,-0.01356393190200818,-0.14062411204529726,-0.05835576672092078
3,-0.11901352749133506,-0.193279799735778,-0.4383043208054038,-0.050030617286896964,-0.25688816595095343,-0.1841473457235987,-0.5506008478706061,0.05134124036552937,-0.5645871347335358,-0.1234532325738035,-0.2242775047090016,0.08351769268725479,-0.21353651641830068,0.09298482087139479,-0.003244663174150019,-0.22019752349453292,0.09915903252415176,-0.019302348121653042,-0.2905068044173572,-0.05710225728477792,-0.07919425583222381,-0.3116623862617846,0.14020981106128527,-0.41579031628699376,-0.21401043226771932,-0.4154808260363594,0.02244795728595992,-0.1612678428657822,0.1326298752668041,-0.3752192573913887,-0.013078036795388779,-0.36069792973538545,0.020177716101426248,-0.018201213541111518,-0.18043472704718894
4,-0.13055904368020468,-0.13862314271298348,-0.3450201024512245,-0.08126521457051586,-0.22601256529194189,-0.5695119873099146,-0.06341307966251764,-0.03972251161343735,-0.2140281345197439,0.007490404565124047,-0.10758829529895357,0.03418831684799202,-0.27698479722296027,0.13003551498296273,0.05876101864678356,-0.26551492265141563,-0.09876427852201562,0.052230137899910656,-0.15467218065882118,0.03138410226412866,-0.07343396532789229,-0.076862070055076,0.06160671002700278,0.004215583525970283,-0.057395711329146934,-0.5243335879663177,-0.025707903931310134,-0.26960460475101933,-0.001035976271854075,-0.18147920644789084,0.0024056073552220043,-0.36365449871584743,0.08779470833785447,-0.05502381889956709,-0.21988389291378366
5,-0.031246633910426036,-0.06836302141250374,-0.12454818675294634,-0.032974780821228726,-0.0915153275036367,-0.16179495946637845,0.043959766828634034,0.06735889799604702,-0.11904141099328158,-0.061122324858805734,-0.2665741748420681,0.07716584601678764,0.05764002814538598,-0.013679146655607061,-0.060839309904074136,-0.20279981722563664,-0.08215622473170311,0.10767799272787706,-0.2067167930468171,-0.02383952659872098,0.01154742468608845,-0.1450979103186138,0.011615364940281963,-0.06616985218982548,-0.027010473216656745,-0.5580512902673778,0.03068677708905746,-0.1550834325964608,0.15002767796025246,-0.23793565300781716,0.01354371677472648,-0.358318616325902,-0.02110043762583406,-0.013860458171174702,-0.027621894733252453
6,-0.08117760056302642,-0.03388768253373366,-0.49064366187605,-0.10662320194810371,-0.11650309321611058,-0.22314336055703415,-0.2252710452224769,0.044779112227106746,-0.11117066665587327,0.051921166584740525,-0.13838225926249648,0.07859244501182824,-0.21968988818146168,0.12387517049808819,0.12749963441142803,-0.2451327052695388,0.02267597726515837,0.15964200661559458,-0.16422543272801085,0.08378722838932244,-0.07010169257467941,-0.1750386705037751,0.07252246396533885,-0.44101799470865866,-0.11763319929237447,-0.27538061017000026,-0.041650902168391804,-0.1429031783137723,0.09016103382552437,0.03698066725910913,0.060341385634253085,-0.32882757068403545,0.12132190128606742,-0.01735215552392078,-0.028969923755223864
7,-0.019004473539039286,-0.12761129033428478,-0.24393890050269096,-0.10494327169635607,-0.33631070071868446,-0.23919337163659718,-0.27817091094249424,0.02054467351934227,-0.23548415499252492,-0.09143350998722134,-0.20464427835069177,0.015346797317160191,0.0740519489338238,0.09866711137889446,0.013800741510696428,-0.1983513310874895,-0.050062151671898744,0.18382642981852865,-0.12815252952603307,0.13353718131079606,-0.022565646229257733,-0.2824001131626642,0.10691162836795347,-0.09536187022208711,-0.1693951190136721,-0.48164536853161743,0.12428187401068684,-0.1678023765630658,0.09652844116533305,-0.15419113926167763,-0.027489989240300626,-0.33102254355423977,0.12167022211183269,0.248178451475835,0.008986033140887532
8,-0.12033510126721361,-0.12523840388178878,-0.13729184071586306,-0.0684893646933572,-0.323954387908709,0.02614804953872522,-0.3306282687867368,0.09024545029112346,-0.07064295015988234,-0.11559583644730931,-0.06130795524000379,0.1750883333899269,-0.08470345839576653,0.05480229971849613,0.042362393465134714,-0.4907925678049088,-0.00917870317168643,0.11548003984661617,-0.06305424203958973,0.004336494556768801,-0.1341298085796503,-0.45098151050497537,0.13483285820573576,-0.053844921890355585,-0.05694939132106882,-0.5950916831163932,0.06462719127757838,-0.11032816322703198,0.22471794909944345,-0.12011237133654097,0.10765466619156754,-0.154769563479845,0.02926266247277015,0.08678967836700745,0.0485866247769053
9,-0.05249038905311919,-0.10926413281899108,-0.16009026704641913,0.04000763906307592,-0.1725022534689818,-0.1042638776810853,-0.16003407472689923,0.16952284045063748,0.06683951863244073,0.05362306049199925,-0.08198291046280286,0.14101453788899226,0.12688384189468432,0.08148068935233528,0.09553857658807459,-0.13918644340209685,-0.05311726758675374,0.16435992839648733,-0.1688155038122217,0.05739585187504763,-0.062177714953182694,-0.41665579644104433,0.06197145067214506,-0.07587367125887677,-0.05069781757724858,-0.15356767390323725,0.06163535869259214,-0.3019176275392906,0.09889177025524098,-0.22063059530281012,0.05463264593092829,-0.3121593710543077,0.03532644687372085,0.10945608543404023,0.0033544258813754876
10,0.04728755893319577,-0.1228867688036281,0.027535182653594406,-0.07860244073472894,-0.1390593134812725,-0.27896419607494927,-0.21393963300013574,0.0019525692150920773,0.23056225970918326,-0.025512751700270755,0.006628121146565927,0.18019336965328936,0.09778271254183357,0.0944930021359265,0.12964948648120958,-0.17961066720247337,-0.018827266984099117,0.19598159183667774,0.014485898034631989,0.08952222894523572,-0.08991274662633841,-0.24676988571616343,0.2276353733434103,0.02179965841838976,-0.006891372444794895,-0.295440513510475,0.02738703401482749,-0.08746335904090347,0.16913787029685093,-0.026898474456677805,0.08463097335210379,-0.2859959743765085,0.03243564877568762,0.1402783159523019,-0.057261730999763005
11,0.03262042244586257,-0.0745199078732181,-0.003125857269341413,-0.08364969620096704,-0.1392895315394198,-0.2597139185578553,-0.3202324291834735,0.2619190343865275,0.13406681119388209,0.09512303353448798,-0.052477846077136146,0.08149371425507974,0.0832845341042783,0.10974204475412953,0.19367853629923137,-0.24129710921691283,0.12657152127687016,0.24048497755763196,-0.1226664185888883,0.06260783476459553,-0.06350186823207188,-0.511098488194144,0.21437381152224355,-0.33886948653034216,0.08047857243657185,-0.2479489026434173,0.07951712782716508,-0.09498634473854356,0.19495535085612958,-0.2774680939362565,0.11302536078832276,0.025374009467833053,0.09850719984942194,0.19901324333598705,0.06300806386215717
12,-0.08263411702149305,-0.09501672802241735,-0.1241555903740241,-0.016581390092265835,0.05013172821733312,-0.09092264672659062,-0.11053666911107614,0.23989179717540965,0.08339131384891588,0.025007969002076035,0.050830156241329943,0.17147572424786756,0.1427413916694037,0.08247295110040104,0.07700535208730493,-0.14069087666594718,0.10892327874220993,0.18773497753468457,-0.004208699939676271,0.012775014531037666,-0.05632893593410192,-0.21840677150939466,0.2537855933366337,0.0050528221559131906,0.01174121822721012,-0.2812532673604635,0.04090566617452693,-0.1499251056948457,0.18918021498375565,-0.09475531115276895,0.13367814078190393,0.0031938613436083008,-0.007733994672049743,0.19401458075054503,0.05968505349735237
13,0.11411163407733502,-0.08860079279306449,0.1403548411657018,-0.03557657533302082,-0.0006431007075191342,-0.0328297341240594,0.032832974228249726,0.30457845755388013,0.2254433384948724,0.16167273906451674,0.1890197693975751,0.2590155937860733,0.11239077005838921,0.08735841104155392,0.17304333633863705,0.04416301333947989,0.06509883825638979,0.15401416145067903,0.030204151397337987,0.09885848580188772,0.032389730159987584,-0.2626506722819897,0.1822261620557213,0.015023847108929463,0.17869490882874073,-0.28483783439552235,0.060243165954609906,-0.16694280710284035,0.13307821331844982,-0.1023878479224245,0.054361355633443,-0.07317896627707443,0.074246948782445,0.21997412251062703,0.04758742132890975
14,0.10036235479420166,0.0025041270633699864,-0.06451515227597122,-0.06310949468032849,-0.3056504302583115,0.13109043320411792,0.01853140219456534,0.15236059599499271,0.3039842073217937,0.17300349194030074,0.11890803821007379,0.2437427952539532,0.20951642168204368,-0.009074355609088959,0.22932034395766218,0.23660614142360178,0.08689536165439837,0.21268022514447524,0.048897225144432975,0.10244607096462283,-0.0521898136954292,-0.24469826313571574,0.29332004208193824,0.24504885204956298,0.2068083869171785,-0.20136212602842113,0.019727258837215406,-0.11967175120647092,0.1840837557645057,-0.014747147833960889,0.16456442815710115,-0.1207429907605572,0.09014123219423557,0.2642321382576715,0.05604586316369836
15,0.14321031212425306,-0.0751493974879843,-0.04800112359952539,-0.036219480953540634,-0.1583392113420802,-0.08843089609517205,-0.10868041162511216,0.18898243124922035,0.38207946380635643,0.15054402026997615,0.06231878676888762,0.22123824685545326,0.41035510291332233,0.04707224788404563,0.08287486687431586,-0.014300554262254524,0.00961013917740169,0.09328226627862801,0.07435140307440818,0.12269853943661747,-0.010746929591655463,-0.21151124349759973,0.3168844585981392,0.06856120870529014,0.1838782745685788,-0.2476669019229894,0.07404479895817341,-0.09342927615008387,0.2728079427147681,-0.09401887015849361,0.20350536862004823,-0.05252902442488186,0.07501956931542765,0.24658442797402413,-0.05512053481066255
16,0.1258498036862591,0.010993257094795053,0.014502359415676368,-0.03333286614415833,0.02118848694027678,0.03843831117153856,-0.20288953410652893,0.3213608827814658,0.25130811895277805,0.03564579338194125,0.1367062753178303,0.24634558272178747,0.13625124430674604,0.13387482617829044,0.2272603045713978,-0.1267715578982923,0.09273786221486799,0.1761989899605298,0.1618644387817454,0.16961950120838684,-0.03147674800125925,-0.11224053700392395,0.33388451953794474,0.10737793040814675,0.23616698349751375,-0.05338018809566785,0.12845798469333775,-0.1497225695775132,0.222522445327696,-0.16810614128310974,0.23189547782000913,-0.04843598643324549,0.029288900534154273,0.24185989190235385,0.011144037222185911
17,0.08997566037047858,-0.055123246554970196,-0.11718632165081258,-0.014616832188660715,-0.13434696256503703,-0.19298241496851504,-0.19327514210468083,0.16334142853008754,0.27080372424557686,0.17897728296509025,0.2197615398401462,0.2011007398574717,0.37492237968708564,0.21076165558487392,0.17026277168609388,-0.0711328543511652,0.1104530158047293,0.17072653519724207,0.14361850070500715,0.17026347396040348,-0.02736495015862747,-0.15623141572052895,0.35055665741408876,0.12953622434278333,0.21936313532645618,-0.1533545572405736,0.1574283192694988,-0.14363647159666323,0.22821015374475911,0.12008412545727354,0.19080731871772427,-0.027827866215458928,0.12468116307200824,0.2692480232874087,0.03724824715136896
18,0.08033462191525564,-0.07047039700223182,-0.10491456216869632,0.032343306333677414,-0.01853742676908944,-0.11016580807589285,0.08918997692092506,0.2673021523552065,0.31172421745170115,0.1601079904898438,0.09161716356006555,0.21399649949179583,0.3121145968994502,0.1500449680753197,0.2034817420380392,0.14514476364164947,0.06957671279368696,0.18610199133184166,0.1898983858604142,0.07149149338471186,0.045974034585072474,-0.104924202605433,0.44294793914045555,0.29833271616360757,0.12067469067829176,-0.11721634123601499,0.057279566539977345,-0.05947399617475379,0.2305387913394224,-0.12930949052347973,0.281009294560039,0.005560445170092541,0.12457152502932642,0.3042483718318433,0.15271719583741405
19,0.1786994732681547,0.0872278177689659,-0.026912429168024027,0.06333418044042449,-0.06791489958972216,0.012067859122058301,-0.1983943654308255,0.32859841160980735,0.3339182573361767,-0.030906749778666896,0.10645715155770526,0.24557049115695215,0.1815565439794005,0.11235758810447863,0.17286969436114114,0.06244676455394293,0.1334758942060924,0.2197187802930463,0.20401503956580636,0.21891038545747368,-0.05302655702107312,-0.0804447787762576,0.531085418184341,0.08567013575092516,0.16493389495675193,0.04624211028369837,0.1093939802411747,-0.11616805930823568,0.3482729406353808,-0.08722005825987686,0.28084231384562675,-0.031661109951033925,0.13072420946647728,0.3576764242302652,0.08903713576566144
20,0.33451567414307115,-0.02413113405579194,-0.11999494359524515,0.15718632371858177,-0.07770569625378432,-0.024135369024280377,-0.0659138826461924,0.40098197361065896,0.3414611916769419,0.0792028932174126,0.24510104697962598,0.2578900681140629,0.26616911897449214,0.1728465738756675,0.3014517877567663,-0.11026687235210944,0.17616772290634514,0.18440640582473602,0.18967192465302404,0.18500213397906407,0.028392364511050268,-0.05739544140999289,0.39055510461035026,0.12634251321062107,0.16939061894024127,-0.26829445479412123,0.0952364508847449,-0.05442942784255987,0.14437089832882805,0.08542985708810139,0.28211946585297776,0.004588783667746378,0.13037416194459958,0.23252254931273622,0.22442474040864635
21,0.25059678558933407,0.09241050118484702,-0.15007360590146215,0.13392942667613839,-0.12488809039394447,-0.002750717935412865,0.029090684600403954,0.32673082985151214,0.23494457770304372,0.1452255014580378,0.19470443969479026,0.328433111887263,0.38276741384082047,0.25545901199723814,0.20832808286737564,0.1182850578758936,0.09928697800432226,0.20674089331714768,0.26114765530546463,0.2772474036680673,0.04356077408057233,-0.10638159638520367,0.3361595123722545,0.27511398998552705,0.19942676457094738,-0.19614814765331912,0.23315792855174267,-0.024817500640656878,0.15517260504871905,0.28911822511791246,0.2023945640645775,0.12794788458469458,0.1356070841826048,0.3455104611644532,0.10524717429724695
22,0.2041651364840571,0.10419520282092187,-0.2407209158205173,0.028151699820721077,0.02923325407997244,0.041953369874922306,0.36956610477656493,0.362622843788997,0.2836878262683572,0.11436896716263736,0.23089319150556842,0.21862234478277529,0.30987304984928166,0.16693664277485593,0.36755999699829883,0.045771230998768654,0.13322684169427346,0.2855014027126939,0.25459895433886226,0.1783622549765675,0.05845961935949967,-0.3952303321622408,0.3715205431679902,0.11360586068450942,0.10841076208090515,-0.39092440765411096,0.13184256755008023,-0.10708039553713783,0.15721592655967953,-0.02892771640592471,0.2840081407119233,0.0737475396475484,0.16121907141894753,0.2964317878220442,0.2564022060120439
23,0.262198951270718,-0.025189233771664633,-0.1309809965114193,0.16590567084960436,-0.1445469433491275,0.033832310164294194,0.20018622203832692,0.3963437307626942,0.24462930777868339,0.15005263053507,0.3108196555323802,0.2454666681498162,0.42190447355687033,0.2664750352041786,0.19511862676671682,0.2863024768600347,0.1864003720579555,0.2174027099093183,0.23622303211069884,0.1875793684114839,0.17289186511995042,-0.33137287993488357,0.4202079071139872,0.483375196959023,0.2612446175826657,-0.12881303624221485,0.10370939246875488,0.0586874389183117,0.29488364895646746,0.0890838401654953,0.21525362014479915,0.17209291326988804,0.1641222611800187,0.39454367261790646,0.2504610595683104
24,0.26907099924433486,0.10016485140338084,-0.06607038229720597,0.062459669099359856,-0.07978602376783266,0.041779470337233574,0.24109667429419832,0.4591132572171259,0.14203074227894197,0.03292141252267879,0.32271078611277115,0.27955141304468745,0.26685837477956137,0.29734314989651556,0.2793510288969251,0.2073468180399657,0.15466435024252528,0.218938386759002,0.2178970919197687,0.2380943484515801,0.12598114042046787,-0.3845901538528434,0.2873482988072801,0.4853678191430598,0.4071282997034035,-0.2368649304856222,0.15293190786982286,0.04686247995450357,0.15843984726138924,0.3190644215452717,0.12098262784754589,0.2250851314175984,0.21019921084933835,0.5177423022099918,0.1888336901618193
25,0.2898090736360815,0.2234279081514961,-0.08094278143398892,0.050415402891933886,-0.24086465007323643,0.09991778677564551,0.36270795598776984,0.5003638572079026,0.25191791819490306,0.03905578270019379,0.43055831285360735,0.36659915052725756,0.44915604492496697,0.42111899317304496,0.22597269298753314,0.11254674892764946,0.21451312972082442,0.2953849513585323,0.22076959129496476,0.22098962130704808,0.049865749831806305,-0.44920719290405625,0.32151931342666196,0.45796118690085075,0.2821979780009464,0.004323042470988768,0.17018006447417716,0.11143845762016671,0.12327110397692143,-0.09415065697596631,0.16592736746210013,0.022371112941365054,0.1954886872451757,0.3242713691108977,0.33949494603974933
26,0.15327458180226627,0.07088652641159265,-0.1003898820445603,0.10815539069659243,-0.24998906318672653,0.319888727500506,0.5224976675886516,0.370264706512323,0.18867557893742434,0.07610000320741973,0.4730211783826793,0.25504328400631093,0.5564185070101222,0.2960909069071522,0.1425101745650507,0.20258720181264328,0.11309019260820845,0.2808347389387261,0.214527262028328,0.2831654062863108,0.09684056870576531,-0.4753052288737772,0.3051106790012584,0.5451760312441898,0.19737504425632174,0.15760404393860525,0.19665826354648122,0.08275566502449276,0.1496188463269029,0.1573746164000876,0.23687063175175266,0.11150301087527878,0.17587919283445852,0.3311187313957995,0.2394156822805505
27,0.29668638533675307,-0.007448632441266506,-0.09899226727378556,0.0013473986229826582,-0.0331844342362446,0.24462398005189473,0.21572791427127774,0.35289570978636053,0.3075435100527828,0.14186268734958304,0.505917418573355,0.20384121252178766,0.44751668623108537,0.150783440963644,0.08906901240851511,0.20289510011282907,0.1932423628070286,0.28454604490169455,0.17762370455677318,0.35102483215119035,0.0683249368477774,-0.4194493301428944,0.31843106908111973,0.6342659799883291,0.180989690830062,-0.03563730750288205,0.2559014351160367,0.08438147748942788,0.07569775847727597,0.27606705490650774,0.3415711699349103,-0.02550382456939211,0.19569807705184544,0.4589563323818521,0.1591514455894362
28,0.2316744084076081,0.21588922699958069,-0.13528405945247263,0.11073955981071545,-0.1289292581737175,0.23727823821451688,0.45130304649282915,0.4941084362304321,0.37705732092414007,0.23759923296141827,0.5021236084111018,0.3342179176916532,0.4119653389155472,0.037744854086389654,0.23718199090944592,0.28613528198088806,0.21521697651608557,0.31314614929965107,0.1563396522848049,0.27979251758059875,0.10412377585299097,-0.21223166611664934,0.2824176996039267,0.6448906734729569,0.10197207260610884,0.34039407199197047,0.2694970864702476,0.11567538391614617,0.13020527844037716,0.3423533923507918,0.2887864481142978,0.09719655933244709,0.2906671442758453,0.5859139027879758,0.2764291804478032
29,0.17623440203394974,0.13507534612615685,-0.049779865620281444,0.014829814418112163,0.006685885898329372,0.11300435344558796,0.425566526463137,0.39915237183219204,0.35105990037366797,0.13444516856984232,0.4311683508219296,0.36208356450805623,0.37628024667046156,0.2312245473842744,0.28953804873885214,0.2010240549713032,0.2338317615404348,0.37602187794707675,0.22255702906955302,0.13250149849933476,0.05215459704639787,-0.3220316023941482,0.3208184282531915,0.6133683867692581,0.1426100815278168,0.13181454570968362,0.221836624216102,0.13829398528356268,0.10857775869324973,0.5036676056800962,0.23596214136954988,-0.07380359777118772,0.16887405601320782,0.46516275242599225,0.3202337150549703
30,0.21918037878848437,0.10512292528024711,0.04310442800992486,0.08275695421270476,-0.03257908031938362,0.2664800579324723,0.3911628932479393,0.38191424297239573,0.44469931273172936,0.21185555071072534,0.47428630470616817,0.27849918180135547,0.3886543644098972,0.20947540818515745,0.3382996022615277,0.4698769603701907,0.1722219741193033,0.36196808985474016,0.1754035111003856,0.09508612709104312,0.06667851316648914,-0.3172782334959939,0.36641554685853533,0.5567036586675214,0.16950355402325076,0.057065501363823934,0.20864994035276913,0.10365690416111434,0.15986080985117512,0.44059131077437164,0.16935007345840852,0.09267134313869493,0.1282027957569598,0.5264815406636189,0.2553599690168174
31,0.3331745307181308,0.200672080313213,-0.161497403731646,0.040745721509559234,0.03574841481989605,0.25607791188010776,0.5347184125113909,0.3973220456739741,0.19083107271893804,0.07705932598425622,0.38639915147577875,0.35306350307086964,0.40536311695810745,0.16424633195231295,0.47190757944745254,0.2951333348001154,0.1042822593180669,0.3067322642227343,0.24794303115102467,0.1694962750601395,0.04350916163558696,-0.08272284905487994,0.29154553877533324,0.6336788275548425,0.09067853176485288,0.060256997590431405,0.18935743792514634,0.10563198228678948,0.18748660913445298,0.5006518224439678,0.19086635992800546,-0.08659048958002738,0.0749021210806965,0.4481090576644191,0.33071547922877714
32,0.38502271393146403,0.30096109164566176,-0.1999641956895533,0.034402513575280465,0.05894668347303824,0.30320206679826905,0.5147108188236429,0.667828145377999,0.40699947764945243,0.21596704759085994,0.4666610904352564,0.25152055654651045,0.4756022556423299,0.1104620255060445,0.41602190851306264,0.42732067091828985,0.2777005764626316,0.21556389361739967,0.1313227952095011,0.14342892535211504,0.028109252272497814,-0.3158429003012436,0.26520741958445865,0.9298576004559809,0.14379301171123604,0.16019996007576073,0.2346567777861573,0.1663477757131528,0.2230249202693912,0.5536897786737691,0.08217262911317746,0.1756265907670997,0.1766999838601957,0.48682760737596387,0.30103606188617477
33,0.35652445417555595,0.13374549929625462,0.20651959265044773,0.06547918554328792,-0.034079998167095074,0.33362137366850186,0.39395911525271854,0.42896490124517456,0.3926655615699043,0.08534671148526175,0.46832376328520814,0.24292706254401936,0.25745826075094086,0.14583691698852763,0.49480186914421803,0.2689830918135733,0.17726900222510555,0.3068523061126215,0.18490631578891867,0.18659789904862967,0.11760822053900094,-0.08971273497476387,0.287994445485887,0.7344247996537792,0.15271711980282532,0.17550952684648524,0.17564839765477586,0.2335331665299693,0.1284667631640175,0.4480289107158951,0.2184894875042142,0.23910839158111827,0.19404111541842614,0.4534669143709814,0.3531258059530854
34,0.29463471062025,0.3475322156222279,0.02111319782958343,0.009419930344995869,-0.13569715203602734,0.33157172763071735,0.31603735481595874,0.42174618984140166,0.46254191787061594,0.18098011231508157,0.4130182181410304,0.10273515009506354,0.3591345178777898,0.10430268216641105,0.4485307526081598,0.4566066025515901,0.31264730991900064,0.2732979171157267,0.20193827138557602,0.30399717763105116,-0.021867609126867152,-0.2347806973867678,0.12948292323936514,0.8523319506760594,0.18295432073681522,0.3497081803044134,0.3526432634712626,0.3633616512172647,0.18442147500550718,0.6863373815929581,0.2070751856390488,0.19452883254459877,0.16540221448746312,0.33510982664312705,0.320891277068255
35,0.1863802955686754,0.2958146491233042,0.14982780618840386,-0.03725797151009126,-0.13777703851998302,0.1843243746983046,0.4847453075276317,0.5416202822169399,0.4088296505730281,0.29051266446140717,0.29575611208172137,0.26170395996939905,0.5095235797426024,0.05520169571187394,0.4601429917478038,0.31771885751929263,0.27100972945605795,0.27384247250966365,0.18207217368534892,0.20166362702748256,-0.0014423900924520963,-0.2247727754804147,0.3553838513676246,0.8253794605848216,0.23246046870327186,0.0961480125087564,0.38104579537150923,0.35619398493847365,0.3453645464448638,0.388766141489986,0.2204529040615028,0.22178556200781502,0.29933751345957205,0.4984966716720821,0.43540186553168403
36,0.1680756120700245,0.2366481729323846,0.16714233889057484,-0.006472104919302115,-0.06413654768852001,0.3819672578190648,0.6198699058076509,0.49097994083722596,0.3375774662416936,0.2036733991730893,0.1918941071397605,0.27763149975146617,0.41307999805061324,0.1932700036213496,0.6242950780949319,0.5085110845404442,0.3613358227589708,0.25807980826444354,0.21738709483611562,0.22353199145314467,0.03060816141029748,-0.1195232741049212,0.2577264548994471,0.909965629597935,0.11942847100951824,0.03115572006263081,0.22986887620784968,0.2330436909714917,0.19229082091637834,0.35091097075238753,0.29670064293498605,0.28447097717894665,0.16145407212174126,0.4980883386167098,0.4237097678841317
37,0.31805361610569305,0.2550241686149971,0.08289019470936757,0.08497068962007963,-0.31096387059504804,0.284790375633193,0.565997145183129,0.41839326521129216,0.5021993975596315,0.30871663351603956,0.48936111002346666,0.2042617575896058,0.42155231831003104,0.20224722746974524,0.6426731984428529,0.6732234636401965,0.4571733260007282,0.23564559007615432,0.36404167434505674,0.17991762164520328,0.02060861552119496,0.07523409735092029,0.4102517208783977,0.7071307772914491,0.24308290929603632,0.06909361732851282,0.3294854077570942,0.30924704818992343,0.37603861813292283,0.3819112113145444,0.1848076414795824,0.28158988646896,0.21765927985542316,0.494504103115316,0.36913230924284524
38,0.3313345313791408,0.44231616771570476,0.3236469785071518,0.10574357160556694,-0.18049418665628697,0.41179464910553504,0.4387264006262753,0.5568256995681765,0.39993142087838496,0.3329213745375981,0.32249956360959836,0.1758411508127622,0.40987428443081664,0.22748124132452682,0.4401135249685396,0.5496892490662484,0.38809544930916706,0.24369873635533956,0.20535591113812685,0.3889865264735138,0.10765655626106424,0.04078653525181579,0.4021857431368624,0.9858644397294327,0.2230690234996721,0.2640009911513009,0.3863200417138246,0.282759532511524,0.28563506515851866,0.4455391220186981,0.32493034278992916,0.2756733081847398,0.20736445031267137,0.42662753866005604,0.5011614803148229
39,0.33736859965623095,0.44229984532282574,0.15344656065716078,-0.02381209884546413,-0.15894149013131484,0.3847855223176373,0.7584821865387075,0.4925804818426977,0.3761766024520392,0.31756458295009476,0.33999778419393345,0.24097650835986,0.5095259950757803,0.2992233135415572,0.5765307672555418,0.7091769064488551,0.4350855907364146,0.1664810087916196,0.343333532418995,0.3925895113806459,0.07212983367025727,0.1790234368667939,0.3251658712662323,0.8939260323442335,0.11924540340616999,0.22903079238364926,0.3550642629699796,0.2994197388476526,0.3681290528025003,0.517797917991297,0.3807167596597848,0.23007449655292814,0.26522639542252313,0.5588700549274194,0.5045661022997276
40,0.20358423144915683,0.4327842519027444,0.2131666835482559,0.13320495908850577,-0.47513916182191124,0.3574599574758007,0.6607496256865912,0.4864355225515278,0.29426447962298813,0.323716919260216,0.47871396650686865,0.16875481464573308,0.4234367736829336,0.10557740548299815,0.5757850348824968,0.5244163045311947,0.4803916828339635,0.2734024157737672,0.2529762422667614,0.44076448225694664,0.12698530516548684,0.3001087647350963,0.3290116928744513,0.6269216370642099,0.18497532405986228,0.10318650050228734,0.38165592454581043,0.2927754853578438,0.2747400779392061,0.5973681010385725,0.23790542541863996,0.09471400031192305,0.309980246275934,0.4526716556089877,0.3383126514569731
41,0.18350224337372695,0.4375274196916821,0.31471207465137285,0.044807050178625296,-0.16213069196510438,0.5158004707646389,0.5076177990398048,0.40116283034591743,0.4788329118281386,0.2843249561897632,0.26279782207001456,0.06446140069054157,0.4164622010425191,0.2918466970140869,0.5369636232314041,0.6440964979920382,0.321196318265414,0.23447583233460695,0.22830387981931918,0.3909041489517211,0.15577750181390682,0.33620658438350276,0.2974400873282814,0.7037916713711467,0.059063713943204074,0.35195834744284216,0.36675946575299767,0.3292959373090615,0.3106276961033375,0.6940693216611851,0.29124215689208843,0.11951853852904779,0.2557123521075573,0.5755608948650008,0.4254719294517191
42,0.26295009149602705,0.1276035254800511,0.25883066965369805,0.13356949825598696,-0.3278204591046454,0.3977265789437604,0.6440416711909476,0.3055762725295553,0.4595613991308083,0.2413946802293349,0.4402221572862035,0.14823048622715046,0.478092597184763,0.24562241894494757,0.4108373727910358,0.4587941921368033,0.4838626348999881,0.2059050520756104,0.2693653156017168,0.2480988480116185,0.052296668944793546,0.07001203210390598,0.3427873811666844,0.7536177026599682,0.08635591335348286,0.27035430871886335,0.19256017834723,0.2725991606632264,0.4420553493010779,0.7389347113036198,0.2888421211349494,0.3170289281277817,0.33330118502566963,0.4355809715824063,0.2995296544215694
43,0.2579660491618716,0.3434875553265105,0.36442375738494026,0.03384201352688615,-0.04520814873677115,0.3449981361220559,0.5879981817067574,0.5552729463497109,0.5103731728970183,0.37725263783176677,0.3866814546682487,0.21647317781684228,0.40363055925246705,0.28665744503202667,0.48120353487570333,0.6026156285961846,0.37800181116580944,0.2726390560242976,0.14706015353985508,0.3674236582853929,0.23358610754440345,0.34615936999766733,0.25422190670945366,0.6825528283510525,0.2523564923498395,0.607912695745419,0.3130378577041286,0.44251875937000107,0.3564496120554521,0.756213872635955,0.32291254375894163,0.2134671413770433,0.1923245980653904,0.6001937009164389,0.48382529927787854
44,0.20464072047070628,0.49759591042685514,0.4409038132461196,0.14615489844597798,-0.09769576577445602,0.4592123021009229,0.5041973918121905,0.41890618264405755,0.5083134092599757,0.17932920785563858,0.48559167580434914,0.18304926680148104,0.3667535758015892,0.16648127083005293,0.49782886289608946,0.5476098801437916,0.32580470753520474,0.17979099456648134,0.24176157439652582,0.4140241576283046,0.19181431196421353,0.3395639931942538,0.298047457897625,0.6647303406650771,0.206822637474803,0.3810821440016904,0.5376572474840438,0.41774213596245124,0.36113810165053367,0.4846514251457713,0.3588680605204774,0.32927527322733563,0.2409458910825041,0.5463943526998724,0.4090416003512941
45,0.24805892573679714,0.20438459427519126,0.381992673175643,0.15226279519992497,-0.1625420962023144,0.3976619657648272,0.5417073439951258,0.4977481556283453,0.48132784101759046,0.15382988243948073,0.3898893167997985,0.18799660135165802,0.45112037158368967,0.22119116288678586,0.5005442307628403,0.463874224485314,0.3977612217356917,0.14649085320597832,0.27530578590884414,0.4636293325339548,0.16779698492276568,0.5917194048730109,0.3048165095147818,0.8568498902864006,0.25517615220036943,0.522375150856771,0.3891047460684095,0.382103734427893,0.4452072422445138,0.7946189550317235,0.2710482749519112,0.1963508672821922,0.24511117148900208,0.4074625330262494,0.3920912499649012
46,0.2887526326440333,0.30223765666771074,0.39459118633124457,0.21867196838204397,-0.2887570829683609,0.3888855694181095,0.49942747835679985,0.5262572009006707,0.4525387108234853,0.14260656502431707,0.5567389320122471,0.3806560198360398,0.48691002440009934,0.26177091003126673,0.5702416852409672,0.6327908186337212,0.2505386884238645,0.19558960710823078,0.3206842384801928,0.41178984190876317,0.22308133753389828,0.47912069005262997,0.23971193581198147,0.9106843102884791,0.30746798838017364,0.39514949116445186,0.40630851368724863,0.2705165810071527,0.4511103343352274,0.6363680063187833,0.37540979564039473,0.3264635386376381,0.32891329912172634,0.381074252478412,0.4539294585103072
47,0.37501491540013365,0.333057142871956,0.45981567113224087,0.3306822135708256,-0.10712522491275744,0.310901344604491,0.5390733735561787,0.5094798475100855,0.40602451045177645,0.29533810660160464,0.3444793164636628,0.4431166788977089,0.36278048668285007,0.333524742341921,0.49583540045900343,0.6396650313171126,0.4079614030815209,0.16544585767866155,0.3067319419115101,0.4962667053666467,0.324034605457593,0.5071809060335415,0.40073665963332183,0.6943413708478068,0.3837656928603477,0.3899872506491977,0.327328677741039,0.3061424193594055,0.49217815138281307,0.8118192084009459,0.3971888897674044,0.11127761357291173,0.18334234187145892,0.49305108180268536,0.357579511895095
48,0.20564383616130458,0.2816345908063058,0.3915738657214746,0.27301540351923337,-0.21708066282922311,0.4653590389136544,0.35098982355090136,0.4110192519641561,0.5230771240832826,0.32785705758524475,0.4980993349643615,0.288698676323938,0.4356730656811535,0.31672621970724735,0.6521678465678568,0.5975760972301851,0.42654780769144174,0.14573298277414679,0.23134807103811014,0.46599081198046877,0.2617126425790912,0.3369584761749682,0.34040560186639945,0.6787704986899605,0.2705578166814242,0.4276159237660381,0.42193724390903703,0.2988157231881401,0.4959676022834239,0.5653554720603353,0.34630911014448595,0.20362650510438282,0.2809687546843653,0.46607143544987495,0.4317273487422545
49,0.28964933185642405,0.33496036220445613,0.4671606790789695,0.2156654615877784,-0.11408372970707796,0.3729157292047677,0.4761366315448824,0.5279258371459652,0.5498396110389318,0.3691426084611002,0.48675263829515086,0.287847804218799,0.5684275852112259,0.3543738185564904,0.4469205334268359,0.4872049837259256,0.31036628491472523,0.19060019293844355,0.24445520323763067,0.4618492683604023,0.3247947516987194,0.6713081664045678,0.23819305219177017,0.7204457853875954,0.37728360774492103,0.30360328296211325,0.3822347458634219,0.37001690762216466,0.5069426255823639,0.5893012520043428,0.32693248648570244,0.44920929084701466,0.22707988919164226,0.49931879398523593,0.4142211140774511
50,0.3244009449755948,0.3540092669627992,0.2932020185196569,0.2921360630376515,-0.09757933655447146,0.15038253107328792,0.505675628560259,0.47866734976066655,0.4164170185279914,0.2161445390349772,0.39282406735020836,0.5245451411802924,0.4732586541810937,0.2849636828765558,0.5118326857713056,0.6223790656938677,0.2974750592156198,0.12449940192910257,0.2548969263363897,0.39388023998576854,0.42173277934938125,0.311874039035774,0.3076412842924856,0.6918384963508297,0.411238343302059,0.4452394779953033,0.32267370687283625,0.28007377743127027,0.5608340168445812,0.5656779755167735,0.27628413224226106,0.3177182391384407,0.31736876395995284,0.3511724424569092,0.48779820580703304
51,0.28162042018340006,0.14075932741467767,0.3615462590867072,0.4068803338348097,-0.10850779531741607,0.13286752388954104,0.5718557996591778,0.43461057241989676,0.43866050637180387,0.39090923450393333,0.40664860922437424,0.4744280319443428,0.5731951663449515,0.36618885585007854,0.5861593548179032,0.5911549755421597,0.4586648804531388,0.25847032415700466,0.3541037482829712,0.5056052919171404,0.36874032192548567,0.7536488642942147,0.3703765092153326,0.7502163121702226,0.3800527166791511,0.5131877114594521,0.46895793948389575,0.4253984747374365,0.5204014520917981,0.6463795008958682,0.4123246149959977,0.5484039208201315,0.3209763282940832,0.4576081561972258,0.3208923009377992
52,0.2509226000496856,0.2804163656220915,0.5603140856305145,0.297395889938887,-0.14776069356383073,0.2424107900854319,0.5374264939641977,0.5179438163227811,0.473371036170029,0.25085575257641135,0.30314482603000714,0.5493160277696549,0.39969819171401977,0.3871171688619938,0.6736990845284225,0.6743431072218811,0.3770585336628075,0.16554693151662056,0.3716378565378028,0.4810336784337453,0.2994760561747437,0.5075472994192488,0.4357030266953328,0.5534046197464925,0.46557705701500296,0.4165943246105351,0.45475399117244786,0.3108999961762436,0.5812821850673858,0.6183345254330821,0.3709060080118138,0.3321406969423297,0.2976670440116183,0.3783697986021448,0.3702857803915754
53,0.34279892631577175,0.11012174442795764,0.731051664155248,0.360783882793843,0.04722009750025208,0.24328618121644557,0.584790553263741,0.5106618281022013,0.5167104287974988,0.26352035451485417,0.2772182749397268,0.5207150329508841,0.4367833562708573,0.47917917340876115,0.6679992240784062,0.7886633786824612,0.5683756031340184,0.29102771749665396,0.48401994913049584,0.3377964457845922,0.3659910796383596,0.6048524334694805,0.4176637565603848,0.6706170420228276,0.41937282681559895,0.7040522194721254,0.32513789705399504,0.4545523529540878,0.49945107107511777,0.4412303226371759,0.4527482413860342,0.2873344454081215,0.3503986519990461,0.5290686785402589,0.4336202877012817
54,0.27248525600883367,0.38714841746660145,0.5309677394205344,0.45859172495723377,-0.21627182146842763,0.35719519146609335,0.519420338253029,0.4835666389810654,0.5021196012872904,0.3417327511094785,0.31448305834373086,0.5201376558594264,0.3814520988322525,0.40403494572006426,0.4366701557847489,0.5580826563945205,0.2889576117738679,0.18975944243962978,0.33555779181251794,0.4138186441884695,0.3166141211368635,0.7823767799272123,0.42547121011166444,0.8456155744027348,0.49898821668257637,0.5660909729008977,0.4141351903759367,0.45933178817836473,0.42412759164267033,0.5176738943338693,0.25402607800302845,0.2122532090624743,0.2171717041603411,0.5050741786120888,0.3930355477134053
55,0.32864318654845304,0.33352975515567207,0.6498843020817102,0.5904380655139734,0.02240407887083,0.5526059913074204,0.6830796459820009,0.60086659284207,0.4996901283110382,0.2883047200720861,0.33192813571253066,0.645715096853565,0.4059312278188325,0.5410872769970398,0.4872722951775673,0.6937320920092267,0.545673563198328,0.1833257167658196,0.25222903525185536,0.45435851102271274,0.26902093593479615,0.6685773728557982,0.4739699957853579,0.81499151359991,0.4617314859875809,0.7138416984703619,0.5116078713048571,0.3756901402736432,0.5800334682707682,0.47275125893513126,0.2234398781769913,0.35728636900096067,0.17740122112269247,0.43350311304918265,0.49762664841002624
56,0.24818956275487664,0.30650331405545206,0.4507604915549699,0.45769898675793924,0.03129635207176598,0.3115964773057424,0.48920060842206137,0.4270552615189619,0.4968755791031728,0.25550730406359096,0.4330677716347084,0.48229203788485575,0.4795704103319518,0.4698437169483298,0.5099343570964163,0.6197598522432347,0.4112035120460431,0.1926758109353942,0.30559612086490645,0.30089599781769805,0.30531741871526524,0.5502331560091127,0.3941190477361767,0.5560208917103917,0.47117902085617175,0.5595064719194107,0.43670280224346947,0.32625872863412864,0.41719783898163876,0.41045316410698485,0.3130618715441348,0.48863319337903366,0.26792989809435874,0.4732030488049444,0.4501146303935035
57,0.17778925747322083,0.4116025843836733,0.4878567433796563,0.5141991104596474,-0.060522953721462255,0.2584556161078295,0.6416866337770244,0.577061088339137,0.5097355535097996,0.4303503350570896,0.34581649889110944,0.6341455087572024,0.561605280947765,0.4758006189516892,0.5011611850332953,0.46166541053397686,0.4383987262752037,0.2989401417774158,0.23103215734681534,0.35522084580308266,0.29639576817637114,0.7617532716108509,0.5273465345867052,0.845079651124182,0.5431546826178937,0.5479391350481755,0.49730862594356307,0.45138522295251454,0.7181098180467229,0.5117198322473631,0.30581495173002593,0.6337115310294956,0.28031324847199124,0.6101011784211285,0.5219274736877767
58,0.21229547360224413,0.18065913739216485,0.5606336568999689,0.4343626509815327,-0.07289940761829389,0.31500939058038013,0.44742182294686306,0.5059098676191869,0.4895191475430267,0.31016106131369825,0.327629371533581,0.6077646340920478,0.4809654875756163,0.4518734381607888,0.580837191382221,0.6995985222762136,0.39858335065541806,0.32257834274101027,0.19740266116351018,0.4148112377065686,0.33201421227567207,0.6360577933751232,0.5200735901258464,0.7213135042633217,0.3928144889857248,0.711918521220893,0.5273782001884776,0.5329808505163416,0.36236706191714413,0.4358381987668304,0.21687341389563075,0.665468085708786,0.42780760221358993,0.681787621104027,0.3370387032456147
59,0.2281874494838259,0.3989453797357657,0.5889002827275014,0.4162303804125209,0.18816151320299718,0.429612681543843,0.560754251594769,0.5241540990538562,0.4206066710888106,0.34279885841091645,0.2836507607334533,0.7207352848154195,0.35655005430135406,0.4505665816485067,0.4997592826808057,0.7075785623382218,0.3723705596720258,0.27135906816773914,0.344922220056048,0.3812373837430797,0.40096978865082655,0.67096067523387,0.4403207070261165,1.0391712174825343,0.4135467592864757,0.6139765886535767,0.5690530312020959,0.45038926589464634,0.7062603440512207,0.5778331484221559,0.25815013605503095,0.6212304832830722,0.3863329213836374,0.5685799394655727,0.39965443113763555
60,0.24910107123995046,0.5466601954053558,0.7395941597979829,0.4295420669371015,0.12745380788024205,0.28134296064494335,0.5089086706840694,0.6134127535943622,0.573401124873134,0.1761456371211798,0.24689092233576299,0.6727686178210148,0.3581835705229147,0.47989944458486455,0.41089507945843967,0.6427150060786595,0.3546111425281654,0.3017106494053926,0.26694107209717477,0.3101069762065207,0.31727396267226765,0.3914079580577261,0.34693524979845947,0.9774084002706818,0.5124036885926788,0.6530450784865,0.6803081387619359,0.44987196252552136,0.4294827278604504,0.6067147642998868,0.2295379865489336,0.6519197668947718,0.35083780018702937,0.6883710339006213,0.5418064629472978
61,0.3989366532893245,0.43970365326518257,0.7543901127385602,0.4869987994684731,0.20183623858715663,0.38096051463474134,0.5564702281098451,0.602405712712319,0.4089831356149255,0.20092982439369447,0.4785956677479387,0.46121951288266305,0.5186189128765069,0.43777505443600434,0.4785985779188281,0.8292473887846955,0.41376497273492824,0.3084730513719641,0.2658974378891189,0.4136177370590173,0.4025020844285532,0.7201822973404011,0.538865248895832,0.7273834967374988,0.4747996117592803,0.6651071108122862,0.40758890896815425,0.35673183432095157,0.7221557193722996,0.7973118936738066,0.29596678381268743,0.7242067465283462,0.2986032351956385,0.6765765441718199,0.3535385514657211
62,0.3896408422506033,0.40581949341807394,0.7942240826405544,0.4192681196957919,0.07274422162079364,0.07915562742191502,0.6632094518303557,0.6855224060516156,0.5332068023659835,0.25217235945646155,0.18775915524289166,0.6536803703046274,0.5886941769641127,0.27599371510037424,0.5857522063007486,0.6708243381434476,0.5786974383818135,0.28110246857087784,0.20644529949445461,0.40897173267121445,0.33713732462572277,0.6426110738451185,0.5102355895253424,0.673258921073679,0.41457069074679936,0.9075933533726468,0.5430552149570418,0.41030334675541363,0.7645154691015077,0.7263778303553918,0.2624826020549087,0.6853999847329557,0.316987603191188,0.5696315249521562,0.3368975372446604
63,0.5309500788125898,0.3731789111886129,0.8068890210872877,0.39976195750005983,0.09143278595919524,0.2845941213804147,0.6154235440170146,0.6256980856493617,0.4647753936196363,0.20806784595204458,0.4235788834765538,0.6028299276245328,0.44477948059410655,0.30212195040865897,0.6328140096575774,0.6275590991817217,0.3624794595844255,0.23010799666402093,0.291296773230889,0.5224484752448646,0.33762947762245854,0.7269195143382552,0.47100289654124106,0.6353819662513538,0.520865149697031,0.6851271358096944,0.530101222177125,0.41616816858978956,0.5365769639252811,0.5942550821932421,0.3184489401860494,0.6819794718303069,0.478542961140992,0.6048327561128926,0.4184467486826441
64,0.3730425841029297,0.36580522110134184,0.693047928730419,0.5330609770132633,0.11379089808911988,0.23645878321440664,0.45287951071733773,0.5491350742023434,0.42525167026181987,0.2791840693671623,0.37243032800468173,0.6078968000778975,0.4015173233102667,0.43466687267441767,0.4725842303265306,0.5670829334825755,0.296509659936142,0.27623650818234785,0.26287016472565805,0.4358792048864788,0.3417280473251138,0.8548048371880363,0.45593091368766775,0.7296205502882727,0.45719863290135554,0.766180907026579,0.580301871789523,0.44122475879920786,0.6594412921858466,0.5368455320071117,0.27800245914526,0.7174497751136046,0.45594691268322873,0.4962842213426785,0.4028760400624676
65,0.28965402170650245,0.16521071814418348,0.7609305709414804,0.5641375444862338,0.130790534712174,0.2979075905063413,0.6662164859091532,0.41730531701148743,0.45777519695971813,0.3626314115200444,0.4521296160428232,0.6847075044296763,0.4238504752445257,0.47405506729399893,0.49430879590199267,0.5605149616245093,0.3563242061177607,0.2007292631717008,0.2708827065036866,0.5445719563974077,0.33900827135120637,0.9420334201316255,0.574650030801528,0.8116461212094279,0.5391742527773944,0.7486528668919197,0.5178045263019992,0.5353099157864498,0.7987841498981089,0.6121792491745371,0.20886441638935355,0.6854843944345111,0.5031281973989372,0.5688718726656206,0.3562503854935982
66,0.2933813904885685,0.30260797034715636,0.6614079603844648,0.37933471529556373,0.1091011786063143,0.15308569487802828,0.5811810220276447,0.47816688913525973,0.4976211826750691,0.39575291340284957,0.37685061963983596,0.6245363089988353,0.4667545935037125,0.4801815816129407,0.4488590915901345,0.7703875055396278,0.4365244005514055,0.25854718142702715,0.4146387731219394,0.6607304275700561,0.26199177157182396,0.960743276444133,0.4684445995468476,0.6592042378323963,0.4763070390286586,0.6619652486632863,0.4922279031461989,0.4195422184344944,0.7288175840879623,0.7202404139038814,0.36001842379884264,0.9314280893176702,0.30386729464846074,0.520637533715516,0.24184732557905464
67,0.3926144297801965,0.3429828995556038,0.6318239509492904,0.4978679070435799,0.10476982856370763,0.26278651818530696,0.713544296060843,0.47616368652037,0.4579726314575971,0.3117708727872944,0.47630082737123236,0.556510985285168,0.5624496767914082,0.48661904835047526,0.4854119689994061,0.7203149903103021,0.5213183782222162,0.22628362058110443,0.3304773152921005,0.6053416496515971,0.22863068707576673,0.9582747771318902,0.5852455182771357,0.6807978228852238,0.6007227344550208,0.6663788628230737,0.6604620244885542,0.5626600429531118,0.47453214134758714,0.5777982726322786,0.4347838411311288,0.702241022371058,0.42991821736862096,0.5245275361613277,0.2593651104415919
68,0.321880122778013,0.45950903035694324,0.6524490543591972,0.5598683008343028,0.2859867352298326,0.30935564057800724,0.5533493658819808,0.7524250396285299,0.47712853355822016,0.36718481589388685,0.5396151831745118,0.5039689613875016,0.47478969330023724,0.3229912065398231,0.45158980580708274,0.769775793617177,0.3809435179336612,0.244855360772746,0.36027165351771784,0.510047934355786,0.3397056541708916,0.6598048863680483,0.5914796042502668,0.8435296398222558,0.4399460435158418,0.861945537136985,0.5350804170628185,0.46776652880071873,0.6127002323926092,0.5056359145200562,0.2674896033506239,0.5717255491799123,0.43991630445583824,0.4832439859029476,0.40061175744609834
69,0.4340939573466725,0.4156502526059676,0.6122951023208094,0.539022630135598,0.21783788238880203,0.08867773090166911,0.6018120910179434,0.5427564862886449,0.384078501468197,0.29708122560161054,0.5655146317450255,0.6622732296096394,0.47557591484834716,0.5387157702924825,0.19200797113330603,0.6913904325536087,0.3332778899992866,0.19957033828578546,0.3998352717120003,0.5149309998780361,0.33260757913765227,0.7711199844920232,0.632495420256603,0.7370301679223219,0.6120746017187397,0.7517571811796366,0.6587868875517218,0.462882362566708,0.6252553157310783,0.6179025376379359,0.31048650499268415,0.7348618074155567,0.2781457722121978,0.4117774077173777,0.39474452688220374
70,0.41534452098793984,0.4728767624237624,0.739505101918279,0.4148430929834936,0.21621335903015404,0.14556014425668673,0.5794343696574349,0.5711052112510762,0.43767889984519465,0.3182776816639269,0.438122309977254,0.6337896016414025,0.5281832606239045,0.4774469506873456,0.2726006155666825,0.6642191159464051,0.5185396707142048,0.2253096915692851,0.2711001618501906,0.5825496592048447,0.32197702209446705,0.6831380317095992,0.5500441812428138,0.8876720168875059,0.5268301375868796,0.8035740837984704,0.7011272929865371,0.5715812867550629,0.6884308541944868,0.3434074406781822,0.20885669956863753,0.5827716280010176,0.44477918167257535,0.5182871842889588,0.45579878813689667
71,0.4120392303321157,0.5455991710235104,0.797429398075117,0.40674380525813303,0.13799890103863655,0.18254239599734595,0.6556746298141896,0.6798305535114828,0.47481414317763015,0.33120742167018563,0.4779235199437789,0.6072481977670005,0.5276811463711217,0.2972409521968557,0.2840954019696971,0.41153398797281415,0.3926811500555051,0.31440848155916407,0.29295918608236693,0.5908506905024136,0.2627983422407556,0.8920482204017591,0.6397521508125615,0.8341401110781261,0.5732189650907712,0.7253629686019613,0.5996523035601138,0.4281365690399477,0.722364286290178,0.580671202011353,0.4121021028623517,0.45586367226588675,0.30951445847723,0.5768023130417052,0.4160073536725819
72,0.4029430579765581,0.4771936200773564,0.7183527448833473,0.4908161958406522,0.09136834000118693,0.2439455667667919,0.6692067251585643,0.5461208490366494,0.44137696775218344,0.39542484370066866,0.530485777272516,0.6524738644210535,0.521316423040173,0.5968134956971081,0.5849641922436059,0.653021748939332,0.4282724053365531,0.2739300027801683,0.3263996992097928,0.5371620027552659,0.38374200522594637,0.930692930030695,0.548208438320579,1.003574636916527,0.5329240030642526,0.9606473838480165,0.6246439263612056,0.5458944044930585,0.7241386931826598,0.6058348822851983,0.42507750859677057,0.7122677531438144,0.4497312755414664,0.4639247613315173,0.3603331589104031
73,0.4056059672492277,0.40085237088146686,0.758038629355086,0.4793532613832214,0.298886088927315,0.3160841386781052,0.7484148447564885,0.5667935423864368,0.46464134295367343,0.36849531312185035,0.580274971242676,0.8117332234088998,0.5649085880845746,0.557977077629408,0.3609262087136794,0.8341691598060355,0.48844750125798647,0.20593769584356036,0.3378503221646503,0.6141755987465459,0.3558497958795591,1.064143294704669,0.7110528600004486,0.8739665387292329,0.46129641268213817,0.8391781808022126,0.6315875747771174,0.5063444027490108,0.648880432701887,0.5460108100690771,0.37211791230764957,0.5732841416516337,0.5451522310540915,0.6054346687292422,0.3550764301856978
74,0.32835907107351775,0.5317635228065234,0.6426657601076116,0.4237509723131356,0.22943280516310288,0.44101414613424395,0.6185211861264533,0.5651506761039753,0.4233347386259724,0.4177072036669225,0.43104283986489156,0.7164061811852855,0.4119876456598731,0.42527384139498026,0.49920127797268854,0.6804656754455543,0.4268127835329653,0.23981058089248147,0.49382960298260326,0.4723095025298581,0.4824397609180162,0.7874170774933766,0.7002760844307133,0.7196571146232902,0.5706691102782897,0.9053223400213559,0.5727945536690454,0.5755027737565395,0.5287713774160255,0.5754823459305036,0.461589998096568,0.7910713388604715,0.45612733921624926,0.4398007753252311,0.3932666499079961
75,0.4606758556046477,0.5079971624371495,0.5894670047589093,0.5569909345468714,0.30871728516277275,0.3734510173964939,0.8060517574265396,0.6424823558543995,0.40100065979745836,0.34661979247420427,0.602505332222181,0.6488736290002699,0.5963957115941829,0.48707833389782296,0.29540795396124386,0.8740076462937836,0.5104943782527951,0.2599170147909617,0.49889999573986654,0.5990728776762181,0.449193506142736,0.9974417280207452,0.9299527349624478,0.9379136422088892,0.3915220217421721,0.782333872928594,0.4983160329382655,0.52318109198305,0.5993911824096558,0.5977252715556884,0.4151383889993395,0.7917932000888332,0.43945826490337825,0.36926526822089345,0.34477402944887137
76,0.4474508330661356,0.42283096563829015,0.6135214700976046,0.49150712097593113,0.27611968492701444,0.4229151797512299,0.766256469090781,0.5914629541196135,0.38723270039265667,0.4713405906740506,0.5054301826280412,0.7991112553818629,0.5628910495467228,0.41588191883149916,0.5043647756907007,0.6935375313928666,0.40924721861757346,0.30982178387305026,0.42201545888625513,0.5169390139086429,0.3319188576017055,0.7758631860057004,0.6824163388513631,0.7436356569019488,0.37547787758633167,0.7842574775490532,0.5175891592678308,0.5329200257808197,0.5059272992764108,0.4998641616311267,0.3028347719804737,0.7629995683502462,0.39320675918670606,0.48386713234394507,0.4168356583753057
77,0.38307454761504955,0.4993999520574829,0.7316667947280147,0.4549201881824752,0.3443330858500522,0.5483203672405579,0.7626755487617846,0.5752753374099588,0.563635762538366,0.3238002602691955,0.4726799973119124,0.7776835151140647,0.4353002449402795,0.4072811913300194,0.35990725492441855,0.7771502947704243,0.29694534179876975,0.2549315670705772,0.4141685989254296,0.5812164647669651,0.32760775579437745,0.8712620384196756,0.5935167160174069,0.8984142960373735,0.5957726436751154,0.673113786553786,0.5856875607581756,0.513495854564,0.6331090133333186,0.49455035702370653,0.3242097369156583,0.7481456551076255,0.5571800060106759,0.610782414173433,0.4253194617291185
78,0.31534830717283946,0.3576475123785985,0.7236370382784707,0.5020892765482684,0.24380314529481983,0.41774382798340715,0.8298038157577459,0.6494703730699363,0.4187631079638334,0.3149723954839035,0.49462718632985175,0.7103790890428301,0.35145990765770596,0.3288829273338114,0.5571674559802349,0.5830603196330827,0.296355540016389,0.24135126319192451,0.31525007124993687,0.5880268527963559,0.22977859561964423,0.8730760912493287,0.7483680820185621,0.9100511159247923,0.5726290554276428,0.8055271537327479,0.4944902924677126,0.517772860629869,0.6238710424369707,0.5396445456241264,0.33462257339842877,0.7297661829300673,0.48613314776741195,0.500746182554175,0.37974531688833835
79,0.3303826220593187,0.37224269425341594,0.6368473439229219,0.426890090115034,0.38363276556347414,0.30035404986154207,0.46630669672583736,0.47854310708842773,0.4770457597174195,0.2694684424463632,0.4701973053676325,0.5496908706164289,0.4524950264751473,0.4018995982572948,0.6313696373613709,0.6697344850679577,0.3101278391397586,0.2827024635452741,0.39153235016955534,0.5538692827658902,0.3410748199292708,0.6053823162493086,0.6148963339547618,0.7645824032235453,0.380504868965485,0.5188055051737139,0.4334583999460275,0.3921319150274002,0.5493953382925794,0.5282635858377775,0.39519752826281596,0.714742267549684,0.397945792482412,0.49342502333849436,0.40153926992318306
80,0.4008014556644982,0.5076273655412067,0.6888432852035865,0.45495114854964713,0.42981909886801906,0.3945267539354489,0.5846164064594009,0.642350735422761,0.5454917892015821,0.40330342055585827,0.42763193627426294,0.697573238713018,0.4186590104478284,0.4349605996228364,0.516965306879495,0.5935570524347078,0.3203712983578129,0.2878418372250634,0.31203801264058717,0.43838828207277714,0.2597394358307382,0.6182622885960708,0.5873965686540101,0.8581138011515882,0.5247553977316053,0.7742024966657541,0.44916869660060343,0.47410633446022893,0.6086306478916605,0.571221472634326,0.2953710421667949,0.5343847214340824,0.31630158337837655,0.5095686828759161,0.38005771942471367
81,0.43180293932696495,0.536715039480234,0.7150609790598366,0.5505637875724335,0.357181074015014,0.42641925098490185,0.45232324900922316,0.6513961666182635,0.45188397925311247,0.3738650772580546,0.4160340126822791,0.6842317662084868,0.37502932226102137,0.4567758462832473,0.5093392421629155,0.699509560058164,0.2701670450343662,0.18656329297431712,0.5016015203123849,0.5752576210993562,0.3975497687882983,0.8198546910691249,0.4605536368001262,1.111803896505226,0.44371371999531994,0.8608790044108152,0.4729055437332267,0.5664883035260573,0.6152805877028178,0.65817268642898,0.4822134327144634,0.6536148275861675,0.5012309220799886,0.5313911162323603,0.4281565346537264
82,0.46738225506999603,0.3243535035300963,0.5330858221186446,0.4904957435242412,0.45958819199670997,0.4720121206058319,0.663109283840609,0.5189639130025941,0.4258742958366324,0.3776595694580299,0.5545926927592087,0.7687749964988786,0.5296209700821972,0.5530861149553814,0.6727694522914553,0.9430345516246512,0.3172392501944714,0.2339133512585219,0.40927898826546955,0.6593889336888457,0.47431499680402256,0.6394635023895364,0.7527582678675895,0.6268056211099939,0.4700015571632864,0.8511873905357146,0.43884434036489406,0.5639035882316977,0.6691581626294345,0.6882891593775446,0.5287818106504896,0.7605187916635938,0.42004717071438924,0.5021097278161604,0.3503163372541887
83,0.3779986723789205,0.4456292156949176,0.25537682615869584,0.4573527502380683,0.32173792856295347,0.403803165892977,0.6481011967059267,0.5914485323934505,0.5471286360046793,0.24689152940832174,0.5778970894464761,0.706308225534263,0.4282354689294142,0.556751064350705,0.7282889892180094,0.7372450748679475,0.2871271969681404,0.27070141449860957,0.35904466831558535,0.596449231734946,0.2509857071186299,0.9085030046716296,0.5678125315309309,0.9622620292847417,0.5623958446210147,0.7130228538110904,0.4339156339606272,0.3689185300158202,0.499199008702569,0.707550365830552,0.5406488804743714,0.5051365588479841,0.4152291140771054,0.3702657013777427,0.4538861464593831
84,0.39823027477753287,0.6550732404669019,0.37977309761892775,0.45537718685251394,0.41728023290535016,0.49304468188972655,0.7761689689588791,0.6742628104751474,0.4372930649982828,0.42729040819504027,0.5051532164562764,0.6824435229951411,0.5614060665960179,0.5822975638047296,0.4062002773421979,0.79660102375585,0.4179146500867125,0.23869199398379468,0.4021744131622582,0.5928922629341207,0.3382085911542497,0.760443281253844,0.6961025648013054,0.8784036768838634,0.6104587382030735,0.8885774922532758,0.4952849982225726,0.4012334904851973,0.6014570154396999,0.404028940788427,0.42798526327127295,0.786703152617528,0.42656063085058216,0.39901522191096417,0.47581032791472394
85,0.43770469337627843,0.38480760952542803,0.5879123379909641,0.4245110966994266,0.42397559577099597,0.4219749038459738,0.47965994969886916,0.4883102261158081,0.6447646411482018,0.3343142911452398,0.6450015562168119,0.8748386968801901,0.39778994377370785,0.6774707704369135,0.6655809192005218,0.5657593343810625,0.24575172798965192,0.38260831878447044,0.411245827011393,0.7624327804107913,0.3195482922222708,0.885540183682791,0.6001200358771498,0.8219808973662666,0.3562153664086837,0.6712576228267508,0.5082607449597327,0.6291117533901114,0.5470035200468689,0.7074185422805421,0.33850712782608006,0.6758036966936862,0.5975179972485536,0.518425723489195,0.5486459711405356
86,0.42190442557615493,0.3664170510012218,0.6740343591155519,0.5318671603081617,0.2648161479689968,0.4368017177147578,0.6576081020143842,0.500689374071227,0.6203798365335459,0.35458045858454534,0.3915456593635893,0.725145739497522,0.43073625685664013,0.7427807468980527,0.4412792760339182,0.6801163813033905,0.2952839515787279,0.35886624136633055,0.32409331525470286,0.6428940905850844,0.4251908506876606,0.9317444954186345,0.6191851323744473,0.8301390868506797,0.5533980040561557,0.9968839343476388,0.37746738946098124,0.48951962040247443,0.6724263079458583,0.5380163734763399,0.378654270952771,0.718848802753878,0.5659879897399875,0.5953458493493402,0.33710662213435666
87,0.5435142438736633,0.48454081798561666,0.5148455232481071,0.4898335523327577,0.26568544840337455,0.5506005336891117,0.5870899528188073,0.6069150364879727,0.5556766192742765,0.362837156379459,0.6109071573553665,0.7535205099623672,0.3251320686831638,0.7599249936568518,0.5457026289552248,0.8563386010128682,0.2687400376230573,0.3943524396016065,0.404057017473954,0.7865447354719222,0.4975788014525196,1.0702878503350401,0.6829132938699622,0.9438983427274377,0.6316336485087021,0.6144548300805664,0.5596637075459805,0.5034759856529326,0.6054566332182736,0.5837368979386748,0.5140773209030676,0.3511896884011322,0.4914474574951624,0.5324205169723216,0.4242073786283811
88,0.38824313712803304,0.4473934298164757,0.6688534803067145,0.5325037911518287,0.4123869049030814,0.5337261913531265,0.4627744901370836,0.5692245709368877,0.6563562373603335,0.38569496203765274,0.5581356372798117,0.6417550281037574,0.48275051291985915,0.575102596480057,0.8101593342606865,0.7727497350333918,0.21506654068924583,0.3199193407411888,0.43697001787290407,0.5763127472190408,0.26871064374310827,0.8270180739577919,0.7226245840907364,0.9165814402043513,0.5041980508894541,0.6788915658037231,0.5143511957582669,0.5467220660090832,0.5833387446956145,0.6631509955474724,0.3788307145720521,0.6821692782465194,0.5359614873196435,0.5238427764596195,0.3257836382273922
89,0.41142813980639525,0.31462963959948737,0.6500948083023241,0.45329723347522016,0.32603070900911496,0.446084946031106,0.7188376873326521,0.6512573357803185,0.475070261143247,0.3438713392434816,0.5731375802444156,0.6693583692986658,0.3668404374409531,0.6081716013034917,0.6604960231658686,0.6801730046150254,0.2743748973849952,0.32259913961260867,0.3685872729302251,0.8332732621753208,0.2202583443496059,1.0211650659664069,0.6162810164421041,0.8803467167931639,0.561876480645654,0.5917821489595446,0.48757563855514907,0.48758219803271163,0.5335536759966861,0.7432418803131434,0.5406794091500762,0.6040853223094623,0.631988475779977,0.46548273262104567,0.3621164238723915
90,0.5213467493358455,0.2929407698453712,0.632885071510277,0.5048367930829083,0.44595723377952423,0.6530748800718982,0.6123943450622895,0.7181597365987806,0.5566384851022298,0.40648477018815565,0.5028232303340225,0.700352097819209,0.3754196385678181,0.3755213695429741,0.7215519106753797,0.9661642530615397,0.28657928007069433,0.33334099194798406,0.42173881022619736,0.5498199359548006,0.24985063793957502,0.862186691488869,0.7584111816794172,0.8778040998656419,0.5938144010090571,0.8321095018914826,0.5922950290411381,0.5920685002465838,0.4525670386876802,0.5906230210027846,0.4816073399962508,0.41285224911210044,0.5811115087740769,0.5724080788283084,0.4662776450282389
91,0.35255349758672155,0.3670476972181845,0.4578661032803619,0.5510816251213112,0.3357204596888341,0.5712455169354442,0.7958289660381532,0.6724487985447567,0.32622827322565295,0.3801665347717367,0.4907195764828339,0.6360096421828411,0.4523214099773587,0.5305789322655579,0.6667795952434219,0.8093269851164353,0.42235494562594983,0.27475968516186583,0.39251652676501336,0.44941356684097067,0.09678491635617646,0.795621978459061,0.8048604754676124,0.6467512539038063,0.4136869144440421,0.8275167469940581,0.48192867965189645,0.38266453706403347,0.5858115134700443,0.5514822133545192,0.5506211603919886,0.4925277616788539,0.44212460649493385,0.3592224645574859,0.3269160250154727
92,0.5015026319186565,0.4188345367151156,0.48926717042552537,0.5290756053256092,0.6505338359037433,0.589112135580677,0.6746461260046912,0.6678247261708887,0.5445107951576043,0.40459920374611363,0.4555184662891675,0.7207898236485935,0.4465920933827928,0.6428192148787975,0.5747034842254948,0.9999446867056832,0.43365300622840086,0.2650690392501655,0.3878701215205169,0.6128327241850888,0.319533639984145,0.9718733015883614,0.5918453357669572,0.9467252467542826,0.5500495580959077,0.7195202875745962,0.5688742049405002,0.5800721168702898,0.5797636723592821,0.7603655749531806,0.7645899264855778,0.5105348890677959,0.5663503882404385,0.44243597864248396,0.4321592040691218
93,0.3903513221332975,0.2641397873059841,0.4263774000069105,0.5668228883927632,0.1415005932138076,0.4751872234677341,0.6532464691317303,0.6608301183412053,0.4509328590353739,0.4150909734509481,0.6229606026613939,0.7990745078178614,0.4194158830182494,0.45417261197741,0.4912423425406704,0.783272355243585,0.5094662689975751,0.3468964053168574,0.353207463218452,0.7492623061988333,0.2988073412065981,0.9645875898226728,0.7488829140233034,0.9678061318190021,0.5439324017811256,0.7798372443339787,0.5877494104624459,0.5146630330150708,0.5374906445402068,0.7625387494378628,0.5060825862770562,0.4140026577222774,0.5898526385896674,0.49593571049632734,0.3817228406278145
94,0.2870082091962407,0.2619773501104116,0.4965457060405871,0.355645757510861,0.35562203568257134,0.38614192761140004,0.7624254933448553,0.5051607458901064,0.5041786137101647,0.39130742974908217,0.48337402041119776,0.7972655379673927,0.4208709627568602,0.34049122673419574,0.49366359117877173,0.631599176810397,0.41032697343575103,0.32916144019624294,0.25603970018063915,0.49654551479965603,0.2897486286182791,0.8241833780678717,0.7813920897001345,0.7654654861815462,0.44236324618570133,0.8090801981604283,0.5178213088072219,0.5739792746696907,0.6725661353730861,0.4728199812470361,0.6792881057528712,0.6718207334650355,0.6653361138278733,0.4708459875268383,0.36932761479059967
95,0.38646514508624796,0.354201013335631,0.46430936541861106,0.49007153014400984,0.29105215430408543,0.44144730487397915,0.7562643324250475,0.6355776322568268,0.7463910309335837,0.34456953651293765,0.5760194667010305,0.6790387590097442,0.4855038126562714,0.5692001463945391,0.5759113417978786,0.7110723664252572,0.34855017405938676,0.34347972748576605,0.2335996622794118,0.606703140760488,0.2713149357438749,0.9973319192672924,0.6898769675623226,0.9236132949554896,0.5303479910666126,0.975941031762267,0.5746398801648858,0.6018828317973623,0.5750196751026492,0.5860853854804998,0.5855105244951447,0.47108532004772774,0.5835369042593568,0.4595441679742305,0.37500587380179523
96,0.36092004780392206,0.2181436017746996,0.6375034340407935,0.46788623699277343,0.3391206961385543,0.605460356318927,0.5537554385617155,0.6293008729267828,0.7283361415507528,0.3412794035246205,0.4891343310944069,0.5586299904426311,0.4773424853085463,0.4594980210381329,0.6280675024952627,0.7098408234659266,0.29108112052312785,0.39466847676474887,0.3999539529820132,0.3831292316458081,0.3816358889675382,0.9110249545649923,0.8205689363097162,0.8680241584938231,0.5802051638851349,0.8782583362479882,0.4741960670960792,0.6369851984802859,0.5648874517853817,0.5893813638573253,0.541826756850098,0.4909128821711688,0.6926567979255828,0.4868227951235373,0.4508451253023945
97,0.3424931491268002,0.21572050709663634,0.4880611264445756,0.42762374133675674,0.44407952852183785,0.38968414993028117,0.9012943014685743,0.5539390643304692,0.645114365145779,0.33935931283644183,0.5167611155835585,0.6766790946449687,0.36883927062334076,0.5927097333247138,0.5423916875784214,0.8081786531071133,0.2979431346184138,0.3499653781511224,0.2591884683147415,0.5396610464063734,0.32145143578433466,0.9440435669925056,0.846669275567469,0.6579707051748462,0.6103413817855934,0.8828187358799586,0.5435750573235718,0.6318880234501817,0.6890991283262154,0.6109225359832693,0.6377349742930205,0.617644974045269,0.7508226757855172,0.4214055296560619,0.40026695770841725
98,0.3275153632752725,0.3082732522497158,0.5290479389644149,0.35160058509329045,0.3074966347929306,0.3572744956926083,0.4155860498594025,0.7382681807829936,0.5584567541192571,0.3078652849014481,0.6454077282919829,0.8028139762318367,0.3211321079996664,0.4773852185925301,0.6279011408949758,0.8305828969830809,0.30511881254420997,0.2860868106542953,0.35857940151918055,0.5193734712727416,0.4564999427341516,0.8775898734087143,0.6530210322387833,1.0998424232090036,0.6528243248115883,0.6317943429541412,0.7003885422430198,0.5204668718340496,0.5723776808880687,0.7296394706475788,0.566794561088978,0.46591233029519535,0.7530301045263302,0.4718688379208219,0.3714274991913291
99,0.40561202030449406,0.23903078711056328,0.46076039188645107,0.38232673343509954,0.2700178020284364,0.4491467229466747,0.6130863682921894,0.6323312997125482,0.5014669813134176,0.36428460489923176,0.4472413160148809,0.8833743601061586,0.39866257604810623,0.33551308026469373,0.63332494802426,0.8479957190498069,0.3442359605242341,0.263646109591403,0.4129061060177764,0.452476500934676,0.4538383597908901,0.8551018411362883,0.7452368628137953,0.9457213147282646,0.6197645561089469,0.5437453173219081,0.592977032521536,0.5665156182976783,0.5661822996803236,0.5686685645382995,0.5922943191179315,0.44581881207988205,0.6292408300236463,0.5501431747183214,0.3339299834014
100,0.32164094265419835,0.2542990035228002,0.7674726022377449,0.4707877208387978,0.33896173564697385,0.4486137140847464,0.5749349349478128,0.627606773056089,0.801902774771851,0.42331980915069956,0.5693883404698452,0.8034452939323171,0.3837962822310724,0.5168626347014817,0.5395537070390691,0.7916059473396895,0.3644252500361644,0.3415594242261528,0.41120029568437805,0.7151642718786712,0.43884356223698817,0.9757529871568937,0.6839431871117481,1.0619888129779331,0.5537364683584836,0.9168700674410192,0.6833289282675352,0.720974943256099,0.5930105995730787,0.806879769537734,0.7011424352095104,0.6094275822701727,0.7756856594174448,0.575946998453954,0.36276819311447994
101,0.3041391684792646,0.21497786111911096,0.5930462929843956,0.5111918998233121,0.28248853287801323,0.4534212745253674,0.6724192308568742,0.5843589211771918,0.6041391133583193,0.2795439752702559,0.4935486061269169,0.6727229283667807,0.3328942778465048,0.5213635454500091,0.6462568717227167,0.8151692069484486,0.3021669787744678,0.3084116097826644,0.2828225980191833,0.6285727334250201,0.3310753300918269,0.782187288906489,0.6872096459648998,0.6568574254100676,0.5747881516197475,0.8252317214950159,0.5047634762487452,0.6267524789769501,0.39680328798038933,0.7680525294326754,0.5946353743047444,0.5331977012639562,0.7437188168027848,0.5483700655916847,0.27190277359511583
102,0.30022694295351515,0.27803043523811377,0.6181777109198205,0.5033619490952894,0.2930855466736035,0.39977564865550846,0.657795321949823,0.5815098647317399,0.6522463679364814,0.33736347949820916,0.5671581526002113,0.6600388192887436,0.3614882192651002,0.4911227907626863,0.4941848684944755,0.8702689992163246,0.3239345371183069,0.3016651990344096,0.34022778545329313,0.660569648738778,0.5329666715254132,0.7922350859425892,0.6557230916963237,0.9182073565230738,0.5037368690598636,0.8519797639036273,0.52856373027849,0.5758871537190429,0.594386257022345,0.7266140247328896,0.5999074926017359,0.44721763593266894,0.6537635465301963,0.5351652121011736,0.31274294665083063
103,0.47075718525925064,0.41354784386890836,0.47706234413696424,0.505363347058658,0.46205833222356446,0.3898342663977069,0.7351881179803431,0.5669543420163975,0.6397023854329933,0.2980366126017794,0.6215448288213896,0.6472585586928192,0.3223396088830195,0.3470546343773804,0.6545178424619358,0.7521930128597141,0.2817010556745479,0.2400725479693249,0.323861084643702,0.5556346727129187,0.3679229407067358,0.9353098685523538,0.6911755750013291,0.9206594340574195,0.6478759549975912,0.6958730054864097,0.5101803178198094,0.6296790131249151,0.5135079159680705,0.7819309438408187,0.7035194563320775,0.4694448613125005,0.6447656831990566,0.39606201446071293,0.3807898356881213
104,0.3903708580171696,0.34130326535059374,0.5187788757259948,0.43938186592409634,0.5472681815147814,0.47132053325639245,0.638968340958963,0.7040980040430909,0.5865700030521058,0.37526154655878874,0.38096459620603473,0.7977376445238926,0.43201728742702894,0.2831074716304817,0.4933171695050053,0.8509951934571598,0.32625227967660453,0.3207512669398575,0.3595014408607107,0.43467183742416265,0.38541268077430635,0.39054408068756097,0.5900897071630232,0.9690568905483798,0.6143039342185624,0.8045732602660371,0.699112651492507,0.5618110444800325,0.5432559018457054,0.6499543384187336,0.7511798486533207,0.5022705684321096,0.7013228765911126,0.4347467255488163,0.3824034398463496
105,0.31455005062451774,0.44582340441953,0.625070926663893,0.4167989135992227,0.4584854428898293,0.29709012288604175,0.5649701466989053,0.6620228556661543,0.7131990203812464,0.19956041127823562,0.535352155559909,0.7023994389089809,0.4282198545234648,0.4457210527491269,0.3384120107189025,0.8973372340817254,0.24535457083295212,0.3029572893049593,0.3435270375955455,0.4088951908552843,0.4079582849156236,0.8759489650124772,0.5820334188715128,1.013537827538793,0.5204617123329605,1.165644302272289,0.6545725049366564,0.7117432542250937,0.4395318998427269,0.587880815409439,0.5743771233230848,0.35242578666593843,0.8241470709292357,0.6339743671988064,0.4306137347408081
106,0.4736931601398672,0.501560705645488,0.4928616733844315,0.5483967685426141,0.39208106219054206,0.5050371761024504,0.728275438364992,0.5937179014347387,0.7819462258392487,0.32688762053035253,0.6992464533832693,0.7522230681169901,0.4686971977740231,0.4604696274849088,0.34065731154613343,0.9208972128248653,0.5174082757280328,0.33676473851055844,0.41084234551884513,0.5447462442772725,0.3344282164162261,1.032769059847828,0.7640640051979712,0.8875309000189439,0.5224908184592667,0.7072570246139994,0.672993486811086,0.5926339754713039,0.5814273546428095,0.759075880436905,0.9036109782460443,0.5090839824882956,0.6537434540599705,0.36797158412948283,0.3475791793786562
107,0.3161174170815265,0.4139924457694502,0.4695823320891173,0.48290230272259954,0.40670035057255344,0.4840274507946771,0.5091688003896417,0.7012800448376764,0.4036811190609869,0.2969815092680311,0.4793490150285392,0.7890071591225056,0.4354056791990375,0.5547004047976938,0.5342838383651367,0.9184589777373987,0.3420793458287483,0.2026321789839642,0.3046430521618944,0.5617171099668465,0.5823312877106517,0.7263482244144184,0.7393761952038664,0.9605053212499609,0.6216983852647262,0.8096701410891468,0.6036480015471637,0.4508315133013482,0.5466914646080532,0.653526218516019,0.7309291179357243,0.39825306127789384,0.5929600580123927,0.2513536400195551,0.37111058272265773
108,0.34064287053700426,0.44116797035796385,0.6037280025306813,0.4400112834769614,0.48933751195804875,0.39645453023068244,0.7861813180284658,0.6106408775459016,0.7058871561902399,0.3078273283196006,0.609082060112274,0.864808564913631,0.38802048866243866,0.42405476194315106,0.5250736200479902,0.9081720877385171,0.38120386179865406,0.33810505159046095,0.44659160899835315,0.41059086488190644,0.5270617488040822,0.8103649727312187,0.7899115335290932,0.9419963836052447,0.5161604621787754,1.0337081784149373,0.6160583243110118,0.6857107544932242,0.596551641693961,0.7542533177620157,0.7890307714395784,0.8130568020088802,0.6905560560737998,0.6056118299183643,0.3057721699288888
109,0.44166913464083446,0.4108702629791024,0.5817335778091715,0.3122581263646007,0.5574354963716306,0.4286439910968701,0.6751817379668829,0.6097572363269261,0.7337970590082301,0.2773418163921543,0.4711342233386737,0.8375328534270401,0.4296811945328848,0.4644401369821772,0.4966637346537488,1.0231351958992365,0.43518232811565016,0.3483273201725271,0.4383666219362491,0.3718443342004686,0.7307831353369676,0.571356500209379,0.7291776020187559,0.985040044562548,0.6253964302520844,0.8654038027311761,0.4864000803172377,0.6811147752050288,0.6342255712307953,0.677152454237294,0.9268954187506737,0.8485278804632912,0.7620894207876445,0.5061028779611574,0.4552205359012502
110,0.3325879261171172,0.4855646446830443,0.6213539917473032,0.48682970483755744,0.6077956385566189,0.46599427134646193,0.5468106656468628,0.7500172499749982,0.6501875189408212,0.3484318198466024,0.5443901321574671,0.7770303031892958,0.4684432633226857,0.5166456929473402,0.4392953648105424,0.9226291530292963,0.3873303607100558,0.2961253578023261,0.38856654082404984,0.5213688959642584,0.7091369532878261,0.8491694837069192,0.6533688557454337,1.0508376709700884,0.6417291610216647,1.0610352403201888,0.568452929039916,0.7116300616425408,0.5474796540023479,0.5692369087424906,1.0120618854745413,0.6529143769602803,0.5624465537199477,0.5295673143209525,0.41889927106034497
111,0.5556342426776136,0.3598216814351302,0.7190788493027664,0.5530242109945276,0.5210166163483648,0.45972533888113976,0.6721699591669843,0.6180725488793252,0.5615623014405331,0.34054572006487843,0.6450290604909548,0.6618561042827726,0.46714771779471365,0.485285533158361,0.4014663830640368,0.8642819526571529,0.3845802619219808,0.30831997129104455,0.39393772318727266,0.6992308795256461,0.519357134251957,0.7743108828035863,0.656965477026562,0.8182917623210328,0.5753632087221756,1.0814449831943382,0.5552123967372551,0.6538335533695987,0.5662064055563834,0.7657772480769569,0.9013907596778918,0.56803074696261,0.7403175374921178,0.608359062200966,0.3390205728807728
112,0.3659647871087419,0.4305056874254002,0.6623882913462509,0.5043153071939122,0.38077326824260926,0.3867643056216446,0.5910885552254386,0.6590941785407292,0.7817954211136018,0.22733129108278827,0.5945464077952527,0.8315823390678089,0.4289278137469549,0.5486344070788485,0.4053921208959512,0.7414690780544474,0.44500655179443793,0.2853060252341769,0.3225098624403386,0.6594741588060204,0.6243824707569005,0.9794027418166369,0.581679289443723,0.8305905081183177,0.5361754073839102,1.0904972877127197,0.5713414975550059,0.6894899994012231,0.5921629161505719,0.8283132425502013,1.0025948856136824,0.4226943560883464,0.743157705467648,0.6115984514805829,0.37746029534622877
113,0.3446366775616376,0.39940978480989425,0.7305194328019136,0.5057090820440793,0.49778503975156185,0.4498123362586283,0.658822680565246,0.6255583015747326,0.6096981712996872,0.2613547684902456,0.5205290937991036,0.729220839422825,0.44685122514137443,0.403282905737787,0.6108639125772514,0.8916860793574304,0.48971665542202303,0.39099690120217545,0.4283362659708658,0.5781900175808536,0.5189999023015583,0.8285985861154164,0.8101976025716531,0.8538719318714798,0.5511149670267849,0.9819628835314267,0.5924227591475859,0.7361657084262567,0.5446449505904815,0.6795834664307684,0.8105103253234934,0.6954371479610691,0.7478345698169651,0.7666013461356358,0.2832143669448574
114,0.37598782749048165,0.35330047102662643,0.47028971633367256,0.5712373468461512,0.3631440247862091,0.40634363857597045,0.6969176937419167,0.5320713998009513,0.4634008190880154,0.32489026130232285,0.6433010690258893,0.7972741899053739,0.5896749088099913,0.4994030099869457,0.5397044811851335,0.6634299602966462,0.47610067080544327,0.26823279822144935,0.35067586428366804,0.6251533031994909,0.5056650796538545,0.7601935426587682,0.8347025660681502,0.8187733262167103,0.47959409628436334,0.9154672698028605,0.50879286615232,0.7330047756268973,0.69015619799403,0.7997138197912192,0.6486036036841878,0.8661683232300093,0.6757508807780702,0.622159987360471,0.24945594749742045
115,0.44032421685160494,0.21153879022136118,0.5701954188048107,0.5066907778338112,0.42382974722778977,0.43173857377579294,0.6009711973564559,0.6190875007932393,0.511607282561154,0.3310147731179516,0.4977625540075686,0.7067278912829165,0.4097931990057866,0.4204176914902886,0.5616583273251515,0.9541171064043399,0.3837357734660669,0.2748802887427321,0.41117963861401907,0.716577023902942,0.5542232615834317,0.7652715227849692,0.6858599679101112,0.8910690235342695,0.6284921217464042,0.7396265742798198,0.4424522910338786,0.5011875991701467,0.48717902706392147,0.6990422117232937,0.7031102897846135,0.6223394726125789,0.6309207862599744,0.5556356528578881,0.25828349093388914
116,0.4248995376937365,0.300227023297011,0.7709856382325526,0.5502824915455242,0.3937723469857223,0.49745664008180646,0.6009999137631121,0.518242633347983,0.5780343430898803,0.3121767741524568,0.4798062893034142,0.7512483970658341,0.3418541761317176,0.4131519536724711,0.6144673730695384,0.680862063981091,0.4842153406062206,0.389944624431467,0.3342557932337842,0.34751593491263477,0.4743080118785502,0.5595362046999359,0.857388403230684,0.863454506998776,0.5823504308902031,0.9375121189947832,0.5686752470149523,0.7967148706591066,0.6757933021452134,0.6420156179840832,0.6572973770214179,0.7820230362998877,0.8360283877105079,0.6897947056492794,0.368951469049014
117,0.39658455014040483,0.40827268552204654,0.46885374812941166,0.4657127807696485,0.5244946895706117,0.6237411059570912,0.5973489679233569,0.7702350000735827,0.4250302512658192,0.2704477630322228,0.45222933087696543,0.8874468996750695,0.30316369305208357,0.44526629240655513,0.6450825458924776,0.784214004296703,0.3972448508587584,0.29833380744684507,0.42789710931608105,0.5605714627745129,0.5461732561233071,1.1086190342322872,0.7146713570807377,1.0536020046916248,0.6512337784626054,0.9187872236730579,0.6732893746959452,0.7058324399953626,0.5129443667059714,0.5885249568660725,0.7525556602667343,0.8042715759138103,0.7736919729646043,0.6929591144679064,0.3098504662750534
118,0.3669438649403228,0.23876416535058265,0.6994984460464705,0.5331646735282422,0.43304222098723955,0.4204727392587799,0.6209879455232586,0.6184048348505178,0.5565689044943631,0.42536066516815085,0.5287585611229814,0.7179663617684284,0.43860071431253256,0.529863850346489,0.475103730457161,0.6551130409876088,0.40230812492721096,0.36076425622015407,0.34110890019682155,0.6149583255839038,0.5283977673627259,0.9231371481848194,0.7148329888474576,1.0137307276611933,0.5522327585281825,1.1272125730040314,0.5087326565843304,0.6838627176018055,0.6118411812707794,0.7967295002989433,0.9139365834738377,0.7079919630841645,0.8361728606186729,0.4886547913947567,0.30858488538833484
119,0.41805472749041284,0.3011194490492928,0.6230536470702104,0.5183597291660966,0.3897006018345549,0.4666230085009966,0.6491772515496703,0.6199788117254241,0.6705627165108047,0.3265805220681946,0.5055895027968859,0.7141857864501782,0.391899444942843,0.44966836815162214,0.6369057865103316,0.9436730752069168,0.4026173187541629,0.37154765774427134,0.39054474045172966,0.6821735332373932,0.6796183500250479,0.8923706329395735,0.8418381050304623,0.9616945002360019,0.5929095819198389,1.083903632880809,0.54729589060317,0.7958203541568987,0.5961350758824231,0.7170153574616104,0.8582937168113116,0.6642831977004623,0.8401893090528202,0.8296161022788628,0.24085870511750973
120,0.3487119266025116,0.35907784129766185,0.5852627846500423,0.46594453156964455,0.44549787847169386,0.641870341114372,0.6498846260623237,0.7083425653269044,0.5213929495982775,0.4011008682884911,0.4928498276493647,0.752334142492517,0.382382924538898,0.4279729036031298,0.5707455661126719,0.9143106439682742,0.36917490446097384,0.36322210347508693,0.36705055498590794,0.5099709381371156,0.6816945908969849,0.8405642669761157,0.8353001234425481,0.7237917421097677,0.5915272865605932,1.0362966259934712,0.7455982615802881,0.7477888158406366,0.616413678656495,0.5321246348996631,0.7813336348473754,0.7972917057324722,0.8481604498890033,0.5946053156762278,0.33933281177946184
121,0.3979726680627479,0.42893686888879956,0.6911232537728607,0.4649782386358827,0.46934074636285195,0.5778128761341119,0.5151144459111917,0.6003085543783562,0.6612921486751141,0.3453940969637694,0.4571364608103069,0.8282944627547069,0.4030809302786502,0.4352911149660653,0.5848115122092513,0.842290774699733,0.4163146718011984,0.3108766129176869,0.4225684073871776,0.5021334432090968,0.6870804125528559,0.8639650891104648,0.8782480005466334,1.0288756957962035,0.6527937831363779,0.9180955188520393,0.7206502600263467,0.6675166099291847,0.614116084678025,0.5447848961612864,0.8590405087074798,0.9333638054662092,0.679028370324664,0.6288566368399944,0.2783325760770118
122,0.49499773478416986,0.2222184755342417,0.590132067042078,0.5944803618206689,0.5197398110452783,0.4868888759028848,0.649753552443763,0.6706362340525633,0.6396921957875258,0.4132561907842074,0.5194952940158729,0.7636254900572363,0.394234169791538,0.4781323886937606,0.6552089946021251,0.9175147281881377,0.4643580566143516,0.33208793840565143,0.4047319090007573,0.6488659204713644,0.6244348556891077,0.9746924559740446,0.6588382669684587,0.9381115491127454,0.575724048639824,0.8164117953038765,0.6355903872644872,0.5513839818251475,0.6420945959757919,0.6973810788585896,0.8004235565613123,0.704647319729893,0.6470190331500221,0.5723118827915736,0.35593931210292573
123,0.5177194406569119,0.2848850072976812,0.7417297739355508,0.5626301951559516,0.5164932556121398,0.520024212724325,0.5760395041003619,0.5358732829695478,0.6314324146202485,0.41517574920033284,0.5845059686144807,0.7237645645384465,0.4807836786425683,0.37116928666885474,0.52544186493741,0.7928600590241695,0.45338069226477473,0.3764100994380767,0.4436891957160291,0.626779590068965,0.5197316991476204,0.7624842846000133,0.7578182287566413,0.8751461672099874,0.46809546123468226,0.8523942880582812,0.5858894475470589,0.65436949583457,0.5982610811904994,0.690869771933045,0.7633752317818103,0.8842310538523577,0.7569006380844199,0.6478308487521715,0.2836836970432982
124,0.42373290241268635,0.39180247165881144,0.6068246293490018,0.4726985818293774,0.48263041662483996,0.5253252695989652,0.5349817388312768,0.5371468675301578,0.4612325118053843,0.3231651465602914,0.45105033447819437,0.7422372981084754,0.31498343272289603,0.3875681618967079,0.7409982580016535,0.8393817089177927,0.32508018240265807,0.2695782506035554,0.43282764597762785,0.5565626439962947,0.69958196578744,0.7033451097000023,0.7105517885872801,0.9113837903119036,0.6381151050275584,1.0157803132839156,0.6334975397731875,0.6485950185828113,0.4945648180375055,0.42262820253275557,0.9209446867936502,0.6416960255320826,0.721326408749668,0.5642453515105574,0.2668066484873226
125,0.5360490999825722,0.4917155799967929,0.7258587486513648,0.6723123988418942,0.5502798008897458,0.5292108233986674,0.6148559002656526,0.5227139913095872,0.4690074882523599,0.34980944768310596,0.5040765506201724,0.8423035675095801,0.2343582508195049,0.6034408803201168,0.574966794969656,0.8428072421618567,0.39528228996413106,0.3639114821344026,0.43554444861124375,0.6201433501062164,0.699435222741833,0.6158105390661424,0.6799052182235006,0.9142955559145003,0.6481459897061121,1.106263005439867,0.6625149189096411,0.8173838076485673,0.6157084624410218,0.4399906520480461,0.7401596680758644,0.6889880344229173,0.8164047797759304,0.5969747574455455,0.2995967172591866
126,0.6075181755233265,0.35196465107090263,0.6775928752180744,0.5652633046364418,0.5231204566739217,0.5864083463403498,0.510949605254317,0.4937061177381182,0.5492414064777327,0.3494909488617282,0.5623167174234734,0.8268929010644842,0.39341319381601203,0.48661546984941584,0.5995143610146534,0.7927976767323004,0.4884850937226296,0.2901273672357566,0.31772145862741863,0.6947042017452925,0.7813971061343314,0.8636151301839059,0.6549400376982549,0.8697589783857421,0.6621777171116092,0.9519978271884477,0.605765460286188,0.6643218853499173,0.5493341615160217,0.6249071586463235,0.8055113371808891,0.824853914437762,0.7092086205365602,0.47715006201231713,0.35471621832151073
127,0.4712563156360138,0.3905180506796563,0.5710194044429254,0.5550928925607836,0.4654481985287519,0.5191571647281255,0.5023294396736793,0.5168469124239751,0.634769593547118,0.3516444142435411,0.43105301639424265,0.7521783854976887,0.4207349399714523,0.5106513122947232,0.682852928281255,0.5351888744099775,0.49245923448881934,0.30122176707183856,0.3466678734504944,0.650564250093669,0.6920682991581458,0.5890491987433306,0.7419709022191356,0.9399211469542337,0.5624638401821789,0.8440526272830762,0.5271003440743928,0.6021180359285998,0.5759725584468163,0.6054257882853544,0.7414313342826137,0.6380316212066899,0.7987026836052307,0.3803782660818402,0.32046192959587616
128,0.46702366923081035,0.4001115263803885,0.5880454302435112,0.5787492064173632,0.3999294077981286,0.5071292731183628,0.47993287595696277,0.45526622943784234,0.45516581374300846,0.32250726396711127,0.5638382399561774,0.6593398154494268,0.3820160447526391,0.5537617354363374,0.6753030886759608,0.6118331431107435,0.47143833863840867,0.31175063036245176,0.3490781339970094,0.7413947535064107,0.6891780152600137,0.5748111237478158,0.8073608560922285,0.9398789717308706,0.5450434846560346,0.8967613336697722,0.5096069582018581,0.6818853200096417,0.6241907228905574,0.4036580456157626,0.7164834886507833,0.8735430816064107,0.7925727422802451,0.4873330961278848,0.2980410757833512
129,0.5162486927368093,0.32333660205905246,0.5921135827379203,0.5505458129724978,0.5398873000771744,0.5982708987585237,0.4108018632063402,0.5287885855965071,0.6007287539770105,0.316704683644351,0.4409634936378244,0.8104462411541381,0.4157474904878956,0.46784929681792575,0.5629182115480316,0.8182122316640337,0.39146292434323604,0.3334730659206682,0.3403904486795489,0.5183146732074625,0.5886003272476013,0.5779792442272564,0.635336082831206,0.9205114353317703,0.45584592424123394,0.8873531647506849,0.5769629904181863,0.6267225334615953,0.5187580831938846,0.4571210199712058,0.6908581030623229,0.6873844662011408,0.82543031013407,0.5203827826563925,0.30129331821381605
130,0.38072807729312685,0.567846291508894,0.6772717641986012,0.5116551255689276,0.3719094793602748,0.3581224643882569,0.4575693427720704,0.5134341013006923,0.4798059028528697,0.3469690032357383,0.4923509359841519,0.8320161138547911,0.44025308265186697,0.46663506696021395,0.42101294710228354,0.628221992092316,0.41903624847348514,0.32062623039886234,0.28392536461770335,0.7126193456336,0.6269200500685771,0.6420467694504117,0.6448748412158078,1.0598372426478004,0.5415532608143228,0.6199295493913959,0.6579980180262368,0.6552976978188368,0.6893787966017875,0.37263339960901587,0.5257955597275916,0.7140653179077712,0.6822632531432105,0.44955444272485473,0.3875386137346577
131,0.41306904233096864,0.33919071092302916,0.705516341766738,0.5883732706539149,0.4910202262668484,0.5863623024792406,0.47948013684671537,0.4301420019667661,0.5900582690278795,0.30577313691633357,0.40274486614323524,0.689314233337432,0.5701685589875838,0.3784104285116967,0.6279948721356459,0.7760335394240996,0.3699199908987801,0.3544258602949754,0.39932505320146616,0.6031900250174169,0.6727847709526444,0.4472261540236782,0.6459882739608644,0.807971020064026,0.49507905582443057,0.9862641493612497,0.4783158296102762,0.7467185384977609,0.6245316782620131,0.5418198051998816,0.6536489412619955,0.9988138525019385,0.8105161638855656,0.475472166264319,0.32653887303735285
132,0.4920830230761547,0.5001432424490678,0.5956224817057251,0.5547910872408911,0.5659151000176209,0.5319377626063474,0.5487749786263596,0.5854568694741145,0.6128701784175816,0.30650425956654037,0.5530035102285351,0.7631278490690016,0.5029016816079955,0.4512156832354052,0.7294526313947425,0.7327312498020813,0.44358844166868483,0.32529107376484534,0.36728070862068085,0.6109877097197226,0.7227221597976425,0.5208465088823657,0.7469863392635459,0.944427488294647,0.6479571719424231,0.902578524932381,0.6394780796915104,0.7707755732418169,0.5209852444363516,0.41789747316695214,0.6530208097224988,0.8593285218811315,0.7258226681899562,0.48515101020040186,0.32480099433187815
133,0.5283792641971194,0.3107261024543808,0.6154157325555761,0.5166748148254403,0.48671362633641885,0.49138763972081034,0.5805076784269718,0.4665111311465162,0.5647237075217619,0.3545791044439335,0.41893762714967286,0.7703325300955236,0.4365392703560944,0.399361234321982,0.7013986288941363,0.4976373300245015,0.5384397307449829,0.26246486577627826,0.33004166735521434,0.6312599925873517,0.5401535920242888,0.50659664858756,0.7084122295461248,0.9471475606622481,0.6013092010024097,0.986588498457776,0.5081324514836953,0.6451885231390683,0.5252102488427215,0.5317201787363964,0.7579799329875239,0.868615155415589,0.7397232216699989,0.40319201636831803,0.45844626367576485
134,0.41510000819900095,0.4489705902032217,0.6597086341339156,0.5233338370631133,0.43348222516004953,0.5510975167750574,0.4700638819180693,0.6140012133814775,0.5900771883773844,0.31401321993798825,0.4457459429035641,0.8419252983102741,0.22385428770248209,0.4939223277175382,0.6956672442310684,0.6543131998937695,0.39773550059800156,0.3521866295034264,0.3538416823684458,0.5558185370985816,0.6760729093196567,0.5393600451558147,0.7486089156370042,1.0094805293227465,0.6428391523061893,0.8864069392513223,0.6465434046623026,0.613884403601325,0.5846870904275902,0.5011717612211386,0.6490279615265485,0.7121803903040926,0.8228232563092354,0.5120374844573946,0.40607320839052174
135,0.46254297479179196,0.5168784085994492,0.72075385530434,0.5637099922427953,0.4884204466654146,0.5648329388996589,0.5581289232629764,0.4730345862491122,0.6362115781368132,0.34873707405594306,0.6410672270391871,0.6928796492423258,0.34144200268039565,0.6322468777630772,0.6399289067118756,0.7424440306795647,0.4255852907262844,0.3391784135659577,0.3804001247046366,0.8248922418598075,0.6879739370230779,0.5183732627422631,0.8825139119704932,0.8930854728522494,0.5032498498851863,0.8881236857219661,0.6361343212971379,0.7371790449856059,0.5589861695928877,0.7141619032388369,0.6132937903981379,0.830421533676051,0.7784932107285905,0.5000154428988831,0.34987580724841855
136,0.4223123919469649,0.4457063694083929,0.5765407047851222,0.5256985894798892,0.45733945278712007,0.38323722212769784,0.6373009467032151,0.540974304714382,0.5801202669967658,0.4211510571399828,0.5971606782148847,0.6922124688852245,0.49993267905275807,0.5888323604146841,0.5119377801758044,0.29403162930791876,0.4337349057788881,0.3202835997539337,0.2697240041535049,0.6316179609261308,0.5982452311124187,0.49874940341695584,0.8107112749411672,0.8951795351732355,0.49093160071525477,0.7740400816662998,0.4960473055328123,0.7709566819464853,0.7075764859950069,0.5011395726961285,0.6777367522055835,0.9368022492847744,0.7084761705181872,0.44897003192373086,0.2239135089830213
137,0.49031294969755934,0.41405164533272953,0.5898284322474157,0.6684767997592678,0.4432530166508265,0.4581904561031923,0.7049749319566807,0.4700079412212421,0.5590893291769947,0.2778447501058276,0.7032338096812139,0.7655381232870184,0.4684213715279091,0.6750175463056631,0.5834525717300282,0.5697735024393831,0.543502638916318,0.31042789851975117,0.3722322408285517,0.736249108304575,0.5770302482380427,0.6220680208676659,0.8729911724440108,0.8745261445213827,0.5158628143397863,0.9468078313788151,0.7169310695621142,0.8442445338440647,0.6692857447496123,0.7896543914862442,0.559828968555719,1.0507878744306007,0.7046778947389232,0.4235486583416364,0.41204251930025815
138,0.5102432765975464,0.4667689675141251,0.8419018216670553,0.7712614626701733,0.4688411834182866,0.5172034199817999,0.7097816168947838,0.5511914130446995,0.6456752796668461,0.3414099359898568,0.6060675867841958,0.8261805536535272,0.40329636320253126,0.7422961415914463,0.4816109443405842,0.5829659742376839,0.5325998379608138,0.3645179535027895,0.3603108668096149,0.7268199119811565,0.576709530947644,0.7273277054191573,0.7310581584276002,1.0404743133579943,0.5308383787551678,1.0745482302826737,0.6174744948277284,0.8944687784210458,0.8266630183783942,0.7134968052605102,0.6591837349573193,0.9101936578733056,0.941009789593374,0.5688053064934468,0.4516958734315352
139,0.5215359167073272,0.43142261064036697,0.8265079614785009,0.6987296445253326,0.4322994208987764,0.4899205432921815,0.7064935864523324,0.5185225015045605,0.8523235366256137,0.39179069066998307,0.5586906378592429,0.7561772493703982,0.3103103034832563,0.7231182657443743,0.3903613009511301,0.4445263980059525,0.5009834142938643,0.42765206794310706,0.29182415214371116,0.7339334335265795,0.5884872287088917,0.7431046804066013,0.7343682343115522,0.969995799596104,0.6447098226506396,0.9244288601230636,0.688019198297329,0.8495426637595707,0.6867125779188065,0.7323325797649497,0.5847595352636927,1.1181191735840181,0.9113492187407741,0.6703175077410259,0.4088280822160776
140,0.3732896616891189,0.4514166721947498,0.7016851996886633,0.5730441020122732,0.5062997220881296,0.5596310845057918,0.5337707004772434,0.49924461797648334,0.5233593688706438,0.3100556193469384,0.5719344971816508,0.788331606057718,0.5413879266145389,0.6740505839528832,0.5982320785968708,0.8051433773545094,0.5787793540190236,0.36535340108535186,0.2982189784922993,0.6343979746897919,0.623824790042901,0.6765579262501169,0.6936705253769446,0.9182495812913025,0.5791352834274284,0.8112273422215472,0.5871186644722174,0.843077304479597,0.6057855609475702,0.471066277036493,0.6921841370952497,0.8485780652168797,0.685666896668816,0.5571776065185297,0.3682954448088356
141,0.46983246845328597,0.4488535450429606,0.5700876450915449,0.5866747763772795,0.35461881483568214,0.5739347776868189,0.6738385688972762,0.7269474765791786,0.6611858229646872,0.35249193767869225,0.5590454011485962,0.7410716794423557,0.5155679297766792,0.6738049007982787,0.5472210612202935,0.5311604426871708,0.5059904568763792,0.31361556792371104,0.2926620053487407,0.5573300859180843,0.736956328598674,0.505883357509184,0.7303502493192042,1.0893442864900564,0.6236865505356752,1.0005975468565522,0.6868881463531982,0.7766022667588547,0.7606416342046851,0.5538640341167309,0.5895446585336444,1.034627334736301,0.5903828888129184,0.48569455480946816,0.4089924756996193
142,0.42100217094090214,0.5152870646016336,0.44783987298748185,0.6249621579292343,0.4000017402376448,0.6220245657200943,0.5416550089805646,0.602110819773765,0.6048615701075857,0.22419323956223827,0.5314566282787856,0.743145882621789,0.39623374381760224,0.5279189198189046,0.7246749074867632,0.6302606669073882,0.4487662096534465,0.2574211748291034,0.44403601137132975,0.44165083224786617,0.700365308001705,0.6174636145224621,0.6820552336578665,0.9340250737392841,0.6184174157751656,0.8371699620759722,0.6263690620720477,0.7700134013520192,0.7139250029137887,0.46967259567252995,0.8121880097745018,0.8765511507174591,0.6626717555112815,0.5054112667337997,0.35344133033343994
143,0.47063058632364657,0.45752222846942703,0.7250845650412601,0.6315968966519823,0.4710093972680326,0.6982935900708858,0.7871059499676826,0.545133813649365,0.746442066471097,0.33240787001348193,0.5779801128983364,0.7921886867816194,0.45474469397510286,0.6038259358904563,0.6514327086137368,0.7778346425870557,0.5930273052527526,0.34527031410971465,0.3279433343169137,0.5547771689390355,0.6037008934614263,0.5036640517103967,0.6864454666619554,1.0291670154700796,0.6012652095478723,1.002987321808443,0.7089389558082368,0.8425369220378317,0.8039850394125224,0.5336654331088897,0.6281718624795137,0.8663512874831365,0.6536380634875083,0.6149968861610347,0.41741464939840733
144,0.3124773455277859,0.5332252550426256,0.6129193441777212,0.6196575992359432,0.45117263414961706,0.5009640243240214,0.6093210869615574,0.5035231814582461,0.6094522768675026,0.37394611081219276,0.5925980410124863,0.7889318341061998,0.4742000206122488,0.565793631813234,0.604480008499966,0.5867493043101495,0.5393441211982672,0.36436110394603727,0.33773213183811057,0.4554695729125575,0.639955717345187,0.6357436300165729,0.8547498796176833,0.7415552978958339,0.5807681469910291,0.9953287381416179,0.6401980402070521,0.831111179547954,0.7326046474302568,0.3946583425890079,0.7864243990310604,0.9716479576099738,0.6398573297107061,0.5914634290541865,0.31583510847926327
145,0.3201557279005737,0.5747329484872405,0.8564262968879977,0.6067328848354062,0.46938834712026184,0.5746716770369295,0.6399384284251025,0.5942096873839944,0.639723827766101,0.3686236512387429,0.48627209902370516,0.7066618549559114,0.47905306631725475,0.6679746235527152,0.6547193668964504,0.744290416739942,0.5193048099887922,0.381384464732213,0.3019014118223611,0.4084243436080104,0.8185993210766183,0.7660250261768329,0.6824426334223005,1.0228035660354466,0.5783748050328374,0.8979363700329983,0.7125462022901137,0.742823851256114,0.7420287052861428,0.6087537311895771,0.7785117428029436,0.8483722861721176,0.7345127116841437,0.6699497898129774,0.5040943893420843
146,0.2858391548155055,0.538452679302448,0.7907195311021704,0.5300108848875353,0.573946323083002,0.6692638487501481,0.774079966226173,0.439329281855099,0.6677214012053868,0.35074651574261206,0.4497936263470679,0.6745916297380399,0.5774759958158673,0.4911765457406196,0.6021401397444017,0.850399748475272,0.45264326577740704,0.3065104131424609,0.44759749397519444,0.3838087518774967,0.7663942206392582,0.6330544672393068,0.7745733281739282,0.8563912207725253,0.5206760834519228,0.9411085676844178,0.6472475979765338,0.8594606358416821,0.7932319919110922,0.5604023795181615,0.9375936119564379,1.1408177724269566,0.6569850658797557,0.567542001837434,0.3699628580832011
147,0.44549329756079137,0.580430518631881,0.7888972132822534,0.6120313442158947,0.4627302646423873,0.5207634599774882,0.8852453905728759,0.7137601042652661,0.6158122439263598,0.45224533076836065,0.5820029563701358,0.8710008547257719,0.5419738383417343,0.6631171652226537,0.5229647342413763,0.7352287316945804,0.5251795939442073,0.35103710206242245,0.3373191873330255,0.5505366646393007,0.7439510931238016,0.7127537974433399,0.79711570171327,1.0110970500558432,0.6949385547285403,1.0226385350527205,0.7092616063106338,0.667326951625292,0.8525308834115806,0.6395747912449185,0.9013494813735881,0.9284407763699688,0.6087759816377568,0.6241757860227499,0.4513072746704472
148,0.32866677376621234,0.4542049701184845,0.6819806175947732,0.5284510267826414,0.4394782708950937,0.6097243641963226,0.7834431892967373,0.5659454005643786,0.5305908093392968,0.39620773859074476,0.5709676117528095,0.7058755051074002,0.58139799311952,0.5846169517068217,0.5289507052432558,0.8825013495673154,0.5212621013119523,0.3261455646112413,0.3488943278028318,0.5914476992182816,0.678776596635549,0.7628946237260185,0.9606267956996637,0.9458080180868504,0.4647745762540472,1.0835190746208743,0.6423883589479329,0.8537673210101271,0.7842937691624039,0.5953258762459532,0.7043064260744605,0.7866897712282257,0.5891737450799945,0.49049155753416895,0.501845257751694
149,0.35181067927384313,0.4902348914577473,0.7812426138448227,0.5770328058469839,0.4327708697419215,0.7455491765493542,0.841902606874176,0.5368996414339344,0.7156660960414611,0.36717488622941075,0.46585224200984265,0.7313206846381264,0.5290380992226499,0.6308615259084657,0.6347816901081678,0.900536905640875,0.6172590758798173,0.3296958728936559,0.41824649018468685,0.5908079029622815,0.6071006425679497,0.8851498065431014,0.795307326812424,0.9083504612398372,0.4345369948710574,1.160045577516553,0.62792941699539,0.9134264216040702,0.7379488349944088,0.5689022700382492,0.9169701366770336,1.0419078877719286,0.7576487159445451,0.5952365630495472,0.33242055699133294
150,0.4452024263502993,0.41171898007255314,0.6586824569486168,0.4402333417181101,0.35219057335122983,0.5066531469984861,0.7003937465248129,0.5284539651064994,0.5755233315378291,0.3124918399056241,0.4521430129425427,0.5869204413281209,0.6809390051203477,0.542929402187696,0.5517731762761735,0.6722881926409396,0.623619508155399,0.3146975161128206,0.356117728106924,0.5687342767146825,0.5645835955860523,0.5855844639950565,0.6618814501579988,0.7978858371724546,0.46031454759963353,1.0062823558915452,0.6031215142683009,0.8530634772888727,0.6820063610761333,0.6390259939480964,0.6268993445492455,0.9794741622208456,0.6763362571711932,0.5734866897607086,0.28541725274681556
151,0.5171843977371673,0.4787854729748452,0.7317284995754292,0.47095888509687667,0.49421059302353276,0.6557324002241621,0.6253613176767364,0.5586745336834722,0.6766392189837922,0.386259977324654,0.6538774312681976,0.703838571055448,0.5167316436632136,0.7009030607667048,0.7631063841930514,1.0283388932601756,0.4288843068772676,0.36069861207841825,0.4394530085720695,0.712196833490657,0.8259304621245943,0.8908314084032098,0.7977997551655331,1.0341074305703204,0.6435423141024198,1.049611243660768,0.7393448674887259,0.9994318412561133,0.7854966349955965,0.7119290582399391,0.9921193061210474,0.8385800580218857,0.7075060296240966,0.6254148511555054,0.3999267471522542
152,0.5453972275841018,0.3959157167668366,0.6829438172319351,0.5624119271853509,0.5300143729557496,0.6541193920716731,0.8417015941777561,0.7323170945642564,0.6254185635647668,0.3407841745303289,0.4854504793706945,0.6420154403476023,0.5142582343470083,0.5691241040276842,0.8192661314001315,0.8255781097685875,0.6651793972336246,0.3223535900343585,0.4669936142033668,0.5965860116181804,0.6648987056734041,0.7857033979003836,0.9017310837940284,0.9204649609080748,0.4794939972868483,1.0417145200682316,0.7120994028635336,0.8462248840197595,0.8106563562576614,0.6428988757284146,0.8098974373005838,1.077473897005979,0.6388262865827026,0.44212359383192074,0.4122452778138045
153,0.3846657401624177,0.43614641086371597,0.6791136126707575,0.43684374550410693,0.5882581491520386,0.7089357751389287,0.7059338936522379,0.5394734529043681,0.6529387234012802,0.33784062726796305,0.5319411947101282,0.6255206451783664,0.5925661625224881,0.7022608898445384,0.6925817891853527,0.8118478372220251,0.5966239982873414,0.272823015708378,0.4174942637028941,0.6898154032946069,0.646302946456697,0.8486934649648917,0.7579156490405596,0.7845876880169996,0.5593027173076188,0.9759381814442356,0.6043818984271385,0.88862367810203,0.6227495546514444,0.6416627273940687,0.9293021477162249,1.1812359229820022,0.7278853973080118,0.44414966087784274,0.354806067367872
154,0.44982742337707604,0.462584343643758,0.7337955106560261,0.4782822062723286,0.446604102338359,0.5805188297932218,0.5615772345252017,0.48170375362533474,0.7259723986669949,0.29004332817171313,0.5185818970301845,0.638082214421231,0.449422534410586,0.6814544640480208,0.5986227886783637,0.7394156994430472,0.4844070061131137,0.35965742597726014,0.27043696925535543,0.6003269385987529,0.49961144482332065,0.670439705666829,0.7320188339032604,0.9316288679453165,0.4606766101837533,1.114113048270489,0.5545732432699392,0.9036841103639232,0.6362712699525476,0.5434769521081428,0.7350931183757836,0.8931667459388277,0.7287825026979571,0.6681806282865481,0.3396380870439818
155,0.42612075713017394,0.5514660470888394,0.5999315954537093,0.4833507953146067,0.5305554049022724,0.7558344564603782,0.6165230320906628,0.5851423649348342,0.5626439843603269,0.3016427280970189,0.6034215562779155,0.7035086384076268,0.38125759126956826,0.745611734375244,0.8667938063729226,0.558530203210162,0.485557451490202,0.35556921662443053,0.4048979714926433,0.7052350051899698,0.7067681472946232,0.6347036148193506,0.6767861436923888,0.9303227827462685,0.5937006565129173,0.9891854312914851,0.7551391951963893,0.899110037355553,0.6242991395392115,0.607967984696304,0.7137556038551737,0.8329840128194386,0.6247656026266679,0.5795663523440098,0.3353723147451254
156,0.43177075119443686,0.48728095216626244,0.5790608966371262,0.4087725275210763,0.43214364680973094,0.67436358784841,0.5124163290089078,0.6205501805612564,0.5305920139184687,0.23060764065844758,0.48438106405070125,0.8332107043237508,0.39244573072278766,0.6415280860957793,0.7480590018283393,0.8446995732105864,0.4416545622290875,0.27419984479861403,0.4656782962584588,0.625440992583381,0.7224165022870214,0.6458303539782174,0.6283949554147716,1.0259172835876373,0.6095208984986856,0.8295120957239334,0.7983908702515657,0.6195501900284918,0.6116613081915426,0.48827128642830364,0.8544846148725197,0.8812933646944385,0.5867665015532213,0.41324950146599904,0.427395932479101
157,0.46175125885580043,0.53056777470274,0.790377235792534,0.5761568561549606,0.4801932966516632,0.5358809227638553,0.5531361069299483,0.5767779904113631,0.7302274529176457,0.2523524512327233,0.5222712058322609,0.7115104505330528,0.39383663275420205,0.8077651571388963,0.7279187356324102,0.8430781904495478,0.44883178056014633,0.3895033633824456,0.4281621118828314,0.7809805698551893,0.7418519144065084,0.8177097912785871,0.733804747115508,1.00955933894816,0.5139927540450382,0.8867887042735643,0.7079896045911074,1.1137319446363816,0.5185391360784003,0.49879972915254855,0.7788679104631977,0.7501481866905351,0.8222573516301153,0.4226210292207063,0.40430960723980824
158,0.39857641203271194,0.40773056999345764,0.6601238824808604,0.3858754727484609,0.4895487008189379,0.6643961181990521,0.6021020571232975,0.6587664912627457,0.6165901037143202,0.21338863055486007,0.4069970262771406,0.7091140542578842,0.4128115898167496,0.5626537694807684,0.7689146594378891,0.8058513703032189,0.5568128508320714,0.3161588107083174,0.3314977518477516,0.6585898391951128,0.6921159090471619,0.7122695237412561,0.6817747080566312,0.839504171294134,0.555652713160363,0.9613728885079583,0.6303772371343476,0.880540622638074,0.5103234695745731,0.5445860960350988,0.8483656517596672,0.7982005454497343,0.6219394632700006,0.4543831273675535,0.41559511180823516
159,0.44882238526367857,0.6611382795752535,0.7360077581175981,0.48067634718161767,0.6084525651752557,0.700556353543803,0.6895878513327426,0.5645777881024909,0.6897586039468362,0.39461635873450274,0.4715568066713182,0.660343634298593,0.5598699713778627,0.6200399283976747,0.6981608996723643,0.9005722342880319,0.7180963082676686,0.394153974923825,0.4867062888922886,0.7079225510249847,0.6806515885916398,0.7709597576991114,0.8682630185525905,0.8164770695477658,0.455571914915446,0.8314881245805288,0.6061301392051452,0.8464257261826905,0.6815166911126131,0.6207506481282814,0.8318621928879355,0.862707057371229,0.5846572293153488,0.5529416782809583,0.38673007511702545
160,0.31263479221597656,0.4670071916921033,0.7466303041843776,0.425107017239712,0.43354107387835256,0.5847638515762745,0.6959843248529298,0.5332396279225289,0.6487600812701411,0.3474361148040501,0.3998692820910572,0.4929705518132381,0.4780627404395662,0.5878583335576093,0.8250651254463315,0.8693351833741855,0.4894356077209129,0.3108117217974512,0.440608728567022,0.4122499046058411,0.7153410364893551,0.6451464053925292,0.7809125896111014,0.8934250957909105,0.4589762566907151,1.0920661278828472,0.5868554707938299,0.8653460336515371,0.6526505911875647,0.6398355508241012,0.7220752652214453,0.896155905823788,0.7906319527039809,0.5936652879280306,0.41153950850976084
161,0.4769718225402377,0.6506755999120131,0.6327549819956602,0.39687032402232425,0.6451102268237707,0.7766109822439966,0.7162198695705502,0.6054616438279674,0.5181299685678195,0.30034752246290997,0.36389259438388055,0.7939595712785624,0.49676636973303734,0.6458984280044113,0.845047897757792,0.8941736183771374,0.5865313695061934,0.3079627162665233,0.3963024903339981,0.8172567566890605,0.6785323255086378,1.025074227582687,0.8241779935296718,0.9053812358325131,0.5727929333794004,0.913231226598069,0.7257441409774166,0.7585929970060594,0.65936807299989,0.6471927161690605,0.8619842742766486,0.9775940448261405,0.5931904399155525,0.2772705592869723,0.43821642038981123
162,0.46685078318581874,0.5712016966489676,0.671892296575655,0.5631408324000036,0.418890639154719,0.6336139750413436,0.5075097133613582,0.6536948877222987,0.664471404453028,0.2650319113393555,0.5718986011966569,0.6893204528641717,0.49539826303252554,0.6820215126018714,0.6918751064057328,0.8437665461497779,0.6104636818120823,0.31851748744415864,0.30351592369851677,0.8003862289109097,0.6603216076019693,0.6872886075956615,0.8136280549836252,0.9487136581441317,0.5479894925115988,0.9563276215791395,0.8127668367809844,0.792544036755978,0.7640670513814685,0.6747199150528893,0.7440904650149017,0.831452274070458,0.6425302715407828,0.30969118793841355,0.3516813129659721
163,0.5187464765742498,0.4975169141915682,0.6377793277782682,0.23854191743867803,0.483310112975052,0.6063186492052415,0.6221535045172206,0.5396158123546231,0.4643109346541605,0.29462684066014483,0.5110786322908203,0.641208771380296,0.40838893327759285,0.6927294418842271,0.6820031687398799,0.6974123602420707,0.6728885724615913,0.3236098951489501,0.3592569323822439,0.6635618440319033,0.656117686397997,0.8479301246307169,0.6728725668601148,0.9792176980807501,0.5246873920965045,0.7548489302469874,0.6049337323046406,0.8324027786435357,0.5165533341400314,0.6596866774341148,0.7406863009466216,0.6937517369423953,0.5508490893106177,0.3779581587716406,0.3919413862306425
164,0.4989840696496059,0.6894943112349072,0.6498870227249591,0.34841955417523923,0.5947250524155312,0.7181910411187662,0.5958589724951089,0.5835964135886931,0.5779731426777099,0.30962146855790024,0.5542866492590632,0.6090796541337438,0.3935676023183807,0.5151381730267542,0.8556094770629994,0.9602329448270623,0.543500007841899,0.3324508669618896,0.34023621370445756,0.7004404057355083,0.734719641444486,0.7383307694331338,0.7498923499741288,0.8684264192988139,0.6142057582612097,0.8559103939520429,0.57455755514951,0.7832608462530205,0.6564924349701216,0.5949992928231762,0.9865031497367113,0.7820860436923232,0.6416041425311078,0.40538493382202523,0.34038238122952374
165,0.4532156813422691,0.5440967882597318,0.6795842914076214,0.5345076560869944,0.6455535592099759,0.6597220332895459,0.6626895991028078,0.5258714454686785,0.591208029669378,0.2824950807187981,0.4636160263860398,0.6784139786026235,0.33109259920955236,0.585597037950117,0.7551452864641057,1.1535200680366178,0.6639626306728181,0.2860520413311981,0.3221849410982105,0.5002089785246772,0.6775777825142668,0.9426621887453123,0.9018342505567396,1.0005399635837087,0.572489473975345,0.8669635231947815,0.691193703497128,0.9025728006618761,0.5013794148727376,0.6572156695242496,0.8100561518068452,0.7755664841831186,0.6063333060929427,0.5267474289997975,0.30360865446749574
166,0.5158461698872345,0.6509401596773519,0.3594668473432621,0.48598968451876545,0.529632219503834,0.7095333657735654,0.7181728065220633,0.6804185235537744,0.5943311349539411,0.3567478305211924,0.5488377689485306,0.7124633517277326,0.37942605163759713,0.8006030406136946,0.7770609529601988,0.862401806636985,0.62394294166056,0.2941581903687499,0.3311722618285369,0.7995148047719225,0.6458787195552436,0.9930581219317303,0.8478387921655242,0.9621476265412785,0.6030207884359461,0.8087467395735761,0.6084129055421683,0.7268658211837209,0.603989857913583,0.6727338664401215,0.7717961335164432,0.7787597842334042,0.535064196724298,0.3452645831364051,0.35501656940768045
167,0.44757924897118195,0.6103623920085579,0.6075399685840186,0.5933884631782167,0.46581026439220075,0.4959183234988297,0.59542240838906,0.6851155631673442,0.4619415149524327,0.31775720967758503,0.5782716667801799,0.6533193854363994,0.4575008726994011,0.7182682084937526,0.6978897070516729,0.8612700318895847,0.6533083792408891,0.2960172572960909,0.3240787525321222,0.7066815192500255,0.6829275683438103,0.9770018643666001,0.7407796693710006,1.0326784244761256,0.6082080419023336,0.8187316780128251,0.6885740581743874,0.7810500328694768,0.6617292414907543,0.690431521177773,0.7175784497550015,1.0351956241412212,0.5630548268361841,0.5241008060773629,0.3542559453039797
168,0.5310314238494003,0.40818540665055625,0.7867773092008559,0.5448956553319149,0.4602215724319935,0.5732814729818512,0.6571881564091799,0.49607679730801807,0.5175090335974327,0.29294125267107507,0.5304904546381399,0.7232589654932162,0.4762738324335156,0.7906214577912187,0.6627441491798871,0.791558206895856,0.6140959451236294,0.4426999839890914,0.3069620797256016,0.768875186875853,0.6351656301169699,0.7935746593676991,0.8752136555850921,0.7911865065011281,0.45123506345773085,1.0006731832841604,0.6144200812820689,0.8932978415319717,0.7138707141145693,0.7018145554923523,0.8821188423632884,0.9788765834044144,0.6199780747991737,0.5078190714488522,0.41957697987966913
169,0.4413732178840969,0.5455869557192945,0.8355783701119659,0.5478405828254538,0.46199502529379244,0.7888310436868021,0.5639187316998087,0.7285407555861028,0.5803611461268713,0.3588418852648779,0.6375307508681359,0.6865398598784073,0.43232252350728795,0.726897180103933,0.8258176079193489,0.8805996855366751,0.6853987210523778,0.3106361120853227,0.43323048340208764,0.6672407243132943,0.6923126245974149,0.9563466021622649,0.6161623295556828,1.050840635302154,0.5165612527605562,0.8103625683936767,0.7583410947959421,0.9126098438666269,0.6277511641001868,0.7178387683188072,1.0782709331757903,0.8575218290854363,0.64348330337778,0.5703593381005648,0.41698193538326433
170,0.5168681019341451,0.3752854898577368,0.6636283292315911,0.6146790061006624,0.505819244039824,0.6633842554990097,0.6462890370596763,0.5126529420442518,0.589250265782698,0.3312859551626235,0.61122823866979,0.6014855374127046,0.39807889127667706,0.8324603561853103,0.6482654536964343,0.6702433286758591,0.5157701401999515,0.3116291286909544,0.315450980673302,0.7348072505664779,0.7373766836025976,1.0579461154711847,0.7798776143933186,0.6693057793350524,0.4351554329337227,0.9879468178725349,0.6035869988777889,0.9281723108936291,0.5768396755818717,0.7528112807462489,0.9100433146471009,0.6750518083929409,0.7077253264866912,0.4780426182189103,0.2718527509023754
171,0.5120630169277129,0.5231389224619225,0.6763594696258286,0.453905196234399,0.513428988608707,0.6108102151525534,0.677697269327879,0.6745124662450702,0.7344643670122154,0.32094103309247524,0.5105666470575998,0.5847938167930188,0.2679184732007328,0.6919810514292665,0.7109472637139014,0.544636125629488,0.5127500811002792,0.45351343794595045,0.320775652586745,0.6369362908697154,0.5227445462300473,1.0019162314386163,0.7472905732251341,0.9367774839325633,0.5002241398712451,0.8379352168924276,0.5820214567383135,0.9408976842643892,0.568158350285705,0.7163090184936001,0.79655215567653,0.8733464657367815,0.6715879050969608,0.5200389003729112,0.26362982141690594
172,0.4047673918789485,0.597125270831743,0.7691580466989537,0.5692832959649152,0.5937813848380632,0.7453929308971544,0.6460759090034772,0.5810889812689887,0.6200872456290595,0.3510328806820416,0.48702959370947063,0.8179599883145986,0.286341023381635,0.7317565938062648,0.7348228278538601,0.8714062185152258,0.7120842527579199,0.34269269127664004,0.37632714228181396,0.7614115211059946,0.74274911575073,1.0058615114933775,0.7569666173859448,0.9769213289465926,0.540520041455415,1.0015269669188716,0.6442416019680168,0.9664466572623871,0.6441708813694034,0.7719916263729196,0.890232229142154,0.6607508938837717,0.7467761959946229,0.45924793020521304,0.35826053022454457
173,0.45197590202874677,0.6331962307272745,0.7673302598106477,0.594382674465862,0.4484705912368633,0.6442317800601991,0.5938139395530182,0.746956001764659,0.6700323676348323,0.3571681921102548,0.5386318580295202,0.9027288428512175,0.4093848570732654,0.7621300274585558,0.5598085276577492,0.9006634476511859,0.5681232769012603,0.43612120610555505,0.4101355302831799,0.6564493520919346,0.6148213328422802,0.8680156176681175,0.798906205364044,1.1951724523143885,0.5776930351009,0.9728671646746787,0.6720734289033936,0.8537956182421558,0.5536113834923868,0.7623410519214389,0.6902613367777441,0.7791253455817513,0.7559430968796333,0.5093596726035505,0.3641596089107709
174,0.5170271302530676,0.5806220649699734,0.5780002492931711,0.4860122868567913,0.5273694164325244,0.5211805014633526,0.6237582181414822,0.6350540800216499,0.5763668871424021,0.34513805061455743,0.4998699121543628,0.7046592866920656,0.6256781759013317,0.8611415842285601,0.6134184619066091,0.902735013267501,0.6830341243846485,0.28100405251683896,0.328529566619538,0.8163808485913789,0.6837339247923356,0.5945296360993901,0.9183695027881147,0.9209228422638944,0.574830705336119,0.8519427128725066,0.5665898243988814,0.7340747373883905,0.6039159232659513,0.738919102459651,0.8906629715399221,1.0558504034139504,0.695627371870685,0.4390201880060577,0.37389382230329943
175,0.5164019077463411,0.4664658312221817,0.7500663329086683,0.5832765113577769,0.5674174012624014,0.6972250303008949,0.7800407577426265,0.6973881127684329,0.5706961046421805,0.3842987817655559,0.5797535981911237,0.7586687715704475,0.616887937745954,0.9522713187315173,0.6618546548456966,0.8883329047475296,0.5769706136126604,0.2963418099105135,0.37550164696886446,0.819520436043374,0.7386316405658728,0.7806855501828397,0.7941341295320858,0.9375936508959164,0.5356155510315112,0.9091687131094842,0.7144494409253656,0.710564244179994,0.5636792577715486,0.813741997236343,0.7763718147056803,0.8454949686045846,0.5741552136824211,0.4494263435123972,0.36663652189876217
176,0.4626629310828665,0.6114994126736719,0.6341383310792346,0.5904244733916986,0.41313681581096917,0.5872679076200862,0.7732293928313605,0.6479610447824562,0.4440148534773003,0.3728647769432756,0.5466606510926814,0.6798325463159178,0.41644996175049204,0.8659452948444679,0.5151322608748237,0.8143853383259484,0.5473827714734166,0.3350928187204509,0.33994415229064523,0.7733315551220766,0.5893098256629774,0.821343585276987,0.6508554340403798,0.852502527983219,0.4746375060082322,0.9864635691027306,0.5541834755764943,0.8330183118665683,0.5891508390936964,0.7549527195350926,0.7134149882044976,0.7624008084688689,0.6287882425384589,0.4018769880839794,0.31802131471752365
177,0.41164175891677357,0.5674076661854333,0.7477055909802914,0.4715682768410159,0.6187048554189467,0.7118322610355847,0.5982154118110594,0.6365768912843998,0.6209115269311511,0.35269533852689483,0.5216990491805118,0.7603722753316446,0.4794898451566043,0.7438609189245982,0.6496726047033976,0.955713641875316,0.45250609354709576,0.3491498338660511,0.3998976004755922,0.6282521091812404,0.7507973672463754,0.6409792901834501,0.8507357078828268,0.832995613248808,0.5471919268022806,1.1048769843744033,0.7179953136668245,0.7830608111595965,0.48994323125893124,0.7376274097516571,0.8793247268799391,0.8603745406136272,0.6456408386080075,0.5412504209064977,0.39829840279420836
178,0.49426364445844867,0.48787759325384095,0.830471522556791,0.5384151007416833,0.49311711048504636,0.5383893932619233,0.5866281155485261,0.4920824596839505,0.5709062890120298,0.3223859101042721,0.46961426323677047,0.5826365683092307,0.429294640514294,0.7942597828064242,0.6729910486421953,0.7985050216062737,0.5067449235110775,0.35207032382291015,0.32631610326374766,0.8550862552142556,0.5966050344617126,0.7632542959810773,0.6351462324698453,0.9650000116550728,0.5461913346079719,0.9532500723973982,0.5378722689051723,0.8384801093136277,0.46524228501342524,0.812044321021044,0.7755611913641298,0.8029107977146059,0.7665906819370656,0.6046208667982764,0.3659111723656711
179,0.3957037550268043,0.4490775928574652,0.5343938080408774,0.54175779080605,0.46274753014831743,0.6637297903974282,0.6187496793429373,0.6853562061648366,0.5377552678366544,0.3019061129365332,0.4628212201299217,0.56725446349378,0.4567530781104269,0.611080032239913,0.6235743726520864,0.7722994471123926,0.6070999368791153,0.2753647845010293,0.4024144316678395,0.636953994332488,0.6597084188338942,0.7391428879037194,0.6461813962673817,0.8550039603176683,0.6020173376397567,0.7701408068141948,0.5746076014060713,0.6769428852662414,0.4705387528963885,0.6763926133642676,0.8588658069939921,0.6051567369825156,0.5946701054951842,0.3840449807090971,0.31225119488273634
180,0.40288589103211275,0.5086590577649975,0.6456508145978055,0.449175805360982,0.5595263500887941,0.7021857490247498,0.5904039896962473,0.49827537792604193,0.7227245015417827,0.2437463112048216,0.5844848808185041,0.5575707443437374,0.4189750896825649,0.7312206715812782,0.49481041769407963,0.7071420161497532,0.4063107384194509,0.4484295070929618,0.3753155570501883,0.6265751040660662,0.6283147700835676,0.6833199981977442,0.6498272448870533,0.7861609678858841,0.5459436724855186,0.9087507540673754,0.5854826650536682,0.8955820981827707,0.5212007174508912,0.6798614854787115,0.7369960408300844,0.5330730910489314,0.7282273448614461,0.4365490398043744,0.2789584152115524
181,0.38102539739847396,0.4935599282184684,0.7768860469383874,0.41050990582222263,0.6000975524487022,0.5594397229880205,0.8470599298356791,0.6357252722044939,0.7448346819251077,0.3787442243451896,0.29324923959934424,0.7288259776572381,0.5462460987510434,0.5168164603900474,0.6942615607338083,0.968260056162192,0.6139171264214828,0.44216240126029904,0.35892507161221743,0.5520577290712412,0.6227293717250657,0.8016514281695931,0.8883602469576436,0.9489833949979438,0.5623139932954261,1.037564665439423,0.6430083309267807,0.910945317152559,0.6051523891035189,0.5186884397375157,0.9616431687231044,0.7117424910273811,0.7971518214773698,0.5798924542006774,0.46083074954283004
182,0.3793906544046197,0.5185681748135218,0.510346374328055,0.5163407311530793,0.4310053353230935,0.6691907168044116,0.7144223155192491,0.6133106972553203,0.5951206150052221,0.28811599392584475,0.5163873589760771,0.5957259717569499,0.4277243585084562,0.6562068528456924,0.46776995926732556,0.7552420544216716,0.5885829928474064,0.2743451121816579,0.4050369598267872,0.7424229693605218,0.6832607418694235,0.9186434805699379,0.8476082952475743,1.0508030862182522,0.5875015682417137,0.8156562708813178,0.6523302105599894,0.7182135948435429,0.5953275307640963,0.7197386841761757,0.7695397491086036,0.48629899148644784,0.5291951117602485,0.5025469078407165,0.43490492079082754
183,0.37684965769548,0.39460797624643196,0.8478309101329862,0.48476899667867573,0.5213234744364954,0.877471684509411,0.6113024856561645,0.5746862082816206,0.6785889491382399,0.3422087832506391,0.4484333448827804,0.5846738012989894,0.4040525188295271,0.5824154559857244,0.4385438414191208,0.6820777290526779,0.4864997878636004,0.3202951216612592,0.3138269349062924,0.542812174127006,0.6969629187516408,0.7651695547096973,0.8137640536675524,0.9623289607577019,0.536732543312558,0.9357675209204435,0.456026722581209,0.7262970970565937,0.6211222375109425,0.6130599180117431,0.7441075216562468,0.7909491675963545,0.7191695036912065,0.533466850571086,0.31018081086993826
184,0.5247393944090846,0.5659265091694696,0.715218484726807,0.6698427289575412,0.5765750862218563,0.6993957808060393,0.4486656599022,0.623950226446244,0.6430162987771,0.30373828292924643,0.6178626044277605,0.5651358821751293,0.29774031392729083,0.8661160267208214,0.5567507054380498,0.7611417383164026,0.4892556461034799,0.3391586636403442,0.30881580789680035,0.7276968057693517,0.6105603774498549,0.966647372383157,0.6633551400405848,0.8591212446485557,0.5146737685317422,0.8969614317790059,0.6056478729045277,0.8870796307770275,0.622795917517678,0.7453909560747822,0.9368848628603026,0.7010124610558999,0.7854851215071419,0.5661160350660053,0.3783221719768288
185,0.34322141419316365,0.6070292757564406,0.7185260219065764,0.5557105182337674,0.4864555584855682,0.550394036632721,0.7566387445831813,0.6601757778465049,0.6938668297207469,0.3172838627963631,0.4106088428521638,0.817153713321925,0.34263635913373164,0.748960296893568,0.5097064918833593,0.5776953611085354,0.37045535609731217,0.40707742355007626,0.3567742954225747,0.6959295177650349,0.5429982545396976,0.7631957290701014,0.7400931235539953,0.8939063822884585,0.5700903986950155,0.8549260705906436,0.7582047245061936,0.8968513544714678,0.6196822012849357,0.6938650005560733,0.7444488473215157,0.6748069974169948,0.6819381067082348,0.5736909345531234,0.42375676992244116
186,0.3580542445513226,0.6059270560023082,0.5702988499453953,0.5299583247082403,0.4297212180116948,0.5950490963701296,0.5356754418217808,0.6722842977319554,0.5034294874460001,0.2987060446443762,0.5322699928375696,0.6280104397041417,0.3388930699211305,0.6450912683075332,0.4791146209869545,0.6969616297589887,0.3391696578112325,0.32012111623814493,0.46539892731618376,0.7121078777368045,0.6923275177126694,0.7205426291996587,0.72344954915566,0.9929443281829965,0.5730499884566149,0.9949548227874987,0.6254094195581158,0.796733643798671,0.4821303388436218,0.6765956418352774,0.7548462509869882,0.657030767582593,0.6412404452874128,0.4670476768371855,0.4316638267468995
187,0.40804933117321623,0.6272274957985603,0.8208107615765007,0.5287561537474224,0.5342193487906326,0.6965537450249146,0.7204166872053104,0.7053879839532633,0.7845444078908428,0.33084215500718106,0.5188974467614256,0.8800776477931711,0.4550740618468663,0.5935555670464394,0.5229637652809367,0.6959985175722224,0.5550933321584747,0.4110724018025514,0.39295931858427724,0.6274686319339402,0.6779089958660653,0.9080491779395552,0.8647746631889067,1.0310190478530727,0.6363573860389169,1.0398305612006822,0.5533305353119332,0.9252554863670825,0.5254539324279655,0.6570811526091531,1.02008469628885,0.8388428091224021,0.7638545239375295,0.6801894113930254,0.4506941689796531
188,0.4676111547942226,0.4226161849991198,0.6367793121659981,0.5074560174019348,0.5950297927207382,0.8058576452045894,0.7038872239137317,0.6271465074521463,0.601929665055147,0.3387193297243445,0.4359499470699517,0.6600268292284507,0.4315819424915124,0.6001542881955584,0.6887112295779052,0.6811603440068558,0.5050176380998749,0.3597393130458181,0.4312677520823077,0.7382526264946604,0.7453863122712693,0.8319068132230819,0.7893279958345494,1.027337486320019,0.5167210628662856,0.8520257711585288,0.6934744605512541,0.8208159460084028,0.4758898016316858,0.6458722646516155,0.8191401929702165,0.8188795040246053,0.7878083381122865,0.5160599199561012,0.4140162503354075
189,0.41970400782677025,0.477341352102414,0.730511379830505,0.5450891924191734,0.5571759093658889,0.6851911179683414,0.5984767746637557,0.5885966698043446,0.6339105767634606,0.37069910265832584,0.5583620567627117,0.8087947137578546,0.5359322361003065,0.5488159817080256,0.7368318598742943,0.7871325147608681,0.5619325712725458,0.3476468388131757,0.4451223161275555,0.738775667808582,0.7172685193999484,0.86027279961771,0.7255637228217355,0.8556076456257786,0.5762583939599073,0.9805323672486363,0.5976630456984123,0.9150298969839304,0.40589201436527866,0.6999124781542869,0.8621529083500595,0.7947239736342997,0.6774814472339207,0.6043464379625695,0.48780436173659175
190,0.4839725204715112,0.4277446095128823,0.7078588991392494,0.5761860142046606,0.585152957090552,0.7911860128530397,0.7155587739506137,0.4932495676686163,0.6265391326821982,0.4304488551279295,0.5415472010394662,0.6716627663071324,0.5570539975404141,0.6368977202874484,0.615674879223985,0.6938059281210132,0.5384826526386497,0.3121377948349397,0.4583782377249874,0.6966459044803446,0.6304013450195894,0.7131655973360683,0.8226617525926656,0.9270180308741105,0.6583682493553755,0.8278686353261582,0.5240133130392427,0.8391662662727991,0.6892727235678127,0.7740140827418571,0.8042278815799645,0.8328556823292413,0.7457995228762044,0.566960267117971,0.48626676782503186
191,0.40339355359302137,0.2134439459917569,0.4798681462018323,0.5317036118059733,0.37112946950754655,0.6886279643386854,0.7128417059999617,0.5518711577437734,0.4999569050217344,0.3754840986968135,0.6415097854342571,0.8833067991377674,0.512503924108881,0.7608866720539859,0.5054721787114596,0.7630652835820051,0.4603849232619819,0.22366568405762505,0.36325802958390857,0.8474201787381781,0.5019524551756062,0.9293798189927329,0.8438401289489815,0.8000330907967905,0.480997085917828,0.8449863579268861,0.801319374944144,0.7088337889015333,0.4250043282926232,0.7582782888079549,0.9701487691676915,0.8069250184924434,0.7090681760818534,0.5894188710520174,0.48852442464601165
192,0.44386448258858274,0.4861705041452038,0.7194773070326816,0.6552707014658824,0.5709988521102043,0.7910393091247224,0.9176276001241737,0.6171235303352061,0.7303368356249244,0.4599967960271556,0.48160829465094623,0.7864562003874502,0.5316560576911485,0.7123732995812755,0.6887039593798625,0.785199574252371,0.6155782427443615,0.32407732289052477,0.3539507827076751,0.7437046170732557,0.6433921561726847,0.7801171318453202,0.9200843844091009,0.9903913756208157,0.5412702216372238,1.0504848646982374,0.6852787943321101,0.8426797049761107,0.6555437203620795,0.6791219730391899,0.7561226648002356,1.0051957593522363,0.8010796825744503,0.5273250950113451,0.4662635865323026
193,0.4403317186062379,0.5650974707998833,0.6388431289711144,0.4786424989691584,0.6369246768050904,0.7011213768901176,0.7404446536904632,0.7135854388495791,0.6319567937147,0.33458025163290284,0.5540113406346052,0.8127463904007786,0.40247186348247915,0.6159517845218834,0.703588699420322,0.7298637132757307,0.47592623943378803,0.33966223897727477,0.38696190310387213,0.7317947668135125,0.6743044933280713,0.8825262293295941,0.661344331547955,0.9876001356588944,0.5235150852827211,1.1092724260630624,0.6218927166806256,0.8510967684872807,0.5634953454813537,0.6707974168550321,0.8474077048365907,0.4110032146575476,0.7180097320568477,0.7134114964512803,0.5007697222007639
194,0.46113324522167093,0.498511510789445,0.5297550167031992,0.573399521214279,0.541281881292663,0.7756491898949681,0.7714708156539931,0.6725220101857352,0.5189575275614506,0.3204873482187287,0.45720009940236206,0.7390402052934022,0.42353274781565037,0.7719742162405288,0.6876315793293495,0.8133801742819662,0.45575193724779917,0.3370433096583094,0.3787719970183961,0.7147969155993987,0.6699490683854993,0.7784627872592027,0.6975096488468155,0.7489254158176126,0.6058398986863921,0.9294844458177989,0.6051901459492555,0.7042152353985438,0.6229344751434742,0.8432496710451827,0.8925959250438145,0.9185450839987827,0.7124557953396793,0.5416753586411333,0.37477215697542726
195,0.43250293970741605,0.5004337737757291,0.7637780455186506,0.5800871035614197,0.5769653315721134,0.710581820701427,0.7029981813498618,0.7843896621412001,0.49154751441717326,0.3408230013089306,0.554490494486235,0.7500579033528028,0.354162404255958,0.6185300814104551,0.7300476468900176,0.8034103831289142,0.46245614333235496,0.4773792612885855,0.39540047901902364,0.7321482230257196,0.7538672301184979,0.7285049308822389,0.7063801304663353,0.9610611705688505,0.5897454356516005,0.8736289732287277,0.6537122266670757,0.6806681497479536,0.407890937864846,0.754390681535772,0.8829054388383406,0.713602343678344,0.7248305531764789,0.6795975136919206,0.4466675693454874
196,0.4716127299493226,0.414304026910098,0.6759753083073261,0.47668119005091575,0.5532193093149878,0.693299077639477,0.6370471803880646,0.7330645180534744,0.34085482905496617,0.2766308259603506,0.5739527586510212,0.7761364178793742,0.4048460883008776,0.6242309109060671,0.8288178853209309,0.6037625986704709,0.5652333728275545,0.3425160219183251,0.5214266528458631,0.7204689989600728,0.8399737654609524,0.9079564187315102,0.8118773520318101,0.8063852190229992,0.5664067414120844,1.0172962942248027,0.6698646879454082,0.7705263986276945,0.5587378802593441,0.5641214867195076,0.8606714627864589,0.8033721197051145,0.6441767682696098,0.6270374525130071,0.3966699227771866
197,0.4900384733032139,0.5681962677162851,0.5327794319677503,0.519449414985651,0.695896724004632,0.7396490485448859,0.5872684198301918,0.7799241181591008,0.46392047472897485,0.18067875844913742,0.49694972253636494,0.9205328531858272,0.2765847674742981,0.7801962799861113,0.871114826233667,0.657561993815664,0.6395508536861793,0.2920914452585915,0.46199628152715455,0.720939973423044,0.8628243799969486,0.9413704502552047,0.6324804258057393,0.838588913470205,0.5451129318514717,0.9375115736134396,0.6704368212923049,0.726730494225283,0.7617037262155174,0.6348691023988237,0.875766058726317,0.7938013640757666,0.6606167442888774,0.530772620610461,0.335906152923656
198,0.44925556418143053,0.3680429797610088,0.7986213054391155,0.3517949391578354,0.40239383208839485,0.685794492563085,0.7023854761974218,0.6339503953716776,0.41582910349281066,0.21823585522271158,0.5274930288777415,0.8408169475051026,0.402323843035551,0.6399582147973182,0.5700522965085382,0.720697263989334,0.5849843910524661,0.4540055408974772,0.38823147647976,0.6461559881448165,0.5762746192036178,0.6678337222851553,0.6419744303612569,0.7939745263473414,0.5373845257607096,1.0691071673158499,0.7535396202025271,0.9097304420377894,0.5781417450490283,0.5890303051851045,0.9396094921728166,0.8782104922900541,0.7908029452396128,0.830614918608128,0.42174675453636756
199,0.4942420359476822,0.3526636926581025,0.7323304373602639,0.4236781856780574,0.5242369996881235,0.6438966306139993,0.6844960038445916,0.6238516409342828,0.6438661683161705,0.34206344729457977,0.5214974420886176,0.6753779664921442,0.34792636059138726,0.7586179824737753,0.6915076232150452,0.6712481118739677,0.5688449402377477,0.3417291835139683,0.3830254743484917,0.6376022735521711,0.6799292344946242,0.7183241098740162,0.7623676418765386,0.8351358650706757,0.5856006740039055,1.073723599559143,0.6765374466197307,0.8379152665963447,0.674062730035892,0.7243951415782705,0.9846282762051458,1.0396822290155425,0.720547511727062,0.7167343548884768,0.3374317842349799
200,0.5669685184888416,0.5646005675705652,0.602828521108502,0.4922669675735293,0.5162405485452928,0.7875324569420054,0.7343618536021161,0.5327748728325898,0.30328815598219994,0.20089586597951503,0.6405670565602705,0.8761630883242228,0.3701289324641158,0.7355294638768277,0.8335065967645798,0.8850097076688118,0.6439050110801299,0.3904277491920466,0.4139401272598688,0.7880059224143133,0.7151806422295053,0.7836451904011873,0.8399511476817065,1.040384843593846,0.5065777383376857,0.8189481177667759,0.7282940072690746,0.7663281671270024,0.6632677034845196,0.7383713040596596,1.0273382251974321,0.9796605651695189,0.7235783299330043,0.7618813309627989,0.3337139423464623
201,0.5535447671693201,0.5588101476409848,0.5644686040787449,0.3718252449195706,0.5307509955316221,0.5498713837131824,0.6792115588560597,0.6051158986264514,0.4956601526343245,0.21641768006403986,0.5218036177601553,0.7759667222846716,0.4264102213963785,0.742979510691006,0.6135450818643599,0.7717750081025994,0.5772867646900781,0.33272345776602597,0.43886470705133396,0.7907424613563194,0.5847424620089116,0.8187178733414597,0.7159366373653063,1.0235684589827554,0.5852943033107978,0.6871579515773971,0.5750629876433997,0.6798056106191939,0.6077121429454612,0.849548239145349,0.738289637379529,0.8855158498021771,0.6107379889931865,0.6553635314953162,0.31578261386184836
202,0.4338670194738763,0.5158748876655789,0.6278318799537188,0.5290577962190613,0.5337844424368653,0.6435450012119757,0.7377768225050116,0.6017160447000638,0.349397175209955,0.2633639180990977,0.5270939409152937,0.7989065415133774,0.5102271788904389,0.7032415219932093,0.5011729704092986,0.6968041141675129,0.6588778873540626,0.36508585264820004,0.36640461054476986,0.6737973353945976,0.5432706282880697,0.7529346316046279,0.7631870639420104,1.105302726614513,0.6136491536400966,0.9568720298850376,0.6356150756427916,0.9069146647928474,0.6234284192518679,0.67205708896086,0.7405303305965485,0.71599900441869,0.6337125033931624,0.56515571163527,0.30323156374376625
203,0.5830617511725505,0.49233314733883987,0.5816870589807273,0.482185503376068,0.547235189914096,0.6920612121257073,0.6498021739446702,0.7647488042889128,0.38657662341491994,0.18275320511187393,0.6177789208257912,0.921786887376632,0.3238010074725332,0.7718779947848291,0.7163687529867739,0.8414310032827619,0.5415429326765034,0.41282004412092865,0.4242628262060153,0.8443002047088349,0.6963617619384556,0.9844282982464456,0.8391142583074271,1.1875159343116626,0.7748122180791293,0.9759566038699327,0.839036713652428,0.8566754502224627,0.612663227538718,0.6060189400875184,0.8966025894784408,0.8137271612459702,0.5684049057494538,0.5918501654951964,0.3218141434369063
204,0.5040170753740397,0.36132307945123354,0.581447719486288,0.6492989051741965,0.560350445777815,0.6301227743133009,0.701596755209001,0.49686894125987385,0.5310522933951478,0.34526871536501325,0.47097993592573983,0.6450314195011735,0.4559788371459518,0.6409523724804789,0.5852315115992794,0.8976863703791509,0.5365284903997579,0.43726893584072873,0.42121767112449704,0.6185350031854561,0.6182385414818472,0.8132749904718647,0.7184663710938102,0.7116832309883088,0.5054769864307492,1.0725472161550975,0.5772487751179562,0.891175485890566,0.6075633078900238,0.6612466741425815,0.9213675808997926,0.923999361599235,0.7361584332170426,0.5814203185822382,0.25850872203969333
205,0.3438394693913771,0.47815173627265284,0.5169127856875948,0.4318639155818558,0.6280357805431338,0.5770627932497148,0.7177629898875078,0.5236885307444796,0.3642539716151455,0.28364078722925967,0.4278954327782179,0.7310771372208241,0.35178546248784515,0.5527462805761635,0.7334631236405545,0.7582007706924377,0.5380961652710574,0.4347154536287042,0.44089656702853564,0.585622255040708,0.7528901427171394,0.6512332557379698,0.5805038698602859,0.9185027264735421,0.704261963944457,1.0078036456061588,0.7827866612054504,0.8336432039553412,0.609640549703278,0.5730071553155063,0.8448916181227402,0.765442471260114,0.6655412380719947,0.6767981189811787,0.27487388313290917
206,0.41428777808125383,0.5137592879286623,0.6139259331731848,0.6510684603949275,0.5656897648685053,0.48262124770874953,0.7571967529136411,0.6815558556943944,0.37603971669652847,0.3405951725768178,0.6513300284681194,0.8135679649004732,0.36983461607445434,0.6760182267262025,0.6015683196264983,0.6172542764880755,0.547254482087727,0.4973384655774346,0.3322369820104785,0.7816927240922404,0.6385472570972595,0.9869877783606948,0.7926698446441233,1.1700655544479457,0.5602000749704739,1.1188493437965503,0.7654680530543921,0.8540718188964128,0.7213854053003934,0.7021631837464931,0.7484437607006643,0.7962028229851006,0.7817227774370885,0.7325237128249359,0.43300926870201484
207,0.4869345834731659,0.4638016719877812,0.5994932434887306,0.5114683178354194,0.4932784850931513,0.6195608241359086,0.716818762147099,0.6582547477994771,0.471922269332386,0.3493033927534571,0.4872547435336086,0.8569605482215378,0.4356756152192738,0.7018621375156626,0.6858119623763375,0.6775228743722326,0.6128328218384398,0.49290362148557115,0.3479117504150452,0.6054634415726795,0.5729338651125114,0.7927735446463146,0.7308202518369642,0.7512117132782621,0.560452596723036,0.9277099497553927,0.7487038375905588,0.8282909691390884,0.6993205603029322,0.6882710148437298,0.7635916196162451,0.7971092350469162,0.7100096143227362,0.7001171572885183,0.32059307890184224
208,0.5454584422684741,0.403383659770402,0.6070020055135845,0.567188615477888,0.5821079365554466,0.46651207706321174,0.7736824730094173,0.5583203532027128,0.4837663038546139,0.3798231967560636,0.568014783750928,0.8276340247199347,0.3754270233096083,0.8636836227189852,0.4868448909218208,0.7236826635892792,0.4881180647735187,0.5198889729417044,0.369075803682698,0.7608773202780352,0.5549299590176796,1.1561258801583918,0.6164789429155828,0.9362460565421983,0.5559111929782384,0.9947676635084497,0.5888636916949759,0.8819313101076054,0.7706238017858154,0.7747914084295343,0.9541387762138027,0.8502457636898136,0.7767133555931205,0.5941809890199186,0.37031513203010946
209,0.7285043396318951,0.4754589423889909,0.6420302022956081,0.6583489555906334,0.6209976110331835,0.684108824987698,0.7427339133056006,0.507706890606906,0.5943041247053458,0.41004663011066456,0.6496958090909528,0.7959408172935973,0.5567422391221061,0.7794688532788403,0.8688108740192709,1.0285469265610696,0.715768409494143,0.6550527705221203,0.43905991209187506,0.7453118393498084,0.7424581100261719,1.0203093473286713,0.9615858766005781,0.8526541714737437,0.604795744854825,1.0303805085502509,0.6088122498301056,0.8323835805924992,0.8336104662307646,0.8622772202267042,0.9399315250668401,1.0232215104168794,0.7668617034634453,0.6016436010197577,0.3694114231994201
210,0.5123147044859359,0.5790119193414697,0.7982918657704651,0.5616272964842609,0.5094957166435825,0.6372026758238574,0.8166050691523209,0.6010786287926198,0.5631019825182584,0.4289894085464655,0.548672924013325,0.7930906033628699,0.4147409028980025,0.6511333683953843,0.6147542564112389,0.9658701421703701,0.7443153137674883,0.5435668426774225,0.3742676794930243,0.5939764038496745,0.6373454900192645,0.909911164227416,0.7666846030810972,0.8739868616518415,0.7201304348502264,1.02388767118989,0.7522071199021834,0.8457361779606654,0.6962178546877456,0.6417252923309914,0.7057158046953143,0.7663212431384747,0.7580051226239473,0.753714366676252,0.3667230329830236
211,0.4946795231417617,0.7751772739381739,0.6002205714453522,0.6975809683854612,0.5377121441061627,0.720948652385622,0.773070235198356,0.7697681062590636,0.6482166965635254,0.36688949444248137,0.5302749433120623,0.8352820509271601,0.5098641150304551,0.7566950681684097,0.6064031710308725,0.81897210205052,0.6766054666500816,0.5878534326481185,0.44752650922896753,0.5458681647232659,0.7173852160477598,0.8495012881242942,0.8037997893568491,1.0551533613930446,0.7343129544683138,0.9525373046203269,0.7618110756123067,0.8332808844758898,0.7219732790343043,0.6753126490744812,0.91789497331716,0.7024171615663994,0.6709898988245315,0.5967969833500336,0.4506121340911754
212,0.48895726836769215,0.4498489969066273,0.5770080440129912,0.6569171350873402,0.47863296117728193,0.5749238109553751,0.616928825553714,0.6985352780344042,0.6558127514924954,0.3178180141851219,0.5195808432385061,0.8638449350660944,0.4783528204443398,0.6325434273036386,0.6321485439330032,0.7013651739610819,0.6431781563317227,0.6318183036538776,0.31424582789472527,0.4200591522205573,0.6706694585162913,0.8318945815852208,0.7729531895748174,1.1167731689148597,0.5498651473242998,0.8020570489280932,0.7774075337626252,0.7676873227849257,0.8216022204328735,0.6990387728277159,0.8804012229208324,0.5804990666179228,0.7155157018354087,0.5870275347739933,0.4496749518699428
213,0.521421561091825,0.5662640773490157,0.5781907863259712,0.6500524911992892,0.531567131296144,0.7073685459315651,0.7577326737433375,0.6437509981296518,0.6420146302004542,0.379905376591995,0.5148247199750713,0.7669376202301604,0.5041704773580624,0.6574647897869168,0.7166550316336051,0.8862629603241283,0.6294334093204922,0.5139197025577095,0.40522800248645285,0.5225509671936017,0.6735013551396638,0.91567235091297,0.8575857846299498,0.985816862138007,0.5407549395211168,0.9455368649259414,0.7435755927152319,0.7886293522779015,0.8777923153838227,0.8526085306746057,0.8793602454401901,1.0823806916862027,0.6542818105440671,0.7124734819559947,0.3538365504158576
214,0.3950958770676891,0.47304864891812404,0.5948817553010093,0.5985104347079651,0.37891199390049457,0.6217791805989232,0.5736161589777533,0.7344750912296212,0.524434214971045,0.3503259834379303,0.694818344043663,0.6597843984531646,0.3835478935735728,0.7549098092401817,0.6678019540720002,0.5846325118702551,0.636955927373096,0.6118840028650598,0.3855222450197672,0.7190975949123829,0.7235534141822101,0.9520776643107584,0.6885563736865141,0.990765555594118,0.6669892183631131,0.8142974198283531,0.8016688456217989,0.8410432678679877,0.7040602672298201,0.6938806654236265,0.6849506916860939,0.8181501294882098,0.5991281749419434,0.6906269082003554,0.3843650949549492
215,0.4018472095423989,0.3936763307691321,0.6027859971024958,0.6779605251492878,0.5675576630638206,0.7377479886452982,0.7153108244365156,0.610512538199438,0.494346337398294,0.383386829888398,0.46681786439248063,0.7143293632757348,0.5763942093188392,0.6873330155847022,0.7840348252997102,0.8070329198295441,0.6817406536455343,0.6189113403116979,0.5399185994329903,0.6315919166370917,0.6972333920139162,0.9789277477517296,0.6900916767449927,0.9371213209637368,0.6396971221202643,1.039778580681459,0.6003123795968235,0.6695013653409136,0.7870211014625224,0.7658329782929629,0.8950860298498553,0.7899342900665529,0.5970245390416715,0.7679520366572419,0.3000703033855608
216,0.4967585822581715,0.5318320966977403,0.579744134215529,0.6053846036856514,0.4931129876222984,0.6301416431962275,0.7494364237428818,0.5089603982615972,0.6382767243946368,0.29450523093669667,0.572942242811088,0.5817987105669651,0.4142672419971669,0.80185725448256,0.7230659753642527,0.7371403214002028,0.6397092111309514,0.7258056617828211,0.4118230461826653,0.689916211845083,0.6888801935987006,0.9612580192007983,0.732640103110566,0.883862775486045,0.6249257130048536,0.900541331671576,0.5284050387090706,0.7617624088361062,0.6819724093740729,0.8287633802618843,0.7503648361944193,0.7516837451950346,0.6571812442031546,0.6962130338365877,0.3547618186629664
217,0.3250336512229419,0.532510627413247,0.6385224776544387,0.5176857024131173,0.5703355427700574,0.6311409060638774,0.8579124495080168,0.6118404076504658,0.7446071177311777,0.35662436544804144,0.5234181957170141,0.6137696547640717,0.41642701452107833,0.8598881808838148,0.6128387675218138,0.8391019170100809,0.6758557251061943,0.87405202958527,0.4073194592644148,0.5201162442030028,0.6220569490672379,0.7885878737898314,0.7957600709080739,0.8914394597809749,0.4764378431872734,1.0868513671042277,0.669248188357847,0.8831551369816002,0.7919545244381522,0.6904682262689313,0.9060432466854702,0.9914565379831914,0.8063841118959632,0.8454607850731579,0.3348652572367584
218,0.4577510106294145,0.47888356712277824,0.5988924173508243,0.6520356691302516,0.5963948035341052,0.6297094170440621,0.8472911155836708,0.6381218231562634,0.5788735019484974,0.2581755926140268,0.5451517340286554,0.8345651318959801,0.45919696965884005,0.7416489212174586,0.7011578398934857,0.9878828720832209,0.5553187344617174,0.6760854410658882,0.3858493773755637,0.5805832637247634,0.5435437805291936,0.9152416557325889,0.6983226306242494,0.9803180526840338,0.46863943576735634,0.9694727338160316,0.7240885875542736,0.8724138900505118,0.8471634037581495,0.850969980718209,0.8545858828347417,0.8301122251633832,0.6748114781240753,0.7277661164484199,0.3454771103926181
219,0.44717171793846683,0.5454081165369795,0.4427881045660752,0.5369048753839998,0.5181378720629997,0.7391165219567213,0.8234282511315919,0.6388133601752692,0.5618265251565769,0.2967622891863413,0.4360201000195688,0.7457689115854303,0.5230832024255581,0.7659023207332962,0.6761724939451652,0.9290549846106801,0.5051219162073665,0.804625425431978,0.43982370237662816,0.5565500875741889,0.7298276732599953,0.8131071519053764,0.7865632237922935,1.010294874264341,0.650944752259457,0.9628549178306176,0.6411996300747045,0.8198771859221248,0.628162819134423,0.8278997877944843,0.8871038532191179,0.8186706143718298,0.7495535779524087,0.675429460786019,0.46476584732315385
220,0.4661269663469677,0.4226899228819506,0.5234774817661587,0.5616020628268803,0.6881862713332486,0.6847724191491832,0.6890155057812736,0.6068780749125778,0.7196771131264355,0.29019043811542217,0.5872580195237216,0.6609199894659532,0.33436319801121245,0.774008202818232,0.6518438192788769,0.7134819421080416,0.6499424489165315,0.6766567607157213,0.36490288536038196,0.6126536792756277,0.7626555748898846,0.8885626094131834,0.8116263121518139,0.8949877722340739,0.5153635756366629,0.8997121833024042,0.5925544078314813,0.8901155608541136,0.8308878825123075,0.7877173348841926,0.8942962581148356,0.9434610259126723,0.7472654279935591,0.8378232294723962,0.3999743300779331
221,0.4227796097294628,0.32263988532039933,0.5717629252476378,0.5943070302025256,0.5905069053684059,0.7045226108054005,0.6429521830924516,0.6033199638120801,0.5119544372659924,0.37701780482560787,0.4701609412470577,0.5615837498745558,0.4757010127837812,0.6307761482560075,0.4004143510907246,0.9530401390094491,0.6233258857514163,0.7035802469813919,0.3500221123137369,0.4812849764370509,0.5772721413231546,0.8687887966302648,0.8143933045032188,1.043415904332635,0.6705220435969059,0.9975494782381353,0.5965955727744869,0.7841174527612598,0.7538351413077256,0.7970342739100298,0.7600874136843465,0.9415931159792643,0.693865901833737,0.7612265184291727,0.36267947777173226
222,0.375775748104111,0.616865342057805,0.5434967148511509,0.7166537800891035,0.5158088732914153,0.6589387834153076,0.836287857392948,0.7215587010736482,0.6273016093441172,0.3207216017148623,0.4679954400591949,0.7156488075455325,0.5117511730630044,0.7689319918755857,0.6052236864629177,0.8363176216177187,0.5952354797022379,0.6642783039551377,0.4894811928261451,0.6712348042592254,0.67986624802758,0.8805643241943143,0.6621434422931222,0.9360125884307036,0.6455309470530739,0.9745367397334548,0.6348116514004362,0.8232128280413564,0.7630225103405807,0.6405591670161422,0.7121327451024605,0.8629819272575714,0.7281246239234977,0.8773104232122013,0.4782284279032559
223,0.3731492445359559,0.5394102107512782,0.469757795126061,0.5292254530883385,0.6179486692067002,0.7515606558611618,0.5859118795838623,0.6778742941757487,0.4714805734156747,0.33533773475947865,0.5391755707070489,0.7334123102000951,0.5327705384145164,0.8301472446541178,0.6342577592227062,0.929799476133947,0.7158399487256263,0.6294544841838887,0.3839247359202387,0.7897108179500554,0.7509235704361741,1.0399185698357583,0.8317867187602246,1.1129895109098162,0.6153755486569681,0.885727594234661,0.7666970960033341,0.9465402548958706,0.6546747214382207,0.6792028750066914,0.8647196996166865,0.9729114935433638,0.6695311317746342,0.723008160078306,0.40485240811291995
224,0.3934760259763812,0.5201582941575184,0.6268735059109432,0.5505452237026727,0.4895843282713227,0.7152835796976116,0.6554390342350823,0.6797739764473216,0.5260441627721419,0.24449211231014023,0.38283029814111,0.7309558464283603,0.4942717365015965,0.6498492637453721,0.5162015386688048,0.8358347912704859,0.5407082180278139,0.6619050547271692,0.3644650992926577,0.6659197594334905,0.6408510470521276,0.9023987021409952,0.8116938056532239,0.9222546495857247,0.6805110512594104,0.9766863421609477,0.7017204643390227,0.8386784105502556,0.7277549873376576,0.5738869904217279,0.7721229653124966,0.8567596632416274,0.6902259696603368,0.8585309671473764,0.37556573010860184
225,0.5055454270359407,0.5972972027820871,0.6100320534346866,0.6602850927166111,0.5013294216007451,0.601425792617289,0.6742980361772717,0.7859808841483213,0.5670072480343856,0.3334183394691881,0.4207347240370982,0.8224835122523306,0.45423147643145767,0.7393104428329655,0.5834237354230218,0.8381856706848841,0.583215641002897,0.5060563968860854,0.30223216500999184,0.731556208601968,0.6479532720456121,1.0316653484393907,0.8020035037942371,0.8709486084920559,0.6052365512798084,1.07391025685527,0.7568347532536,0.8284684398540462,0.718682683380788,0.6234268812586364,0.7321437980230907,0.6955294208448117,0.7568806820016649,0.7846117152637955,0.5239747642718151
226,0.37166380948372013,0.5739285655521664,0.5924764880862657,0.6320507675742343,0.4600467664419563,0.848747752265733,0.6550486727884977,0.7175544602477999,0.6284814582131921,0.2862010169946012,0.4212280963843552,0.872392868272251,0.46190658341781654,0.6821998490876366,0.5484932349450373,1.002301582180928,0.5713591992872614,0.6759381286078686,0.41044039590988635,0.6476010092279716,0.6765079996274408,0.7884308996615632,0.6477639718881492,1.0378995570461422,0.6244433692200202,0.9273674297757732,0.6722575322727308,0.875090818411861,0.7789289077487861,0.7351745689564584,0.7312206263693439,0.991633583719514,0.7419029883843029,0.7886284196958462,0.5033653860845597
227,0.3491293457148683,0.5293076471327,0.6035544072181602,0.6451671573560023,0.6877801706852533,0.9164689007971518,0.6422926900298489,0.6215794159401941,0.5923584659882023,0.40357009623834494,0.38449070768392535,0.8071513355761207,0.4691489797666986,0.6832249944835608,0.7872457138728548,1.0331781568784262,0.6680590823734925,0.6847553744160889,0.45736247628526194,0.5356382699238975,0.818395327756268,0.8098064897121664,0.8452540582376117,0.9677082575387859,0.4856651399857912,1.1592033322995325,0.5980526152025001,0.7493685254345179,0.8167180984360629,0.5676015602045998,0.9833229523672803,0.8841476750963823,0.699190860838864,0.5806886627235692,0.4370177853673101
228,0.5805021807852722,0.5419064445112034,0.7122836767590832,0.6961230857950733,0.46167872453898895,0.6770402000004935,0.5509290132012871,0.7654280185329172,0.5874032259688355,0.38798332553042114,0.38578336378394784,0.8200495302861943,0.4896681421767107,0.8094108854743959,0.6169732266175161,0.8124721670659014,0.5250309882636159,0.607729762593045,0.3836669671994655,0.639976804310541,0.6123308160216221,0.9577293555343483,0.8685782517755298,1.0821463665748094,0.49712494592571,0.8832822370444373,0.5596576362187959,0.7985492776298633,0.7282251805886355,0.7566628143189574,0.8270331637567642,0.7245822287242911,0.6812221968825989,0.7482782736980811,0.46208724993029354
229,0.43153214183231303,0.4671549587092582,0.6925332530986767,0.6441526862615123,0.4935568139943337,0.5586408153703569,0.6862846849076052,0.6196279055141272,0.5486552987996551,0.37192733731584815,0.4590560797253852,0.6282350310951933,0.428349395785558,0.7635248492455564,0.569544589723088,0.8189750003445853,0.6271244617847956,0.5197169076720254,0.3048818619337599,0.690686986710956,0.652372235443458,0.7882428743932193,0.7096540217551507,0.699121517508834,0.5701776738900606,0.844328071899096,0.5509141275901952,0.9256059939075635,0.7434415689483094,0.7240994839226045,0.8825012124932812,0.7898042937681526,0.6117202342794714,0.6086995592944271,0.3159393011409044
230,0.455571303470822,0.6903670256141996,0.7376326191833846,0.7271692717426346,0.5249527250888796,0.6718731593613106,0.5777232976260255,0.7708174738008846,0.5676182436356174,0.3263930428839461,0.324858352943756,0.7826902717798676,0.40913915824998015,0.777219056196399,0.6847561072451642,0.849120104216089,0.49071987326321764,0.8645449418240445,0.3954192462996385,0.7063845283901047,0.7097344806265398,1.0202107813341919,0.7042529580365584,0.9188564204549016,0.6313542844556175,1.0863593094224102,0.6114000746586953,0.8191182075280857,0.6753424794122584,0.5976333726494323,0.8681104810463132,0.7854354614554473,0.7316007015175139,0.7428977354563241,0.4730506402216953
231,0.4975532971032667,0.45100907927987066,0.5058387900839005,0.7291053790829131,0.6225763735950481,0.6372713125130463,0.765314467062179,0.6915613165139877,0.45516345797474056,0.415043090321922,0.4673714239954293,0.7509818661213492,0.3838372761758435,0.8284670188762009,0.5647500220415449,0.8689380358640677,0.6592084591332636,0.502661449000438,0.4013001775225077,0.5803559229696905,0.7310014628057728,0.9411986785405905,0.8284765645887737,0.8368329950650757,0.44537817919103234,0.916315201885679,0.5829686747986815,0.5918844057617804,0.8981807718769781,0.8743698505578203,0.860359620539234,0.6898262942065353,0.6576266739039811,0.7101271248986277,0.33235516520213176
232,0.39501786804747385,0.6596885988669583,0.715825508917069,0.656282406178617,0.6816791277159793,0.6677442790824785,0.7165373702262409,0.8232835231231932,0.7030595649715246,0.3669829384907424,0.3614387580606572,0.8687007616592655,0.41129376280824587,0.7841908316312309,0.7929398218688797,0.9927010685369806,0.6838679416757126,0.6952194123753859,0.3751261610688743,0.5763531488418219,0.8314510880779262,0.8091455664870126,0.7631832127941129,0.9017912636549905,0.5088344127502016,0.9630971509230906,0.6813901292159055,0.9442718540967324,0.7476986225717972,0.7462267349576581,0.8677707449047121,0.894410416477511,0.7119031988171132,0.7598777385234493,0.31290476824625296
233,0.5013277710708659,0.4319493607743423,0.49582368762961393,0.687093414719661,0.6306234937613227,0.6311912631293795,0.5386202907853035,0.7526612270520662,0.57689857476171,0.373681964365137,0.5056005874430716,0.8188346870792635,0.40159968852878136,0.7798690445465584,0.6839802652201655,0.766925217234953,0.4604887905385475,0.7211541316116508,0.4760290961619363,0.5015320209570711,0.7371113515547897,0.8964813124171672,0.8225724800756082,0.8697331268343973,0.6407285957211779,0.9717551214816773,0.6890254844464236,0.8541416376035424,0.6894450778619703,0.7102171637051092,0.842975899883613,0.7422454709389494,0.6101064250125794,0.723519222279368,0.3169244850523185
234,0.48357321270226494,0.6658221532558822,0.57889717120823,0.5886765639691813,0.5204782597287237,0.5876760775271422,0.6027767911421259,0.734818645989938,0.5680795468890807,0.38717473213927034,0.3853864236618337,0.7813353859341238,0.29749241413853544,0.6852519532431319,0.6111013373093587,0.8331062325558838,0.5548248771316933,0.6612783835936471,0.29224896221262275,0.5047713464485346,0.7002915476862798,0.8481429376624209,0.7658475079490366,0.9190061128772179,0.7039963692285711,1.0231366354786378,0.6015018447380867,0.8900168606795895,0.787428622973251,0.7153714461875726,0.6730638320072867,0.825598212121837,0.695936148691984,0.8646331301812351,0.30018671496310123
235,0.5698248165039163,0.740795157885554,0.5453999800658529,0.6453511639717923,0.588424867711204,0.7040313785965594,0.7949436964237797,0.8082144662920632,0.5594420283038251,0.3676832396906047,0.25794634529935495,0.7078429923634326,0.41226724507522916,0.6965031386113132,0.7592716385454268,0.8071197610568086,0.6254456134762759,0.49333609305787374,0.45108387724406684,0.5183253417351701,0.6691139942862848,0.9393527871569995,0.6302987722030653,0.9529013965426254,0.6440821640613211,0.667050272803244,0.6324867660139001,0.5303634586448308,0.868908831659588,0.7624192422243077,0.742727785592888,0.884592263750049,0.6154607526564535,0.6761895390242669,0.43030127238486576
236,0.5624690551682074,0.7816160365538751,0.5714865740782418,0.7431402364987697,0.5390884476432523,0.5649503093091539,0.7529068984893972,0.6802041350420347,0.42786445741249907,0.26574547839363977,0.5650425292796886,0.8328053603481795,0.28333686672162944,0.7942079138711411,0.6721738856184617,0.9810638872650578,0.52486003040654,0.591449716442672,0.37906610705409133,0.6797799249269854,0.7362942720241648,1.057493652447309,0.6690054287646172,0.8650068137338214,0.5351808655999409,0.9431592724814907,0.631727900099014,0.652326544387522,0.7899682754743231,0.7040137348271073,0.8926324435086546,0.6539120713166539,0.6712544331174528,0.5813367330889609,0.376921445974023
237,0.5134591496944653,0.6449150496491153,0.624509655503073,0.7586396866542182,0.5931799096093852,0.5749346015097514,0.6682907182362317,0.937384466145782,0.41598125454949,0.3437179007966241,0.4102314148544926,0.9833552151850262,0.34572274192912333,0.7852658761451126,0.732220231851919,0.8254922928638493,0.6392389453337657,0.7211305304659796,0.3837112618335694,0.7661567291078988,0.665290604445352,1.0605106754371216,0.5656342334484007,0.8980392768102656,0.6655900146041207,0.944001832094831,0.6795605752262416,0.797806657213773,0.5846907909498545,0.7158732575056949,0.6944245803517016,0.6591251871151103,0.622883797802406,0.665286552263183,0.484198133868998
238,0.4684678665504466,0.6103417212010143,0.6367069927628863,0.5689293310985275,0.5554626634037649,0.6969055529806945,0.8136746584475572,0.8447654426549605,0.5997533749309207,0.31756239719936075,0.4489528190253824,0.9458203396084024,0.4654623233270563,0.7405141726716368,0.6264831069735672,0.7284548756603026,0.5812431146475086,0.7420312226933727,0.4076048969609446,0.6709062044931638,0.6026660455961513,0.8404073896382591,0.7103596773832905,0.9660776276290374,0.7041753062791749,0.8206250053531199,0.7062580539116925,0.7543027268881342,0.693935536143081,0.8931226684325764,0.8450753003577275,0.6815007939898833,0.7439013703187805,0.6258591414215191,0.543970752541763
239,0.5566385786480821,0.7815839302499168,0.6089098386676106,0.6568760496015995,0.50759661480944,0.689459530108398,0.6218652945673679,0.9293474371991116,0.5720205583237078,0.3618823088522296,0.6909882907894076,0.8580816047487247,0.43212385458707286,0.8443442592686952,0.7966618519630646,0.9669735657311019,0.5201147596659672,0.8557861565832474,0.5177312818567783,0.580233685122933,0.758242306401524,1.0288744637683307,0.6037700474904958,1.038158925599415,0.6954993700468404,0.9034166266577877,0.7916902977556053,0.909771308323227,0.5606415269585882,0.7481449740207817,0.8112349599716175,0.6220364090223283,0.720844581113633,0.811335028243003,0.45734792865653395
240,0.37377949418371137,0.706008233272176,0.7507099779306992,0.7529780391148426,0.5874088153495135,0.7319732476883676,0.8007688998568432,0.7847764493907994,0.5822152988967981,0.37902928052516727,0.4624223609003032,0.8426111124356401,0.3732744370962905,0.6378023027625438,0.638410260324817,0.7694727744076186,0.5524000579622144,0.7940233104889161,0.38850477204730754,0.5502435136107773,0.7097040887833446,0.6842301000452692,0.7965424321622836,0.8711170254068132,0.7361185423254091,0.5243589561715107,0.6458596635757572,0.7019383857412299,0.7831035017905043,0.6430226345557974,0.8228082177874895,0.7220224122297744,0.7390261718912987,0.5990903958128773,0.4194440103770108
241,0.6679254807963966,0.795900280573036,0.6389659680414792,0.7901173186119312,0.541055986982408,0.6140407777864996,0.7441342442787486,0.7486033630281971,0.595765018541921,0.29925683217687055,0.5487675926596631,0.8783847833785855,0.4008935255531885,0.8350438905859887,0.6184390083348302,0.8620196796030738,0.5496019169408334,0.8128819643280356,0.30214710843404996,0.570323328926206,0.7288080764882745,0.860809097878604,0.7503899297405701,1.0668096438729915,0.5455903596523091,0.8480793509720882,0.6800254404486803,0.85008152410771,0.6796021860670711,0.7064256639752053,0.8447765859787939,0.7190694897904404,0.7561523435711712,0.670082558307159,0.4657428180120772
242,0.4213352987711153,0.6311617209954732,0.6445370823614941,0.5676290577481691,0.5712589710809508,0.6163753276090613,0.7210572959678122,0.7952328124731769,0.4646130262066782,0.4049134144584426,0.4340273409954629,0.7364528664002634,0.49943370948239935,0.6563146127325401,0.7852606344400996,0.8527278778364376,0.5539879176062059,0.7795648636534065,0.39361260847724866,0.485531938974338,0.6985209591592725,0.8263478566205933,0.9023358852839877,0.806667561118388,0.5557428884975057,0.8145340693824099,0.6991166672462252,0.7802079338984435,0.8225273217194733,0.6228091181864317,0.7959493132676438,0.8613110550893027,0.6784816955992001,0.6222878961713376,0.3408188759789087
243,0.560188577973232,0.6087669066015724,0.8049440820130369,0.748248658745418,0.5069817982875102,0.5721829839085537,0.7124134218732288,0.7327445648522659,0.6336862900780598,0.3170022636737999,0.5243786867658764,0.7184794913012554,0.48181545537714404,0.7385790327269569,0.7982847040915226,0.8413048603639486,0.6660221222366547,0.8304806908796731,0.38002851014789474,0.5268052623398797,0.7770930800594603,0.8851122906075521,0.70277458785554,0.8606499416609001,0.6064551879535764,1.0378319159626965,0.6743940623374911,0.8961830476947896,0.6440937148395462,0.8118675766221191,0.7852769873167905,0.7628535757131027,0.7555092170036605,0.64206110382286,0.37519465148480313
244,0.5392462925994301,0.5880600845846089,0.6421174178443725,0.6270439238518161,0.6421358907662322,0.7531906865561327,0.6464006515737266,0.7626805035694278,0.5131776237998116,0.33836232207655736,0.5930428612693157,0.711190238861173,0.4620650973311857,0.7647647903419686,0.8038729947232254,0.929712269172623,0.5796087982721702,0.6933595723106403,0.43866118651047104,0.7078986204632369,0.741862185687497,1.0930477298427523,0.7956748514490128,0.7243583062570749,0.5785326966264793,0.7056578749346116,0.6221351036136915,0.7973293918318836,0.6901514262145991,0.8520490093929517,0.9654643584775187,0.7182345504441394,0.7363349756700374,0.5892610180354965,0.2586923467762046
245,0.4764646110575793,0.5479486301789331,0.690896872717554,0.6132547385353977,0.4942930499578846,0.7869407239375702,0.6062703535592955,0.7086962475110892,0.5343442851512754,0.3562309426153951,0.31733021040521076,0.6481498854328837,0.42823499547334903,0.6580168376170743,0.5093136830762335,0.5651104120594661,0.621325306588152,0.6721676935040951,0.40165998534567926,0.57459609649827,0.557524458742503,1.047253964284218,0.6644110318491848,0.7020895393035189,0.5659054723787358,1.0806842999034103,0.6358205243661692,0.7082981760994791,0.7660534938920598,0.833112228316351,0.7388456982389777,0.9183738932239015,0.7157185847563582,0.7013238477548638,0.35956944766942844
246,0.46647555329322,0.6127992694230985,0.6740135755457138,0.6484490953592439,0.5194308027835404,0.6500776611268753,0.951603973249546,0.6748717273757371,0.5510779161406917,0.4028919735580997,0.41164146887820685,0.6457540442178065,0.44457087646046384,0.7953637728066161,0.7993770792705469,0.8506653530075847,0.6443828626296154,0.8775619475787242,0.3193103212867173,0.5699090778588655,0.7009726225825335,0.9419024753388683,0.8278932153097927,0.8062465916050168,0.5924413708775703,0.8767221776552272,0.5806930991002168,0.8050264971924838,0.7811187325276157,0.7844256372667975,0.8265678660072417,0.8500753352673867,0.7604052724679848,0.6593595477744488,0.3759901791322976
247,0.43550087706953633,0.6080529932171694,0.7906487234083202,0.718664558799389,0.5301234875317016,0.7076093943556923,0.6853239241321978,0.7063520312364957,0.7332824218142091,0.4502890916706852,0.5977621626398046,0.8105564075475606,0.443554891106369,0.8738090677288937,0.7755861268107944,1.0479629538716875,0.5673191068809946,0.8156761062316477,0.4056968104232455,0.8351145146889443,0.6730994271985953,0.9983737636453948,0.7769062843866286,0.997867169399312,0.6613605451800133,1.1352494588170623,0.6536790347858167,0.8357227698393888,0.6372825928077583,0.6918087166074084,0.8635943133629668,0.7180310619709002,0.8727978372272998,0.9217597559180538,0.4123809510918819
248,0.45552366117095794,0.6486700795800548,0.5072957811097913,0.6826913259357261,0.5120789654105847,0.5956143592300952,0.8882294858444173,0.7897387203914128,0.5815772612121648,0.41651880832644744,0.5897330210130073,0.8102727339808726,0.3050448365860774,0.7722026952529177,0.6670478040342172,0.8940558811156476,0.5737791129291685,0.7105596962774878,0.42790392947296063,0.6775215610728089,0.7428129477353422,1.0652722695253916,0.6394551048117041,0.7152390438832239,0.6291703532673202,1.0289801480674026,0.6168291003934838,0.633806203024455,0.8047883722255976,0.7126179603780725,0.8415378429010154,0.7754401946866486,0.7403737736896814,0.666745574695397,0.3927748875464963
249,0.4139708101409797,0.6770838174571865,0.5656349142634778,0.6688247412806946,0.6590920506148011,0.6469161199163422,0.8015892302951336,0.7227653361121003,0.4672359727985316,0.35355683712863273,0.5178618314184642,0.8014233519018138,0.42755182424494204,0.7065492421415625,0.8546389225075162,0.8822865973541021,0.7302438497327793,0.7121677951107094,0.4791255489808552,0.6933714216788176,0.790081487954768,1.0394448119920712,0.748360494287275,0.9374817917656044,0.5677318759334846,0.42127927639849416,0.649242131680015,0.7110102428915505,0.6715045273706157,0.8529538068642952,1.0289432443133912,0.7930602726196063,0.706142443357527,0.6800572594550391,0.40417705780665114
250,0.4697925998169532,0.5186091741145668,0.48105625099623156,0.5647258719440483,0.5592564417398501,0.6803932035206066,0.6757261580025324,0.682774672970446,0.49055487082168325,0.308503180488048,0.6173475490674178,0.7768445837597927,0.4161939802726349,0.7165005924339088,0.6577697294265068,0.8364703636151845,0.5825100496375608,0.7677167060386645,0.39203484253469834,0.7457008351139132,0.5111973099174444,0.9769704631621957,0.6426866964907533,0.8238038680033288,0.5562424049056305,0.5929435876211384,0.6885297373791059,0.6778648113608754,0.6857376285749162,0.8273891906110491,0.5958584746741837,0.6943106013758895,0.6874087547997076,0.6296177958877245,0.4944474190920761
251,0.4279872017099,0.7642628024920157,0.6231594531428286,0.6385023832041791,0.4507858004370512,0.4930077596298105,0.7918375868194858,0.7674565509478686,0.5512650496282282,0.3848166958236715,0.5133185119363678,0.8184131866193937,0.4634797984943141,0.737459536886688,0.7092202913499115,0.8766642409639953,0.773397622309911,0.8017066557357676,0.44170213096728295,0.6441858399653042,0.5772316189475815,0.9183166933383691,0.7790833552148462,1.0476372698841478,0.7660283686686951,0.683509756750299,0.6764627088109623,0.7783308186194609,0.716619455959774,0.7903583530339242,0.7446310415007585,0.7178783895071452,0.7818466159889813,0.7776034866371468,0.4866147230035254
252,0.5642269049263358,0.6684875956194807,0.5549706332358157,0.7620595153727187,0.4910435740343233,0.524146563157297,0.7631880312808752,0.6330947844640198,0.45478299921148246,0.3596829337557818,0.6038475309443494,0.7706278987385626,0.49899748972523783,0.7879988687564988,0.6060476260926342,0.883200502808013,0.622482165004295,0.6827689960200355,0.4133197066423321,0.5978543292542049,0.5744893841773656,1.0885042636146391,0.6851557022613469,0.8039756499644838,0.4776193476448719,0.7710463563264984,0.6705918755487035,0.7289287195945944,0.854390891008526,0.8306922733519756,0.8095393540845699,0.7739114928337116,0.7477060649440667,0.7151489620346279,0.3406310719008823
253,0.5021293819451755,0.5339975638039676,0.6093566488691425,0.7307356426425038,0.525578029047067,0.5396600729327067,0.8446443372862025,0.7493434009610592,0.5315024474603331,0.39020259611761754,0.5636024837618541,0.7738154029358721,0.5494990874450499,0.7596079982773511,0.6510213100167896,0.8145284041104384,0.7099836255352446,0.6310521754369471,0.23236461698273947,0.5620924864892334,0.649420441018118,1.1419778152554527,0.7065054976551528,0.8758690576355541,0.5150696467308309,0.8025508512206789,0.68375604197295,0.6102374303432145,0.6898748105767731,0.7514007648338433,0.7293814181310083,0.861878818716139,0.7104238260707243,0.6253662123554348,0.42639773981169415
254,0.4309051522361518,0.7551675970896649,0.6962639175032204,0.48041176079641745,0.7477693271364889,0.7337060190918279,0.6741726267773389,0.7091208204604748,0.41686237500989753,0.28543588213669213,0.44938374363712374,0.7502043585082234,0.37288433112224995,0.7498924732941513,0.7247516589608463,0.8648865754902266,0.37922360456361837,0.48988531468335217,0.3941988556117523,0.4251997296779561,0.7139476908577134,0.8608821323956006,0.5934479268865481,0.9079126862205136,0.6574777207793825,0.9707188660194219,0.6897217657019353,0.7149937272048755,0.6005495465139166,0.7475936774423877,1.0289599480733997,0.8228987303974491,0.548317014491082,0.6332385308797377,0.38075834442515966
255,0.427683552221742,0.6792779555185621,0.8822103214919472,0.6171090631127433,0.5388026878090041,0.5013130199905964,0.7101953100039062,0.743188754119211,0.6777166508061079,0.37752569616369186,0.4845114105335051,0.8525948100829484,0.434000024210646,0.7935672906203781,0.5645516504073922,0.7632063635269877,0.6335678591163909,0.6796368506375624,0.34045593439382105,0.5972078433604506,0.5147444106116758,0.9247249641947759,0.8321379364637501,0.7515085299102497,0.6586592222382407,1.0437491920554487,0.7448877802539993,0.852184961332936,0.7251619884408883,0.7258972684938557,0.7005265158379992,0.7233546767432129,0.8918939764517542,0.7533003857143037,0.4001926326912836
256,0.4229993440816574,0.6886931522062868,0.869378667791163,0.5993845865560804,0.6296170866094322,0.4932789035866304,0.7264115069880617,0.7814049261137171,0.6392947260789666,0.35315326856642093,0.4556524745855467,0.7034338910301218,0.4016459501582837,0.7062784797315657,0.7634339069627507,0.7551865718413729,0.6534643164367363,0.760677642589547,0.3792474256642573,0.7250809838091927,0.5881001809573463,0.9217345183756971,0.6388914326895443,0.9834953755845286,0.6033398003499091,1.1066530404133605,0.6269185814455777,0.8645920913695626,0.7619224779157434,0.6871680182815925,0.7671568598035647,0.8240274138890182,0.7225604503891987,0.6509017187311915,0.37245008435893634
257,0.4840251227734187,0.5971686324941031,0.6055427396844385,0.586351709233754,0.5537874312863311,0.5862016280591842,0.7781596523593833,0.8023418290473638,0.5239107256511588,0.3035398590741091,0.5322557735493814,0.7708306708117312,0.48565000821119425,0.6276892732759296,0.7519237157928931,0.8628671207162665,0.7390451230047341,0.7517782265767786,0.47121772337122014,0.5166983218120991,0.6922181592502124,0.7516744319822535,0.4930357072370299,0.9778109255317567,0.6182950884154732,1.019529068830957,0.7297185583519521,0.7098424568651921,0.6715078591412528,0.5893804934364371,0.9003533199739058,0.7646399860140568,0.7486323846213536,0.7787424121627693,0.470483279031328
258,0.4704503503942996,0.593906147267081,0.6212017713533995,0.6709913327207617,0.4660937705202379,0.3690819909283536,0.6739614858358597,0.6601470645634934,0.5005750716661526,0.38631456475665416,0.44245364066157145,0.8012226692459251,0.4783761048527778,0.6696567276122234,0.6976603860905454,0.7028810739229676,0.6425732144648344,0.7479111264711549,0.3267705563025619,0.6724258071970342,0.6486315237128101,0.6685063216701694,0.7648537105992608,0.9385151213529347,0.5850466726022368,1.002318954712534,0.6896323081750121,0.6984945433063257,0.7805920494288185,0.7306149416341055,0.6827653323147096,0.8019599667416509,0.5171705759459693,0.6208937957640475,0.32748764742877023
259,0.4894433097648623,0.7210201281767515,0.6478510818027985,0.6207835720547349,0.5755497715736051,0.5327359975215802,0.908221457896137,0.8213113182766383,0.47561545551171996,0.3737197604712068,0.6059071072855244,0.7499854679850586,0.41791002057726506,0.7759593582058797,0.7946169718532805,0.7709356280433468,0.633781369329288,0.8291502247395977,0.359758071226162,0.7806448737914098,0.6982183808844835,1.0502318817391716,0.62774603292563,0.9609436155537441,0.6599587507658503,0.8421579981643341,0.6098026279548402,0.6629208615293759,0.8597201880481862,0.67470681572405,0.862053113024411,0.902960641886914,0.5401872008019049,0.6758699502841012,0.35154674436365546
260,0.46405894034713613,0.40365905686055154,0.537648228230072,0.6712084801822459,0.6220839881196122,0.5690759598593109,0.8073365114023572,0.6665036788742221,0.5017064986255128,0.389936604550686,0.5146586636837548,0.5931743152000004,0.37205809626166114,0.6435816207256564,0.6633122738956806,0.869357823604832,0.6215898863937304,0.6609278677467973,0.3679531292668755,0.5583811625193152,0.7131103303129158,0.8775120360597496,0.5694090580130433,0.6120345143337795,0.5774526734969792,0.697891424103654,0.551471390780063,0.6357372904914037,0.7693156991911003,0.7064961513143238,0.7562924436163049,0.6627862423681696,0.43990754258607867,0.5062704244106928,0.33235755042233345
261,0.6208674031410768,0.6247958138213939,0.7436679358838809,0.7272838831635883,0.5690689167371203,0.4315791414290067,0.8352764651901969,0.8081107482597004,0.4486781586274613,0.578478290678671,0.5596052802501892,0.7731666939090114,0.4519365903404566,0.5492986880303473,0.7662387322074578,0.8222950840378106,0.6155528232108038,0.7922212954972112,0.4297868545274637,0.5323337299545443,0.7824373282572885,0.8738232347157141,0.6406665778413397,0.9076367377572249,0.688474674799527,0.9822523759039634,0.6483150895004502,0.7134262257042867,0.7665277427064452,0.7409753001620407,0.835852960261456,0.9203871988555157,0.43616251485224306,0.7020781321397549,0.36630215551769285
262,0.49565427058691613,0.7105887623085478,0.8599755842491001,0.6791085082537711,0.5395615772791731,0.707528021134127,0.6947206751569202,0.9182129319842226,0.5338363249758917,0.31781033312280416,0.5298256719692853,0.804075131607525,0.4586211091834711,0.6587530456499245,0.7094627675583369,0.742075362984735,0.7064874180380085,0.8325960897787865,0.4056182125763088,0.5796576396013928,0.6412893273119,0.8293970932992254,0.7184767899195252,0.897209186703273,0.6597230241168046,1.0227505420657734,0.6847759820419971,0.7530036642329488,0.7246536705739974,0.726009896581322,0.8084998573810598,0.7247505305845237,0.5091050053980705,0.5891006790381615,0.46777590512543793
263,0.5260023485045224,0.4006778200258081,0.7216451922341354,0.48044785048820704,0.5580347439842988,0.5958340102119297,0.7109308980915685,0.782114281742424,0.5766501000084336,0.38116257747866356,0.47106733544474544,0.6576817442974121,0.3994716030973832,0.6802250456064577,0.7537312911248113,0.6502287640957142,0.771796533631842,0.8385023914678347,0.38996129179128797,0.5865969103511273,0.6972882823360647,0.7894540281259477,0.5224732359236913,0.8983209799796124,0.5947327165206687,0.9166799477117465,0.671094345899808,0.8209614732647355,0.8912988293365676,0.5923999952816803,0.855618569534959,0.563693655497954,0.5261710306334932,0.6202706422458069,0.4418496804313735
264,0.47034763128612,0.6639791321384516,0.5952795476698172,0.5938778877079576,0.5461871532409933,0.480004682617771,0.7607722140530152,0.7628489362964799,0.5225806874509943,0.41482907696256166,0.5284831455113608,0.7472688064991042,0.5668791234449531,0.660236721461871,0.7610170770343243,0.788232617429641,0.6658509864113282,0.8619655317165249,0.2899907401920224,0.6207306583555793,0.6792051285999249,0.9056378615316694,0.7861704245597492,0.8833563603255961,0.6278458423717952,0.9636292634294064,0.6642810876287115,0.839547199623625,0.7958199336327331,0.7140302322970118,0.7529868851675809,0.8246829991777469,0.557392406987036,0.6569477893476178,0.5172392397666142
265,0.4892719366099768,0.6541587593983507,0.732574098901684,0.6475311393718086,0.6398996505978709,0.3761765202440973,0.8824832386474719,0.812262097093267,0.5299656118122309,0.47774474834380853,0.6842056997756545,0.7679710772982842,0.48589315409391964,0.6479070389230188,0.8007211455994787,0.8186662469125456,0.7983869482356798,0.8095027470028454,0.3160973489115726,0.6880932119827897,0.7728453332149894,0.931276181701949,0.797434429533553,0.8971509511077317,0.5858945634321722,0.9461602526193702,0.6452984436578808,0.8091746474004087,0.7913865857754632,0.7154114253491786,0.7419943870719657,0.7308947636127874,0.548902425486915,0.7179801774189234,0.5426388261119575
266,0.5692806014024815,0.8570853244010865,0.7502843163348552,0.6795858318796304,0.6229661870745273,0.5354265306663657,0.7602849428741008,0.7856011054644432,0.5148662242019535,0.37012089257478153,0.553873545805142,0.8888654629412469,0.44393112148232783,0.6507508371307957,0.7046894906449481,0.8053527471679263,0.5894585578343724,0.881017166451973,0.3864057614383727,0.7686915279841905,0.7612167675911692,0.9907235084264574,0.6188869034023843,0.8669765543699222,0.5763467760568488,0.9183585901646422,0.7569465306075287,0.8000420583508283,0.7511293296953954,0.8150726510620947,0.7342675686393084,0.8475167745091421,0.4556627156926251,0.6660312943695452,0.3997492572805215
267,0.6335055483083984,0.7084826790614882,0.7232428245652449,0.6457126736597012,0.45594959201849966,0.4510822879435952,0.6902018721492376,0.8389492004921095,0.5924842952056872,0.331582511579284,0.5405052540346189,0.7678667207782217,0.5199706597057381,0.6728307097919551,0.7048200131217446,0.6498780221754723,0.6569791292094705,0.8181055189775761,0.3331338494192806,0.7132134751812473,0.727234782285755,0.8904507659165505,0.6299596924093825,0.9746060024989598,0.5932600740018593,0.9994087184436933,0.727622421000176,0.8633647123017036,0.5486880189447414,0.7092986147024121,0.613625964634254,0.7903247040053176,0.6883912707342654,0.604247388334423,0.4137046974939431
268,0.5751410537478312,0.6295945606894747,0.5903837949000433,0.7794971637954297,0.6864621399104153,0.5163137752613897,0.636144041272021,0.8111284481358814,0.4346490279373521,0.4386187582181406,0.686094562718897,0.7576340679697002,0.41765814665385437,0.6859418853862514,0.6752699151246451,0.7278656499783455,0.48939814333564113,0.6625347917168479,0.3386950607769542,0.8308858106552814,0.7914605775234853,0.8732915618768758,0.6622251007888376,1.0861288423467834,0.6758399137092641,0.8653529522786231,0.6504970728354247,0.6036870171504298,0.6680632249929835,0.7846695383005212,0.7167497645829208,0.7951906921708433,0.5133814978417468,0.5894350823792515,0.4606965274039176
269,0.6500822627949162,0.6952957787458385,0.824129296560453,0.7270174195661665,0.6778916886648741,0.49431975749935975,0.6827953989222957,0.729599543724281,0.5570639903332328,0.5479036260560921,0.4744074878629417,0.7805407758625792,0.4620121619477341,0.5445231757884842,0.7360152712771011,0.7955316898363229,0.6280856541812129,1.063179613599976,0.35999434792242757,0.7493594998298636,0.8799946125142747,0.8745086101515325,0.7176225557577793,0.8578217981107332,0.550811395897598,0.9986647700273398,0.6710153830594392,0.9028686704177602,0.7820690316222967,0.6785595428584923,0.8514137826100397,0.8688898932571112,0.5694875495041631,0.6441631359890617,0.31271735359446373
270,0.43703284321070934,0.6348644291328589,0.5623820336020713,0.6280067809386247,0.504660296982699,0.4346223124542107,0.6740408824226218,0.887185826833777,0.3736037809270666,0.4658767276139206,0.4429207070719785,0.8517210353225804,0.5523831228488691,0.4415706398252284,0.8397582198174679,0.7197063816286159,0.6172269392664266,0.8067525548172167,0.3886613450819943,0.5743062358453841,0.6870371924807246,0.7861446525002918,0.7155767692504496,0.8860733282739011,0.6382096165189377,0.8692300571356028,0.6549687709689327,0.823134134942656,0.6913329632666716,0.6151042957063594,0.719535498573146,0.7562428737992641,0.5556258800687879,0.5617781719055421,0.5122134308737428
271,0.5292979121052944,0.5710840885027484,0.5859822689484124,0.6381833157609866,0.6732450889394339,0.6474632332569041,0.7179230614034011,0.7047289228360716,0.634487504742155,0.3995878469716724,0.5133881271785454,0.7579355008720915,0.5693730281582129,0.5721637865090219,0.7549862345718754,0.7291506146336133,0.5583088280024621,0.7801093680880521,0.35924145165717036,0.5086851432359418,0.8226217779411735,0.7723324465461592,0.7231431370094721,0.8177624480957417,0.6125831885627109,1.0652961279493893,0.6475715094032534,0.8347167453049354,0.7164639808521445,0.6725869286529924,0.8366873805451638,0.8632001319908054,0.6355237878507369,0.6552732656310216,0.37060164780077115
272,0.5900720542142248,0.5332175023330061,0.6623258421145771,0.9000905321102334,0.5763381810110682,0.46482745190155356,0.9600541461644513,0.8754978944021536,0.49513344340393095,0.5424763293705468,0.5263771781662439,0.8602239748783802,0.5832262391517116,0.694266839607806,0.6300257826584206,0.32684546033774464,0.686794576622823,0.6660730745712504,0.4154029505831476,0.40580742351886673,0.739208768918993,1.0325233185326388,0.5676148420266036,0.9276666723037774,0.43137171768196736,0.9315925690269649,0.5465805844511842,0.9424331549021107,0.7296278309615819,0.6316187906201226,0.7975576605876185,0.80268466353778,0.636646118443124,0.7069206497554221,0.5294552987213675
273,0.5188205591445243,0.8044426081736615,0.7758052098648114,0.7205950942227258,0.501146985525402,0.3721473079570847,0.7963521115234152,0.8668989416805095,0.5699211712605434,0.3683720994432352,0.5397303678639345,0.7857471204837536,0.5240094996566032,0.5764169816109666,0.7079207875573466,0.7479042983455748,0.644941857547405,1.0482415633226858,0.31345774078844546,0.5477121658032461,0.8094164920550058,0.9165566972919992,0.6571187539148118,1.10033113783499,0.609855831931511,1.076093916136632,0.5520346120601531,1.0017955188566003,0.8174156643794379,0.6457052434087289,0.46734501728920075,0.819175575554848,0.694280514771952,0.8291347794202827,0.4489464312736615
274,0.5189779962863625,0.6533997294464224,0.6365569434665592,0.8680099434826023,0.5414886224630496,0.4492736569568998,0.8876558140997617,0.7893515184318379,0.5092130643592436,0.3845871545533167,0.5992484731494582,0.9194383710046489,0.6297931296183295,0.7404962980630927,0.71431004843872,0.8582028521331102,0.6463372358821345,0.9284667876965651,0.4335852124839677,0.4739449058248189,0.7301544623935985,1.2593587181904793,0.4838056431677959,1.0625989018246418,0.6629170821190875,0.9824922719597762,0.5238150836246092,0.7219887076537522,0.6762940412520716,0.9482635247536433,0.7897119026471121,0.8771476782528957,0.5592029472220003,0.5119595659261769,0.4045647119912491
275,0.4580506926014295,0.7926320095781946,0.765941052253611,0.72999431821852,0.5150186342068673,0.5135322181459188,0.9120676077427715,0.9184346592215794,0.5298067200457305,0.42266480367641607,0.5041132525169716,0.9042034133331178,0.5205096990080914,0.5317166424171572,0.9076999526241057,0.7049685779355536,0.7572679643906841,0.8937959688131942,0.4576886830996772,0.4190870949051696,0.8446359423406373,0.9898723140540882,0.718397744965814,0.9159574671423045,0.6168255674502088,0.9758311643453331,0.5823292354965548,0.8193629198717991,0.7182609543127862,0.823620157091105,0.8470534168290837,1.1375444695081267,0.6531520276403178,0.9293087603721177,0.37663106191039586
276,0.4581462247212527,0.6842513422747605,0.5383598024252028,0.7306525657860192,0.48184371475421556,0.33535600606704385,0.7666770938971182,0.8016583511305762,0.5541361661879789,0.30711102124326217,0.43700136596100414,0.8543574389280649,0.41469142767741834,0.6282722864467718,0.6484096168496298,0.5128208578457104,0.6116545330183059,0.7677459525988712,0.3946023119235088,0.555006173789956,0.705941315388958,1.0124517051638628,0.5908121742380805,0.9429964265039654,0.5901851676957057,0.9687146760363938,0.5563873263462609,0.7234127017742618,0.6986117524109003,0.6618879615985656,0.8214337485282781,0.9094857232998084,0.47564911818269195,0.7275857806863304,0.5090477198861975
277,0.4916565348885689,0.5236725656854124,0.7120161638795602,0.7151213248236385,0.5741485606071884,0.33228313267289006,0.9849381088902549,0.7186430896073062,0.47565215262396376,0.5004354849642373,0.5865644470059836,0.7809807986599732,0.6003738031289074,0.5343095878904309,0.8097425388713381,0.8078748239400717,0.6870952901566604,0.7113356172545203,0.34111492385850106,0.44107108919309035,0.6842462396083723,0.9705590855538769,0.692028524058251,0.8742560975877143,0.6151315333577358,0.9024724342373256,0.5047115083260727,0.8736112179523559,0.7642860217176219,0.6440762711828083,0.7703191938809839,0.7939060274665954,0.6485647700677264,0.6934924356392103,0.404123145783416
278,0.37688850795637635,0.5643962528370099,0.7374536559022741,0.6252692757611884,0.5607288096600483,0.3783967542475506,0.6615175200995641,0.8030683682497696,0.4395440881887488,0.39380422432742224,0.5444935628922585,0.831930793166408,0.45668959064276266,0.6324822575666718,0.6745622229210265,0.8625478360669834,0.6869576540807653,0.8169264513160408,0.46499039493901756,0.511276401308874,0.7966975130907439,0.8457081634231151,0.8360006165732221,0.8446054713336643,0.562328274605441,0.8109449058126114,0.4618995282012016,0.899565241659434,0.7201805615037405,0.6475037297582515,0.8292762506313311,0.8635814195603824,0.669417790101352,0.6269277458478398,0.3456776015791151
279,0.469134970070184,0.5440495077779448,0.7076490004883185,0.5987794120282052,0.6310115852339301,0.3826948993400229,0.8397151312817381,0.8485520501054258,0.467334278984356,0.35023165354552377,0.47403655477782847,0.7778265782728745,0.4937459315166237,0.5830402757162574,0.7395855876709012,0.8492118351677096,0.6967235272157877,0.6904835524442615,0.4073932177757958,0.4523610890671566,0.7876234576732211,0.8922852503060219,0.5836421616474028,0.7661830369828572,0.5961859982918267,0.8196092202828298,0.5338400716267464,0.8534886367538639,0.6262812265949571,0.5192968449913512,0.815301491005804,0.7771063324414705,0.7704793388895128,0.6575915676984302,0.3732806521066491
280,0.5172239571376129,0.5887694055222581,0.5788522777420926,0.6201314691380431,0.6213051649180796,0.35010711518129045,0.8523684864013852,0.7715106439392379,0.4267875260994774,0.4940801994292921,0.38815896402868305,0.7262870264276374,0.43273537303143395,0.5917716599642466,0.7039249270185759,0.985555310361941,0.6982064700650719,0.6320707960103982,0.4187198229693133,0.43197458285071766,0.840209564081349,0.9023561500311834,0.7529471649826007,0.7699693202776372,0.4761173591817158,0.3333172114581356,0.43075575770650465,0.7443098926147211,0.696780937105006,0.5150450043444588,0.8376704176724976,0.7440802842513758,0.5630584910058168,0.6406528493745003,0.31870538392227454
281,0.48282954632800357,0.5107056634600898,0.6422518131122092,0.5366068098295611,0.48130752839888946,0.4185246453316075,0.8472377998344978,0.6604114232643359,0.5375191147595036,0.5013684621170801,0.5238429593220535,0.7221749013997134,0.4926513621426139,0.7490539251137913,0.8000301130557603,0.8186290896487398,0.6230139641868214,0.8707295647608748,0.39904887536250333,0.6477427318150679,0.5956907538995491,1.0000961698945106,0.6215441752779042,0.804745891104776,0.5208866079379244,0.8297539375435505,0.48648726182407115,0.8972388619944034,0.6944906181381303,0.7821316158246157,0.7114438518612874,0.9138331058998663,0.6879847490417219,0.7768522408304963,0.37217971493415636
282,0.6022473088877789,0.8001212972430098,0.7817086401535042,0.7396017435919863,0.5451953240570578,0.6770773262926759,0.7400869905413103,0.816306714586901,0.6762346382556039,0.41224448109121087,0.5338642072686965,0.8910962649918275,0.4871738211112155,0.5785072075932092,0.8907042554401494,1.1327895911847827,0.6184003566427938,0.964206532638038,0.5172061337592264,0.5552657803073366,0.8846750892691762,0.9573011289310511,0.6069117664090422,0.8006440247620575,0.6464687567071141,0.9292505998126448,0.4843156287626583,0.8765929397743093,0.6742727691811492,0.6756692544625671,0.9628797202931336,0.760031244869442,0.7271653037894338,0.7889777215392475,0.2165342886207487
283,0.6380741031704649,0.5951483892702139,0.7262143942848069,0.6453114660686434,0.48622075460769787,0.4291178926909372,0.7932108447881339,0.6474945421640153,0.517070327274061,0.4533729166512715,0.5589064612243131,0.7336893076191051,0.5443030034977785,0.6084755797227663,0.6563620278774366,0.9032658030182417,0.6461262327226066,0.80642978620365,0.3570406199478755,0.708225036832136,0.7208743129124338,1.0744052140514,0.5739439519150576,0.97814816329312,0.5148190605169267,0.7305105522713531,0.39634784061410294,0.9009899360298982,0.7256833720022209,0.7629052269774999,0.8066953143682287,0.7221503966094192,0.5407432947873645,0.7667552822382444,0.17729986901979122
284,0.6092867068881641,0.6207534916331515,0.6774054019887332,0.5807055138993154,0.47737357008090364,0.4164367657241945,0.6717634126778463,0.8570436303620582,0.5088601712013748,0.3783228709006144,0.4618101640563026,0.9536536418435083,0.5323988577570464,0.4975632668616854,0.6814081789702942,0.6353072900691834,0.5283931005215754,0.8570335072386783,0.4223018764458335,0.42889403281461563,0.712397251094759,0.837286284974321,0.5930788823250709,1.0453993606152387,0.7539253422116959,0.9459250759083299,0.6180211117043786,0.7695164222097537,0.7039348780173846,0.6400351157514264,0.6712098463793574,0.8486147942004301,0.5648887472367363,0.6672275898199764,0.3583005739940618
285,0.5798460223867998,0.6708943603538049,0.7917961876928704,0.6660903153596917,0.4432217891634702,0.5718550659365356,0.6738358394212456,0.7632275690631192,0.5277227511634492,0.2864130245603068,0.49054257360329023,0.8381185137817573,0.4698300003123187,0.5365697393531439,0.5857719353362367,0.7993167501792926,0.4970193791111639,0.8543995597732419,0.4034692664434093,0.5029475477259251,0.7249712169175042,0.7972262715107825,0.5027490339801028,0.872900660562,0.6677038015349684,0.882872881937366,0.5488704021682161,0.9560962873312959,0.7265211639045062,0.7045284833851393,0.7203521193513371,0.6873562723607078,0.7215515464255862,0.8697776907356978,0.24348792324872381
286,0.5034322828591212,0.5752316943982962,0.6250144490941361,0.5270861292565021,0.6423143375522442,0.5908285219087399,0.8604532329133057,0.8564352221639693,0.4803691675124815,0.41426110099136065,0.5273327426356023,0.8492403887676107,0.4964061427674342,0.5502230920352376,0.5992362922650467,0.7613828279502373,0.6789999954693915,0.7350168489098545,0.42616317023992556,0.6196012757303941,0.7167975897458386,0.8179265510846067,0.4589692626452289,0.8949344959869809,0.5560347151513187,0.729205922949409,0.5360317777836912,0.8385667171696489,0.8422047234239451,0.7215155754285488,0.7471682786150611,0.7213510330164324,0.6376387707456899,0.6035042617259373,0.307956508846438
287,0.8193154413457717,0.6582517084601216,0.670046346664055,0.694243126040462,0.5526597487799974,0.4586198813314916,0.7792855610352033,0.8038709881166497,0.6406848679241102,0.47405239604708516,0.5380668241879278,0.7733112976907448,0.5528603272613519,0.553394494801346,0.5488731731492658,0.9983583768665778,0.7382502225950573,0.8477646200250974,0.4891162463642114,0.6451781973398268,0.8075843927894963,0.9084929629963087,0.6825965317002827,0.8372452205510126,0.5392890266414585,0.8991876479383536,0.48135703605185065,0.9082635611734318,0.8374077863022055,0.7951985527099252,0.8618489293397354,0.8938511239929019,0.6941422985810088,0.8649460631284165,0.29279332511169837
288,0.6158241618113147,0.596278780486583,0.7037720681109945,0.6867822435771662,0.6125771390361406,0.6350513203438679,0.8447507904554653,0.7266953897266649,0.4912920593354845,0.4129929864734651,0.5358086265012545,0.7770296848840201,0.5964189695634121,0.5575482743139589,0.6887930496756108,0.7529668487274876,0.7517120688174534,0.7830808837891752,0.427551147907541,0.7167465519594778,0.9684566067339562,1.1003378783149345,0.46052531981537054,0.8909727695883995,0.5722868083883207,0.857618017664137,0.5411666800560349,0.7570132226059898,0.7963831384741089,0.7337397308124869,0.8207189984574498,0.9700130885135217,0.6743249342544841,0.6156282600419931,0.29194210838885815
289,0.6164378033789302,0.5566149067717014,0.6982992195284521,0.6410425214162493,0.6725092675997604,0.5702752940126028,0.9789707813549604,0.7393118410256305,0.48833767140773693,0.4422916790424287,0.45930787742089163,0.6974738799557109,0.5547260930758904,0.5898311846798474,0.5932285422161878,0.9871410927624855,0.7114032831954873,0.8912018814498309,0.5354196585293145,0.5939946327061321,0.7451812324292233,0.949353464553684,0.45941254059496844,1.0246435890623773,0.5427614368972637,0.9331928284259485,0.4579382098740872,0.7990537034389755,0.7512768018531697,0.674217633766097,0.729348099251006,0.8555599389306626,0.6574994137990557,0.8060192263687107,0.3987745101817607
290,0.8049514762629597,0.5864369639794337,0.5581388306042119,0.7885743799787062,0.46305251917396667,0.43253322440306347,0.787401242792723,0.7546812648465111,0.46162232686041615,0.4699833768728328,0.6083454313761996,0.7921056934878139,0.5769333932305788,0.7107852982945784,0.6202384854904399,0.806701782149263,0.6567968722639725,0.9027650923877183,0.5168957562137388,0.6524243831309844,0.8561000363820045,1.0589009858939704,0.6676522538961548,0.824348582761806,0.5894306402627795,0.8111206483209844,0.5191483170057432,0.8244598959640935,0.8243053174352637,0.5877036456443571,0.9102307675120371,0.8825627713656954,0.7240508633184741,0.8126509443739642,0.3565300087748551
291,0.7165235297969348,0.9050312258988555,0.6409588903377166,0.7156496363418645,0.6164772716073106,0.524501463616042,0.7787793490611284,0.8493723645006439,0.4865939913073188,0.29951927111159804,0.4718261411830076,0.8315756752691357,0.4252676808771924,0.6767031494017313,0.6517669353294674,0.959701562110982,0.6507328810471769,0.7217812456057942,0.5076375243026998,0.6720870752710991,0.7483614697587448,0.7248374597051253,0.33578607671363864,1.1126835867428457,0.6369771050573196,0.8623299539441938,0.619729084201826,0.8810896979202042,0.667292937532325,0.5543054271760476,0.8151923833453257,0.7939163817856312,0.6338936190646316,0.7151887348561937,0.3498887308460742
292,0.6517748536374687,0.579751546533065,0.7396779405063626,0.8642652696485081,0.5558772547228343,0.46283678904306336,0.7818531859241364,0.7871039850229204,0.5674673955921292,0.35998547922276625,0.6724588036805305,0.8120565087218193,0.5155644581821417,0.6764424699556091,0.6416329534183969,0.8757140009456832,0.6484464640409708,0.9237239025697705,0.4691946139018922,0.7439792247822878,0.7369353874054412,1.250678350387533,0.6035695077276031,0.8525823463698676,0.6126557245641531,0.8439114797805494,0.6630700167134819,0.8011842361829442,0.6945428556408786,0.7447511858374734,0.6881316390759995,0.8890033659873721,0.6674485002878963,0.7068530710544056,0.24507429306807343
293,0.5642436640483075,0.6889064302736743,0.6942365882547654,0.5841648914189156,0.6170794036391001,0.6585375944661851,0.8535958998817121,0.8399605984805338,0.5100336545938927,0.36206367222618696,0.5311668300358068,0.8015401360395162,0.47314349653124854,0.5606574287640123,0.6205582763494594,0.8377248375404484,0.6912846509409707,0.896431505030645,0.4604373873533295,0.5353753314622147,0.7335796017383619,1.0685555855985012,0.34433656970188165,0.8491829755765345,0.5721815885086312,1.0834641349874117,0.6864420734272765,1.013338888095877,0.7472942904140156,0.5102125098036172,0.8624154532967822,0.93052335087692,0.70262970208375,0.9015165844279245,0.2834955952340685
294,0.6185807436244595,0.49115687429001836,0.665525769946343,0.6594149975650254,0.5914355233158275,0.6613097485156859,0.877018681523775,0.8856560128465946,0.4630743785578727,0.4150726983167749,0.6129825930006726,0.71526988448483,0.5392010328497612,0.37075257837036235,0.7296411710956929,0.8824629214821094,0.6116233377112618,0.7541832457865025,0.5200161904005607,0.7062631025056357,0.8430543234956176,1.0782437216566074,0.45062331518237686,1.1072231232580259,0.5718919806820826,0.9426409093905592,0.4874130695557252,0.7173408578420175,0.7508019968470012,0.6013077855843197,0.8201445149323859,1.0163466541616704,0.7430677682613923,0.6531947249563205,0.34979798310006127
295,0.635251873393434,0.7942493695634657,0.5311939246635407,0.5581405834570003,0.5300744191445057,0.5118215671767459,0.8805277781190806,0.748901957132692,0.4787645227018784,0.37525960817316417,0.526289411937561,0.7199314878245167,0.4565130371996217,0.4570781262622611,0.6186859616251962,0.7029968324680833,0.7388090563284591,0.8429987083386641,0.5179118193614379,0.4748884195119143,0.8375368036089235,0.8399564794040622,0.45118325035407564,0.8692370482526304,0.6591697344378786,0.9422199884135829,0.6337852596952727,0.8060833839151346,0.7147747737876393,0.6506775553452648,0.7504707450216266,0.8484907050975417,0.7039504033121815,0.7275056339552441,0.3461317555596285
296,0.7224304030700822,0.6000504865745837,0.625166267264947,0.6716830696010077,0.6627165551352725,0.43981045373613226,0.9209793178205166,0.7232309982119277,0.5091148614304715,0.42522936700703284,0.5594555212424813,0.6613150377954391,0.46239298798658696,0.5924779598587306,0.6676538776660976,0.7137509240746136,0.7184111569468432,0.8203333223305619,0.5126903000375204,0.5605246772776783,0.7185118034056761,0.8456550023394918,0.48988338055383335,0.9564654372707074,0.5970638817939923,0.8540780628728911,0.459628894909699,0.7270951536148982,0.8879549586410113,0.621338792248468,0.668883689758702,0.9874400220909105,0.5721182584012294,0.7336366288135237,0.25730568636499496
297,0.636821103912667,0.5912378469635142,0.5121078859847468,0.5586902279623756,0.5664828235731412,0.5972346920374423,0.936986597756622,0.7948823961936107,0.5770929472263213,0.5463661450762967,0.4968429594100116,0.7035062491457427,0.6173540652140226,0.5893221057399931,0.7017878357003308,0.7263865634525886,0.8508836481942892,0.8757752097446907,0.47842795887099443,0.6123780631204683,0.732328731591611,0.9079197732407136,0.6448565710384614,1.0185546960670528,0.5577981304144475,0.854810282330301,0.6432405008647808,0.7532592007535284,0.8062740429199896,0.6445726518384742,0.8233399124063023,1.0915831175581343,0.5827781364452779,0.7213290196989748,0.35554815288207
298,0.6149085644877856,0.6727559485943653,0.5769309918251467,0.6036283502784041,0.566435272598193,0.6201103324061087,0.6957260289027898,0.7812627507256835,0.5580824708782979,0.4334491237988954,0.46126417611586057,0.7508528422705718,0.46217944626967544,0.5913554823481779,0.6492505563611835,0.5954046531677853,0.762448124629177,0.7278570424960196,0.44180840790197085,0.6318887295202796,0.57628592490589,1.030759916357594,0.3053907357387488,0.9256602233271866,0.5338570694416365,0.9034759790233384,0.6472502156078215,0.7980647664050806,0.6911012261614451,0.5863311115016578,0.6974273927623158,0.8791389614328068,0.6553602924825754,0.6438760505270313,0.26345732737179006
299,0.7269577234388329,0.8660867728987635,0.6007695299035384,0.5751110645620666,0.5117762193713161,0.6736192046037008,0.7828296925827156,0.6924192666688166,0.5157461599954439,0.3920328224767547,0.5988568915692245,0.8131221913110955,0.5243106801665813,0.6780132489417108,0.5329182417979242,0.7977668464488434,0.7149074574169876,0.6874137867174055,0.47223419631595176,0.6859259518658042,0.7313007511923304,0.9887154972623962,0.47277134384273367,0.9198121931450394,0.5685449593333249,0.8510269734004227,0.678246953837498,0.7247127255089406,0.8543453165365044,0.6355202736079238,0.8769603912954982,1.0029425100846665,0.6067766003842122,0.5768499969220888,0.3764877607202046
300,0.5418357021333461,0.6612761715040159,0.8870884520805069,0.5350820208551621,0.6859063560077783,0.6795311403729634,0.9078568794725546,0.723386676364849,0.525864433186622,0.5158480027306436,0.470169923037008,0.8712622412799105,0.5305130060697569,0.5010486180131468,0.710832505870939,0.8529934117188591,0.7704083746594108,0.8548622763430624,0.581210480663475,0.6994152182545805,0.9353731735502034,0.9461549525665303,0.491751302174042,0.8570549429260663,0.7071901737388816,0.9739067784177692,0.6550002264935593,0.8526420455724236,0.8210424800293444,0.5683483060166682,0.8848295474553571,1.0881289525732813,0.6679474233618345,0.7013461953249779,0.40168098908758665
301,0.5909244856696161,0.5870468513414646,0.7886415648878742,0.5910094291881249,0.6024437891951618,0.5631976637500598,0.775308456731467,0.6861079839873144,0.6052458349631752,0.4286007204985527,0.47403265418220913,0.7616241835855718,0.5538658749822347,0.5111509944824598,0.69146035209759,0.5279916512766982,0.6875365407952798,0.8992432527542907,0.47857954228142785,0.6612254519243761,0.7656306748585853,0.9459256123913199,0.3267939987027787,0.8947117561596414,0.5897749562949959,0.900778989339435,0.6245339580815141,0.8984295329731204,0.7993617026867408,0.6592667358072597,0.830931937634891,0.9038962637631768,0.5130467276107835,0.711310116918946,0.3652801270270486
302,0.604776975694829,0.7051983361666059,0.8288727768720212,0.695270174868014,0.5282240365552668,0.5789153654599997,0.6994631483763325,0.7139336913014607,0.6570955186871492,0.3549235143180132,0.4132508133176314,0.7098252905629989,0.3726674290502987,0.7147464981235899,0.6673444668620396,0.7449590286022456,0.6138009432403342,0.7982233451849006,0.518892828268593,0.38805431434440274,0.7830455496689882,0.7637474148532681,0.5135872636635337,0.7530120558266091,0.6393531827396153,0.9292448439043218,0.8027610873618457,0.8162495185452376,0.6401156947683407,0.5830208940611862,0.6763455932138347,0.8215353110734372,0.6728622669054345,0.7224903128790756,0.41309586563454936
303,0.45205172118449993,0.7428908495254456,0.7956378778364137,0.5778087629073206,0.5551817590902782,0.41534052248391873,0.8973616784944876,0.6866621032956549,0.5872091643905529,0.4150209283147511,0.5165167907067768,0.7449228486675983,0.47472149817488096,0.538983938274838,0.6686757254649178,0.2544949263570234,0.6970579959855093,0.9148045158484983,0.6198938477161923,0.6582151052186037,0.7580441605381644,1.009718362179453,0.5458619708108962,0.7606791214904414,0.673972152005411,1.2264117271640733,0.5678388439413588,0.7448639662529217,0.7986059602487817,0.5646763965263174,0.7607697963100954,0.9136722033086407,0.7411799757224333,0.8240823943991443,0.36735001215078045
304,0.6103303183866021,0.7028206539320698,0.5360517330664992,0.5946215950966431,0.536759000674413,0.5930089139671872,0.7421751586094049,0.6956109504457989,0.5250438171742977,0.3607227309157099,0.4767756039982761,0.8069383037389638,0.49369938216866405,0.6496943711611105,0.7306961670127419,0.5552321045932171,0.5923332314239819,0.643496508941508,0.5176697312437735,0.6642145736770527,0.7934422969472728,0.8758424205729325,0.49682003860633095,0.8389726559275972,0.5756424986067712,0.6729038007495498,0.675384394598063,0.5037023657241045,0.7339079249995323,0.6538623498372671,0.7958671077797483,0.6972946504138284,0.5234423427568415,0.6387297176052207,0.3854951507869858
305,0.549855995047412,0.578077595256788,0.741797592832951,0.53247794454888,0.6871587728588306,0.6456598417593138,0.7794316447925334,0.6481621661290231,0.499062648935796,0.4915871000834908,0.44726142244205563,0.63808970443916,0.5674540079704069,0.5025326678165959,0.649382837903216,0.5329890046488523,0.6415496018009557,0.9447178319072007,0.41844742370206317,0.5212938444051642,0.8649992598845696,0.675806378551445,0.6462378560435794,0.7507210528240433,0.36287257457894784,0.9178173504762749,0.6087146717041213,0.816957846922408,0.6169120080305623,0.6342487926708444,0.8670268415261855,0.8805769770641362,0.6693831922284773,0.6364738090565053,0.32624942037133
306,0.48181121240985675,0.7820358391274436,0.7155419357694837,0.6557065595845561,0.4587976111184993,0.6721141513338171,0.6801459555763265,0.8025094523409035,0.6534175404358281,0.38388241106603,0.5126947529030794,0.8808742639884494,0.4572627329100972,0.5405009610350265,0.45579993295633514,0.7196391906138324,0.5745109835959585,0.9724610321705606,0.39442470582011824,0.5760342865477796,0.7096969432582734,0.9407163257838862,0.6718613957619266,1.1084965620273328,0.6848241816067053,0.9759035970274424,0.7221152851653571,0.9408825773972107,0.5735699014397893,0.6002388945663679,0.7226015524178624,0.8275011944844284,0.7049074922572922,0.7843321221652115,0.4618137046546993
307,0.5647722297352962,0.6631075190473958,0.6281149073252771,0.6656710523644656,0.6184431740331118,0.631035052263099,0.5978234698054128,0.6988780552650211,0.5056110240353959,0.35575224493084345,0.6097794799573285,0.7396693060690982,0.43978103732958446,0.5798511157417143,0.7814331630848321,0.8068065513845807,0.5748390250524511,0.9333166694366025,0.5764480163606991,0.6265837499510585,0.8131731812930588,1.0005977081216573,0.5529576217050782,0.9400176743931168,0.5967079481196303,0.951608239821501,0.697528592869639,0.7326796330794332,0.7216117863084002,0.6440816907335782,0.7829558802416973,0.5857057254211134,0.5511962971965425,0.7605979372394305,0.3276571989121728
308,0.5708852470708636,0.7487663573696726,0.6997545221728181,0.6306632930200686,0.5446284622552053,0.6609378293190273,0.713629994787816,0.8671891068584716,0.5592949867305356,0.42531233012755765,0.5045008223209925,0.8255429306949359,0.4787389592299254,0.5651911907645533,0.74260505900056,0.8521485071442909,0.633626170135606,0.7425074584806299,0.48525438777692725,0.5468990017961013,0.719653472706215,1.023749878132744,0.5051856476222774,1.0288050784960978,0.7263362789717913,0.9087877428659699,0.6801450138375305,0.7016361617657547,0.6262371907939999,0.6489280234628368,0.8205435776570253,0.7963295491072697,0.584252690131831,0.6652891883143426,0.34036087045515606
309,0.8267333315970088,0.8548859911443945,0.5113871223257882,0.7360059669312352,0.5778780241056879,0.6961177678995427,0.8933743740569957,0.8252881540534427,0.4581227074671915,0.45064574014670655,0.5127999837440831,0.8978366276055798,0.6800332305725394,0.6691358312415667,0.5806709195427708,0.7458674836791894,0.7546562763240587,0.7373258179352645,0.3730669932613264,0.783290586181461,0.650997158455479,1.2095786675227649,0.6826121546502628,1.03539901092609,0.63117465405888,0.870926140112489,0.8444005176969698,0.7954027511940667,0.9751258307158228,0.8553317173300107,0.9254397834805221,0.8929238916478038,0.5469163090926029,0.5911923017250751,0.45269653535710846
310,0.5487850962882488,0.68973801137248,0.7356002211079989,0.7895784469008106,0.45959833981323084,0.5384132064687462,0.605708161611857,0.7961050314649745,0.5365207908400844,0.4656721324355507,0.5164173720408212,0.8561404366497598,0.5603786268651084,0.535241637334332,0.6072319365451505,0.49506821055115535,0.6306636188930148,0.880263643800731,0.35108690377372764,0.7161156365148943,0.46619501536988694,0.8902435824318906,0.3229777009788032,0.894264660973211,0.7003970660263904,0.8231479279414334,0.5905616329340472,0.7933386020220329,0.707834193853697,0.6939550420767233,0.6611618825808787,0.8191773884285616,0.5575484770105312,0.7000997959779875,0.3197184149536142
311,0.46963905151178587,0.5919464561821471,0.7786536785160811,0.6603209203681576,0.6020890086326774,0.5722697773125047,0.846619164129653,0.6864603264062392,0.5887275028791717,0.5778965401393248,0.5233706190969691,0.8427201912649835,0.5998291886654032,0.7433981567177174,0.5838437607590385,0.8174666385622169,0.699405418232558,0.8844680845015735,0.4839772710043585,0.674421574253139,0.5489781735849787,1.1258021090199446,0.582198125684827,0.8066971083110257,0.5322375743250307,1.10389220204812,0.7862723489516481,0.9238817874120961,0.670762958520976,0.7440146236211632,0.7482734541624341,0.7860056130660418,0.6360301819270633,0.7254656177047113,0.4052637572709396
312,0.4988879279513287,0.5570460432021319,0.8719835145236676,0.5993669689598707,0.6372610250471638,0.5629797228511552,0.8197209227222865,0.7197669697618971,0.5498780355404151,0.3929454356616739,0.4752941038894384,0.8125136876205796,0.46451737032651,0.6291331051060374,0.6676429163084503,0.7362711082689342,0.5196433218061789,0.9743605942178046,0.39624851426490537,0.6382738203220849,0.5736897621738619,0.9555268708578126,0.7079332058324298,0.8478789205412334,0.49402306579767746,1.1499427822794688,0.6864451741287814,0.7369969962893124,0.7335474917030598,0.8041395971051826,0.6902696830811493,0.7529369776619788,0.7782083313556846,0.7484998419503432,0.4371571996819196
313,0.47924941752982037,0.6890462280813243,0.754803821592479,0.7063987117772774,0.6738712747915179,0.6325340111019506,0.7259132235205844,0.7110386086164928,0.5426309689692228,0.41962838814634373,0.5619901053301031,0.7675077507022949,0.5873761827294032,0.6779020759919869,0.5352575347914313,0.8120647364972156,0.6246238474834451,0.7805584168778528,0.46008863497208263,0.6596336592275327,0.6650889721732447,0.9615735560133988,0.5056446460069617,0.9905602303453122,0.5321671423253251,0.9258141811241049,0.727771914176755,0.7903071820920116,0.7033119486034356,0.809264173434207,0.8511831015490744,0.9279423054749107,0.6655144961439331,0.7336859705887947,0.35658064914611526
314,0.4828997030918844,0.6043024311326043,0.722219675934771,0.5695349253671474,0.5844691504489864,0.42070891399593024,0.7590274202266527,0.7676141724313067,0.6169429557395214,0.4495206533036775,0.5481549873976714,0.8605157343616507,0.4500736503507642,0.5026390692237164,0.6440929380860969,0.711792085622234,0.618116331836511,0.9194596506655276,0.4649121738935788,0.5845673479439043,0.4812481178289884,0.7820717730537499,0.42158029758791093,1.0447719438639334,0.6526043203503527,0.9326410547407261,0.8210399892947222,1.0001430713713408,0.5956924145698818,0.6903779343501762,0.6942460171493098,0.8504707702950538,0.6190079168970017,0.7058714601486273,0.46149687364781566
315,0.5463874601883325,0.6515242657532772,0.7158630081279733,0.8804658183922993,0.7077380315651451,0.6131320554779183,0.8689571138205743,0.759237016520846,0.6369480384538514,0.44957896381942264,0.43659650434015007,0.8326068760235541,0.5919820680728927,0.7496779395781882,0.7528132303673323,0.753766224689757,0.7772697125361219,0.8365968551406762,0.4905600920702521,0.7447581334191598,0.7822299194467024,0.8550765415960218,0.5286068562764469,0.882191468484998,0.6346462548540877,1.0290283164205942,0.7200882748475166,0.7939934278444745,0.7476077103287341,0.6675216585043169,0.8132166364366273,0.9064535174488757,0.5782179220623593,0.8489018999255136,0.3185279886304382
316,0.642575705044788,0.7733050746238459,0.6167558712108315,0.6235533633855643,0.5413501405194925,0.4116838905407743,0.7208857350013781,0.8346943922785555,0.5244543700369697,0.3704923130574097,0.4479267719571519,0.8168699619325079,0.5204508580188881,0.6516192458806921,0.5982651753655845,0.7799370008806517,0.6757351421853208,0.7130928737229576,0.3865290875242338,0.6968031750790611,0.560429292418253,0.9377348919126183,0.6000636536833097,0.9737679551090621,0.6418762845631809,0.811692056806642,0.8083972239724323,0.6974250148376677,0.6582087593639485,0.6355414405933991,0.6861981856068627,0.7536585049367768,0.6852802510219005,0.7703236663731532,0.514620910097085
317,0.6285098562130542,0.8074743026297867,0.7864729111113192,0.6389256698161674,0.6973302981882494,0.419404518959776,0.6824107150648148,0.7200569196213696,0.5321350216585877,0.3735652848993501,0.5593941396610306,0.770098232962876,0.5505115470491281,0.7837223164547068,0.7216151271637423,0.7851744897921111,0.575031934241712,0.734452003336663,0.48076515909446277,0.6513827642147352,0.5626558814022566,1.071027534198962,0.5121341140819173,0.9496721517912566,0.5967413042806347,0.8839560949079666,0.6708606684527925,0.7645249719715876,0.6433098673922006,0.6750232200955081,0.6572254120236105,0.8645915331599552,0.6391289171508824,0.775634655344982,0.443082099413661
318,0.4726906777341649,0.7494786789543695,0.7344777663460481,0.677340588822531,0.6922555870663032,0.5127335589973083,0.6787580271406747,0.7641051515710591,0.5411744401274743,0.46783951896800663,0.5119897695587496,0.749093340495163,0.5979026873285848,0.7462519493258981,0.801294200851222,0.9792211985476147,0.5844032357655992,0.9210435586078067,0.48884138132344396,0.7408554553883937,0.815157014432446,0.8587892444111916,0.6939878890043175,1.0045806850695347,0.5205317486637053,0.9483446937765844,0.6814502750127731,0.8801235576717599,0.6782321773889828,0.7763191556084938,0.8759485449415529,0.7299041673000843,0.7611568974900753,0.7665192688443987,0.4387355337435711
319,0.5421704781065967,0.7496337975062943,0.6172063352399783,0.6052294645947252,0.6656272686427358,0.4609584373421385,0.7051044228328961,0.8030696729255529,0.6322065975631092,0.4070632325384789,0.5097425317166955,0.7579371110598643,0.5603506778192082,0.7548360895411267,0.5845261722677491,0.8487622189877184,0.5489064774122063,0.7546372330532891,0.39729600486370775,0.7398130666328538,0.7603881239268488,0.9310873893429324,0.5647524669697619,1.0140221315839857,0.6459686470794882,0.9841866004264972,0.6818307456891184,0.726484196955363,0.7203646995914719,0.7559849740059396,0.8237141556203735,0.7798559040055237,0.7589929844636111,0.7116334983200056,0.3454469385321094
320,0.5173784028534401,0.6005050277230106,0.7511906994791294,0.6745524629857562,0.5454883650416765,0.5306553627685069,0.7699420136003605,0.9158694837897708,0.615174519328959,0.5012228347623795,0.4577034365395595,0.8105979333737083,0.5667835116613354,0.6954313703649576,0.6328241994572419,0.9073751976842293,0.5276426517912738,0.7702867568948252,0.4132405163092985,0.7318210489151453,0.5807739354179667,1.0866567395299855,0.5971921033694352,0.9003456189924197,0.6879182546495114,0.8762628478657474,0.6883114755359483,0.6284772706539263,0.7226930164455668,0.7465825425023769,0.6166128795780257,0.8581010305171389,0.6395868297849137,0.6891498409373975,0.41969687265330635
321,0.5502669571922185,0.6880430915651045,0.6973372741028852,0.7174748478319855,0.6316098167471831,0.5757799558590597,0.7713905041841679,0.8688617276321428,0.5269910569417231,0.43900762379779196,0.6441026674516604,0.6720433805610748,0.5759684627889856,0.7043138414248062,0.648468253872726,0.932846842423799,0.6251999485758848,0.7606653491487614,0.33013369300544215,0.7036291369755913,0.7544535600491552,1.0978567939986672,0.5410058514979907,0.8154587118633718,0.6459313402988127,0.864726305106957,0.660595838206503,0.7578653401420662,0.7660236738733134,0.7504023972733427,0.7176987179902573,0.9057500315354321,0.6643178328443432,0.6443863312828013,0.4511276933179815
322,0.5143105753711938,0.6103348932542576,0.6804092944896842,0.6440410759316941,0.629298856162362,0.6229618719650887,0.7175984716715433,0.693955140969539,0.5942591217774114,0.5120028489885781,0.46941621434733133,0.8673776129702766,0.6056054487283067,0.775578292064268,0.6147558457659417,0.9108388185890042,0.5897280094610025,0.7766448131697741,0.4503098457005718,0.5800199142326887,0.6537297434177036,0.8863628191969288,0.6736239043989877,0.954276819496956,0.5976113811781005,1.0151561775989686,0.7588950004066781,0.7982094284266157,0.8029573096047101,0.6681979431537175,0.5511779627239135,0.969764138801866,0.6447428724523234,0.7484437728256083,0.5159726048279867
323,0.4887711321536995,0.7091225909396728,0.6703606887461679,0.6915988483574518,0.6936451953154248,0.5180450427492155,0.7241633634581495,0.8523430239695416,0.5031874688242853,0.4373060470699044,0.5370255821558635,0.7361373008415413,0.5638792415264507,0.8162077799584655,0.5417929817944444,0.8483171221977368,0.7242658719415327,0.9129738914407611,0.4589935055553358,0.6052977990758635,0.6083987890004741,0.8815025694974925,0.6333563367661583,1.004738884366167,0.7289025471337198,0.946924269240378,0.7087459914370263,0.7377958463204638,0.6456041340897473,0.7202632974544282,0.873298510475484,0.9603050901312995,0.6473348883427208,0.6602496559731598,0.38118651350420946
324,0.4718243629217754,0.7750080101861332,0.6997266209153065,0.6737179157930225,0.45415363717004953,0.4257004327389716,0.7342410230933265,0.7876549937682931,0.5791606017249395,0.39179602113099077,0.5853656427173352,0.7913863735991249,0.6486225193121348,0.6392475662764687,0.68069536038155,0.8037580680594938,0.5520043197377977,0.8109371169232041,0.40347630196322704,0.78590686606492,0.6245357920606491,1.0813502080663424,0.582984272758118,0.6760192022083743,0.5014826419141131,0.8975502995112676,0.6307016693715319,0.683358499580157,0.6629585585925277,0.7671148463492307,0.7454855728081569,0.7435310673421959,0.746734937344556,0.7044679538144828,0.43944555038774785
325,0.4211891134208846,0.8075992032066452,0.7125631008586538,0.6790364074740272,0.7294376740032561,0.48352021387721633,0.6096399907064328,0.7781869394184697,0.5194809009081474,0.4631152165493123,0.5570136333555945,0.8793873487324851,0.5113225161118145,0.6057373045995197,0.6075571840020149,0.8558598400362307,0.5775114590991126,0.8577935757934174,0.388525281760231,0.7909674201373266,0.5471179046667309,1.0467915110838149,0.5361518457107747,0.9713951262590848,0.5024867355324825,1.0709222903884088,0.7572206681339,0.8508427936859047,0.6381802334735608,0.7830344200773868,0.6324830512941821,0.9040279116814948,0.6811393161537389,0.7334422879211484,0.43542718123914415
326,0.41112957053960464,0.6876035586217686,0.7810561943847125,0.676368604021936,0.4835379747456826,0.5497410183868652,0.7809678111820921,0.6403947881815302,0.6021661699992346,0.4387576390606319,0.5002160081768907,0.7160020949219107,0.5610823385966635,0.731382914087529,0.6786749181736182,0.8859849319865281,0.5705357983100445,0.9192964237287694,0.5204058294082288,0.7014095709961066,0.6826817218472425,0.9809437862639049,0.6509158739657825,0.9013073286342992,0.5013766927046219,0.9891041653986659,0.715979883827617,0.8588363600004747,0.6564969944285064,0.7240434628859116,0.7010678502412896,0.9181762838217296,0.5981871545037178,0.7181281779755813,0.3988227131514362
327,0.5415400845463192,0.7957130572676057,0.5908519168476032,0.5946106417239179,0.5891510101826339,0.5439143195840147,0.9539812401498403,0.7134027400518543,0.5332139530343778,0.6280521588791641,0.4661179586550491,0.7640586486328966,0.7232677809065036,0.6925321924681378,0.6085388277806211,0.8098548990257952,0.8388301400515158,0.8102266311401993,0.49425691814279077,0.7776361808723813,0.4585244616567484,0.8512408135292715,0.9282895062590497,0.8227571171802609,0.5280144405342515,0.9583348912851752,0.6645378892555833,0.7585956573166139,0.857751179011788,0.9258161072296609,0.7096209293383962,1.090057170493836,0.618353612302651,0.7114900581117705,0.3857387612478479
328,0.5680022450420301,0.778211753099153,0.7172607096308037,0.5372733986139443,0.6557352529167352,0.5279210791205328,0.7262083902584207,0.7760360012476132,0.5883618289817886,0.4601061093852873,0.585057305141403,0.8518855658229253,0.5733608364564609,0.7068658432478234,0.5948959307831003,0.5802152298740435,0.6681679410485726,0.8987740525084285,0.3038832358059783,0.681140601465927,0.4487761233631702,1.0825329556436603,0.4565791852027601,0.9635302966073548,0.7006412060257339,0.9518468409768298,0.7148817723257115,0.8166120089857319,0.6529563875238926,0.7391218358739093,0.5664816761489486,0.8699868186883442,0.5939840118292993,0.7338309521088706,0.4444369378834405
329,0.4181226279150231,0.785656883263808,0.741559744603626,0.6146626009153169,0.6619752827881786,0.5725758965705908,0.6965211713614431,0.6402936684142019,0.5907347374443881,0.5083435316709136,0.4128224368440009,0.7728640621043887,0.6039013518845154,0.5410318239785188,0.5650242822355176,0.7627730013517888,0.6626700722990811,0.7544527464222639,0.42205909287608023,0.721757403941222,0.5140193067820816,0.8347151908752358,0.6574171876128285,0.91444733913506,0.5054761622232193,0.7711007793802266,0.6980392127324535,0.7215908041389401,0.6622171367368885,0.6239640661976242,0.6592368838784777,0.7817888515067358,0.4957353269835634,0.5800741136120103,0.4332469485086528
330,0.46011064339983,0.7822251943166718,0.8621785482860537,0.629984227104321,0.6003634104260817,0.6898726832736093,0.7378891162707588,0.7288212732643695,0.5765674961230556,0.4723442758047735,0.4572585512541568,0.7859862307348956,0.5721018475608817,0.7572247719459203,0.6572934689025143,0.867342132365654,0.6042443293742736,0.7147351372307464,0.4768825749277664,0.5913283109561382,0.4715568977548372,0.6953144185763493,0.6382312494819958,0.830493030949645,0.614622804896849,1.0117120312495125,0.6885164224765579,0.7878384492154155,0.8407513383576127,0.6032763457546357,0.6930944319730894,0.9661584863709826,0.6995279696033576,0.7947692907832398,0.524534216279315
331,0.6203043552089897,0.8544500212581627,0.6906778195143894,0.5752868900872175,0.6141495209400087,0.7884108265735685,0.8043759240866306,0.7892702784706886,0.48585910698342977,0.5429759316114549,0.41510378777617096,0.7252548269106759,0.47227148233974164,0.7080650006418912,0.7685087766472342,0.8758660232979107,0.7122541908476065,0.6300980632040261,0.4862260665045226,0.46644256759990926,0.4673108161418488,0.8608807826044799,0.7602858203043679,1.0789090452493633,0.6552299952413798,0.9215692152403531,0.7891160332914071,0.7767772865825386,0.706268295086419,0.7484691235714338,0.584308911868379,0.840921398717547,0.4366104083840428,0.7970768441444758,0.501384444809738
332,0.4384942530423489,0.7025860369647519,0.616794520680269,0.5674248408855043,0.6444229545898363,0.5752157022908223,0.8322933085463455,0.8802606080426197,0.46007307137325826,0.5392840676938524,0.4822116479424081,0.7050330708992167,0.5639142181676638,0.674694673901884,0.704690000415042,0.5920611781224174,0.6831817333175857,0.9030687729260805,0.3789876119424581,0.7971650538643701,0.4231485081060361,0.8503138139588242,0.6333359067396445,1.0547547014470542,0.6015732543976299,0.8003411521986479,0.7388602626041605,0.8928815612510117,0.7896273822537505,0.6184954646230421,0.5068785019367432,0.9253789416076247,0.43853225586079936,0.7909644386388227,0.4654540154934679
333,0.3642054101588616,0.7828594739276847,0.6685107197590505,0.6108439227886227,0.5836778704474899,0.6780028131496862,0.8086374915540322,0.7185398022235314,0.5012799299427109,0.5178046133618817,0.5269987683278654,0.7793907521199674,0.6423290154938881,0.6372102190609886,0.5491378592855827,0.6033560728671978,0.7186585723404493,0.6897352237895755,0.4070842723822928,0.7002424751541678,0.4818403699749487,0.9156618587513135,0.7092943101803721,0.9774605711039782,0.5921043080185763,0.852958406256267,0.797819300427615,0.6232404833675955,0.7272594585715307,0.792535619822649,0.5679268915739635,0.8096999567748699,0.40833801680213005,0.7945585050856143,0.49744258156744575
334,0.45150663791874335,0.7238161670535886,0.715899022221619,0.5602941174963225,0.6368197620673086,0.541913536097331,0.6802415966914687,0.7204583258700479,0.504673466780585,0.48432271217215384,0.5637524067141639,0.7724486051111967,0.5884068146215378,0.6733747472200529,0.5368109678643546,0.3585174217462942,0.5735736487552995,0.8712541010779528,0.42026425280322294,0.6032699528478498,0.5660313508192748,0.9501394032062145,0.5358516829435798,0.9757359188726314,0.5068310183511657,0.9129988440026151,0.6946722084560448,0.7331802956321849,0.611714860873332,0.6988507259317398,0.663936443180636,0.6596304007550831,0.40484916287958495,0.6368171301313471,0.3574716412652952
335,0.5407694245776307,0.7815128724042418,0.7437758927011316,0.6526551153787237,0.7739458178813625,0.667673720363684,0.8030931393619694,0.7086514119708225,0.7060740436250943,0.4469254276491673,0.5427076830113987,0.7582572041354232,0.5442857160669431,0.7871290232990161,0.7924132227280748,0.9936306409849014,0.7239884884662382,0.7071707505728977,0.5631576845553926,0.5580350412965618,0.541741424989609,0.9582257531958414,0.6456134008636728,0.9238972574720355,0.5748329481187228,1.0827877731812106,0.72753129265522,0.9923274680635203,0.6702829687947919,0.8557001804388857,0.8258670921340274,0.8463017569359174,0.5879492174644585,0.8263213526509667,0.4028655986765325
336,0.40174344043724974,0.980595934831996,0.7658263474186188,0.605364230397393,0.5509698225991867,0.46698086781456466,0.7578413333905515,0.9791342917986999,0.7059045952544368,0.49301967553641873,0.523227101807407,0.9387744051240189,0.5530383349421177,0.5737517949662426,0.6395815388368151,0.466011731561117,0.7559464037226278,0.9539539415466606,0.4056554238600399,0.5950103364707261,0.5177733555340618,0.8096715734858733,0.6448574033143146,1.011181985677858,0.6499940138119671,0.9266200743833728,0.7647998056583193,0.6900560647201555,0.6346349135988464,0.5942453138618256,0.5670585261350884,0.8184332060222019,0.6636352372401914,0.8161567145067034,0.5345863483000035
337,0.4050993431816071,0.7435635605009656,0.8034813340548701,0.509319711444875,0.6098953824562099,0.6870664498937973,0.8006496789616475,0.76950677764294,0.6263489911722226,0.5589381340522674,0.3411398417906181,0.6402319720880822,0.5429083522506533,0.5680383618691309,0.643966519276873,1.0644137525874022,0.6104370416441153,0.9566518233418001,0.6382285237197348,0.5504841533931004,0.5676331889516555,0.7551945526655728,0.7071342052442722,0.8968727917495389,0.5876820289985695,1.0444518150738897,0.8164524633023024,1.0859100074273522,0.7257334511252624,0.6272390915077528,0.7676783589702367,0.7744604552103805,0.7011686322740479,0.8903671896483656,0.49339462107897797
338,0.5259864682625455,0.9649093058326483,0.8419956609374779,0.6089618301832479,0.5131789558273729,0.5774472844555337,0.8358558604954743,0.7793110927015401,0.7472564797859166,0.5022722624349393,0.413963371159088,0.7434152362716847,0.6359284351478289,0.6939255160017789,0.6809485499999416,0.7571804984297547,0.5695233786960191,0.9481189994218925,0.5060195302248542,0.6641511197924865,0.6247459933177416,1.0994337804828478,0.7547630153449179,0.991415913208651,0.5463743393592659,0.9980567315798102,0.674921930119038,0.7594171173962857,0.5915583465255148,0.7933473007578993,0.4806710921513452,0.805506590762765,0.7736950457166025,0.7959679407080148,0.5210910514116458
339,0.48724256393703513,0.9372211864844233,0.8787815130653723,0.5886902419250639,0.5506529869741315,0.6299156571058255,0.8281167707684818,0.9242067336160642,0.7026462683916468,0.5345378441439442,0.31251248495086265,0.776013068769216,0.6399639436363976,0.49159329707370697,0.5770313006546545,0.7676380194065898,0.7093904724650467,0.9051434666577904,0.5213934657198838,0.49584346346182184,0.6994897375264977,0.8410829080052157,0.7348309599024425,1.0172730881305116,0.563855704842236,1.089291670471388,0.8319742641810632,0.8695574265851747,0.7900760380795555,0.7815128258834454,0.7465334192409061,0.6917732410958313,0.7951907614843032,0.897099505375354,0.5536874829067033
340,0.4612009892513518,0.9098716364378555,0.7592735965870105,0.563941622429825,0.5241222104463091,0.3966727437543406,0.9161958395419081,0.731708084113793,0.721254099155245,0.4997139470812757,0.4461924214945583,0.7353036857965228,0.5341395116811267,0.7250482127298452,0.5537029480505884,0.7898654263921241,0.6355808945730111,0.8105080292909286,0.4917397574927645,0.5313880910792299,0.6243457273174928,0.8674279203935895,0.6089942823176495,0.9438995533769037,0.5415856186800014,0.8165399022366641,0.6317459943795153,0.8701460654949968,0.754329839215489,0.7379079904501623,0.6548535012258776,0.8144778303770399,0.7089975663245307,0.858923519897088,0.4814569227028239
341,0.4229117452780062,0.7603515389477615,0.6899117392690084,0.5586937637083006,0.4278337638133134,0.5934079294547443,0.6843343115714652,0.8951046244438583,0.5964811138180021,0.40697518503475516,0.33881356978842186,0.8388791742801956,0.5862461282415967,0.6593395991345106,0.5038637081951697,0.8983809925947419,0.5719323098296997,0.8837907846902617,0.39950748009034387,0.5390136782827813,0.6699875853030288,0.8018987400193927,0.6430011151303965,0.9364405058158334,0.5746946730659848,1.0229836424615766,0.821291464088129,0.8351832443333588,0.6393005433402327,0.7177135156582659,0.7236417477019366,0.596268075874008,0.7143568071138827,0.8145465603175519,0.4900945303685485
342,0.5203503021847649,0.71975856515009,0.7129234333621777,0.6614391805311424,0.5811793347457661,0.6194222254473252,0.7062783077426923,0.6978191944005188,0.6331851580826503,0.5052323807451653,0.4745156837648801,0.6063607417223787,0.5670473195376947,0.7908075088163838,0.6357397693818793,0.8836959060424066,0.6367724424489636,0.8116743114917391,0.5778761585646772,0.7402364576795812,0.804320807835908,0.7502662691684319,0.7194568648028867,0.852659125333755,0.5062918937652021,0.8444804030801232,0.7084117432627295,0.8739383574520869,0.6359584536240674,0.7951816282015779,0.8109881143095963,0.8116065709078203,0.6303330761461119,0.7755466076380626,0.3445504607418796
343,0.47955761540429465,0.673363450143959,0.5666970178570337,0.5465081098762996,0.6203868076403996,0.579234426312108,0.69166945256089,0.7468409009518548,0.5880127529966283,0.47879739108876335,0.42435642762648756,0.6978640654301617,0.6215124614250837,0.611550001823278,0.6620165181845465,0.8062740564786354,0.7739290552311164,0.8315080408321425,0.42968978000165503,0.683372082268958,0.5976646154185428,0.8234147197682852,0.7021902929916596,0.7891625944744318,0.5836502722829136,1.031288191090054,0.7603941795845799,0.8498229261217005,0.766443556710058,0.697070148542364,0.8257264565301446,0.531124598303449,0.7740488336969591,0.7983456465588018,0.3852146690058782
344,0.49848184250876976,0.7381069246377068,0.7150502100268192,0.49201553808207665,0.6497662989690938,0.44843879683099186,0.8169180358297495,0.938989320466231,0.5542726766335213,0.5979863996277782,0.42059745219407785,0.7885172555358659,0.6252184957359535,0.6714466617290178,0.5803206733387128,1.0601005304948812,0.8069049917320053,0.8325805113055693,0.4498924467813324,0.6560278845237354,0.7271534777814433,0.8527072665866308,0.5686751036349471,0.9989449674767218,0.7057695611020935,0.7513569812270813,0.7062529338516854,0.8101093177826273,0.7285779742698495,0.600132499649374,0.8515777950169571,0.8095179240375318,0.5863120225021197,0.7280049889564375,0.4812698003970643
345,0.4858455931798708,0.854620199645769,0.43853718377671647,0.5828668102628679,0.5617744837907099,0.5784237392079808,0.7114687821259602,0.7058437183803239,0.6122856393229423,0.47317780813920807,0.4964985370720304,0.7011488112563651,0.5368330334623374,0.7174827667046693,0.47835735590398343,0.8073614110735012,0.591228087264115,0.7454985994104882,0.4338436866950135,0.5453849195731074,0.6977870988242868,0.7935508803306107,0.3325815335295744,0.890551418734281,0.5517179904977196,0.7628787352024975,0.6324123845078943,0.786989685361117,0.5734710264485867,0.7185120681750634,0.8154309595025038,0.7528452237151196,0.42792240904552337,0.6613341059049781,0.44937279417112835
346,0.7718635482547089,0.9443495784725955,0.7292425470255323,0.7006594865394328,0.5581356159005246,0.5709045282523125,0.7765480431067311,0.8298516512333179,0.45510384830320927,0.48531014856522997,0.5930659383916645,0.7861778623505371,0.6387026300210636,0.8200615234391015,0.5231589678087784,0.6376757934239761,0.6691388040129747,0.6747742565640846,0.5447518399039967,0.743102106292828,0.6907545252203855,0.8003784329478227,0.68665337186879,1.0948599271383561,0.7426691919502013,0.8097923943561771,0.7536642565302811,0.8060666823512306,0.6761327568754671,0.949032389746101,0.8784825106055048,0.9279654404859801,0.37875093780970326,0.7181329747146415,0.46043620527217377
347,0.5010324171905122,0.8870077923863562,0.7423120972504855,0.6265435790907926,0.61673117411199,0.5932099845647861,0.8022373084925489,0.8601095473743409,0.7843055790475146,0.5961714393861435,0.43355208477801926,0.8351815416878732,0.5494167029397142,0.8086103350032859,0.5860742150625841,0.9205150996588232,0.702471378511019,0.8860093720209283,0.48501095705539576,0.6716317668473939,0.6208034810124992,0.871366020742018,0.6707059612355631,0.8656744292352496,0.6286515329610456,0.9796697923391366,0.7027448128360827,0.9155525853429389,0.6666881798764228,0.7878408224565356,0.6640538568124278,0.9166980786320535,0.537864463754395,0.8034817103196972,0.4895204277384246
348,0.598223802417784,0.9554700878013906,0.7779795681451063,0.5995708899388579,0.4929036328513766,0.6561436128882834,0.8013915406022958,1.0511412298048246,0.5333972029343982,0.5246430367662666,0.5392325605455522,0.8437783647554489,0.5054891583637637,0.7311441162791992,0.5277007943341969,0.7093232298330581,0.7038599674407617,0.8480873096676828,0.37236811589335206,0.5540293460472215,0.5856838992522193,0.6286332212424882,0.5351293521282536,0.919058888875981,0.7215798425552812,1.0164453212854327,0.7813529952366975,0.7497610394880555,0.7356470414693517,0.6680717820257877,0.7162014657412363,0.9020124007140925,0.6192668224295479,0.9787966476273391,0.5545089845578286
349,0.6033740344044759,0.9283806606157967,0.6531232105172988,0.6210713965184805,0.5193448292151022,0.7331752600154966,1.017602581012888,0.8490313173055022,0.6005628310136706,0.6450279508692436,0.4675791763360916,0.8364314985905947,0.7388630780688756,0.7429032253815611,0.3285714146174876,0.7554066727562531,0.7568065473818756,0.7633196124022519,0.36396011412008644,0.6434358349299942,0.6713821511482313,0.7235327409866812,0.6157469711304533,0.9822111329787542,0.58563335881198,0.8985337674715925,0.8144379627183053,0.8501823185061514,0.7678625274413429,0.7556118492164037,0.7000022146811203,1.1033725510013068,0.5477180542910598,0.7449741168616439,0.40485402439806834
350,0.46454380500467934,0.8803995858046614,0.8274406968237822,0.6298651395570015,0.4834062460678012,0.557380729513858,0.741219699947409,0.8631675906015082,0.536206867540729,0.4043265229587384,0.3806004700479284,0.7371071648995472,0.5809471917447984,0.6990394376141186,0.3716772166051041,0.5879970119664899,0.6915660782757294,0.7918689156899119,0.3326434914753452,0.6362673644159826,0.6249468769184698,0.42103669248036973,0.6220279654983769,1.091242891168433,0.5237914277424534,0.8436567520635465,0.735598627533223,0.8019709511323069,0.748476411357603,0.5362448386971488,0.6156047076493665,0.9091155234476863,0.4593814236226123,0.7423021789786681,0.5491210753271782
351,0.4126696435392019,0.9344061330474451,0.745752216697743,0.6833625703155896,0.5800253304322119,0.6590318137551476,0.759222550791284,0.8886212272309073,0.5999833701226764,0.4646145728114993,0.5942742165093029,0.7115526653636386,0.6173503330826884,0.861038066530148,0.6240935129309628,0.8292149589405946,0.6027715367884727,0.7327335051215015,0.47891406863632563,0.6466716591232949,0.7483421836266462,0.6695499575190205,0.5071118288449438,1.0058785964940462,0.6785727340546515,1.0246826902331492,0.7556895760995752,0.8622528929364401,0.7083915518175286,0.7530911155653673,0.8104981499221462,0.8791085006622286,0.5406243185015339,0.9370452353582835,0.43549267093271576
352,0.45549634189497257,0.945978932183184,0.5898922436026695,0.6558179853486068,0.4350572353200117,0.6168561627638458,0.8170030167977348,0.8554500527612785,0.653872993894504,0.35276132111053093,0.6311569408650579,0.8047325275706125,0.5122537013730897,0.8099984918388256,0.5893178747089345,0.8403898094017278,0.7351424634379549,0.7384372287561471,0.3136817435348843,0.8343792134945145,0.5830100752722339,0.8048284897282554,0.6360251151659553,1.1159672125419173,0.526462536623,0.7349718344333656,0.8227440220590729,0.9162262720682608,0.7048089513609929,0.7390617347095889,0.6803393638521538,0.7957629390920373,0.4954975059270139,0.8378750340375439,0.47025958466394524
353,0.4027937189024794,0.9290797326831903,0.7028219828601727,0.6608101937100298,0.560847545477122,0.6081181665574424,0.8309988597623303,0.9207305101620434,0.6041972002441454,0.39276022801624033,0.47664929601965567,0.7282737991014616,0.5868709542766288,0.7932302628647685,0.722467235857271,0.7581657519557539,0.7227831000708538,0.8398829086779406,0.43360020491432594,0.797869264491812,0.7499061709349987,0.7159529060176227,0.5367091145905252,1.0191546672116374,0.6657523111468371,0.9910682101230005,0.8155087693423944,0.9130328196669989,0.7495535309151475,0.6899870868002087,0.6383749337671275,0.8725504669841481,0.5722328256902031,0.8647599001628614,0.5628606651810591
354,0.5726372281899175,0.7916085932433734,0.597057462065908,0.4489550053286609,0.5398476564732968,0.5165066043518489,0.8437587119465664,0.7367194981519001,0.5769349503532486,0.4128594764031489,0.4757496661248175,0.646679245580206,0.6872430954266125,0.4706843527382864,0.6010655491544106,0.7904400604348156,0.7678134564597218,0.8399800474370018,0.4059091179001127,0.6562669982752037,0.6359577447088742,0.7623847827005799,0.6805079395768282,0.8632318008186186,0.4961849903729947,1.0603536995923988,0.772542719118936,0.8231183584910631,0.6551233798245787,0.4572576884347736,0.6784271231550811,0.8847738645176475,0.5139637664840433,0.8120331069972253,0.4072914134025584
355,0.4113903647288475,0.8388404558510407,0.8223532345249842,0.6612801370615344,0.6218642227003015,0.7496868412742714,0.8353354692440185,0.6503903420213356,0.5992047327345962,0.3881687056508199,0.4570556425430188,0.6463327059643204,0.5041565960683613,0.6530810073758542,0.6467956959803708,0.6906180002436693,0.7265360660698867,0.9118993442914126,0.35989734762797565,0.7177004070489102,0.7008295220237231,0.7727909232372423,0.5228987954788568,0.8585362841538231,0.5661254788293637,0.8271850752515956,0.6838825203077413,0.8706499905081906,0.5418437994256065,0.7837451796586056,0.725466072202743,0.6856117899576604,0.45290181281763,0.6354809791665124,0.43558075577714894
356,0.3528525430646866,0.7160421412534108,0.6250055611947422,0.6344518714665381,0.6674579472166271,0.7201738888496338,0.5615641985246942,0.6901070261430223,0.48003950125199096,0.46338492659353925,0.42011033078194127,0.7195440870892756,0.5431277180454295,0.8005210307481349,0.6128686269505956,0.6441250488038505,0.6253547108726425,0.8589905371013895,0.4105852016495688,0.6502425870082238,0.5896331542897273,0.6687452564038927,0.2753316567265245,0.8376810488329951,0.42233045512750333,0.7990804269307156,0.7335449500196656,0.7317892351802289,0.6428097825183432,0.7416540636497597,0.8593547654268942,0.7957902688038786,0.5618263914060091,0.7491079210176748,0.522960406857713
357,0.5284428708115244,0.7517372998615366,0.7902627737946917,0.6809361611342393,0.5952166368860935,0.5484855791786845,0.857857339601444,0.6296643422026877,0.5809719983332331,0.43659499475971864,0.48236790048776035,0.5639932152538663,0.6750327242217903,0.8151768920285845,0.6621495561347527,0.7471454521169965,0.753660875618605,0.9576114977708838,0.42165016628770347,0.6327888145108898,0.5166093986380861,0.5726585949085039,0.4371038969758325,0.7939360804252702,0.4906646375238098,1.0247875334158305,0.6557048685741985,0.9148558958134902,0.6253787926989809,0.663379551616907,0.7817383024324163,0.9638710387725369,0.6160126398177374,0.8634635489434944,0.45132652571003373
358,0.3794509784419929,0.7394073148481954,0.6601933689286591,0.6370146323052073,0.5432268787788249,0.6308109459254395,0.46438853013207754,0.7531866621102513,0.5929018070838955,0.39031087095091055,0.5050505967144028,0.8576482098329149,0.5184436776993324,0.7173114689602672,0.5654233425358874,0.752449220691426,0.6204523433946987,0.7112267205822674,0.2197744760737305,0.7942826057998085,0.6252961353498079,0.6334479806987267,0.28641374798647024,0.6845838145172075,0.606620348491561,0.7638207839592712,0.637092025393189,0.6975955755664391,0.519613940766162,0.7599037633586058,0.7857275273346992,0.6438122832822354,0.6903625281014961,0.8251708242589211,0.43569389033366684
359,0.4353154302975891,0.8215697326759518,0.633151572102257,0.7805267181727131,0.6970024903260141,0.6766700111336432,0.7102051007593686,0.8421168484516685,0.6234303078210557,0.4388648671362548,0.5463988935367728,0.8821063405955565,0.584560199878261,0.7099724074581006,0.7559976556659103,0.8511817094412303,0.6684068510584819,0.9014491824206996,0.3612280486114533,0.7993736532924989,0.634269959694522,0.5338211605074691,0.283389094214097,0.8332617179521753,0.7174354722212712,0.9469742052116795,0.7927478220725657,0.8360066561484085,0.6799567531479569,0.7654172011030987,0.902072037617557,0.9308196294836925,0.5275067425930847,0.7697193529218913,0.6440189191649328
360,0.557652844891047,0.7055381052306575,0.5304873904325154,0.6874370762327429,0.6213418438189804,0.6472116908965189,0.707783288351806,0.9207742934066558,0.5628610683473897,0.41822484179337144,0.5374350669163788,0.7099781380709949,0.6148054001406862,0.8275208320937505,0.6091134279073076,0.6844264602296419,0.6640421070716133,0.6513998088691231,0.3798212754131453,0.6982333299873683,0.4428343566967417,0.7174359369346671,0.34624446179544577,0.7636305702691207,0.6697658933800309,0.6037136601111075,0.7088526159016534,0.8021009009357013,0.5940728034623114,0.7640043593581631,0.7465112988878813,0.898787527051957,0.32513614871574326,0.7294577595917615,0.5362532283042662
361,0.5536748913062957,0.8766307844324568,0.6916165874785706,0.7014080891270382,0.5755844205272431,0.4764035039900705,0.68554604980012,0.8680305702915411,0.7210674229363376,0.42753308697305953,0.520183268946548,0.8440711600691264,0.6252861642680267,0.8683310904901165,0.6755485736073022,0.8139448136783298,0.6605121296001,0.8904111847667027,0.31500511507904294,0.8203915446440566,0.5153881055640861,0.6946708210003509,0.3980707719729121,0.8562344152857885,0.6516994436616468,0.9307657314555557,0.9199257028162136,0.9688418968982366,0.6095176116050337,0.8253838088359118,0.8134612769704521,0.7368572940492855,0.4875029702512799,0.838890504601971,0.7460208077254752
362,0.4084668337455992,0.795457453327669,0.7230132980049475,0.5916412773247053,0.7137160064100468,0.6355592740277994,0.7103209333054074,0.6737188487023033,0.7678024005675632,0.46203066465071346,0.5127724241952998,0.6776614285316203,0.6482742355191331,0.6905224980731021,0.6756335769467208,0.84414832293222,0.6600979394560174,0.8778295839855913,0.39230868408470354,0.7013549049784538,0.4756938651558137,0.5420809243423459,0.4524166413658061,0.8953323140924201,0.4692152146107238,1.0391516828258214,0.8102713922561102,0.9395147790495599,0.711234200722406,0.682196822338568,0.9043672443766779,0.8737476659428247,0.6463101299066718,0.9548349012623799,0.4776566599702115
363,0.42311521830664695,0.6081769809221539,0.7505486603887904,0.6479925996364804,0.543425084189219,0.5435970067441411,0.7257841019942461,0.7946367317019714,0.6334976687015307,0.47591036949446924,0.5275819069992949,0.8292632767299623,0.6029028265889389,0.688268874093682,0.7081873286220182,0.6791639696048887,0.7839155561814344,0.8144825421036724,0.3868113971700157,0.7415126363052104,0.39716798587152063,0.6348856475441444,0.4944435038272872,0.7868631674047433,0.5564587343791402,1.0079759255349305,0.6777311662005374,0.7271913742291533,0.8041558616997959,0.5867449080711988,0.7860459574285386,1.0498511526103425,0.4454240519432717,0.7851367421692284,0.5116561626817208
364,0.6323198647197081,0.7423671499258746,0.7054960225049622,0.7451024444397139,0.5894027070247044,0.7840207404023714,0.5747664491434576,0.7948921313099903,0.5972876877117206,0.3353341181093068,0.605728817489182,0.671292319603443,0.4804545471902906,0.7994837759802351,0.6532367669281582,0.9285375626909771,0.6308499718459732,0.8690693529971656,0.44547162990952816,0.8783877282982593,0.6592635945879011,0.830407937512067,0.2176455662742388,0.7499093118450233,0.5548448163115569,0.957773556391127,0.8504230216160023,0.8986647984672383,0.6879693087732941,0.8294504125547307,0.7077922125388287,0.781127728621552,0.5152589108139018,0.7782641048285002,0.4827550637468969
365,0.5985869788973267,0.8496832912890584,0.7022108180738924,0.597853284737472,0.6134434834245642,0.502023946422318,0.6608804082065698,0.8763331584652709,0.6042763549669901,0.4224947181432852,0.5578696109078897,0.6942992570884015,0.6740828610341105,0.7258605503013484,0.7279744554771419,1.0217381322939616,0.6345536757126092,0.8855415641112252,0.3887313079588445,1.0475000743820544,0.5166966078256401,0.7239619282719241,0.44687906930525134,0.8461798166817485,0.7080411041330745,0.9296210479647482,0.777044256971434,0.9482949903893325,0.7238735285864285,0.779746931914673,0.6774531937752816,0.9172448823027375,0.5655634559429503,0.7946354113876528,0.40236399061055983
366,0.44699413826775103,0.9133370845402577,0.811730899818445,0.7350976480834097,0.6437077122824053,0.5664091693423827,0.7555277414623658,0.8972711950630399,0.7510658281160371,0.48167002495990824,0.4881743691718697,0.827328991563908,0.5962629966555739,0.5960115435146858,0.610121263884333,0.8659313755910024,0.7604948502852695,0.8753038517268916,0.39014036666059376,0.7876549822022816,0.4615453758448428,0.7595041277752433,0.34929615782650253,0.9995850281879552,0.5979905351527812,0.9976406678006797,0.9036143794718234,0.9415217774068662,0.6235768712509577,0.7252980262502163,0.7910497705426334,0.7350358363772366,0.6858307083793633,0.7999301753191727,0.5127014226235547
367,0.4756771537390134,0.8267309846914976,0.6585728138562085,0.681057016404758,0.569283138454783,0.6082941562586663,0.5534340948382053,0.8078712151352951,0.5658628288559084,0.34821429136627113,0.3720623808237332,0.9310423598099123,0.6557260859702561,0.5733302179937699,0.5529854553040099,0.8736177373690694,0.7176929306451318,0.789152297015411,0.443622488308744,0.5724622280831453,0.543961557189533,0.8132286606826111,0.2859555503599416,0.9080484275206033,0.5842750957075034,0.9321662970302128,0.727244719252988,0.9213958532958808,0.6812069776858828,0.773100415966249,0.727962562307268,0.8068236857631595,0.5389715783252249,0.8608980577770173,0.5602271059784764
368,0.4803573916736985,0.8773980168506157,0.7485703723768891,0.5060881535469808,0.6597371801735534,0.7339617930457523,0.5435948078279857,0.8701357811310526,0.7457397812619756,0.4019379211963769,0.5728917061452332,0.8272728653494936,0.6498845481505586,0.5028283287908697,0.771505434284709,0.9837846568432654,0.789800288381032,0.7499989946814877,0.49105794307306827,0.6629614262581006,0.3993293401768894,0.8391478075544335,0.3288011671549188,0.9291554117528008,0.5982598702646589,0.9063846089361542,0.8196003153202113,0.9200238744207838,0.713144435391569,0.6327154709802287,0.9579805464521648,0.9102695334582942,0.6805717988464186,0.7455616645055667,0.5547251243221418
369,0.5206560369002913,0.7963483646133027,0.6344361413877385,0.7025549040611776,0.5491875215500412,0.5603564262911863,0.6592361128404197,0.8712778372016086,0.5688606158977018,0.40051851409922745,0.6426991100905817,0.9776199057520489,0.6412760946506774,0.6207712353055088,0.6792603043949142,0.8217100037636818,0.7746738228207736,0.7732922357146161,0.36736454361991344,0.7148334100847442,0.43478093423137065,0.8444714124134489,0.3513498686213201,0.838993946152514,0.5370018351183297,0.9952283911678325,0.7715399833404208,0.7644887284766888,0.638516492010383,0.8397811273906,0.7530168551817171,0.807335082153857,0.5899369226351238,0.7651404707436145,0.4573589956836759
370,0.534430086918842,0.7812850244049597,0.7361960408020917,0.5898044703049408,0.6400947731351554,0.750573955457893,0.6106267328829508,0.8396448660534039,0.6345019536182211,0.4038444909849712,0.5959104081216472,0.654906779816576,0.6761183386794891,0.4819106246412655,0.6870702937685024,0.9161295280276255,0.7835282849737484,0.8718792370424537,0.50642059479978,0.7399533698190728,0.6038046809762444,0.8277425611982101,0.4492403096863109,0.7893983900770692,0.5457162156743968,1.0146463735100322,0.7471205728387984,0.871513445773926,0.5881243131903269,0.8034271414769592,0.9171278391646249,0.8149633770574921,0.6129617735847416,0.8609981285298703,0.44381473022337303
371,0.349982068225261,0.7729733007296273,0.6900445622236002,0.5199872432295622,0.5384511548899479,0.6729474449755609,0.7746683000520631,0.690623747552574,0.4756725864090343,0.45712012093208887,0.5662677292991933,0.7486206744628573,0.6000158045936116,0.5507620895291581,0.711413765414664,0.9276543256051597,0.7471236908500825,0.8142566268143392,0.4926292144822693,0.6912698476328945,0.6920659861213247,1.0169645799022964,0.6357314191014471,0.6533346037912584,0.6805523067459454,0.9012457354764684,0.7432337681750671,0.7579308087554284,0.5634970460882311,0.7191428130293439,0.8305898117619464,0.720659060642762,0.5367430223173337,0.7192440823241005,0.47519274487676993
372,0.46298110252745117,0.8206407046565055,0.7433188364728899,0.6824189968447496,0.49796742503519215,0.5399065919525301,0.5917386294819388,0.7995120815419297,0.7101526132925575,0.40493476848386417,0.634527929125812,0.9169180972134223,0.714134538389684,0.6739416034714597,0.6627800396875474,0.8507658052086712,0.6955118149710531,0.892498346441619,0.28574575713008593,0.764399220130288,0.41489161137183683,0.9038174362791349,0.5328171160287163,0.8366814483655793,0.6252538992156085,0.8665434684701891,0.7745137044564872,0.8363182949225179,0.5464960349174267,0.8137605100974786,0.7283099112085197,0.7653125233335474,0.526669874621457,0.7808048734201691,0.5562519403932682
373,0.43830565413947165,0.7119412299894119,0.8183057701003094,0.510111182108692,0.5688379107021646,0.5717655199633117,0.6221170671212907,0.7264449002630965,0.5952224655839609,0.40523644219408567,0.59456087553139,0.6978687364790526,0.5071402959249598,0.5705788997064702,0.67418358084665,0.9297792126221254,0.7984141411632575,0.9022116687790688,0.4114978321758045,0.6646380311595668,0.5810709729728211,0.9434898495974531,0.5049145775508433,0.7413838836224714,0.5597125709663274,0.9107514064239244,0.8089456940941054,0.9767901195440777,0.5081527662988433,0.8118495658024836,0.8453689127848483,0.7135853968210416,0.6037507371385561,0.7691533109629072,0.5331655434053617
374,0.22256183461123258,0.9219825094886427,0.6813093625009887,0.5652137164470428,0.5620860150258407,0.5992255585110362,0.7422552259314635,0.8761639133050777,0.5240719386550089,0.414410250732937,0.5055101645255627,0.9450230028149513,0.6022803594817397,0.6030409367258873,0.5828954308058956,0.7642660063530569,0.7740027744664385,0.87523407327446,0.4652216393202374,0.637242571619118,0.6052745525891081,1.073650607952143,0.5716795760155076,1.0192075152046538,0.5990786783691546,0.9335151610280158,0.9149551954504607,0.9799981154861034,0.5463775459061804,0.7678403567954464,0.834879162135179,0.8728578949779937,0.48452704536966335,0.7265421936691764,0.5913895332557515
375,0.4108437373687941,0.866021667601113,0.8295075527462946,0.5930665399518913,0.48019111786750385,0.5766132448301686,0.6792444826764353,0.7952969654883311,0.5992985179783934,0.4261565149922183,0.6267284942977372,0.7974222298888085,0.6741380916519312,0.5751876904853738,0.6270223977069147,0.9203384865317614,0.7617526904284941,0.9713437516141477,0.39835719724088836,0.7572411713581388,0.5778934020866009,1.0253992616685006,0.7153981377845303,0.9951490111158856,0.6718073309377637,1.0679504020780763,0.9112623674410288,1.0037757343347993,0.6088977971233942,0.8336402542454204,0.5423924808578255,0.8661376341777318,0.5486207355993493,0.8370739453781518,0.4771078538296312
376,0.4197092650987503,0.743681982183041,0.8134629300848525,0.5092412821624691,0.6563058716122403,0.7871307492858461,0.6956509387539296,0.8745557854488574,0.494442309917871,0.337910036704514,0.43216323271714924,0.8007826236648611,0.6389583829177372,0.5410634473016802,0.9813323309397572,0.9565929185814706,0.8656603811492753,0.8360866253127276,0.401242513788721,0.5400362280136146,0.6335145804791902,1.0403600309232592,0.6375188266645915,0.8991907164807462,0.5708554180273533,1.0440699140951901,0.831517975698742,0.9715806703473812,0.43457736793052637,0.7183143094976577,0.833573519230269,0.71290620684451,0.49727215756749577,0.7097134020646887,0.554303027686544
377,0.4539542677646587,0.8830064293266376,0.6327313325818753,0.6620854370384249,0.5598595408283082,0.709402482892114,0.7819820698567692,0.7675215439840697,0.47456551602571073,0.4588937186662928,0.68719360510105,0.7906599067382176,0.6624517217032695,0.6181514508642029,0.6768078668076695,0.8792732199917734,0.8319143114516256,0.8035919224893923,0.474286848340419,0.6451721724154831,0.6836385166466012,0.8980921645344082,0.6748971015341267,0.8755682100683865,0.6846966511074859,0.9347316097966791,0.8379774559811335,0.8434408914084787,0.600040510097964,0.8274001863906555,0.6833721368450929,0.9734507897335477,0.5248861295229325,0.6965127057558502,0.4727522255923827
378,0.4897274469749928,0.7341958952245782,0.6616596525136544,0.554656739886489,0.49617718949620604,0.7422627643359829,0.7572587358704546,0.7326114490086855,0.5483371117516183,0.4992534360974913,0.49719718309879507,0.7821041345859291,0.7336636937977978,0.581833469447004,0.782689444948206,0.9202429945084244,0.916281865440531,0.946019882553325,0.38562363539059463,0.6517859717613733,0.5551540120592386,1.046393465968333,0.7444461016660088,0.8670816575293924,0.5492474236796643,0.8886840235994196,0.8073152473344319,0.9170794231611694,0.5527867511109031,0.5835050497381331,0.7257307408855879,1.0380660862362099,0.5662362938899238,0.7481022819510065,0.33584917128562697
379,0.42367263828718005,0.7355597722443641,0.7242090380241775,0.5442021044300062,0.7126146397972806,0.771421430869921,0.7074976497303297,0.8407008203009684,0.44373961495837744,0.36931645336187324,0.5756491994785887,0.8529893002013186,0.7094349283421718,0.6388561465587754,0.8408290099867429,1.10417027459266,0.8292272927491785,0.7032196366451584,0.4600977211133771,0.6478727819166307,0.6959199904343778,0.855868693046965,0.7332961540222602,0.5604753247850796,0.5669142714953618,0.9639967209859586,0.7884098783664941,0.7596273883307917,0.5643514701262777,0.5919274375277698,0.9167433827087232,0.8469552297181364,0.6265289408148551,0.6450992264065272,0.3999964062467868
380,0.5109164531987507,0.6632994445096183,0.7491330891972672,0.627532160084801,0.6279453997341906,0.8048212102581371,0.6891841775080014,0.6606766611055874,0.4502079690510016,0.4378798245428035,0.6443701444486648,0.643719388922873,0.5737616001879942,0.7291989300360067,0.8429995471958083,0.9869086534824182,0.8004105112575887,0.716250443470279,0.4639887311369989,0.7051229864159941,0.6851238893447318,0.9799342498380562,0.7741212627821858,0.7289329261624022,0.5248891376418983,0.8425963894289306,0.7881436741967079,0.8354156679808362,0.5125716510218485,0.7415235141392351,0.6696615310112016,0.7040240232549252,0.5780302694901525,0.7076761313405705,0.3881254250438981
381,0.4948356692871687,0.8369893858794173,0.5659283986336974,0.6762167171451723,0.5695687756163419,0.6711300670566547,0.703468673718175,0.8385829986847719,0.3908628761361993,0.4510093256098799,0.6802320956737531,0.8559213110035789,0.6650557749713537,0.6544382485349056,0.5785141663762515,0.6160188247442646,0.7465323283498728,0.6256948281468104,0.32408001368797945,0.9024652324494418,0.48232138023078297,1.1218445214764612,0.7393628757663835,0.7754112124277788,0.6504874200894093,0.8034590623307034,0.8469265093214324,0.7065998976198229,0.44822844671243955,0.8623741438917063,0.7156269781434943,0.7451586322515666,0.6290374422030374,0.6123618626013764,0.5341875082213552
382,0.6031652420368383,0.8232018086053795,0.728534945330881,0.5168784404350832,0.39710331324939835,0.5682472888407941,0.9317902696717204,0.8049131648180643,0.5621726589800679,0.5388268088972499,0.45781317357349544,0.9828406580208884,0.7515509483519249,0.48209932438366804,0.5853902201611904,0.7423333375306138,0.961748201043096,0.8626283331700135,0.2667653834333268,0.6187476859934204,0.4795531507673335,0.8942003208731588,0.7832249086223934,1.018267395534738,0.6207770914143884,0.9756657611937798,0.7905971423177829,0.810807992230872,0.6025821545120901,0.7080812749348133,0.6851441566156945,0.9728553728936591,0.7138527985079088,0.8897848900598158,0.5286070781784922
383,0.5367884333865522,0.7960603653258864,0.5158948200031437,0.6181541523244297,0.5629085965411107,0.6388814811070949,0.7219762125461648,0.7998322704130472,0.5164831137040483,0.37150232133358724,0.4943421717160038,0.7360561370377154,0.554452643722195,0.5250971668790285,0.7001520815302742,0.8535374851391166,0.6939865875451817,0.7467286596169742,0.4681933232784566,0.5685254152508981,0.6452276825850626,0.9591977605534985,0.6359817641603608,0.967798869403671,0.5950213487234146,0.7134248380002224,0.8359845994840307,0.7781319862419448,0.40128352232961206,0.725835789089239,0.8040421792546999,0.6742635607046822,0.6347288432515643,0.6641564599863476,0.4760468181635675
384,0.4905659760543262,0.6226890562174425,0.7560408319674861,0.588390966974109,0.5639637415217241,0.5477624051213291,0.6699476378684998,0.7719273515240095,0.5999992615610299,0.4538105655943333,0.47211677759857085,0.7378625865694746,0.47811660934303934,0.48323719734524506,0.5822588992977336,0.9148609271076008,0.7376737478099203,1.004634093889382,0.3542272411903607,0.7400816351623788,0.6904784502720753,1.005323295275874,0.5897992916835683,0.7996759924543919,0.5678377963571495,1.1045320812546575,0.7293134511288442,1.128573589494493,0.5161529224646288,0.7403217809774301,0.6970998564915489,0.8034076292378344,0.7566435191937333,0.8964696225989716,0.3716581043275777
385,0.4187312799964158,0.7108712823942522,0.670054299533986,0.5434740655044723,0.45702436794964185,0.6102252199660989,0.5181275219935665,0.8677301972804324,0.5111096866551147,0.4522332923032683,0.4182476059727835,0.825115372217448,0.6118478809201817,0.3872211796397807,0.7028293520981181,0.9097701195851347,0.7540214961025143,0.7540221929985811,0.35499182531967244,0.4591476618090904,0.6888694580883308,0.8397562252354924,0.6152001210435267,0.6990197836087975,0.5737224408373267,0.8499184156881907,0.6892017435983289,0.8351197450521879,0.46107380705205003,0.5297861637599984,0.7498966454345976,0.9099111922615013,0.6273866380195509,0.8030211829581196,0.47657853635889214
386,0.5405329423003019,0.510140488745897,0.6084473785789004,0.8123761553784934,0.5035766556161515,0.8619459033510541,0.6668640356546781,0.7576310086156424,0.6104021281116955,0.3728060100835902,0.5200456307675071,0.6286232955786664,0.5361171758207279,0.5816404953170227,0.6618558960609056,1.0135300956303523,0.5795663614863859,0.8140739485938597,0.46601341296529475,0.6336743037178783,0.469308117313477,0.7244677282941211,0.5568743831058067,0.6797984702653863,0.471305248770275,0.8573137065547951,0.5894240161205655,0.8570635108236779,0.5473776689019882,0.7738501976606035,0.6978214616962759,0.7098180178779299,0.6017780166897124,0.8821366320600044,0.37393346895473456
387,0.5891272552290401,0.8387597653733416,0.5480113119018295,0.7801507440806197,0.5733431611808865,0.9633873037338336,0.7855915011579195,0.9633685913257745,0.5116164192194006,0.4966408137023072,0.6051051727697365,0.7331659034902924,0.7050368005027713,0.5511187521120093,0.7330683962645418,0.8889046810801428,0.6708418293614354,0.7924126344444115,0.5032869978589718,0.826525535083132,0.5559290577498754,0.9358970266405513,0.6963464363446054,0.8609526532075669,0.7742158816173768,0.9444438458590512,0.7916304334931825,0.7915451979154893,0.5702750096114191,0.7032271343255767,0.7016851258535467,0.7215795543383321,0.6337488506089362,0.6836898553247988,0.6354771089209543
388,0.5483578236531876,0.8237727242616755,0.62111114551532,0.8018552133000041,0.4319988299035468,0.6863809626800419,0.7151481473679171,0.8976611064311943,0.6329960827463221,0.5387376172290156,0.6391386985610883,0.7827915532486353,0.6181203401769728,0.5225271915206009,0.5672746370875014,0.9952184563396768,0.6922800070584844,0.6754188244846574,0.3833099865687727,0.7579613890325312,0.5922760182306686,1.1624107751587465,0.6511130507376879,0.8008864059917082,0.6658017490265584,0.9689186782447906,0.802393476024837,0.8447320478118068,0.7101195536333771,0.8628663855906191,0.7170038903010435,0.8144866860177213,0.5307626570767331,0.7965777286989952,0.504176826242056
389,0.5686811134875176,0.8268480026046092,0.7134684553286583,0.7987392599143917,0.45808077591067686,0.828314657318598,0.782856790885548,0.7487690082477214,0.5794594272763476,0.508148903255511,0.49028093917076443,0.7933991510364568,0.6235027374405104,0.6219503819100346,0.7028507792561702,1.0057863765632225,0.6981327673120679,0.6570101530935869,0.42393741619348746,0.488415521342222,0.75247296911531,1.1573367017096197,0.6416592920803796,0.8548941862908315,0.5694408554264853,0.7677666390653535,0.6679488132493145,0.8520858476286435,0.7117575269463294,0.7383497443060583,0.5669094629995202,0.9465595485745253,0.6777156844904335,0.7326972207214891,0.5865652713995134
390,0.6017832169429544,0.8589948372262777,0.7778344579331022,0.7437820728654609,0.5058540416172259,0.5986835407316677,0.7596795935364621,1.0129768845917348,0.529710477832482,0.5139842835881385,0.6516796515191507,1.0202482556585903,0.662397624574913,0.6301961728009923,0.6503798643951564,0.901972339937539,0.7600495371544507,0.8556544121153329,0.46942175433919514,0.6846148193749266,0.7458738173892328,0.9875786137323279,0.5630293309469308,0.9132424813799958,0.6428336297991373,1.0327434774070599,0.8271795902603284,0.9530990849821777,0.7030032370348942,0.5613086270386629,0.5385445272380754,0.838504957542271,0.6512997299744965,0.8210528285423494,0.6360288630061386
391,0.5439925925562054,0.7804695333737537,0.7933418508692214,0.7344859236726129,0.6108775579269292,0.7178046212062028,0.8685268138494885,0.8333042217334046,0.6136075598029453,0.45239792972549164,0.5435379638046702,0.8399595245870743,0.787654293561596,0.7144278623242224,0.6911013017723664,0.9714926983447436,0.7900408472351839,0.8969787653102022,0.42914876788077705,0.6246634782128172,0.8000818717102657,0.9423753844278289,0.7643414661594524,0.6705600261256984,0.5489926068698457,0.9425409127082058,0.7145039357541996,0.7851832853212838,0.7089768862780982,0.6935401760334859,0.7412461401574888,0.666661025603511,0.784275535599799,0.8303178832284697,0.5332223887688362
392,0.5325124986883176,1.000098932755818,0.7354997853794712,0.5928624145022456,0.41286300942599385,0.5934628854193068,0.7073874034206024,1.007546238577917,0.675869685124296,0.577559008220299,0.46122146028289274,0.9561028336650939,0.6393489277882445,0.5021398847478309,0.5340707442594259,0.8026395110853954,0.6582591745156778,0.855771092509108,0.2971435313615366,0.8292005155780267,0.5463405563985599,1.0173416736408716,0.6440819381676983,0.9796348838503023,0.7990363607773557,0.8242919185312325,0.924984824965153,0.7410208748141863,0.6458024827570208,0.7414255148024897,0.5473733285931133,0.5816280172103037,0.7419517719000084,0.7112739766827142,0.624483588300496
393,0.5658758006626202,0.6791981606254678,0.8216077712433401,0.7201082914378545,0.5577675995563358,0.6485399896978834,0.8027802907056205,0.8338477299095903,0.7217134828016225,0.5755124676278396,0.6102193653015557,0.6898750938211254,0.6066662925596635,0.6741563622452631,0.5610301280984071,0.800401464464294,0.7088564115443023,0.7711956879733517,0.4474708525164164,0.8211141179362099,0.7130742583345335,0.9734193574231159,0.685176891658369,0.6826351621548878,0.5682305787984512,0.9517923713006224,0.679422161134971,0.7856769902799109,0.5727266443207322,0.7326765748633141,0.5389944517891941,0.6674731088592496,0.6052120068597217,0.7914276001579252,0.4060847479612195
394,0.5598567555010339,0.851497286673333,0.8549787645067269,0.6637553832274562,0.5213169566508891,0.6404999329256233,0.8452733633057754,0.8722461297588561,0.8726674079403334,0.6359227096730047,0.5148114651671427,0.7333834484178287,0.6427277750656117,0.623950413348437,0.6357544194572942,1.0184869691909522,0.6877977991705836,0.8758677865104555,0.5162105773835863,0.743612284269492,0.6959739101475453,1.0703001483091488,0.8176327766416098,0.8521767002580277,0.5890153083854832,0.9243040939287323,0.7397079382840386,0.8329913410383611,0.6720403095713572,0.6444610196541125,0.6397416944220444,0.9012111007706107,0.577477043937406,0.8124511223190719,0.4704189704851194
395,0.5461770181429104,0.7579858431120898,0.6197149983828523,0.7172017996908722,0.6056200344961666,0.767089850253563,0.7616942707632153,0.716927680587649,0.7085353992794345,0.5026131100388314,0.5373480201637514,0.7571602495325633,0.6653221746024003,0.7824510828780961,0.765675222447522,0.9068737176899734,0.6843721147894845,0.8018393133204875,0.42397981730087775,0.8084190569495912,0.8948338275807821,1.2098998814421746,0.5242369662747425,0.7444398040261322,0.5204934737612295,1.0482943490434535,0.5850883537646494,0.8824491124294581,0.5451012798243061,0.6759278581477371,0.7773660913105407,0.8457907637040346,0.7783850152903433,0.7203367965396218,0.5234952336569927
396,0.7169671484046041,0.8671940877118987,0.6652562435676299,0.7849239808237518,0.52129727315999,0.6295759930110807,0.685048428832822,0.7679382180419276,0.6824013932930235,0.5340797551715081,0.6064622985461037,0.8689279417150428,0.6442481040410684,0.779686489810177,0.5658893968475975,0.946439822797212,0.7279364097342818,0.7868848095828233,0.34543373081512463,0.7765976150633638,0.7480533043418232,1.1977751707877984,0.606842452223119,0.8542006951447384,0.5668363077079426,0.9384494274709312,0.7374055039285246,0.7174536914609662,0.6344387538319092,0.7694128923745628,0.7818244391711777,0.8355013080904506,0.7316141969667624,0.676330150035211,0.45266804726577514
397,0.6773945252892364,0.5876777796126661,0.6710123405259746,0.7985476822247796,0.5190363413453805,0.5175255266577874,0.799040552147248,0.6676050400679938,0.6268987806539165,0.531750158254318,0.5907945660835524,0.6697423792759797,0.6267172845595488,0.8821106907009506,0.6874864440664268,0.8568550559739077,0.7166562145257386,0.9024578777318365,0.44613207984282427,0.7419778865916806,0.6863808705702944,1.1120366876816852,0.41701945314582467,0.7738010833577809,0.5929525248947352,0.9008458276636333,0.6547053174059053,0.7332739847062196,0.5812231891303676,0.8400422745493219,0.6476023455232751,0.8076413125331969,0.7283639365129984,0.7288833697984618,0.46574755854719607
398,0.5242865093527919,0.7700660005583316,0.7061871454847825,0.7290735537508091,0.4739707132153129,0.7819396359021575,0.698201162144727,0.8229280829233463,0.7028177746458539,0.5933410241377348,0.4965217371601907,0.7243468430687754,0.5471121063369259,0.6674829175099881,0.7751605892612026,0.9218865284828814,0.6752919526371777,0.7051480669431083,0.5180485310933328,0.5754539451856893,0.7221991278743662,0.9142254955979996,0.5672450781841768,0.8840628474981365,0.6394786773372338,0.9314069880379676,0.6372172126447153,0.7482964653508635,0.6073495159093586,0.632522803025455,0.8448641702597481,0.7509218074743765,0.6177134231735265,0.7709678098426782,0.4768879832848062
399,0.7329521767833631,0.769551314729368,0.5671633691590484,0.7300832861307247,0.4918030674210763,0.705439714380474,0.8445313502272457,0.9217083951783729,0.7346188225613487,0.722168548966976,0.5032265585042337,0.8892224682601371,0.6764334872847582,0.8781651932571942,0.6742641302366826,0.858756929692208,0.7849309073023547,0.7938512261632189,0.4301472671925709,0.7807778376176037,0.699672466432155,0.8890750725114224,0.5406193299635955,0.7492066889153739,0.6914407979908751,0.9340187826429215,0.783481174888452,0.719976050400915,0.5998570599207135,0.6202086285422801,0.7420629011748343,0.8189368733688872,0.7114910868674218,0.8659296375113719,0.42416336650973774
