iter,a0.0_s0,a0.0_s1,a0.0_s2,a0.0_s3,a0.0_s4,a0.15_s0,a0.15_s1,a0.15_s2,a0.15_s3,a0.15_s4,a0.3_s0,a0.3_s1,a0.3_s2,a0.3_s3,a0.3_s4,a0.5_s0,a0.5_s1,a0.5_s2,a0.5_s3,a0.5_s4,a0.7_s0,a0.7_s1,a0.7_s2,a0.7_s3,a0.7_s4,a0.85_s0,a0.85_s1,a0.85_s2,a0.85_s3,a0.85_s4,a1.0_s0,a1.0_s1,a1.0_s2,a1.0_s3,a1.0_s4
0,-0.36524672288279947,-0.26264609628710933,-0.17424955624815122,-0.3284121287006707,-0.26636634965147177,-0.30166582448093615,-0.23212052378452033,-0.14527197777465792,-0.27478418866218557,-0.22860855691431425,-0.24404563530424747,-0.20445672370404894,-0.11901104728305456,-0.22618386800230833,-0.1943905572462652,-0.1751273698184041,-0.17136864909799487,-0.0876009147342741,-0.1680540727032395,-0.15346314587859872,-0.11386668938654336,-0.14195702722594683,-0.05968079691313591,-0.11638314354851162,-0.11708322466289511,-0.072209426692878,-0.12195712435295414,-0.040695116794761906,-0.08124691172329665,-0.09234487823621668,-0.03375656882180232,-0.10349567554711475,-0.023169873608570545,-0.048813466961559776,-0.06950948153466738
1,-0.2807681505469421,-0.20969159948596272,-0.30505217473609714,-0.31799324154907094,-0.06500797981494028,-0.2370424166835472,-0.1838305474360855,-0.28917862825574747,-0.37509912586805794,-0.20634063006594258,-0.1451915131608658,-0.19065636033669267,-0.17023270796230391,-0.22687342782710446,-0.11332653250358923,-0.07618571375654956,-0.13592796485152744,-0.14478906449514017,-0.13258949046048554,-0.11645180602375381,-0.09106919171141142,-0.10648979535551431,-0.0755637573402235,-0.10593864859708459,-0.10748382988353036,-0.07113831275508517,-0.08943934279506566,-0.07368851521362836,-0.04892764985275294,-0.05554908772204295,-0.06995494035574566,-0.0070347702230689375,-0.025294480687659396,-0.05700354458551477,-0.04755919848088966
2,-0.08008249828787639,-0.05213200023646781,-0.23251275926931372,-0.2280528800068422,-0.33200839711161156,-0.1165923006938433,-0.23419756798939584,-0.2676742245900844,-0.3918602404879656,-0.2178414034945928,-0.174152734212169,-0.09691466615859398,-0.0961385712242209,-0.277190694631709,-0.16228731190232032,-0.1620130971593189,-0.1342166701721911,-0.2080682000357747,-0.14806830901693518,-0.10848003143330162,-0.08719441391681193,-0.08340238882830762,-0.1082710191284054,-0.07795401213638883,-0.11943439706063691,-0.02181453533174927,-0.10997577094735742,-0.06562326123979458,-0.0193546131835075,-0.05689906865618883,-0.04215426798231327,-0.02563599975393386,-0.058040696373710524,-0.07896081269015198,0.017557299399385294
3,-0.19493213105487917,-0.0818964345956805,0.03006768294386051,-0.15450611879637108,0.028054711600784807,-0.19276770480222807,-0.12408357154906265,-0.15071934731639416,-0.16807077850966767,-0.14656114341209991,-0.1242436166838905,-0.04696371059378223,-0.07756699661163027,-0.16286533621572039,-0.1848943961539534,-0.11652147804469862,-0.07523496454828937,-0.16044146430530087,-0.16709912043605396,-0.015787120169442538,-0.07129339174208754,-0.16243940447621336,-0.029796140357276468,-0.05001717020616337,-0.09695795067135991,-0.05222710155847155,-0.09623637894262824,0.006373077715911765,0.0025791097235677444,-0.013707968494754872,-0.006026600783604567,0.02875271960835667,-0.015937699418265203,0.009226668617705755,-0.029753497060310084
4,-0.024123007079868926,-0.0557842961840256,-0.2280671800568594,-0.372298311363673,-0.059836186633730054,-0.11637576780858194,-0.07598520139260763,-0.1052456040885558,-0.16492414784012144,-0.044766765399979334,-0.012836612255473558,-0.0783455309938383,-0.05043071817892979,-0.18405531599164496,-0.09735272716436552,-0.0883681388548683,-0.1263438159879163,-0.06273447785467103,-0.14905537838340988,-0.004597813837190701,0.00517092816416657,-0.11614926044039924,-0.03339562454331595,-0.030981244444530084,-0.040993034968148295,-0.09812728833841926,-0.029085794109472977,0.04828313872358568,-0.06357016480360451,-0.025547422749549006,0.0046184643091669395,0.0059463184498697,0.10104003632679277,-0.029335944043526248,0.03624097658538111
5,0.03167357768380466,0.1234646388848871,-0.08650255869792468,-0.15376084985574062,0.11988666727862629,-0.029502191903877845,-0.018025629215222445,0.04128643485851924,-0.07580011962376505,-0.15165626319496903,0.060917855750720826,0.038922943194778806,-0.05733194790070273,-0.08545225237744436,-0.03875571363820158,0.02148305416706595,-0.07188056716413016,-0.02102015768235853,-0.1231656757709044,0.02398254533948956,0.09709408651115295,-0.09919998147746921,-0.011477082122997933,-0.06838268058803425,-0.010929210173751265,-0.0569980480116442,-0.0184525990539455,0.04368755670915185,0.002502426307813603,-0.028900154329947768,-0.001654047525285503,0.03746962922484186,-0.028723746953269028,0.03660581579344521,0.08750730335867632
6,0.050640009934497666,0.28978720729480734,0.026743476633863932,-0.10579752802820686,0.524288659455086,-0.04398156396394773,0.11180837918429985,0.020091684462788924,0.13895992314113506,-0.10439506151196115,0.1622931124666554,0.14759592694959392,0.01147973864023339,-0.0527426954216801,0.06671736550755827,0.0027182623274046754,-0.008557001078758454,0.031575579897714035,-0.11056933956580538,0.053744106472285516,0.10320708537734379,-0.09447741044742797,-0.000129624905252132,0.03403044154614562,0.08313759352193895,-0.028368677213207995,-0.013132109172142702,0.08506287528394968,-0.0111280139155987,0.07069626800063021,0.06405457807650525,0.1760413788636102,0.07334631858540741,0.037402428032983784,0.07820579230102098
7,0.2277522374968983,0.3440269035211081,0.09859207712811242,0.21866175768272905,0.32607486772776345,0.10382316935286459,0.1129599958004654,0.0355446737275754,0.03847453795625069,-0.05480184417095604,0.21715303527297064,0.20691520220321652,0.0014962742496079304,0.08593754419002789,-0.0051575654488268535,0.07180506101635499,-0.04910074142877413,0.11503617782754066,-0.1518082016911691,0.04146812966747801,0.10024488211454313,-0.04731180435968303,0.05095720323106109,0.11629049751145097,0.08247931790175486,0.021231224472670795,-0.05604960285208133,0.2013735958638887,0.05160713181215079,0.07778727970745346,0.035838345857104444,0.14558082192997085,0.0077062554461722384,0.11874058857399442,0.16512004897976607
8,0.047845367855120065,0.4475274545693121,0.130878625984657,0.3057919386835088,0.5422299430254993,0.07996050324866594,0.14200076739913114,0.2611340250305724,0.12122734425074352,-0.010623635039862574,0.28291053613988504,0.08130202438677328,0.11291317159625022,0.15495422387315372,0.14838343489565925,0.053610103929006975,0.07315517878895464,0.08299478599574876,-0.05986952189874297,0.12775545319711767,0.11030730064644911,-0.04165220541721715,0.07999929273116983,0.08506320337585888,0.10386453950534932,0.03179057922183898,-0.05997199717348112,0.19838324611993235,0.08331192958999376,0.07398446709221397,0.090250632363481,0.13129734405991975,0.06441819791007884,0.11617142645150169,0.21052490708122562
9,0.20862691661660876,0.6747341937721928,0.21569794881869434,0.17542914064402945,0.4483030818269047,0.2647006962069306,0.2414843322994074,0.18782476948442545,0.19258693762898754,0.017713480962899028,0.3374113117300588,0.18928137281213187,0.21657746595167943,0.12366756088570152,0.18942129045445097,0.11714336526492032,0.11505782382403232,0.1851277765455942,-0.0361289380241849,0.2708184485147902,0.2518154418835243,0.03799711289686779,0.14524088250585876,0.0909814057716441,0.22289906362010098,0.058911911815382786,-0.0481093050121104,0.23579229251067013,0.035183916396399166,0.15754800436089733,0.06832244440184226,0.16490319053362879,0.07552295473220849,0.15668509100252365,0.27609348843092046
10,0.23023070041140947,0.7275390654388089,0.2723884804316501,0.45374117188684226,0.38997156515910075,0.21883681556971796,0.24398266495259135,0.3597551564802547,0.534777350131475,0.22563525850637986,0.33754572759729273,0.22778427716262215,0.37860349382509917,0.22160091765416487,0.23609661107896496,0.1221843158649244,0.20750135468871256,0.22621564230257912,0.07493376009939878,0.19926556961957353,0.25583388526135636,0.035079025750911805,0.1368989608116793,0.2772543889643976,0.1910581856715812,0.11846332505350715,0.04454214102537804,0.2798693031641128,0.07049421119885999,0.17295999344433705,0.1731326821773706,0.21477522330569512,0.19613354156697807,0.18640795575130498,0.2510778962445858
11,0.32319179300235656,0.9904981864887576,0.22057622106573502,0.514706522677963,0.42523246111846613,0.34118025940899144,0.3321353679824859,0.39205697467837763,0.41789453625638695,0.24521658496325474,0.31845146327544044,0.3535262215615169,0.3966172501213603,0.3287926829006478,0.230895741202697,0.16838071462544063,0.10851061602199247,0.24381875514525486,0.08578572964835579,0.2182606896493447,0.2649856903409648,0.13701084543804376,0.10347307024464542,0.3619451608314341,0.20988949873597257,0.13195552851442724,0.14329240659776366,0.2975583403107831,0.08630165999411929,0.13968543303974912,0.23907374113955046,0.25162283330927515,0.19987000045695985,0.22376939338583063,0.20212942922292126
12,0.3139713838575984,0.855538390944741,0.21407774220972742,0.688225184561519,0.6742486398248277,0.36012061763419756,0.4092947104655858,0.517758932705112,0.46495050841057617,0.24891175188128475,0.43308871737718746,0.36526798361946067,0.4810362575638253,0.33450890841039005,0.23893838990464503,0.11990434637898394,0.12741075955603373,0.27304712127600916,0.17597110555383028,0.24914246960236894,0.4015269253717194,0.12945773707355823,0.21113398449732945,0.38714999675679673,0.1370492093794915,0.1148572192438346,0.12881379700066553,0.29637589497073064,0.20822692094826833,0.19042508262115782,0.256245693030727,0.28131060722878176,0.17461993614448962,0.2914312598944744,0.23483871578446885
13,0.3854809135853692,1.005880559957884,0.34021498084376,0.7339874515523479,0.492262681913205,0.3026994536484692,0.4835341857492254,0.4381976413593588,0.5786051447951294,0.3365386138799715,0.4306432795581644,0.3228895056264477,0.4274002494358693,0.3426416630601502,0.31443943259877405,0.15505668555676264,0.21716179294292354,0.27926421169823495,0.1896908579925508,0.22155019086498837,0.2995109137719232,0.24069352550452516,0.28188703828932904,0.32880758037876856,0.2812200607386277,0.10613573687523264,0.21018218024178084,0.25349472156356734,0.16875620987471215,0.26409348234459595,0.26393091541398883,0.2600098017862673,0.28045578992560155,0.30535277849173514,0.28123806446286304
14,0.527946047533434,0.790399756034746,0.319632718997368,0.8121762261219184,0.46105670896021916,0.4270428943879278,0.5430120570309199,0.470236230915376,0.6063438605854395,0.5238695923434681,0.512414701431311,0.16748563473474182,0.33643660734571584,0.5089957203155133,0.42919943676536265,0.23106540094103525,0.14861643641112982,0.30655193923419694,0.22337729902182468,0.3266891956512743,0.36036562341731265,0.21175083893108326,0.2541008289658839,0.4398655275957978,0.29287870125600657,0.21021905491169596,0.16551991883755138,0.3267910993944299,0.28583236176033067,0.21050465386478717,0.26454211603796135,0.2593683349848439,0.2655678425792166,0.35700428297198317,0.3740648717215763
15,0.5812696904517423,0.9143781384654257,0.49719810279171195,0.9492201713350638,0.6579445152717381,0.37223958419042125,0.5204247885353774,0.5639779265180473,0.6875728031005217,0.511971748227732,0.5055325360607318,0.2535301591949102,0.35730688063320676,0.42794848010388215,0.3428763636531116,0.27215211391944805,0.22139575936912043,0.27338288301745095,0.25559182995402097,0.30747169897306537,0.34832949059608415,0.16615031723309423,0.3635352103740121,0.3953171713043726,0.33819910765864863,0.22565292293566064,0.16271248244410008,0.30365344972690556,0.2605808374859593,0.2767930423671413,0.29719824957705177,0.2546498265703314,0.3206864611791079,0.36537136440968077,0.3454844534386089
16,0.5004386116025221,0.853538137018129,0.5376660233817703,0.9062602586894108,0.5944383129155288,0.3045198884188379,0.638207555057571,0.6926406401651097,0.6504288088491306,0.4365385972085263,0.40949303316441804,0.2439041228663581,0.436479590847536,0.41384066360295074,0.363093160418714,0.2540036194322935,0.24368398086216048,0.3313679241455856,0.26409896504123376,0.29689485617694544,0.27235788466410504,0.3411963016960626,0.3260160914488057,0.4281134014115582,0.34179895284520345,0.2732864709839139,0.3196628630990715,0.2441596680543456,0.15585430548009074,0.3073345879305128,0.19872987807823198,0.3100357902033233,0.33817433697949295,0.34110075315909927,0.2751171824129359
17,0.5874657970924859,0.8251904046080165,0.6877105478621179,0.9585347092857787,0.6852628920889564,0.3542599476420019,0.5839148126416818,0.7874770674304408,0.777162036972367,0.5028238779486918,0.46351033262451036,0.23481914759559425,0.49441314700473066,0.48219850699366346,0.2310083093412863,0.2716597258438086,0.2197262288059179,0.31859733605681173,0.2982562410149985,0.16017829746370643,0.32938476510000825,0.3064526227506481,0.3010549869734929,0.4250272524690018,0.3043238528944806,0.3060214763206727,0.3858471393691242,0.2766994171518378,0.22383141468978854,0.25579292047542473,0.25263404095797654,0.27643723327366776,0.3838907995285967,0.4884961767854429,0.23142801347717035
18,0.5334183698646104,0.9030919848069447,0.697412847033617,0.8745099668695513,0.8463033811674799,0.4509117395221235,0.5044192718385223,0.6866234672582852,0.8097210446229884,0.4788474017217824,0.488822501676439,0.3903913303010081,0.43599384031504795,0.5445973842827649,0.3189876537524367,0.2252904167696379,0.26003686500677226,0.3419955712627904,0.2892460095208094,0.3333966781201867,0.28441553666461505,0.3104706282535883,0.37988589332128736,0.4788907543267344,0.4285343710295829,0.366540577905545,0.46473257309018734,0.22260802614341046,0.308785758031074,0.3082815987448414,0.23243254495535903,0.2893506501293606,0.3530593631982757,0.4463474615465433,0.2783973390184709
19,0.4844657257481053,0.9111032140612026,0.8953587446814839,0.8722165401962854,0.8806251275667949,0.22921291646074263,0.4539607072753634,0.5732235099306513,0.7575157708593021,0.62760546775365,0.5215334236900235,0.3979847111005033,0.42816175277294966,0.6089933376568999,0.36271702241624815,0.29412007908876875,0.30703584618356583,0.2778108876899942,0.26799804216775036,0.24051445899593032,0.36289434387721026,0.349673473524609,0.42556801342757317,0.5312824536162126,0.37322675973660513,0.4027440987688641,0.3339391909729147,0.34276917397275697,0.37038532061937446,0.23921485996858505,0.26972040937764946,0.34795804931816604,0.3262411823627914,0.48619898521323557,0.281796754091059
20,0.6139295221053851,0.9450317531872046,0.8537364715668497,0.7261585020658958,0.8711717120617712,0.3372419823716409,0.504243967647453,0.8600693754751911,0.7465638813994693,0.6455503000863256,0.5183407461530618,0.4034951715733397,0.5085335915691084,0.513178586595441,0.3654327146347811,0.27293231664584794,0.3466617165645755,0.32379689645541876,0.2519451681570138,0.3199815067417044,0.3844169641362153,0.33936382282536276,0.4958076395443494,0.47556654861556974,0.399053502633113,0.4083136204798927,0.4101321207151065,0.34361502901782637,0.25744527499901065,0.20972834197415266,0.3194185043186576,0.3192758400535982,0.3889686308649061,0.40836602139658995,0.33110778254260526
21,0.46023140317786315,0.9938225404865528,0.9112964593356814,0.8029859272052052,0.843033008703646,0.4389653581745987,0.4834517386305397,0.7032610656793745,0.6966840836851429,0.7685203361131843,0.5162691586338701,0.40918683610462214,0.5028323429315149,0.5291975142443932,0.3489747978160727,0.25823407162785544,0.30417493773875276,0.2962833381509028,0.251803802274908,0.35454922749100715,0.32472819188499336,0.26069618629920654,0.4437772148682433,0.46503012134497984,0.4741239671784636,0.4196361337505711,0.43450754683572884,0.3262384078793572,0.35127814397469914,0.26675286007065524,0.32050653260685114,0.30699974426004617,0.5157252384144925,0.5046801619172022,0.29899250433944763
22,0.5997628850002786,1.0440207842011198,0.8596911822456424,0.8358740417497911,0.7772414203967719,0.49387178198190473,0.6148493203069995,0.7047426020901395,0.7483557712140012,0.724796096050701,0.5729699655166678,0.3305614748709394,0.588514871125623,0.5355138157970973,0.4446415529280999,0.2740161059332023,0.2741995597927097,0.36401709591441656,0.293039594241372,0.3632658056813152,0.38701842816572346,0.3955060951794517,0.4778181820436155,0.49786650066982396,0.39814257489256055,0.5403447778333221,0.38522247577859525,0.32253435946633413,0.3583025197661488,0.30510911992700596,0.4022279334593194,0.2671963537081349,0.4081445130099391,0.4552239036477893,0.3276265873930848
23,0.6144395421212676,0.9044263400429158,0.8581786127101281,1.029531721083254,0.9433469178891787,0.49795349204900274,0.7634298019844123,0.744850573383698,0.7717741354946203,0.8171954569372322,0.47674177107950433,0.44698268538301766,0.4893445419816851,0.5051402456572882,0.32068824288915865,0.34049348219490505,0.310643805522633,0.31695156232581145,0.31661575364935857,0.33082191745585826,0.40710665213115493,0.43428899270513616,0.43833918650539605,0.47381120493349055,0.44591620594708953,0.608242971755149,0.38638111660714786,0.3368047377589365,0.46855307150570236,0.283433783320729,0.39540611093716244,0.3185249538871488,0.4122435282339806,0.6132897267242791,0.29305383576735355
24,0.7525473901273736,0.9445534237337607,0.9197276825773911,0.9817684612529247,0.9486111470208792,0.4987308173886811,0.640753934996293,0.7309802226995117,0.7373282625013893,0.7006367840918035,0.5008692591180246,0.45261898607047596,0.5587289146164609,0.4948697576731115,0.4263715856929025,0.366618675436734,0.2637746163928449,0.3081827414123429,0.2851024448510243,0.350997873567455,0.38637863317278875,0.39510537783975563,0.48549518918488327,0.4354850994173842,0.40617663853607416,0.6340430100350052,0.43711546212799485,0.3657641067752022,0.3324807317451267,0.30534386207702424,0.43225986432869445,0.31573045780566994,0.44880898814777964,0.5429762257888215,0.3235440683179538
25,0.7555396907075916,1.0702930138885192,0.9411416148985512,0.964946147882578,1.0034058214400317,0.5489374311096258,0.7404180971765342,0.7605688650410585,0.800815125096485,0.7664582535178684,0.5820276202819548,0.3655776299252508,0.5456231375226394,0.5828957206299838,0.4597317749888885,0.3357632453726628,0.30348378860209174,0.3446766408169326,0.3075666526629186,0.3589043238393578,0.3807157890409102,0.4431997132783661,0.43571020846264863,0.5013987325488263,0.4640720146027211,0.6921082884943639,0.457364851371034,0.3810383428695001,0.47824037701737593,0.37133021325177745,0.5354783393046245,0.3154321705260173,0.3821940755731703,0.6460115866973698,0.3701209193653289
26,0.7093974457708208,0.8554771687396844,0.8379839447225699,1.01130308493314,0.8930082726858962,0.5760715908920875,0.6921019798995028,0.6451279769208597,0.7738423242794377,0.6630460394828525,0.49370196438281266,0.49219696309873784,0.5033479065986135,0.6154362080357575,0.4235359838975201,0.40089769882817805,0.3201234683943437,0.3801899511534359,0.33342269496362337,0.32903095986479425,0.39750253592539475,0.4102256960901902,0.46727402168094656,0.485929290166149,0.4954310591192375,0.6848842243186289,0.4413631532184473,0.4342592014485884,0.4313126781627508,0.3296650377139507,0.47687987924374553,0.3079168640981804,0.43852158499886545,0.6244445971252981,0.43437405219595243
27,0.6258663831864757,0.9266805324634861,0.9266832681230224,0.8672830395130563,0.9665434982190895,0.6040716510009212,0.6136014622247653,0.6755479744917621,0.782808636837764,0.7180733144212367,0.46717794037937427,0.46444326905506406,0.535968899986287,0.5004942017232132,0.4472506723325037,0.37566198668381007,0.23059870206065627,0.32799608785360473,0.2574527704629402,0.3749608290714765,0.42879789116495454,0.33901310817026464,0.4389725426728788,0.4711503181377427,0.44691102463873983,0.6242567888079562,0.5351260701740679,0.374498776848733,0.45488448194431896,0.4523033365818165,0.454063725663354,0.29590623342839384,0.4449458739657284,0.5715445272005503,0.39630442530382215
28,0.7761882727533527,1.0604982456926255,0.9276957007902844,1.0200530277825774,1.0261239704902985,0.5728083286552157,0.5989234804242101,0.6556084266393389,0.7308313704972622,0.7826706914538332,0.47713439533283314,0.5084462066718665,0.5107189438540398,0.5862154728828881,0.4997359344114945,0.4174774978549973,0.22266795982314966,0.32327040042489996,0.33580012616778493,0.3904200221095026,0.5134204184959738,0.3683740974177755,0.4935388305235433,0.4941898960154592,0.5078945395122035,0.6776041934291879,0.5462992145118055,0.37723999410226283,0.4160846734565694,0.411528636835785,0.48528613305650337,0.3095851719565168,0.47842444456190514,0.6992816051762603,0.48615123425322465
29,0.7945846840089978,1.0660751206612717,1.0645057757734833,0.9221266375928985,0.9063712360346113,0.715592071962475,0.6551818511713776,0.6522684825787762,0.7247232871336662,0.6886581171805766,0.5476043228027008,0.5167112376547853,0.46807244544027465,0.49077691479172547,0.3742406974008878,0.3992345961275643,0.24424131547552028,0.316659515161249,0.3045716662613922,0.37084656011782713,0.5144154976422963,0.4008618783787789,0.49549501600256995,0.3902508937271578,0.48293515907463114,0.7217070118492334,0.6406237338676022,0.4791031333092319,0.48010099231545555,0.4372866242580938,0.7170914600153346,0.3083265368470678,0.4701531078501455,0.6350780075521547,0.4408583401492839
30,0.9050399927578472,1.0719326020304192,0.9803939883019378,0.8923826678979777,1.0034213898918982,0.6771270678155875,0.7583754943787677,0.6179846002941791,0.7338960689356457,0.7741252455907454,0.594411089896925,0.5162445772643328,0.5848898293782911,0.5273487562439971,0.47338937645408946,0.3937647858297011,0.30432514601527727,0.4021188866998557,0.3212453337277027,0.4168122798962233,0.6046814686256344,0.3829745702036991,0.5201191493926154,0.4509065016132102,0.493522144523655,0.8346519084007245,0.6161532895637041,0.5755035274493903,0.4596073010344443,0.4844364714443876,0.7985743760272904,0.3017824273379558,0.5333555498497635,0.6971838108004844,0.5379323706911995
31,0.8099367988336649,1.046045842770055,0.8718445905914403,1.014692355632552,1.081817417184316,0.539238984824782,0.8069172054307837,0.6516370628762744,0.6818375897790905,0.8473684843319222,0.5477857276215334,0.5460586147861674,0.5438420492728557,0.5223681392061884,0.5185116362396289,0.39914223441451385,0.31720000007338456,0.3446746240008945,0.30392791200884456,0.39618677921379475,0.4870881485270923,0.40883933064432,0.5039931808760486,0.4896394427266305,0.5896389806462241,0.7573328018227836,0.7016116834845251,0.5250168766835549,0.49771121654717093,0.6045022662674321,0.6085936767648812,0.3278227244560624,0.46382055548000717,0.6444754300140384,0.5859945017003282
32,0.7712043275007422,1.0149035791785224,1.0063563287772848,1.0302746153114537,0.9698732336168085,0.7057361613885293,0.6612755037384639,0.7546480731790003,0.7268419267355686,0.7387282934309313,0.5505152845561905,0.58875005872436,0.5476816131514296,0.5648184463207577,0.43625641564388745,0.4888368238269569,0.2646159352353813,0.389387391188247,0.367701193702181,0.37180099892318397,0.5656055688795103,0.41588950648289985,0.5430425038383853,0.5286059131988534,0.5191980909385341,0.6788823090479574,0.5982868376008219,0.5383709735574617,0.5501837549879824,0.6268957506669045,0.699874435273802,0.3310173383648415,0.47956320734890157,0.7532518812669736,0.5695115533429975
33,0.7055253793462903,1.1305246293879971,0.865585818536096,0.8471120927739184,1.0260790446332084,0.5953291423750844,0.7012026634647923,0.6844060054101904,0.6550582657030182,0.7803224952064414,0.590570558134206,0.5180103504502924,0.5343249011924118,0.4581239208835963,0.5453792308591152,0.45484745474068433,0.3143737755395327,0.31763405447062704,0.3025887096495812,0.4008109540577046,0.5114096439229611,0.41360781923028545,0.5218330097686628,0.48866170570715795,0.5395550322633698,0.6521150464102252,0.6126889284324135,0.5438277220365915,0.4990350992342749,0.7225478449455058,0.746577680442003,0.3266136445084277,0.6018663608689341,0.7584063113467283,0.5617643163700723
34,0.7133374700882485,1.01062199377227,1.1278309121032697,1.0961142424087906,0.8869461819868736,0.6464184252559309,0.7866503230772485,0.8038395892995014,0.7630534263213111,0.7822080690200871,0.49122092024585085,0.5532434324906377,0.617432848001901,0.5668914488326732,0.5019466673239037,0.408994239902867,0.3048472362245265,0.40465080886428106,0.3628688125538676,0.33738090261709336,0.5844943563040812,0.3644731548339265,0.5988365787706373,0.519202595203094,0.44636524516997567,0.8039511395884926,0.6359267197960121,0.653796155535107,0.614932467525392,0.5668730136402791,0.7432552528409625,0.3142394491828522,0.6027517003168632,0.7406244945202477,0.5340083436786327
35,0.8873570892010565,1.1148060541502387,0.8641322728829097,1.075777168018488,0.89048902598911,0.7054651224385042,0.7880025000297477,0.6284415805987495,0.8337847279720817,0.7941447629916579,0.5574890625436228,0.6026703950857033,0.44110439863829265,0.5797372794197702,0.5743171076733966,0.4826390341272536,0.2417288818101081,0.29951078917348517,0.3853075520247007,0.38093594607490855,0.5078109151933711,0.43154939638978695,0.5036622259777803,0.5087747654511302,0.5493590797746775,0.7939301417197886,0.7934984052672648,0.480878013081659,0.5901957822824802,0.6721308841666638,0.7151323592310926,0.30515502578972775,0.5517436224299512,0.8981487356817415,0.6050459273959726
36,0.7020348885052397,1.087771865820353,0.8626860728362025,1.0114862940378804,1.00470998249068,0.6557232292853296,0.7037825452691131,0.6406116908289657,0.796693936250824,0.8650563537094392,0.46083629146774213,0.562673719870055,0.4211370118964425,0.6008674979300273,0.6086964648399782,0.4353247143157416,0.1825891777159495,0.31633329972851887,0.36538325302181734,0.4634966789399111,0.5061293333154864,0.3837070694404215,0.5265827687362549,0.5482493522702822,0.6085003564321556,0.7080681363654833,0.7181236633412027,0.5002968227251003,0.5406926682015158,0.7193475609516,0.694210668236936,0.3220323442714417,0.577915085949094,0.8971038944352655,0.6776050116894694
37,0.7041923916022184,1.0523146046394658,0.8995616849090007,1.108170960257671,0.8882857153546895,0.6311182646625692,0.7367608682832121,0.7023743262635131,0.8795228149761398,0.8386154148526146,0.5254603867632744,0.6173113673883246,0.5549794227471845,0.6254225920947183,0.5641705867437337,0.4215772481540809,0.19433993903285732,0.3440320736754755,0.39218972150149783,0.4013881807886658,0.5666281181313124,0.33914585165887806,0.4770405789437761,0.5562901548953874,0.5683361265836662,0.7712985836242376,0.6859183860504203,0.5957149330327063,0.6177018481524799,0.6695159496892765,0.6827394049927328,0.2723531792138897,0.6528003631198084,0.8551418424691868,0.6672149067634694
38,0.8489446369802501,1.1969992928791997,1.1317335409993978,1.1791461750044931,1.0473608836118908,0.5783030879357431,0.7752030283484572,0.7127394846764946,0.8912039027680194,0.7045738768214374,0.5813237763973915,0.6645477786538423,0.5487248488674318,0.6557511658619428,0.49943334918599147,0.39544927628444615,0.3186277429899932,0.4053599911885498,0.4317305114534338,0.4380191024728983,0.5331017929908693,0.4090009601906433,0.5183151214845874,0.5683631992334628,0.514999318405641,0.7153524069060906,0.8332156692547371,0.6526161662943892,0.6811191643308812,0.6434675323578758,0.7309367807698022,0.3263845108787249,0.5662922060927459,0.8251956422699951,0.6274832812951637
39,0.6306402375781351,1.1569073428403138,1.0816125634003464,1.1955626102870855,1.0055974404877552,0.5659368701144375,0.8349101973530774,0.7772668332216999,0.8882716650456992,0.8507324144232131,0.5329967348516359,0.7001581291141115,0.5781221836960079,0.6698507071871334,0.5516500173297896,0.33351643326847424,0.37030304951615056,0.3815873234091658,0.384250768359329,0.4464575630384173,0.49630688796275074,0.4255292886565481,0.5577815792740446,0.6334093412759478,0.6182049838856463,0.6675328432806333,0.7917299192987992,0.6747878229986133,0.6265893166014364,0.7015151931271669,0.6825415704073962,0.3226294000487346,0.6741222420757683,0.9441243508490638,0.7895888389556116
40,0.9549649655761553,0.9638310694885618,1.0076429714124837,1.0137939805701377,0.9763530694374772,0.6981853657639285,0.7961961154154513,0.5949509794585395,0.7856947602256859,0.6835498417060172,0.5594876976237833,0.5675214277033754,0.5250563128991028,0.5662113041122412,0.5779694413710004,0.4249430453525693,0.2730677527084931,0.35609752372477266,0.3331650854610966,0.4136274546055291,0.5867027127397317,0.3941437904023647,0.5303232982870574,0.5264876483541536,0.6232239974177833,0.8100732452123834,0.7180665323644223,0.6738022458228848,0.6025062164104547,0.7360372533216493,0.7976997410571558,0.24440572942411978,0.5730214189251202,0.817911439750215,0.8322850035229697
41,0.7670511626437422,1.0541483190460461,1.0812512174238122,1.0679663505189545,1.0158502327472978,0.6872180884129252,0.7188085183480247,0.6766898419167571,0.8684920864890779,0.7793480806075195,0.5130847138362913,0.5806268167383247,0.5466108952169872,0.6653598421585767,0.5494256336524004,0.3820858978130921,0.3529646518927678,0.35193733244699466,0.38746184422598373,0.4437073966784874,0.5590817730348813,0.37071782816246823,0.4684552773536448,0.6081665015666049,0.6291397781729701,0.7474351418066743,0.6737171863205172,0.6757440897357403,0.6790235044961285,0.6299348991227685,0.8418245337115484,0.28335256001892456,0.6412759219907811,0.8244857823470391,0.8832443950410164
42,0.8804359903875683,0.9884461232941357,1.1386317694014583,1.0397464710158508,0.8921036015413566,0.6347642799171117,0.6966469064540095,0.5976903927739516,0.7948356319460854,0.7156987428368374,0.5818595032285911,0.5747208728514894,0.5308487066041423,0.6098037265329799,0.522770185533343,0.3796841667499832,0.32257329073181734,0.34803262494514553,0.352985332842854,0.35940137452065885,0.5404926510059725,0.45694426651947767,0.4912496031678227,0.5780059727191844,0.5010469747261046,0.800210467408577,0.6278991777506971,0.6164432620184037,0.5973076907695842,0.5438143549650398,0.8348550379276333,0.28847123880241754,0.576616809955152,0.883018688744846,0.7040950933951295
43,0.7914782026211378,1.0589600230316623,1.0915685962369515,1.085128553332427,0.9035179431505792,0.7389514119030429,0.8338289120711959,0.7853145560552062,0.9070622758305873,0.7366333973244186,0.4965709066970059,0.6878807066853307,0.6042676040947901,0.6611413335495039,0.4815610121425409,0.3819963521898015,0.37217463931284445,0.4498122484954481,0.39165140540651044,0.4216262986215824,0.5224329562689387,0.4499006080344923,0.5042967083738956,0.6417511665859107,0.4682103207988605,0.712390276035171,0.688358047701328,0.7849516826017418,0.7325198929649465,0.5931149426053774,0.799275184396938,0.33771397101414724,0.6002483863532531,0.861408807797223,0.8102215059714027
44,0.8405723639640426,1.0869086944516482,1.0640013889155862,0.9435936099830615,0.9337285394433101,0.6771786834822492,0.7701629039473166,0.6848628621131476,0.6786647209239379,0.7261278853079381,0.5411993739124641,0.6819011053946136,0.5687434525207428,0.60456652023891,0.5201693706019399,0.4208253544667129,0.3995347071820168,0.3973936553780167,0.3096783329624851,0.46319832557826673,0.5965496349288824,0.43515480092699416,0.4721235876931874,0.513305462777252,0.511102792267607,0.8099771475975852,0.709581387048099,0.7326852555134802,0.6479958287222691,0.7571275351755866,0.8983221033229276,0.3498365873512607,0.7132780359820153,0.7562281725694239,0.9361942069388927
45,0.8984477908455981,1.0182447419462761,1.1787072429781706,0.9647071810554558,1.0736245824574255,0.7167229559841404,0.7723547130372048,0.727605740489059,0.7702906720593878,0.7998966788334025,0.5749748446800739,0.6633175561241009,0.5491699811315879,0.6260479050295116,0.5368319621859174,0.37531680546137364,0.33968300226315434,0.3371621721142706,0.38697497960995697,0.45903578334627587,0.5163303022620762,0.40256230789493747,0.5210443635001524,0.5567292970032757,0.5167548070638981,0.8123047233493227,0.7544853445682331,0.7071877918641419,0.6985390755307856,0.7416769966269896,0.8296832601199755,0.2914500965444442,0.6428785402642191,0.7614554014964534,0.917278408469374
46,0.8596041186601682,1.113284290382205,1.0690228581487855,0.909423591666668,1.0331031394862562,0.7054853431011556,0.8383541378611103,0.7092253642988973,0.8285055385338367,0.7391367963158724,0.5847556470049482,0.6192289007683373,0.5172488981075982,0.6027537701031774,0.5553580254851626,0.3809028248983359,0.39819309203540976,0.35837125335282394,0.37109009212460564,0.4801029930549514,0.5285555246524791,0.47073077210505937,0.4546748756047743,0.562973203111059,0.570459563240673,0.7416496436906997,0.730849577828974,0.7081862073036989,0.6490287817226772,0.6622959837229243,0.8429664469434022,0.3808364298279251,0.6277258592027875,0.8778308143858213,0.8215833594138551
47,0.835144753998823,1.0539399302294157,1.1788612114013552,1.0593583310664734,1.1030744120159923,0.6438469951736729,0.6799860770683844,0.7947120145204369,0.7422409965219756,0.7539735023658554,0.5815880827795946,0.6105633214714924,0.6221634841014625,0.6810880732153053,0.558068262645629,0.29464064936843776,0.32484480903046875,0.35894976504555787,0.35032769465059665,0.48781990315071927,0.552410868351438,0.41314680952746907,0.5277758409801991,0.5936866073347484,0.4881724254171175,0.7379486563321354,0.6953263222550865,0.7051138997154109,0.710591282830882,0.7046427808016125,0.8538669467008926,0.3767389610729026,0.7055878797078821,0.8361504677958038,0.891659648366709
48,0.8496737031556593,1.0506473266548788,1.207427782583517,1.1345236678221635,1.0468522912477365,0.6673814595745815,0.8877407328040438,0.6992114326777665,0.7731299711590292,0.8730133401968845,0.5505450881930432,0.6192396301720466,0.5113180264534672,0.6251264379008116,0.5783394795853849,0.38546741412957075,0.3668397166828806,0.3544128699147646,0.3743459211026023,0.44565160414080296,0.49898057388093137,0.495143548907664,0.5277482194644447,0.5504736965294468,0.5390894651150581,0.7602136230054659,0.741048593470734,0.7826534348421266,0.6586349197107813,0.6885037182431466,0.8692420512984753,0.3646257616844064,0.5939272434197875,0.8276718285627135,1.0389018981408287
49,0.7654047207301444,1.0744395090262244,1.1649981077616625,1.074362819711715,1.0295338805233816,0.6834963609773412,0.8382732401823194,0.7733620081615268,0.8256681601605154,0.7061091944993869,0.5737471846648526,0.5689058950387444,0.5945850722992865,0.5877349012981847,0.5652074441284711,0.3706725886258112,0.3883089733587941,0.3394070782654346,0.4237536105764995,0.4548681863021571,0.5018347336837956,0.4667639119154085,0.5041578267562998,0.5984962848269018,0.5296177183018398,0.7357478032014573,0.7619193311378819,0.7615577908663131,0.7357019926204897,0.7036586647037217,0.8697672275173032,0.3552865007257838,0.7335366856388489,0.7908109853848719,0.9673307811970591
50,0.7154571369300459,1.0876913418342318,1.1268515076917252,0.9128001224070941,0.9438487457463977,0.6689916761296308,0.7766727602269401,0.6966424174379966,0.816093489180558,0.86006381726967,0.5713688707013361,0.6288304535125886,0.5485080188186681,0.6079163305924232,0.5797298689406749,0.403208644169438,0.3422975582179224,0.34669674969603625,0.40772706570747286,0.42483712386817485,0.5278602970147632,0.4438915793054349,0.5082007074223752,0.5396858225074561,0.5837994392045569,0.7938730520280124,0.7256419279450764,0.6672145950689949,0.6742884136936338,0.7150869506058392,0.9204574490742579,0.3753986153109757,0.6705235559944029,0.8738095919552584,0.9521980129159497
51,0.9099337132753773,1.0570255182737227,1.1726819995010487,1.1315004142700709,0.9907801521589441,0.6218458242103929,0.8457081156731374,0.7999024487470052,0.7459710372105037,0.7359865300105684,0.5825263768275719,0.6761672396795565,0.5944112269402282,0.6608079057271904,0.529327639497719,0.45385556658886345,0.3817532790893488,0.3762089494609699,0.4724177544565954,0.42044540954858356,0.46810527400354773,0.41279019824296975,0.5051559412393051,0.5342201509481672,0.48695163094643196,0.7413241247841366,0.7448838256742039,0.7307625809345359,0.707382310089822,0.7155033971061837,0.9055571751343006,0.3287651401652869,0.7316759974624258,0.9269597563287963,0.9451841337955653
52,0.9051086940764717,1.0885707595506928,1.194251180358255,0.9809226420145181,1.1854841083819643,0.4684961592708043,0.8065629997590313,0.8175603183896737,0.7866533571967818,0.9476984520559155,0.5801251807176631,0.5594408808381253,0.6019998046149146,0.6167808565104838,0.5330089458858192,0.42294987254824945,0.3762519122332722,0.3826053888402949,0.37694759568927433,0.443284302181694,0.5197539167124542,0.5088282026297068,0.5494697180244241,0.4990313501045017,0.6127611266458866,0.7709117516735057,0.7934825243473708,0.7006738046619019,0.6794855558455597,0.7527216952639609,0.8574297669241382,0.32451708585421446,0.7805163560572994,0.8325641723558288,0.9372418340199998
53,0.9802123219165457,0.9942143915576162,1.1744664779103022,1.1001423865071929,1.085039264791829,0.6134871316471433,0.7956477578521641,0.7971833044955128,0.7379356008820269,0.8518284952626315,0.6200641426325639,0.5932151136964406,0.5593409967414706,0.6545165813926854,0.5669343041874693,0.4837768679052937,0.41969110376977903,0.3855744846239098,0.4140597082042385,0.3993214283062381,0.6120879398606992,0.4704760879605575,0.5348178061431843,0.5742274061302832,0.5979205661459783,0.7800632251571497,0.8159564498188256,0.6937394038837617,0.7156457829781468,0.7496232024892625,0.9549273557507064,0.36406717311045567,0.7232341295143141,0.8851515466875339,0.9839335232376676
54,0.8311624624454923,1.0190202492035323,1.0873493079048449,1.0934300013945022,0.9032113651016336,0.5934760510188299,0.9143032817962712,0.7556396827608332,0.8134135920722676,0.6160509473512892,0.570424950589633,0.5452263537770221,0.5655723858278119,0.6306324734616946,0.5006631176757033,0.3817532766314531,0.366567196667928,0.39890176559620855,0.3888843440752925,0.40304710299325625,0.4929038531234531,0.4212392117957402,0.5861460847558084,0.5420606873378861,0.514671456888685,0.6010947749957685,0.7294221565083595,0.7118482650887927,0.7042828353662367,0.7164645012841022,0.8499571328147395,0.3390171005733685,0.7389849739713347,0.8566387191475295,0.8250538201078763
55,0.8337178244606221,1.1158084617454098,1.2251091282516708,1.091608141079069,1.0741093399824622,0.634525995481868,0.8952298754400472,0.839770416593143,0.8051190611992303,0.7536239827956364,0.4956017782489243,0.5752789633867252,0.6348174800037983,0.7081570557743733,0.55088847699226,0.4263651187665345,0.4518153313958871,0.43392091045377434,0.424815444757268,0.3703911495655239,0.525310360222127,0.5284344812090436,0.5619431041865859,0.5149870032075513,0.6008339007934648,0.7381272176230623,0.7104094388753851,0.787249270098785,0.7729802185769274,0.684429702913619,0.870028051916474,0.3835520485975993,0.922750652479227,0.774548014407622,0.847303332280365
56,0.9085366823387108,0.8523180616581584,1.2058188330869264,0.9096359668979777,1.0361700248700756,0.6585592434846976,0.6402059776844116,0.7963133394149873,0.741159752028949,0.7483443665180041,0.5444629034502743,0.5025503944176488,0.599332443047618,0.5962007729492117,0.5704920178932519,0.4139188087169374,0.3776290380492206,0.38580404936315404,0.39490274438374084,0.41479019305929676,0.5707560629350774,0.37965209055154114,0.527140508291502,0.5556884702656244,0.5955400779745939,0.8588280688798993,0.6517260606758919,0.7310371812753094,0.7508441051288166,0.7313775075754391,0.850937710693794,0.29551103208345114,0.9574482633080592,0.7967674688912258,0.9357474608955343
57,0.8757846733325025,1.1637326773372139,1.1116232302973006,1.1893543729345857,1.0263938587340187,0.716640099546759,0.796828600531385,0.783604910010698,0.8999662321147686,0.7473290271456323,0.5182662302274321,0.5384109479103077,0.6265496678550697,0.6986267657836376,0.5131414356203408,0.4150950975095829,0.47929816800845,0.3809158812879278,0.46201372340995717,0.41475048419452,0.4587705248272569,0.5185623702584323,0.5464678731476078,0.595921470322766,0.5476465818978441,0.7292427798222818,0.8010596043792387,0.7061048364182398,0.833626894712418,0.6706486741450379,0.8761376393748496,0.38596972505322913,0.8317233184462005,0.8374108126238586,0.9326225189055496
58,0.9609066714822676,1.0126963361801327,1.217764483722191,0.9464570346225377,1.0772243661230612,0.7643040948408607,0.7630793131514502,0.6988095826349137,0.7628229966046296,0.7072802108607319,0.537826951228775,0.5772918866188467,0.5317919260565376,0.5917784753710631,0.5599475903168128,0.4274968782269907,0.3847177215405692,0.35074478239612883,0.3801758420685848,0.45438998501933675,0.4485830622852841,0.4395103266781633,0.5523027047521288,0.5178691840966392,0.6169938270337144,0.7469832168967471,0.7746108606555444,0.7306682030411211,0.6695746196927377,0.7284305970208768,0.958860993281978,0.3054046192271051,0.813653436552528,0.7418065821411108,0.9641555981838017
59,1.0021244002169438,1.057350680077238,1.0612358217728892,1.078532378164215,1.1760385808254294,0.5933150393545752,0.7352289181660719,0.7412367650626248,0.7862260619689698,0.8675865857108773,0.5609047160689242,0.5575188396888878,0.47619932601661985,0.5971659964188489,0.7234593467680087,0.4762999531866594,0.4121841078640375,0.3011068050139135,0.41284496367931756,0.5242224931617409,0.5344698931791542,0.43002918672695545,0.46195800148343585,0.5395405698602361,0.6784765036506191,0.8239488495454503,0.7699150755270889,0.6609954457266611,0.6999496724709297,0.7440200449521632,0.9353226258939649,0.3562520234553141,0.6391915049418104,0.7764595763186617,1.1164135322141517
60,1.0197974240432433,1.2001214389431638,1.0112844320635563,0.9105674370855533,0.9941866226078145,0.6481095247898974,0.8817062371778046,0.7890595358498966,0.6501634834094605,0.8180401328224941,0.5582275114175618,0.5544501331162682,0.5027144565500672,0.542545944148046,0.6590023277781634,0.43881471403978073,0.5029816057285816,0.38024916404604614,0.34497630407660673,0.47837838890219997,0.4949031186945786,0.5279635868863847,0.4299138852980536,0.4991885519004341,0.5061721257676409,0.7493188520395074,0.8308340918875152,0.5134102877561206,0.5936047843290755,0.6860990845546899,0.8290955168486338,0.4148857372267335,0.7687476470488451,0.7459439811000643,0.9685490967230869
61,1.075415720745413,1.0686848736866228,1.0751679163628454,1.1771991141633167,1.223438830773784,0.7161624230773873,0.7407585990579065,0.7559256276239003,0.8375604283855186,0.8475165229675491,0.5207678691891295,0.5357223689163328,0.6453880861410664,0.6289129704951203,0.6811179329544361,0.4685782925851468,0.4357239411187574,0.40897714415344844,0.40944634228640425,0.4720865216446326,0.5133973640806205,0.42220798283870375,0.5354895191090359,0.5478295181816076,0.5286589020018249,0.7294845824664722,0.7534525386180572,0.6068855046106397,0.7674504243587301,0.7389968570901273,0.8905879741941192,0.3365402709968125,0.8407794368344386,0.9164461349616906,1.0246424076573915
62,1.1641728397403899,1.001885197495906,1.1131159907407318,1.1444471291573275,1.0550664062413333,0.7519199926999393,0.8030962214554964,0.8060927859023596,0.8458785051169018,0.8435139436364558,0.6008919593248949,0.4510726844496356,0.6590529783022753,0.6431605960403245,0.6043498653341965,0.5550842775085324,0.3510043942012345,0.4258750995330071,0.4327538296178373,0.4732304602220857,0.4597717357613234,0.41851377775341947,0.5505384855859534,0.5889564741449431,0.45957514720558656,0.7550827545733838,0.6735698173154553,0.7651126362845786,0.8058143038702822,0.7267386273408343,0.9215465779392558,0.31644842762139036,0.8458225703604668,0.9468525268855469,1.0016965225139844
63,1.0806518179802644,1.0567148645512572,1.1336371066421618,0.9989954858766972,0.9087357661935671,0.7228663611706888,0.7673149867305173,0.8397956121055805,0.7360149425336604,0.7650590697231342,0.6216773852191135,0.501822592469362,0.5208087592118835,0.66862376306733,0.5913636588819848,0.4814362708728325,0.3250509911579837,0.3705840191423141,0.4242218142161712,0.5137478400458172,0.49176126536156994,0.44580586211448664,0.5129782001662497,0.4975773720454004,0.5034018652409368,0.7885141017218671,0.7140345139314088,0.6125998466476184,0.7038895290955788,0.7375200861094873,0.9744755880756979,0.34036201948807654,0.8438053089320071,0.8857763267926446,0.8846036236667483
64,0.9845710502318404,0.9810486771758252,1.104178069886483,1.0716735122078749,1.0547709812188013,0.7159235559763687,0.7865714800193164,0.7649004330637793,0.8455990974492983,0.7913120234292087,0.5254033738546602,0.5610485862902572,0.573361899702796,0.6022811643348915,0.5658842743738363,0.41739589559057105,0.3643233540004406,0.36576383944055846,0.4815251522704386,0.45739910064314293,0.5418631008779966,0.4288887432047599,0.4540261366172294,0.5411356961092241,0.5037913007005749,0.7902879024255893,0.6997397958962616,0.6159675929168112,0.7183492546235057,0.6611366216399981,0.8646967181107611,0.35570489636309854,0.8879238355335549,0.842566130922719,0.9012976413299197
65,0.9463309296101214,1.0969625837044574,1.1694082519434381,1.051427045453583,1.0381437028425236,0.7344950841416151,0.716533269437975,0.7652392552263696,0.8785265197241233,0.8614523098328195,0.561174002854187,0.5275684752176285,0.5694572145387784,0.6549127565633258,0.5960716502422012,0.4958645850542509,0.34951786626451536,0.3746823209432274,0.4555722370019041,0.46706752655881645,0.5358554263252839,0.48311021933682824,0.4743875671201464,0.5896990149550678,0.5328301169582743,0.7502684724851898,0.7721074456970053,0.6591488022505674,0.7512919967261018,0.7540504800941397,0.9473357044496282,0.35507911422531946,0.8166114746610699,0.899499396830639,0.8733547300442768
66,1.0629685832436289,1.013824375664099,1.0900333599148877,1.0231676879135496,1.011272688666606,0.6548118690142101,0.7917503106954731,0.7593787177826505,0.9093049334318601,0.8346389700277528,0.5760188986877544,0.47102785049998885,0.5622595950941804,0.7088398443068621,0.6422230839732652,0.4371333839967613,0.32828691414675404,0.39430416815495484,0.49746386183130875,0.46506631192769443,0.5089054148423512,0.45732948758211495,0.43603132339785045,0.5607620690545716,0.5838410915880976,0.7520033884761905,0.669751005421787,0.6879557395434106,0.7792867323319889,0.7977524232283006,0.8443266003350427,0.32370727469090355,0.8800637645489768,0.8941140189239808,0.9158031244464475
67,1.0691437821848546,1.2000810436881182,1.1644306366275017,1.0748488537422216,1.024061353533899,0.7276545711349844,0.7323596211220497,0.7589601613614194,0.8316888020076847,0.8905101066184637,0.6041448645730884,0.45473132605860467,0.6487938700901459,0.7576830642720114,0.6172339635526898,0.48002236649668517,0.37644028756229475,0.41637486457073747,0.5177159597856493,0.41592765442664914,0.5423898207294087,0.45184478727422195,0.47443006019521383,0.6289470829449166,0.5584671445109439,0.7730920821076217,0.760234487233272,0.7625554501108353,0.8037247015081129,0.7726467160580964,0.8877252443252277,0.33627581228587533,0.9768286965544244,0.8817576769824986,0.891369168782133
68,1.0383642506688424,1.0703273914131026,1.0139590339203166,1.00690076817197,0.9732784533607575,0.744695694563585,0.8207704826635706,0.7260810279321538,0.7666202360158996,0.8722110308755104,0.5098543476033217,0.5124813382195634,0.5547059456331751,0.6686232727435908,0.6769008643419985,0.45275126629907636,0.39530021041134455,0.3128510210850399,0.46261906200304675,0.4786238317092203,0.5754436126624796,0.6005129076092369,0.47205030561491246,0.586398027105504,0.5455753247191465,0.7237166546624259,0.7920294241018047,0.6511445340794959,0.6979875255239145,0.7750678006439835,0.8822788236600398,0.360164639689729,0.8492534205244139,0.8340723994779176,0.9741105185864279
69,0.8075055527230239,1.1302405584440374,1.1872134955347338,1.160876485099823,1.0757294028256372,0.6738306292990524,0.7782793147783404,0.7639170030645556,0.8241890207935201,0.7614677292372996,0.4748593901433236,0.46867642832425566,0.6133126740571444,0.6283092774619063,0.5988000045589044,0.3892464722114152,0.4091493075595033,0.36277158287643196,0.479123907411744,0.49809445785759077,0.5324146292750909,0.5421747489271764,0.5417785617680413,0.6047693808288179,0.5841588830620483,0.7363220092141596,0.7085865570614194,0.6495379912918392,0.7781854716135035,0.7460122070324392,0.8329019898028724,0.30906614172701674,0.9244610184130976,0.9157889398196399,0.9928841232979009
70,0.9892399153805689,0.981707749208151,1.0225811206083417,1.1715185575410332,0.9805663836900791,0.6707982945703468,0.8032119901666162,0.7137649827559098,0.8910996194069252,0.6847193071110567,0.4909496301819618,0.4450014106077851,0.5554157274051033,0.6020908499687618,0.5588826791835564,0.5383574314236144,0.4064256872362002,0.3542656492905156,0.47689932723136663,0.4419839408335061,0.4679584263564891,0.5125167788322109,0.4516187738221631,0.597148975001057,0.5411412244830888,0.7884930314917452,0.7014684732381924,0.6742685120196762,0.7850957137425335,0.7012089683190326,0.9076049819911813,0.33486975128355495,0.8180482897283619,0.9521983736806157,0.8077670994037017
71,1.0854934056087555,1.0904481766271188,1.094959700978317,1.0638217752900057,1.0266650820694334,0.7971744114890673,0.78965859866505,0.767570097648536,0.7992695658199956,0.7033891874500302,0.6189355694190373,0.41384518228668005,0.5568895782682546,0.6054819508026622,0.6299114428410755,0.5349086674858118,0.37999851551737784,0.34925106567680775,0.44809604878708187,0.4726639394405962,0.5101743629503994,0.49399518517477276,0.5263427470600456,0.5678203310886213,0.5512083534618533,0.8428932962883006,0.7590065848701528,0.6559175367534398,0.7909548011479384,0.7149664590596846,0.9118405529659537,0.30638849070907,0.8291243541168427,0.9284258437878147,0.8487899935865757
72,1.0992377770481976,1.06586996348737,1.1857931307621952,1.1374859179741699,0.9477152580104938,0.7996119316676014,0.7894098608101947,0.8160303603868676,0.882781904136902,0.8011963570440738,0.5878616227156904,0.5421571350701628,0.6124119837182549,0.6866576292993346,0.6172711107530051,0.4511456002948463,0.3608326932866648,0.39118134800715043,0.4397650735091293,0.49640974792025994,0.4415458500441442,0.5809645507702216,0.5445828650474167,0.535194660495387,0.5170920205308307,0.8378316159334335,0.8208246208909767,0.6978656675028169,0.7631972827279156,0.8563777943738362,0.8974041654464108,0.3551504736722721,0.831917671681179,0.8637743568237037,0.9267352178649897
73,1.0947877632358174,1.0707687775804697,1.2147718977613753,1.0557782081481741,1.0252525609845868,0.7835912190379788,0.7759595001502848,0.8806386737479419,0.8181412119341196,0.7674293032791013,0.6342479326229888,0.4659944426024592,0.5297588925592349,0.6731596589669905,0.6485265125133237,0.503460903468715,0.35422103070845,0.41333736470646226,0.4543420686110494,0.473986844777011,0.4504853816648313,0.5594922920857396,0.5492112071998208,0.5547298096279736,0.5168887719753196,0.785855848852832,0.7585517913736202,0.7721219731917824,0.7749723071504804,0.6812469216524206,0.9575065178369082,0.33450628598359516,0.8613868777234133,0.8604112304889536,0.903129577812026
74,0.960827042363795,1.0146994006036036,1.1727411404883212,1.1025761475705824,0.9993194239764069,0.7048693290625413,0.8309761837065601,0.8763331367251667,0.8397484023714156,0.8646869078886592,0.5069597124298404,0.5298930166468038,0.6487673497639692,0.7422947288087245,0.7209002522441647,0.4955458874155712,0.3490564927231289,0.4258831971898901,0.4998132506306182,0.5586081953587179,0.3995909103344183,0.5673921483013201,0.546378203911259,0.6036895508458291,0.5865915840627863,0.6983199507393818,0.7496307365446925,0.6980137402514724,0.7854852182362666,0.8218351045421945,0.8951802480758032,0.32815020592024957,0.8760096973414117,0.8794763654333704,0.9846968504949238
75,0.9750390529154844,0.9065994657521601,1.2331949409813245,1.1504217083450987,1.0920218074402204,0.6795645867303437,0.7268367354467384,0.7352888273389986,0.9685585047138082,0.8639923335680795,0.5555329478015514,0.49169250970500916,0.646608112384902,0.7208310263916506,0.6386786939765599,0.45336968638395525,0.32418407356363854,0.4090117062331041,0.5500032076880952,0.4962225599478777,0.4412727596805228,0.5001140273129547,0.5344495054282883,0.6647546147050792,0.6407124370790667,0.7247883038007272,0.6746990461919969,0.7109355783621782,0.856673201364875,0.8353052416202473,0.8515957357839824,0.33065408059585333,0.9386460635278508,0.9598754584483049,0.9400145488529812
76,0.9564628183320684,1.081676275173351,1.0541391147687649,1.1818585998353752,0.9907726557639133,0.782388580704888,0.7539590602349526,0.8550479494309047,0.7974471928871845,0.8690886815835904,0.4919460396263129,0.5201314139818067,0.6136678365097927,0.6536587552041555,0.5939304371713556,0.4940860791930129,0.32774357211638333,0.38494210113135496,0.5347640025205393,0.5200768706541014,0.512223603626303,0.535607838756269,0.5787309555294262,0.5471773566286124,0.5714115677129731,0.7022255132175638,0.7322105196851274,0.7024031083662149,0.8462023611923941,0.7634279279298855,0.8767999884210411,0.32147003525259066,0.8824226773882182,0.9988137844056784,0.8845200522975594
77,0.9442727693723535,1.113269693332522,1.087799967415334,0.9646689788573755,0.9951203425384072,0.7883891204961817,0.8621367644984672,0.9017762191721649,0.8610180840009192,0.8974343900382591,0.5866355306068392,0.5239018890327802,0.5602257857771316,0.5910266210532872,0.6666210217639257,0.46131031180369264,0.3730008479410887,0.4491666101907699,0.5222408123899083,0.5225613721766064,0.4170080388250753,0.5479009707810533,0.5308484071540749,0.532880897635934,0.5831906506393599,0.7658746648789991,0.7799388791530224,0.7569964179780798,0.7655562751937616,0.7268838281188601,0.8443735537818142,0.3526805705620089,0.8918976272964572,0.9093311346655965,0.9570946596390867
78,0.9913075234240287,1.1085302257710008,1.109083299825991,0.9781942542970176,0.9896059209713011,0.8399767243082914,0.8274990922595864,0.854289686055189,0.8753957071275813,0.8382318040667287,0.6160516744121336,0.46160641653648876,0.5671030233047798,0.6104536212406486,0.6154034452621167,0.4990422299139886,0.4056894630274843,0.42800948545440554,0.4823401655414347,0.5428920519969094,0.4667428777143019,0.5169427361978867,0.4786360842716535,0.5533428792389252,0.5564972410056432,0.7711122796977659,0.7273609019840701,0.7017567742716366,0.783012429447207,0.7701583538698492,0.8729973240554757,0.3859710123293946,0.8018776845436985,0.9129946579688614,0.8613268289803508
79,1.0470698287563702,0.9051162698425035,1.1108626490868327,0.878371673042352,0.9880648492523174,0.7071616803988843,0.6185272797848311,0.7442962584011718,0.7649911000043549,0.764601650398827,0.5546968202358917,0.4786886023044025,0.6109687049755259,0.5442019898508113,0.6218775142755748,0.4488259242456213,0.3142787054340604,0.3836922263743039,0.40164285930565546,0.45850028022750017,0.43808459048760784,0.4617750174444733,0.47869867160826074,0.5625820914674796,0.548063231749248,0.7675689089107578,0.7021676254936551,0.6975026306923291,0.7091830123483576,0.776578772399085,0.8741248342829739,0.29897890082766304,0.8391575774143638,0.7571409202067997,0.8510247825085784
80,1.1113251192411613,1.1866865633734758,0.9482339059642635,0.9556549981970461,0.9865351852547248,0.8033593614040873,0.8036585487730071,0.7358781321170069,0.806659447635383,0.7000212921038821,0.555215120333879,0.5083946250000158,0.5310241283650239,0.586872896908444,0.6223107138255766,0.45181815183961543,0.3802020923544984,0.32982195974110634,0.41958922900121853,0.44275813213528814,0.5155966929397163,0.5021437785662723,0.5179392069828583,0.543787541862558,0.5735338126734436,0.8497005725821549,0.6549067714367729,0.6233313259960944,0.7023250497356459,0.7823489875746779,0.9053708229437347,0.3800305132951046,0.8241197349494156,0.9043049571669256,0.7722264682728412
81,1.0286094864903548,1.01802661867363,1.101960895217871,0.9886249995795049,1.0456613396959002,0.7847748114162352,0.7875330014051267,0.6759348470000821,0.8388972535616215,0.8992507121241055,0.5894456137857292,0.5047272093872699,0.6383588023986219,0.5473417755161267,0.6475700354304651,0.47437236611628497,0.3775331703652937,0.43427539807045357,0.41746043461108473,0.5415319084978041,0.5585822569424097,0.498240279899967,0.5327165979183829,0.5481293521444565,0.6333076371729762,0.7750622482737021,0.7271458796426957,0.7409471995166167,0.73819982315584,0.8654719408084635,1.015754101853782,0.3624479831426035,0.8906042554056266,0.7881079424257249,0.9925558829716208
82,0.9890621576966924,0.8764240555712752,1.0843976047613735,1.118344603589971,1.1505572196239227,0.7837502140490216,0.7458052528991735,0.7784330481105555,0.8489652780160097,0.8395340573200454,0.6039574559170615,0.48010430081350464,0.6406481458233882,0.6960198020233466,0.6628389442763863,0.4614434719111603,0.334182528918028,0.42597327828162934,0.5153655760235915,0.5521947195056812,0.5090806790980296,0.4271720272099164,0.5609056990405108,0.5905574053253626,0.5712436669143515,0.7927758583272154,0.6893202009581552,0.7197223567929869,0.8071232946608581,0.7693749232303937,0.9506418273083006,0.31847152176919924,0.8728155026704152,0.8734891643439714,1.0151271363915848
83,1.0028825873802696,1.0331888785890477,1.0894277943175288,1.0562038293461136,1.0757447775954985,0.7268351368592973,0.7932153516953324,0.6878313136275487,0.8058204250751404,0.8388442165335702,0.4805076324272747,0.4691663506207939,0.517702401685507,0.634616360917896,0.6761122316904715,0.40640493295917707,0.360213872068581,0.3765187164797058,0.45585101383633136,0.473918206057305,0.42798389335679626,0.5140765918022778,0.45546017764073987,0.5683828730325928,0.5869473404658152,0.6969988279142135,0.7302261334318393,0.6511434091094275,0.7087612906176112,0.7066052430122534,0.7864681246368348,0.35477505784061675,0.7919160641549127,0.8759684565831409,0.9349989185674321
84,0.9013424378206862,1.106407557290583,1.0492323955705394,1.1345406958470656,1.0609459461565343,0.7114008753348402,0.7075076427566236,0.7543719029153608,1.0006511960623086,0.7926667813768428,0.5512432474043987,0.4909869498600147,0.5216836234800104,0.7718723123973615,0.6623215868301662,0.4687489913880876,0.36549989921638537,0.4102491333124347,0.5450887332942405,0.41329002094530465,0.40034146863092357,0.5494898872874916,0.4987952808004859,0.6342039493626811,0.5629998188165439,0.7298607214813884,0.7504443138478337,0.704922272143176,0.7949455399366855,0.6568411014387112,0.8586892239237469,0.3584054194359558,0.7371521813603694,0.8648620001794054,0.8723344935522823
85,1.043399723185686,1.0567075504983647,1.1841877454358323,1.0823658882205227,1.0768874974708975,0.7340188490278325,0.7189885544792614,0.8786691078231119,0.8486142403056063,0.8002718038234127,0.5799761454860273,0.44313720581725163,0.5827900366314733,0.657181100495879,0.6523396367880729,0.4514924857054897,0.3637989747066884,0.40826451056854596,0.4689700735602695,0.4799665645675395,0.44425709682883624,0.5585282437691335,0.5363046846833579,0.5420815550767832,0.5824706889132149,0.8229915097177147,0.748827348559997,0.8295512460298051,0.7576207660094967,0.7851340545555237,0.8821418776330779,0.3671591306564099,0.8564578341927886,0.8514262636196626,0.8247354328351879
86,1.0692892422645013,1.0196291399281205,1.0993306856199496,0.9202720796872499,0.9010591139409506,0.7555351314805357,0.7613491866778823,0.7839709419284718,0.7766099606388825,0.716749720494696,0.6016179262923209,0.555697281099637,0.6410412311651567,0.6827823509242932,0.5389948521922582,0.48431196990157865,0.30685435315076687,0.4411184113699118,0.4725771825384203,0.40757816690143245,0.47443913004358435,0.5455418383631288,0.5348796896401834,0.5607061758838467,0.4439663491329581,0.7915539081544731,0.7577203457299904,0.7760636826200868,0.7026687651525398,0.6857134894070589,0.9016834481387224,0.3973571447375156,0.8864611824699113,0.7701611790563616,0.8854638088919502
87,1.0847157854255494,1.1704796780349203,1.1661069115586213,1.0236340823140306,1.040483122865366,0.7689528136410331,0.8791512318018004,0.9101109315603533,0.8029768301441884,0.8927791462080157,0.555513278435519,0.6153241597163148,0.6558157104705766,0.6428222040856878,0.6576213553407931,0.42568424154850004,0.4482267503930017,0.4195727396717145,0.4812785815001761,0.4958592290656636,0.4862349379600691,0.4261575706477472,0.528208906970844,0.5369748866730549,0.6699033534423962,0.7394594553810192,0.7272875875401473,0.8509655190279886,0.7065632727066697,0.772238704429324,0.8959332205322548,0.3574786262509604,0.9129159609987508,0.8734700622647924,0.9574995301207267
88,0.919085301395941,0.9279085633352391,1.1672378861625623,1.1233958575444478,0.9577475953216419,0.7409417354392368,0.7260321774889165,0.8695002176986659,0.8756031244413023,0.851287994324667,0.5067939469973193,0.5277062614683926,0.5864052019579649,0.6735889192312978,0.6506568788872416,0.3851742172758851,0.34067275708653744,0.41211533952626433,0.4837266374991226,0.5013057651407598,0.5282779433003046,0.42468789715367417,0.48925914423386724,0.6150561435744635,0.5578077331874387,0.7382014666929748,0.7505373647383058,0.6736918621876475,0.739065673101815,0.7146529997011366,0.9125885977684358,0.3641321911307837,0.9468598526693617,0.8590405075478225,0.9691910360172447
89,1.1099507121428502,1.0664237990514236,1.1619090166847157,0.9972667474016529,1.0674976804673904,0.8232040214722918,0.8395327205852424,0.900933467099804,0.8548496991981986,0.7867637435207909,0.5457781742281499,0.5372818562282393,0.6049764889818545,0.5710503569607003,0.7080956028108496,0.4255984619371681,0.38412075103237175,0.42965010734509934,0.46134426802558315,0.48751611019354735,0.48986458499709823,0.46447274977196307,0.46393058725471537,0.5636602349878079,0.5935993381025781,0.7331936437720082,0.8151008342585515,0.7775985520269062,0.7443342395227219,0.828578581277819,0.910731428984006,0.3361104831870587,0.8154606483697029,0.8299912235828617,0.9436058870603391
90,0.938523354761007,1.020441022098158,1.0182696541746947,1.062930948117144,1.1733068475936101,0.7929814489962996,0.7933049410511004,0.8331944181213206,0.8026458706491234,0.9362954761187262,0.5912681589543483,0.5403138581096317,0.6041017924713679,0.6998396075539769,0.6612769670394167,0.4459378980302107,0.36126256331067097,0.4080261694268699,0.45299364442605344,0.5680338144027072,0.48683431681830563,0.4852756906178689,0.4902318315738228,0.5698648063407734,0.5846552026429725,0.7035633712607801,0.776175716414118,0.7375771965768564,0.7711665710436681,0.7816613730198592,0.8586201769375066,0.3786004775818565,0.7163824592401179,0.8608016347884874,0.985959277197918
91,1.0058027809713797,0.9822952523842523,1.047827050749779,1.2183228764210048,0.9188618666340651,0.696989736887524,0.7482789067670041,0.7953239888288369,0.9115581192074423,0.8626396139565399,0.5381208804705753,0.46215103590133816,0.5311650821640177,0.6686894152107351,0.6338592773349851,0.43195818458845103,0.298897484112967,0.40813333001271046,0.4845424239587423,0.45333313533630815,0.45327784804097093,0.4646137070311726,0.5034191263118256,0.674837649330832,0.5688714169697586,0.7175896624418905,0.7617979069317845,0.7451307155833233,0.7658909162102747,0.7116856852200839,0.8028765605400979,0.3956585780776655,0.7692802989785938,0.9374911477324666,0.9352112925123806
92,0.9270737400353186,1.0416696351591508,1.0726180090357216,1.1278217968753248,1.071836234058392,0.7964301250379658,0.7954603268422669,0.827290239139679,0.8761325518685178,0.9070246089060698,0.511270077386643,0.4728603515292847,0.5923817520931675,0.6648902441842356,0.729468841518547,0.49054230726991443,0.3376566214701837,0.4649350688028264,0.44845778881836895,0.6281712250262751,0.5117696924506591,0.4775999921109152,0.5783529094169757,0.5997663684616703,0.6322757486208062,0.7432152125038792,0.7260264711393158,0.7220492314458828,0.7940250062462558,0.8729076971759906,0.8246820697698243,0.3673355174629891,0.8153167718609444,0.9721907772242993,1.0685964381538233
93,1.0472485506457194,1.0811130710993193,1.181206748556669,1.0442144108941749,1.0106624438070075,0.7296571979626001,0.8290101167344317,0.8541334139270136,0.8917569685031488,0.7851511377372955,0.5147501083281358,0.4816960300458446,0.5339778220920911,0.6306884821983314,0.639574081908673,0.43652160530180595,0.3598708947859015,0.43300371432319523,0.41143101933976034,0.47167137659556746,0.48948908764766397,0.5826618172041936,0.5247811894977481,0.587940930971389,0.5271104335288515,0.7307325061839928,0.8035819366005796,0.6882614293055616,0.7605318265997819,0.617643102473013,0.9399452315553516,0.4004652857865405,0.8843086774892561,0.9360369892164728,0.8711609222259038
94,1.0108674841855005,1.0294827496780135,1.1147021447980427,1.2679945569020186,1.0489586086588443,0.7521105491326394,0.8118955709090049,0.8126960060662753,0.862532988849764,0.8199836773899889,0.4995230806338386,0.45734847557188163,0.5562252988704499,0.6641213046434844,0.6577642694700608,0.4917855098243305,0.3419948973439186,0.41273277259269653,0.46567691695607727,0.452085512432878,0.5327960282107272,0.5202513105115791,0.5760601099599044,0.5761795975552982,0.5113075045095913,0.7499833285820567,0.7114504839469111,0.6459629435142782,0.7948541457716092,0.7647625330127202,0.8612624649444044,0.3872028811161987,0.7548632359059075,0.9345291408384749,0.8912596537072844
95,0.8399061734442953,1.0132137157738936,1.098585502130324,1.0651342120549372,1.1282404762080962,0.6727126743279086,0.7265640708932528,0.7811543529558914,0.8255454383276118,0.7932103658333556,0.5514728162375018,0.3555589641310333,0.5845460050179823,0.6521411282181199,0.6387874768384249,0.41879902828044874,0.38078718990110977,0.41006724948247897,0.4779204251440746,0.47520594817016826,0.4767186923911384,0.4811027164729236,0.49700689060222536,0.5558062159436751,0.5811091983451229,0.7522340856649717,0.6948167916132764,0.6617805202719942,0.8249332734569202,0.7363813464228943,0.7935624451880793,0.37891552179900667,0.8103342548275113,0.9662738605982459,0.839780499958501
96,1.0244371693875554,1.0222625367383724,1.040088569153293,1.11746776077565,1.0848428017958827,0.8498971415636303,0.804619977967445,0.8366777313526171,0.8149604581224786,0.8628479044342049,0.5039453405776747,0.3818973064928157,0.5626805374835976,0.6373629365437007,0.6512748178973647,0.4695365837342189,0.3774130732815667,0.4015362817924818,0.39200451174387735,0.4733771428586114,0.47734904303606135,0.4627273339411459,0.5192637632316951,0.5468184312181309,0.5310856926522427,0.7846330028380872,0.7566357369769113,0.671338566216864,0.7605366327108525,0.6738752630808058,0.8625138392130058,0.3269636757157117,0.836672693877714,0.8851771859427983,0.8962526048606269
97,0.9025681353542531,1.0188787446165293,1.1776200441349272,1.0166169461690133,1.097443745616828,0.8186674639458165,0.7778448102229537,0.8118322650931709,0.8583957577591186,0.8746947493484988,0.5329252270660239,0.40814376357297116,0.5623324105073614,0.5835105247927523,0.6413395764206777,0.46380210629551505,0.40307780698087625,0.41812543694432136,0.43886353846339804,0.5085848676890018,0.5099703153362326,0.526964017792977,0.5402710573572692,0.6105693858941865,0.49718629279232407,0.7962779395059695,0.7132092340756917,0.6897180921227176,0.750521985242102,0.7753802721255019,0.8793887330757508,0.343899445915335,0.8103250708584214,0.8980391512697726,0.8524746692501369
98,0.8827037028712308,1.1527770680974305,1.0466741774823012,1.0068819576638732,1.0317453866249395,0.6999300606283172,0.8370137510650649,0.7665061710368462,0.8605581403452733,0.8974094820660843,0.4823562616137843,0.5036361355249704,0.5722264976097635,0.6307087530601267,0.6303079458897007,0.4865710851964352,0.4389211458109593,0.40928257782897204,0.4631526198743741,0.505821001663044,0.4902692972268895,0.6114342853777386,0.5266396181674822,0.5920512615116178,0.47404110494113827,0.7490871852045446,0.8363772933442039,0.6674405832914477,0.8312942106874883,0.7236858837769335,0.8759660711734567,0.44142921010148173,0.7447246311501283,0.9232440016104022,0.9066227205358524
99,0.9273984217903914,1.1115062895162227,1.1368202344607379,1.0339988088075447,1.0786674248793082,0.6116093248344009,0.8784854015079058,0.8009549423794834,0.8914425038973973,0.9509585066534081,0.4953174235793224,0.42198336569579464,0.5876640036636107,0.6643844710240208,0.639825517006541,0.43728944994927044,0.42119722056358694,0.4479601828711539,0.4497702080464944,0.5004795254427334,0.46553897201672223,0.5247236894638754,0.5553010552847959,0.5191065234719789,0.46750583815559643,0.6901655243897131,0.7418984846029693,0.7785527912024885,0.6972210414424326,0.8055259996263895,0.7730765975369669,0.4194773878766751,0.8814357937095163,0.9271605085563441,0.9137956340287114
100,0.9463955188470606,1.0060221534161071,1.0640359314623753,1.1526321063488116,1.1089426735083245,0.7978462808962841,0.6923437477904802,0.9087700099983695,0.8261337253437422,0.9123778285015418,0.571869552931531,0.4592688608998495,0.6071475718430532,0.6395857827314227,0.5873913548127998,0.5071286369705101,0.3675146302712681,0.46781893581368983,0.5054565169140741,0.5528061957360506,0.5745444145626226,0.5581646384471484,0.496634418589598,0.5560113274914851,0.4874182063833331,0.8009590595553621,0.753630287243528,0.7634572166811047,0.7365278540680386,0.7116390571625812,0.9304966946576851,0.34416752525635796,0.9194870628694176,0.8912600988651291,0.8794769621929122
101,0.9469696177026882,0.8562521451853291,1.073958308906392,1.146707160796292,1.0252086074295028,0.7777786426040426,0.6630996914278602,0.9272604532005272,0.7407456685268005,0.9266074107932236,0.4767996646342089,0.4495035425689969,0.6225741324122698,0.5850029631290672,0.6247901342184474,0.4006925070213951,0.35856137897049223,0.4106145590697347,0.4528071714374374,0.5190340298638192,0.5042728739146489,0.43241629968069095,0.5435285766322442,0.6243261331899155,0.46732664368334376,0.7513490575187263,0.6169598616087485,0.745477229075412,0.7408378527500055,0.7189625251304192,0.8971717556473304,0.32768215251338073,0.9190163324013148,0.8650073415294592,0.841579754589297
102,0.9375831885615922,1.0678616990652503,1.2022829746074488,1.0870841338144077,1.020894267214737,0.7821439778171122,0.6787400342223714,0.8674465068811763,0.8361226630780367,0.9091236311230343,0.5611610677109649,0.39935981963062916,0.5814137607123703,0.649210171429254,0.7040413118346858,0.4219031561631003,0.3840235852898411,0.3512559317030372,0.42401285853460685,0.4990181587196513,0.5321931646913909,0.4987361307750343,0.6110726765797173,0.5559235374821377,0.5286158388547461,0.8433319821376059,0.6580295111519078,0.8189728930208539,0.7009814595025079,0.7968521185630533,0.8763731428464978,0.3549154232139974,0.9344569384991311,0.8741739510407657,0.9037128379074595
103,0.8758535889462136,0.9459057160165906,1.1549990995684858,1.0129024221747045,1.1539956253215857,0.6452299801840788,0.752158055854165,0.964207372440042,0.8851896199590286,0.9030294822731845,0.4413845964116856,0.39144306796319767,0.6597465711520479,0.5991703457952577,0.6084104175149172,0.3843182087079962,0.33740032408505394,0.40228549262243424,0.45940474801232833,0.46538328073069146,0.4859498959981218,0.5416728007103805,0.5913799833414446,0.5404702224290385,0.45854764390470004,0.7707233171603192,0.6797842041475632,0.79980171412211,0.676860924178386,0.6467066707680456,0.8181795606898903,0.3319266390782398,0.9015173069422381,0.8573369324822582,0.8833264497339861
104,1.0533885147927735,1.2270241598563558,1.0163090384121674,1.1459610066141508,1.0929369268726579,0.8341966299601441,0.7989310439092625,0.8000228879696102,0.8218804244547985,1.000691980178357,0.5795672737376482,0.47972821713257413,0.5512817518542945,0.6583890174226308,0.6289043660077913,0.4395123384473806,0.41769866976118675,0.311613996208386,0.4824166981038339,0.5246012688297564,0.5256723827265772,0.6144197871116193,0.4886000207711012,0.6396264965014717,0.48965256488298536,0.758596024453176,0.803334168141744,0.6948191902483749,0.8104072811639021,0.7941762715345635,0.8460446028314714,0.4128702517834806,0.6582009316710762,0.9150191281875137,0.9169204585653747
105,1.0203716617550715,0.9344235216772072,0.9643699842929275,1.028639476145638,1.186491168073266,0.8124609676949652,0.7642554991447361,0.9243191302438287,0.8286176536577106,0.793809638535512,0.5548286644091551,0.45729856068705965,0.647353117459065,0.554670801390535,0.5724429286617158,0.45303546593614885,0.3803714892884036,0.39777989204495845,0.42058396908439116,0.4355506946820955,0.5326928541743081,0.5757822068707821,0.5727049834295415,0.5862887611673797,0.46590174473525603,0.8389586666439043,0.7476946355558854,0.7066742752793774,0.6654415619006753,0.7473670200677083,0.8597884888342144,0.3557186054980229,0.7387725105890808,0.8363851082438833,0.8556314757180117
106,1.0310707682084996,1.024044310074208,1.225576090156081,1.0416420031369724,1.1339196024543905,0.7788353802665923,0.8197983174057897,0.9104984905164133,0.9113448212821937,0.9030670755497057,0.5626495874335844,0.5250781716704322,0.6514321617334577,0.6605384315283938,0.6782370260566465,0.46906968049831776,0.4398851877358753,0.5042507357333132,0.5551242007703596,0.48332609968422136,0.5750021852290854,0.5502493298876846,0.620626204870926,0.5478883823166119,0.5840514608788541,0.822779434811878,0.7863463270053365,0.7667936036781725,0.672884427200326,0.7275585563652314,0.8331084236386976,0.379537585204215,0.9154635780278222,0.8662557280867753,0.8300304769374662
107,0.9338011917398624,1.0351392756814224,1.1622919911664606,1.0493533553116798,1.1217951891830882,0.5652212692081251,0.8339315959876339,0.9439898938033597,0.8645946529996873,0.9040379052884612,0.5120934421496537,0.4401506116989587,0.6668459811395006,0.6068169143435991,0.702722334360234,0.38489940494273334,0.43467149204937955,0.47537207192836783,0.45588041901566023,0.5081679653059712,0.5824777768160474,0.6070449110370536,0.5215063071351627,0.5654212900001735,0.5951058132030883,0.6985381795074115,0.693106596733263,0.7775957132502623,0.7340104733434525,0.7866466659351394,0.7682537973290358,0.36419729387636546,0.811749459872442,0.9082158072840919,0.9430785751263735
108,1.0195055175594834,1.0818473213141369,1.0938111415690188,1.0029726444075964,1.0123803797769162,0.7926533135626801,0.7879435227321698,0.8843608841991646,0.8839455522061905,0.8677569083540473,0.6031924065909459,0.4177010113740843,0.6286557729104665,0.7218775222442282,0.668659990193033,0.4271393389414704,0.43219747324383373,0.45201020468920017,0.5816385718689343,0.47568989810332035,0.5620184457615325,0.589892008449313,0.4941633297808214,0.5910014638904031,0.524105605423899,0.7562192271738029,0.742675265683146,0.7254600790503105,0.7982280545791339,0.7229526506147166,0.8656181783088519,0.3895437405706899,0.8259782683362711,0.8703931723253971,0.9234075011007838
109,0.9953496481030623,1.0018983501489094,1.036154913802588,1.131534257272516,1.1009470527108798,0.8876319644004484,0.7733115545766517,0.8787774904767911,0.946004093871895,1.0589563392825583,0.6023491677481123,0.3382466171563101,0.5376399882090181,0.7090521577663677,0.734762370178982,0.4550212990753996,0.4168347791274413,0.4461810808936649,0.5761318741712219,0.59378209631119,0.5952379705881847,0.6156089978562014,0.5252755794256657,0.6220039874917899,0.5946888149735959,0.8279893428968994,0.7784781405233576,0.7333588472820667,0.8310420088588071,0.8787984762349192,0.8603003195832788,0.40281075892461427,0.8950811079268586,0.9973083229776313,1.1141276841904588
110,1.0571889236462328,1.1772266880666695,1.1311017078270016,1.056329022665133,1.1038493287738704,0.8908468228736377,0.8159898103196359,0.8926957445788124,0.8167848217734726,0.9363895676562749,0.6414762996236578,0.4346711312484544,0.6220867994771748,0.633657079055082,0.5981595215188733,0.4514037728086045,0.4104047476810911,0.46686273454959926,0.4946908219080467,0.5108333403659808,0.5470080828476249,0.6881142961054554,0.48445232746625644,0.5145402025110623,0.5681562322084918,0.7911072196623425,0.7541960871465181,0.7164748734282214,0.754268075620655,0.74385972786659,0.8159773547854963,0.4127302985765102,0.8023930627855596,0.7915513769630156,0.9070801612756171
111,1.1890875507681586,0.9420912287990708,1.1444347275126652,1.0897429895414257,1.2062550935621814,0.8688306025103473,0.8766351722795719,0.9173395145828243,0.8605369352261356,0.9806918025769328,0.6193828361500564,0.4872025725399053,0.6910050405115713,0.6313768548009796,0.6798744318644241,0.4629974117226927,0.4302350857245025,0.5166103216488995,0.49120858792549205,0.5433081266827613,0.614389510430273,0.6110681339053379,0.5570922770648923,0.5902513211538332,0.526400432268987,0.8528034180022205,0.7067986299778037,0.779334835174723,0.7693060798039987,0.8816653499131596,0.9021883151167875,0.4122323586208779,0.8760657387160852,0.9259319047193555,1.0022464989896158
112,1.0025761997401774,1.1111749883031747,1.1410904118023484,1.0474533239850272,0.973093384708976,0.7787633230745286,0.7709549032979405,0.8785228979855882,0.8714914004163241,0.8481156850134544,0.5349461642993366,0.4181434267293713,0.6386660412650732,0.5945813623257271,0.6334037575026044,0.4417284228183357,0.426645755898852,0.5100682530077727,0.47479535936325395,0.5134319488107815,0.5616619195209409,0.6396173002273223,0.5987826311145783,0.5864140527990556,0.5086437259011423,0.804077186808853,0.7937270600937004,0.7166635390278002,0.7253760734820942,0.7190364749037945,0.8515669741861249,0.42645744926649776,0.9341060574380484,0.8260779771697462,0.9260834783408666
113,1.1196877210722418,0.9156984671352597,0.9832396552126094,1.0614834771281607,1.144161946724779,0.8860982432265501,0.8307342489977967,0.8680158476742457,0.8441408898634191,0.9667220634521694,0.6253853852026514,0.5413857668917834,0.5914328487779557,0.6499892216679857,0.7056488310319253,0.4932506814017153,0.41631442623617976,0.49003086546956054,0.48167737887628503,0.4974186363132207,0.6845982251502734,0.6169895650992667,0.5150288403184348,0.5425293680663015,0.524331657773639,0.8533652252988149,0.7456803807601735,0.6473863589775751,0.7089628619260016,0.7389133033902511,0.8697110005164661,0.37875159404922454,0.801833968910882,0.9018865069922903,0.9279590301544373
114,0.9889078679624294,1.0092435426923587,1.1784622256579946,1.1628339662310505,0.9711721162673901,0.8046042446185331,0.8505169377069329,0.9378854781609849,0.9155731167420778,0.8293870518149145,0.47167126529292736,0.4545139771554566,0.6049678000328409,0.710416248588219,0.5923414563645664,0.44591813113343143,0.36815596040506426,0.5152694386121309,0.5721803452681296,0.4639187659638788,0.5425760649572824,0.5202607871539042,0.5793492200288285,0.6540050729292686,0.5082564258009477,0.8142031456183942,0.7463266103990104,0.7796506253194742,0.7790569166398813,0.7505659395332374,0.8733639930095837,0.3834714169177863,0.8710296977586549,0.967060428842739,0.8670972403233369
115,0.9781394080416097,0.9454939422338984,1.0237195961037342,1.112868453863228,1.176152269265885,0.7290908216361315,0.7330596870275865,0.8478477054024502,0.9125716312679412,0.9097812436186534,0.5939650141154489,0.44985792899068966,0.6063057147614279,0.6467305086255168,0.7351916998636797,0.44625322159042546,0.40094882023933615,0.4562752989350373,0.47465093127810554,0.4873433694417009,0.5845243621577096,0.502176137306773,0.6201995166674998,0.5862622097325381,0.4741348108452548,0.855099555373001,0.7245861956304751,0.6891609719246847,0.7728911179525148,0.8694913176045386,0.791121369013838,0.37872407532493124,0.8693345222567452,0.9308955397411263,1.0293893540694574
116,1.142809438252201,1.0814173482482685,1.0769303104562926,0.9756762757423804,1.1155372574940847,0.9219374715872876,0.8965458683409816,0.8458872123206541,0.8512781126301593,0.9080378999490093,0.6076013155685298,0.4972895528962275,0.5355569460962115,0.7069326846311611,0.5563082763504121,0.505216185592466,0.43418231232982146,0.4529339820908684,0.5622770510261121,0.5227034869474514,0.6123892029451541,0.5600266051312499,0.5574009714612793,0.6169491390143191,0.5124514201032223,0.8506512408847838,0.7574886868463251,0.6895562842882579,0.7593333384021286,0.7812101783661471,0.868455840721035,0.39678469365378843,0.7908748059084835,0.8388073535612713,0.9095449488021237
117,1.0430179897043297,1.1239071051942155,1.019630275389681,0.9852513399931841,1.1632087582937412,0.768785388277587,0.9281097033699923,0.906470243768542,0.8177479071660431,0.8828407575880961,0.5533833476523128,0.5206798946491631,0.6014736151781082,0.6355497202761716,0.6614808097206927,0.4939800391179128,0.46969913547965725,0.4800864541826153,0.5136316161160388,0.47600089348524394,0.6197394470285909,0.610220324840302,0.5140843360870266,0.49259135386154984,0.5327678150883556,0.819471110752072,0.8320531305513823,0.6820906334827181,0.7365218329177078,0.8688614960808625,0.7750823985862394,0.4201922579565362,0.8379459226252345,0.7669880150960584,0.9393026350170316
118,1.0973479232991057,1.0139526373904806,1.088774910061412,1.0433752765836701,1.2576083247495229,0.7920382713745331,0.8152152507012702,0.8537666811861233,0.9324045992496448,0.925550881858636,0.561978342825824,0.5183500586849848,0.6100015854847884,0.675534013961818,0.6100601589647491,0.5022168583527052,0.4014632438784169,0.47146283045567305,0.5145282041635626,0.5384996916467462,0.5882282968110709,0.5604876803566307,0.5030829426768793,0.6321455619807868,0.5286782463372512,0.9049834014126301,0.7854539384146568,0.6123553506273296,0.7246603828199083,0.807475494767128,0.8242048399435848,0.4239057032600354,0.8482105934918237,0.9067606085870643,0.9655337703014046
119,1.1900159009421192,1.0649662018510642,0.9831855713037311,1.062245696254219,1.0308992242550792,0.9213538227625706,0.7481106138464386,0.8339046331534171,0.8571118544590882,0.9320299488757197,0.6226436992374391,0.49873653901446824,0.6135329081496863,0.6660161562087439,0.6284962227908679,0.5211093391760687,0.4039392572784608,0.5313430220927269,0.5060124094630858,0.5026997732620069,0.6111201076398145,0.4837251969573504,0.5332575493071212,0.595675642685031,0.5408387222827855,0.9399639205974737,0.7359830794009363,0.6894837234550544,0.7775385071593424,0.8138380608882603,0.9534193224860208,0.37807674583969775,0.9019305413339027,0.9027544336076422,0.8883670197683927
120,1.2184708096226933,1.102503534807571,1.003851924266807,1.0116504789500123,1.1329313778549612,0.7600431931758329,0.8543643299926265,0.7620724804261492,0.931487367889261,0.9458765322395019,0.5794313896233991,0.5523878969076392,0.5171560811047258,0.6049457944312318,0.6678689246892634,0.4607558274290282,0.5514796659034995,0.43106822060757455,0.4882540782500038,0.518961875009113,0.6382102668477094,0.5824193641333918,0.49357701929357606,0.6135481843236884,0.5041586556907298,0.8817274549857645,0.814286677500754,0.6779300342112735,0.7050833477670228,0.8123229262296867,0.9601426088946314,0.40781724668331465,0.8112646069138465,0.9456964109646213,0.9361916961690557
121,1.1727838919688758,1.0234643883736028,0.967775462493301,0.9682201017138321,1.1093274799995707,0.7269464588731187,0.8557433312335168,0.8289102604666743,0.8053847857340424,0.9156864146471045,0.5760712805455289,0.5867729839934872,0.5800589943005541,0.6103760666568289,0.627774724787742,0.45833544566491136,0.4363000935607913,0.43366348148726563,0.5073061736431068,0.49459687239649675,0.557311008329345,0.652228861567405,0.4933016850312547,0.6810841589994505,0.5156670037532696,0.8751142026713605,0.7653426590827668,0.5714513890145831,0.7239657261597767,0.691013215357291,0.8011483132828339,0.386824509805348,0.8380764900839721,0.8861479041648154,0.8843889576252387
122,1.1166018160158033,1.1201864244131254,1.091737142489954,1.1175883950283834,0.9947321008498988,0.8070203663224229,0.837796800366862,0.9359078634480372,0.8651714374394954,0.8893634548354853,0.5292060627024227,0.5684540369677127,0.6248534270147703,0.6601334031973066,0.6323652306578444,0.4796929658903433,0.4012525528650595,0.5095457968588606,0.49103934776393166,0.4681366066624658,0.5421745471171222,0.5273641327190025,0.5668389186077016,0.6460881724463694,0.48788083414734074,0.8050295056449392,0.7231114314781861,0.557369295600991,0.7187048887145381,0.6536023384968176,0.850795092878526,0.41465644593623996,0.8231420141709932,0.9094068265566775,0.970963019533694
123,1.1363761546168605,1.0331714492152146,1.0205079432348287,1.149220283612832,1.1230162793868512,0.7379762607727067,0.8406735493272329,0.8661721051288196,0.8672804918277672,0.8302868817611821,0.5920379539211167,0.5765342855247351,0.6322093205819208,0.6510692573655601,0.6641407438016582,0.5123078280779891,0.4913072678973379,0.5033225753268256,0.4771473875177108,0.4979985052058227,0.5253998802551552,0.5721110518489403,0.5851353832894048,0.6253887371158067,0.487678943250496,0.8893662384075043,0.7168359615837285,0.6530429750689346,0.6306855957249946,0.7030817973086811,0.8414425727747867,0.40568795935774676,0.7936304678360746,0.8477704843539586,0.9860672323698183
124,1.042836205995739,1.1372696416708932,0.9657247644902518,1.019151656868724,1.1357775513744635,0.7618842105705649,0.8075504153619375,0.8305850116815244,0.7782257627994116,1.032580629320786,0.5835441024589808,0.5206957187215157,0.5783284272351218,0.5215061653525626,0.6371694414262754,0.4595126406558273,0.4575228022969158,0.4514273988139622,0.43608394994814925,0.5154921491726696,0.5289841509198336,0.5247630494248772,0.4813516316381936,0.5491743596833669,0.4688173906295386,0.8144731711552677,0.7748903093170523,0.546572271621957,0.6590579814793076,0.7204730434284532,0.8675745972878083,0.346449244190001,0.7977692218496637,0.8428503024505867,0.904995968248747
125,1.0383502960288817,1.1038740226114268,1.1984124063062196,1.140162854802774,1.1795207613595589,0.7735987388543195,0.8451573717745493,0.8513002226383741,0.8542577818926965,0.9000578234313719,0.6431249678811791,0.5887951449220864,0.6219870725675767,0.593321701891059,0.6306267302131778,0.5275865142727328,0.4528480361572735,0.54312139005703,0.47824218034058974,0.5364231033421272,0.5968542842305407,0.6186604320699478,0.603360508060508,0.6372886726613125,0.5074872458358929,0.8202889011314967,0.7684949785595252,0.6334378362165431,0.7534740255875412,0.8198757051250437,0.842485484569962,0.36234279339126596,0.8575704045410418,0.9177456417953453,0.9198604822479919
126,1.0890506088268925,0.9402182851211625,1.2054989193681362,1.0727836598170528,1.2376779372125735,0.733127062075621,0.7490885402772973,0.8520624102497283,0.8234318282996089,0.9377652356339268,0.520290716369603,0.5056308307969266,0.6370932818022765,0.5964975309954228,0.6661660006878432,0.4220085541581462,0.3970493260411187,0.5389618199406598,0.4722956894063831,0.47866494435921175,0.5843327378719324,0.5825990201454841,0.5787029947654846,0.5807382757444782,0.5801499255810592,0.7448103955278688,0.6997731469689326,0.7798852315964331,0.6352927274478224,0.6645018432600901,0.7739065189044406,0.37536280880788875,0.857679601548279,0.8266127854646578,0.9528709069126282
127,0.9876169888796141,1.1171827281657194,1.0567335623150838,1.0352120106956908,1.0367478686694684,0.7174196307723659,0.7913506177251333,0.8054721535327163,0.7119368363150318,0.915719887534248,0.5149853778680441,0.5200384565991844,0.573743449670112,0.5707004117765726,0.6469684595761576,0.4425523807032187,0.40506939629338284,0.5163649276110978,0.48427146074660576,0.5378738492068258,0.5599182303426746,0.5630556562307324,0.5331799941670643,0.6322265346011725,0.4546902389884511,0.7345076923469275,0.7820379914156803,0.6821647316057786,0.7123924174806647,0.7404147966652406,0.7730207444340176,0.41434507363090156,0.8332413214163655,0.8653500905569096,0.9423996076594664
128,0.944515221452791,1.092721332651711,0.9874472234101797,1.1108390350156938,1.0467085845074102,0.7413728342380854,0.8028339530233222,0.7803383908644266,0.861625290009873,0.9334017652552031,0.5791310144783524,0.567349561388783,0.5754027925292615,0.6834309756399255,0.6030675458197835,0.4669373245581917,0.4159403456308418,0.5275606366235007,0.4955841763676303,0.4885406537088658,0.5642719947702417,0.537344642870758,0.5611688961784642,0.6624717640158542,0.45846837283965913,0.8012794431426336,0.7475250880958049,0.6519303034268378,0.7563935266915431,0.7691375038159867,0.8220637947893497,0.42287655830417287,0.8483867845936643,0.8795412393221163,0.8540703596260917
129,1.0076718748358466,1.0608729962301624,0.9230730952224911,0.9377252999380399,1.1003455748012931,0.8068823790741972,0.8461075905219486,0.8538754035074256,0.8971052876686215,0.9026920429435079,0.5301463392151087,0.5338828893480135,0.5398383847637986,0.5887716742859862,0.6822108478526829,0.43907687434336096,0.38721404486175187,0.43140649599936665,0.484146667068712,0.5038118076457183,0.5317265365444928,0.5780049135940128,0.4518443248044622,0.6145828414608108,0.4724509272425204,0.8648430991868649,0.8068071710362723,0.570811991720583,0.7107219371502975,0.7381267380543524,0.8399343574873712,0.4066953180757349,0.7824747427259006,0.7381121956586779,0.876775631695925
130,1.0661871446137172,1.1354470514882413,1.0074938178518007,0.9130244067978737,0.97083653676036,0.7183582427880704,0.8279684448040072,0.8705024945576556,0.900208375666991,0.7662191809109625,0.5551100787371903,0.566764058647139,0.59652830797661,0.6344407803563887,0.5758084775970572,0.43612459461399766,0.44013657638119624,0.48173745383933186,0.47165123736090375,0.48115021982387307,0.5568185975606622,0.6467350450215452,0.5105110536346513,0.6387049649438766,0.4458335686266167,0.7771171173018053,0.7722859849960739,0.6174562472337719,0.6921955791291721,0.6950859597189407,0.8413983079639361,0.40404936135765435,0.7763096721803265,0.8967875548973573,0.7948385196852483
131,1.1072143912128185,1.003583254049777,1.0318539990504967,1.037652630061097,1.0773990545624021,0.7035756141187406,0.7532984617740528,0.7864650339619422,0.9510035320998992,0.8699623099898588,0.5876069899119856,0.5717318233529529,0.5246037756386589,0.6135273879912473,0.6554893774828571,0.4919981702752457,0.40771897457405615,0.5003305240873757,0.5263956571583954,0.48285872461879636,0.500336496516646,0.6411449681368084,0.47191449328649426,0.6760630817649331,0.49561862923305267,0.7397995285644996,0.7070063862176658,0.6190392792333776,0.7877475889956528,0.7941950891749052,0.8367088167033797,0.3960152963918609,0.8087268999146767,0.8413122521964905,0.9083818753910406
132,1.1053069942178892,1.1071884353792445,1.0508636843375418,0.9684662494431904,1.0066032266321827,0.8688884775215907,0.7706596814240667,0.7708037430359449,0.8069765865602928,0.8762006620518883,0.6618436626273649,0.6502020694186174,0.5594328165563439,0.6083765850614054,0.5998579910992661,0.4992930462583215,0.48012935998364453,0.5228257005732844,0.48227058671217743,0.5152190243287481,0.5025763006963894,0.6565716449995151,0.5125425696487937,0.5786571621992539,0.49242881252836224,0.855868998167204,0.8002497799885326,0.6340799138727075,0.7077409214736349,0.765816494709777,0.8759662216345411,0.3833690552840848,0.8834536582619696,0.697729158396931,0.8602090543790958
133,1.0235984800342508,1.0982626490540066,0.8489930938996036,1.0331748530193643,1.0736742139056066,0.768815417262033,0.8094765836311166,0.8355915243578705,0.9513104998874709,0.8495997887216062,0.6053613237243752,0.5515237431264137,0.617786904019962,0.6568374009013361,0.6433508759201173,0.43689460479762376,0.38492313793004596,0.4980797676343822,0.4522678226580899,0.5084844092085276,0.5074454110858903,0.5703522876448655,0.4556345711088946,0.6369664513847321,0.4174081197540878,0.8515293235194628,0.7604721831969559,0.5287742334576367,0.6993645537856349,0.7274774240133732,0.9139375350264134,0.37380901320271814,0.7583468810629834,0.8527428766111654,0.8599083925698928
134,1.006084162568568,1.2124255531213581,0.998520135786995,0.9936094352757553,1.0051626679738521,0.7584113922207134,0.8119344706012885,0.7920450279675754,0.8010876924307471,0.8558063660178921,0.536372481654656,0.6026875494570512,0.5746380191863392,0.581202728951101,0.6569679942010216,0.470093677128506,0.4633158828070605,0.48382664126060176,0.4220817492519551,0.5563946680727976,0.5066161807804707,0.7079289043870205,0.5443349988145236,0.6020149904966798,0.4077578647288542,0.7756532325320081,0.7662480767287834,0.5695438680493485,0.6504148402666408,0.8323616723916816,0.8486711318281953,0.4269984280142547,0.9066138849878542,0.8016894458621389,0.8443325881936733
135,1.1958350420844432,0.9184609081427055,1.059768042720028,0.9211887569023474,1.1401431485296052,0.8251421195403394,0.7610061345296723,0.8901143704431664,0.8396931424188661,0.9611843165949692,0.6147748768315529,0.5561421681973164,0.6586233750051846,0.6258460109241032,0.7073390614107674,0.46214912021633014,0.38662757373438217,0.5652624052461332,0.4570130088524809,0.5465209645089951,0.6284287067518107,0.5946871009341501,0.5138810701127383,0.6279329602042519,0.5842604153239952,0.861675309797381,0.6170545768999216,0.6041835913073057,0.7333297543894096,0.8986799608167262,0.9224686732554741,0.3753028489257725,0.8961546534469442,0.7849835527264454,0.8994657413262976
136,0.9598486893287419,1.009220298406888,1.0734660035418817,1.0976699068979605,0.9958904553521456,0.7185991024291292,0.8250524216338011,0.7310904727039049,0.9433530742363269,0.8175268915018777,0.633407791627781,0.4882386442551262,0.6238279859866083,0.6913306096064529,0.5455898099108307,0.41507999481245517,0.3820936069160197,0.48344009736395055,0.46764629562543325,0.4383007787078681,0.5495596455302068,0.5460737319887936,0.49136724556329775,0.695083311250723,0.5013475525832178,0.7921330571843405,0.6340640543302534,0.5534069573169347,0.7523190353601896,0.7323198886027318,0.8575010085112615,0.30586145700142375,0.8684771025312061,0.9586061380386948,0.842906409248216
137,0.977478262492021,1.0665113149788583,1.0964923164368185,0.8971806440142823,0.9082528252857867,0.7867806274499598,0.759961117304822,0.8758316519934044,0.8461312156643446,0.7900671132169685,0.5923110112263827,0.5284551089405176,0.6994327769332149,0.6233775503339565,0.5602120080290003,0.47077492093120005,0.42112670880776837,0.5843934364524215,0.4521638965255817,0.4573972459717197,0.5485457342831466,0.6272776548227037,0.5543471773473749,0.6353206470166317,0.49298190447267143,0.8632778929577924,0.743054497675617,0.7269733373343596,0.6681739525033512,0.7350505678248503,0.7780472389104076,0.3669733399398156,0.9649405470465093,0.8218975042778,0.8631107805355303
138,1.1738596822571097,1.1006392479072309,1.0928371338429783,1.0268205537640498,1.107269520859911,0.8800540099895258,0.8138848534410964,0.8608557663609295,0.8989256689610365,0.8670158514491142,0.6493802471117827,0.623775149530476,0.6851971505817025,0.6727499655928506,0.5992977766170327,0.5546704589772422,0.40975353051590113,0.6140033978258277,0.46301740807404157,0.5126765405949791,0.5485665209715317,0.6480733917466677,0.47694275537085484,0.6491231824819119,0.5346623619920953,0.931885931085244,0.7635344316244386,0.6346988476106633,0.7366238011374511,0.7279634752710172,0.8643727158830674,0.42204461403671933,0.9513060354349292,0.931466951465709,0.9315032337231481
139,1.1358789116737171,1.1666135635459844,1.1536302215949426,1.057304642125476,1.0154210565452395,0.8406144138066775,0.8817377479307402,0.9318201872603116,0.9270605256743307,0.8520643171584441,0.6621729860546045,0.5969880067487723,0.6728829527946754,0.7352254556334299,0.5875181437638336,0.5207299934535621,0.43858899139607904,0.5232087534946246,0.48782199238054835,0.4678299347010057,0.6314912233857128,0.6786619496431687,0.5779622895029712,0.660847654320906,0.5478642599887353,0.9561623551488351,0.7956595782488299,0.7884568006608929,0.7578747973068913,0.7685674989424349,0.9132450733141746,0.3817009775963687,1.0110288495803974,0.9246348007188112,0.8217646912456071
140,1.052785926031094,1.0357366937634185,0.995144571038849,1.0814601771895909,1.1888660098440536,0.8186415154584894,0.8431413375336534,0.7554199905695471,0.8909875930706912,0.8800219432881525,0.5666966267373021,0.6121796868466297,0.6126634771770003,0.6817978691188731,0.5769489294016601,0.5185159847524525,0.4190142636109408,0.5217165720110328,0.45082578951420094,0.5175938175608661,0.5803136510357263,0.6327112671465511,0.3975586839824154,0.5267001945205017,0.5730062978311808,0.7539919275380602,0.680299004103478,0.5552152854130489,0.7470735507003644,0.8157382696473872,0.7940499438658367,0.36036941580019355,0.8656271296072128,0.9411322516223464,0.9226214387245445
141,0.9512183260247922,1.190011386142256,1.1093841255155907,0.9751535880796416,1.0210463028531216,0.7128796177878471,0.8896115127727313,0.8808138832104766,0.8882723467804894,0.8291876043241622,0.5705411259704747,0.6646839401209302,0.7228601538918153,0.638641166668105,0.5461707324312369,0.4494822327196331,0.42016264082387084,0.5724457289594943,0.4523051249781936,0.44839288673032973,0.5232968797395728,0.6573269640340893,0.49083820549693397,0.5822037983258367,0.590655410249074,0.6744877931690477,0.7305032392992539,0.6330617717233,0.640215990007895,0.7976921633897258,0.755271558977733,0.3856854880971743,0.9478401448061939,0.8803601580908584,0.8268342270240938
142,1.007483701347385,1.024553764150749,1.1130173247462873,0.7973863489638222,1.1607580077984823,0.7001797167760098,0.848857702525128,0.8176588988805589,0.7309035310562897,0.9241428008094759,0.5069283516346352,0.6304841677996342,0.5897162650344816,0.5727059899812401,0.6483099419062492,0.46304179037622606,0.46391523249593036,0.47510748826099136,0.4424739338522364,0.5437081417693821,0.5448833601146352,0.6066036273067986,0.5313491748187478,0.5623137905543214,0.6049125631404578,0.7229360852278874,0.7400014556961709,0.6760082100262594,0.5966303861419952,0.7884364130835986,0.8140886758675616,0.38245247355404494,0.8333115015780843,0.819179928041314,0.9325928828995187
143,1.0918188509974027,1.2005940511031776,1.1200889840204287,0.9736400396841637,1.0291875279329628,0.8294511116727843,0.8627491087086614,0.8173028702001728,0.8480950821010194,0.8182863272329552,0.586156251985204,0.6560996304981428,0.6324257746524218,0.6668685912049894,0.6178984050128071,0.5626522883765052,0.48004373898642483,0.4674874018257522,0.454804829991066,0.5132761538137329,0.6083255894442976,0.6643938166902952,0.5060357395659933,0.5472505904906173,0.5327752348225371,0.8481453808757516,0.8260929627876296,0.6619280625620118,0.7001123890793985,0.7726588018329931,0.8679814247018625,0.4417860679189224,0.9648219607003952,0.7317303977770814,0.8332158310896556
144,1.1168638413507606,1.0876818602323333,0.8154173594367917,1.0784348751716268,1.217198112215395,0.8335527186224877,0.879359095393318,0.6692263398752369,0.9154638856532837,0.8919676408850971,0.49135323061985225,0.6071233062858565,0.5844896044982646,0.602543848361645,0.635925585265737,0.4904390216766896,0.46291739625557865,0.4348211009260045,0.49229346628446585,0.4857764702563274,0.5260717343534633,0.6370363183032173,0.46498902254576413,0.6739552916554423,0.5465350698313758,0.8239983397809905,0.7888044015759254,0.6159792789309435,0.7502069090929745,0.7304373428924245,0.8274826383333992,0.36882389973844876,0.8307304725406349,0.8717908016897777,0.9190295717648392
145,0.9348971850949568,1.1326675821493781,0.9864318212462306,1.0527443532134932,1.036770477754275,0.83217769653946,0.801635901131348,0.8661817447853044,0.9353926677357571,0.8503884826335896,0.433169339637565,0.6088806614213147,0.5916209781953097,0.6148564282596126,0.5359462761223293,0.47507542531229424,0.480231737921735,0.5745992249220893,0.4992045751741434,0.4718479849074556,0.5601104637353189,0.6212748482598404,0.46836159579468534,0.6635096126725439,0.5120089347783939,0.7614199024742537,0.7586137102768475,0.6643927821409373,0.7260278015262213,0.6733284214946105,0.8774056027651072,0.3764280197824655,0.8588894629629595,0.9475715081641335,0.7865068893245293
146,1.0671454541034877,0.9212379062921244,1.0180151161542914,1.0317061174653956,1.2016812615132175,0.8645328333908975,0.7481099592013958,0.7739493705125942,0.9343708212166386,0.9978686792502905,0.519708453690576,0.6038132647327926,0.5826853531101703,0.6892530389400375,0.6313352901373965,0.4941504348786767,0.3845651094182997,0.5187737460737567,0.5117511750471192,0.5368641424490612,0.5829618924577755,0.6097601656132259,0.4880279024149976,0.6265433888563661,0.6127742945521587,0.8611829456358543,0.7498512221879594,0.6204821894045482,0.7692447161329539,0.7916635290344703,0.9745845104568891,0.3887868949144848,0.8427870360238529,0.8901806864111981,0.9121993969151903
147,1.10770497007201,1.1452536372521942,1.179857847791721,1.0544082233221423,1.0831623597865052,0.9271783838181542,0.8666739980488986,0.8150886166264348,0.8736062413557961,0.9240226248119694,0.5050969700491901,0.6750149200884278,0.5748692761399357,0.6848526215858759,0.6063111466690206,0.492406399202005,0.47250220256838504,0.5455996312206597,0.5603096014332424,0.4928569409349753,0.5270002352904004,0.6656386490787278,0.5551177510434726,0.6727752011815284,0.5563728589907581,0.8872137598643592,0.7744009703813783,0.8037389969466215,0.677149282151011,0.6516403634933077,0.8841420386078371,0.4304039729448993,0.8733015440778311,0.9211396383656033,0.8638376166356099
148,0.9492000967585463,0.9606842750991665,1.121544637821286,0.9004431842123972,0.962709378499407,0.7927715758789045,0.8313664571565724,0.8073498422318826,0.9470044560854176,0.9085911340563657,0.5571134030444156,0.5862402016436166,0.6469325073742609,0.6650466324225963,0.5384330122837281,0.5094745756556153,0.37766731479899374,0.49130835723297195,0.5805467078433373,0.469266464036894,0.580313370828373,0.6030977617489373,0.5656762950055737,0.7223461859143526,0.5079929848312013,0.8141809912131018,0.7515428772916386,0.7212762663663456,0.7700180912192719,0.6682654900115566,0.8368302636313474,0.4003386568134063,0.7782004749769438,0.9573354103026989,0.9228770027555792
149,1.0647137617078624,0.9882367414315195,1.072623587273121,1.02489281276975,1.1293398120948763,0.7710934680027399,0.8518765539315074,0.8398816558241877,0.7996270471120045,0.8555863001047188,0.5754015831657886,0.5312882083037234,0.5905392503887053,0.665708984542945,0.6155575993287513,0.4932558097390771,0.43040658347049154,0.4974977660262985,0.49801242574976046,0.4790235788733368,0.6018052190766159,0.6215250193046802,0.6086315662586985,0.5972443532480514,0.6025789471172811,0.7863083550952702,0.7236717166093949,0.683456094793834,0.7008713245403334,0.7943725257659525,0.8864542765842511,0.3990664074966215,0.8464956411556303,0.8662143214885678,0.8820014822684521
150,0.9759840161162514,0.902971386829257,0.949203229307216,0.9496209707817223,0.896258903406759,0.7934949528964359,0.779876404160911,0.7360316898210847,0.8668263760497958,0.7181712938797551,0.6414107996889379,0.5410923242233601,0.6006547279422694,0.6287259382312828,0.5749115771080043,0.5020373072441613,0.40153550407372157,0.45374051952402594,0.5383930115696253,0.4450467778879224,0.5393412373749571,0.5929175617536825,0.5595654504653933,0.6794664709369239,0.5250194105583276,0.8488229870120856,0.719310413897712,0.7505946946088338,0.7028204873028263,0.6939026285946468,0.9360027403638804,0.3835585504369794,0.7681193694793002,0.9241141458153723,0.8290315500043526
151,0.9931340828170468,1.0643547440681806,1.0598139532180197,1.0039759253336886,1.2078214375320768,0.7665330239968571,0.8092842693868094,0.8317803044706207,0.7976529722911774,0.9585551856997221,0.6058952785235915,0.6004176232886174,0.6427377759371948,0.6417536153637213,0.6061754472521511,0.5096581312576225,0.45518951048692247,0.4165428885760005,0.5038903811348505,0.5285073875213293,0.6006142164242928,0.6839754425812387,0.5752589632911034,0.6244400163871722,0.6036354457907094,0.8810344033605964,0.7300416261523617,0.844574461909666,0.6311874473425532,0.7788183825184201,0.853145603964759,0.3984328388145686,0.8336993429004806,0.8868050633180564,0.8771125775065998
152,1.1438941742555313,1.1308031987483584,1.03825745551427,1.0400450664164653,1.1104990871168736,0.8017206759705504,0.7866645617491115,0.7805644924889898,0.9203622672312073,0.9832032915023793,0.6144644887888855,0.6559965293628767,0.5181996128269439,0.6947495381579398,0.6344420287005186,0.496513417717215,0.41799718211874526,0.46632898577746684,0.5482985770634394,0.5458894305050757,0.6333485190161452,0.6458882370040455,0.5490919976466377,0.7402130416657601,0.5969203135139185,0.8993105323050952,0.7712884666114722,0.7328742909954393,0.7199593465788183,0.7381584326378098,0.7844916504828461,0.39689692947781463,0.8231623689525884,0.896271710018691,1.042500360832828
153,0.9615478213601,1.0391211541020176,1.1736899146742235,1.0858924386984476,1.1578987110630075,0.7253449371046294,0.8051619911255175,0.7994495024212671,0.78811415868887,0.9209270443639224,0.6073015794056918,0.5601125623947509,0.5977013106798136,0.7064298783486722,0.5840000720080856,0.4954875465623513,0.464034665383337,0.3994074419881293,0.539213167543871,0.5443306441411416,0.5886477635985227,0.5803431693339316,0.5383750239886297,0.640195227753952,0.6013809236255089,0.814563240982176,0.7451341322533356,0.7361918609269704,0.673426295734471,0.7535206796584792,0.7738217712034613,0.38986973240679607,0.9596663734064519,0.8548028632462701,0.900015832165244
154,1.0915278836571551,1.0802133167928683,1.086521898824564,0.9315491837596134,0.9584483622352037,0.7561614857419701,0.820793703821258,0.8407340016960381,0.6629905964739069,0.7182076314404229,0.581132890738275,0.6849472385905845,0.5003286499939803,0.54379569092551,0.4524689920957592,0.461409797981713,0.35813368566650655,0.44087348761414585,0.468001671759548,0.39245149427860626,0.5624606552253835,0.6235759563674101,0.5689854108223974,0.5399532103049378,0.5211662308500118,0.8537326619638451,0.7196003154912275,0.7346108174776768,0.5747409171727855,0.6443429908018753,0.7547289437471182,0.4277135275242547,0.8478148902266491,0.8486433191665652,0.7499662623397308
155,1.0909763184610215,1.1532217181759012,1.071730685170078,1.0055938055984748,1.0661851152204793,0.8185583687898588,0.8897905176620327,0.8530507307491115,0.8136319015531785,0.8052241799683924,0.6437296889597108,0.6770125474605723,0.5566620634576933,0.5477146941873172,0.6452015291462636,0.49677753886171605,0.4364730348125618,0.4535637691962811,0.5048302625005201,0.4949809799377611,0.6211971865735634,0.6837922880359901,0.5955028601051577,0.6293182672323753,0.5534958772282778,0.8431748788073594,0.7618985601212068,0.7548942379937732,0.677764216695738,0.7689204215047025,0.7517093906255563,0.43073106833033414,0.9241627994811722,0.8416015483041357,0.97618918828987
156,0.7339061705484222,1.078684421397471,1.0795739782311744,1.0502536250552583,1.1927291714375468,0.6837067046713418,0.8617972628029338,0.801585165805355,0.8398405786195097,0.9129920230124258,0.5391296074534979,0.6244086005052651,0.5397422769292834,0.5622535485849749,0.6085482873545719,0.42522389720802883,0.46067138643253375,0.4911263666925313,0.48369192444996795,0.4756302966797185,0.4851110136767824,0.6440909060974835,0.5436430143330673,0.6492950821344325,0.5626247924013053,0.6906994798602571,0.7368411145323144,0.6777843570188123,0.7063200029146737,0.6985844273184114,0.7012515330466356,0.38914479073740754,0.8873664037761291,0.7505775071319605,0.9155307126374566
157,0.9980414709676635,1.2057487827938709,1.153077664261163,0.9616454569012758,1.0885522613172873,0.8795824242849682,0.8386890198614926,0.8602519019959135,0.7584008212095115,0.8592762205802293,0.7060888953638453,0.5558667245404297,0.6153417760997826,0.5674912341430616,0.549116584325333,0.47687084564901305,0.4259479931392436,0.4779246240716302,0.468861455815508,0.4612179477034254,0.6038669230705973,0.6714027705819332,0.6666705489317697,0.6156037681082553,0.6011837958775257,0.9087936039646838,0.7209355083324309,0.7738521549283347,0.6207652088649847,0.7142860445477457,0.8240650958849327,0.37639829110042955,0.9165163103154887,0.7770146476341075,0.9892337130379233
158,1.0371322729137356,0.9924777844761995,0.9003111315856684,1.0161888569343018,1.1807681357250757,0.6887074582752792,0.819320126081788,0.7522468075715194,0.8738832231765428,0.8565624987416343,0.5647725510758526,0.5805633051734287,0.5474296989417697,0.6171972774376477,0.6148361416458155,0.5264045679897016,0.42795393173723917,0.4778639103706159,0.510022704796041,0.4376479103056049,0.6050916793959948,0.5996547472132584,0.4954134545484051,0.6148905096121731,0.6337676218928721,0.8265237287492039,0.7529436914012493,0.6509509271640477,0.6950105597456537,0.7355293739831367,0.8652818954428971,0.4007171517272645,0.782141940207336,0.8807377917603887,0.9667036028319462
159,1.060327160265495,0.971761909594898,1.062693150068911,1.0944747794450158,1.2597904073847501,0.7275378437952109,0.6210139988599064,0.7233447681080373,0.9615327049385767,0.8921741949535863,0.7142605704099375,0.5357146228001218,0.6273381393610515,0.7436575564819055,0.690045518553605,0.44937051960544416,0.37276894873522476,0.4867306735257825,0.5992001827890363,0.5258906712940039,0.5849735982463912,0.5361637637642702,0.5279673910567607,0.7118578883679114,0.6231515402333547,0.7708124381758024,0.6888159219275654,0.7327786247440635,0.6665787016515343,0.7371416137402957,0.8260900098364944,0.3554155380334028,0.8853961920828332,0.9392472985631926,0.9745267328658065
160,1.0673867208732042,0.9807720806992599,0.9481843643647325,0.979999210908264,1.0186467475264278,0.8200798439672252,0.768967605299657,0.6994514039892227,0.7728182252767739,0.9044787939022865,0.6155748298592719,0.5387180118149448,0.5432688252053108,0.6264952849562408,0.668566934859011,0.5261922879204572,0.4313744585434666,0.40518975583407946,0.47490764012038833,0.4926549746990016,0.6625292554051463,0.6318259460365881,0.46913892790912753,0.6680016378196821,0.6106904338340211,0.8411046271930296,0.7221571679374111,0.6491393932353389,0.6840507435341401,0.7587966293411539,0.8948640336368611,0.35209854717756894,0.7677881035559697,0.9107054995015385,0.9579012698356638
161,0.9286714111712616,1.2387236709885951,1.1040065808052162,1.1112595084341828,1.1542783096449702,0.7593026575844644,0.8467906198803674,0.733219127055263,0.7624878602695913,0.896217212883097,0.5355587197659437,0.5706765285863034,0.6141676811601384,0.6797213364971204,0.6250054852549853,0.42698177562350265,0.4508525142542857,0.5339821212391689,0.5034912513199491,0.4615153034070305,0.6315969073007328,0.6998619703992335,0.6048815741110284,0.7235568464049391,0.6491869193038666,0.8061737293669813,0.7396810630104929,0.7658587315211869,0.6873290299100023,0.738189685543622,0.8347872605922669,0.3804360197424338,0.8514541267372636,0.9484617366280017,0.9916064702031183
162,0.9319545442520767,1.1631526122780298,1.152605751872813,0.9946136224907307,1.1058599224516028,0.7933015086603032,0.8543532295622387,0.7461949283195402,0.6954672518670104,0.8997435908038384,0.5936226290563831,0.6378518455391182,0.7256837629845878,0.6052340599974877,0.6288293871630122,0.41330415088390937,0.4510418024663022,0.5470085711843834,0.4726338013236502,0.4572371245889398,0.5126479104606254,0.6603948181210202,0.6212977661548524,0.6157333048903773,0.5693079536601244,0.861928739093309,0.7242887192909984,0.7945645566715746,0.6404510433522951,0.7452816055141009,0.755182094833845,0.38199501467466507,0.8790945064968159,0.855805891303657,0.994672900601153
163,0.9123207564194753,0.999853594153031,0.9672914916708317,0.9945785014297954,1.0978348413593917,0.7612433375524298,0.7523891946619561,0.7827253066215376,0.7982300365004693,0.8980340114478806,0.5897555892276058,0.5862293516323177,0.633178870950514,0.6365031941509709,0.5927535026740177,0.3816521961645185,0.5043387127860466,0.5499999376740015,0.5303986568517317,0.5032259998002988,0.5682443311505716,0.6711234396176944,0.5814087175748317,0.6410105355887766,0.6490240866546673,0.8342223521312516,0.7458699527224972,0.7295864691447669,0.7886571887702536,0.8318690818509638,0.8277533382627669,0.35059126235615984,0.8772595197001269,0.9574348323159256,0.974208941588389
164,0.9676596486431354,1.135579678405088,1.0228068754008255,1.0992961979159044,1.2504450409400112,0.7496914076334236,0.7652094899235276,0.7299074013501718,0.8007878277885213,0.9470322305106391,0.5822217279263979,0.6309654875261553,0.599552169037356,0.6400837519317948,0.593758139640804,0.4417700402368359,0.4357657585834814,0.5430785889362101,0.5111737700939558,0.5507145220501787,0.5167286611515743,0.6113657855177375,0.4946270595670362,0.6260653915163321,0.5704520529415591,0.7343228408010118,0.7733963600039413,0.7586721222816185,0.6737156117979297,0.772207509483257,0.7920373831196414,0.43079937312036215,0.7531832807069647,0.9283961455674452,0.9987917964779696
165,1.0163818226321673,1.0304599486592618,1.0409619838395274,1.1640344500762891,1.1107509598189438,0.7449044552425504,0.8104270622810416,0.8581883184355483,0.7982622093658731,0.931919227553616,0.6143930456397647,0.6138235622375297,0.6274568824711528,0.5802415697496952,0.5767882680487412,0.4941237785642986,0.4764874464331109,0.5122643793771076,0.48164792040258764,0.5350799878554143,0.5518427720664031,0.6293065041390933,0.6360565117638675,0.6522836551767085,0.5862690290284309,0.7585119847354771,0.8234356507825241,0.8209555578702578,0.7682950339754349,0.8149701117976877,0.8489931974931713,0.44406947607205616,0.8415797127199104,0.9494669501367451,1.0159187499148787
166,0.9960902813029084,1.063670440961359,1.0905374936745202,0.9991468790879039,1.0481489016450025,0.7313883242352417,0.867175648458093,0.8364357293325788,0.8148779359979524,0.9428821782496579,0.5690181437671431,0.6120138842597809,0.6985444759968167,0.6424364876726635,0.6205522195837527,0.41874603505972996,0.4591971028942128,0.5666858665772363,0.5212384082581775,0.510359021432443,0.5409444161276702,0.6412950210904159,0.5808755907178915,0.6609916324107594,0.5753171362160988,0.7898490840880567,0.7945694375170014,0.8401143021040651,0.6418134374865885,0.7288378309730565,0.8455126422261134,0.40440190841509666,0.914821280816088,0.895438449551176,0.9421585847638961
167,0.9456471545020294,1.115463854963929,1.0600143517579663,1.0567982473505748,1.0555061061482502,0.7324896207232423,0.8976805701476018,0.830126419302594,0.7679463667511233,0.8776934569742492,0.6113505056211057,0.6122036244128934,0.6229720799283232,0.6615232261171918,0.6831447246571295,0.4860453964359759,0.5577486595836076,0.5499854097342716,0.5258218888076805,0.5045705685982557,0.5977418633591541,0.6965944989828818,0.5860058155270603,0.6386276976332516,0.6047952330709581,0.7793244012651167,0.811628137921206,0.8567656633935365,0.5597180024132267,0.7877856642128487,0.8336125710246829,0.40624291136374335,0.9782104139555527,0.9812699933700185,0.9374570161280749
168,1.1344987521758352,0.9283584199875664,1.0549466585262004,1.028918424323673,1.0485902260256281,0.7541367556257457,0.8290850420702449,0.7474951945130298,0.8296792824143503,0.896801290881447,0.6198987789828523,0.5209669742434775,0.5928315378940783,0.6831385244007695,0.5986569647421911,0.5529203564584872,0.4623609420784235,0.4965799562556791,0.5526199608455489,0.44093337562642376,0.613386532456027,0.5998177679933203,0.5647343998749227,0.6921029710017003,0.4867381825566364,0.8531577961905817,0.7023747109255439,0.8002110373127831,0.6973026532919055,0.7782851649800336,0.8872557727189594,0.3749716758489763,0.97326794386053,0.9844340458358605,0.8785482606918613
169,1.0658804411181828,1.0522281406226057,1.106876438942903,0.9825326789489555,1.1658444853151426,0.7203233344236268,0.8453334364089886,0.8276126172980505,0.906907814678493,0.9420526028154403,0.6256724690024207,0.5683301391057063,0.6480641508335896,0.6496610257349436,0.7033137705267392,0.515552439463408,0.46202647447785883,0.46620828110171614,0.5320615231323332,0.4942065111456464,0.5430096481240954,0.5833478907902971,0.5947489538147153,0.6410507413484066,0.6782966578449336,0.7692404105513186,0.782581224323699,0.740260902279628,0.7057494503365863,0.861996934208544,0.8967035729774009,0.3977660192034415,0.8840691939612828,0.8972528180111286,1.0968480957798774
170,0.9996181764347702,0.9768582839144472,1.0243842053998184,1.095480989947504,1.1479113721370737,0.7869028530679396,0.7229221989477221,0.8095939342358476,0.7772125001932435,0.9188959517947548,0.6062113012109351,0.48660968033857344,0.6720955705534472,0.6449071412101431,0.5687993279319734,0.49688344569007664,0.4289697025549252,0.5223259047924501,0.5322626232449592,0.4751582665250957,0.6566417414834792,0.5934234320085258,0.5983533041087598,0.5366690256139548,0.6281614985572035,0.8354769753049369,0.7246879515711566,0.8195491935866069,0.6621719460567392,0.8288218963909013,0.8953620803758491,0.3711988472875207,0.9554383290900488,0.8623678900409317,1.0143415139557592
171,1.0329440123496632,0.9971440224046191,1.0387689681797805,0.9494397816080454,0.9426602754745663,0.8234832046467283,0.8327028428310054,0.8326036238187051,0.7100567958117298,0.9229234613544133,0.6625813581065307,0.6371595186119032,0.6601382157085174,0.6388461581406386,0.5114004489806141,0.553861405419936,0.4437517286337058,0.47971551461904316,0.509736378238685,0.4639802271634808,0.5791928908625066,0.6096442694805209,0.6101059070622965,0.5928452404842891,0.5935601307576308,0.8055165526084781,0.6864468929383196,0.8491287648078829,0.6214233649521543,0.79162964882758,0.8983895182130486,0.35287341123522187,0.9560101985997234,0.9337190025705417,0.8027810717797219
172,0.9579558182461134,1.0900438802328052,1.2155544667288742,1.0318816834933875,1.0775263273340967,0.7412847464941449,0.8528938747759502,0.8400330942239793,0.7719057219760979,0.9945472344879753,0.687188696992501,0.6088406934417541,0.6592618039398759,0.6748247206091684,0.6695494204567253,0.564554175714807,0.49406281773144245,0.5892495894879248,0.4918267873941471,0.49124829539627257,0.6384365117003533,0.6252852803085333,0.6085157610813767,0.651539911150617,0.5675030100135793,0.8892688743262709,0.7755982951131624,0.6976321154795192,0.6150558773636841,0.8362809753397573,0.922114832686088,0.4221884876070938,0.8875565347869918,0.9435197879744548,0.9167161676509901
173,1.0137784135503316,1.1083875876787366,1.0522366196505244,1.0578448855461602,1.0264279881662082,0.7771467030197958,0.8505256035754927,0.8296937806371782,0.8220285648613855,0.885736928817554,0.6279729694998124,0.6297681940908779,0.6358774678693934,0.6008782182333474,0.6481732861175827,0.5214441832879672,0.5261278643808195,0.560878913375319,0.544495289557575,0.4071296407363425,0.5751939428273238,0.6286112796088958,0.5656951496040126,0.6598958906780363,0.5976578827819119,0.8937270361091334,0.7309457707459321,0.7403860179209907,0.7400167339544776,0.8300511690930579,0.9050229454914608,0.37518015634916974,0.8912690023787883,0.8738605506456765,0.9865925715162059
174,1.0383399990640998,1.0614358142388416,1.0395632419039185,1.1280477338125525,1.2143301680225438,0.7553751702829076,0.9194142700449188,0.866592305077964,0.8943476830180102,0.8773031998195202,0.5850755898525175,0.5919076298891677,0.6635086862789823,0.6487778368320838,0.5710017271567445,0.4659224503073228,0.4537445388249265,0.5432941853825428,0.5391461356550247,0.5322916925963758,0.5631067187592446,0.6243746308365442,0.614898240052258,0.7384194587776765,0.6569699584223867,0.8216917951817394,0.7051177122574952,0.848697366578797,0.7629791079352464,0.8554964580187028,0.8273263680177775,0.3910577008157145,0.9723420986777608,1.0666505126136454,0.9928390170537584
175,0.9475506850263753,1.205746084963595,1.2059881479914794,1.2172308021660472,1.1665350469704476,0.8033920177797956,0.8390555437730434,0.8703745981421827,0.8608784397261067,1.0159602619507968,0.6609744476418267,0.6510099205508544,0.6637898287495363,0.6706170209834796,0.6939132616140947,0.4790307012161833,0.5055746380097792,0.560205031087915,0.5382889868251479,0.5558436409233796,0.5713623698852122,0.6118463586643681,0.5989402281353107,0.7066187199001195,0.6648749134961653,0.8358719892859099,0.8337329619724019,0.7829728105651779,0.696938437045284,0.8900290037603651,0.7529676839930968,0.46030306462542203,0.9018198574373195,1.0250873465982502,0.9671921794580338
176,1.0187676613255747,1.1543525778703223,1.2099042896417875,1.0500817338773292,1.139310806919795,0.729643455492706,0.8424416454149383,0.8838521623560872,0.8724031199440723,0.8407186003293918,0.5681369184745859,0.5406630995489244,0.6000022118805399,0.5210236907382976,0.6638677838107617,0.5128922367926807,0.45890560449987816,0.5351869153541204,0.5399251422928042,0.49480371942228896,0.5911844348306696,0.6560767855648401,0.5586426417341974,0.6885613771211017,0.6138697507294602,0.718874009676949,0.751434065805032,0.7900708588110964,0.7904617735117035,0.834673262319831,0.8544535087570194,0.4006315196751033,0.9286415125026852,0.908477426884924,0.9822867221190377
177,1.0651825296978077,1.013274980661587,1.030534373045928,1.0455334382785328,1.182265009287915,0.8329535877955114,0.8059143116952354,0.8409308915967709,0.8426461556365427,0.9323346037424793,0.6267116826459151,0.5549029611598025,0.6359974921709302,0.6436623468653261,0.7238352037921776,0.5711269519579879,0.4134885889809966,0.4976494253268521,0.5482119623909119,0.47316056743851187,0.6422641970810461,0.6141932114925509,0.6190686112162753,0.682044495741077,0.6460978328129441,0.9270065558005673,0.8043305955152866,0.8414576149562873,0.7012444363984724,0.916908214086167,0.9775693543442495,0.41855301626501906,0.8278579977944764,1.0042086194151314,0.9847454309792546
178,1.1432588726352604,1.1147951465814203,1.0091319676624524,1.024396275787223,1.1629380361234565,0.8079534208463919,0.7607878805233088,0.7353854410745838,0.8074020801235351,0.8686128294436608,0.6502880551382153,0.5696345363935339,0.5948380943217118,0.6232634692900196,0.626762605060297,0.5769018417203771,0.4633311158328622,0.5811666370636344,0.4655164795537677,0.46589224342053903,0.5919347721907826,0.5894077192182047,0.5468610111508663,0.5923478960259403,0.5823916298754628,0.8389481823124603,0.7324788681814324,0.81125439119572,0.7648750620101687,0.8244064534466015,0.9314957500975724,0.4043605085165861,0.8855779887806854,0.8315374261115618,0.8729205986662525
179,0.9360580168161579,1.0428184599136774,1.0071599541643876,0.9518938855202327,1.1668339981896865,0.6833309749345503,0.7790775190040633,0.7232411922302213,0.7633175145554437,0.805464236150873,0.4633823735876145,0.5803407575828288,0.5244348133127611,0.5835340691610116,0.5865268480512402,0.46199097081809826,0.41985968479801783,0.4835300086889124,0.5140803526539895,0.4496246315182961,0.5325479285595823,0.5817803174326851,0.547943979876644,0.6192559761446359,0.6898534668135301,0.772405562139204,0.7313811574529514,0.7500356548306736,0.6977020675437244,0.7962547121237615,0.8722404225615141,0.37088539266652154,0.8586711458380183,0.820048594444942,0.9042741048717641
180,0.9612031719333548,0.9825306548934879,1.0648156085913447,1.0897580915903742,1.1446465805330015,0.8834729483820216,0.7995503771409493,0.8027294581282179,0.8242870181661521,0.9328736807368206,0.6461012841416659,0.5343210678374819,0.638236441722982,0.6101866679961458,0.597450428411241,0.527480007561102,0.3528115735075906,0.4741669753796714,0.4184642813398144,0.5226370473229041,0.6072316300804315,0.6025135530344385,0.5867816280992617,0.5478361751978629,0.6525707369989444,0.8183701087249993,0.7052103741233002,0.7107492184483828,0.714969469245389,0.8402665669413392,0.9200301700483735,0.4025012153394361,0.9440467295066046,0.8358511902940753,0.9541896055801828
181,1.0408205390287186,1.092195720486915,1.0249425762365307,1.0696305941298232,1.1711673070708588,0.8351065410289895,0.87275416977299,0.7462577214156241,0.95424597519238,0.9798157577322923,0.551165729480855,0.6121418705894615,0.5571164293235875,0.6475715996158252,0.6341548808866082,0.5505505023057412,0.5223996485629555,0.4573259943042632,0.5342154860728461,0.5532898434024462,0.5522060447128666,0.6617239817583436,0.525167480932855,0.6481891377895416,0.6297321143158703,0.97534705339644,0.7828456182956929,0.6663598572439615,0.6744858206861453,0.8114551875392383,0.9123531477029527,0.4083587186483791,0.8451739686992656,0.9921987111633249,0.9387552108145563
182,0.9977041172333215,1.1298180565823155,0.9705123324970554,1.0926303991600728,1.0709131228705777,0.7535017204648143,0.8287704672040903,0.873710499732637,0.8615702055137267,0.8628584418760086,0.5396233265705931,0.5897987330531254,0.6954548443291781,0.6035842025702369,0.6209851746144402,0.4750492444773158,0.4869198377577896,0.5354460629614433,0.5442918674474786,0.40339451690324335,0.5283777701748018,0.6284582609990051,0.5892451819209986,0.7050748898542011,0.5297629392394636,0.7479508825986755,0.7581174104966262,0.7790357425105146,0.7108267235850985,0.763288859144191,0.7696096807344002,0.4298572756167563,0.8842488180961204,0.9117261629687292,0.8894806298407671
183,0.9301822796806818,0.9734691734658948,1.1736299730667674,1.0669459430692347,1.1499039141986644,0.8161971561907242,0.795391207134754,0.8733649673426408,0.8232865858623417,0.8284479868268817,0.5267679827201492,0.5746478297137575,0.5841094507056332,0.5823574280429133,0.6763727881637327,0.4855018861382295,0.38481342149363035,0.4386613985220029,0.5132918664619227,0.4759348019049008,0.5536618673303422,0.5463543649770091,0.6208408936937694,0.6166144786362366,0.5977223907855875,0.8390905291965616,0.6691392729363786,0.7121666535965537,0.7701070457466316,0.7882131309969465,0.857106915013615,0.39962906112428753,0.8696192259487212,0.9139580813945675,0.9336905617150952
184,0.8965436234055589,0.9781413047198454,1.2090236663046536,0.9896409613894421,1.0879952804012771,0.7841750416859969,0.8113766735342398,0.9748104281476044,0.7707776902981454,0.8410619228304226,0.6242195456352588,0.526653008473922,0.6639283740534592,0.5555693003398667,0.6012913577163399,0.5333012028857007,0.43991249227557316,0.5919866807433003,0.47765175731017895,0.5047431929927051,0.6236457817451817,0.5868377006066936,0.6628731442943496,0.6401125207530592,0.5997683080037051,0.880578842617959,0.7565157634262432,0.8901809392193631,0.668876991501649,0.7292603083748032,0.864536304313404,0.3923792802325984,0.9767672902674225,0.8965605749213228,0.8894916432213988
185,0.914570656980088,1.1287817003868053,1.143543577956501,0.962720752115841,0.996782916268149,0.8252174879157548,0.8513380207280651,0.8509844595116238,0.6772377937620703,0.7034569356704836,0.5483739419407246,0.5517221492877569,0.5921968392039767,0.5959787620003755,0.5636692318452924,0.5272156233594418,0.43624498432002135,0.5335944902425933,0.48974206405162996,0.4144217234056327,0.6416077927609727,0.5488806048888771,0.5980668016150092,0.6137473714251618,0.6005954563869407,0.7564655653410379,0.7490053692338386,0.7850211938309208,0.7894239137146966,0.7832750086102559,0.8723693251651974,0.4076035169469116,0.904243222955453,0.8914430198463501,0.8926650091182218
186,0.8724968441393204,1.0963496705516356,0.9107485420392948,0.9124541176295535,1.277488893325343,0.7319735517338779,0.8021888259591208,0.7573153451314567,0.691026414180508,0.8510488105855818,0.5690188389811434,0.5990791089810565,0.5957872841167628,0.4855335773458047,0.6521180190014038,0.48342995253917365,0.4500113148517582,0.48770815390530553,0.40315081284144877,0.4858213791843138,0.5177773229797984,0.6121420885824964,0.5500706914262532,0.4999783032544247,0.5732906694044753,0.7414711269582317,0.7494690052142942,0.7332901555562097,0.6212808944523431,0.8698692203689057,0.7903916376168709,0.39162645916929983,0.8170490760970818,0.7866802573075713,0.9291564369154637
187,0.9391455291646598,1.095016883127013,1.043768404029934,1.0976497842375321,1.1527093713695562,0.8288297491573975,0.916353090413596,0.7650045889274306,0.8581166330340358,0.9966902112677614,0.5726937170603295,0.6501293618032614,0.5851443094555593,0.6120452263388004,0.665257994390979,0.5959105914480343,0.4639303469963911,0.4279502523945475,0.514822744988908,0.5687180978942423,0.603744150299599,0.5614158423207252,0.6048325954854885,0.6255342597390258,0.6209037359760243,0.8517004480300581,0.7471227196730539,0.6958981872010885,0.8203219514783658,0.8162424097738584,0.8896714089715718,0.4270182549575732,0.8755937869696064,0.8484250002858128,0.9469472827027776
188,0.8695653703186905,1.143862516115419,1.0643413994565505,0.9909796689018486,1.2328323128843095,0.6574541789111443,0.8286206095961706,0.8550088830030717,0.7927546547651444,0.9599095237802393,0.6207250656086611,0.5744628083461161,0.5948357264866775,0.5421846468138403,0.6724902339891404,0.47022364646276793,0.4466535225796218,0.5577482918337986,0.5000516789716103,0.5661835885040047,0.5547598753188727,0.5799776361916549,0.5870953534988533,0.6042962921524372,0.7109342842839084,0.7744721760253463,0.7509767694757059,0.7171456848116748,0.740940882404171,0.8283042280292573,0.8625119289761988,0.3924406097550973,0.914063495519507,0.8103536543981777,0.9738877230300642
189,1.0867430763846477,1.1633406652226408,1.0403212452250008,1.072687202141586,1.140713468714303,0.8199167838781114,0.9180643903797749,0.7978668645720912,0.8574437944401387,0.7950240727382032,0.6356455960605387,0.5882320328845994,0.5620221270438202,0.6197595822157603,0.6978574247699467,0.5674046947934974,0.4614365709297352,0.407458666901543,0.5379644141610214,0.4991609885723423,0.6366214136802443,0.5422316060152448,0.5869145363982302,0.6454203189279895,0.6799819284896869,0.8262213284129216,0.7070221874949233,0.7654084134024512,0.7991243233612246,0.888182626223369,0.9310458077511238,0.3809769083204184,0.8247309420511377,0.861366587948043,1.0491476240765134
190,0.9706776998222703,1.1016335031814308,1.0946646513725868,1.2012898384918014,1.2768883040135255,0.7702833749180055,0.7725965962397521,0.8362990991881118,0.9147258610351006,0.9106808035437601,0.6725250642559051,0.6029776850991146,0.6345677492914403,0.6308378078074942,0.6858468765094348,0.5059469299839043,0.3856524288388994,0.5637743414900137,0.5782070643400697,0.5570966196617643,0.5788702204779115,0.5521617943262342,0.5600461773225406,0.6890353769623088,0.6414180963516487,0.8169670808027896,0.6839884191410222,0.7308147957438893,0.7421638227605929,0.8117364584325961,0.8629017621622543,0.3650269046986915,0.8752839193392582,0.9384219324742585,0.9966774741546752
191,0.7584969136090922,1.09245737642874,1.1759331392057253,1.0808211370913274,1.0715174249981865,0.6730300216319125,0.9503493196815773,0.8623159708423127,0.727911433905507,0.8721611481718134,0.6102174418639108,0.6095470853908074,0.6544759133676947,0.6419706551898507,0.6772244374418211,0.46467881205496464,0.4699912688916293,0.5310739214852231,0.4865904730061109,0.49166181159604205,0.5660009670598569,0.6294895988192528,0.6154318471991207,0.6513721836824102,0.6045133436073094,0.7472969836857664,0.7199825179782215,0.8847504394489174,0.7823335931596297,0.8099072595837209,0.8028870143413893,0.3983200279841365,0.8963307223488719,0.9065814391785177,0.9361781866229564
192,0.8675482352375504,1.1669107526118772,1.1062982418023526,1.1937579739110187,1.0840221058463437,0.7458001419633495,0.8328881986906994,0.783090928660026,0.9447119764951687,0.8919626766214843,0.6270171561154686,0.6406298858059223,0.5694667274642153,0.6887583131313476,0.588171295986172,0.47095394837711313,0.42692773852972365,0.5099231556482378,0.5764270715022721,0.4763772651314719,0.5296115646858168,0.5650589900657834,0.6269552314788571,0.7082607222643988,0.5939105905255695,0.7724327303302566,0.701787754203564,0.7983028575228759,0.7981139403263735,0.7337428460777897,0.8224018069168456,0.3834611066038452,0.9117273438221954,0.999307361973181,0.9842463409366693
193,0.947849475552119,1.1883258724842205,1.0348262862686328,0.9726150326287415,1.1568048246409814,0.8140104716750871,0.881129210048319,0.7885482135073147,0.7968044725867027,0.8290138345264508,0.6655004679176353,0.6009472478889404,0.5750421748383291,0.5744410541583391,0.6108481600265063,0.5351830265285562,0.475930784514629,0.5267028294270375,0.41273453401014293,0.5134484319334971,0.644583801250183,0.5422524491219116,0.6140758362356904,0.6315151377819704,0.5911306252553987,0.8951464737133441,0.7514420411116265,0.8420505016035585,0.6888342305232711,0.7809572578606501,0.9641286849870504,0.4041355949091486,0.9407156438075324,0.7856827510485798,0.901047846042841
194,0.8908851127579868,1.0597446804756643,1.0730604596171114,1.0406490278055647,1.092735765038889,0.7867562103847054,0.8408427625609298,0.8570919588416189,0.8859933241824549,0.855168850335124,0.5637019002536192,0.601690583988518,0.6060927697327851,0.5018893470333061,0.6106983792378271,0.48332724799659554,0.4012573974216401,0.506252423394581,0.4779569132221328,0.4843794647839469,0.5702783660231533,0.6131316669974096,0.6334347799255402,0.6890805050989219,0.6223552096744701,0.7485501378168699,0.7191999518184982,0.7272734318689789,0.7970972068582705,0.7426006418894913,0.8976793201139179,0.4207216087941729,0.8721357015560335,0.8143826555135305,0.9166675570867804
195,0.9435926207831071,1.097101844005541,1.0563427242571206,1.1329934780685997,1.1123776786394526,0.7357163023444933,0.8070734027626509,0.7168030876874258,0.7818682704908213,0.8950374137772761,0.6014604682160338,0.6231053257836241,0.6121150137050035,0.5267053576013119,0.6098257371710533,0.4550584815402877,0.4193686918697534,0.4945767626395069,0.5352589082009752,0.5150744357272965,0.5557576686158612,0.5532416167075755,0.6362386421589709,0.6036242467961299,0.6146147689098149,0.7789421818899034,0.8293478292641232,0.7774999144004124,0.8237180377121421,0.7510921295294495,0.8729839868702486,0.3638996923539613,0.9828198698956354,0.9435961009128871,0.8713125450798823
196,0.9726064001413162,1.022192142233871,0.944666256648718,0.9341857601483187,1.2704847607105454,0.7808678459021157,0.7556830708915896,0.7907123168162327,0.7704164503701723,0.8941657842293422,0.6153154735883014,0.5148855838157245,0.5271160284254406,0.5464592696816246,0.728699148765344,0.486389051128742,0.3957280400959232,0.43442439050549897,0.4224304636709506,0.5117213468028159,0.5883248824130329,0.5396886254376356,0.5737302602578425,0.6104115325958585,0.6633734918459349,0.8608657276152452,0.6547704649416239,0.7559370844902459,0.729843147876859,0.79975845349359,0.8802406570969802,0.29176368438933753,0.8692194432319704,0.8981349352100414,1.0825209725187737
197,0.9116359194885519,1.1666589897576027,1.116365613772523,1.0578685451153929,1.18907689413664,0.6610084777001304,0.8272604709282274,0.7513304976452543,0.7267842414613492,0.9787308259430412,0.5989187351162972,0.6374117969635732,0.5851616870995358,0.5387361757268575,0.695558806143951,0.5131946059448154,0.4430415013696402,0.45536521117165973,0.49796177259554186,0.49793714827236923,0.6264494718248166,0.6129826060208294,0.5365292340398466,0.6408763794800623,0.639255397247949,0.7305029968965362,0.714185793228365,0.8748931744546948,0.7620993739722985,0.872624919442351,0.9340474805667629,0.37353026326234345,0.8809678993235076,0.9333112307823885,1.012421760378766
198,1.1006693114972246,1.0347944404889475,1.041689517443242,1.014580849127981,1.1062924190933838,0.8594209881579371,0.7772095828611674,0.8051091438875545,0.757768868636904,0.8245755853118946,0.6893900207242096,0.6051818511744386,0.5593588713095398,0.5266472977039254,0.6002140987727411,0.5232128894275836,0.4541639383243243,0.5261004253382451,0.5044575729113472,0.4676503687229561,0.7236923290258033,0.6299327712108954,0.5797788914894529,0.639585089024475,0.5192458469716228,0.898639673628717,0.6631888989245571,0.7757218383120622,0.8533571106429639,0.6664482005570167,0.9996052977425165,0.363823181821173,0.8459545364682385,0.86376581383161,0.9769571896934651
199,0.843987378218832,1.0767964523185618,1.1185180139670303,1.028213622808864,1.0903263627425797,0.7712022057711159,0.8079755541204965,0.7471462486628231,0.8637841186603938,0.8860896402763371,0.5880635881845799,0.6201810241553198,0.6049238231656271,0.593603890354272,0.6451900364503704,0.5189285863470293,0.43199081245666476,0.5180935165011602,0.5333760029854433,0.5421240246103816,0.5251688194034383,0.5958453213133109,0.5951749778336277,0.668762314358244,0.5877810028445469,0.881115627518423,0.6899669767712653,0.6974923126049464,0.7851811054591078,0.7208492285232028,0.9618324740185307,0.36597388110784135,0.8742011323554689,0.9368064362978403,0.9790689228385898
200,0.9826113710771764,1.167945377394332,1.0335417519024168,1.0405095810446126,1.1530045356493068,0.706008450565589,0.8812713369599947,0.8053926830781049,0.7698295555816813,0.9125082700685103,0.6007291985657557,0.5799136688812792,0.6045204007179381,0.49720985391435746,0.7425988294650081,0.48960032848943486,0.44476089184807605,0.4929952234222883,0.5132176903030413,0.5151011792342999,0.6264246163663916,0.5921771835394152,0.5591576992690589,0.5173032005860692,0.5960203032521962,0.8208638345541032,0.766308360675108,0.799520678653047,0.7451558136511394,0.689032470856846,0.9768820029779581,0.3818891383896027,0.9030180651077562,0.9263538539106481,0.9591540865108301
201,0.8206928164970939,1.1129051646882604,0.9656843957281105,1.0137625679539461,1.0775108013122936,0.5578593636039224,0.8773956750683232,0.8355325618569358,0.8221616493993269,0.850462341613011,0.5057776374746644,0.5876283945630795,0.5836464901354896,0.4701604129217434,0.6612138163581458,0.48637097649744643,0.4449993822331228,0.4729030509452145,0.4688712261785464,0.5084744234425813,0.5224586111319474,0.5445956509928098,0.5719477706059187,0.6041437551803611,0.6067843312705115,0.6520370117443407,0.7126008768683951,0.7750386403616423,0.7038091491507481,0.6911968249596255,0.9338349354564732,0.3594779871227861,0.8239884036912712,0.8545100693132,0.994279279297772
202,0.8591631326230715,1.1230776138043537,1.0598037446180337,1.1865600342296652,1.009079678470071,0.6369240406665468,0.9105680950360994,0.7420531809918001,0.7920853771282287,0.777063740273578,0.5643213997585147,0.6499393086778028,0.6306164050495233,0.5671397928634705,0.5570382271930902,0.5080583982507958,0.46268979111668995,0.5139586514269505,0.5074880781534817,0.4586535421099143,0.5506919909312157,0.6307664059760316,0.5573838578210717,0.6327148147213153,0.49614741369235515,0.7970751274262364,0.7965853088215422,0.8247403625524361,0.7967188457251123,0.5614519820075408,0.8359185427729494,0.39032996076048754,0.8497064941025403,0.9662272643188805,0.8440761740145397
203,0.8147285380531062,1.269660500176999,1.0665327609824211,1.0647742511337794,1.1692229886209637,0.6426349681095778,0.7829054378621376,0.8516533912263438,0.8556610636768753,0.8106573798680436,0.6026511588627248,0.5897395623771601,0.5938481654387057,0.6316703462370026,0.6544084160899897,0.44508474475790955,0.5560740107069324,0.4948602060706463,0.5111962421704115,0.49259126642524437,0.48039767987119,0.5946820167462751,0.5839434219513573,0.6371158654960042,0.5450265246524466,0.7892147850186888,0.7461120502088852,0.7813500134662685,0.751519416512254,0.6950749016424828,0.8716318337148661,0.36311157183518583,0.8857532499636063,0.9677769025407212,0.9411038884006366
204,1.0073471053173606,0.891669130803084,1.0338860187812253,1.2024685424008401,1.0034848364504412,0.7838916989977105,0.657770960715882,0.7902671338802432,0.8052203338189496,0.8184036010834214,0.6162889732909,0.45353874105581704,0.5750547522859492,0.5274824178670954,0.6248213690607034,0.5776555591832575,0.4023225858073868,0.513157241689929,0.4874711689403632,0.5128705093603151,0.5260510551705787,0.4882998603317056,0.5922473279570251,0.6767919633336543,0.5759035626136153,0.7908559803080913,0.6105218340661704,0.7948309186296081,0.7993814543883142,0.6732433791240283,0.9105760218560284,0.31553946093563,0.9749127007532981,0.9273239725110209,0.8897339286479935
205,0.9138904505483245,1.0544649262177122,0.9827030342406917,1.1433414137468043,0.9925885108824074,0.7268929832013646,0.8264884022245732,0.8110664076812777,0.7980568524344538,0.8957210905032346,0.599581487728958,0.5325897065607739,0.5142463338324781,0.5524604585020866,0.6451492241022223,0.44784309013162876,0.4489189533301414,0.4118740693905961,0.4983386501598925,0.4688028248981615,0.4683472162154906,0.5823721474479675,0.5117577539363083,0.580987857616911,0.5473998038364172,0.7867068339887088,0.733933735262319,0.7730975782449414,0.7400276776673479,0.7639325995387642,0.8486405798634156,0.35103283159392384,0.8426269770342656,0.9153866129888699,0.929363111264321
206,0.9751613555289693,1.1819620617583793,1.0462074764557765,1.0873077402470024,1.0603431258185356,0.819409884638493,0.7715570492363673,0.799747222348804,0.8287429662013158,0.812900427176376,0.6732679718407599,0.6027895356444372,0.6402358939395909,0.5544296402824246,0.6057670074757242,0.5901532550896571,0.4561959589360779,0.5572008772310242,0.5646794978918942,0.4916333712138851,0.5294161501488872,0.5852494195822376,0.6017905629402261,0.6753044984822328,0.6201768219083701,0.8977356012151476,0.7851416845991263,0.8761638675275544,0.7321133917925856,0.6474932010963369,0.9617599546058555,0.41770487698364417,0.8781523049699709,0.9420828138768118,0.906467419471056
207,1.0337791156559981,1.0533915039666644,0.987277740862299,1.0549113977051747,1.0388855227402227,0.7670766156604543,0.8674146127189252,0.7390207871714486,0.8505111849703184,0.7934025843646326,0.6453134476897077,0.5798991200299264,0.5983684268794401,0.5387907200806752,0.5984547598913192,0.4319093025787556,0.4742877672228226,0.4976172272684278,0.5464839155752874,0.5101172706074364,0.576102537027493,0.5442287849476579,0.5637911360590266,0.598757568958372,0.5615034831304246,0.7982119148323317,0.6910459377579081,0.7377104307949025,0.8008990708288182,0.7335780934546882,0.8538029026400326,0.37936182347109415,0.8581261704517709,1.0028036053370524,0.9141521803269959
208,0.9851414032126801,1.088048812069097,1.146089106481629,1.0475844343332041,1.024813881939664,0.765721658147295,0.8227850688176748,0.8013786249564376,0.7575352088278308,0.7753189220570248,0.6542373464596498,0.5869160322296759,0.6583538331249228,0.6191230347642667,0.6331637918591075,0.48430901601812804,0.5211257818300519,0.5627731228071402,0.47876151332294314,0.4114417085411399,0.6081114180155289,0.567795708577949,0.5157874975534577,0.5806055956469532,0.5363127692010308,0.8318907449059922,0.7564687602299062,0.9058818785525363,0.7102153114514869,0.6765966835428767,0.8929488326008865,0.3987221417090584,0.8615300379635789,0.9223188423852418,0.888832265118346
209,1.0710394293289411,1.0170472711576677,1.2067728333982566,1.1945149602471188,1.1068625398578642,0.826686385170244,0.7164176431838367,0.8645388947047817,0.8922120667967542,0.9993309161045353,0.6334277763106103,0.5719044775608412,0.7255698175766403,0.6675876073474353,0.6517434220621973,0.5435087563530729,0.3470192996873482,0.6044099063112145,0.5473755469052477,0.5395932885969317,0.539790632412124,0.5728523354411958,0.6631420178012959,0.7294535059296061,0.6123434485115816,0.8523464511433788,0.6350561222056899,0.8278913242086512,0.8812291765458216,0.8404455280714884,0.9266035609901091,0.32869350937812486,0.9526950235665763,1.0615448789580824,1.0552156867891649
210,1.0993603908770497,1.1932991475618238,0.973992151608758,1.1227606655025992,0.9546689608809027,0.7243542884107868,0.8241041060355396,0.7694659159888436,0.7387984068530111,0.8448519227546051,0.721375073525651,0.5622326994439342,0.6152780815948733,0.5671470934710411,0.5793988360806124,0.5442113549888115,0.44791907185363705,0.5168453396906478,0.5150325526464812,0.4658865269308608,0.6348720830293062,0.6481717368188542,0.555834753527289,0.5859978339590595,0.4915765442120737,0.8063853799485547,0.6217376661324403,0.7898066672963835,0.7262980606455766,0.7582289990438722,1.0466638998712132,0.3707064217216185,0.8540532647720308,1.0147850065274748,0.9365814689770161
211,1.0830500059396915,1.2318020729380987,1.1499894234734447,1.0869790805556838,1.072272706191739,0.754314762306868,0.8839425465762824,0.8328899970242246,0.8095372722084748,0.9119917959238941,0.6091145907679795,0.6868721567849665,0.6517247443738006,0.6319360400515802,0.6185440898759818,0.46807439917572213,0.5157811659676332,0.4931206674959515,0.5369517788693091,0.5018815028540509,0.5721472759491908,0.6139754062244895,0.5655776350061528,0.6235466073564413,0.5072056407453122,0.7859247081926728,0.7161667591654591,0.7738406723550838,0.8825729740559434,0.7885726329250247,0.8607159822489867,0.4167266095945388,0.9185547799262633,0.9200156268502565,1.0310785721572429
212,1.0285358266425475,1.1312036755566726,0.9883642411460565,1.0038493835231088,1.0672230090823134,0.7625661693398775,0.9773730303192223,0.8237288821092821,0.6939233667015001,0.7899550129755256,0.6265610399975616,0.5775803976135274,0.63868071927209,0.5842984339836081,0.5735241695581126,0.49275657079110324,0.48805348746455796,0.5408374845347728,0.47377025306888576,0.4652168512211481,0.5690142022231806,0.6087811908579461,0.5748482222674961,0.5420243182547202,0.4355866950147906,0.8509716698530391,0.6564824496419415,0.7939537977527873,0.6986343917920412,0.8043068651353513,0.9493227367505523,0.3840569333657488,0.8909895816996956,0.8518567136853539,0.9545508844207742
213,0.9412391864733927,1.0319078250281422,1.118308428169628,1.028472228840874,1.0691583446833053,0.7290033671157092,0.7782891976334465,0.8736969670499621,0.7977724501587984,0.8939085144251273,0.6335676849197609,0.6400519287754505,0.6007913021830819,0.6041252274269158,0.6079977778198433,0.45892283259744593,0.42920576189422555,0.5318641328301386,0.5745941913437882,0.5420016810730918,0.5328565374090766,0.6266092923147337,0.526179228262967,0.6445221693996315,0.4472987562095241,0.7191662387371474,0.6039103552304028,0.794772232547949,0.7027657760331031,0.7621388929280416,0.9211920827900133,0.4190822889945232,0.8980639570271258,0.9395276261271921,0.9951123897902845
214,1.0330899835943539,1.1775639759599197,1.1353274969049743,1.0657509700493888,1.0383001957319609,0.641106716320804,0.862827960190432,0.8734405281674443,0.7755002812813503,0.8242092278090029,0.527119570958697,0.6153136232869378,0.6586717268437652,0.5086587074217259,0.5647930737503402,0.45700832557591803,0.4922410302744429,0.5891996815766675,0.46801981402332904,0.469240656725273,0.5828705657541307,0.619724662393954,0.6229286076475486,0.5571091472599341,0.4095147085586681,0.729256433343527,0.750742696698568,0.803006027124259,0.669157740278297,0.7203824298159496,0.8350345393083904,0.39276394415246474,0.9679140625031636,0.8966914188357112,0.903582525720827
215,1.074208491389127,1.057633504566867,1.2207794260602238,1.0352368654954942,1.1010839909817103,0.7532514459019778,0.8530958011451372,0.8206152848456802,0.86513855858907,0.9316210905485602,0.5645676126034579,0.5913141915787363,0.7026062363009813,0.5663024675378944,0.6079323794638947,0.45134606083067985,0.5127100843205447,0.527020685267781,0.5550051518497534,0.4911193668638609,0.6051363536930985,0.6359879825752282,0.5870620494024812,0.6629881523155264,0.5094558773944527,0.7571848636790934,0.7888993853500925,0.7990187291324958,0.680165830972947,0.772396833548419,0.8926662883408998,0.39255446920321363,0.8656550647775568,0.9203338930732884,0.8779866636873652
216,1.0003190568755964,1.0590574673895843,1.0667149331165597,1.1304026351043746,0.9510818999625144,0.7581115087416709,0.7846110096341794,0.8410923698330197,0.7410620250451144,0.8797645232710187,0.658182871990249,0.5590780085711118,0.6341009735835119,0.5542994480208334,0.5214601883485221,0.4884581490426615,0.43698184466446666,0.5395053498448157,0.42859724956332484,0.506724419875004,0.5471226772572368,0.6103931164413736,0.5247065392222369,0.6206136280746689,0.46065381938845834,0.7320333159613697,0.6249900829205961,0.8465200855572212,0.709475124339654,0.7748909866540288,0.89668329013743,0.3664736960645134,0.9506814080597561,0.9004307574261341,0.8267448234696542
217,1.1181284682432167,1.1021704653826123,0.9629240324117223,1.0659580017401438,1.138549608269642,0.8486708426481915,0.7785035335833707,0.733286716268667,0.7748420046530712,0.9160708482928408,0.6519321492364833,0.5661020201904565,0.6107469108320637,0.6254989874027259,0.5731921295998266,0.565205166170847,0.4238735816665169,0.4671448139362303,0.48662360316571707,0.548257714718267,0.6235354068484124,0.5810449935249872,0.4783269780830356,0.5991353893401132,0.530783714916149,0.9413345236461584,0.7278860339984781,0.8175793977101491,0.712108244938571,0.7898412521543716,0.8434716238606801,0.39554106126307165,0.7500893091242227,0.9909593691448622,0.9178351811447831
218,1.0875915871894373,1.0541899698601358,1.0475977284878035,1.1192330082409108,1.1064357392923099,0.7263880340230207,0.7790416505393456,0.8423500074644625,0.8201032439533368,0.8941656947604972,0.586237931910247,0.5455673976895328,0.6704132136989931,0.616877859357212,0.6291878181814055,0.5096425096884307,0.43929424108655946,0.5575301838353537,0.47545755353786523,0.5322099200071243,0.6378241370174667,0.5707073416307755,0.6063105578298573,0.5935680681001007,0.5462590914797107,0.7491458900616499,0.713250025658622,0.8417748929840313,0.788256534394607,0.8536116973451385,0.9489594589271264,0.4173412511881774,0.8327602438124682,0.9864960080787524,0.9238685853644395
219,0.9161010804247816,1.1168979886214654,1.0170883475823977,1.1305531468698928,1.0192198203491991,0.7338537836388395,0.9280312836152089,0.7526481895459978,0.7727226069446693,0.932497070320911,0.6023044953877339,0.598301225422335,0.6894867510578787,0.5912052824088253,0.6105835269561947,0.4619959479391854,0.46208257103642614,0.576638108298512,0.4564461653542282,0.5588829457444296,0.4913384198837434,0.6079685964111773,0.6479738351193163,0.5897711181584195,0.5907066222637561,0.7865606359216921,0.702040191486166,0.8745027028037129,0.7499470170837312,0.8299715471293552,0.9148900032050146,0.41475797835210826,0.8460643636314541,0.9031933555339688,0.9872083729760597
220,1.2325269818669211,1.0937099590470005,1.0015859900744164,1.108006925731439,1.078004706621087,0.8397454924830745,0.7627150419537756,0.8264516774319098,0.7452968463952415,0.9520650481923043,0.6596870062017115,0.5489954196121262,0.6596546268548974,0.564660012104729,0.6265966362765633,0.51713078432405,0.4363499394190608,0.5386096394523091,0.47964196296562844,0.5476053093361315,0.6369681346174247,0.5868562902877389,0.5310773677978692,0.5690585327514833,0.6163282062244597,0.8813619981999306,0.6031396152058609,0.8494406130385612,0.716395934138911,0.8420882219496029,0.9151182897760672,0.35376516171297023,0.8792681673540839,1.0058633067313032,1.0043414899216123
221,1.1192739474442064,0.9738416326811546,1.0661112614124952,1.050030147918168,1.0392040005413623,0.8529315952503174,0.7587792835924285,0.813021120277718,0.8128465160896632,0.9052489248036545,0.6774115662127653,0.5533361047108232,0.6146071100199959,0.5948408001269226,0.6343176112898308,0.4816077114278966,0.43684254440307196,0.5036949669003302,0.5398143162179712,0.5149687512005362,0.511061281092122,0.6024487105269822,0.5370604493356698,0.6023626295732198,0.4990949294534733,0.8209750313793913,0.6909984102689453,0.7472370956565486,0.7508070617024742,0.8330251101734538,0.8290853806119708,0.4068121378988817,0.834952744696841,0.9040715812880975,0.9395017790445463
222,1.0701711453706517,1.0718671095132084,0.9827688182026344,1.0985799653149648,1.1140678684614946,0.7310365535799923,0.7935091378788035,0.8465892901086158,0.8490121040902116,0.9086676122295267,0.5841654441143296,0.6307111155944537,0.6644229980707244,0.5750332490340306,0.6007845276674645,0.5290085527064483,0.4556670541906294,0.5281262231221083,0.5213960027009377,0.5223289536224549,0.4798475672917538,0.6269757846596116,0.5368973982333042,0.5662954849122158,0.5929678674032872,0.8764857168587319,0.7216180787195372,0.7489802396818056,0.7559440591391213,0.8227146929777447,0.9056822100085067,0.3849087404706888,0.8820435596176759,0.9630834294984941,0.8845564576127405
223,1.1055156985850068,1.0839649532878148,1.0940152011555595,1.1621188859137892,1.1245335848091118,0.765848698431606,0.7340170145504008,0.7621241918260949,0.8466382998923498,0.9528061005313384,0.5695765724031601,0.6251020097576165,0.6859820246421076,0.5828179475206028,0.6052144203882994,0.4181967049384592,0.47430193227135964,0.5906512744286909,0.5097660093868466,0.5106633823775901,0.4490864681053173,0.5896910200630983,0.6032873887033128,0.5676345475217893,0.5459148425444649,0.8224620026906513,0.7195060559150738,0.7469568463648496,0.7765525082205914,0.8083968121078625,0.8207494015032701,0.43766026249894774,0.8264791508282201,1.0005965635875134,0.9148038318220157
224,0.9757499241598525,1.0294198184848868,0.981662384154515,0.9646635793258058,1.0716246165802128,0.8838628302774866,0.7064974787147538,0.8190209512725657,0.7577315887712017,0.8596173865114625,0.5991547769717083,0.49824561312600446,0.6135985814320466,0.5090367914215017,0.6056402984421236,0.43850354412348636,0.472601685563892,0.4622590763137589,0.49840724627161714,0.4967610026173144,0.4978572125957592,0.5541233269594886,0.575117512111979,0.5266092387130115,0.5748222372571428,0.7430816844603503,0.6584811869471252,0.6807497142355947,0.7122149648268462,0.7785240545798586,0.8883597600664177,0.3798444112597344,0.9121430625233364,0.9072944114865927,0.9196165837823573
225,0.9597363350572319,1.1971322770905717,1.0914502326592603,1.1079572436694343,1.1134111814436247,0.8021136411145361,0.8467805659542911,0.8492717758539825,0.787745251129818,0.8845574321618992,0.6474083376041331,0.6754574319449058,0.6068118301264265,0.5717238840714849,0.5457776082833874,0.46698125339420954,0.46234110286094493,0.5145481908589606,0.5432186989692123,0.4903537923189467,0.4607009784087497,0.6659750900597785,0.6089890777370203,0.5775200826875551,0.6109341641339225,0.8540984943955066,0.7712927846573625,0.7756565901496322,0.7419862687572709,0.8062265572045517,0.9373898051971132,0.44585420980886004,0.9435385215646805,0.8909300519528552,0.8822898527858272
226,0.9836005570434225,1.124822635150018,1.0579679132631916,1.156928022836193,1.0585341396791503,0.7835113516714283,0.8774171577699439,0.9347230180193927,0.8616432863974064,0.8806018682308929,0.5340090741837379,0.5678319772842206,0.5862071179353923,0.45445943803100664,0.5729785384516428,0.46073000626916305,0.5066340791158693,0.47813244398635674,0.5566500595398599,0.5148181277594601,0.5126857565797008,0.6977477441024567,0.5266540100169772,0.5485129596490805,0.5805481347374997,0.8451957555895069,0.7740827008925311,0.748449999386767,0.712196709908626,0.7814180703600704,0.8505838640266001,0.4356560068067944,0.9035511906070082,0.9517667524838955,0.9370312574482202
227,1.109821992295524,1.0431211306898773,1.0169615556417897,1.0987884350378128,1.1010483961418072,0.6575428061327152,0.7541613072354607,0.8133464169600607,0.8808510220106961,0.9845546605194917,0.6266040480235328,0.5623517100138127,0.6363817464653934,0.4450209563315004,0.6194763166476209,0.5045304966479885,0.4958914147637423,0.49700435949092553,0.5298105504071454,0.5524569394985965,0.577305023636981,0.5736566081305932,0.5887577617906148,0.4990144826483127,0.6578263879646453,0.8150783075709459,0.7037427845954667,0.7458046520487006,0.7789745361437803,0.8052334169500686,0.8509567738419921,0.3979905799368213,0.8958113068895566,0.9281495988726274,0.9643249853409486
228,0.9714427404159567,1.073721891887648,1.1178832024478198,1.031769378725006,1.0436666685483398,0.7328321429607383,0.8054242268445716,0.9646919683775914,0.7633695355728087,0.8669775042340508,0.6433530001879076,0.5460042879784293,0.6641821272129997,0.4160882544757317,0.5782567142308745,0.45564478856973023,0.4668165745108258,0.5795194727543689,0.4706125608639914,0.43421617131032925,0.5759338436530191,0.5446396562590723,0.5937256821711814,0.5026162729513555,0.6189439657024535,0.8221279897632524,0.6826236015296695,0.8283047909344817,0.7223163889284586,0.7392283538803408,0.9300620836382376,0.4356982710675511,0.9869041727648156,0.9073212188478068,0.9501743957945812
229,1.0482332572811561,1.0773566253401272,0.9006242826485533,1.0242124174231795,1.0054659621618636,0.7752982864254924,0.7533656007098879,0.7297429026751712,0.8483527478334825,0.8481120603942547,0.5966597749642956,0.5138051922542026,0.5789792293296118,0.45211780306187055,0.5442179474062747,0.4940758604798766,0.48689244919785596,0.5006326343317202,0.5720949423530177,0.4808601003735803,0.5322998680557882,0.590613518036966,0.5689940438111987,0.5588534970485561,0.5722789794228881,0.7603746035379872,0.642071071214902,0.7196936353497173,0.79039017160527,0.8332362770781141,0.9219606087920381,0.38034495053007816,0.8171405626039987,0.8859040858396521,0.8789979417192633
230,0.9887366802944262,1.0206443270892946,1.0305968957543106,1.0044665787267602,1.2052862001030173,0.7853548656442981,0.752533850604485,0.8160594364996081,0.7838441943506895,0.8759361686228573,0.6002134982310035,0.5785696930771589,0.6176494514253459,0.3461802157552838,0.7018452341770085,0.5338433975456349,0.48898775002487627,0.4830999126720177,0.438606807006481,0.4923392334774977,0.5760032277202302,0.5669571192425202,0.5410319221737914,0.4825829421287197,0.5982179305203916,0.8029429722046062,0.679918833810446,0.7762266759388516,0.6586388778593656,0.8163645422617798,0.9183278175407192,0.4102574641229787,0.8012427416970029,0.7577027255673736,0.9372949536634789
231,1.001322721649454,1.0026540986906314,1.0893548930443449,0.9911445108507133,1.1292603046402545,0.6922439247112309,0.735739228815146,0.8934343367808235,0.7470971889150011,0.8989335555861873,0.5771274086462056,0.521898422659927,0.716401243235576,0.449128636593186,0.6385044917641383,0.4874141090089362,0.44581427278278724,0.5491803395554749,0.5116920182509498,0.5054940570426812,0.5305223516106774,0.567543678174879,0.5767858442359338,0.49587323262905053,0.6160149496327595,0.7159495981298754,0.6908187797660212,0.7668907184619383,0.6529370663273214,0.8229006780802535,0.8817851906761365,0.37105210492280455,0.9405465170726528,0.972686911254443,0.8809106635717172
232,1.1451810642880675,0.9716593714389199,1.0116101564065185,0.9669537866763288,1.1922376337768452,0.8485803610074583,0.7740190641800966,0.8177040227848087,0.8420063935379347,1.0390809787699509,0.5730016270152526,0.5247780206372283,0.6244741809256726,0.4485085970636631,0.7337192530802795,0.5014501418615758,0.4652383005787252,0.5044506124201666,0.4567961365395181,0.5518205764449182,0.574093082762843,0.6368555758358944,0.5032864310792993,0.4794272996479022,0.6580783223678938,0.8189648747178315,0.7764904882961219,0.7389705403948392,0.6827870595962121,0.8826806032382585,0.9045876934053537,0.45127062642638804,0.8536287449442831,0.9367659424655744,0.9180031987572974
233,0.982855601306192,0.9844709620588001,1.1570556600475927,0.9073771806734288,1.1571221951919608,0.8291330049570014,0.6725225331646554,0.8746439621035789,0.7823363079787091,0.910629945621723,0.5651671652486807,0.5403731403416752,0.6913970209902413,0.3758241069835715,0.6759048312929614,0.550841080864674,0.4273776569964658,0.5486157471918204,0.46904029657137697,0.5291630959807841,0.5415384953236166,0.5738167447234152,0.5291260123113636,0.4976007840137222,0.6492037194616361,0.839980731633104,0.6689496052389897,0.7272650448703701,0.691979344990735,0.7856470223088307,0.8811624875449042,0.4068624754033255,0.915194264802637,0.9600696443863037,0.8305065500367391
234,1.107868182174707,1.0506654736673027,0.9915756228313085,1.0817854007875285,1.0411551602399256,0.8593699150536465,0.8797513425117551,0.8194083046865017,0.7364371137442485,0.841863928402957,0.6859988158090776,0.6364557443787089,0.6039401582927264,0.40761270791152404,0.5764231862465143,0.5660697987547251,0.4371913011592999,0.5138510926185015,0.4456381132041641,0.4649267089562027,0.6033069566046663,0.5993280028543958,0.48277350670172925,0.5532013236801517,0.5439029249629472,0.8581331782931243,0.7079616478493727,0.6919858673818042,0.7807850285710859,0.7170191477845935,0.9490242619015072,0.3542935960449935,0.8702055301871906,0.8691969840115811,0.8854294470101636
235,0.9333720801296523,1.206823688541267,1.0410340856338103,1.0997592141461834,1.0460562890918497,0.7052060606318901,0.8022425388537967,0.7860608614124687,0.8632032947371502,0.8206676555513075,0.5289830217319913,0.6400066478247202,0.5552916291538272,0.453687653786294,0.6737244882918185,0.42402642639164856,0.5394582418688665,0.4950777790682216,0.615746446056053,0.4708820605484278,0.5318459077889754,0.6359165489768128,0.46580609963841835,0.638392176452232,0.6384520477979518,0.7779422519492005,0.7099529677542262,0.6623253052198195,0.8587624062422342,0.8257002244301859,0.877026375765704,0.4200968433384541,0.9159951367527708,1.0113833517174908,0.9262139058214309
236,0.9530399130227591,1.167618700398877,1.103292108477261,0.9139951475829771,1.0589870487589765,0.6754661226431213,0.8933333291607224,0.9316830688684319,0.7386927798119483,0.8941503687369602,0.5332214937037314,0.5953572229745974,0.6779753853856557,0.4352318217854201,0.7024355912103065,0.500494485375037,0.4626441380569953,0.589196556270536,0.41872935832872615,0.49929046733625465,0.6017517937071372,0.6736021462507353,0.6108828179472358,0.49461854850310305,0.6289358840621467,0.8061792161127472,0.7608456216029253,0.8401139535720523,0.6418741030100291,0.8487853172969064,0.9240898555674699,0.37525564081299023,1.0029381429669684,0.8347314039378662,0.9219599680601137
237,1.0380449523279975,1.2192768051501603,1.0495074814277427,0.982218212058569,1.145846391643317,0.7428219670314522,0.9024420040266453,0.849540679140016,0.7041251954521607,0.8646316399986762,0.5973003620064524,0.6463246779245313,0.5971318746803684,0.5072018707350698,0.607533225142727,0.4773173981467689,0.5525663558141067,0.5296791850904985,0.4403528456381932,0.47402922885904214,0.5155042616772119,0.7304102274531294,0.5715811884615382,0.572470143534985,0.6257376182515231,0.8168670401706467,0.7645108970380009,0.6740151662552659,0.7786162712112332,0.7891231483809527,0.8521974889399547,0.4727922016642428,0.9402815460803264,0.853597741500218,0.8363941181940207
238,1.1638944794863202,1.1835490058272766,1.0914141299243552,1.0411787843757039,1.1107893809328138,0.8240207329549385,0.9221438373374478,0.8252322407388666,0.7758270281818169,0.7904265790079854,0.5557353272579068,0.6889157370855407,0.5835307107976496,0.49942013764149795,0.6653125263584085,0.5821946397187845,0.5201164294694509,0.5333446027493871,0.5006771157594354,0.4509420425933813,0.5609564593691413,0.6766919635691699,0.568066458608853,0.6141544229935817,0.5559768255712627,0.7696428605629517,0.7567215172430981,0.6848046959505054,0.8150281850438149,0.7755915643518564,0.9549652510018717,0.47713038277887193,0.9362066747608271,0.9673619158199676,0.8957910660511593
239,1.0343421132399366,1.1748764938178018,1.039003877115861,0.9674261830721256,1.1166793412129377,0.8849754236143079,0.8533475004290128,0.8496604328292069,0.6903522695567086,0.8944632700824768,0.635702774288587,0.711173937736279,0.6186764907338427,0.482385553362745,0.6327075889063181,0.5897099893425929,0.48544213065388286,0.5860867721840096,0.44698788784619625,0.513429992046057,0.47436126680600404,0.7097001103047322,0.6002356590229437,0.5368982662332442,0.6332891411946259,0.8469208449782651,0.8143457285640858,0.7711316096609828,0.7472121817172969,0.7819934948835965,0.9044664667596398,0.4444838579477782,0.9276454696803,0.7964989690867292,0.8545950908789226
240,1.038109236883982,1.0001043933698006,1.1448025933591652,1.0645549879847018,1.1193494951910534,0.7713346354832056,0.7501268956976792,0.8094722316511355,0.7876079354188855,0.8759195809696098,0.5786898532751761,0.6221477276075413,0.6229890763020033,0.44799267734386167,0.6327993682606143,0.5163726057816307,0.5088651975108841,0.5530256695074427,0.5093771405393879,0.46928420677116,0.5203551358432174,0.6356166369363031,0.579460128876207,0.5248429773674375,0.5757486093257026,0.8282995348108376,0.696313152437765,0.6621802540294118,0.8231903228485369,0.8345927404363037,0.9507674968152628,0.3949197625410822,0.9868737061802454,0.9289153888520838,0.9402701427010909
241,1.0474656930137394,1.2126375236083258,1.1709276431204054,0.9577557384341181,1.0062992343331547,0.8901597071766171,0.7990660238193998,0.8542823394444193,0.8510956595442913,0.8260825962000685,0.6740004671199176,0.6446027587914576,0.6318469177879471,0.4841073952889171,0.5682200592949049,0.5317948852996199,0.48406804685647786,0.5511816615466938,0.48612397926444023,0.4689880580123737,0.49467338002677563,0.7150582543819904,0.6072083526548435,0.538265896604708,0.544442915746496,0.8585421305926351,0.7921308070040989,0.7126795305306299,0.7462409272634152,0.6945777663460596,0.9073631449840514,0.48548910522460625,0.86010099728959,0.815959930665105,0.740023851390459
242,1.1780465792656132,1.1329647706571955,0.9236823248095167,1.035144287172526,1.2385024766871084,0.8425248078279702,0.7983156545983519,0.8057739884277264,0.9428173781208766,0.9300290051963158,0.6271007807991591,0.6160763849512421,0.5742775140203272,0.5427986337485944,0.6489068457903238,0.5303647719145426,0.4607960113617889,0.4811552280322481,0.5511340094798892,0.5360419487568631,0.6383789576754515,0.6212205581018352,0.49819464430540833,0.5242028576957826,0.5640007414649648,0.8168613915157663,0.7502513954777803,0.7011945631568781,0.7161496556824876,0.804852268165221,0.9472714146289756,0.37609220441386704,0.7280955413276147,0.876988182285598,0.8288842521932525
243,1.1917057630520755,1.21799864977823,1.0340184085222064,1.0259052086105196,1.029841152586595,0.8988175403441607,0.7943083247816978,0.8341865927663383,0.7641166379461471,0.8644535946276217,0.6432300140584222,0.6314725801695154,0.6353991299192645,0.5708508414250515,0.6060368522739921,0.6361663579905198,0.5045664440810883,0.515104048586094,0.46199315355106335,0.5321167636234843,0.6495870622334671,0.6489481745556747,0.5440204484373521,0.5133098952988356,0.5601786797301394,0.9105566218728149,0.7736169276280338,0.6682984733765558,0.6811641625890568,0.8606651803487413,0.9367043904042154,0.43798467588936707,0.7839990814602595,0.8468162376765875,0.8508082151205603
244,1.1157937299900746,1.0451148480103627,1.0585705934648661,1.0391067546234523,1.1878792449912483,0.850076273872576,0.7351732170023464,0.8233513622241682,0.8760817798633368,0.9636581462579085,0.6017171935403138,0.6286744394755562,0.6766106254213065,0.521826954262449,0.6999621663835192,0.4962443512669566,0.4655160496834657,0.5908894991608831,0.49521454891676053,0.521430231650129,0.5887907594964998,0.5666598309102191,0.518077524970926,0.5105855082007809,0.6396224713868451,0.8491646336372944,0.6973032725683788,0.7458451901366456,0.8356404393671432,0.7932918406770068,0.8777893926293268,0.3559271408912563,0.8838782985494985,0.85067891170519,0.9721873306688621
245,1.0831937852547835,1.06535207914812,1.2154152627884736,0.9324449196304674,1.0507764802816315,0.6961564844035029,0.7264515282142016,0.7763716283665218,0.7630334673562764,0.7826854154718904,0.540350342850061,0.5935877112037315,0.6525165731366451,0.5048947365099825,0.5860714242568876,0.5782121961482928,0.4421829079970837,0.5509008272980824,0.4790959714887326,0.47594262192061265,0.6091887321761225,0.6528767174668535,0.5333705615338041,0.5258755675385547,0.5358575313289851,0.8462699924191247,0.7065362810650112,0.7139612520758589,0.7106405523643672,0.8345762129057452,0.8781376939662167,0.4113236815753269,0.8896952475984748,0.860740296065813,0.9784636011759467
246,1.007176976950323,1.1468931849908788,1.1195993896187555,1.0762955453597607,1.0305849609960371,0.72164839895244,0.8063270256307102,0.8474099650624403,0.9003008894528433,0.8413333809005836,0.5036069402260754,0.6074920798731496,0.6318011626241296,0.5487715826006867,0.5616759702817133,0.5193870036389328,0.461241524662899,0.5240021992716616,0.5404066592576156,0.5179589688015933,0.5450872615457536,0.661289537918887,0.564225170234551,0.672365274704067,0.6413610312454618,0.8118444372318677,0.7335976587787584,0.823892726808805,0.8763466751335554,0.7897316237331784,0.8243677668977567,0.37221419496736263,0.980445757670888,0.9043287310106899,0.8567278719711006
247,1.1283957253226937,1.0374155180130433,1.0431408150613306,0.9345567552633851,1.1019406308849151,0.843117405988522,0.8838082119414017,0.8886657168830612,0.7910803906283985,0.8975476659427506,0.6074902705051813,0.6673088037572672,0.6997216143535352,0.5937816418125501,0.6845443140239882,0.5900258696255427,0.5037003662372381,0.5654080232278801,0.5037194304795942,0.5008765769907596,0.6726324373671964,0.6671939627123438,0.5956524333039138,0.6334491501404961,0.6085021434066935,0.9531440394987324,0.7485342913015366,0.7867043774929348,0.7432496892172475,0.8629463915138182,0.9029259030314842,0.48839408011802254,1.009789158728979,0.9637193262898567,0.9624385518916635
248,1.038804102955898,0.988592166438071,1.151158919576079,0.9419139982221161,1.0568587058284917,0.7819424774753658,0.7141363964527111,0.9183178932363334,0.8353234432360717,0.9270174331041345,0.5594352412931788,0.5810771902270627,0.6961008946558676,0.5399425771129001,0.5783979676381724,0.508411518632065,0.4897052937485773,0.5643510739977529,0.46339833197084723,0.5425065000527254,0.5596004183331476,0.6639109320100859,0.5652746993315596,0.5670574761930331,0.5910736204893943,0.8013347500936946,0.7666881657443525,0.8075309335086018,0.7715738614335643,0.7110889981122703,0.8531544494918588,0.4162947781368135,0.9166623767487414,0.8404379691259588,0.8661300590798602
249,1.0787744442182887,1.1668511353444202,0.9948131738449479,0.993352365248906,1.2006770293138984,0.8215636613609114,0.8343225930833593,0.8910815342333545,0.7621934972692717,0.8689726665104573,0.5727819604829651,0.6037473889934869,0.6694292927237968,0.5432328915660054,0.6219176005668047,0.539786685873803,0.4411742235132049,0.4734423490670183,0.4905309418034486,0.5893558046354278,0.5567966798697213,0.6486987347382702,0.5395439359542643,0.6023810776446732,0.6366749342913582,0.787117180758985,0.7648295158800082,0.7854462654952504,0.8304626195726602,0.8421190232887841,0.8637206244494828,0.43274235699004227,0.8149170213591069,0.873075149855333,0.9791964044803002
250,1.0359573741201233,1.0000966171317514,1.1260762795110653,1.0189887958179025,1.1341844213294312,0.8175300898722289,0.8584342896280812,0.8319730585268297,0.6234631314805053,0.8450630300012509,0.5085050940135342,0.6514405517568064,0.6594479718602118,0.5020509151436261,0.6339221178480661,0.5140426373353721,0.455128145625515,0.5864182487862365,0.44337121559759557,0.5053978644758409,0.5806926055227677,0.6258538502420166,0.5531504910138942,0.5604528992753617,0.540718771277366,0.7991317899540336,0.7518426417507054,0.7035510319994456,0.7321079129753448,0.8205704269781517,0.8637908438097379,0.46570394869894427,0.9033257274905234,0.8351906165782983,0.9462792270430097
251,0.9995718774754037,1.0541541654964541,0.9964699867662823,1.0443279239660832,1.210076445787268,0.9157258716855947,0.9252055977121906,0.8815785206511068,0.9626742727983605,0.8957770529985927,0.5829769105360736,0.6635022479655237,0.660817967282174,0.6386085319698018,0.6627337511820004,0.5325652312087443,0.491024483114167,0.5052683542380327,0.5407800909848144,0.5181835241304497,0.651325261124386,0.6634892157637866,0.5446160257024072,0.6385222547252014,0.5871531566499391,0.8635250578281656,0.7502677116183885,0.7474165091031321,0.8119041946046651,0.7712828966297438,0.9396312379474547,0.5361655214140947,0.7918498989940337,0.9013892008760543,0.8926270631204964
252,1.1271716099435196,1.0253142088937466,1.1865387695003737,1.1261326966560474,1.1617112347218785,0.8646005789050022,0.7878677373780157,0.9543101981918286,0.9139359549672037,0.8793056320801009,0.5078828863848782,0.5845465747331944,0.7262884987945923,0.5922399504589551,0.6334915530266984,0.5200751921601695,0.47676073734284274,0.5597979058388733,0.5964735897583477,0.48723293867762807,0.6309119224275572,0.6311264633524551,0.6177811453413634,0.6099398756247472,0.5597467497487774,0.8551626123506079,0.7473154273433433,0.8313639568876678,0.8445664213336505,0.824770967728841,0.846710532303224,0.4342431294183932,0.9408111849667502,1.022011456487402,0.9063660535830383
253,1.07922926861649,1.1527107994404435,1.1261966418656983,1.0359477731745952,0.9979176961612699,0.833284406168905,0.8397788723486413,0.8081468834950563,0.8456192255545769,0.8706000783073159,0.5885621679911646,0.63372284966088,0.6486121005811801,0.6021954973512688,0.7049834537487717,0.5037305284391338,0.4907798020502613,0.5453559557707517,0.48737835720393907,0.46672374490799057,0.5777600405998032,0.6149826840291284,0.5927867977516119,0.6144237723691774,0.554273165996063,0.8360227240469082,0.8255725112648642,0.7755208196131739,0.7662714791632554,0.7432425342404574,0.8367793784831806,0.48855269283075503,0.8904692128556594,0.9572387704840801,0.954737176060057
254,1.0358290818507658,1.020178939551046,0.9508156673040661,0.9862932403534329,1.1615185018488081,0.8199168845389617,0.9175229584259577,0.7568209238449581,0.7023368742962346,0.9450761998519088,0.5512696219676639,0.6468895764160377,0.5762088792857962,0.4576397755664237,0.5698401544796019,0.4888168941602601,0.46532499119881054,0.46166979772717254,0.4386220829250395,0.5068757789348606,0.5032941278907954,0.6233834290007039,0.5538291187912825,0.5379944665963163,0.5713159951361393,0.7983095150654272,0.7313890050566998,0.6329966376454981,0.7208899847674934,0.7480407195077585,0.8859083620891053,0.4427468546030771,0.7995311919524071,0.712186111836409,0.9212292308693463
255,1.1346923809360474,1.0898163121295437,1.0235848081464605,1.0653605235863086,0.9418602076336933,0.8695773208563304,0.9210904200619289,0.8084292753955233,0.8577150404829701,0.6779237446160418,0.654388614864928,0.7059818228859328,0.6289223236676276,0.5317541044092376,0.5880209915674874,0.5769210300887639,0.5095251650597016,0.4958916392520043,0.5356756397708515,0.4530727959867453,0.6434810360615016,0.6582180872184951,0.5577795481943056,0.5856875565060455,0.5121298315331846,0.9183235407033009,0.7559527106021677,0.6319546651781025,0.7197688959983439,0.7673263287149705,1.0203051515794685,0.4159886985571773,0.8217272626211121,0.992307192893328,0.7936985117721682
256,1.2010459006905536,1.080704349505588,1.0564307793919125,0.9803088320330923,0.9822942034103223,0.8592700564138535,0.8708630667330071,0.861739447162841,0.8365046587365279,0.747891511974317,0.6193413379972886,0.5984130654580696,0.6232289382720566,0.5825994560348381,0.6259450005932794,0.5374019119989717,0.45267625272208345,0.4629014439795127,0.532997174994951,0.4829057024060548,0.6175898389467953,0.6151041286658847,0.5464176393884135,0.6215145393563377,0.5619539195673462,0.8614752263529014,0.6682723466098471,0.6456667327908802,0.8496660276746886,0.6910208434282139,0.9711194879831196,0.4627587380741629,0.8928646374232265,0.9579025156955072,0.8966565404005588
257,1.1403312598165016,1.1976026552842687,0.9946915513139496,1.154863260089534,1.175732275892383,0.7581232506113955,0.9943705334162334,0.784071101030527,0.7727987899580115,0.8479820390503914,0.5546461100283617,0.7301050682989068,0.5355994569578593,0.6097411618581035,0.6823568582469597,0.5031552706842913,0.49680754885275674,0.42486003050254706,0.5144593587040278,0.5196146752805895,0.6465149114142952,0.7143324169651095,0.5724571544266894,0.5413459851136067,0.6025807244519238,0.8615762322597377,0.7895970147071567,0.7412230461274711,0.8484283040142191,0.8064642141822809,0.9391201984053358,0.48328473844248715,0.860494066378445,0.9821378700127121,0.9828471820145428
258,1.0425400064849693,0.9373327359860417,1.0987113146197909,1.0925746283484261,1.0054148768219542,0.80929210657482,0.8326058468791008,0.8436332350731083,0.8475048271440795,0.6963768890192692,0.5555313278620929,0.6012153022096937,0.6574902993387892,0.5961873242511496,0.5581551006460689,0.5260161855918081,0.41795643471862315,0.499016332215204,0.5272936232676659,0.44348964288055015,0.5396365291365763,0.5789280337519307,0.5857970712449141,0.6534435874856367,0.5335429156090427,0.793145875249907,0.6334021491441619,0.7651107533004889,0.8123384260275895,0.6204720344625709,0.8689303209448042,0.4620918922003387,0.8005840198905496,0.9801140938196455,0.8016351377403281
259,0.8439327945671272,1.1059253732254608,1.132097107147807,1.1636033683164482,1.0560250770892752,0.7163162593281929,0.7471001880537934,0.9680167374904762,0.9310449512309014,0.7597377983703205,0.5185475606876222,0.6495268590735401,0.7023331488214908,0.6881540283346244,0.5632697841148221,0.47360184091000973,0.445681741747751,0.5405347763637163,0.5857476334942119,0.46026589253528527,0.5435894678331719,0.6383539107644733,0.6170165649275279,0.6539424752814269,0.5624426296090284,0.885590841043328,0.75766267913849,0.7918125640027789,0.8354420801134985,0.7353569931240111,0.7309744134509611,0.42893971375910817,0.9362276892441945,1.0207844015782472,0.8685367691039279
260,0.9444245993712144,0.9024773351683428,1.090119255294242,1.0315764313972973,1.1231711551128285,0.6729147223446267,0.6975622574197938,0.854340516897889,0.9357113473016704,0.8559064043620733,0.5484751003758415,0.483416529793465,0.6264199304908912,0.5974097749923813,0.5890909375317094,0.46220433210712325,0.40467656773893007,0.46577996612157957,0.5165850617223395,0.5439919366556702,0.48413788649751643,0.5231130105055639,0.5618987262863084,0.6783351314075152,0.5787014147235455,0.7315492883238519,0.6293740400272113,0.705492603937921,0.8094889147707309,0.7489844052793084,0.805787335409129,0.3418890656215217,0.9183648029178668,0.8631752583250485,0.8904746892311822
261,1.031396361317426,1.0790437197198606,1.0912104415961106,1.0912866437797109,0.9165846835535952,0.8354238445264976,0.8626948715887677,0.8219019935989594,0.8941970221803808,0.7690148698437758,0.6187196294117645,0.6092094708532179,0.6812092169151562,0.6149331431123071,0.5906656837756364,0.5546692635440146,0.4682144739008778,0.5385130391452442,0.49870162588817424,0.4808296257565585,0.5831072559216647,0.6360065065387266,0.5587738178042554,0.6661463954564776,0.5152441869697717,0.7980885721131712,0.7917816979688213,0.7579429235697397,0.8350599649479593,0.7511296269479211,0.7921197393302783,0.5089731917388832,0.9837218725004584,1.0122410962743764,0.844399861676545
262,1.0862565037978094,1.1861879163290294,0.9830690551093774,1.0044565335140376,1.0693918103817317,0.7776177733206242,0.9038886561369308,0.7213702240880802,0.9272625456632663,0.8623301953695011,0.6903368791723896,0.7021363120474353,0.5680205797479476,0.5452138715726427,0.6273352342807337,0.5166772115541447,0.5205372673555873,0.4496573617509503,0.5290883486731942,0.5138984127065852,0.6012253043329445,0.7061138508571452,0.60358424587837,0.6312580747001542,0.5533257004475978,0.8723433566672425,0.8371858953974931,0.6898911947773353,0.7946417918410931,0.7283687987539069,0.9019873360864805,0.5374334459820671,0.8601492880336454,0.887073208962579,0.8094539507765781
263,0.9951445485109742,1.0937838463066858,0.9329035032200315,1.0881967973948783,1.1527185262903972,0.834750307390213,0.7974786752901963,0.830365990199326,0.76168790301766,0.8487544921975311,0.5779993460823365,0.622341182984576,0.6046881086939071,0.5588947802060142,0.6321094522409345,0.5152535873594626,0.4976032962174786,0.5046642242552728,0.5336229015940779,0.5219101545750715,0.5327989335017995,0.6449743989178786,0.6241568854156695,0.6115601453467,0.6478326682697699,0.7984732063638895,0.7630336268225053,0.7088407077169179,0.8812634406134963,0.7415054054869882,0.8973243005381881,0.519829945949305,0.9079019856549921,0.9509520385129672,0.8828057811139852
264,1.0260262755994212,0.9810210353941329,1.0565159522401801,1.1208400787330255,1.0374194635596683,0.7729516524904523,0.7614787083479231,0.7683387775165162,0.9947478099329858,0.7604354199993435,0.6128205581042718,0.6488798654835094,0.6315944289794793,0.618294874358687,0.5162712103344939,0.506139777577594,0.4875777068341896,0.41633351339464775,0.500182830891098,0.4914965398051271,0.6042749523589742,0.6234897339523453,0.5822761307952833,0.684629254742944,0.47717696495358103,0.7897529117758186,0.7016169010758618,0.6860694209159468,0.8391055859910885,0.7038863392816468,0.8443397382696289,0.4498812161970489,0.9370956094017066,0.9769876989546586,0.7548210408664282
265,1.05496078855926,1.171536745388636,1.0918578893865407,1.0373755454067815,1.0376949141001877,0.8354732707813507,0.7071682158746507,0.8559165654159759,0.9365031597067354,0.8416097488606558,0.6233929171770358,0.7131337877813133,0.5982060515289399,0.5482426282704324,0.5932724618387702,0.5513156446160888,0.4637283637610304,0.5098336076726862,0.5442851980877943,0.5190586508730899,0.578042859074493,0.7051817345387164,0.6093173728556602,0.728900258843711,0.5737788199159776,0.8147974536879303,0.7584531947003823,0.7302650370160703,0.8102757201697572,0.7535657809138738,0.8996763933688243,0.5537664241757785,0.9728316601462046,1.0824115491909914,0.8815254239239425
266,1.0286989576011574,1.0883465801508918,1.0434123131078747,1.087343563490004,1.0634851865954722,0.8425092752607681,0.788049797173046,0.8262851293561952,0.8426701331100637,0.8412431291840263,0.6080012199085679,0.7006453311533127,0.6499729338695879,0.5863340933675281,0.6651629550883302,0.5826287898902835,0.515051031414694,0.550913828754241,0.49207021911196214,0.5589954276686332,0.6328263811062542,0.7151483258183479,0.6090756342559078,0.6378063957622082,0.6407306641824841,0.8631794141332949,0.8118439163317595,0.7738678892999538,0.8030241699413059,0.7851294186815035,0.9428569130140085,0.5267529812706258,0.9091903740712716,0.8987682850939854,0.897811611160631
267,1.046356423510803,1.1047132910082031,1.0330087374456927,1.028374411251936,0.9337312955413398,0.7885746335138555,0.8823393905278696,0.8390269552957239,0.8390757181406152,0.773027834615708,0.595791030040656,0.6569193914577685,0.621590682774237,0.5195448308651375,0.5453055018797665,0.5969823146218858,0.5269419970815019,0.4842519841448588,0.4538285013822402,0.45433952120863214,0.6068707059372567,0.6863672647836915,0.5629963227512158,0.5740115530840133,0.4718063172908664,0.8188019901310876,0.7921540752726923,0.6574995087783856,0.750583965587782,0.7217956981971899,0.8927341659553492,0.5826621714045924,0.9417745564673236,0.884452001039489,0.7967090212528302
268,1.0148568397578508,1.131435074709652,1.0104934552112435,1.0674496932738453,1.01524774445609,0.8255805344396688,0.6908791241559182,0.7600845513972254,0.7686954622455611,0.8710174736352462,0.5945281722378517,0.644023265198423,0.7079523059427151,0.5876907389689685,0.5986683041395683,0.5544175822057221,0.4707872258135665,0.5651195518506976,0.5317629411209245,0.5403651999511287,0.5762217539721937,0.6144502937624208,0.5439221722939036,0.678125146614369,0.5499565404147504,0.903092585424038,0.7599955013749387,0.7883736855875287,0.7481863230380426,0.8062227179261087,0.8541450086049269,0.5566398611262884,0.9062064293966661,0.8839857954478303,0.8395768358691218
269,1.0910734985666002,1.095239661465039,1.0566497346771737,1.104281525867518,1.08218850297451,0.8164489806735586,0.8715414858216004,0.7301258558037543,0.8289539259968959,0.8156349682760133,0.6272944531014906,0.6645039100009236,0.6698053942250964,0.6385304592032935,0.6396356450495326,0.5411421861930684,0.46445350643371847,0.5793061329909097,0.536322609836259,0.5180954264011873,0.5701955464521389,0.6525673833121208,0.5699182948489244,0.7260298290764435,0.588944217269594,0.8512693617657299,0.7925736646215418,0.6861698344801317,0.8170472795543657,0.7422360398377965,0.8926414944203835,0.6372568559959884,0.9466386678529017,0.9983001993278897,0.8485375258244442
270,1.0191636408539828,1.2410256422228028,1.061636984683708,1.08166198375648,1.0298224979621324,0.7513401381377269,0.843151345302105,0.8064086780482452,0.7994577483644854,0.915860123114559,0.565432436403047,0.63078215030727,0.597332360564441,0.5615759021404224,0.5982400830518154,0.49678765287721594,0.5020414185590649,0.4809141592638034,0.5667655353624924,0.4989961648537334,0.5411554958722868,0.7257173674133848,0.5339271791059081,0.6535677776662575,0.6054106610702751,0.8133689259414145,0.8478364948862005,0.6435993356939806,0.8452151161304593,0.7366243691463563,0.8058407244822222,0.5919700086875253,0.8156655843283735,0.9884963141389594,0.8148669378049148
271,1.0083959314655448,1.1044693822189988,1.0312359074536848,1.0614789675141934,1.156332608771969,0.7911301369034984,0.7016011160278918,0.7109214907244594,0.8087018298848541,0.9345532925118767,0.5373206066940142,0.6164508313949922,0.5639538873242471,0.6063788715180825,0.6298418529044584,0.5587230140698263,0.5117810529106757,0.4763904531546144,0.530845892865911,0.5205792762974688,0.5883693620635291,0.7060142722331556,0.5256430058442108,0.6023987159842688,0.6712238720076261,0.8198847832533385,0.8520686328378114,0.7652532712715446,0.7474471284999341,0.760801789083222,0.8368498819232264,0.5098226450375611,0.8244545474386832,0.94460541240792,0.8498841509090038
272,1.0638959204907483,1.1839768127308905,1.0256482775578695,1.1060273870525064,1.075498929786398,0.8172055881518605,0.8818670062775116,0.8912640788267933,0.8697474185602088,0.8436673175796426,0.6144652380066205,0.6447070367900001,0.6977409402489383,0.5685779368649011,0.6342488449695333,0.5504362346007725,0.4286986314067306,0.5520024580803431,0.5528301695820311,0.5221793227839846,0.6246235122462924,0.7009019424158496,0.5136873981631682,0.6136162455339849,0.6629793013919928,0.8418713367901767,0.809443074042373,0.7801275216603663,0.7788871951284706,0.7232597591691832,0.9003487424203996,0.6185871131471874,0.9240438694587289,0.912079168639621,0.7236678331878967
273,0.9979445165225406,1.057266461096946,1.0563101865000668,1.0021772752054434,0.9984151359000516,0.8228704905849828,0.9302843443836477,0.8102022206152155,0.8399152002306782,0.7712297040630043,0.5759785472669207,0.642690756748892,0.6725170928493471,0.5769455547797735,0.5293054139516555,0.5915237946440307,0.47662525817936424,0.5325288106372825,0.49604676446403495,0.43376957254992854,0.5906962617991062,0.728420919092519,0.5896852741227564,0.6544059982939986,0.6188104736725948,0.8686073852447822,0.7721524500453869,0.7135516197109044,0.8127461243550282,0.6940615771815841,0.9013091385021678,0.6040938309590169,0.9037208537472382,0.9186711009600771,0.8172253617078562
274,1.1715823631365154,1.145323092032318,1.0978663438625942,1.044509644906411,1.0646194519359757,0.7694696924894986,0.8736059620647951,0.9716934645820747,0.9279114554779486,0.7893704250632628,0.5395514257707171,0.6448529827327072,0.693238037606144,0.5904513927698871,0.662941893221327,0.5606830989779661,0.39699901136387966,0.5868011814252412,0.5333169229341479,0.5506910949405052,0.5652050337157858,0.7030413131526798,0.5755197269176471,0.643519411281272,0.6740407887154544,0.7679214777804324,0.7732281273563671,0.8824763848765032,0.8709063054732598,0.8336242356852249,0.8179539061594534,0.5663391933169953,0.980479572907668,0.9165716017004599,0.8748834304094344
275,1.1846994911757163,1.1355697255793187,1.1193450603025616,1.0425390219204755,1.1134700666005364,0.7850282497498795,0.9462868527795862,0.8191758051820852,0.8884207897883935,0.8680280374534634,0.6926376698541585,0.686200044680916,0.6147016595714632,0.6160410106977834,0.6820300990202782,0.6329780159762404,0.46340418932594873,0.5471810854592317,0.5415277497500259,0.5313717975311847,0.6024683977527849,0.7630312915886515,0.5213167482747784,0.6314697037515544,0.6497549646239429,0.8604505709698732,0.7804272669177567,0.781953498810241,0.8381854466978726,0.818731545431955,0.8970733102886,0.6113214563804308,0.8842096386234637,1.0185246231049763,0.9030297701906368
276,1.1128831823533862,1.0954733511366213,1.0745496315807102,0.9660364460048176,1.0985612966223977,0.7883557836502075,0.7569778344803605,0.8139624345639702,0.8695389822055792,0.8187611287773244,0.5267128552747491,0.6572390473481972,0.5578897874926706,0.5619253389232179,0.6323584648084836,0.5275893164678,0.46760909475817447,0.5156026701782488,0.4950672924098568,0.5886249547500231,0.6371385418776001,0.7363518758938142,0.4399436643020302,0.6344161504284965,0.6093265576412115,0.8502894238063595,0.8249670138849319,0.6915874097060021,0.8126390783543862,0.785999586458421,0.8285153408194441,0.5395997936198995,0.8839799756627383,0.9131927578159391,0.8678647768531278
277,0.9529502837316536,1.1137913763434741,1.2070530866202729,1.0921907458295304,1.213871524758821,0.8025776059561907,0.8553092890623297,0.8966702500584615,0.9189810318682456,0.833139992543808,0.5131377312219674,0.6025954982374196,0.6347476967335577,0.6306490693680371,0.6586926844842527,0.5339636301250721,0.46949532612673783,0.5395641466825315,0.5177334380060357,0.5606503964230837,0.5340747154373606,0.7217712841563197,0.5503637241982398,0.6000051126889351,0.6035060883137839,0.8681659856885068,0.7103559915501337,0.7395966444771078,0.8382119675424476,0.7774178926853996,0.8721274607661416,0.5646142870304216,0.9157499309864481,0.9187230792224775,0.8887355914004977
278,1.0961582983981788,1.083079341711557,1.121596274445007,0.9752793632422672,1.1590290892217847,0.7746447990416581,0.8900431062879419,0.8201150265370531,0.8239021320873078,0.9490760149095725,0.5804894898295406,0.6600868466773924,0.6625057539729157,0.5824729983993113,0.656280832929887,0.526321417461201,0.4832712615770014,0.48360247574183984,0.49069730944672774,0.5662748346925679,0.6167386576115544,0.7564637366436499,0.5404212796647887,0.5818545790508303,0.6289277794174357,0.8403042268796174,0.6966615674619331,0.6899576731089645,0.8089539658054852,0.810657614004827,0.8198062489647517,0.5903591200569441,0.894530559158319,1.029752480432458,0.8994042542347502
279,1.0462648218087651,1.0425314536165076,1.0711819222834624,1.0880374275537905,1.1086271050925731,0.7198826618710017,0.8464242083427587,0.7948357449444448,0.8109390802128814,0.8410830849598092,0.49849333818125485,0.5379169528701102,0.6120043534588138,0.6369512040927622,0.6954401802451393,0.5534271995501345,0.4264493024143259,0.41191433604757305,0.5208510224508286,0.5804107434899459,0.5270745791986637,0.7047473467807679,0.484149154758297,0.6497625098116628,0.6261977343955221,0.74143833494998,0.7027506143680977,0.7570397415980613,0.7997170867694399,0.7690833466316349,0.7298391450529877,0.5364752646272765,0.8639654274873898,0.8843082045637296,0.8628769278793283
280,1.0483975387928675,1.0403513020511723,1.066835859067218,1.105541734597646,1.1954437578454502,0.7884851769900205,0.7852413987164519,0.7681370969286502,0.8465596725711453,0.83607732034809,0.5258454335267764,0.6284974808571209,0.5872504031271973,0.5994316699006672,0.6349829484656941,0.4622989781281166,0.4156303224616894,0.4599737128764886,0.556122859290655,0.5684445520482873,0.5621976274690813,0.5938351594070836,0.5691165900439188,0.5995161520571467,0.6102507963125352,0.7331910338957869,0.757387706704088,0.7121623616645945,0.8175278019569902,0.7319988305012444,0.7428609185680344,0.605699354691065,0.9451686480597543,0.9437839168763564,0.8376933379568399
281,1.086445031580539,1.0562290314384963,1.0658498529299627,1.1122765099359715,1.060809601576043,0.8059194990663775,0.6895918742351257,0.915679848054679,0.9190031995363562,0.7788509861733655,0.542544866437854,0.564009491378737,0.627041388849814,0.6050796706381005,0.6389036581987332,0.5348389088826543,0.4246839069691878,0.6074761295453548,0.5742158339782978,0.5650425939934172,0.5589426253635227,0.5503392574895214,0.5254571418388194,0.6106621607672954,0.6771231488088266,0.7899768365982394,0.704180995156555,0.8401666315826655,0.8578176426302289,0.8039791837144562,0.8606746382317542,0.4564136180680587,0.9835685512952246,0.9860989757904554,0.8851266037393002
282,1.1942168512899514,1.1308660619857733,0.9720164140772177,0.9952445739249459,1.2227195460914921,0.8312546224926581,0.8277638597109082,0.850457291720085,0.8720588294426915,1.0345995216502875,0.6687418925840563,0.6266935677272625,0.7085143613525781,0.5501266043664985,0.7522039252471542,0.5167206795201167,0.484221442951146,0.528534969115993,0.5314563984582554,0.6462707160478832,0.6286213127602278,0.7273820938386153,0.5734905712874608,0.5857926891738205,0.6838935608463776,0.8350262977937916,0.7017428642244121,0.7782123970720425,0.7354121465473467,0.848365327648544,0.7656430295679255,0.6016092296908557,0.8879211695986642,0.8815865007738387,0.9370405145391749
283,0.9979044937813768,1.148455569187091,1.0550021109438652,1.0972271637234816,1.0713631780491686,0.8135890839940736,0.7483644125196713,0.8369346970502668,0.873474398288861,0.7113752700226942,0.5535780662897846,0.5376534523138756,0.6187539338666512,0.6506191676013348,0.6560427560706306,0.5172603336846608,0.4536994788835821,0.562760928844338,0.48899338498613276,0.5316164685308975,0.5350966557540489,0.6319409213477363,0.6055889812272812,0.6011865468984282,0.6085291873627026,0.7422251009818222,0.7671562718862678,0.7742204710533013,0.7819115150925655,0.751385801524611,0.755274109337955,0.4865677663204345,0.8521235835665838,0.9120566870240302,0.7362507238027747
284,1.0592642907932932,1.2841686772498289,1.1344623541482617,1.0385239461627154,1.0639793784442706,0.7730002980907492,0.9136201674168374,0.8383559752190126,0.8457445321448023,0.8555820531667301,0.4976008934512929,0.7393456372586338,0.635834343549556,0.5376245515214502,0.5976505148615252,0.5168408352891696,0.5773251229546151,0.5031664985926325,0.5833272337917874,0.5319637543977657,0.5822059804410145,0.8254338419655932,0.5379809178308634,0.6409376011017989,0.6003320016698389,0.7629013303964103,0.8744592533650934,0.7575709530144282,0.800703424745305,0.7476935281555049,0.6231475541973619,0.686106140817893,0.8490976507516734,0.9656404638111876,0.7691855794600236
285,1.0430562174537656,1.1108571084821197,0.9453241795710111,0.9518569326838129,0.9180175683153268,0.9024258834577935,0.8854517100525356,0.7823716218380641,0.7890476134618607,0.7759050554406346,0.6023550454934742,0.629490491460097,0.620426516234639,0.5692338204521079,0.6135938061282649,0.5355500032863224,0.4848028536423086,0.4739430619269729,0.3953133990842787,0.4911682699519312,0.6308941352219473,0.6994383851814618,0.5543237771102019,0.5334269165518368,0.577826293348902,0.8910469972902166,0.7457817419838106,0.7541679395453389,0.7210793074916766,0.7169257665780544,0.7198387779463922,0.5936937555670521,0.8678412924412225,0.8221845983737048,0.879217719245464
286,1.1294904177191953,1.0585041847608667,0.9854399497220696,1.0548390338753038,0.9970764976312616,0.8084032239684238,0.8042462841450133,0.7323663643867364,0.8844405871184541,0.8954144171194653,0.6279730961661827,0.6275993657872145,0.6190417120539601,0.6582915702955616,0.6351689841807655,0.5586508483126367,0.4437143492962906,0.48057686508639036,0.488195040295831,0.5105162816841871,0.5828648572149051,0.6640785871104606,0.5206597883974264,0.5988575333187416,0.5967117445968886,0.7927486953881357,0.6505680087934186,0.6664897656451922,0.8282460406664045,0.7251562756204823,0.792009253343397,0.5156627866988116,0.8021530002190018,1.0097260560768433,0.8227975085315892
287,1.1086161635997493,1.0722784975625395,0.9989549681201215,1.1095788187948872,1.162338139409517,0.848672275252734,0.7878298342303146,0.7913917814314055,0.9006630408515682,0.8693827496005357,0.6397132188112455,0.544040641076823,0.6802003278001287,0.6183684906264552,0.6785082169742521,0.5613005467059416,0.48018583308357476,0.5706545350957944,0.5950619461912019,0.5234604715148387,0.5766156401322455,0.6568501421726218,0.6118793920910022,0.6452808245347131,0.5957578213869029,0.8648889677210184,0.6788435197431786,0.8476692470361152,0.8207517217236944,0.7220372040390763,0.7463643172355382,0.724096501799591,0.9203521293989585,0.9933846487284023,0.8892105456698619
288,1.0634292265531984,1.0913533969356148,1.0244405848121194,1.0778358144698115,1.1560848771689773,0.7956587769011814,0.7879674166402042,0.7930470917189042,0.9132080985913342,0.9427473692259167,0.5576344438842051,0.6694233080901321,0.6378007124336449,0.5590733493094728,0.7022517121643554,0.5629808649181819,0.47695351543026676,0.563633591021396,0.5350389185846772,0.6031628903635968,0.5291818086871503,0.6806249568210928,0.6026494846510634,0.6053647528217819,0.6159755772940723,0.8511213269812602,0.7065040839229846,0.6639459894145074,0.8903991515539051,0.7908019288292032,0.7021797521140056,0.6723413009023083,0.8589975980743205,0.9024634780796266,0.8852645466260054
289,1.034141249093771,0.9713584680005302,1.0581942339471806,1.1858902928233923,0.9818076225589524,0.8294755357128111,0.8304369728810692,0.8312421414006481,0.9352894622971066,0.9067849361564153,0.6548839744380786,0.5796891366169308,0.6807074354433581,0.6439064045966438,0.6831789332765177,0.5425615774519332,0.48597418084531396,0.5473465439923644,0.5090456694520209,0.5629394911732306,0.4855821423322194,0.6759608788206111,0.6415880898394358,0.6783606048097517,0.6213772944601395,0.8498681491435197,0.7594302172544534,0.8276899308464118,0.9033352080011792,0.7800437193185016,0.7362133348750661,0.5707067605428788,0.8954543759161804,0.9677922974555266,0.8357957284465625
290,1.0758904426908167,1.1209478223558724,1.077346485240803,1.1266920004120773,0.9689091800447589,0.8121076261061198,0.8601536525331388,0.8360708945566735,0.9867980507601242,0.8503932884162628,0.641165589362078,0.5630575508997664,0.7167330942202152,0.6283198104083998,0.6861895962524246,0.5355261904636978,0.4747683850123106,0.6059330828773319,0.5483248121439656,0.615377132508328,0.4909297046003692,0.6927286505678961,0.687908167645944,0.6533765431408669,0.7001921515650545,0.7999832814774961,0.7455861840556566,0.8397129605423281,0.86871213152384,0.8378010711439995,0.712445826576726,0.6237081525326975,0.9673906000226142,0.9984242305216117,0.883008839238026
291,1.1178617296041766,1.2383444696363384,1.0422978339531488,1.061600918650873,1.1818520737940277,0.769901395457737,0.8530480316716902,0.8875858607921185,0.8070798348695484,0.9845983116503345,0.6615350732031953,0.6620111266069091,0.647456046235148,0.5584344041078341,0.7168553356544863,0.5456944547661946,0.5372855495976856,0.5173758631166836,0.5033949925397877,0.5677986620813629,0.5126145277872682,0.680497446215987,0.5898180756406239,0.5825752815452252,0.7163661636843497,0.7939253356373155,0.7882810399032657,0.7998628092229355,0.8002181436409063,0.8118270739551017,0.7519819368961955,0.6702581959028937,0.842756996848063,0.9154795058682862,0.827601533929453
292,1.1082614893830163,1.1556893029258757,1.212741478914075,1.069385485071703,0.8973840447644823,0.8494591256138188,0.8933154296598287,0.9983736936089014,0.8582252977137053,0.8519426838298821,0.6526909950197428,0.6558753005360753,0.7497950997439886,0.5726966669169642,0.5919551609479694,0.5357033190598278,0.41708227457586144,0.614308600394807,0.48880672830012917,0.5594883614092925,0.6325233970479066,0.6454739639217116,0.6891686297346059,0.6134491799864198,0.5493096533837947,0.8567703355508247,0.789295416013071,0.816233383138464,0.7390371418311923,0.7540812956869316,0.8343055759586064,0.6240695265194329,1.003894705436517,0.7682961963798582,0.6893086842104333
293,1.005195100294153,1.1259852669441057,0.9972653954531527,1.1674859995883327,0.9959690037631463,0.8668757645692018,0.8303600278579519,0.7318771849737828,0.8016424659941044,0.9258476883524299,0.584085787767552,0.6010382054389168,0.5740780802030258,0.5898793591919543,0.5984825439244006,0.5675130828199988,0.4693478970107667,0.47199095737146823,0.507321494831147,0.5422891328890614,0.6123103751319556,0.7082591093422461,0.514106748301713,0.6755632931986052,0.6383971677652155,0.8120174320111408,0.7156084298479384,0.6698272833679243,0.8387327761176042,0.7729856671217719,0.7460416557046343,0.6165256783378105,0.8089208333685014,0.8864898100349353,0.7824974695023564
294,1.0588839281436029,1.1545855438883774,1.0641135453802857,0.9964622062478306,1.2246853316406292,0.7739007264022981,0.8945493471299533,0.8707956336699749,0.8959422445302566,0.9698133760176841,0.54398620473495,0.6354944537195035,0.6470904621228113,0.5401563112872153,0.6893852443082138,0.4412479918274617,0.42605735518920573,0.5051828162881759,0.5451600830511794,0.5992676303909834,0.5213890879018923,0.6711996644974791,0.6445229999972407,0.6363335881887411,0.7274862514144546,0.6990842234352915,0.8131762594973337,0.820147948535451,0.7798393760068274,0.8316584030747938,0.7635203708789402,0.6497636574454585,0.9062615964138071,0.8966094712374915,0.8192581851681798
295,1.1123134686499285,1.1753410060389284,1.0744022027931281,1.022784902073084,0.9655790633495018,0.8017027194550208,0.8875559957648583,0.8184516412394247,0.8365098728811821,0.8757370053077019,0.55419580949741,0.6244524251134902,0.6394984747380044,0.5332485646668772,0.6261504747846918,0.5076747144533873,0.4500577957906775,0.5214852230171007,0.5716909966511645,0.5899286952767739,0.5806681571507608,0.6845141594442674,0.6689282165216353,0.6797917848027493,0.6457125790158067,0.8008524268434087,0.7257759611180405,0.726159596889467,0.8408021069754382,0.777305501013601,0.8057393508459567,0.6774922670092807,0.9084370291210675,0.9478940924932119,0.8297069532873682
296,0.9565399309408873,1.0129979315210633,0.9755253093791091,1.1717333367178377,1.06789638657034,0.7564733640260021,0.8156346204624487,0.8551322237227345,0.9453222460305617,0.8263655551171002,0.533196761532035,0.5569617994590951,0.6579259064247402,0.5940539320174444,0.6370516027474895,0.4894431626463646,0.43741751480034874,0.568253896639483,0.6466279374386634,0.5187350005689699,0.5509089819247547,0.6599287128049598,0.6259377328496766,0.6883308521141664,0.6269496181611811,0.8317626562921516,0.633493778932273,0.7622920812196372,0.8387642711400589,0.7613802620253071,0.7371263093686267,0.6260545853950255,0.8511381698363949,1.0186458947653039,0.8151970314314085
297,1.1241560536698718,1.1611411092336392,0.9609874250352607,1.2072331733901414,1.0396743569321347,0.8625729646379916,0.7830497199927022,0.855822788268297,0.967143829531312,0.833087533370386,0.6290345757262085,0.5888157074011774,0.5826264189626675,0.571628800786574,0.6426794179191333,0.5533977829239862,0.4662613258690943,0.4779432138776736,0.5654264052534689,0.5347460060668336,0.5742720391896107,0.6770353026428638,0.6427463620284984,0.6591944413378894,0.6084882635486732,0.7668677154825179,0.7761483497812277,0.7284221268272204,0.8843805437655397,0.7251865081256343,0.8579419633477491,0.6143903079354536,0.8685668394958704,1.0266188939811995,0.923148096203695
298,1.0697194373885646,1.0082697639153781,1.1155285317490002,1.0689516404675279,1.0695910492665894,0.8201638094211752,0.74805577156949,0.8017982085474414,0.7469440105171901,0.838875928737707,0.5429262925533738,0.5448069192809755,0.6107910609390922,0.5717257647106524,0.616880581525459,0.46753357315278976,0.42055601852747004,0.5372601640589396,0.5068349874066318,0.5564659867295737,0.5877950965376498,0.5908853960407212,0.6338214863637897,0.5955114063211218,0.6530578085534136,0.7720732840869463,0.7341768526858707,0.7304316345290951,0.7410638775456999,0.766411042366146,0.8823029003840219,0.6902740923775439,0.8299984029007326,0.844610773767429,0.9101266946826704
299,1.1004459923009748,1.0628521690710262,1.0899229565641355,1.0723919460580666,1.0416094104170983,0.7339658281981778,0.7743772793993671,0.8229091317234887,0.8209887463191486,0.777204153028666,0.5595726170964614,0.6429773540186974,0.5708132036951161,0.5798375223489989,0.6014434225721148,0.529401400255973,0.46778674083711813,0.5048641919185397,0.5459823716586745,0.567660382624186,0.533613886819821,0.6240304837741987,0.637932192775044,0.6749038058448686,0.5993889880006107,0.6943088738463259,0.7232137406127925,0.7599146707282047,0.8110426667416791,0.760864496238762,0.9619000232895913,0.7267874088014823,0.9430625743900667,0.8822474667573011,0.8391524736431459
300,1.035221799318352,1.0979774530661288,1.0089835645008258,1.1244914806071402,1.1978106333041818,0.9399685492445409,0.7902281105201227,0.826942333478863,0.8835789442084787,0.8930977441372732,0.5652273050201435,0.5663755280800011,0.6434407850756878,0.5683716273909247,0.7112450096082208,0.5468008253709868,0.5050697655814228,0.541759690322017,0.630645731402565,0.6530152305673755,0.5669758009975245,0.704244427725236,0.5741948187457382,0.6647364577121753,0.6912207023750854,0.8259074821785666,0.7441960453935264,0.7382658408793732,0.7750631828935154,0.8770590703544454,0.9705013524628341,0.7452391092672684,0.8027736108628858,1.0141892054214048,0.9158161237284455
301,1.2289567878122356,1.0262185211342687,0.9637013463837014,1.107276260521684,1.096134731584228,0.8276851343041369,0.8881560816982088,0.762839852821426,0.8251736175327429,0.830274143508454,0.642068022633589,0.6053492694292298,0.6168541752276504,0.629092691736926,0.6169460488956384,0.5139127803610005,0.42001413801141546,0.5116573362312331,0.5139419565642959,0.5631474909808325,0.6722751900755068,0.5984181686676602,0.565450130405481,0.6624279529265481,0.640655828860561,0.9326552447740342,0.73037615113439,0.7285167449270307,0.8270279487871891,0.8301080007239772,0.8353924708687235,0.7253015383035111,0.8213999964898094,0.9418374170767971,0.8378735971666094
302,1.1030782776292352,1.0713929192643912,1.1167568768441722,1.010078642914284,1.125087795594807,0.8138748621008054,0.8126509852720355,0.7860565947901818,0.8009556530274135,0.8527788486093205,0.6361812243281459,0.6004233209670209,0.646591159074686,0.5199990100878641,0.6834501779733918,0.5487732838362378,0.5214487089337472,0.49854377875595857,0.5372673970021765,0.6059965416288479,0.6856647713118825,0.6177480908183591,0.6376258331445237,0.5725433305973469,0.7167168381063262,0.8188840956393214,0.7032238385082881,0.7900560339613558,0.7161748256806613,0.8262369689234128,0.9017715689419428,0.7151508292673965,0.8843611769499311,0.8660343477396241,0.8884565765953442
303,1.0394977450934728,1.0816996881317464,1.1447858553164987,1.047133331565874,1.1436352015389164,0.9317573935209115,0.8706260316429171,0.913251671228372,0.8402740478913695,0.99161406506168,0.6701712484987978,0.6116870739897667,0.6171152299746944,0.5516893857964889,0.6052234762108748,0.6002698710707018,0.4328690143613876,0.48574190584390553,0.5279277679860358,0.6174351213375818,0.6503133847154441,0.5920743569348665,0.5724938701859494,0.6189053385735758,0.6600136632250382,0.9419299700501966,0.7741393781061452,0.7461234471743744,0.8482866554650529,0.7676643433801444,0.864741770161003,0.7609219777943111,0.8180790685790289,0.9897178299419532,0.9189240672731506
304,0.9107907746638102,1.0161690939199435,1.0758474854463267,1.023899755544155,1.068870526581227,0.7838976871932166,0.8309196135503594,0.8310586394486108,0.8307153720272913,0.876850397389116,0.5473933169180734,0.5885513052674098,0.6442301065224098,0.5426578450093148,0.5727854246485776,0.47797070080666604,0.42504820923439135,0.5906808597599251,0.48795567525202077,0.5429647575965839,0.5444479344246558,0.6219890440735023,0.7135478560260657,0.5669379896837143,0.5932749175124858,0.7535242729233989,0.8203614620772861,0.7228537223841143,0.7899106892757891,0.7621803548533829,0.7011621164529314,0.7365448265263159,0.9062708161330816,0.8421116396372187,0.8836233671375683
305,1.0609334402328234,0.8397437467694018,1.1966980716675675,1.1308307939271498,1.065158929410985,0.7950793769298272,0.7570788813617761,0.699565383208219,0.8415262309414899,0.9034227146611289,0.5718946796844802,0.553133088669396,0.607441579885159,0.5427073304876846,0.6589436358280363,0.45766636314070175,0.3965127750690737,0.47570060983559836,0.5258693633501647,0.6172982496621219,0.6408070847832781,0.5557240405483801,0.5739049941350209,0.6365785485353298,0.6454904094905292,0.8200019323668546,0.6754728777927188,0.7638067106714093,0.9015995812263352,0.804449860976191,0.8717437654641579,0.7051639198865787,0.9476142072976712,1.001713066414301,0.987991821626748
306,1.0812592462399386,1.121194567706477,1.0286651917897127,1.1280451696629823,1.0128611983167533,0.936692553895843,0.8881512590651387,0.8141388817776005,0.7940152693775245,0.8182593825803934,0.5831129978584291,0.6668143820669241,0.6749646570749536,0.5165184739585738,0.6042020512007459,0.49459929383202483,0.46494422333628593,0.5064916814928418,0.46873207504505654,0.49936952195097717,0.6846113826493456,0.6695297456379871,0.6763156156197228,0.5726495258332058,0.5777774455045077,0.8725807174619762,0.8069919161708209,0.7115745223024991,0.7878036424536046,0.8231330463325757,0.9065518891416652,0.716609684603888,0.8543852430735936,0.8804735025405639,0.8896632100272112
307,1.2343654799226769,1.0774842019332445,1.0790593308472047,1.0850525635145203,1.1959562620081559,0.7241703620343815,0.786961043978337,0.8468441182860399,0.7770545385864638,0.9528495205691102,0.6509758466677824,0.6080720760737481,0.6601138021468929,0.5453500995632028,0.7040148953472796,0.5289866605327018,0.4135623563007124,0.561642925201641,0.45578152475753014,0.5921453977993723,0.639220312604633,0.6091984943402241,0.6831052760371286,0.6003926156009273,0.6272502744879713,0.911911432027494,0.7148920363790188,0.8182907750485816,0.8376211411937369,0.7958208627458507,0.8268948882200733,0.7256815377780973,0.980276843874192,0.9487320910783574,0.905143213792591
308,1.119686319486794,1.1504134404651136,0.9837471532901867,1.0867540141561878,1.082139814268055,0.8277055912875974,0.8970675771588082,0.7945996354275054,0.7067054846794739,0.8867982982236307,0.6312861474190582,0.6018443555240195,0.6101467459221704,0.5366693548726483,0.5861403702017172,0.5219632229078032,0.5102951469918442,0.4836870241681941,0.49457852866432783,0.5491699632958764,0.6137854606203427,0.6910587513722701,0.6371252593899831,0.5199195442984048,0.6154895564140105,0.8947081586296223,0.809555789865362,0.7635562477586091,0.8167202819682388,0.7795924618850715,0.9026393382401998,0.815884680787444,0.9498606991038661,0.8685381728177011,0.9059288863124426
309,1.0210668405030279,1.3119029878483621,1.3024494100293789,1.1743380267328898,1.1190466295807158,0.821257449194565,1.0360681996324699,0.9484335542417444,0.9533047782689144,0.9194437558287742,0.5897427552684278,0.6636659337440343,0.6481231728278507,0.6763973890083139,0.6141327811164994,0.4911514427003736,0.45354142409609455,0.5871025311507024,0.5701249239955235,0.5026988899326513,0.5849211565495817,0.6955311051160403,0.689141021793902,0.6585142129568613,0.5935296947893177,0.764896762844856,0.8388404121911345,0.8020626573356805,0.9184685162337299,0.8502259775794511,0.8279305455999098,0.9079378927975414,1.010050340550537,0.8819391283841587,0.8790670541219208
310,1.1646231281963233,1.069321314963743,1.1244559230620197,0.9869718130390138,0.9940545950107443,0.8845573986019102,0.8532046277900509,0.8000896392444705,0.8564617904104269,0.7593765950547038,0.5712629020812308,0.5710106073984771,0.608421198325098,0.5566835204067729,0.5073215454019814,0.48706499498995504,0.49201106612287016,0.5038985063334671,0.5134016931429652,0.4699565699945806,0.5772747982093915,0.666664998791308,0.6590586043812361,0.5688278447540673,0.560062422030092,0.8166672079869033,0.6382570818058299,0.668562156448274,0.858892891566797,0.7312049437872915,0.8876125374155543,0.7416197414940385,0.8904152180794647,0.8542841894721056,0.7705521947315617
311,1.2402426124973853,1.0485876898827133,1.0949376186628914,1.0408756717160197,1.0777352706787497,0.7974737095708198,0.8336270928853092,0.8457662981794425,0.9348460972093116,0.8798087305349847,0.6942550269856231,0.6315811811969132,0.6744781956481496,0.532220825029476,0.6327313076330332,0.5618303606764248,0.4634709935755761,0.525726842964773,0.5760544153117633,0.5089178983656637,0.6646439442338972,0.627702901502806,0.6517038355043026,0.646826106078315,0.6271431844543703,0.9248920364994992,0.789307894710476,0.6837932267281145,0.8806127262550789,0.7847708002818845,0.8544946644711024,0.8085163058559435,0.8829400693508911,0.9035653430347874,0.7778289078241133
312,1.116549644092842,1.0906217804218872,1.0506667678210877,1.0552319417723988,1.1120242408312608,0.8669659868715668,0.8597378265017372,0.728344408224351,0.7882888544193476,0.8922595049942539,0.601707319139186,0.5663949073114731,0.5516580517618612,0.4849344600974608,0.5770906498722618,0.5337297608645672,0.46574498300254846,0.5047858596319429,0.5036279293221808,0.5582000310346702,0.6887595151560708,0.5991429347261266,0.5726828571959078,0.5854054288172483,0.5915501076578045,0.9075095507460162,0.626798726580098,0.7137916636386445,0.7860872594570292,0.8340285375876949,0.9358348794641282,0.8024756619510242,0.9456522814340083,0.9038806233327927,0.8454376417446829
313,1.0190053509235164,1.1090304891322056,1.0197691239020825,1.1029600029722866,1.1697050401626785,0.7656271542976845,0.8213933531149458,0.8420503655915348,0.7825004129692208,0.9110851926746992,0.5425995674082695,0.6064230515206004,0.6793584537165076,0.6037121010475301,0.5821427646954285,0.45182511132677644,0.4486991613793239,0.5966438478609166,0.5741796906202026,0.6130265624921176,0.5841281597327617,0.5944924454193155,0.6471062617279106,0.6843539689308865,0.6014517699159294,0.8083420146086037,0.7028780804724946,0.6952625402083994,0.9004137074934904,0.8013742523676923,0.8110169757781243,0.7681972594439339,1.0102551926766181,0.8698731484963521,0.8955208267475685
314,1.127170264073715,1.193613838037861,1.0442401712039362,1.0194017720528628,1.060945808355939,0.7746864799863666,0.9443417299037594,0.8058694168674159,0.8601877930907338,0.7819266769812799,0.6539815705270047,0.6953168543658632,0.421842787264471,0.5075335881794087,0.5674328154125108,0.5751783309000927,0.5945377496556286,0.48287643629274685,0.5752455580765732,0.47618693231371667,0.6881808063214111,0.6931203961253866,0.5785444554760532,0.5207357581338302,0.5495384432734607,0.897026369277423,0.7395029130688422,0.5712048731749826,0.8397035129469457,0.8070228713735909,0.7841473315379444,0.8706595852202137,0.8470153452521312,0.854156257658736,0.8722131607427398
315,1.1472451504355137,1.0655087023740164,1.0206863075712664,1.0605243899048618,1.2277071743681138,0.8586936028003669,0.9175515437426778,0.8592256412464331,0.8291027062755556,0.9988998730002789,0.5799836504872655,0.6300969823292825,0.612311537662405,0.6120535500994729,0.6581591879998157,0.4720373876046816,0.4991641500682823,0.5349976319986682,0.571366160606536,0.6173067790749431,0.5955814896696658,0.6302444797739256,0.654595890892781,0.6537759921831436,0.7209235729681936,0.8714610810204328,0.725281253358134,0.7433149665668969,0.8821509361084112,0.8418609948336795,0.8603640446788428,0.8295460912420971,0.9555383113955627,0.8929265791010097,0.914106008556989
316,1.0943460458860637,1.0757925062920934,1.0849482948675062,1.060415508047846,1.0766652739725648,0.7501186110351395,0.7770213224549003,0.8140527362262675,0.8311761264584995,0.8260168313573731,0.5744610980859055,0.6338332726789695,0.5218857011613132,0.5469346353308607,0.6798551055844919,0.4870787354813063,0.4935469217667582,0.4579479808964148,0.5156372366352897,0.4997656916741568,0.5453239890142293,0.7193913791833975,0.6017706644443455,0.5797065692493162,0.6519889576483306,0.8561920385802122,0.7141610467341145,0.7122806709640312,0.8291419950496397,0.7737479304629107,0.7349965074032729,0.8054121093591966,0.8823633988493869,0.8914365261560417,0.93011654489217
317,1.1836923184224661,1.0119430202442916,1.2101231572090603,1.0209824351499517,1.153294220455198,0.767458772797031,0.8385143695407934,0.8897189408198571,0.7666376992251331,0.9207618749680127,0.5496971059727138,0.5176328664389351,0.5989379154970338,0.5405839713031472,0.7124206824672741,0.4293103029318659,0.41850183035934563,0.5182160298123557,0.5435671695741633,0.5661395195270564,0.5928946139815291,0.6352153886937204,0.6168372925397465,0.5609438956915078,0.6477263470334318,0.8506138387135195,0.6780894729787309,0.7543243623873397,0.8319063408326219,0.790952447851708,0.8156139621712861,0.7218500884379653,0.8945969167882273,0.8476682356777492,0.9379233653139611
318,1.048244790466707,1.0611559213236577,1.14916215815319,1.1162217386746351,1.1934021626955098,0.8553393432772574,0.9165342344324017,0.8864955618554275,0.9100591949711125,0.9524795177609239,0.563532452746676,0.6737027936723488,0.5980976712767658,0.557897686118364,0.6869759629992386,0.5502760507613152,0.5335270147885888,0.5726580489318778,0.5265496545277717,0.6259050748972042,0.6243534074864641,0.6842579879480293,0.6043117018005293,0.6027611483635905,0.6606036496017857,0.8734582900299418,0.8091852882897498,0.7967076298661534,0.8324198644337749,0.9059344004775891,0.8662194686169762,0.8505402611480068,0.8202742470393838,0.8501756924436313,0.9855176283750284
319,1.1338339410728135,1.0627806813429292,1.0418911996609515,1.112156918277185,1.0439057485766812,0.8463689086705934,0.8122392137135459,0.8327843294184984,0.8426670872497556,0.8852855480619022,0.6179445998166406,0.5905538261567207,0.6484934585806597,0.6266719271627311,0.6133550441661155,0.5078382988305721,0.524215503896917,0.5076803523732858,0.5567127037193873,0.532519974758809,0.5931035374935834,0.7201684606251244,0.638128764642732,0.6125792695985746,0.6924706724347994,0.8860403156584329,0.7720817432960027,0.7934308781895637,0.8593989135408115,0.7556535640818709,0.9405272536251186,0.807900847431475,0.9015004032048313,0.9684777465382356,0.8266200036819815
320,1.0881273760521175,0.900596337448063,1.0533375562289848,1.18855342724122,1.094669468131409,0.6963132021365933,0.829226796980851,0.7822214396144703,0.9464368263882817,0.8908536238646638,0.5483224183813987,0.6049793783356838,0.6382601106935543,0.537099721324626,0.5966928053757775,0.4997502183791076,0.5625802844637413,0.506687174730483,0.5531068185686923,0.5068596655113942,0.6128951317316971,0.6113784263608733,0.6074750807309617,0.6631860557064311,0.6061015212571772,0.7426011831011357,0.7964117127581642,0.6581768764620461,0.9025846777072255,0.790095242270797,0.7608616690987826,0.8647343042759763,0.9353907458929718,0.9826560353343184,0.941257457830377
321,1.041981407500825,0.931111847681878,1.1165517627043617,1.0593851653784956,1.0748099903743702,0.7518778536404549,0.7865681680293312,0.8650788559621957,0.8319090837957359,0.8456981700798238,0.601523823939325,0.6455255963758391,0.6226641262832338,0.5816444982110814,0.597002222969525,0.411251705831019,0.418539321363056,0.5212838401316979,0.5470947048030428,0.603061267746644,0.5879041237517237,0.580430140367534,0.6509497218628709,0.5293806738503908,0.5592156711119883,0.7421517225630114,0.7640315785205707,0.7988816049270453,0.8097657840622654,0.7534171373563305,0.73582965670556,0.7565675923182986,0.9211463691033632,0.9098836475415133,0.8659880697045099
322,1.1278241990786178,1.0278045872822994,0.9801614624872479,1.051381127247668,1.1342803122925535,0.8799577484903349,0.9163112895391547,0.772754309550618,0.867652369739597,0.9523704512955816,0.6389336760454576,0.6936668299356663,0.6240849368190532,0.5507667334760156,0.6767869765481662,0.5134566105249327,0.4782194455672597,0.4994801307174332,0.5426539357609365,0.522317076878101,0.6152283355775928,0.6607507517288072,0.6209133879335393,0.5256218022167929,0.6325332757259522,0.8496951489483437,0.6286808178332173,0.7527956553717401,0.8491571733208417,0.7865321578519182,0.8472523596910324,0.8749877750648252,0.8719893307903029,0.9028543434865002,0.912584136862814
323,1.1339446061367984,1.0670512766181093,1.0831021405557197,1.002889337632415,1.1542778552502249,0.775912235708879,0.8561430795685643,0.8559939775929436,0.7902049881992588,0.8535867348991035,0.5431087679802464,0.6204179210678643,0.5874269454395973,0.4896657356840717,0.6053579584421644,0.5351750750144163,0.48387570807305763,0.5075876134883961,0.5553874984539449,0.5095574188113914,0.5634782399260005,0.6506330753440922,0.6182671684951545,0.6221732461580685,0.5678212784526371,0.9092207495127138,0.8185634181375443,0.7615518107201671,0.873159292018749,0.774167458331853,0.8022557263812885,0.8023617025410412,0.8857613322729889,0.8109800948403415,0.8483707907356751
324,1.0257270658850812,0.8785536506279317,1.0611258945232895,0.9781693578802939,1.0378695499542814,0.836324144831785,0.6866543682292654,0.8892306056001826,0.8558332107960637,0.8153586977526176,0.556807556847647,0.5009128041953395,0.6247200301389391,0.4438034260877397,0.6279580041489627,0.5092711741373779,0.4763664835433248,0.5307172429000238,0.5100634662056073,0.46189759335565306,0.5871930014662763,0.5288734989850981,0.6033749937670765,0.6616925762531752,0.5362480861115453,0.8136914658489709,0.7710364039894568,0.8000368096234558,0.8146177702210258,0.7570840191513932,0.7690013763292687,0.8708831922291641,0.8389714574789002,0.956127591148492,0.8153777017980749
325,1.196709494343219,1.0671590251551255,1.1198032230842485,1.0513852757419375,1.0590796977415917,0.8661508106804728,0.778433183282223,0.8813570389201623,0.7253867326982079,0.9365803207576023,0.702511134787507,0.6067353840238462,0.5930130968387686,0.4992195941310666,0.6083967318561347,0.5372590621686981,0.49892714731544374,0.4920395948141936,0.507153324407517,0.521804622000736,0.6293430972916159,0.6010988989325043,0.5918037447108355,0.6440724944510361,0.6186622180369988,0.8458199400921704,0.802522366565355,0.8145452183149084,0.7289799881204466,0.7849998382145891,0.972647304420631,0.8124342633771546,0.8781501817174161,0.9161749027720809,0.9337339736397023
326,1.1891961356158123,1.0256055633104144,1.1400730509327457,1.0930176938362515,1.044827969549507,0.8039005328701574,0.7917153150687639,0.8933159068641117,0.7636361433679815,0.8816349738865166,0.6981469935087543,0.6147595455777294,0.6194394276158048,0.4846515636906945,0.6144584664930048,0.5977515121745205,0.5420200269798805,0.4878840938526385,0.5574636578746355,0.5443939843694066,0.5859503374719741,0.5970164596936395,0.6821291766147457,0.571401509309534,0.6124494617273752,0.8990750059289028,0.6698668549546756,0.7384402791813007,0.8720303766504125,0.7357746008785957,0.9128881801763121,0.8339816770236193,0.8960664306100389,0.88887923979278,0.9097302680220054
327,1.091137393345898,1.08050892330775,1.1225463952333583,1.0579099972216586,1.124951674996351,0.7590874114354962,0.8012728987366363,0.8755375208782271,1.02617390054403,0.8295632288240262,0.5949529862115035,0.6189423503331308,0.6017116867410963,0.4435657331863505,0.6155215846557051,0.494899247846105,0.48830461636090783,0.495612982701781,0.6533108370062903,0.5033825421693768,0.5216777975462014,0.6293611357559321,0.6738885505373151,0.649166045830994,0.6079172690460883,0.8307319582865249,0.7319186506501547,0.7308001792490432,0.9273786799068542,0.7445708887447138,0.8555604908471803,0.8631774691019181,0.9003435782329441,1.030781945016758,0.8067105309196246
328,1.1041169083723932,1.1916631741545818,1.0974484995277796,0.9761355455808389,0.99133732859834,0.7479865046751314,0.8473708484522368,0.8169650055660364,0.7307741429029696,0.7470438486337163,0.5682318338946343,0.7176767904174599,0.6456039876077282,0.5173074690697119,0.5236867488400616,0.5337164883104557,0.5560143904285288,0.5448431690152591,0.5300231890663142,0.47282719585867306,0.567165044351686,0.6275239580583672,0.4773195162788629,0.5658857719310806,0.5371005957854337,0.9066874732397012,0.7759737813941441,0.7274817645463447,0.8299098723182958,0.740481436600378,0.8997316798925036,0.9569822757463984,0.8739198619998851,0.954935611281629,0.8307897385409084
329,1.0850812564817394,1.1141474203981439,1.1278426073582388,1.0149261006885932,1.1263417212088394,0.7147359747259745,0.8384560539407537,0.8661526388784551,0.8669716728590039,0.9082906962417856,0.5045807902743075,0.5364425859901625,0.6224048334342773,0.5106624275956885,0.6552187646849805,0.46307774296525317,0.4903728129702569,0.4234475578366065,0.49581227414631324,0.5134890682298916,0.5249751226148682,0.5826543818410639,0.5232504957268898,0.5714517016821566,0.6773347786341337,0.7694218274077855,0.7290831029071936,0.7393989228322062,0.7594254651221639,0.8671213570434118,0.8171178572845613,0.847943205872666,0.895206840572749,0.9624294475765132,0.8951308720446998
330,1.0149315698192463,1.0977136274663746,1.0314919564484593,1.0737863453748488,1.0792124986883838,0.7694573888470062,0.8975597992759878,0.7280713061806477,0.9282379505928537,0.8992357023121712,0.5885970015618123,0.6485519185677318,0.544032755684285,0.5893725940216444,0.6175094080965083,0.5034923982630704,0.46123778873558946,0.44084654687435454,0.549692321025326,0.5060126944932699,0.5258227052505502,0.6701839420553377,0.4488332227263221,0.5918129520306399,0.6497588017501364,0.8698859424318728,0.8420567983930676,0.5773106046402466,0.8210632016118592,0.7324118504353068,0.7738754738076566,0.8401931121884803,0.8266264237410923,1.0040104073447738,0.8681711987552352
331,1.0498827108177773,1.2370575409970677,1.1448286412642115,1.0698784920115265,1.076174378748194,0.739637319597358,0.9267467199366908,0.7796189293412918,0.8425864804906938,0.9646671310719013,0.521299506926241,0.663479476570245,0.6341657885790937,0.5501728334634475,0.6566270703974362,0.4268483128068722,0.5304600007187898,0.5051437800800922,0.5869830012316708,0.5378038721262932,0.5224474968798826,0.7205085709782825,0.49482910609933617,0.6683020931436388,0.6374121762408325,0.861256467073143,0.8072599386557675,0.7644736580653988,0.8010404464949743,0.8799304565367113,0.863859328915479,0.8396778509494044,0.8296949015607584,0.8751137125340795,0.848003323422317
332,1.0861979659532937,1.0837247671341512,0.9811968600896857,1.1587051102391317,0.9611822301908969,0.6990819204573557,0.8401986769672571,0.849451912337071,0.9894865315773547,0.7743923661107079,0.5734274075792407,0.6604708159882737,0.605112861682278,0.6234054957335642,0.6012655528822622,0.4980597937116982,0.4653377350472963,0.4964686750862388,0.6266049291768063,0.4378682829123347,0.4929335344157395,0.5432216696030722,0.5793370692235045,0.6690123044664507,0.5869483552987927,0.8447600909943027,0.6947454259395532,0.6861206677788274,0.9199040952143989,0.7325987155421837,0.932023744825591,0.6876689609678652,0.8932195352159227,1.0235007424006883,0.7530364270552233
333,0.9709152142640204,1.240605993769736,0.9383224212220966,1.106541975875263,0.9023326443933577,0.7717818117733637,0.8440039534983208,0.757470723290178,0.9510107003439602,0.8072339092731651,0.532635776626031,0.6349877537088862,0.5655555741820734,0.6203681631923034,0.6281203079125816,0.5022238474336995,0.5094186129568039,0.47364027296991534,0.606244517817131,0.4410163434441959,0.5343226672995696,0.6156483133811795,0.5550758253339506,0.7155848079838674,0.639221280366221,0.8198485150422037,0.7047941417570172,0.7042099868601617,0.8612925126822779,0.6905030559017418,0.748977598298721,0.7980007341990678,0.7559317537710802,0.8959177789394134,0.8042144032721413
334,1.0201443593462993,0.9853923004779686,1.1080459479932097,0.9289301117866572,0.9324200787985341,0.8002325867792617,0.7640609621751048,0.8742901806103647,0.765498448094992,0.8308640073864544,0.605274160861328,0.6035009255072605,0.591256273352309,0.5308058213208149,0.5924582728162714,0.4947552117768227,0.432607534105094,0.4921182877059418,0.4972096668806605,0.48676562038438104,0.5273360745663127,0.48560981481769055,0.5524863175575804,0.6086674558964429,0.6126003115044028,0.716122335666599,0.7430501146477784,0.7310307056431646,0.7708424772981576,0.6899165824870809,0.9212397321667413,0.7323915639262797,0.8317089626652037,0.8866181391753608,0.7413391290097043
335,1.0927266540744438,1.0720091363170479,1.174043312984646,1.0721544953480453,1.0571056300406005,0.842546087913699,0.8008835079388559,0.9144489960834473,0.9018590131642961,0.9353527403505048,0.6684959523676335,0.5953622504392907,0.6794867848604377,0.6592498626069554,0.6601028176123765,0.5803339219563117,0.5122230704301126,0.6125429902328721,0.5072159983315357,0.6066376115644783,0.6117828643387151,0.6104337037154748,0.6730959716077257,0.6584575397511585,0.670722799861353,0.8624197483238929,0.7234156441101139,0.7965187375406404,0.782441559954272,0.7700755481511758,1.0007656739317716,0.5731092130453516,0.8462803349965478,0.8981834040050475,0.8170062640198372
336,1.1078114260178897,1.1802985882872987,0.9643278776389251,1.0576211061357421,1.033482989494615,0.7607938104196197,0.9231660957346246,0.766412726898589,0.8042227110026926,0.8107972946739679,0.5868388251180019,0.6950721258795406,0.522336747523169,0.561639340146423,0.5555244901230478,0.5735428716830604,0.5726834552635416,0.5040793718722221,0.5125215699505162,0.5054716196476713,0.6572326118052705,0.7602793499582325,0.5746904739960668,0.6436023921746328,0.5738656083636953,0.8577936872521539,0.8744627874749609,0.6515904587013929,0.7783657340955801,0.7611377423792859,0.8636086731801913,0.7682861557878102,0.7591967507372622,0.9160775193463758,0.8022865976370332
337,1.064686436815222,1.1454528681891196,0.9931101058073881,0.9769686660778022,1.1601216548978708,0.8309307702708725,0.7994805271942546,0.7883366035549921,0.867346293293947,0.9229341249085701,0.7204795400718842,0.6104149462931424,0.6229162385303474,0.5193273117615556,0.7112151383282064,0.6058624210065473,0.5843786692633137,0.45013707826450056,0.5513281150607584,0.5657928887911414,0.6343674536871072,0.5845581541635622,0.4996020996279092,0.6060691266587628,0.637008039390193,0.9159593236857224,0.7942778906951842,0.6514712976262546,0.8563546002678095,0.7542320188320651,1.0206757829753057,0.6594073796219742,0.8223024294412058,0.9440194363417882,0.844850932932629
338,1.244037865796839,1.1113663794513764,1.0423694651400324,1.0231803085839783,1.0491970101846835,0.9382670899108146,0.8913497433222751,0.8309554666763136,0.8804907914289597,0.8246311325555815,0.6147088893378706,0.6415663457905169,0.6062367111956837,0.5815911717053419,0.6070026975005972,0.6179332215133468,0.48659842589196317,0.5183062692096173,0.5087052391570427,0.5591571385141572,0.6093858997089718,0.6088848509107865,0.5460943085099251,0.6535286334602362,0.6523673454403898,0.9318144468967742,0.7495277820521004,0.6686594927679603,0.7771664584593343,0.8532990685890698,0.9716888382510606,0.7455331523506631,0.7936286781015178,0.8844984511133682,0.837982900742436
339,1.1812552905105718,1.1311142637162577,0.994903362414771,1.0384715408964411,1.090183152377962,0.8886753015314915,0.9218588738440802,0.709996825156213,0.9269141544312594,0.8670570612801661,0.6221832437859823,0.6591803967547735,0.5683047141518077,0.5648865061495945,0.6118252023555113,0.6850772541283026,0.5512296471670264,0.4699784734739308,0.5669175548940973,0.5583545434144738,0.6258034116245641,0.6348882410293726,0.5117498221785561,0.5964287440061706,0.5882936684903807,1.0049995348146537,0.8498446478097108,0.6157462741749122,0.8227488520507618,0.783072474339642,0.9950124833538799,0.7856348398580375,0.9685966761793772,0.9379900349192273,0.7829489540243699
340,1.1258077563121955,1.1359020174070755,1.1208271248339483,0.8964926125658939,1.050229063908243,0.8038797517415445,0.8813159194418917,0.8634555491791751,0.8684183186902286,0.8378976628708208,0.5900986172186213,0.6403479823982636,0.661320054374057,0.5419261951941415,0.6030428660050755,0.6021399664689504,0.5366762678715431,0.5085810144199507,0.5350396747406732,0.5528660741051379,0.5322049831215526,0.6186416113982436,0.5372553244327409,0.6255453568535149,0.5346709141255714,0.8507116156022576,0.799143528012505,0.7261370444863542,0.903684918864744,0.7728667057240555,0.9398282461344747,0.841240276440306,0.8953374228685012,0.8548256144688403,0.7990529824136048
341,1.2042387488434874,1.120881031648934,1.0803850712114398,0.9649451476719815,1.093305041779661,0.8446090438714232,0.9763501478212673,0.7437340774620931,0.7981420033551888,0.8726230027956765,0.6380712955311114,0.71169739567325,0.6461594777686233,0.5005270637487337,0.6034169303581436,0.5932956470665007,0.5242061114889874,0.435143050029107,0.5169384318055026,0.4751701047000797,0.53620752257404,0.49779447805498156,0.5135550660162731,0.5697607172280634,0.6626226294509935,0.9477465374974482,0.7906202555204236,0.6653180699104391,0.8060254120868283,0.7706070338060043,0.9596912396469969,0.7763838628954506,0.8604259038416932,0.7598527810746343,0.844989771280251
342,1.091950570091584,1.0950836564956474,1.0113535652683479,1.0430290339078523,1.0664421418537893,0.7097390805072943,0.768391417827925,0.8898879711761529,0.9546276669282517,0.9406387078328042,0.6275439679415362,0.4983845066382436,0.6156439406654617,0.5374171741302982,0.6439338689461328,0.5470012735487129,0.466864023303231,0.56941114257717,0.5833681281338016,0.5282479272416665,0.5319878182079256,0.5049830400652573,0.6371464057904435,0.6379556320500848,0.6824015075239073,0.879513174551617,0.7134315938493448,0.7408768081206828,0.8228400943425493,0.7912858447210585,0.8388389096700817,0.6280909419427685,0.8938757279751872,0.954792269269189,0.8327093762727236
343,1.1852049984150967,1.2005565014147064,1.0507294861008885,1.1204723744611522,1.006851173307885,0.785339184627758,0.7358565955983203,0.7895086320107905,0.8754773249675044,0.9168954935037155,0.6279158160575258,0.6252763136584967,0.553242727961788,0.5788717723639976,0.6125475997143257,0.5438759631085056,0.48942901617639367,0.45532868022388506,0.5616623919357944,0.5673321186475062,0.5270261351968698,0.5679143791465227,0.5574718690822559,0.6363658261584582,0.6558216015923415,0.8595934603528346,0.7056255852098173,0.6326229150570214,0.8024359020636596,0.7530938861879862,0.8918086424291783,0.6886190812054702,0.8050901167316291,0.960704467643207,0.8389377954537047
344,1.012410634314643,1.159781895192967,1.0228793580827151,1.124248313064107,1.0899138027392534,0.7099030565486727,0.7958813413803695,0.8798216743178159,0.8919010764514032,1.0003642817262999,0.5409348077436598,0.6828689419889329,0.6087549641284847,0.6050286161459223,0.6379958362598279,0.5488498878984032,0.47544527855321855,0.4504344244613974,0.5226531516133863,0.564449308573088,0.5333775197276909,0.5493397278221548,0.6108895071447161,0.6419472870508479,0.6715899041712763,0.830397356275755,0.7852093737606047,0.6877377447269216,0.9103252556010077,0.819421850535528,0.7659149821214011,0.7997110880628268,0.9045800136028723,1.0471531216878718,0.8608554162588706
345,1.0293380458936394,1.1617995062273776,0.97434630571594,1.0609992221143396,1.1391730889408187,0.7437547747441016,0.7956251673875415,0.7308314402223627,0.9101858724981629,0.8542092430790037,0.5351650204548674,0.6222453676397588,0.6124499523747664,0.5427608277074707,0.6286835192915238,0.5536968303338133,0.4988625541827822,0.5026394205811614,0.48863295234938925,0.5205171099454056,0.5674860174412799,0.6555295529526606,0.5909296463445449,0.575895313029368,0.6302542031155812,0.8321512306954804,0.8764072509860455,0.6661776589414393,0.7500392597976447,0.820404340989227,0.8740020531298914,0.7623476610947184,0.7857684717959408,0.9845891261577935,0.7773926956822579
346,0.9854291030867759,1.2639833643261653,1.0958851358546209,1.0501420041503942,1.1088050117579202,0.7316422905409918,0.8256886276739374,0.8873652296143011,0.909590315074521,0.9003967459885904,0.5580496645687512,0.7018679553872702,0.6424895123779649,0.5364427044446638,0.6366550563740925,0.45910637935293025,0.5229056760379059,0.5695456543169632,0.5427255096265284,0.4735775635488716,0.5335464597937167,0.4927880928816887,0.6317021195573804,0.5644121437824048,0.6056822509294889,0.7841818295303302,0.7636233272607048,0.7650267434381657,0.8183422424398075,0.8319789004134843,0.8192867577025356,0.8754172285680472,0.8464373332722205,0.9747657808003148,0.8423085987775961
347,1.104755030534007,1.2036577374361466,1.0384292801883095,1.181302630367287,1.0406748644846282,0.772470356002398,0.9319938754821182,0.801024093967603,0.9197303711170677,0.8910989109230232,0.6713860645501072,0.6896399674827817,0.6391509170037778,0.5564961842826475,0.6245099979270787,0.5770511209219003,0.568702762396764,0.5037293700343587,0.5459055321335207,0.5203253793371121,0.5446776140723193,0.49423587502062577,0.5510513868111485,0.6305627409203564,0.6380122073415255,0.9387071141750806,0.8186411414501558,0.7119339819497854,0.8428174935175918,0.8217519558476283,0.939624550451257,0.7998130923235786,0.837425100622791,0.9266291993660201,0.8501525854554167
348,1.047931718730935,1.3307237738515652,0.9034001611031215,1.0427820108031023,1.1095203553259028,0.8418187922627378,0.8745624782787875,0.7712657129256224,0.8502664183669244,0.8533268591745788,0.5613592282481539,0.7052285561344258,0.6150647063201437,0.5210500943884662,0.597814464939942,0.568157987158424,0.5390110445162066,0.5167027022073569,0.5825090518752106,0.5101788167723544,0.5825410142095672,0.67342498497544,0.5044030540292572,0.613239345819919,0.5964386213366827,0.852917580601412,0.7930894253504669,0.5742271622578203,0.8611853844672732,0.7662191459046874,0.8428746479642362,0.9087536712352954,0.8348617713799749,0.8900361348779309,0.8461380017121379
349,1.1469348683251646,1.1737972262254543,0.9758557391920215,1.094889133371343,1.015854727447684,0.7282683388959696,0.8159578541067232,0.8017318875971857,0.965614491225206,0.90689189979167,0.5670647923920789,0.6337175085852018,0.6524698504784192,0.5299443190686864,0.5659105454255888,0.5406223202295699,0.5427731048884288,0.494625552703289,0.5971325969253389,0.502277489103349,0.6143241725156,0.44816506080836294,0.5775754027804167,0.7473492796923158,0.6014180848605377,0.9171753344693694,0.6939790320123729,0.684336165597321,0.8740189820998363,0.8008228968772978,0.9198809247789923,0.8864202583562516,0.8805615981171052,0.958386390927954,0.9186865761799072
350,0.9058731492301559,1.1651648616976675,0.9096897127555358,1.0992206854275102,1.0248740140357009,0.6919253077263547,0.8601996301795856,0.7777817115593494,0.8861376707372919,0.836889724015124,0.6042177812293631,0.6507695040807981,0.5834920538924346,0.591762522047802,0.5439906232758862,0.5402057623102113,0.5459953138526842,0.3707383263824393,0.4726415465071652,0.5187032214752829,0.5269444072180283,0.4956238772947717,0.5059555663786635,0.5682390203410217,0.5321432556991111,0.8410283096298075,0.737324060991204,0.57875358676764,0.7808477816471964,0.8151282138213262,0.867143552485167,0.9001054551995958,0.8421529408153327,0.9131398308151351,0.8662106725121759
351,1.0826303041036387,1.2147492254123344,1.1011485724335115,1.160000023826496,1.202820181633667,0.7700325763853966,0.9174183204737631,0.8101884669140995,0.7629274098101257,0.9249267114286626,0.6002780422224813,0.6055556768416857,0.7126492629245327,0.5361203658726419,0.6018768915107986,0.5691088321581967,0.5215204559503845,0.5254805712485249,0.5045796584965823,0.5210607408696076,0.682394698524307,0.5476722793725224,0.648787984315075,0.5845843431797533,0.6298463796672955,0.8800469518723675,0.6726340971783802,0.76788908303638,0.8051469793400381,0.8260842519997227,0.9013374820017599,0.8679945465090151,0.8978688169421039,0.9053403120809691,0.8812985828381459
352,1.0912620987663693,1.3219867099595803,1.1241218512642428,1.0663088185259522,0.96805068128894,0.8336041769409381,0.9849953016355872,0.8025777718830516,0.9170973166179542,0.8046944651684909,0.5265903791717197,0.7261291774080733,0.6146874986410265,0.5231744966426904,0.6060887594601643,0.464845540119378,0.5806347312863966,0.5440194723447538,0.5166375202346518,0.5526844320709942,0.5689317846437159,0.6678708233850263,0.5864012190899429,0.672747399653808,0.5890374025450079,0.8023968084817795,0.7915471709100691,0.6945196459091423,0.8692587215097491,0.7816029157328213,0.9665152596570477,0.905480363998862,0.935257079354924,1.0251893635743015,0.8791871963903473
353,1.0835393697919828,1.2904720067695479,1.0280371961762493,1.0554938933434281,1.1858697155590685,0.7232291111248816,0.9509480463581925,0.7944775071001535,0.7955573777003487,0.9796750825849101,0.6034919697789605,0.7192218660687577,0.6653303445135226,0.5684042863216536,0.6661855725698623,0.49964420187321334,0.5354183899159264,0.5478171741606975,0.48069489288002754,0.5905929480780763,0.5839791980739645,0.6547094417690338,0.5221948867591879,0.6026699072072501,0.6591678543893136,0.8529208710772314,0.785093360929764,0.6134952794365337,0.800959543683454,0.8011220387958486,0.9146184347329605,0.9571968696537253,0.947469129093943,0.8819788218100664,1.022229038986255
354,1.0274809271171963,1.0578785873835272,0.8648596942790545,1.0876312708645515,1.0156200027184354,0.7338442864380157,0.7613363010341851,0.724176874194652,0.7465330206909355,0.8168794342928265,0.5967349510074224,0.5309207867118154,0.49948440822874957,0.5546127815267243,0.6203019191744531,0.5337499830200474,0.48485677586707066,0.39290149801639623,0.5806854111484466,0.47802349418996737,0.604648986438751,0.4852434273136595,0.4436159162232184,0.6102865675053213,0.5510727175670855,0.7970824012281229,0.6469007813976897,0.5526211430994468,0.862498564952032,0.7188880481364937,0.9192899306441393,0.7437484718852885,0.8093564807614154,0.900903963513321,0.7907753626241951
355,1.1502761742104122,1.144641283478717,1.0112812527793058,1.0208478955775844,1.08904359315077,0.7933045736737061,0.7537118851790368,0.7840889824651566,0.6795201308232675,0.9720282659911489,0.6938711208166848,0.6285114054114844,0.6540474344374791,0.5166233738031895,0.646744985015031,0.5369445286384582,0.49894542379677753,0.4842543381194998,0.46317164305206515,0.5499072694119935,0.5702618270359947,0.5506939783044789,0.5932832450848691,0.633755862796407,0.6347597374242162,0.8991956190442032,0.6504464582237313,0.7882103004287915,0.6865297905086893,0.7901622495593661,0.8915842471446236,0.8391446023995448,0.9011534629277526,0.8805799484698499,0.9455349010018934
356,1.1147746379245518,1.085798348556105,1.0501523352978797,0.9673704788798163,1.1084538501615553,0.6056257439707007,0.7768250299134629,0.8846759032138991,0.8089983124522486,0.9230757312950093,0.5746402081213473,0.6390338996687093,0.6855396080984568,0.5496792909772061,0.6170945605457582,0.40730153357554566,0.47018662264062056,0.513479385103552,0.5290019802041686,0.5616409669305724,0.5990888051946919,0.5333844905018366,0.602957161758507,0.5879707090149972,0.6120897498785699,0.7977329313773882,0.7694633799321194,0.7238480566544209,0.8157577293283674,0.7675500301077836,0.9502077874364625,0.8776058366729571,0.8958306167968039,0.82217402584545,0.8870222911815753
357,1.1730763566595446,1.0212403032187731,1.0482556082849612,0.9956812893322163,1.055154186676111,0.822117848415661,0.7997341109020115,0.861591510898933,0.8601785232191654,0.8890484216547344,0.6180443088938337,0.5137562650833443,0.6684874576051214,0.6183963432650195,0.6022980942147276,0.5117456206985227,0.4938975823496441,0.5637551088151849,0.5375005151893071,0.5659210914290589,0.6606088505043862,0.5452574654619572,0.5989073826269469,0.650717368710557,0.5357281087965103,0.9358319140117213,0.723986017213621,0.6987649612390567,0.8667818641160623,0.7641463395600447,1.0060445886764904,0.763774691616596,0.8923690806634561,1.028472081407052,0.884702115680615
358,0.9645594698585371,1.0309397831254525,1.120426606453879,0.9270132145817416,0.9827550033618289,0.6142774963395337,0.9064284550167905,0.7578917723933314,0.7079704998611336,0.8103197331599274,0.5506852933906581,0.5923069424821017,0.6283974019260541,0.47692966696157413,0.5203929924059475,0.49348965092561564,0.5177629174693632,0.4788886343554431,0.478795799302414,0.5124762195360183,0.5227434966516538,0.5512095601627056,0.6226096122393532,0.5516112167260077,0.5105199506782191,0.8146807242292524,0.7305642320588327,0.7457272535770091,0.7292484878611519,0.7666898096100893,0.8682099115913641,0.8335440966112699,1.0013844437042467,0.835258208931777,0.922356519435797
359,1.0578417222251182,1.2685280005609827,1.135514673675579,0.9505548982492871,1.1590236268165948,0.7221657161965238,0.9289148351099019,0.8953706006384556,0.700458922005546,0.8882605221311839,0.5809207527130099,0.7269438309333381,0.6771464048939759,0.5649183204876425,0.5883069436493041,0.5503898414090671,0.5059904558964569,0.4822079868569804,0.5087639781428368,0.5602680492974408,0.6228532938051903,0.7473680920479495,0.6719584723058722,0.5323551490456502,0.5956050240061856,0.8027663811233647,0.737347475057536,0.7835758969487299,0.7809243271486406,0.8495078430452829,0.8941514876968455,0.9143293415303457,1.0016789607586907,0.9075246181739627,0.9487033980040198
360,0.9294386905138918,1.282270380896417,1.0632071029045864,0.9990907493168915,1.1266988580153992,0.60344589858474,0.8069408292475504,0.8702893558999827,0.8808620938241891,0.9051975264583206,0.5312139853898032,0.5988496478177201,0.6482148819563309,0.5741868640807724,0.5677423923243512,0.48244249615421264,0.49485671156718103,0.43383864237631137,0.5237279812796105,0.4977169090936259,0.5585587815275972,0.6211139045575976,0.594886214441096,0.5385729411401459,0.5355663604881584,0.7627883272196907,0.7680545927135274,0.7343384808923876,0.7704669165711322,0.797182868405393,0.7238085136751209,0.8870795111229731,0.9573350984111513,0.8785338784714191,0.8802765646188317
361,0.980516295322769,1.2308209945557094,1.2011524980646606,1.021723690711624,1.151296534048889,0.6961130817137426,0.8379120693517681,0.9084284990888408,0.8673170855263177,0.9437771539167616,0.5695031075336778,0.6195853122088308,0.6878028443263098,0.5578263840706247,0.642587467522391,0.5418537026014576,0.4957715846247602,0.535634173458045,0.5189264160085032,0.5410988987824015,0.6405631787108705,0.7065344975357992,0.6931550674561423,0.5714750442814058,0.7010216061653101,0.8915673473852644,0.7676484727756652,0.8051900949632864,0.7557250654866354,0.7751221318675052,0.8547109276418825,0.9200628243427758,0.9610923558580631,0.9077195881889699,1.0027679461214032
362,1.0748139057520814,1.1124173602270364,1.0613789271695273,1.0360037554967971,1.1416346340029657,0.8521474234278958,0.7584033019706297,0.8813166229626641,0.8166403127423957,0.8589393426383465,0.6591369361361938,0.584114284412462,0.6246095078348363,0.5628303966420625,0.6177787416532066,0.5921782817447132,0.44622811808006924,0.4621849050079735,0.5319555969678131,0.5488684363091817,0.6427846818273468,0.6042621532248859,0.6162130237456267,0.5599581225725918,0.5930139274736526,0.9772114822483248,0.7571562928529127,0.6870923232951986,0.8226711763585172,0.8552277052068282,0.9297479116179859,0.8627663826155216,0.868538516620911,0.955785071652375,0.9907230406594345
363,0.9778324583006334,1.0959390066062231,1.0284392501720792,0.9888844781814059,1.1540418182635817,0.7873988522650615,0.854814443175558,0.8777517007662662,0.8679208282591614,0.7687845949111098,0.6048709130829686,0.5950510252677688,0.6293742250900997,0.6024466884596347,0.5492272054352378,0.5113668645490194,0.4851544965981851,0.5057192462785345,0.5761418281617736,0.49925127048498047,0.6030574396223392,0.5868847172749361,0.6555822791524513,0.6967007991536978,0.5910384296263574,0.8549200603255807,0.8499322804793645,0.7634403908047733,0.8214549662908541,0.7895712755608272,0.9107307171049208,0.9148953636857716,0.8487964846074332,0.9736744406676613,0.8631693486932784
364,0.9009062675980453,1.1351378338930171,1.1769861355595852,0.9845549337170069,1.1401697625943596,0.6714965582606345,0.8388306170402056,0.9936703220046947,0.7601015356510494,0.8091157326626217,0.5817083666114011,0.649652930858272,0.6999093062658979,0.5147573523166994,0.5506472984975802,0.5562370513008879,0.5037575160109597,0.543888638075191,0.503957350017622,0.559700016167647,0.6345792431460255,0.5716156267812237,0.6413912657339318,0.571039621807547,0.581146649624777,0.8245764793476698,0.7606788168684872,0.828972236455375,0.7355552939706269,0.6645978865846689,0.8789001044387219,0.8388684215717257,0.9727818548656153,0.8495258796250886,0.9464256171719074
365,1.0802633653249252,1.1298466379603143,1.0366759139964603,1.0338183694820087,1.0206853015416346,0.6565333078211364,0.8872180567435107,0.9077969021040657,0.7072207942242292,0.8489275441025161,0.6166857962804335,0.5676128154916671,0.7290184301854181,0.5650244151805675,0.5840468392343923,0.5671794882081379,0.5034657516425399,0.5323293255482047,0.5540209647905181,0.5444752756823907,0.6676414897298402,0.6254428063959623,0.6726849187453106,0.5478470343549252,0.6091482640753123,0.8769879585174676,0.7758660294710196,0.7602039885833767,0.8245301121148698,0.7622043775244017,0.8884774618480491,0.9098589317805087,0.8690018589508604,0.9217787933115216,0.9492074911387209
366,1.126714796590715,1.2078664058564317,1.002361339534531,1.0106587222892864,0.9982152818218913,0.7703322951282607,0.8758679195034922,0.8315131915538534,0.8970258553700479,0.7672377727813451,0.618326005214142,0.6022656122389525,0.6042272175745166,0.5993969287190362,0.6212890256470008,0.5483629728432795,0.5493988652798831,0.5615078196360468,0.5793644529212694,0.5143756831821312,0.6453681098840793,0.619200447751503,0.575783728111904,0.6192014717134197,0.5161225240489299,0.9268039902208097,0.7066975507581408,0.7573829379913672,0.8455648644788036,0.6823933112150126,0.8849278542507245,0.9412774094104817,0.8999455289187495,0.931431008378675,0.8249153269822975
367,1.1514755575705624,1.2073810327409096,1.0082117353702587,0.9423749430786228,0.9834962284011715,0.7138038267472784,0.7695910665355308,0.7637275808972525,0.720426688827713,0.8722471883948173,0.6430350714738347,0.5999247162824171,0.5596424661763573,0.5638140941791407,0.525639341608614,0.6153917973686319,0.49346333559737376,0.46862300251207545,0.5446387822604827,0.5750475982443277,0.6176020670501438,0.6668428996721874,0.6867108693072302,0.5347589878778861,0.6143037097459758,0.8716031155983248,0.7255006988699271,0.68411924802692,0.8150824688422282,0.7277447822761958,0.9813682234074389,0.8362416059720545,0.8640167107030761,0.9013183597235019,0.8178997461316251
368,1.0889833331629892,1.1697487748430029,0.9958514319167802,1.0914672054339905,1.010777681713405,0.7433823540317017,0.9345182819781161,0.7785828727421191,0.8359630099933196,0.9534189757043487,0.5741827007863111,0.6314040624080877,0.6585347971429092,0.5320123079947238,0.6797240393355026,0.4710144536017977,0.5279450698542466,0.5180203838167461,0.5581490674503511,0.6273434051836011,0.6152544117676957,0.5802951948933044,0.5647091500098423,0.5714463193788896,0.6455328661428364,0.7811023519054086,0.7639259707193531,0.7317477348134637,0.8070640704965069,0.7727706719154324,0.8564064721751405,0.8513138110679461,0.859207401109062,0.8919346127727676,0.9572523744611737
369,1.1558960253617228,1.1189095580369444,1.1092514988248645,1.1065681863189663,1.0086927371249899,0.7086223262977651,0.9042740724878362,0.9351460222276882,0.7572234170372782,0.8341157118136171,0.6032601102161723,0.6151248217685997,0.6831325844428666,0.5966260526000778,0.6667025480879347,0.5450279144870912,0.4714424821175148,0.5347541787098824,0.47127612342306435,0.555976745508211,0.6078108823588341,0.5576786463653205,0.6620431787736032,0.6386927426790132,0.6373312240531487,0.8715441044176412,0.8086065397760719,0.7806346892549485,0.7826146794221469,0.8123789146822677,0.9559779291720184,0.8423141295285819,0.9204302903609298,0.9870958100799205,0.9645163935650737
370,0.9923701080123527,1.0204067770432839,1.0081372962329025,1.0449092089111431,1.0846809790209462,0.7396732374095853,0.7678930341517436,0.8387782383990999,0.7909515845168309,0.9195247053837965,0.6557572714672402,0.5918506057383952,0.6293536414998436,0.6470966663849831,0.6261869922404987,0.5573650388027325,0.396348763042451,0.48155853841849744,0.5552223412995414,0.5966506576763195,0.6005207678318161,0.610997504782665,0.6094398551934599,0.5727068347121151,0.6324962665574831,0.908300871762405,0.7224808625251786,0.7265257970048724,0.8205857649765573,0.793328573817028,0.9459279107937775,0.8207720395935164,0.8234514049383869,0.8726377980110526,0.8165700369401747
371,1.1833907122824114,1.1422321143553678,0.999332478614052,1.0514608677799315,1.014112397893106,0.7710461821017343,0.7725518194346531,0.8012784412788676,0.8183851673536032,0.8358932323789334,0.6344590878166753,0.6191928258692108,0.6076719807863307,0.5529813953471523,0.5821938916405627,0.5558916034811501,0.504928397371168,0.48548194330657324,0.5542495889119261,0.5586097254438604,0.599945277300089,0.6327504757310347,0.5931747662975657,0.6323797251623726,0.6063959673919629,0.9005055420827379,0.739551963409768,0.7753981237411031,0.7968695345503269,0.8114120615058489,0.8514321178472914,0.8008650074042816,0.8713470168153651,0.9346232479725531,0.8818692348623585
372,1.1598539397957754,1.1964601948579126,0.9761053115839455,1.0213974490797342,0.9583687608102079,0.746359843179199,0.9054337318901605,0.8966910081912319,0.8036081671428931,0.8040861801692493,0.6170234784186686,0.682904139845516,0.695178299077207,0.6161817690548645,0.5186062691634298,0.5204588274293136,0.5283437342514435,0.520208633398259,0.5018570326459264,0.5230988168220151,0.6358849995214525,0.7249885346430731,0.6706642596753987,0.5669241146895798,0.5536737238182657,0.8820730571552594,0.758939262564372,0.7722214786923125,0.7684338209328255,0.6635669294526008,0.875594055736928,0.7988225379150079,0.8296886099599918,0.8635372540522257,0.820081329087056
373,1.077348197144146,1.1732716501357112,1.0471413342843072,1.102100820432474,1.1289858675928803,0.8056740977518637,0.7993925972659102,0.8712532633335507,0.764866092792333,0.8449981248472593,0.6443642684861235,0.6628766389373698,0.594899962542166,0.5930888579677694,0.5702385496552431,0.5462717054810369,0.539397305391975,0.4622074012319217,0.42039832805535343,0.5424992803757311,0.6103208381943103,0.6209047744670724,0.6158095047952146,0.5657858994515177,0.5780462371484754,0.8694573408037929,0.7231984602530322,0.6967967009848983,0.7848479256933747,0.8274925392367246,0.9197402727073447,0.8633118554838584,0.8629586441735759,0.9004360211756008,0.8323862206419024
374,1.14050236848212,1.2560159255951655,1.0803192785063898,1.053967014645481,1.1672397818552576,0.774972889229199,0.831542777531687,0.8633686453997775,0.8805169037693324,0.9052203989089851,0.6444524419810753,0.6950897381693456,0.6540282513410273,0.5669974924346521,0.6132962474641784,0.5887850565597905,0.5884681858356053,0.4725628640467228,0.5460960597288399,0.6249417119381906,0.6242721169316978,0.7068920750171088,0.65367457074187,0.5860496337147943,0.6992571650574253,0.9353894597210882,0.7857525317064542,0.7477741373964941,0.8249300872041068,0.8739946716271583,0.9388908304526311,0.9033728871584243,0.8592343411293011,0.8622547202045903,0.8830107653133437
375,1.2047017894339982,1.1896469657373485,1.0482246827212012,1.152422905085132,1.0953138688170552,0.8204215910830829,0.737319415538861,0.9124485791733703,0.8846287522461957,0.8573625477783027,0.6700681765505851,0.6467988499595603,0.6359616235931848,0.6634983740135865,0.5798286439655236,0.6100819890984367,0.5778032600841214,0.41821034927803324,0.5423210464715016,0.5699000884299683,0.6622568235549013,0.7316406320205397,0.6739603761178716,0.5926866208179262,0.6330192262088885,0.9968414643581799,0.7211933965834344,0.8293644243940899,0.8506256029387652,0.7636742649584899,0.914962230932579,0.8967424715541134,0.8546660947480784,1.0243267934244566,0.8755139850987416
376,1.0789450002542869,1.1011730494686893,0.99060839873567,1.049442450339995,1.1901480464705259,0.6866973016779809,0.9047333612689596,0.8586692963563407,0.9115665617176102,0.9917258358244216,0.6232023225798915,0.5938253912955154,0.617922122792173,0.6122273665513394,0.5881004289454339,0.5481250329867582,0.500488302477062,0.3843119515196382,0.507944560743947,0.6439735580994694,0.6460004035449578,0.6850933036564422,0.6414293789564846,0.5581489813639009,0.6902365340623968,0.9209829412647718,0.7357151259187347,0.7067333412863239,0.8003393690434712,0.8644787586185346,0.8522653862262612,0.8374173990573062,0.8060073371598491,0.9089958246810002,0.9338123042672246
377,1.0532420564422662,1.172806199750092,1.0905466772016825,0.9899038572800144,1.1450906508773318,0.7139906701209671,0.8613111892294814,0.8557876790064884,0.798741405709958,0.895070047808943,0.6124124080892152,0.6011812508738703,0.6625282771501033,0.6329655579122164,0.6117825255342643,0.558826745641448,0.48777430262689647,0.4926953753503206,0.5411160382418553,0.6341963211744275,0.5904948587282868,0.6838985912122487,0.6428314951247235,0.5868313376837581,0.680828679265522,0.9391077932899683,0.8110078383558132,0.7659983909017707,0.8659013344329434,0.8613694134659491,0.8455622847241542,0.9070304852787507,1.0078873540227613,0.8866510821011395,0.9228897411386001
378,1.095452526211011,1.082996259783811,0.9473447463519318,1.1713273866747644,1.1126992861642355,0.6884197909383012,0.7831658458157327,0.8520798294506711,0.9291058683113106,0.9474095963264849,0.5693659886444533,0.6382792141735725,0.6395289017442658,0.6571344226460876,0.6202209944277146,0.5276758812309621,0.4552554826756932,0.4908398147136452,0.5222035210110053,0.6031924269861906,0.6128473017345668,0.7027832729050905,0.6135744292686353,0.5444316344778581,0.6611238486784161,0.8769834311428111,0.7988406788124851,0.8025851441966081,0.8731626936834402,0.8441966349239098,0.9358263050850533,0.8799893324426111,0.7901859746980398,0.9597513461190795,0.905717193106783
379,0.9780820465390928,1.0771479961639563,0.9611442359066562,1.0065824522940714,1.2712081014094831,0.7785268747318866,0.6772909604023938,0.7846063962638041,0.8936872544273655,0.9806362408674587,0.5451376476769051,0.6562431287999977,0.6558213931806118,0.6229285702284146,0.6653983750785395,0.45352135800622234,0.46792698421204904,0.5058312370132326,0.5506700630540899,0.6849571283870438,0.5055163373548742,0.5802778782581012,0.6327093037861853,0.6282680212393892,0.7260356145089677,0.7837531545017972,0.7269756390786226,0.7365965341155637,0.8185066460354016,0.8844129128632156,0.8149253726455868,0.8910633102629087,0.7963266191382925,0.9077115891088479,1.003362709474247
380,1.0201673068944888,1.1414284273170998,0.9897339734131337,0.9614896993242301,1.1513853956690383,0.7467570435011178,0.7153939541248795,0.8150940217043203,0.8545955257947887,0.903157105926152,0.5553261545415842,0.5919862191966716,0.6430327804474852,0.6303567065340467,0.6491300204316532,0.45724423001000924,0.43871315795350035,0.5092765470563135,0.5116197747902769,0.5969332652219977,0.5891373865805405,0.6636241631148923,0.5794090560724539,0.5769661644768129,0.5900848195118589,0.7936728566180291,0.7443210641321867,0.7904147842430647,0.8350981266214057,0.8557869715605113,0.8719057062309279,0.8715195621957494,0.9065351117146854,0.9417273707931181,0.9218332202027273
381,1.1348203093209854,1.2806143257380147,1.0369441393495737,1.1463433338591438,0.9284460991010883,0.6775366535660388,0.9139458633843306,0.8420967555637225,0.8357413190877048,0.739887929746388,0.6301826907012654,0.6978226578319203,0.6760659581876471,0.5730732579859001,0.5008476650095046,0.5032631751933931,0.5255334966338581,0.5643792510664698,0.5488873318640597,0.4913315252096897,0.5306689442385133,0.716142395406745,0.698497569685347,0.549599748670955,0.4719259537256232,0.7766443474169084,0.7429930990865414,0.7753825772137589,0.7967840764844749,0.6730863534734159,0.7895097023261131,0.9419138027339149,0.9256299678358104,0.9217955823836287,0.6725626306569481
382,1.1349376125197832,1.2894277963014562,0.9663396846159258,1.0504781377734047,0.9701512084706339,0.8271616367530537,0.9344465701644407,0.7503788793195671,0.9824664652890502,0.7905781090025537,0.5574498053788142,0.6763424507655939,0.6649398820028577,0.6457217531290661,0.5739678968655331,0.5640318376424469,0.5788455107684829,0.46380051374977727,0.6122824547888948,0.5119333148375129,0.5868257923960531,0.7566167209864105,0.5970531068286742,0.6435920618704586,0.5550200228140079,0.8632743555860599,0.7942565401711141,0.6750508780971962,0.9147202929866234,0.8112180650110836,0.8820775131836207,0.9462498472118295,0.8298057473786302,1.035828105601632,0.7613400847786567
383,0.991234095898128,1.1655625034132864,1.0614504631813821,0.9508085854354807,1.1174648940073113,0.763720336510531,0.8419697705200722,0.8349300317296853,0.8366217805984981,0.9284211719768043,0.5852601288243771,0.6116281898131756,0.5946652972952267,0.537998037496703,0.5569705425667496,0.47611878742891667,0.5363366072261379,0.4697111200324604,0.4945576569054408,0.5589696113790512,0.5915773802228255,0.6663647844197023,0.6945187822422485,0.48990943551782995,0.5919259752050895,0.7605610979212053,0.7792947058848727,0.7677638637181365,0.8219990565657583,0.8438111058480203,0.8935913247837801,0.8424881571938319,1.0046200122555105,0.9295876719551294,0.8712797983398682
384,1.212750585795742,1.1033855165288915,1.0913817281170282,1.0396018553660407,1.117189992340943,0.9329901064736977,0.7305110941759334,0.8304618527663283,0.8751377816108886,0.8112311068672582,0.7795517213445491,0.6436462773989522,0.604987323610755,0.5475521772581082,0.5734720351085816,0.548307969693197,0.47367331591761014,0.5278692173667878,0.50052370346682,0.5457463287303936,0.6343432920426262,0.6081864804761588,0.6325707682699204,0.49084505390258093,0.5886123722020984,1.096292537465374,0.7975231091672241,0.7187147478693775,0.7222494496711802,0.7884090826941399,0.968236870467567,0.7751650390204555,0.8626011604625508,0.9509860336466143,0.8731106236520704
385,1.172566691468302,1.1517251090840959,0.9477641627809563,0.9422983369319707,1.0941956972103442,0.8495611737238432,0.7721914812559616,0.7197324230130622,0.837757753526398,0.8888011286527069,0.6476382785122426,0.6718926866145507,0.5717659051549299,0.6110759679197951,0.6297884352908014,0.5024617694376523,0.47664416617101824,0.4372866252206155,0.5693493002829372,0.5794503770961807,0.5896296285057658,0.5884992979403258,0.6395793260472407,0.5036749071971225,0.6384327601036807,0.8680429885177869,0.7297142075308068,0.674469438350332,0.6965092374032242,0.8067049205618515,0.859674132837274,0.8948571881316005,0.9100023308419714,0.8793137316221701,0.9985642657841998
386,0.9761099420709957,0.9905320387354473,1.0713550903376956,0.9491599407632199,1.1296290728406304,0.7195699506974456,0.6221562600202937,0.8399083401371481,0.7930054328920793,0.8548979241666048,0.6111200483409804,0.52396847505788,0.6357719070852982,0.5718185076663544,0.5927190072372872,0.48455523844556847,0.4200571412261974,0.48976138136873737,0.5101982843448825,0.6135969941958763,0.5480849723179244,0.5463216310316272,0.6279062189225194,0.5576114353786057,0.6126635472267686,0.8147542592986894,0.6371622727978331,0.7690387336426665,0.6951737621775338,0.8521943449500563,0.8151751630649009,0.7161949353133759,1.0351530860301863,0.8007934289057677,0.9241366495210833
387,1.0851453607534558,1.1671666355729577,1.0959457099057646,1.104546640044538,1.1236066918107581,0.8313828162182706,0.869183276719836,0.9217694992553356,0.6165208915408451,0.9334401906096605,0.5665719984045319,0.6476781153867293,0.6824447991624834,0.5746636585933964,0.6075758128697513,0.4945252738138537,0.5236555973882597,0.5131764687863563,0.5789720486507868,0.6408114721989975,0.5705568463839452,0.6765543501541631,0.6512418559706143,0.6128201852747672,0.5728614290435347,0.8313650233385491,0.7725380346503388,0.7517316370239178,0.8170436134178505,0.7812053674962962,0.9260274889588673,0.9093146610742947,0.9356049128211541,0.9276447160196093,0.8276553158641333
388,1.0212025122743646,1.1530286979772193,1.0322267575325732,1.0538548239401249,1.1386487708059936,0.8217159736233665,0.7934002659988628,0.9456850057070303,0.5669326424825288,0.850686876361813,0.5717445213119481,0.6453200233708283,0.6871235043858753,0.5749551598472737,0.5925393049035619,0.4962413802797787,0.48031780202795415,0.4680512907140664,0.5584782335051648,0.5262143657693831,0.5628281810162892,0.7031858942070572,0.7156224775802342,0.560202839331774,0.6586614411913119,0.7953671558216571,0.7096060193240292,0.8471510498547401,0.8312046315055219,0.8137803980866121,0.8448418388135291,0.8537231818928679,1.0023803317570754,0.9502154311866906,0.8518953710912897
389,0.8825546619137068,1.1030108074230638,1.08840195112684,1.0315354766638607,1.1071082561458536,0.7586423305022324,0.7940119990829131,0.8922673871389349,0.7050174715442049,0.9867962729480708,0.5897994545516048,0.6444650350553562,0.6720249410713576,0.5630077708871205,0.6288342949086003,0.5303499026082052,0.4783085836861083,0.4478736565276146,0.5471682204255058,0.6033115650692717,0.5579317488676868,0.6310635887662783,0.5939848520658216,0.6121679297611644,0.5679489844522548,0.8370655597045847,0.8089882675234463,0.8183244427020664,0.8519334946204085,0.8014115572393338,0.8479194208796519,0.9260014529276555,0.8961027689363064,0.9481711317560323,0.9230646620925076
390,0.9653458965001653,1.286732293482033,1.2142161176166848,1.0925486163205136,1.1141633444117973,0.8228257775310053,0.8612876732712014,0.949238588303551,0.803037778919744,0.8361630056499987,0.5830265027581367,0.7528702648306046,0.6563654727422694,0.6515142749522438,0.5990024112672625,0.5490084869260038,0.5919953204661317,0.5074155483532741,0.5929343858355909,0.530844533984356,0.632792221905869,0.770287582811362,0.6239898656710678,0.5584858441611799,0.5348340981909472,0.8844436198095251,0.8199034089453318,0.8617955056564219,0.8646712267499457,0.8210819821660953,0.9206566328028607,0.9497542685902663,0.957281088984829,1.0107663838626966,0.9469601344272527
391,1.1346439354123732,1.0934585971233872,0.966480644318256,1.176229464134395,1.1236247957655379,0.775472471577642,0.737427148296214,0.8189236378985181,0.7475119573988033,0.9046531838376656,0.6208831001649543,0.697743994916119,0.5497344231100451,0.6281731878909658,0.6271757704833851,0.5894943765519403,0.5204357269745445,0.44167196036811285,0.5691019742495699,0.62852167705212,0.629112950932156,0.6345952459721076,0.5965412194374028,0.4546150967829839,0.6272840449058019,0.9099577888834764,0.7399941331225468,0.7799985940523075,0.9206668622090716,0.8888461586812707,0.9182916743137179,0.8589124554833614,0.9889973403490242,0.8861259421678059,0.9475979334136582
392,1.2438355184687224,1.3927968109245459,1.0478005292061399,1.0583106097432695,0.9614702018185673,0.8313660087857151,0.8224006959219514,0.8222088073575674,0.7048151326836022,0.7397345215845186,0.6250073939558887,0.707728309989716,0.5582235390941716,0.5701727241934426,0.48700594709319234,0.5080606735031334,0.6236782901465051,0.49535846687784185,0.5082458484687227,0.4922544258958117,0.5928373444575687,0.7834425496950974,0.566984286748415,0.4804126585034829,0.539042702676267,0.8466213857448059,0.8256195615912951,0.7820212710451495,0.8675360857044372,0.7100069654414344,0.9161403774350636,0.9404325353422649,0.9061089175508372,0.8434609966066766,0.7447240961252252
393,1.177330839393256,1.101384382845461,1.0743702743390349,1.002579062418656,1.1031930609639908,0.7780769150308431,0.8233907566053782,0.7960780999057112,0.7662557555413707,0.8519907319281242,0.5688369135561522,0.6319268706302013,0.6900335952733391,0.5857371353520078,0.6286402671633742,0.4974281538655616,0.4870885116605968,0.544086366083042,0.518455837893776,0.5311819408452951,0.6427059181959338,0.70907331102185,0.6164708517916482,0.5010878115532446,0.6251372127746107,0.8630278788661033,0.7005117829640015,0.820491812496535,0.8693539165083148,0.8296096531673018,0.9049890380053256,0.8652018299630888,0.9498892601088752,0.9239714639628371,1.0038966219388903
394,1.176903627388943,1.1843501744376548,1.061485645415671,1.123646958729211,1.1594119372493827,0.8139590332671861,0.7738923913612528,0.8280036173831313,0.8088655613687757,0.883739395831284,0.6020073233462631,0.6864123122012407,0.6379607123720188,0.6109080455684255,0.5665286731633989,0.4596963224768247,0.512116998011559,0.4287985621753997,0.5170659818935716,0.5513094067296564,0.596923675764774,0.7412693946969163,0.6557505245573743,0.5843721900695906,0.5976624553927877,0.8141412547835544,0.8077123866686202,0.8069690265384806,0.8557721567403485,0.8442227513240455,0.8887127541323694,0.9478615867624625,0.887891487501238,0.9093247267005735,0.9565326039580782
395,1.1175180297958964,1.1564087486313448,1.0473290407591311,1.0283861611530085,1.1742291368524551,0.8553398922528597,0.8679219688655261,0.8517131057784865,0.8142123973163644,0.9803541283286472,0.5247206970191983,0.6972544000949366,0.6800335376096636,0.5432419639341094,0.5611106798972133,0.569396637511941,0.45017598989024254,0.533285325431646,0.5440377397481941,0.6729871498779687,0.6208051408889574,0.7054726562460636,0.6924669872979399,0.54194822012541,0.6857895677214796,0.8061548279030224,0.7728997417791645,0.8189845796657267,0.7669961263379215,0.8254445795553491,0.9184104332790662,0.9411059359429881,1.0248319148199205,0.944353329249794,1.0094616284789835
396,1.025794180302014,1.2390648104595035,1.2087706011160657,1.0653378129841689,1.0286916752925195,0.7808677214453168,0.7874752963395879,0.9150501840319638,0.6746960805223381,0.7553080296542515,0.5174940377073647,0.6583099500252787,0.6502023008556177,0.6535670750131951,0.5296837423999489,0.5415191766969876,0.5316505294263114,0.556679443816322,0.5199592581960921,0.5105371058407612,0.5934361195455751,0.7310700185182561,0.745438140271462,0.6411456436325476,0.5658658096024265,0.8190866385650901,0.7129392081844755,0.8355589381987182,0.8044359569559444,0.73970401570149,0.9081300720677169,0.9270263112204722,1.03114631960392,0.9312549827534541,0.9171310791599974
397,0.9068027365458775,1.077974680889274,1.1735830230374562,0.9064678711360186,1.1094036873486581,0.8088041931508716,0.8093779300411841,0.970344676394812,0.6664479674610515,0.9504242294985698,0.5668574279404965,0.6516942133934217,0.706808604559557,0.6078756531870166,0.5861483472089974,0.5390576789840538,0.47431456018953133,0.5209935178021894,0.49913615272254575,0.5360813164945291,0.592927378379065,0.6506898195148139,0.766747738438749,0.5533299603012184,0.6697137506259763,0.8084639069843741,0.7823789943669368,0.8416699752399008,0.8121498083337517,0.9138646075040742,0.9279426642347002,0.8579934019983294,0.9704235386473972,0.8670524653495504,0.8917543399071897
398,1.022076065918605,1.1365146579488448,1.1047493109905355,1.143807639594066,1.146074688021104,0.7753115526549785,0.7401929663081603,0.7990398907360404,0.6576647874241074,0.9071818399070861,0.5983059559804451,0.6706957699284892,0.677440756352853,0.6070512692588033,0.6564996257815363,0.5240667359889408,0.4864502790271611,0.48466047676966384,0.5263849246341739,0.5999569692735687,0.5556611276264546,0.7013410223888513,0.6354975609574809,0.581569997974781,0.6186373947261601,0.817558856331139,0.7366540291538288,0.7401006076974516,0.8102204293862577,0.8640835641465044,0.9118259290070407,0.9383146049089853,0.8645473666593113,0.9419174055357846,1.0113451362809398
399,1.1751586454957987,1.1702632717849697,1.0606430164806588,0.9980349259651793,1.1930428987643709,0.6908774343623307,0.7624261268610223,0.9195949660027156,0.7195074679987972,0.9397010083309753,0.5469639590228597,0.7169091996525956,0.680882977961374,0.5307768872584341,0.6042762907619581,0.5324607400331577,0.4994783430546724,0.5475967911340166,0.44092599677480165,0.5759545608082228,0.5665348790436058,0.7028238824037576,0.63499163304169,0.5677167130509975,0.659744383957611,0.8341647179777937,0.7263709808402812,0.7803886913134344,0.7837923536203104,0.797240819828137,0.8901587953820207,0.9060966797416223,0.8609638324504112,0.8902354117926612,0.937905896263689
