iter,a0.0_s0,a0.0_s1,a0.0_s2,a0.0_s3,a0.0_s4,a0.15_s0,a0.15_s1,a0.15_s2,a0.15_s3,a0.15_s4,a0.3_s0,a0.3_s1,a0.3_s2,a0.3_s3,a0.3_s4,a0.5_s0,a0.5_s1,a0.5_s2,a0.5_s3,a0.5_s4,a0.7_s0,a0.7_s1,a0.7_s2,a0.7_s3,a0.7_s4,a0.85_s0,a0.85_s1,a0.85_s2,a0.85_s3,a0.85_s4,a1.0_s0,a1.0_s1,a1.0_s2,a1.0_s3,a1.0_s4
0,-0.30303117579119854,-0.31449655506844004,-0.3143923744589221,-0.18578931692775363,-0.2578026298051899,-0.25849497055634946,-0.27519472816798574,-0.2613868706602459,-0.17337252995856833,-0.22723185637428697,-0.2181340345622674,-0.23957744753944904,-0.21335063284269565,-0.16211981676774417,-0.19952709295253115,-0.16985918954973783,-0.1969763863955129,-0.15589552486484132,-0.148660689225778,-0.16639002297748978,-0.12694821620526714,-0.15910877648979194,-0.10482431777341528,-0.1366970202995858,-0.13693484966634195,-0.09776875433102704,-0.1333588017539017,-0.07009589695124556,-0.12856172542977512,-0.1169053318147614,-0.07083386644711313,-0.10958959430538757,-0.0380388931153966,-0.1210522224730268,-0.09841654610561014
1,-0.24975808659001172,-0.22753407396463468,-0.08732386983549119,-0.16310224154701097,-0.04292064435271182,-0.12246586610017998,-0.20436006375911475,-0.2056415190285447,-0.13703988154560431,-0.0849365225795922,-0.11704068689536129,-0.12733669121018154,-0.15842279819491678,-0.12537027016471325,-0.08969655884453134,-0.1443176993996337,-0.10294889929394532,-0.1338853108507279,-0.0969348841342749,-0.09486629125638282,-0.15612350133294786,-0.09591688583504143,-0.0969355156240305,-0.08348877182550052,-0.10728781097706043,-0.13867041397580115,-0.09497343872174897,-0.11077938358217589,-0.059764489162418534,-0.13556273079603404,-0.11577463874153746,-0.06387551497859562,-0.0798041521443649,-0.04370385220594233,-0.08898122791935059
2,-0.2293957571827182,-0.33902217791413786,-0.30951168883113617,-0.22760350077636177,-0.24235945077331883,-0.08910894579734385,-0.23202385320999924,-0.17516682044321086,-0.090298226237949,-0.16104137025342644,-0.13161805025108206,-0.16465369306404576,-0.11671288263047658,-0.06998566294489049,-0.18275829379675507,-0.12579404227845384,-0.16758939237284928,-0.15726535140105716,-0.08873679752568088,-0.08782093616430603,-0.08174287509648111,-0.12081373868269804,-0.08791258853881416,-0.056952059046027605,-0.09012202916543388,-0.08845734184630728,-0.11695819175196316,-0.09515680227995561,-0.04553809596015832,-0.10950289040602189,-0.07698749430792587,-0.06638488142861795,-0.09253105620298624,-0.05760562322772139,-0.06106563211000739
3,-0.1410880647157737,-0.12581349377198817,-0.0874129198737699,-0.0005939122075834316,-0.10216731973892136,-0.020879283024884492,-0.08952157065862631,-0.1149724641531197,-0.10934845740472945,-0.14278548490449108,-0.061549648304414166,-0.128099028650616,-0.0895863631148146,0.020260964516120472,-0.06557519667315392,-0.09790496712263519,-0.0761248836578116,-0.08640657714919024,-0.10407934212185871,-0.08934725068949194,-0.10318248729694876,-0.13319539667345004,-0.09659207349080112,-0.13139949971891016,-0.07589249805126572,-0.10205907313635894,-0.12069831855001423,-0.05781190043934284,-0.045069171095261706,-0.0338238815593632,-0.05607881082200808,-0.07002637291119986,-0.041200602418237864,-0.053240059940008105,-0.055190592616355574
4,0.11341272804615382,0.02994761449597657,0.0035726065155826797,0.13647057670115448,-0.13018949904400565,-0.10472376115533044,-0.13947788639368633,-0.05752454993014011,0.025491351888874646,0.01264604233857995,-0.0525934080715094,-0.0494928200119732,0.05735626104740369,-0.056191699816859814,0.04612048261961536,-0.11088812670600384,-0.07931715589333162,-0.056480656257757056,-0.11581299122695757,0.021865022553339532,-0.06966439648206857,-0.1281778353772292,-0.08027120044804839,-0.12013867132043121,-0.025165358380957386,-0.08529116230518413,-0.0869889060615465,-0.032783529978447565,-0.03018253982169427,-0.06731791241732818,-0.018233530431702196,-0.01843020318603811,-0.03402694589643049,-0.0795607946278496,-0.018482166624307246
5,0.005646242670885088,0.05253577929040874,0.06383968711262505,0.20292770920641115,-0.005938441030556019,0.07412226993326276,0.010417005628134676,0.02500531208791972,0.1480536283406861,-0.007031779555959147,0.0312431260495417,-0.021791154640009594,0.05068272731818368,0.015481732995499866,-0.03881277654022623,-0.10433128995409027,-0.06739081544206743,-0.04131761643134676,-0.08124337839965452,-0.024234673741225954,-0.014725116720180505,-0.09955513111114056,-0.036830221716301154,-0.06771025672203254,-0.0006018834539965445,-0.03351795762548439,-0.08078744466266068,-0.05712138654748138,-0.029454017999898385,-0.07066225503734949,-0.02062346926640868,-0.03865291513291932,-0.025885109902943106,-0.03522678590238223,-0.024621610777764796
6,0.059611563492215594,0.1835719198864684,0.009650991699085856,0.41050850781008186,-0.040289592094263554,0.021520993920476513,0.09099154305392586,0.08232828602035475,0.23300536111363165,0.08515607091745296,0.02277960791850031,0.1388492422097544,0.07496747637577025,0.05919085696173113,0.051372139350498905,-0.05555037632553282,-0.012803157451588526,0.017785095555746203,0.000410527191666496,-0.022191439607840834,0.015433402608099493,-0.07651126929969529,-0.061865751925332634,-0.051473734072903815,0.013731219736587995,-0.019152187468056907,0.04367535743902781,-0.018542122900542534,0.012052658952831734,-0.0070324490128002935,-0.02773403539506251,0.019331303670304438,-0.03930630038147239,-0.013391517261359728,-0.017520842294720982
7,0.23805740142974569,0.2422833571280412,0.17137319284878766,0.44178882494783106,0.08659784517094526,0.219870448685012,0.10908979446566294,0.20654803344206207,0.2959028536023548,0.15770821328985868,0.08474661424719535,0.14641603183568686,0.16363820320949035,0.02391429113002564,0.016213634573037098,0.03703587714352717,0.008259401099129086,0.003245622597450492,0.03629454784005818,-0.005786463458126261,0.10909375098052693,-0.02271290175147979,-0.023229850737545587,-0.010483239534526035,0.03420280923845806,0.07417323689068253,-0.004648385877451377,0.05880857165219832,0.029478775777846265,0.022215718766076455,-0.003302896212295005,0.043082037133519206,0.008348100692617485,0.0891614294077134,0.03892912029636877
8,0.3151805980650886,0.2822369105566684,0.18660302924442285,0.4482142798095908,0.31673717582420824,0.13077346198216933,0.19652633748864728,0.2778870251884894,0.3761751966463587,0.2156430478216402,0.05665942010279739,0.19971065163272428,0.19673072376404802,0.13211065643123943,0.08745295090923899,-0.03894552139332595,0.05159500711527869,0.09720006928076383,0.10452922606180823,0.13904661171075933,0.0785939661528799,0.006349789324952821,0.015845757092626832,-0.00011837438733714595,0.027443144685418048,0.05130170588629833,0.053230286341865225,0.08245726442658724,0.024831027894683572,0.06691379033654368,0.047758800284858106,-0.00013493453717433428,0.04447761130330071,0.05279371367915074,0.06761795600076818
9,0.35140726175480286,0.44551320150881846,0.22226664691997136,0.41397499320798925,0.2456189451299401,0.30540386977904327,0.31614563825870645,0.3511708773746977,0.3166785346017815,0.2357627239927151,0.03387048358627968,0.21498641838260468,0.263393157634595,0.151618821677486,0.12669387799141169,0.07650619059990475,0.12051217653960106,0.13385215668387843,0.1441819734919367,0.1062884983623929,0.14848009046231647,0.06472092108070782,-0.010726915945109262,-0.0019828735491556355,0.017782948529271918,0.0758700941609931,0.08942328308861681,0.0797202721451919,0.04546925678650268,0.04787342406146994,0.07675541744973098,0.08941666804094993,0.06264065344948323,0.03536112349834266,0.04125209507204754
10,0.39896274340953913,0.43747216176195197,0.2891447990919232,0.4421113450999075,0.29004592296254117,0.32829744127729743,0.3055018772560269,0.30812165727677254,0.43746948090713345,0.3233773737462884,0.1379081485946491,0.3127402976775739,0.22293685625894816,0.19361205198614034,0.07053780274838099,0.05785490278570703,0.12662078475667435,0.19938094611091006,0.17961435823316524,0.08510273444611535,0.08421345225206704,0.03863137119594646,0.14321199480073932,0.05707673513531769,0.026952117831965224,0.027108256580955763,0.11002227315078937,0.14780945398418127,0.07083528721868004,0.10115402434805984,0.06918976728596074,0.0833632615005038,0.139278475172341,0.11004297512170136,0.05067259621088256
11,0.44042513344459094,0.4592454234347685,0.37285226231128277,0.38967084935107565,0.4924557603781734,0.36534744044639356,0.2947988621249792,0.2919450366587957,0.44285069704835733,0.4503735037999771,0.17284460936188706,0.3650996392332494,0.27221847972912333,0.2185351418104879,0.16315893334738912,0.09418206991136238,0.18134174952524046,0.2216073879122849,0.17791607998749828,0.08750996986332292,0.09004145626615895,0.06882032172780894,0.028480045638405498,0.059667658534913896,0.08172580082719724,0.03260212258015141,0.15414753973588968,0.10349109564549736,0.10006500491132694,0.1405712751735386,0.08004994884988184,0.14003183413062603,0.07895890082517676,0.12019679583814608,0.13416562912545899
12,0.421197239042453,0.46749877849409927,0.47274799234815457,0.5989328498909554,0.5855138799975989,0.46001120327660566,0.32947396090053105,0.3966027101573849,0.4525598029586452,0.45977844019381814,0.2075579493436583,0.3184434657418715,0.28822062975608337,0.29010154644510977,0.22698711383998285,0.10707113445305833,0.21164295079364112,0.2450149141540524,0.15105478282580256,0.19580795539632692,0.08519135075192383,0.08921301214527345,0.07574498870682428,0.06662936843255507,0.08652921097873091,0.12519678878084456,0.22384102940657066,0.2215516973208792,0.19920435271658468,0.1831797320450508,0.10357366275947816,0.12313522579058031,0.14458124218348462,0.1505531277601272,0.1953050315778083
13,0.4429867181755781,0.7048285235131844,0.52542053709121,0.5357958868283,0.599691813727048,0.5690922383986903,0.3802559340436077,0.4618994185323365,0.47191473934596884,0.4624825319824624,0.21007487706074315,0.4727961680720652,0.2510172449281887,0.2866886224123728,0.2700244934278604,0.10118052876188185,0.23039387241970244,0.19675938977011168,0.18747016312955764,0.2282187916929288,0.1507353011914374,0.1959840721061099,0.03230903318400474,0.06762743213295119,0.09032039757286209,0.1419693611235564,0.2263116794431091,0.16111601516676866,0.1799517270789336,0.195583923243822,0.15852471717528982,0.15252689185788185,0.14379603187198192,0.20198291202959595,0.15374545102506326
14,0.51846198601637,0.6600677867829872,0.44772161749874806,0.6130406634707406,0.629845270174463,0.5266083622662842,0.31298336264961063,0.5978093173396153,0.5579551462260783,0.4702689682590331,0.24790427459650177,0.30757022831037906,0.21808821988160337,0.33407453376869645,0.2845265862717369,0.15146260223323352,0.19534811879553837,0.2278444377190344,0.19323148898270026,0.23042885757743828,0.1903581877982799,0.12400404312604396,0.06930078399868587,0.09002906425495094,0.12376462301401303,0.15039586581434633,0.2174315387586806,0.17068257860987338,0.15466700582124138,0.24764169426306784,0.19076743009915625,0.1673067429934043,0.14678798381319363,0.23152808063064245,0.24981832565891351
15,0.5782055977605904,0.6448482104029865,0.469453319159612,0.7245286114064933,0.7104038494837097,0.48736206645684865,0.35616373311999916,0.47867929867623205,0.4433844318545913,0.4951610464635462,0.28262056923075984,0.3474196251222523,0.24593489595373508,0.3400400990937468,0.34309640293176524,0.1552502717091493,0.20806582200114915,0.17838585713760058,0.19849183836373135,0.23370233653178293,0.1588051618591818,0.11531864901849694,0.008730943735267263,0.11325795143784949,0.11902826903880376,0.20948849506415979,0.2720245729886813,0.21344855224651998,0.25176682792326394,0.26138360059850285,0.23502678151016443,0.20630968182793058,0.11428911644160307,0.34105141464496674,0.27076519434913304
16,0.4928182022569121,0.6793922645518182,0.6509079049535746,0.6510698683535328,0.6132611350986883,0.5938605533939807,0.43678297194406346,0.5829994682623769,0.42123305185889903,0.4014032955069172,0.3217542305390858,0.3484219046176026,0.35138427852554,0.34800911558712455,0.3269228827580024,0.12300878705985083,0.23983146409216063,0.25280817348789286,0.14559030529348932,0.23308592872257405,0.14485279843003307,0.1598676733533083,0.05924206740144431,0.0956115919017637,0.18827804107900398,0.27387356980369393,0.23802746391484092,0.2516785990717821,0.26246598696202594,0.2609044075973561,0.2486012372817064,0.25618311753631395,0.20247926379257733,0.289350116047072,0.2156608075721159
17,0.47181643019976705,0.6573898607805362,0.7520593438165742,0.8038086482029159,0.742600323690727,0.6004533623278226,0.4709528406610794,0.5721463819870616,0.4611002540493562,0.40258965245942646,0.3521504196218159,0.3906738487877767,0.32409571395522896,0.45274418875795075,0.2927110694323448,0.13919923822732627,0.26938254134428385,0.2698640938962634,0.25891614604092317,0.24088786513989863,0.1832528820915643,0.14555486415566177,0.04366790565429103,0.1492903616398038,0.22398898951981358,0.2688188092210696,0.2803243944959941,0.372785060627743,0.287409599891183,0.29268854543824496,0.3119240907438906,0.24739364579354878,0.26433701991080333,0.31711200935603373,0.3146807195111345
18,0.6465552969192108,0.792948035349872,0.7947628113431238,0.7370620915671591,0.7019132236585656,0.579671400031333,0.3705223791508019,0.5627757542664533,0.5636740245961416,0.4659662532787908,0.3403950809043713,0.3753768375079267,0.3518267519909718,0.4517197264190975,0.32644083058647483,0.2111950396408144,0.19923683899257855,0.2518869821850088,0.30268091109756473,0.24871203032338512,0.16876679106372058,0.20223351009539517,0.058332910541513065,0.19017598856043394,0.24101119389025644,0.23109823118462644,0.34470606198326176,0.3621338315533117,0.36504966424135427,0.25449024882741655,0.24345443364478525,0.26309945845536487,0.2448581961641399,0.456984289795198,0.2981029971337026
19,0.6143070969080204,0.7235753929017644,0.645288914373672,0.6905804404487539,0.7260696530589708,0.6331424578698168,0.4835250273201167,0.6461062859383055,0.6270789627297556,0.48762858858183006,0.36316557469253513,0.47852156749406094,0.35941096949421975,0.5079453169743275,0.3428095964711617,0.25003275695692345,0.25191860957810763,0.25641470774050734,0.31640325391663376,0.2800783155769661,0.23726950028401286,0.19874151527433986,0.08245934356637585,0.18411982507278593,0.19663491659355953,0.28831109839971647,0.43345536078609964,0.3898315285333099,0.4057986268828685,0.2953423007758887,0.2564112215985116,0.3493664524617284,0.2961520563837764,0.4629009344285654,0.3703824259099288
20,0.7583852478710624,0.7849660301552536,0.6978557397973613,0.6929365176822982,0.6717106425125751,0.5427247400746374,0.5621051872482166,0.6681059875012882,0.4541350968912035,0.43435648911704394,0.38579470921679093,0.45450047267048893,0.3407376067331882,0.4443488045812989,0.38156126630139814,0.2051122708663325,0.3091966044689224,0.329312832793372,0.27150609436192974,0.31328046433611473,0.21232817066986687,0.21765246200374033,0.14955632835144267,0.15207051084009293,0.2026882245081872,0.3291108134488856,0.4718459159981149,0.3629317940137984,0.32428222315720523,0.2814294731143211,0.25732592939954796,0.3794912225069005,0.32349251298252013,0.3799565394092162,0.3971017565657562
21,0.5831179478833971,0.8630800551986119,0.9275188125437612,0.7064456014423351,0.6776582186028053,0.5477322755895047,0.4141237872960282,0.675044829570795,0.5085559514552568,0.4714281370466116,0.32817272273185677,0.4706684879351444,0.3659251654286047,0.41651876149734224,0.3858015536574355,0.2502366213959269,0.2668126628379057,0.28936336851699834,0.3035917654097486,0.3430053540222737,0.14048961213786143,0.2725557197891607,0.16932429742679803,0.2370436354138073,0.20762332210281634,0.2907720658525924,0.43386339258439177,0.3596834825276758,0.35997723528812875,0.34642111078351745,0.19437007180807636,0.3912288588714641,0.36997438035681574,0.3505711793553056,0.39144175349337984
22,0.7388329310278621,0.87622137706201,0.8818393447284256,0.7766200624942763,0.7041504239515168,0.6701076917768161,0.5221506719711628,0.6600050105141533,0.4907790464356331,0.49521552370091165,0.3356026584610752,0.45534896908030875,0.34177475554291464,0.4630144833499248,0.3110167734303907,0.276295690295372,0.2746584610420978,0.26284623699600956,0.33388568170439237,0.3400158911122477,0.21212235410414443,0.23535803574630745,0.19882734409357622,0.231414662818531,0.23542960216730405,0.42335101663899555,0.4287285798514246,0.3689393821926158,0.35522471583167436,0.3300952766318329,0.28965642368378375,0.34720108982402653,0.43612007193640207,0.45927928226040493,0.40525512514377593
23,0.5760716591804034,0.7577559918370316,0.7390118042990498,0.7266778185714708,0.7761920267649054,0.7145138693978668,0.4750895459491306,0.5257639377680476,0.4804296907232584,0.5719912018559167,0.36097958131324615,0.48413261696288207,0.4504046361564631,0.4831711688074528,0.3217005710318116,0.330657998902376,0.27594586935572596,0.3074592793194185,0.319027531304206,0.3502192781189484,0.2319754995549447,0.27590742382972816,0.25572343032345707,0.23030279161359266,0.226594542552627,0.4267459544082779,0.40635925174934384,0.4127304857899011,0.3419065501662262,0.38774399603077503,0.3242437195614162,0.3844507276723196,0.3974635704845365,0.4007575656122893,0.47704775573322145
24,0.7134297988331331,0.820737644644224,0.8580825684566074,0.6716286427380915,0.7838908039383112,0.6700470835402424,0.5416691118899113,0.6350185037895895,0.5188731044741742,0.535600719788998,0.3624348724065003,0.48669793185874244,0.41944074917585983,0.43345983069494515,0.27257388728331666,0.3164216750132551,0.2794892295795993,0.26579731595972045,0.2897995977658595,0.3037068222889189,0.24861864664323316,0.25998294260399973,0.23970059205387434,0.21600146216699095,0.25949037804469777,0.47165515708002015,0.48116061132472643,0.4963007303799709,0.3426425705413598,0.3481564337400894,0.3908087992311371,0.37204790791375236,0.46183851449088864,0.386352104922854,0.44137754738745494
25,0.6855126286409549,0.9397315466035134,0.7461072900073662,0.8290933845745218,0.7094856008902005,0.6529577107429366,0.6296036006662209,0.5659029593700307,0.635277328820663,0.6460983911086494,0.39795546823207023,0.45450042014126757,0.3344165640844491,0.4951253152083869,0.33497138078267746,0.27629711142656915,0.33898073637175175,0.22312378611738318,0.39195233982733557,0.3766600389263254,0.24388404957869558,0.3116565904554216,0.25228735458535045,0.24834645921516785,0.26334816561589236,0.4824973189800196,0.48453418264541026,0.449209380025276,0.42391423547215035,0.41354228659905845,0.38953224697815886,0.44054574035267335,0.4408858257654751,0.5709706773902481,0.5845358901877302
26,0.7558621935335772,0.962740517409947,0.7223749439657036,0.848379608344865,0.7417157449214749,0.7508836633525198,0.6046444197032068,0.5993721434544401,0.5857242595133508,0.5675806157497334,0.3417431173031844,0.46767968565838447,0.3524447598561672,0.5480957518632683,0.37903176747883843,0.30987124524575343,0.3195883634354306,0.2789680973815567,0.3703527116153397,0.33816172720488236,0.2752586916208825,0.339124979079958,0.28162464197582016,0.31362448758313755,0.23063466457368292,0.5286020013983593,0.46358249399221363,0.37867828339080123,0.41226525429146854,0.4123343156229837,0.4652801022740207,0.4486870766978366,0.4458812282072381,0.5418952412198124,0.5394798879082021
27,0.662535959999607,0.8343634322301943,0.8569850578367687,0.8237980341625135,0.7687480189391925,0.6922609280814827,0.5224072237500339,0.5941478372551383,0.5958942685245865,0.5146285577110769,0.38476022447177183,0.46361082163327955,0.43966071308582866,0.49113036754488393,0.40296091150622937,0.2808783909525894,0.27146013783456935,0.2725393032916802,0.3673783215564272,0.35106109980066647,0.2773997132047841,0.3125726257735051,0.26291843556550704,0.29615881842163894,0.2677599849609086,0.5001217379488909,0.46159793618857015,0.4294345973196705,0.34385118917789853,0.35850064762267897,0.35838110946857055,0.3391548093539037,0.4366848380177379,0.49976019739976507,0.5826055368591581
28,0.7271508153498328,0.8949735811840456,0.7570241624264317,0.8539287070054311,0.886159041791685,0.5827685126704165,0.5374819905624244,0.6442902758142264,0.6454589043719219,0.535309436377581,0.3632278482185972,0.5051086859474544,0.3586529205249245,0.4966355273537795,0.4284937407850101,0.2983800818725455,0.3485106867743524,0.2745423075693749,0.3627088713805665,0.36888335449026816,0.2988709372022583,0.3753407808980558,0.24507298071401828,0.30762593383174486,0.28085590882008127,0.5253026227578483,0.45536199786138687,0.3619582977942039,0.3883211197760986,0.4844486233465848,0.31845317289556396,0.4139938408851762,0.40067905907606094,0.4905857705025557,0.6524739391724961
29,0.6347628166617855,0.9463167567961741,0.7861068761135062,0.7671874644609661,0.8217594610544862,0.619102357227546,0.549624123822624,0.6266864151317268,0.5894423470248185,0.5096957748373546,0.39435785123122813,0.5248966911992821,0.3332226834014601,0.43190803790498783,0.41551510242030226,0.2891043171355606,0.34752258539610803,0.269166834783109,0.29448245699015896,0.32653646006666115,0.3047287936278311,0.4090638203306418,0.23666163297542367,0.23889291827361572,0.2503044711532624,0.5469707556196886,0.45141533174564163,0.38602384757960584,0.3036510606686264,0.465075698808006,0.36442558312951523,0.44466507595892063,0.2845760527938751,0.5492715286439933,0.5382691859724438
30,0.7216681751632508,0.9954693447262315,1.0060107660496032,0.7929147304843248,0.8326294947313366,0.6957952693294893,0.5467602617837526,0.7097634642224164,0.5573437283441433,0.5540730846458861,0.3827881183709874,0.460014723889124,0.4102366130226265,0.4074081694328259,0.44292176801675304,0.3194203855785828,0.3473307606569313,0.3451065275555536,0.3203048833176944,0.35607483988989364,0.28393862734732794,0.399772458100527,0.30891176582453894,0.2529133543732792,0.2816729731548425,0.6054969277095051,0.501487687022407,0.38556319787639254,0.42624249349534793,0.538883958694192,0.4068162495737385,0.4435755395907579,0.4506911139656098,0.568008627291047,0.6330168774800918
31,0.7204622144903041,1.0060282852962377,0.9259560608613002,0.7319087935002817,0.9971871977915716,0.6337015567806523,0.6800071544748773,0.6025622665499861,0.5622465369365395,0.6915089826734138,0.35070169963612796,0.5734626008251107,0.2970817796557636,0.4399417728242556,0.47556458024594134,0.2424061749470945,0.3404577934218149,0.25401638650285324,0.29421018544207744,0.3943068453551285,0.25456686465139544,0.43499686283623806,0.23535595065092657,0.2557111014187332,0.34132738904156296,0.5137130948276232,0.546068220043058,0.30572091934424894,0.345727719131716,0.5139760752781595,0.4578002683981982,0.4917494679760099,0.395002030943638,0.5898656644028417,0.7847890600328125
32,0.7500779027716091,1.0441216228028158,1.0254189625595154,0.8741736209335169,0.8821807979014231,0.6768555040733265,0.6783082309997318,0.7248794382874765,0.5482620380146292,0.6744457355425965,0.35243182789109107,0.5733706859603243,0.36900710525978986,0.5003337204843474,0.42263111396709285,0.2428784469495989,0.3395841746588514,0.2721566298517717,0.3381188364194554,0.32137681459653905,0.2985151366633122,0.4711328391282459,0.28074386781836397,0.333229982334138,0.2722746243030904,0.5772007892620472,0.47219027746349657,0.3861820016431484,0.5371756863389119,0.4925355596043822,0.4992915930076743,0.43241564960634715,0.5088676581217711,0.6926292256875,0.6726909126566416
33,0.8293237959797328,1.0319682695312475,0.8862034486091515,0.8062471556531562,0.876714634294901,0.6600740964448957,0.6574305704140534,0.7145110171744946,0.5928702880514299,0.6634622007980686,0.3926277950505712,0.5028296445645544,0.4043048737377136,0.5173850853659512,0.4617158525966155,0.2574314674752262,0.32732932552143873,0.29698766286366785,0.2830867459512156,0.3804250036931244,0.306231978922601,0.46701449279361196,0.2888268528290548,0.19463602555042125,0.31516127641320346,0.5269711292479216,0.4780300299843193,0.42503599403057046,0.39940890256704176,0.4989188156600217,0.5042241263286331,0.44398788493572505,0.4209896613216293,0.5862984379517593,0.6730331859138067
34,0.7108062004772264,0.9554043601980841,1.0098550875640677,0.8054706383370502,0.8922461399669313,0.6651067047807189,0.736250987177493,0.743544874251904,0.6187405030836888,0.6704133610335028,0.38756899095003616,0.4993336529225813,0.4465157308280747,0.5187416095826387,0.3554386637230204,0.271274356255091,0.3184072935605603,0.32808692574448445,0.2884285447603622,0.30894368880381506,0.29704919260887813,0.4501850911509887,0.346738265289311,0.3074325504841613,0.3380086087910038,0.5117450775546193,0.5754243646236392,0.49859330909674837,0.4541059130596763,0.43391913657176084,0.4904250143039572,0.5735708277520598,0.5399927346982798,0.6915575977209394,0.6956324413894774
35,0.8292870747421184,1.0669708852257551,0.9193498101932698,0.8643668353093665,0.9538816634067444,0.6762690659768451,0.7953063372923417,0.6181880281329424,0.6363843713138123,0.710462385954031,0.45992072308116105,0.555434123534116,0.36745467627625855,0.5533748962648611,0.42157668321852376,0.3011770462328892,0.3921870169113771,0.2781634565324898,0.3653766719221937,0.348315276205099,0.32116568270678775,0.5148118930422718,0.24153651635231177,0.3497281868360594,0.3370235949156092,0.6082141234712817,0.5528305597807982,0.4873337282509469,0.539795402581099,0.464459347440582,0.5330950696809245,0.5454371884125984,0.5310973079988606,0.7649392767732486,0.7135517048482488
36,0.7024757840570058,1.0105370754324627,1.0545500847856522,0.850181529285178,1.0153629518898293,0.636066744555096,0.7125458273651283,0.6360852470904181,0.6517946367043951,0.8031958786003426,0.42728121058909274,0.5076288616945006,0.43682264121341624,0.5245984785719953,0.5355206746805415,0.3023010173498847,0.3535014778637846,0.2755425758092422,0.3235289220048917,0.39380851528208566,0.2983324759755188,0.4703900900951471,0.2775720828678674,0.38141475960614063,0.3576664440064794,0.5925246582137277,0.50498355846678,0.43554926625145773,0.5505144463924573,0.5100509847437136,0.5569182702174378,0.5126886263807795,0.5684505817281531,0.7115837410704732,0.8173354244871486
37,0.7794160602754039,0.9704239636036418,1.0061996835340006,1.0216148723505647,0.9551355595996379,0.6316838397733098,0.6248434589135528,0.6482988077270238,0.7171068416689941,0.6302759680152892,0.4515126639154831,0.47057873150727453,0.4061267577426179,0.5282376203890244,0.43990738578845445,0.3086451809902564,0.3416560150528263,0.32399259797470553,0.36379278400514814,0.29565029929963116,0.3057549421825627,0.46997873808888413,0.2986103708022946,0.39130516681683514,0.30043451736397486,0.5570909786474805,0.4989609909221428,0.49621899360794963,0.5344380122246021,0.45547747649115006,0.5269344434855432,0.4939561841287933,0.6233761009097203,0.7676015711012061,0.7347447856968482
38,0.8740053709836164,1.1039804577258603,1.0008675886517677,0.9322985998472386,1.0063634766767617,0.6577555786213359,0.7302788141868297,0.7076712024029503,0.6994966369989657,0.7634107315941039,0.4532183225012716,0.5372431518700722,0.42544891196597223,0.5616350814299754,0.5202997358616828,0.3126839066800341,0.36218182337816535,0.29448483788300084,0.34482666174839377,0.36091199912282956,0.3084611794569205,0.4892342024871946,0.3054533222125974,0.38177669413864856,0.32873637733791355,0.6426066117801903,0.5747488987304341,0.4720047024259883,0.5754752878530061,0.5669205430242079,0.5784948188260318,0.5775723062763861,0.568508932761945,0.8178424069532397,0.7430050297275618
39,0.7091479362540519,1.0739330242968728,1.0531492235572748,1.078510011420301,1.0128274201037408,0.6649062250650937,0.705822320694449,0.7274285574376704,0.673382203726393,0.7779125774493725,0.4442392190519803,0.48165698283141223,0.47701071962138586,0.5465665535384086,0.4877814749608898,0.24987821425865867,0.3746949464252417,0.3048520147446762,0.4088391512426418,0.33797037364437593,0.228177145693522,0.499376324774387,0.3411515702460062,0.44386228704955144,0.28457747041311826,0.5174131169406709,0.6508706701330036,0.49721802172436336,0.6305830839830602,0.6019027835191018,0.5057419280358169,0.6380142786774031,0.5872307286669649,0.8134501235890115,0.8123539867174474
40,0.8183860264158054,0.9525456344345664,0.9411759923192049,0.84090496698478,1.0353094493969777,0.739986947499186,0.63644169803538,0.6636265702502273,0.602164580597168,0.7890737309862073,0.5202054077757928,0.4839241550524327,0.43640089569938545,0.4510934871395139,0.47092831385626205,0.282165397025833,0.3510101245900871,0.33125263390844606,0.31251040475559067,0.3557225058643615,0.35004394580542664,0.4620713321791652,0.307954842275716,0.3530271538941248,0.32308975444792387,0.6410436734584047,0.5830229439029304,0.5067297099772151,0.4936423680816635,0.6732159077633645,0.5800974450158591,0.604325037753831,0.517706734519366,0.7165324332794942,0.7459719408936784
41,0.7042384412062177,0.9070714230096588,0.8980848054999327,0.9524240594956661,1.028384865763638,0.6872798574304804,0.6696477615645309,0.6563865284710503,0.773709365322696,0.7316385316445293,0.4785337175146342,0.4887750322197485,0.42246877585045484,0.5154704554375118,0.49641546010991877,0.3079661576628281,0.30965432382103664,0.33039779766485877,0.3250479913370783,0.3484490619445161,0.2948326848973535,0.4351238457737998,0.2954545217225596,0.44865242573563546,0.3243765288548952,0.5873578746305355,0.572393920356324,0.5802338209688198,0.5197600056266147,0.6408561808856281,0.6088087984588442,0.5274802469556612,0.5876643685126888,0.754252625633347,0.7510770507385529
42,0.8460357995031014,0.8861814176116131,0.9862826839989721,0.8136909173807126,0.8507481083460866,0.6650673875024031,0.7020095075453369,0.7076898956516406,0.6658284031778784,0.6226143642188475,0.4345722642841293,0.49372053417350636,0.3845911646898216,0.43663973434251396,0.33739231573689027,0.32603834457345476,0.32311432242449933,0.29407916049746374,0.3083520819731892,0.2764131322576793,0.3365063504680759,0.49946911882184497,0.3208410905862886,0.3713726998297836,0.2489348377335165,0.578025606147319,0.5696136942969037,0.5292930147473576,0.5265584012081381,0.5682773503861505,0.7265325543177019,0.54568448982435,0.565527501421805,0.6946108635897168,0.6137070901777714
43,0.6973742223531246,0.9726054072408412,1.0729822847854211,0.9404754020590235,0.887455292156883,0.6763552171498032,0.7967341786608214,0.6976574135213007,0.719243715812714,0.6498140633295146,0.4561465956766012,0.5801459751935871,0.43545849320865604,0.5104425681612466,0.4548569528187774,0.324887045743688,0.3726368636568539,0.3659340877167798,0.3892613062043384,0.24712742863406212,0.29704292783334496,0.5582624647400605,0.31473541090953566,0.4559065259305775,0.30226569660647984,0.5833408024725959,0.6277658297175355,0.6451799659536741,0.5818104484057827,0.5994590858939262,0.7300987173891709,0.6560585306376039,0.6521098781075813,0.7651419335813175,0.7067945550591781
44,0.825984717962239,1.0035023336136837,1.041133260123691,0.8425415811121857,1.007784211177813,0.7421357407436157,0.736587790663463,0.6265506471706153,0.6629249057755668,0.7581727004454659,0.46761959799487807,0.5150449770125018,0.4376945722232098,0.4380581730718315,0.48057771963276574,0.3293982377600778,0.29952000545124297,0.3362557540125638,0.3617183467294889,0.29370069440690855,0.30248710132394413,0.5349324890432803,0.3186242090048952,0.37749457302876266,0.3947316368276366,0.609600640685782,0.5953426055299615,0.43678143601518105,0.4954063036440556,0.6592964884661706,0.7575092929968188,0.676879324122293,0.6096915812659918,0.7388117934483558,0.8077169467178928
45,0.8187483195485343,0.9692979673090074,0.9253945628221336,0.8985263815176345,0.9815925764839781,0.689181515180264,0.7902460493694272,0.5469146387916038,0.6284583578628742,0.7756511083804227,0.3872237405185058,0.5131637140783587,0.3847644332847814,0.5029813367984974,0.48229339529998905,0.2701399584087385,0.32933963690662227,0.35514206939395754,0.3494088134317101,0.3250516353861431,0.2869170557427263,0.5044543841755242,0.3485781444197767,0.45012016233354424,0.35143723452799613,0.5547112228642044,0.6031455852464344,0.46764846501012725,0.4568849332471812,0.623300654910439,0.7215110250431905,0.6378625540606291,0.5163796058108749,0.6986051330599022,0.7986288520772366
46,0.8503848406197247,1.0799157263860806,0.9244262761789739,0.9176439704335517,1.020227388741681,0.7035081521626644,0.7984391390894121,0.6988241441729924,0.6069727772501716,0.7801682419448331,0.5238501721923756,0.5764854911673403,0.4220210026675296,0.48207325216711855,0.4675727990331019,0.3409943421010354,0.3857494794732293,0.3310044751307968,0.3624689999426009,0.3621239707203164,0.29764093605840614,0.547444720143003,0.35669129034436364,0.39345880563646374,0.36278057868284197,0.618155773064178,0.678047414953803,0.5243674692415934,0.4616757011474585,0.6626338509580247,0.7291080948039856,0.6820330749758846,0.5407500727145608,0.7344698807859533,0.759717381463312
47,0.8797463569908198,1.0581250984499475,0.921505341831347,0.8387993810607006,1.0939044613387816,0.6475948936115687,0.7937969821500183,0.6506286285526708,0.6355167037568807,0.7315738983322946,0.5080702664941554,0.5340076799971957,0.3965604115194672,0.5090535793717074,0.4950823134927289,0.30733682625922887,0.35454573021196656,0.34864401192140115,0.3321226446322583,0.36373985034661555,0.28839927176611724,0.5328268937281699,0.3328457335917058,0.411431842025982,0.39425471580991833,0.5687373499898294,0.662581434309506,0.4978395227034197,0.5032218093401231,0.677191656814566,0.6350191964524167,0.7239369545049392,0.5191741252908415,0.6918959814210104,0.7430314267691123
48,0.9280842310916443,1.0088194853724484,0.9615289145958779,0.9360534908943114,1.05396333489139,0.720792652454203,0.809906316492056,0.5935786899230986,0.7016072786781531,0.7147790920969309,0.5049681237375581,0.5327521134281461,0.378311885732574,0.5182217098753721,0.515013722387748,0.3258685627944752,0.35737928561464594,0.37448923753810115,0.40284492552775475,0.37361547455234256,0.30007206577411105,0.5446093548142228,0.43189995767754297,0.4376199373207058,0.35745860944422675,0.615305019913429,0.6118998472298122,0.5039851092320344,0.5564734528920999,0.6236753125317571,0.6856420297421288,0.689942449679555,0.6350711741305004,0.7166957534265692,0.8256638665806868
49,0.9224700568851205,1.0457377084688477,1.0038676810510758,0.9632110428363245,1.0327546441329711,0.7009853086865916,0.777732149888919,0.5678974675745782,0.731460315201783,0.7582893235456023,0.5392721752527692,0.5601644438768117,0.40743656724279265,0.5433537484762132,0.49753785030517345,0.3013830102126889,0.3761210741391011,0.3015811363448712,0.4206670019389231,0.34541926066646356,0.3043028770940241,0.5125114743861701,0.3943223866549509,0.48727969119361925,0.33830864499401614,0.6118840112802475,0.6765900091522048,0.459104831441707,0.5406759508039845,0.6544888046743416,0.6804801078599052,0.6488669307977257,0.5180906602413067,0.7513858973015203,0.7165468268075171
50,0.9423335069402065,1.0069968781970162,0.8845155289562763,0.8995613643194158,1.055182707595823,0.6723619738207798,0.8075864020981101,0.6361637181364538,0.7307341819048498,0.8017969314094233,0.5087013715746864,0.5594716495897629,0.38537560641341695,0.4646920965088973,0.4718987540555618,0.31237750546323023,0.3800055868262714,0.30759992707462147,0.37347288199345563,0.3495658805468571,0.28438079496425117,0.5075786525198671,0.41508524928417184,0.4383815973891299,0.33207621023473366,0.5584315675303166,0.5780889082476638,0.5242462778272292,0.580715287075092,0.6579245559606519,0.5896235380259326,0.6429994801333314,0.5546938970911425,0.711993172616664,0.7453258391039682
51,0.927923476650342,1.0635441228971216,0.9446026332853038,0.8604022425457662,0.9376853574636261,0.6899568846710831,0.7574456472697094,0.6449805170783132,0.7428592001234099,0.666537091000169,0.50882723112432,0.5352207967917826,0.33009684864704864,0.5675421693888834,0.4289393686469084,0.3289307284206506,0.33994939623859877,0.32808174343078644,0.35884551155496136,0.3207549409016227,0.29307759124810084,0.59626987073019,0.41371098376161447,0.455177314497328,0.34865593596099037,0.6158288621261323,0.658005008402408,0.5978831616477536,0.6111314205360032,0.596090732032585,0.615761121578027,0.6833365295072519,0.6057131699315226,0.7583604261584922,0.7049237889383855
52,0.8945989991948478,0.9717095811173058,1.0172803097684908,0.9380899123299338,1.0683263381020502,0.6736453961374079,0.7528922786192009,0.6344375346217089,0.755453437343766,0.8168782504301404,0.5180874053352362,0.5634593854431974,0.4163003709328556,0.5442992947546827,0.5023259808803,0.3138484731828284,0.35727474270834275,0.38740265476873037,0.3608308279839827,0.3350666550727986,0.32040441526837055,0.5117341153951317,0.42700685044150494,0.44847630325731136,0.36463426539432653,0.6069076060205766,0.6122742911887188,0.6050473103442406,0.6100209825314782,0.6959821633600074,0.6845363038019523,0.6747094203051276,0.5657477789900328,0.6950996285158921,0.7837483402614351
53,0.9644966020383671,0.8992667020385627,0.9353985335276076,0.9123569739183823,1.0832297521225276,0.7440851906484479,0.7576733598334805,0.6852829421932636,0.6999200086299389,0.811014748724955,0.5614876621472125,0.5640534350348472,0.43734454154296376,0.521256066962221,0.4795143266081707,0.3445991304740377,0.3370022840689613,0.36739757173277166,0.386948165264904,0.36561611291361673,0.33763930682749177,0.4979242097798142,0.37473487520326487,0.4871008689202534,0.33502154982318993,0.6117273659831325,0.6917824421726555,0.6077879027419764,0.5865871268934613,0.6740387974578291,0.6804886230293943,0.6867708644478339,0.559241652281517,0.6397123417317411,0.7713058047483022
54,0.9343543400601162,0.9594205872020666,1.0454310498608794,0.9044022505976036,0.9237113344862975,0.6609700577032006,0.7879489119757528,0.6939255724622804,0.6602150920878435,0.5992920117485276,0.46986404617735567,0.5395324180370731,0.41334780371530844,0.5494151180669065,0.39702373175680516,0.3044432783172735,0.30302021980972127,0.392589847504558,0.3612304474833176,0.32816744874700055,0.2731295376016379,0.5227510117674716,0.3940396881943227,0.4445375710299019,0.24881970583964347,0.5898398624355059,0.6740972952264298,0.5890477326837372,0.5552096326976264,0.5574685763425973,0.6589921263110707,0.6608220615865452,0.6218277499966136,0.7336849753054427,0.7079165020691551
55,0.9875819763187405,1.0390432829239051,1.036605727096383,0.9215615631414048,0.9864772039032157,0.6743320651682352,0.851092261241208,0.7623278760062359,0.6709677590881749,0.7076527830503442,0.5317367185454867,0.6057559166538158,0.44719973378934735,0.5198641391486136,0.47175357100421067,0.35846573689067973,0.3419508340698735,0.3411558188725607,0.3765814337615516,0.2928465724760564,0.30094179179681224,0.5312998093050556,0.44721126859197413,0.47733508661864954,0.32357197516881847,0.6021610903435666,0.7250998544040188,0.6097473880320836,0.5954940683880969,0.6599692106662605,0.724909282496328,0.713175312320292,0.5606312858886114,0.7233290459936457,0.7608125555001801
56,1.0195955808548656,0.9393012487333944,1.063113510202445,0.9488679473641197,0.984760065333922,0.7675044294812339,0.7364099725490303,0.7678533159675006,0.6587159943170142,0.6626507318675415,0.5442852927281646,0.508667906135935,0.4855965683762859,0.5470830797103845,0.4942711145817601,0.3788257281192986,0.3169868487168561,0.37064659223710567,0.3906626564814726,0.336813210912867,0.31791807755447843,0.45136080178248433,0.4520368995820945,0.492932594535231,0.3167231260438795,0.6885358600228343,0.6859112533512023,0.6073933185077093,0.5745924334723262,0.6934825928534359,0.7354681949229889,0.6444895473128502,0.5724534650344766,0.7382266040310028,0.716791507594772
57,0.9502045453507695,1.0959863198881097,0.9723633424308737,1.0100882855410092,0.9682225089783005,0.6459900117100363,0.8157960839352147,0.6908876178807812,0.7251151658003814,0.7136680288920118,0.47905656093394666,0.620641896606591,0.5259998290452856,0.6079116358160866,0.4757010616260465,0.28235152965968535,0.3621650925299869,0.40893818290426587,0.4088192138032525,0.32270677554329175,0.28056236497442505,0.5485060436985609,0.4312763367499138,0.5248664285556605,0.29341332206199344,0.5890227762770291,0.7282057449463104,0.6111135271534768,0.6867156519067443,0.71106878891014,0.6725664756164178,0.7884652535735017,0.5839862182572402,0.8103784300749546,0.7352760967633414
58,0.9825705572414923,1.025951942761481,0.9146153288130012,0.7775316774233266,1.0300179196823636,0.7945200475362646,0.7745553874047275,0.6701240760784366,0.5665647781499789,0.7675757021929254,0.5639741124503104,0.5347172798359277,0.4303505153951952,0.4911696028923595,0.49843033732535397,0.30599430215574247,0.372095495722212,0.33709469610912646,0.3208430967798736,0.36010317223676525,0.31398188490520684,0.4754706715709813,0.44362911762902846,0.4179528147193829,0.29912697740584643,0.6636319432410944,0.738223649275907,0.570764221528544,0.553173713889776,0.653448969868885,0.6858229109387157,0.7198726227875665,0.6411689453357212,0.6547366205365042,0.8128309071903301
59,0.9269352737997996,1.076618398848493,0.935891664090826,0.8799099024715049,1.066443635866201,0.7703572023451443,0.7923247282826865,0.6553580452728436,0.6645135782484302,0.7572112947582494,0.5733346036982596,0.5868328699158035,0.4206997838149225,0.5383935350205539,0.5011039530770159,0.355821850680041,0.37727915761449726,0.36907911551333555,0.3793898644917102,0.3507318997789636,0.35391404368166446,0.5194503783451949,0.39696599074577377,0.42853284167769096,0.3124916496202289,0.7211011616288965,0.6570318341194721,0.5686678820447515,0.5874225038954692,0.753551353455154,0.7192605535805451,0.760744231322847,0.5375471642572538,0.7247471679373154,0.7598367516309592
60,0.9270900301245754,1.0923561909988588,0.9993612380194856,0.8576079465716461,1.0581120435908133,0.7805227283732223,0.8852078092959752,0.7056036940532335,0.6120027841887226,0.7916818517638311,0.5754038802044579,0.6262236528216645,0.4521257725002208,0.49541829027661966,0.4447970150287214,0.3219443432621715,0.34820994370212577,0.3429097484934768,0.3383948394354295,0.366634784665775,0.38776856315566594,0.5809723323085312,0.5092355321039281,0.3781350020045679,0.33211424076561646,0.6544555558130258,0.752936558846119,0.613590810175688,0.5568043873362176,0.699295266210963,0.7160170823907793,0.7810586829856794,0.4958628319593775,0.718669886678743,0.770895535108424
61,0.9650925335767851,0.9984891510097882,1.0307377776772033,0.8989705491991956,1.0916604211033056,0.7911720858770321,0.7888399834119169,0.6913211121170595,0.642302520656233,0.7996985645671861,0.6064204410246969,0.5431561985113296,0.48664871693303907,0.5153025443542447,0.48284007475475926,0.3075810742563034,0.3220296949384561,0.35015229998704755,0.38898276964963685,0.39509656276812344,0.3389900010947431,0.4753701079982753,0.47966441695114675,0.3910088458700578,0.3367881602699213,0.6764281345224166,0.7069455836678813,0.6879748835074682,0.6097438961053598,0.7436632998940151,0.7943580660552771,0.7202684643428459,0.6051644377624064,0.7112249175053793,0.7958847860382987
62,0.8978416943772374,0.9884604145588312,1.0629108471489066,1.0041587956663063,0.9854043519403801,0.7805972450405164,0.794674082708102,0.7219045467479008,0.7037582335564747,0.7714704347716242,0.5570520251523033,0.5034674608557619,0.4930108051258721,0.6032687416446105,0.4736322777422118,0.3413314359908478,0.2948368836401036,0.39823871157412516,0.4531423023356538,0.3377375341426283,0.3736243698308773,0.4511655703630101,0.5466735825010816,0.4752188918253816,0.3294381753539859,0.6708020815804976,0.6690285705152418,0.7181798564430694,0.6741963144093015,0.6380737103548386,0.7630214719927801,0.7017897628697063,0.6150814820043383,0.7527593695909953,0.6417699680886291
63,1.0544863873507357,1.0063846648629355,0.973091042104352,0.9703271827023321,1.054660381845627,0.7912582316249235,0.8407735947998074,0.7248901345186071,0.6859624141739535,0.8301190616070396,0.5955344668132954,0.5305936772584011,0.48486726752864195,0.4980261963603748,0.46449352889245754,0.3039024705875025,0.2870517604986964,0.3442951230828104,0.40373759771738066,0.3623204559277611,0.3490441593588608,0.446540434163716,0.47801438390861534,0.4295104498608676,0.33358568453753523,0.6083208183387909,0.7385830330818848,0.6944603340863158,0.6392230268698055,0.7749743264876476,0.7813168419861098,0.7041704403351308,0.5259775503437544,0.7889458494092179,0.739690117751553
64,0.9895762471039458,1.0677578918430606,1.0213260293212119,0.8669082633990874,1.019260948603466,0.7737074897906944,0.7769448161761054,0.7316588123876422,0.6561905829850243,0.7349797869073317,0.5319997915219461,0.6040128008086534,0.5082027028181728,0.4484168719483554,0.5422142530105137,0.3358762280820633,0.32409441595282384,0.32796885306705514,0.3355551669444192,0.3580182517976227,0.3002065944011926,0.49236613260287326,0.5086941454253473,0.3751098777493068,0.38520580840119745,0.5953504542065451,0.6512066577477629,0.6089458525096125,0.5807472539956766,0.6843440952815845,0.7808324511470911,0.7413009822373227,0.47205548579073064,0.6693277639077169,0.7545578575827534
65,0.9241010692567875,1.0656361131460514,1.041050354225121,0.9961040787693358,1.1034600672360677,0.8018139882833514,0.8084589476125209,0.7782398996928956,0.6411886263444089,0.818102049726203,0.5306886863571549,0.5958028847539767,0.47804511068083183,0.5515253417332984,0.5178206217699526,0.34582340799286626,0.35208923982861196,0.3979674494414339,0.37522238251767936,0.4068362020872254,0.3114063569400218,0.4974449533174151,0.5451884593376223,0.4505428267838395,0.36186683024035027,0.58159659892781,0.7006054111489677,0.7045413021783553,0.6228837569965273,0.6805750513108945,0.7456275944596107,0.7574143038460179,0.6068919224121525,0.8017937287917538,0.6380164033923786
66,0.9407680620314497,1.008153442666396,1.014150445941419,1.0068529062162694,1.0053724657596157,0.8141067855283999,0.7863543539380374,0.7502811827472649,0.7269599175294652,0.7115212081025548,0.5177420936195702,0.5605226689145117,0.48792438253070824,0.555708133039245,0.5456179358393931,0.33841497107117857,0.33349017928300484,0.3601910497115487,0.41163056027075373,0.3400074251406414,0.31940350434234965,0.4956244010151235,0.4621664261230317,0.4801658661165628,0.31311565661060126,0.6336477226172039,0.6703600184126922,0.6596785464627362,0.7191611655372468,0.6812713543812043,0.8146611063427867,0.7015579560724341,0.521605747562563,0.8605766903522265,0.693458536008518
67,1.0100782427027875,1.1101264771468462,1.0909991259436975,1.0573711079997792,0.9907078924642128,0.8085699399727874,0.8052008535737237,0.8105382164471575,0.6835144097968282,0.7634632203514046,0.4822208915762575,0.5536682975392646,0.5064071245200127,0.5522919763827252,0.48983739754962885,0.3757385153137702,0.3482875503429143,0.36025985528395205,0.42193390237741374,0.31409690238834753,0.3451265766654329,0.5252084224775053,0.5941057160680941,0.4928593321049227,0.31086698035638405,0.64261782414452,0.6703573815065432,0.6319824545600832,0.6497032321342934,0.6703945361536083,0.7487790232335569,0.7799808612874026,0.6158573377458677,0.8700006645721021,0.6831944843503822
68,1.009044973541634,1.0735414928237204,0.9304705530703485,0.9385419758312444,1.028513035425325,0.7774558669766448,0.8516952924822937,0.7870239072718817,0.7089816996744172,0.7931315006612837,0.491707628436475,0.5887924580093002,0.48529173162677286,0.5260641085499012,0.5151107128277159,0.3925510614479658,0.34254855973016046,0.3401440047084527,0.40966842484149435,0.3270472592048243,0.3255819879542817,0.5574513800854077,0.5147739995869698,0.4203696285888632,0.339737127343763,0.583662051575808,0.7165411018494576,0.5320159847147454,0.6927944456559887,0.6766085402798416,0.8167028251276085,0.7370562960205628,0.5473312087743707,0.7941705915213431,0.6498723895980926
69,0.9981047058682142,1.0041574174776584,1.0154689540705513,0.9958023892098855,0.9801749499448246,0.7626790012682036,0.81133155887482,0.7164116884594549,0.722387383843023,0.7663649048828303,0.46967877470584696,0.5634749029305959,0.4999272169408452,0.5114964406363073,0.4825941918280819,0.2925631123393018,0.34145455842022293,0.3882156665859826,0.42105115631555984,0.33510270457532376,0.3169541331341406,0.4841831752900938,0.5245433633408578,0.44778970001716145,0.36356450467530227,0.5579716266058403,0.6897966107203537,0.4721471409078134,0.6744995223010912,0.6988882268344487,0.7785686738419015,0.710212175518198,0.6468120399038969,0.8104539079035779,0.7053074523685623
70,0.9245296628269319,1.049837139662389,0.9934009032706015,1.0386258494583367,0.996395558031521,0.7820356150610034,0.8232634074782006,0.6943592973834427,0.7547418833652693,0.7414032964165951,0.5250221993279762,0.5572604984442938,0.5076460200741602,0.5936462619851223,0.505092230535195,0.33744768134888814,0.34172129478120994,0.3578550694850155,0.39621377119754975,0.31769098691211906,0.327507011190182,0.49407124887174203,0.43148383928169887,0.43165951201931463,0.3437620405014329,0.6348034251819994,0.6574015332732093,0.45943722480214966,0.6586875879024082,0.7157723499819736,0.8447754035937531,0.7147698337341818,0.6454255131922844,0.8058807196183526,0.6500903205060219
71,1.0352608923421562,1.0422667114864423,1.0385077875796513,1.1181376385101518,0.9105063943281904,0.8818088796342631,0.7816293359144622,0.7316931226598186,0.7999934506730118,0.6937361732972276,0.5241463537269935,0.5599930355218862,0.5080678675206379,0.5981059595095027,0.46217104570766143,0.37943132502926,0.31003907842889056,0.3549843301008695,0.4421326640772197,0.30618910700229196,0.3404762607414713,0.5382020068887992,0.4617197181308729,0.5159907896821796,0.33622962162228165,0.6707132815212066,0.7327336890040852,0.48399176795685084,0.7170935819966828,0.6482701230625014,0.8850208683845446,0.8083775523590014,0.6913003636020959,0.8965309300255349,0.60664107287839
72,1.0449238530135532,1.1502391524231241,1.0754109248066803,0.9560352708063169,0.9673500128354943,0.8719522660223293,0.8848489960330739,0.7288317629019441,0.7359016726606631,0.7815526178573775,0.5379046014233452,0.5753061982905643,0.5030180166796959,0.5821524797178359,0.5114485607683594,0.37678654103641207,0.36410063204029935,0.3551974197770629,0.4094493193114117,0.30084718343932,0.36269362883052597,0.5399333432368978,0.4997442674583318,0.46245953092664005,0.35670546057808933,0.5682560489268873,0.7259846272689959,0.4689560877625403,0.6563944329967625,0.641287712853656,0.8735795692130857,0.7821580951749212,0.6261123755164453,0.8054137387387721,0.7157188348845127
73,1.0568774724830121,1.0807149859934262,1.0333844302668367,0.9969278043519304,0.9967752272359662,0.8757975239296357,0.8164129548126355,0.7689331833567822,0.7691061074359816,0.8431876319405955,0.5073960180599899,0.6011568433783627,0.49328136930121047,0.5419286456016621,0.5466227161716115,0.3915669229843618,0.2958537862266253,0.3478542900526769,0.41288469415710677,0.33933850445965497,0.3508563846139997,0.5322808698040066,0.4940730888741065,0.4924371916868432,0.3659157370366902,0.6858674621961132,0.6627651604487828,0.5032619086824062,0.6435556995374738,0.7056909301457633,0.8600074027831255,0.8061103213458802,0.7090249011253611,0.7630382409131655,0.7062432787779097
74,0.9309430580181655,1.0785213678285555,1.080531269552774,0.977267434859027,1.0281567098266484,0.7981021242848825,0.7590493500955021,0.7429177253542634,0.8352337819562511,0.8063221017668447,0.47911455596440067,0.584044791771321,0.5236489325880894,0.545389840980127,0.5263421308115712,0.3306448052346378,0.3203546083743218,0.384575251767014,0.428363060389801,0.28321425956834845,0.3194473141398697,0.5698585700895811,0.5105927710958738,0.4730561169879752,0.3626668756616231,0.6050792475498943,0.6744811986858529,0.5184177323576518,0.669555303526976,0.7387146823007054,0.7892065135787466,0.7675769279498772,0.6840491171473548,0.7544535694686922,0.6883241959160886
75,0.9905920965878717,0.9833273672648435,1.1251738837737602,1.012163978271941,1.0399006792803207,0.8252973013156149,0.7337624264359139,0.8080917249110113,0.8018681402683436,0.7698694097666443,0.5115929206848928,0.5355664162132094,0.6074364301532369,0.5261956875877416,0.4980072713849586,0.3461365826024187,0.29607241336461243,0.4061729858753847,0.41315439378505825,0.30939345321154044,0.3349747113506468,0.5203338901037968,0.5903711873362862,0.5156586923960697,0.34453541694186607,0.6533835338550416,0.6736760042422986,0.5745798829449493,0.7443887178360553,0.7084452054275774,0.8899138796798896,0.785129858217914,0.6851257543251541,0.8465919413296719,0.6864184908298434
76,0.9503467469754564,1.0751769190721086,1.0957205587904304,1.0055192286721941,1.0320049049469375,0.8343484128887816,0.748783179195901,0.7351558721458462,0.8231622014175028,0.7963735966435905,0.5035382633084289,0.5574549449517203,0.5421171624438201,0.547823326707537,0.5299077387726301,0.37131517868307296,0.32527640493450977,0.3824427076357134,0.4719148252748896,0.30010852213019257,0.34012286811725506,0.5028847997488105,0.5392779490386391,0.5306462353143576,0.3817275163103516,0.6506575513770769,0.7282326102043529,0.5344808461287208,0.6973896196333258,0.7048066436243432,0.8164680002458048,0.8233338484328878,0.6476686550182456,0.81886830484428,0.6439563621077432
77,0.9667671236651959,1.139686634221228,1.0845709647335944,1.0095993532580514,1.0996331555638312,0.852181545956481,0.8017050013026752,0.7601887312870064,0.7999821871107207,0.8048203777446173,0.560469482435985,0.5564759732632683,0.5618190786730058,0.5703892639403749,0.603037016643625,0.34756381567468053,0.28732058781694847,0.3324279493949147,0.43215165648106324,0.35128737581036207,0.3422403398208785,0.5833924808148557,0.5299815465275834,0.5047787047030495,0.40528499499982096,0.6806204635547921,0.6677760055486218,0.5046312383765357,0.6631033947290632,0.7387458317699039,0.8335941065689834,0.8010208782000352,0.7415697242705068,0.8304534075902843,0.6496802270294761
78,1.04934634719721,0.9564378061867502,0.9930391606066653,0.9572930297511136,1.0694205990983565,0.9155868197033896,0.7807864153590869,0.7396715751685436,0.7389831050032167,0.721270264902744,0.5477097147084529,0.5592146332978365,0.5391633162102054,0.5422298441379343,0.5182076728050401,0.4204441526043561,0.31509206868962214,0.3318466356201643,0.4048198808515052,0.3551949130665346,0.38899472400269347,0.5542705639550756,0.5211148590928415,0.48102157424396896,0.35919660373421164,0.6630703061871703,0.696934987173566,0.4925830458222936,0.6145672554114343,0.7489095141985485,0.8282234901409038,0.7368263629126411,0.6636677483006217,0.7757626248822936,0.6213849734030858
79,1.0498761110809602,0.9718257028357721,1.053659406416131,0.9136629177290947,1.0088762568315648,0.798955751696224,0.6658313978805759,0.7631161559384754,0.6949476006453672,0.7522630632228107,0.5136407423040135,0.5046428782522101,0.5071702753647237,0.5100977655067018,0.511509642749835,0.3443954674744828,0.2465256755078037,0.3270917999907449,0.3382280585550826,0.3302489614045919,0.3738158776164371,0.5179576597788748,0.44583256433763857,0.4510573486028815,0.417243630430939,0.5941137786823659,0.6544205020089267,0.46886881559862725,0.5665930649205271,0.6996826054643892,0.8106814465984393,0.6717832704106779,0.6245929133987091,0.7390932591601739,0.6615648292349321
80,1.009910222245134,1.051121483151376,1.041278836153622,0.9130003876361559,1.0680515767893963,0.9131926668897035,0.8038890756041327,0.8219870084919696,0.7395479722200278,0.7646909983239958,0.5207065390786481,0.5557887753684885,0.553672224655843,0.518422719704434,0.5347105633465572,0.39502538985558305,0.30043975903556286,0.3144354911815232,0.39173430118995767,0.31535563266729794,0.41268096298335327,0.5149926365743152,0.457893492765123,0.4931732867346353,0.3768478212609615,0.606525565061466,0.6862642173120128,0.44096669683344714,0.6577781929706514,0.6615470496425871,0.8834481891651642,0.7652017669937938,0.6332544241568161,0.7800106623144867,0.7257594952182128
81,0.9495639568636507,1.0783249461493545,1.0579510416150018,0.9746564320183521,1.0731099184633417,0.8727883819769156,0.7457560222741062,0.7958320636267873,0.6871810094400064,0.7741632070034783,0.5177305390882594,0.5800205589357825,0.6186133695045475,0.5075861010675443,0.5538588943991511,0.3989016344258389,0.3185252978814518,0.33659395752135385,0.35014585798700115,0.3506707451313859,0.41711493904204977,0.5471575523118646,0.5493007994609262,0.4995016837385671,0.3843774855567494,0.6284726133735689,0.694247017457673,0.5809616843253697,0.6100826869024798,0.6287898506917271,0.8043213330357026,0.823802043573229,0.7291985987077034,0.7519283214872414,0.6112930360068503
82,0.9598603383757408,0.9449929597408737,1.0096104758188298,0.9290531775179601,1.0517557325952074,0.8621368400922764,0.6929782065722416,0.8097294818600755,0.7119418268207663,0.8009960007069842,0.5806760773329549,0.5124635846041177,0.5274282193491673,0.5958040469261008,0.5317522112032509,0.3761117539326768,0.2621651964828933,0.3356600820633151,0.35730109890768524,0.3715324337403587,0.3929605809355518,0.5209097186794263,0.5146550210541462,0.6092350044669317,0.35997858702093805,0.5730541272293985,0.6097449229118594,0.4851815987520276,0.677011265281979,0.6663129444081803,0.7991572267890458,0.6965892195553349,0.7695356924202261,0.8298265527799504,0.5909976656406087
83,0.9160883374709294,1.0527064597359197,0.9823221441930268,0.9249290639560688,1.1024481330040192,0.7661213893740572,0.7160438663066317,0.6876229993589488,0.7466167061567788,0.7776596953329162,0.45850117709453764,0.5744876935567531,0.5135602667423715,0.5458067271376942,0.5111647773560949,0.3559847614267876,0.27699445730012806,0.33157568932995796,0.4157769870824256,0.3936283476173872,0.3461518531341798,0.5495227694453277,0.44563027015720413,0.5521454342623378,0.34388646960959374,0.6211642524348224,0.6739781681918189,0.4691194911967128,0.6697362120319761,0.6796653342901866,0.7621041552216097,0.6801516399530434,0.6131985135310289,0.7942464314902303,0.6727027761919013
84,0.9002889541662297,1.0762206613133434,0.9912052953665491,1.0653532999913038,1.0617972967338138,0.7843561668508894,0.820211489790116,0.6911371963863925,0.8437705711283439,0.7451865247034395,0.49497223683940395,0.5836950570412176,0.5473305320433752,0.6144762151172808,0.47771302851445485,0.3046320802231244,0.3231020355866011,0.33265658824115585,0.49620548015431787,0.3563482448391907,0.33077542671603455,0.5109490038639497,0.48608064324712674,0.6023296542416676,0.32982150595224874,0.5515462413829428,0.6739027743597659,0.4746261237314332,0.8195634174102053,0.6837604214818203,0.7755653187806844,0.7845152370347082,0.6763525651524581,0.9157825849920566,0.6302596943504715
85,0.91863314863132,1.0999895253277427,1.0971921749156741,0.9577707726482256,1.003461119319459,0.8898298408348638,0.8018766008088573,0.7708461846567936,0.7228615991663336,0.7416297072853983,0.5606287112488384,0.5747977221274392,0.5295070376253799,0.5542971657837796,0.5075505645921448,0.4064035003674549,0.31384756512139667,0.33094448320089087,0.3674621988276108,0.333550199318405,0.39790511031046805,0.5338636558972776,0.44658895394402887,0.5739387885058552,0.33358896499278445,0.6662271883013472,0.6999292455454701,0.5741408643962027,0.6818677939705959,0.7283511910896427,0.8937291124166211,0.7124833077616841,0.7124024903021775,0.7904717791638136,0.64727682130751
86,0.9891136180003023,1.0858765405006605,1.0068705672161742,0.9141871901991002,0.9325011871839635,0.8718514671737494,0.7615396137223605,0.7513629413504325,0.6316148620075177,0.7331304093789408,0.5450821366127969,0.5482583595487123,0.5745992605608745,0.514897926145907,0.44322225729761366,0.3810803863539116,0.2980847884704618,0.3239714312356503,0.3412892733173041,0.3619850914017301,0.439582691622693,0.47140310354584103,0.5740270303472002,0.517043111430636,0.3271281809616977,0.6696478784435738,0.7127834952794949,0.492551158637065,0.5963059962129827,0.6323432092233382,0.8085519792348088,0.7008037096436697,0.7859259878498495,0.731877396175254,0.6348144819275718
87,0.8774792194635705,1.120865186456672,0.9628095484525938,0.8949213962175802,1.0418565975543803,0.8578349715858041,0.795000830960371,0.802518842604486,0.7256709584206018,0.8427700294878564,0.5000572020124573,0.5835715662398667,0.5562309738423594,0.5221250834992224,0.4919661735004128,0.3557515916328017,0.3225302153002815,0.31573847713894865,0.3979870278442802,0.3590033871833683,0.38054145289311503,0.5559391541886032,0.5356396123794668,0.5668984411948363,0.4436299961865593,0.5949539391928487,0.7070207941297548,0.578590974747635,0.6720445545851403,0.6885786258437814,0.8040352692651116,0.8105821489533593,0.7538449382031225,0.7969403186485817,0.6865472029381317
88,0.9587567560313726,1.095749635761599,1.0278018779222582,0.8789943937488307,1.0527528802720671,0.8442370036479682,0.753535841398699,0.7063374715153029,0.6845514897549168,0.7811595416189319,0.4896644337388936,0.5757734286440812,0.5758699810247914,0.5890008538931588,0.5229463316681999,0.34789328758907007,0.28180036283717896,0.3806082373549978,0.3753926344987697,0.3350898140508668,0.4005437649391517,0.5200811231276028,0.570902494876925,0.5853587738781154,0.4041653441166282,0.5951041354786154,0.6758618036641761,0.5883399475190287,0.6138054690419098,0.6913740378495363,0.8464319288685076,0.6512254451465169,0.7929527695605176,0.8038855972771131,0.6662214252907317
89,0.8925353948065888,1.155368031945768,1.0974903621415564,0.9633688184781878,1.0937301542028874,0.8201842081520929,0.7952698845367524,0.7772739267255905,0.6204496582407546,0.8355276792892008,0.4926643995885126,0.6104644835740352,0.5568341879891956,0.5398212742218637,0.5452913354272829,0.35046604655910407,0.32500447546323974,0.3706031356633067,0.341285029067933,0.3574995120502437,0.40559349465935624,0.5330561882489038,0.465534557424905,0.5087819348767777,0.404289121324405,0.5920892537100062,0.7320442244675424,0.6243248276022024,0.6283201562017925,0.6637185898567621,0.7400480289110623,0.6925991628246999,0.8386601789139974,0.6908375708023538,0.6675465359410518
90,0.9859606999111092,1.107839569599684,1.0102464738483345,1.0096300397872313,1.1317116590022556,0.8213845433003173,0.7727848245564911,0.6694822152307127,0.658747349770538,0.829660757439801,0.4451336064394602,0.5841910169053476,0.5140641969657279,0.5607312346630018,0.5625647588379709,0.3725868383226787,0.321785709645852,0.3266920382858291,0.3739115669638339,0.3903681445480565,0.4286687601301956,0.5366208347192168,0.4614790472867303,0.5702599616346442,0.4420504516984502,0.5924649180780037,0.7303650521932576,0.5233307248858723,0.7173129432603134,0.7395510148745286,0.7774818363369804,0.7047211637481603,0.6499116766132493,0.8164944646306826,0.735715893860355
91,0.9685502123309389,1.0409479447522805,1.0934309758994214,1.0016106080720748,1.0772410313548464,0.7794812042311949,0.7703825183898511,0.8028492859643861,0.7529149113245712,0.7715876589888961,0.46469718955405853,0.5852862592144976,0.541225984995216,0.5913438894811485,0.4992394119707868,0.3310199129706668,0.28388750313234956,0.37124508542890583,0.4036358432071141,0.3663969957528414,0.43627285529799303,0.4781704691631591,0.4719652984287461,0.5874400075046117,0.40754095015794356,0.6074363000973191,0.6934853762383206,0.5359800371805358,0.6642864490299476,0.6959447108904047,0.8025027583180413,0.6092777269172475,0.7840242875704144,0.8981809912977676,0.7362436040852403
92,0.8709028666567358,1.0494653439286523,1.0277813260179367,1.0643955594942383,1.1764181610837474,0.8305362960987317,0.7938218397740008,0.7814394388900814,0.7220986210204086,0.9232027432222212,0.46856504597187837,0.5497217711560233,0.5397178441319178,0.5995979426664602,0.5889681360420567,0.3458406752721399,0.32181731082653053,0.3201766877864583,0.420000013208322,0.42860152184451317,0.42042917835493776,0.47130772889538697,0.4919738512926206,0.5687165406553735,0.4949079536249804,0.6954757917968056,0.7204964400416514,0.5366278309458783,0.7193798698088008,0.7458504129140704,0.7704103041142936,0.7032917333417681,0.7291729902582684,0.8527640434503783,0.7933593694538994
93,0.93777360181441,1.1298544763377971,1.049307751783127,1.0297918638494186,0.9595380839592007,0.8883422683846729,0.8202363350279731,0.8214533282102466,0.6720561896615784,0.7121548416381287,0.5253677428438177,0.6063212558026216,0.5425143857554239,0.5808505765271155,0.5226687249962942,0.36857558913942523,0.3231350739419758,0.3479659954679296,0.4108983536761908,0.28468068639134736,0.48132946270964283,0.4761324632167253,0.48199158458023117,0.5766074751765468,0.3468862792633036,0.6187941612017932,0.7490013432327243,0.5808037817502544,0.7037123515930559,0.6463361446255931,0.7570962653514031,0.6665073238310423,0.7027741985941447,0.8616350099820975,0.6140051584881214
94,1.014028138447881,1.102422022871778,1.0263186908182644,1.0359518902534135,1.0334926610343678,0.845580236400531,0.7078391681773992,0.758815290861966,0.6116130735790002,0.8933795432790923,0.5427153309997891,0.5725378927389172,0.5218466725179487,0.6142994992963158,0.5244629995867639,0.322656304638622,0.2979858678480337,0.33535491891039765,0.35582703834559903,0.41138545254936737,0.3946506902445493,0.49599530875796694,0.47160201641180477,0.5605921906886877,0.44410393262378356,0.6364767217732761,0.6355580741930573,0.5515763885707194,0.6877801465520038,0.6834551804140204,0.8698754836506407,0.5872607332033812,0.7014154388756951,0.8473831705118522,0.7600001184801921
95,0.9469966397642775,1.098498085023222,1.0838846142498395,0.9995938054713142,1.0593259165929845,0.8622869340536505,0.7865229779792228,0.790632933314474,0.6876570213538685,0.8451490055684918,0.4850587580408391,0.5489255491978104,0.5051531004021326,0.6173346512449647,0.5331437216368349,0.3755729574383244,0.3330191210195941,0.36567226300633204,0.3728979224775765,0.3778243394104942,0.42951996274973103,0.5217803516337253,0.46069900221711646,0.5173934134069257,0.3857298481274208,0.658092103274182,0.6988042485845816,0.6931836829849884,0.6907355675793275,0.6896096259721364,0.7031301464753653,0.5728603450217025,0.8025475445571348,0.8054283327054356,0.8089204582465146
96,0.9895927886988012,1.1190596244546573,0.9881061172969611,1.0209823785325434,1.0106389638109203,0.8860669042297067,0.7926880508663444,0.7197956533440333,0.7269022250681115,0.797141571143456,0.5498489233166034,0.5597670027123773,0.4836661455473114,0.5749314791635114,0.5110199524326382,0.3733312373151281,0.3166300271669192,0.31171590832917756,0.3520327680652514,0.3298911457909054,0.467001867552661,0.48679794968090273,0.4112650352512538,0.5282942444265257,0.3649211071143626,0.6759403311287416,0.667368790328503,0.6262532741442162,0.645169871234506,0.6594701938169241,0.7982932655796187,0.6213011960666741,0.7189950964163391,0.8081707112441368,0.7086015353756179
97,0.9939861482928842,1.0382289192346303,1.0506982482350136,1.0167547783818316,1.0484004358343837,0.8113217572986355,0.6862399892689045,0.7355131708726722,0.6634616220596665,0.8434226503240243,0.5168059159455233,0.5473686455090179,0.5330237392950421,0.5615339955359118,0.5268040768643207,0.35151037808678853,0.2789226053301626,0.3500533839619772,0.3323513091788806,0.35524904397060775,0.49903169358466504,0.5203112263515215,0.5432310017530314,0.5180676655814124,0.35189000033702955,0.6833864125444247,0.6444709536259895,0.5833547759558837,0.6798348324542471,0.6408684688782365,0.7688914176075483,0.6292669645828383,0.7094405042668332,0.730131260961169,0.7056193378959849
98,0.9930649937240481,1.2146819781442018,1.0251727814795897,0.9814485575277695,1.0046358143326204,0.8446562703499506,0.8478544019669387,0.7339326791362958,0.6684401891031508,0.7686854870198492,0.4860223051285031,0.6478752536693984,0.5158555592327659,0.584164280791021,0.49799190590628994,0.3496998335548764,0.3343056711704282,0.30243987378783144,0.36356369640912883,0.33020191596404785,0.4435108510091177,0.5424125545964992,0.4613215239489404,0.536888001477971,0.35847182883979645,0.6086632737890479,0.7282605304937897,0.5663641818854712,0.7102620411218189,0.6596228187605796,0.7632346526221807,0.6926525099229752,0.6936007346681092,0.8028132332617128,0.7818183152125198
99,0.9704601205474395,1.1088217352150556,1.077207490812734,1.0281508907917885,1.0154026752743748,0.7781803991811891,0.7655863471476982,0.718080319410848,0.6948965733264796,0.81804703980633,0.505167144214012,0.5856263241809814,0.5525669314805072,0.5961105400151582,0.49371753029661003,0.3453119476725825,0.3206570046789029,0.35761172355519744,0.35965558922506796,0.35000720812953817,0.45829030852377084,0.45524034197666996,0.5054112496092309,0.5453191986217993,0.36621797364327735,0.6509457258719304,0.7414905860745817,0.6224889527509165,0.7044186375789385,0.677182130956334,0.699133457108446,0.5889437431368775,0.747545744274071,0.8220691095740206,0.7489936073693962
100,1.0338226209661232,1.0786335738132284,1.1016047642647286,1.0657899256750811,1.0402647559543565,0.9085350960930021,0.8438462983419133,0.8191873328042721,0.6995347816857052,0.8362421095430934,0.5276180642069177,0.5508344519027539,0.5462507631467258,0.6169054792380309,0.47240358976639374,0.39306064741730695,0.28416612524754326,0.37579518059543154,0.3941557491564338,0.347196464039008,0.501410867875713,0.47768977159667647,0.5487163564629962,0.5635189842687585,0.3486666514191627,0.6676199648163814,0.6205679261361219,0.6114440255065768,0.6988975726266495,0.7075167213194382,0.8282566844978935,0.6142611759137865,0.8023749822500186,0.8039360055432851,0.7473942307906979
101,0.9617316148412995,1.0360385987186367,1.0230623350719488,1.004858147178545,0.9232560527321709,0.794944950385035,0.7631836533916643,0.6990761121725374,0.5882498309707784,0.6981955333597945,0.43425097727322315,0.4982934217609639,0.5565893639822268,0.5400791559037099,0.4397814646736642,0.31716118925698294,0.2774583056142083,0.3620175014969684,0.3749899364371089,0.31431817556009745,0.5069846763544789,0.3900320925653278,0.5422779035787361,0.5021574705999383,0.3584744936291689,0.6413786282074425,0.660845850482658,0.6145588506739987,0.7071953361111537,0.5885443432119732,0.7086892155324714,0.5391171587253709,0.7173730519446133,0.798606831438418,0.6570478082867774
102,0.9963476542718368,1.0691415584715067,1.088027886330603,0.9941561426973529,1.0656610489053189,0.8473787381293887,0.7486581951086402,0.8068502384453204,0.6538987276477168,0.8527795799197941,0.5358220180892777,0.590495131833878,0.5562686055545389,0.5675203692138011,0.5618445392272953,0.38557626505704046,0.3092038619255222,0.36318157271826923,0.3905657520482797,0.3424681436013033,0.47682706228345184,0.3660913078809642,0.5420696196600836,0.5145642597847258,0.39689207279158834,0.6817638931646273,0.6866043860844551,0.7055427982570207,0.664623470151243,0.772916078138146,0.8067580460403643,0.6622244135131277,0.740386117539947,0.8096471299258062,0.7719639309910211
103,0.9591370582415976,1.0637102572714867,1.0290288185857355,1.0327251467738279,1.0496242366998305,0.8115611841069137,0.7681711701233118,0.8384078833792357,0.7047060872212865,0.8086590794255417,0.4548226538946084,0.5892550891825268,0.5470051552888795,0.5912972189871062,0.5122566372117845,0.3412539501971078,0.29707474247325155,0.32610842813564894,0.3955274865325089,0.33849518689303515,0.4686401535925668,0.3925706327387566,0.5629345884216614,0.5363966516976753,0.3638659154966467,0.6386583559547236,0.7179035742057016,0.6802210865288099,0.7281223101081311,0.6565509370101272,0.7680960971726934,0.5468688293730017,0.6501209685115459,0.7610933539317601,0.6491353062905076
104,1.033578563197252,1.1097299396928673,0.8813035985404984,1.0644123663960845,1.055619907909525,0.8756463287621232,0.8540070566562642,0.6133775360645275,0.7853160857988992,0.8254321433894718,0.4629974497303819,0.6482298050761846,0.5168578111062028,0.6481715789427137,0.5261505774194435,0.35765094692286215,0.3153738164603624,0.27690681550661045,0.4131007200825584,0.357171348772,0.5378464581339257,0.4147396716408682,0.4866250535058585,0.5902956674408602,0.4496225008328658,0.6533269519510487,0.7771295164473873,0.5577134781628247,0.707940224256187,0.6911463486698082,0.8511177339449181,0.6366812509926192,0.6813887270082246,0.8660674103806586,0.8483326636751924
105,0.9926756746747339,1.131755749592993,1.0019974539764818,0.9395213859453324,1.0375524338141697,0.8574478348461394,0.7535314755691711,0.7339515888524933,0.660388115949329,0.7813836155893386,0.5022919283858139,0.5439434283353806,0.5228295421841052,0.5287568440584254,0.5051239946618753,0.3720718390632428,0.2986115846697859,0.3479162805435313,0.3441190280157249,0.3289802776203564,0.5130155645282808,0.39984847866438294,0.49331202430762267,0.5021455635755081,0.42005663531931825,0.6665910899950311,0.7107395207019525,0.597223919626658,0.701784174567414,0.7006410226447128,0.8034271711353596,0.6825434734557747,0.6628627136015681,0.7359811210470599,0.7767347702430212
106,0.9400862598381721,1.1048760103359587,1.0561779727102913,0.9995830411849842,1.055702370615108,0.8554845802134866,0.7999951271523007,0.8045663982685574,0.6808929320388665,0.7760289799842524,0.48351568216820595,0.5707204017943843,0.5513435456955241,0.6146487985647934,0.5089924310661852,0.3898110891662433,0.28002756297701714,0.36419691540439314,0.391466837028688,0.342098514867397,0.5656182898713009,0.48939111842251176,0.5525066582983262,0.5315400658409253,0.44392915928054777,0.6685205716832363,0.682750989625237,0.5692789264047303,0.6954072797161075,0.6582210222700958,0.7667927710153748,0.6767374208742782,0.6819128561930176,0.8316509713036663,0.7980827842976667
107,0.9491869442675992,1.154839404135225,1.101835926788479,0.871141661799684,1.1584150513804123,0.78067086725698,0.8369443425511979,0.8423365916378787,0.6646850081236264,0.8347249491691418,0.42397031303075317,0.6143832827807045,0.5975142326225735,0.5574697856419965,0.4545199825306943,0.301103734209039,0.3404930096435663,0.39873979861889164,0.3379578867327595,0.3493046568443883,0.5050618322700827,0.4531350461946586,0.5570190655493572,0.5129139187400499,0.5097772922642967,0.6143914470881666,0.7138243614980189,0.706389855544877,0.6563412807889395,0.7194762258641612,0.646880006044894,0.6557445364408077,0.6739337520870486,0.8218448541789594,0.7742415977595116
108,1.0088687812867831,1.1283759919143717,1.0569532662192487,0.9947358170511384,1.0823888114564872,0.8971303348166494,0.8263984813015454,0.7566255645925686,0.7659726223169676,0.733684573705113,0.4997654571960495,0.5771693895908772,0.5781451320024712,0.6184546139760195,0.46882992326312967,0.3604314646623031,0.2953085016885494,0.4068995322632784,0.3931368607505936,0.32549425717209507,0.5203155402402784,0.4306182398800116,0.5340624590466708,0.5772986225228703,0.4908272110047803,0.7174126557361739,0.7139261904373708,0.6562352013591869,0.6829107917458488,0.6874524502103831,0.6817135391868044,0.7536787128351276,0.6549822532257263,0.837841426805215,0.7607322964946249
109,1.0197126543877522,1.0173976951728803,0.9311123319767755,0.9387298922108025,1.2256188150423615,0.8493054338849801,0.7502671835110194,0.7115449397563703,0.8151386127092553,0.9121165647964833,0.5043523031146308,0.5573472437596355,0.5215365237525311,0.617646920440788,0.5418790588700948,0.3652974992498128,0.32165537211512013,0.39629005201533624,0.3915928652674696,0.38180356481972233,0.5410316941455611,0.4461380052080902,0.48659341329783706,0.5904308658879491,0.558825510752364,0.7101406846444182,0.6846376239382777,0.5650699937301968,0.7453943375851176,0.710413706046851,0.7918452337768072,0.6634496207432998,0.6653390091831217,0.8380574448265576,0.8119780919422457
110,1.0889627556706039,1.0769596734009135,1.0064305617684488,0.9510047226121747,1.037151109033928,0.8333997176752426,0.9033039000197842,0.7503573314039084,0.7294780704274244,0.8091738371164445,0.493588236046722,0.623306638332332,0.5385846611628382,0.6276194375553185,0.48891063935776224,0.3803300745824273,0.3686855754881455,0.3806333364202566,0.3656742877128075,0.3524297457418085,0.5389677411488245,0.4923430812954389,0.5156036943270955,0.4937059276696457,0.4590788941541235,0.7129861288747669,0.7380444247438256,0.6235061637571664,0.6375838501286074,0.6500510989751157,0.8089198125392117,0.7386739420632527,0.6973484441167455,0.7637567772575835,0.6706374442314385
111,1.008674385560003,1.053864101939009,1.0949607804580224,0.9414041474114176,1.1151789806151746,0.8299453560837075,0.820399367797087,0.7972985096829313,0.8601423816153162,0.780330136017611,0.4857259138625197,0.5919806403267796,0.5869030432331924,0.6198644065218342,0.4988883309963311,0.3781440040869033,0.31330513064451826,0.4036449374121934,0.43336050505175217,0.3277061115151384,0.5542860239714399,0.45145629856462766,0.5538678579110549,0.6027075786378988,0.4957423406284569,0.6559428250266033,0.7100930626132933,0.5713167627672531,0.6926016601927438,0.677757086417039,0.7547349999119142,0.6984829984400465,0.7982094417563466,0.7833924862689513,0.650560215923367
112,0.9906108320977167,1.1069462607152494,1.0920713016613934,0.9886002120413542,1.050555697166109,0.8052277247854989,0.8601719246827272,0.7328344615444574,0.8036207246197276,0.7786047366503256,0.4310800375036835,0.5827416084443788,0.5776133206437363,0.6175983161900976,0.43973335977327876,0.34446023823107874,0.3509757938366782,0.3879571216898555,0.3815856530830317,0.32061955875253073,0.4972197791914942,0.443749335974996,0.5389191023139321,0.5252085251413636,0.51223500734158,0.661209289764713,0.756067583902817,0.6141012134017239,0.6086019654063812,0.6570038622757517,0.6915357163941038,0.6875388777748475,0.7789293252397276,0.7819390718543926,0.6737312177326655
113,1.1143459369960633,1.0075547463958645,1.0528249867737238,0.9531112732755068,1.0692092628201073,0.9145778411656558,0.7773092918730553,0.7742396158404855,0.7569044463204946,0.8284839663811578,0.5236899061441965,0.5977128748248801,0.57071454913199,0.599239256199515,0.5191547380309105,0.41164308233133273,0.327461282066028,0.3684802008847765,0.38624169052261326,0.3402795500170587,0.5493947014726988,0.49613875417501907,0.5013093887663249,0.5444634737303782,0.5380765359885618,0.7057237765341628,0.6530619516395384,0.6336227989388437,0.6722362186122063,0.7251852317719514,0.8217808849950584,0.6985622626620902,0.6876563746834312,0.7982126067666191,0.7436111435877728
114,0.9977028018183137,1.0429062321123708,1.158583938555636,0.930010164903017,1.0126300515914042,0.8001109026748818,0.7747958979282076,0.8453671534398486,0.839977163691471,0.7792503700047666,0.460327744742954,0.5282523420667633,0.5886831590256432,0.6288664817430445,0.3993883552962254,0.40154430661075413,0.30828168437321257,0.4017258571227309,0.41071843906380123,0.323747560823873,0.5057263629911908,0.45895117242847683,0.537573486375235,0.5688691131876642,0.49093428865595834,0.6619826030266573,0.6135989614597472,0.7232272589357094,0.6948913660843926,0.6842844739712322,0.687637493727933,0.7114508198506716,0.7904513552205983,0.8364615411355447,0.7330637376003242
115,1.0340065980064885,0.9681818971713982,1.0729567785622516,1.0053424791834877,1.1050083134031388,0.8185386974730822,0.7333327072067389,0.8297098845380102,0.77031104238772,0.8664338586674285,0.48676175483376116,0.5361243073829911,0.5952547491056385,0.5643818386340324,0.44652864263070124,0.3696916238809496,0.303262181884607,0.3838849413936857,0.3648886833057329,0.3754801543011379,0.5147595782412319,0.44232869434017597,0.5880113171479469,0.596132237360927,0.5139641772585961,0.6598805988304565,0.6426175195237138,0.6920376582582777,0.6535815680854665,0.6886700303253785,0.7654570997723362,0.6790192052040241,0.8037079947432693,0.8001680762190573,0.707432512246359
116,1.1567173176767258,1.155119288040821,0.9977584508942221,0.9661400562547027,1.0795528597314061,0.8184813801532888,0.8304595686070273,0.7203420484667509,0.7594544136273049,0.7821832310486174,0.5211677921033525,0.5796174075883835,0.5144309926391137,0.557782400987935,0.4652816876546251,0.41337450707449286,0.37160331897162646,0.3528691316580488,0.35481845898944436,0.33094902197363485,0.5331926254147519,0.5456909759082117,0.5176638322409599,0.5123639704204005,0.468177937850466,0.6406831576990915,0.7397477676111925,0.6896307376815645,0.6249004856951625,0.6089747218052566,0.8379921048070165,0.7628853597156325,0.6258295524967767,0.8020818752600749,0.6569793307077765
117,1.1080230341390702,1.092158008697763,1.0176679651309084,0.9590378348833755,1.1758659714446527,0.7874296046680533,0.8203009737137279,0.7238452732448803,0.6772132012138454,0.9006205556844766,0.5092921350060418,0.6232940362868679,0.5433250419858572,0.5166429455228952,0.5426364983141475,0.3615989758621647,0.3765463884503845,0.3607836808426251,0.3107281432882435,0.3603902090503036,0.5166877367404961,0.5402655103949726,0.5420654582519182,0.481926273385014,0.5640497027495599,0.6230985599630794,0.7030335740346044,0.599880577184152,0.5528089976420087,0.6693379065912021,0.7568462675956094,0.7387775240296086,0.7138243460552657,0.6945633641053224,0.7347830072741071
118,1.1039974110405333,1.0081803874609359,1.0687594783839631,0.9359095071304555,1.1654264481268308,0.8751666736323569,0.835229865291578,0.7746581381329929,0.7578424484427531,0.7988173910670077,0.5098893155164905,0.5629218915948393,0.6094676116940786,0.5656765269154655,0.4969188225162428,0.37018839897695033,0.3291956481881536,0.3857754613668732,0.39795768482084704,0.37824024663015077,0.5259274425792053,0.5206299763822766,0.5563251213675549,0.5274826896584853,0.4846874084396307,0.6739826418513708,0.7075568886073363,0.6940331749029842,0.6060393484403007,0.7023672103674081,0.8638816072438803,0.7707805228143166,0.7961560562182252,0.6710713320002321,0.6647885033107612
119,1.0621365760848416,0.9488492376507688,1.1090547928023522,1.0460613159659593,0.9893992828216129,0.938269206272418,0.7960534947732645,0.8061683909350811,0.7632599506096592,0.7817540860428784,0.5056511706219501,0.5784654073701543,0.5818043760593308,0.5743639330184153,0.4700437456095605,0.4178930164349847,0.3335956690494331,0.39657761798649277,0.40509579847742416,0.34489349291594634,0.5207583958269233,0.5331826688155303,0.6026930907577307,0.49169532745929534,0.4507037041913057,0.7041188212889823,0.645214615335353,0.7297865505861588,0.6259557996189198,0.6622932798254515,0.8402184003694539,0.812623083791818,0.8023623245853118,0.6620515699232727,0.6838873175293145
120,1.0860301631054772,1.038309851001432,0.9564876694643354,1.0156091142527985,1.059891906450135,0.8497982331245605,0.8367142182454013,0.7022752296748296,0.7811941729258829,0.8789678564276534,0.5309648433884977,0.611317324070285,0.5597763383544477,0.5818469030306261,0.5324560710279318,0.44309163361840265,0.33369683970906067,0.28326892593146796,0.387324251302852,0.3586069077463928,0.5876926940234187,0.5575634362100517,0.5008871182842396,0.5422429389878889,0.45980407106627974,0.6912589877884756,0.7742348451887043,0.626928162068221,0.687206042660715,0.6966327435786569,0.8074377604248961,0.7771463779434673,0.6700518291436401,0.6956477972824902,0.6969940632871665
121,0.9909835304013339,1.126112518765808,1.0067739884719833,1.0991001246075234,1.1087890460006504,0.8256111395166663,0.9057641949089807,0.7232031853485623,0.8491844963886299,0.8267679618211956,0.5113642453271912,0.6119483199193998,0.5487099264462543,0.6149457639736686,0.5012956389009153,0.3602893189077937,0.37310549197441367,0.3693149416726457,0.4022222600239974,0.34814947655901585,0.5249990674170476,0.5688026512638358,0.5556715468651254,0.5610706665019577,0.4470828302798635,0.6643831053029278,0.7956249900163084,0.6367155133121198,0.6834490171697127,0.6511761939444187,0.8302822526837209,0.8578830945242812,0.6911630920901493,0.7400714489207205,0.7717846701360207
122,1.0312074287536346,1.1152521119824315,1.0683387336008683,1.031170814310678,1.0190110673439206,0.822324355896285,0.8228476732930974,0.7723260333396675,0.8073904398108716,0.8052725656696215,0.49249376351905166,0.6035293100973274,0.5395544927336915,0.5534888548946766,0.4791509359243591,0.35610116470530434,0.3565290505693489,0.3639773838725887,0.40566510306765713,0.36358184327042675,0.4792476997148572,0.5546233030360936,0.5817574682146307,0.5579079711130188,0.5094330363369243,0.7190593185037345,0.753935045704814,0.6799123835295353,0.642388686955077,0.6195601481610882,0.8136409561060988,0.8220021359811568,0.741300663613736,0.6952286790372735,0.7147752330955697
123,1.0385658288555173,0.9843727473801581,1.0943023484045127,1.061012594773873,1.0538802564282723,0.8046736360484255,0.778228286660047,0.8426955226133146,0.7806315835333999,0.8224771041878404,0.541302569960258,0.587501411845068,0.539283205889837,0.6111042918481351,0.5119357860230421,0.40900318590493845,0.3324800675816517,0.3933021638172986,0.42168706982147985,0.36402354089147726,0.4998364522720306,0.5143286388798237,0.581888023555757,0.554035079613295,0.43428047285261995,0.7147267409770903,0.675179684839212,0.6774446487183536,0.6241718872566033,0.5934558671797416,0.8135658762131656,0.7708689115218923,0.8114785343707558,0.7473602444175073,0.7821783741665029
124,1.0475241801470747,1.0125018456843493,0.983249561418404,0.9803000565551876,0.9434725047696023,0.7849386645187506,0.7963164698466565,0.7357760972676383,0.8141994623707338,0.8210310830016523,0.5262183680113182,0.6100013280868142,0.5566050770167019,0.6180599875159409,0.4863167088896492,0.37029289715108665,0.3495022968305118,0.376750659517666,0.4082641901195692,0.32334551004014334,0.5233075478187642,0.5436655131944447,0.5371863008244246,0.5549524175010649,0.44770718081503663,0.6803849321412291,0.7276265882938417,0.594153748171482,0.6551011994647806,0.627383257831192,0.7455964898988928,0.8181574819522903,0.715802073818909,0.7451348129983235,0.727162303425398
125,1.1260282609547274,0.9837851524188694,1.084295596428144,1.133984009150653,1.0038088883460048,0.8732283698973744,0.7932174000812426,0.8450477762375205,0.8248452767011524,0.8772529510696867,0.5716988108980905,0.5722658607465597,0.5951637079843582,0.6044620237808269,0.5375769508288063,0.40647365693309,0.3641587236766357,0.3909756866722771,0.42911383944803044,0.34580337724012267,0.5199667046165886,0.5010116411246568,0.5512819977495083,0.5937766470958304,0.41094308978347627,0.703928311855996,0.6767575950047945,0.7088985940668343,0.6541553613656027,0.6426367151964197,0.7857180240791444,0.78259514841466,0.7988878899463074,0.7674248257118043,0.6733950728685444
126,1.1193760593832478,0.996185021792338,1.1311667422548681,1.0273097808193137,1.021260432738772,0.7973010441575397,0.7524461410760823,0.7994694214854052,0.757181926923063,0.8774881009373968,0.49572510687090376,0.5704743020487101,0.5835477805358997,0.5693732112938765,0.5800176490858264,0.33859175224737237,0.3213936517089076,0.34699029700188466,0.38774882525129584,0.3637077101077918,0.5531336769776658,0.5138349112656693,0.5837851193690751,0.526473878992796,0.5043021418137011,0.6868253716718373,0.649904135407634,0.7400354101253848,0.5728994611714016,0.6978351843636054,0.7257063619012044,0.8015749559198473,0.8092112482902949,0.7313395171972688,0.8353457085423823
127,1.0185457931843291,1.0855656403194798,1.0047124175342317,1.0119471232743016,0.9579151416254319,0.7160267995740639,0.8373143600294317,0.7501291287679632,0.7894640524055891,0.8341333262333095,0.41563153221837623,0.6077794648136872,0.48364480060626847,0.5707688542948945,0.5195671814331926,0.3407563782750104,0.3616378672158289,0.33536231925348436,0.3666988250659796,0.33412017731049737,0.4514004680114747,0.5646949033833027,0.574634643880765,0.5531524510271244,0.46372959099634636,0.6046092468442358,0.7426540280362985,0.7038708133207053,0.5803481656812983,0.6883658311578569,0.6986594451836095,0.8102780844311588,0.7361690407148815,0.7189401762533086,0.6969294097480763
128,1.0714486330619928,1.0243643145932808,1.09407736059862,1.1375026598567515,0.8412450555715671,0.792776803877739,0.8529828933633048,0.7877150907255256,0.8482859558779303,0.8177640549251222,0.48544767220398377,0.5624765938157905,0.5536755599520964,0.6288583487624407,0.5055787439688821,0.3304034144939747,0.35728995182069234,0.3913362812808935,0.45672309053047616,0.35868849806785774,0.46281989022433145,0.5524384584589058,0.5482545127727356,0.5770817480308219,0.41994923085934366,0.7001118499739953,0.6828783186838824,0.7042978545456136,0.6594193007614766,0.6228137826922162,0.7348749936824781,0.7278390991891291,0.8148043520449076,0.7278266284746436,0.7040230342457527
129,1.1170881102689805,0.9481204863235873,0.9667067081529908,0.9379643787643077,1.0374299613694529,0.7622688098815359,0.8090110631276073,0.7936766973644969,0.7423642257181349,0.8529215271046976,0.5355845585971086,0.562964362358217,0.48565018531855014,0.5134406343819944,0.55005888668168,0.3857699176702603,0.3457019426548622,0.3503722295640905,0.4021903881950306,0.3702027607886643,0.48383159490313915,0.5877377566268124,0.5423652621417353,0.5137033797946491,0.49709079059539624,0.7299956093861084,0.7428225349124553,0.6198890386761289,0.6013776217376705,0.6597950034368036,0.8411260382140391,0.7593710098313722,0.7838276820262782,0.6298889605576379,0.6865930396600192
130,1.0288910451041633,1.0437077392354674,0.9489997415227606,1.0961229464346378,0.9421259297435658,0.8020820043769429,0.9289298751779159,0.7609036151120017,0.7803613139321423,0.812748309543383,0.5161489478128086,0.5964688644247697,0.5443021482176783,0.6299358025259421,0.4814055217094536,0.38690082561651457,0.3629610646133202,0.36909195850479826,0.4265073858842244,0.3143632572617997,0.5226305271237357,0.5387243599609245,0.5200689092985922,0.5926313008414125,0.443731051003795,0.6833650612707781,0.7667375933523296,0.5995572589148148,0.6729459083917788,0.6451756369446863,0.8290609231463646,0.8302521734887915,0.6135319820688558,0.7631948121098123,0.6446365470206897
131,1.1253947377089863,0.9833093443258953,0.9822754614103626,1.1401517668473222,0.9885752009015445,0.8529818697278575,0.7826177290257412,0.7009200631476353,0.8953110463718387,0.7636425887677083,0.5725827539741926,0.5422940695742827,0.560564460505247,0.6096430912190012,0.5161038879661114,0.3868978410649928,0.3154449834286123,0.33892215787632973,0.4438183718697343,0.358725292938585,0.50859209930258,0.5653130445678208,0.5186221311294548,0.5790283501955915,0.4466522730488457,0.6897714881280712,0.6444491966564472,0.6197582268060057,0.6826564720780465,0.6173571522313204,0.8326689014402702,0.8483796924361025,0.6325235393570824,0.8174199296731797,0.6288187289689029
132,1.1042641349350806,1.065346787151114,1.020458691785242,1.0474386149565058,1.0477120830812103,0.8055058476410906,0.8140140932014238,0.7716793634460026,0.7492190512889422,0.8766787415542221,0.5437077785171991,0.5665144934657609,0.5841380437606332,0.5785805693761591,0.5565756194000971,0.43060811035930663,0.354539814092904,0.39139385299854673,0.43017543612495657,0.3036239152096465,0.516602095986427,0.5527421786527571,0.5895706964980586,0.5208207888791332,0.4683218829047675,0.748241153219906,0.6914684141911333,0.6391410599411709,0.6395861588487163,0.6577381841589849,0.8532050687166717,0.846605094562524,0.6947285867591231,0.677230856478867,0.8008010670333374
133,1.0487732756806492,1.0714833751753527,1.0026284005761525,1.1498948621845542,0.8868185468526004,0.8118224485938434,0.8273625212349096,0.7254514692306007,0.8449455010323059,0.7359414592806099,0.5326906021397879,0.5544687674242466,0.5023778509750576,0.5904229411972628,0.505768463783149,0.344889018346891,0.30749805151567305,0.33831240080707126,0.4272549735973592,0.3065007232712327,0.4988495732416556,0.5701451878603119,0.5332573760660573,0.5834354311785273,0.39031276358048184,0.7237481196662036,0.6766675409873011,0.5666725363008657,0.6944516716718934,0.6166673861263391,0.7964621619250867,0.7528104576566438,0.654554995316662,0.7822924897850853,0.6271418906801018
134,1.0663284401350075,1.0666090987982069,1.074340908523585,1.0812496034649859,0.9373902861519096,0.8174488382238287,0.8619273338567066,0.8460801914644318,0.7645335404607423,0.7694271845858529,0.5152323448592672,0.5731303015701403,0.5966136540192624,0.5684897969032587,0.5353138055524818,0.3858320833450471,0.3428125117496179,0.4417747660679342,0.41280249154197224,0.3205542148140679,0.406732572770463,0.5769361530417425,0.5528509344221219,0.5521215977441796,0.43533427883961934,0.6705582375120145,0.7027842075879909,0.7004638659516439,0.6270855059895314,0.6768225761644641,0.8361160179333841,0.8635557578020462,0.7792549213070639,0.7190096360069833,0.6137204130065483
135,1.2329823761538212,1.0077908472629877,1.0717476583416277,1.077612553513814,1.006122096317974,0.9156821239512329,0.7967008800787059,0.8245122926232828,0.8189587033677533,0.7947048169014731,0.5839982303735092,0.5237096115334963,0.5312909649294837,0.5553930322647554,0.5746323387006556,0.38878235619601975,0.31686658636828263,0.40400733849422255,0.38345925652657875,0.3047654053770249,0.4833513395548064,0.5248725069275816,0.5666097164171402,0.5122061345005338,0.4782523788370301,0.740204255541328,0.6294551797930138,0.6689948321053121,0.6021091378917023,0.6906979979459125,0.8935785541740874,0.7612319306829275,0.7617493137917387,0.7018640635008159,0.565175247682451
136,1.0713154751770073,1.039987533247924,1.0802365904919973,1.148327464338732,0.94816425527582,0.8133484092842718,0.7856920194604666,0.8087707455942881,0.8419910240897478,0.736074792791689,0.5363581199230814,0.49417727783043686,0.5722048971249046,0.597432827587022,0.5468521809983758,0.35600255662628916,0.2806091905111108,0.36836995006885703,0.46019425605898134,0.2700991406067952,0.5563946619005579,0.5315519879997674,0.523259799231258,0.5950677188520186,0.39589638139839245,0.690858205959229,0.6692128638084526,0.6170703410822957,0.6993573606537512,0.6737406630411564,0.873021177958339,0.7264720605795795,0.7754493337759865,0.7671452990893213,0.6258955878747722
137,0.9929143866322784,1.005694398722846,1.119118376285146,1.0544571154052107,1.0282594612568354,0.7359627887388769,0.7888944560091928,0.9103084095995854,0.8074905210657054,0.7421840222432095,0.5179659770023257,0.5341278215374768,0.6497651114411962,0.5542507334961713,0.5263663565228156,0.3272918940316287,0.34276093466252106,0.40547019102610704,0.34963624750458766,0.3096373958069904,0.5389118993018153,0.509064770086447,0.5624603343976875,0.5468537809297986,0.44552140298150733,0.6558804894975214,0.6807109743527153,0.7350745794119465,0.5974509085927362,0.6725609880067226,0.7627122377796629,0.6793356391055165,0.8411161939645198,0.6939231737642839,0.6764586038125643
138,1.092755267272608,1.091070219323272,1.1447006629755294,1.113288697715754,1.0174565617497435,0.7925551524633782,0.8481815366512337,0.8497001106540465,0.8184312694995821,0.7846575647093662,0.5629225304871248,0.5685162897036335,0.6274186131730185,0.5643471828708533,0.5614163725925932,0.3996039932630715,0.36523830764869175,0.43777393219514105,0.4265775938551922,0.29104468915388565,0.5038087759603569,0.6266241035778186,0.5509041750100028,0.5545359730481517,0.4142604501042574,0.6896337511706191,0.7178506332565804,0.7100269657701577,0.7016193125944852,0.6157550229414879,0.849237612694746,0.8732467501873351,0.8478202984301935,0.7296022636644541,0.7273124708586779
139,1.2061198007105045,1.08317869819358,1.1623542559214606,1.1852197468039658,1.0205797498170854,0.8663681394256149,0.8366479409125452,0.9098426071277553,0.8385604928603607,0.7394303005670515,0.6189144195129076,0.5957414639031597,0.659744755731078,0.5765911460387869,0.5234759423332397,0.3611170456012509,0.35062628385007544,0.49902927770172467,0.450902267715977,0.31655848845855095,0.5316030851827057,0.5814173736320982,0.5705769567501853,0.5981527393024005,0.43047538667576657,0.7785553903100039,0.7002531247814977,0.7676621925744986,0.6421771153999325,0.6240298698135771,0.901688930826123,0.846520677273745,0.8543326100211277,0.7884536904583537,0.7489979804918427
140,1.002695069234904,0.9285516199353658,0.9891780560602408,1.1073361448744472,0.9815875646605801,0.7728093744915991,0.8129816179555496,0.7263865123650124,0.9087590663863442,0.819110258091636,0.47689588944836603,0.4971803998254938,0.5271587208549796,0.5626349548718043,0.5233445652926483,0.3641812665737313,0.31521745283769265,0.3566574960874833,0.46845903294138375,0.29115502562039003,0.4412436938549805,0.5623088681206212,0.49156438804125774,0.5506602658104429,0.49833394724983937,0.6637903113778654,0.6540765495382301,0.5886213056017546,0.6197229478952375,0.7465913916206792,0.8327446783885364,0.8056228288463263,0.7739555717433324,0.740522236444344,0.741918500664494
141,0.9569057155902979,1.013354559451908,1.0988598727832006,1.089311795516184,0.9626210059824212,0.7399220377827479,0.7811977804307828,0.8707405121280359,0.7890356940502824,0.799750666044478,0.48188005561016256,0.566436881342627,0.6390290191470813,0.5171560806987043,0.5214915994033047,0.32928481866775516,0.31335493333517545,0.423691066323984,0.41339256135188224,0.2590710390379222,0.5034663885748787,0.5921532592587542,0.5846833891906451,0.5808561944277328,0.4157653380209162,0.7023137149436367,0.7055072512778882,0.7268139746707922,0.6454810669925313,0.6321274987172933,0.7849767131941358,0.827396384795707,0.8349530372234362,0.7906938585571863,0.7430006380058592
142,1.014536415920497,0.9677293933669038,1.0395455053363973,0.9807989612076661,1.1630316800459675,0.7148904748154205,0.7657512455344174,0.7736652332191498,0.6618249016453226,0.788550105548792,0.5130689654145814,0.552166534434276,0.5894422171703272,0.4578842711539003,0.592879930042332,0.3779205240751455,0.3123280203057571,0.3962352927177096,0.3929049877180896,0.3465892602324623,0.4547655320110582,0.566182455074103,0.4944651999482649,0.45509382877940885,0.44296366492235517,0.6022210607714599,0.6390213439869654,0.6611333605944787,0.5534790881723332,0.7098147723633943,0.7430898067626113,0.7861739984812199,0.7615305925677563,0.6529754693883181,0.7308673218399414
143,1.004861762988425,1.1951926344293953,1.0702623455440412,1.048531511459382,1.0611296305096354,0.810344948175665,0.8558795294360559,0.7953547251737848,0.7761644375081012,0.7798625727368547,0.5775620206271892,0.5922010833377916,0.5960457606975404,0.4543536747388411,0.5355675398969644,0.39981970621422963,0.3623988215351096,0.40217706785816854,0.4232937216765309,0.28947910036942337,0.4913378249543483,0.6062253963815107,0.5707038787437515,0.5409394834120451,0.4165653987497974,0.6995854963573798,0.7756498155740454,0.6701190543832369,0.5853159627731976,0.6407001202407772,0.8298752708440263,0.9201519632284256,0.8871672189389921,0.7111430177958755,0.727082132436311
144,1.0178728199805789,1.018229123037056,0.9361008395527837,1.0737689051843577,1.0167711617524522,0.7578384306547404,0.8968053975180708,0.7121014993617887,0.8349729750211883,0.7256998524122237,0.5294644393992212,0.6052545447668536,0.5482948715483852,0.5387289367632306,0.5266751081123479,0.36433139195153996,0.3543149029518199,0.34991817469200515,0.44392934070491524,0.2955392223051163,0.5024208350938104,0.5924633269743661,0.516649487559872,0.5662265177498369,0.4486370746834093,0.6795602953883257,0.7136814521828967,0.6610680979981709,0.6759347701294653,0.6693328266193816,0.8194665674857456,0.8176955105184324,0.770432085439945,0.7385757302375501,0.7239148891688503
145,1.046903757231215,1.0441452817873547,1.048499193863872,1.0935964216525136,0.9522690134651757,0.7725328084248506,0.7971992634692792,0.7633643974222928,0.7676913690755502,0.6964388543876978,0.560577900943946,0.527420739647611,0.5953718848835841,0.6037931627673921,0.4749776349453899,0.4029429656318715,0.3429115230592876,0.38491027295706615,0.4734233838887864,0.27074371746316067,0.4329657968123486,0.5641097940814963,0.502380502332758,0.5911847710705797,0.39470298263175385,0.6077441701018098,0.6634445033017903,0.7551721403879523,0.6797384396592637,0.6267278771460083,0.8025333978389546,0.7720979321430513,0.8281783527353697,0.7987306465844384,0.6710318045531205
146,1.1244345049014963,1.1125381279166422,1.0341836837574299,1.1354562085750328,1.0633490496921674,0.7967450978064026,0.8813928328299669,0.7261161013762336,0.7968185787100464,0.7875998472601966,0.5843194972558142,0.5693631478414178,0.5863950598789183,0.5903948637654026,0.5867883129510914,0.3717664724975868,0.31550865244317206,0.3735811667640228,0.4491694903446408,0.3230055307468722,0.5065484388680342,0.5673292784622486,0.5645535913759685,0.6194180084487344,0.48237546253277697,0.6458516084366385,0.6971905816069093,0.6435271906397343,0.6114931252850114,0.7002206703254283,0.8813134306175937,0.7184365875773335,0.8612262965823337,0.8032813113103814,0.7475617497399925
147,1.0032735152137644,1.0785369462111438,1.0427103731682232,1.0579471310386417,0.9860751425325327,0.8034813242918674,0.9177158994066268,0.7760770393967908,0.8145212656972356,0.7971013647812015,0.5656121606280862,0.5639200576868033,0.6029652225780309,0.5758582677822892,0.5412740475314766,0.35366363658689176,0.3763815788049958,0.40380647797695046,0.4734273232262172,0.326965529860082,0.5058412204411021,0.6312097041416693,0.5162899769498843,0.5772741377773472,0.43276117039556367,0.6107121300844142,0.7661656157045612,0.6619704194050214,0.6988981904626468,0.6819339221228206,0.8647412876074978,0.8231535532922098,0.7973071214206171,0.8864013935643176,0.750231066183234
148,1.028165508338911,1.0195382452281714,1.053851552403556,1.0850170588765913,1.0678272331019558,0.8054312347273167,0.8461027186926039,0.7764932372943552,0.8728120925009798,0.7963729188586598,0.5602307095951581,0.5546379795051383,0.5791456007870299,0.5531887430070395,0.5475719489961182,0.3846642123160655,0.3552483640865677,0.3869268059676215,0.47440810691368746,0.30496814247831655,0.5068729859613362,0.6109560741522814,0.5867269158170756,0.5441404885892567,0.45143887332761656,0.5833168835050595,0.6951370680646964,0.6495171516622871,0.6848169713428223,0.7578252675184212,0.8444474118969374,0.7599845406906052,0.9057850491968089,0.8423247376724234,0.7830360490186938
149,1.0981357810108274,1.0846354587862757,1.0258119761723592,1.0355125479537808,1.1175375658467703,0.8399609044602001,0.8754368267882219,0.8860281002514455,0.8111507282320733,0.7778135113921331,0.5612029720580525,0.5699301047565025,0.6059617172774783,0.5817229221987414,0.5528338184458079,0.39872826414852397,0.3287304026872983,0.3751013871906461,0.4331811076058627,0.342048588834226,0.5346841259497503,0.5497528327594015,0.586429558730519,0.5600285511856479,0.4807958809301873,0.7075988319412403,0.7483806083866926,0.6639576636008027,0.6013831125794109,0.6624792901431578,0.9126248005107995,0.8099342711240853,0.8676462962904585,0.8067690136903826,0.7654761254324465
150,1.0032332969011217,1.0210569404292806,1.0011536974043416,1.0719196801985398,1.0049255227271474,0.7950622871733117,0.8103590393563643,0.8438717829664183,0.7557063249090716,0.7556182740534318,0.5251683519138757,0.5676031846663352,0.6197508338987265,0.5556155934587942,0.5407279121175781,0.3361987531495004,0.29719744046571905,0.3352106410310334,0.47551790753276113,0.32130278653123445,0.5172747567177388,0.5231849101467119,0.5258390709724947,0.5894784301202429,0.4538476945246116,0.6902692918090759,0.689357623031621,0.6742913559949463,0.634410371930772,0.6649399975174995,0.843194341602441,0.7558082897246221,0.8281500525164243,0.831908709466986,0.7166735225865568
151,1.075188644931757,1.0190664234275997,1.02882852559671,1.0570792646377662,1.12357301618295,0.812697984764633,0.8807449786430241,0.8719772718278037,0.7231726262417095,0.834432676252686,0.5667191419396856,0.5249819008644592,0.6067595074952572,0.48762897906367236,0.5516031052975893,0.367536718989919,0.3033998800405726,0.3530745007570959,0.4151069840898613,0.401168348502562,0.5323483793970147,0.5456934057763576,0.5780731504233613,0.5217168521039982,0.47371056969386494,0.6941662578994838,0.7479440504420609,0.7646989180994399,0.586010387194253,0.7367238931173901,0.8516923474171361,0.7571606945453617,0.9054279710258166,0.6938513355253042,0.7780158585519403
152,1.0694478145183246,1.0804124097131533,1.0421854902333405,1.1241033649477172,1.0895544505776247,0.8500702026362732,0.9208227711858686,0.804761690816608,0.8041276938064728,0.7919311070188961,0.5900122171023052,0.5588784883313525,0.6138947222167987,0.5348638989135676,0.5637399607859379,0.3832619789083269,0.31457380138595703,0.3657983073553636,0.4576446545296206,0.346268257081958,0.5140447332781213,0.594743762924963,0.5337760789282623,0.5765376230450064,0.525851875978741,0.6484031449602646,0.6879298644354783,0.6775151485667972,0.6703696449989693,0.7259231427828337,0.8951820119468556,0.896741236164035,0.8235163358162613,0.7531760671683887,0.7237513073862359
153,1.02652109750011,1.0301766635928578,1.0305198234718362,1.0472125141041322,1.0571870947447737,0.7972935785004756,0.8727400955014324,0.8280769124530056,0.800475396861776,0.8341372023970564,0.5405338118302538,0.5198452085584158,0.5810086134983526,0.5911494783949782,0.4966403521860131,0.3370589056698036,0.31236542367255055,0.3493226822621093,0.49136797091089957,0.34170750122256044,0.514521525984109,0.5267173085685931,0.575966302869897,0.6111220585339863,0.4823971847266388,0.7134232459539106,0.6940927972962395,0.7308129647805153,0.6420299400785697,0.7191393425985656,0.8746114051234853,0.7320555824831374,0.871757291765112,0.7734473413807554,0.7551288679102733
154,1.0533030049984844,1.0605693161759513,1.0112529577879417,0.9811070140271073,0.8867185014100234,0.770956025008452,0.8505127710677245,0.7662045651016407,0.7129700234791652,0.7402776111145766,0.5535592217463886,0.5753207627651382,0.5797371034388767,0.45620906897230556,0.446207346608144,0.3608322266899081,0.29135976496907434,0.31718551127106964,0.42566040608946976,0.31746226387637877,0.507413024274341,0.548557236399591,0.5399620761074067,0.5052680698053655,0.4563246511501987,0.6822803756952617,0.6961997150645012,0.6328441034170935,0.5371241870892463,0.667971574138842,0.8685025838502604,0.7606218361218995,0.769284019352342,0.6619462097039182,0.7001351444419313
155,1.1970497112742597,1.1247300503144106,1.0766786408438433,0.9787400958071913,1.045016368233676,0.8143159106325697,0.9490221405045206,0.8467185063895757,0.7572144138968566,0.8061084253202531,0.5634706508729386,0.6060075508210793,0.5769758514981599,0.5436299334310996,0.49613492431526957,0.4036438702128462,0.33163566015448254,0.3601740658733779,0.45461367959130083,0.35287920942068796,0.5609801242998048,0.6264776590448344,0.5586999745087853,0.5345421118927987,0.43779339887119395,0.7749139385600075,0.7369723197825448,0.6504815477536534,0.6109937781193571,0.6968105503880612,0.8234050184454151,0.9005267360761647,0.8480551263815987,0.7441183025140128,0.6672223390522063
156,1.0600993823652458,1.0819004150180598,1.0462526003131345,1.0029764452853696,0.934528634614278,0.7412676178040147,0.9418746762572467,0.7691474692442333,0.7197350241978719,0.7689846264292856,0.5236136289151367,0.5849824327468329,0.6189496687155691,0.5546075069339857,0.5259160545532826,0.3428448875052482,0.2937967453657477,0.3660421447083261,0.4163886053204999,0.32498429640240273,0.44103517021831184,0.5610538617088888,0.5432687284668487,0.5527244661828381,0.4587463994243233,0.5949727042483863,0.7470565932622173,0.7223609414965708,0.5920973745271527,0.7011674133929795,0.8325976611299851,0.8133458197623407,0.8059717101670864,0.7585609602255524,0.7636212713638714
157,1.1220279517229403,1.0731336373781961,1.2029498228992601,1.0290871557175398,1.053226565989311,0.8683602145794418,0.8659550778933718,0.9568765528908594,0.7718737460194977,0.8191730404807522,0.5766617151412301,0.5542676501039734,0.6710786961624717,0.5532122846886471,0.5754031758615029,0.39935073665028553,0.319154750921975,0.3533885134089247,0.4370082612324093,0.34779826303993,0.5216611271120506,0.5883965043022532,0.6331376408251868,0.610761512686441,0.5401696117418371,0.7343944636950657,0.7613517332873755,0.7411599155172963,0.5789849297910138,0.705028244702678,0.9727808248225073,0.8302831525683343,0.8700380571428286,0.7262698102360834,0.8016970024820745
158,1.1553781333410655,1.0227439023117961,1.0050773789072016,1.0106377777344966,1.1535935160627884,0.8472072280677919,0.8522069593465063,0.7585853868521869,0.8083070017835787,0.8041823804270212,0.5920264529742172,0.5064408604335896,0.5527557688099476,0.6002956108641442,0.5738390990584306,0.3391511520588668,0.3222115737739708,0.2169212110685138,0.46731958828799897,0.34413178363104985,0.47284767008537226,0.5507718294676074,0.4933780425028517,0.5737140161789042,0.5008475985126757,0.6595406841756188,0.6244899498209426,0.6551047989408383,0.5908990004361694,0.6916578714839152,0.840169834855242,0.7915228236958403,0.7171938256886569,0.790471985154775,0.780765434237508
159,1.1749116187733972,1.0013806389273043,1.0790674429875566,1.0854904121925806,1.0485236631062187,0.8236983509270399,0.760568636394628,0.7821328816409969,0.7824790481910842,0.865340967288044,0.5606377147264529,0.4758640654363493,0.5837235765179105,0.6083229698049433,0.5775587429278466,0.36185795241167934,0.290489745210356,0.33635392314814094,0.44981289599847096,0.3837511346258706,0.4783645376410352,0.4966918559936484,0.5498851447856714,0.6093129667901569,0.5446751153604024,0.749376183002737,0.5978959755643987,0.6729853131069118,0.6269165194591823,0.7315245086406239,0.8342111275063933,0.7658978680937395,0.8335195053466748,0.8216396066724381,0.8276049022466818
160,1.242726306654712,1.0340919686446202,1.0110901383347024,0.9940681186073814,1.019168126392023,0.9259805726221788,0.8088896971053634,0.7456639847529467,0.8006002218081792,0.8541091653189851,0.6221232106531835,0.5196064587029657,0.5104491684078296,0.6172813984689606,0.5631337243745123,0.39907867153974286,0.3280729562258696,0.2863079688220102,0.4111239578117218,0.353728123930819,0.5104195210549693,0.5711828259877918,0.4825024308080298,0.6163271852573897,0.4672636559380451,0.8075913940933739,0.6429313932691937,0.606642479079847,0.6450363066005966,0.7237191424725604,0.9187527985454085,0.8026276664795786,0.7044181867630959,0.7949966980254501,0.7923207374391033
161,1.1162478104208358,1.0998665418521072,1.1179762129173771,1.0784115716540976,1.1075980397524354,0.7933647024178845,0.830105458018941,0.7838788210433272,0.7488714302629457,0.7985985687856018,0.5717301530032262,0.5028057609492322,0.5811108369758616,0.6043554148770648,0.563530079260391,0.37015442750814775,0.3453438980632611,0.3812505018497667,0.4450142269813355,0.37400815351125616,0.47131594451427417,0.6378566772791257,0.5788904761446829,0.6416483166177037,0.5094934848110987,0.7073367223094112,0.6309503885939323,0.608191765102099,0.6828131278998268,0.762787938844085,0.7709960761066923,0.7625919679229118,0.7957778254795116,0.8250223848757761,0.7428140374546045
162,1.04445353451131,1.079245444559618,1.1945288560939353,0.9559523511703436,0.9278828325716686,0.75937142915073,0.8451472884321622,0.8508621888240433,0.7643381031555605,0.8398622348943492,0.5374239193986307,0.5299784323129954,0.6020939115859071,0.5754087303997368,0.5684602783984791,0.38401388979646134,0.36849464783562647,0.4064953176951306,0.42136811160940646,0.31377863518327687,0.4470266210171554,0.5919489108251816,0.5466287505047335,0.5626284771260708,0.5074064256177782,0.7084278383846307,0.6497618574227448,0.6765247650673536,0.5774344047642915,0.6840999864623103,0.8592048509728346,0.8302582197963637,0.8029202112248618,0.7499583067656476,0.7441324641146176
163,1.0691640887437859,1.0897427617065383,1.0478522113271014,0.9794296630230559,1.0938999044898177,0.8072594850292918,0.8634119025394034,0.7955388697844643,0.7443315840403479,0.842910605839888,0.5274648956734351,0.5707260366004991,0.5593521845803278,0.5760236413661057,0.5592406466781996,0.35142290933785614,0.37096509704786046,0.37738234373985,0.43341622883232056,0.36232363440442034,0.4620293610633382,0.49405377128274974,0.5112318001076096,0.5591603746848696,0.5521531742398208,0.6841700067964328,0.5987322391860288,0.559631891663785,0.6451194546574733,0.7201948588139293,0.8500935986885151,0.8895841353059804,0.7630307038733458,0.8438316217836367,0.7928227570899393
164,1.120395373311216,1.0879197530006959,0.9929681697223453,0.9613410563658433,1.084684226550966,0.8465803518099924,0.8849892677467719,0.7361546679029771,0.7991605487603896,0.8641650778304507,0.5761678645907278,0.5214289680057593,0.5390813325932586,0.5552554157043106,0.5935065861321168,0.33936859334638925,0.35665471708160745,0.34300650426294976,0.4248490206628277,0.3448506671248127,0.47230698886926875,0.571369055101234,0.5185780442765661,0.5590626527717634,0.5366336670236711,0.7059621647887823,0.6576640469328384,0.5903976156396761,0.6499203000178454,0.7279883445813926,0.8324014754003276,0.895512427247378,0.7622976517960071,0.7869638146798833,0.8078950270972989
165,1.1301031613268706,1.063530274732904,1.137336991920661,1.021033728239165,1.0217400916199022,0.8588318969409428,0.885167812656896,0.8478692436960178,0.8393423295902016,0.7930830277508731,0.5572740050920421,0.585676920069517,0.5869116387215858,0.6247089120968584,0.5214197904712451,0.3751793129959383,0.36456282763639736,0.35946206653874235,0.4384344787717215,0.36190191028974883,0.4912464355364319,0.554449163711674,0.5391946178019832,0.5583140572622126,0.4948194235838457,0.780489827390661,0.6854050708835602,0.6214981075986716,0.7156501323869057,0.7180587574471513,0.8564027922000808,0.8549680503784849,0.862618893733639,0.9159222891326859,0.8215558082877168
166,1.083990338473994,1.0580588064234937,1.1663930362021158,0.9828120166161087,0.9878631919006865,0.8302301191303736,0.8410605554139741,0.8374443944142075,0.8056007673823262,0.8107616943397804,0.558125407682824,0.5386003473107732,0.6485935114398346,0.5729621632027155,0.5252298986588771,0.3615568751921193,0.3380428272635474,0.4052067002579124,0.41938061186679404,0.33824930060328434,0.4543183095521155,0.5491579013163232,0.5682074123573918,0.555206987918514,0.49192556038423046,0.74795412708838,0.6806846383957108,0.6303065093782941,0.7333208343676603,0.6965140529693841,0.8293684296974674,0.8807808085250397,0.911649600093559,0.7965591861460898,0.766489716752167
167,1.0964581873857862,1.0762757956570952,1.1195199803771962,0.9846755085484534,0.9777103434103969,0.8702391423594393,0.8892205582676215,0.8623568062783921,0.7603998463721771,0.836694940735927,0.5757237938111699,0.5793265435496089,0.626565297200965,0.5720770373420792,0.5428034287621314,0.33071045384600084,0.3788066020812498,0.39454302628926596,0.4299626444885135,0.3392475672978471,0.5042787401285169,0.5275240208521541,0.561145133119269,0.5304860161186435,0.4151716679735996,0.6992266724718952,0.6765734201419493,0.5613348805997376,0.5984014342744366,0.699153498258968,0.9130193449604012,0.8393803714146295,0.8252210951912663,0.758245833195204,0.8318772755710089
168,1.1898172848723223,0.989532543074417,1.086195211069703,1.0035252076314771,1.0387302641781173,0.878036068777785,0.8788831271271095,0.8192487875105786,0.7923207774506741,0.8541042418441325,0.6013392770304349,0.5030735805969921,0.5742062100896428,0.5590894691015185,0.5699569680558224,0.3095757446979293,0.333362568609468,0.3835147102863304,0.36022038445332794,0.3379699664204534,0.5280106701314252,0.5115213930930027,0.5233691661178973,0.5199176094944998,0.4181672636898649,0.8022838433685082,0.6643776862355684,0.6393075680358007,0.6679926226307966,0.7254381523238529,0.8877064466698407,0.7720982252191269,0.8648701436094979,0.7822150573952805,0.7577067159659667
169,1.0645349642552149,1.0562073736340756,1.1201116667317703,0.9093002785454973,1.060088105576095,0.8033823531424472,0.8830246146524445,0.8179251476022995,0.8186395900148704,0.8732306184329565,0.5787551634563224,0.5464541294678317,0.6174886814804126,0.5793995492570212,0.6000627614566219,0.39641422959989736,0.31127356274226664,0.3842132492843062,0.42950572868210624,0.3821503271227354,0.4970327334240069,0.567156240357118,0.5670759374242862,0.5435976762673245,0.4482152071018205,0.6796519636798068,0.6155625423889969,0.6592072506314869,0.6800906170055314,0.7518121294012302,0.842018327859588,0.7789996382492761,0.8541221343495754,0.8213366670121284,0.8583828644082119
170,1.1100308668266246,1.010660675250537,1.1624813252739339,0.9347624772242848,0.9082115332444798,0.8202837485796768,0.8070012952906822,0.856239601929469,0.8755847741265221,0.8789337179488703,0.5747151388282157,0.49120492035224234,0.6365188786954921,0.5894467713789615,0.5444984187452436,0.36548217029786545,0.33618911782160066,0.3594340967445869,0.3874148621514308,0.3352575172449547,0.5069765586422044,0.5236400830833143,0.6230726237251754,0.536552571478589,0.4595257606110388,0.7219126228922605,0.5682152044419478,0.7321337797144475,0.6934436582331829,0.7197049758971865,0.8686121154516986,0.8050743986738759,0.893714844429704,0.817403389828953,0.8180547457540766
171,1.1456324188316314,0.965418967498962,1.186407891856929,0.861847832639256,1.041544901881582,0.8312037007506214,0.860261108442613,0.8348776431969693,0.7489307631454403,0.8102854853937312,0.5665489627438536,0.5438255593431676,0.6508587092990261,0.5463839906235264,0.5788038680984907,0.32987170743051997,0.3240625426361947,0.44288188688034485,0.38019524552279554,0.29853816518559484,0.5020996350509012,0.49209267814431457,0.5391621652669378,0.49987194449514094,0.5034755106725473,0.8045963658393276,0.5372764741877274,0.7334213148100326,0.6215268151473183,0.7357786805803521,0.8577662721270978,0.729568408761012,0.8784956953919326,0.7705835137650747,0.7552792851589579
172,1.1563810824321437,0.9188887642272668,1.1135242776878131,1.036191775790937,0.989734589017462,0.837528571849279,0.8502974789753162,0.7754306091572778,0.8919706611506997,0.8393139443781081,0.6218460698745178,0.5730414888899148,0.5896580740972401,0.613640756667542,0.556653732672021,0.3718599289651435,0.3002127689629416,0.41288683378183555,0.4043493239031415,0.32313977759048196,0.5248964816881575,0.5454465808739091,0.5725051521660511,0.5730436184113474,0.4248442820451434,0.8304155238875507,0.6114548479627706,0.6261572757459399,0.7131578894511423,0.7076457204242911,0.8983209001668314,0.8516836429811243,0.7595830473746374,0.7916044098953303,0.8032471073457873
173,1.1399217538603197,1.0006487860507405,1.0470028125430586,0.9524295918634564,1.0467775776163935,0.8282789661832752,0.8619498659978873,0.8619760205430094,0.800747426951709,0.8682329787785623,0.5669550893475366,0.5412612683061249,0.6018780486619224,0.6060483750071457,0.5836864328046942,0.3490855260827252,0.3350539134612791,0.37892051698712514,0.41700883308493875,0.37193059375252113,0.5305531489093617,0.56887749534365,0.5666362480631111,0.5593401743491402,0.49622531774582523,0.6946308303948852,0.6241314244720455,0.6696325737142115,0.6663825403675716,0.7346506647091998,0.8356825110685664,0.794164497228659,0.7804299678054427,0.8174473479549169,0.8171195969443608
174,1.1117781225978782,1.016497132545834,1.0945310264420938,1.0758974864663498,1.0148024663901078,0.8205288815975231,0.8732391227957559,0.8473486138981334,0.859646537831565,0.8601158661062519,0.5785696060756105,0.5834490279935864,0.6275782010849722,0.5935376077863272,0.576405896850646,0.33339978571352896,0.3655793994208012,0.40534481490878727,0.4200161175614522,0.31075965629104785,0.5619225538215447,0.5520790620852256,0.5695691644326236,0.5585094178876469,0.5236050706875891,0.6862674854322015,0.6036317092520571,0.6298919131944102,0.6502533959660477,0.6535825675894456,0.8589180553741746,0.8273026211568011,0.7795546506436053,0.8314131726390146,0.7675001265623781
175,1.0651622284170412,1.089963797936846,1.208804514811252,1.126774490015554,1.0543004186643385,0.766165774146826,0.9203111251038337,0.8412484075926128,0.92112301187506,0.8944089081979474,0.5650470671344638,0.6130101059152,0.6285339507215512,0.6523523689450106,0.5947107726380564,0.3039744040271076,0.37105143539981944,0.41397195873155046,0.49307336768531634,0.39179818568593594,0.4697551652629524,0.5372642938428782,0.5835173350487511,0.5618761603660593,0.5344335301885961,0.6313328805119577,0.599069847750302,0.6882657932580687,0.6235683485107566,0.6423855288697853,0.8193809688908356,0.8443017238667094,0.7836865210949694,0.8690500767629301,0.8158336430257984
176,1.0813743418809203,1.0389514996052698,1.1605598181998802,1.0851037737346918,1.0614740086947818,0.80634324591549,0.90747802137889,0.8390025197475969,0.8890379538335977,0.7764535458210546,0.5822662175748716,0.5803792282876437,0.6316260920034344,0.5783792944378046,0.5851332824469377,0.3427285205504793,0.353268858195329,0.4244443533444132,0.4510397659358481,0.3318044618544276,0.5112752469183605,0.5903023453197002,0.589237930019052,0.5526249482981274,0.46780100350477977,0.6681046323524222,0.6159357655002763,0.6774188368746453,0.6598763380859707,0.6988124444125285,0.9057483749019435,0.8288525323144893,0.8048855764133998,0.8223146913212427,0.7956447828355349
177,1.1422231873581281,1.0226632855925097,1.128840168388138,1.0889327979084666,1.086602162799684,0.8635063600500309,0.9253913158145259,0.8083858836188879,0.9464272243143288,0.8557028674755034,0.5996373008644473,0.5476502133497179,0.5546213911427124,0.6215667374111316,0.6303890177886602,0.3833673223141826,0.34214149648356257,0.37504089337534596,0.4644546653661763,0.3666308385084718,0.5493022064359815,0.6032783518157585,0.5660291632494165,0.5877289301836188,0.4871382136942314,0.7068177186275613,0.5640514240935293,0.6378572604250401,0.7293385193885318,0.6766847153436077,0.8820208033674085,0.8733434772179939,0.8008089688972515,0.8612179337942035,0.8062166631013725
178,1.1266549785026791,1.0070454239885498,1.0999199873834486,1.0361685618253436,1.0599398321530762,0.7933395573016948,0.8311902094299091,0.7880572809099937,0.8704235411349541,0.7460493159572101,0.5781759742199066,0.5670569578543643,0.5834946895534242,0.6003296259763399,0.5682615669657356,0.3388110686324083,0.3318631659665841,0.32065790240235925,0.44770748548551836,0.3369598581782788,0.4930747991574065,0.5297761282631145,0.4916399654745068,0.5194923764304702,0.43283161618816407,0.7464440399925691,0.5669356129349457,0.5770642082140779,0.651348113997777,0.6891511635756775,0.8462184960882397,0.7266306746521204,0.7824555477825408,0.8467813462936782,0.8078671945818738
179,1.059140340222994,0.9381654983155128,1.0273295537134184,1.034940622826039,1.0676629540249571,0.8148594487114896,0.7411643819304068,0.713649227063642,0.838497404109126,0.8108755470755086,0.5601379579362179,0.5437079035135562,0.5414595477530402,0.5579533128625687,0.5519704089947005,0.35654665320035683,0.2959862578248702,0.31892610223670576,0.4610096375855399,0.309655234006729,0.4859694332815591,0.5092195116792932,0.4906317778348447,0.5162301434778404,0.4510224888955555,0.673470734348635,0.5783491475582314,0.5876409016128814,0.6401875480261283,0.68641177500171,0.8425095503297717,0.7280107609615551,0.7623966376574365,0.8391552554432975,0.8139163488194976
180,1.1519396824467723,1.0288702211236276,1.1136978860372413,1.0264080054180267,1.085896236353853,0.802033782129202,0.8416794594824525,0.7956473353153841,0.8060925683341402,0.7284549590760954,0.6050266403123912,0.5512380649106328,0.5785523596740418,0.5662706398451955,0.5585376334574318,0.3986553850295961,0.3195871690896766,0.3348427980854356,0.42732581134948344,0.29377735780812486,0.5447144236128367,0.5822825187414398,0.5018222871608389,0.55226047126796,0.4206582520781107,0.778817210758757,0.5275454177819918,0.66432674202228,0.6206703289727165,0.5886976975953745,0.8703267293486774,0.7730492016468034,0.7369109834775022,0.8147281330814067,0.8072901598811623
181,1.1354515313683682,1.089411215557511,1.0465395134783395,1.0902521060186572,1.0521884145017821,0.8006510380281993,0.8402468730366914,0.7144954619830439,0.8610205894342486,0.7941957363663391,0.5882547695910765,0.5833922477307847,0.51827443364443,0.5863957078077202,0.5955864206283343,0.3769473237871513,0.36823087220395334,0.29049437532272504,0.45166054372321546,0.3512249902067798,0.4740245773720677,0.6152766643314556,0.49451629441421413,0.557566559104581,0.3859947987220179,0.7766630803823222,0.6525672231133217,0.5348181518083378,0.6849586526688597,0.6600135616920557,0.8574831554990617,0.8192240542555186,0.722542299913717,0.8226863978542852,0.8532867724583988
182,1.039086035461596,1.0401944115224289,1.1338986278776866,1.1337485785844734,1.006048590393533,0.7344706329536738,0.820391146902304,0.780961508962345,0.8339360483321583,0.6780717873368675,0.5596681663206862,0.566016062502364,0.5969887665501261,0.6437930486327939,0.5502603709663791,0.32987567016072794,0.3605622229339258,0.38045720148456624,0.43997088867024076,0.3454395698898175,0.43961279394788116,0.5541004811562871,0.5466675783693937,0.5544041151406,0.33457540434136,0.6810717614360045,0.6603484759410747,0.5739714738446909,0.6540476958327093,0.6118744984981364,0.7713601644753824,0.7830939852552786,0.8413740960893497,0.7843298279270057,0.7410404810989303
183,0.9538423898631849,0.9092303735105157,1.089879321970292,1.0513635241735635,1.0728631449361785,0.7323530685711144,0.7647138082774363,0.7867425830866819,0.8583749797399989,0.7792094181367978,0.551807410827954,0.5418658615087055,0.5205874662607727,0.6384568179040222,0.5865369971551782,0.31206555987470863,0.3296868370137448,0.32116190705508163,0.44521224975534457,0.3373149966944368,0.4909312726280581,0.5495688788214155,0.497908091977431,0.541626665141524,0.39124679887747676,0.6767823122568737,0.593619678698629,0.6318562871924647,0.6723482565502853,0.662086103705849,0.8116061795219754,0.7974192833207782,0.6777436805560866,0.8247814834414207,0.8063496055804062
184,1.2064520169121074,1.0234054629865683,1.2344137978752627,0.9554957090446623,1.0366072719623562,0.8530507851223852,0.8144734552484953,0.906807761048783,0.7878172008926523,0.7512211224472498,0.6262907771290342,0.5137789729574855,0.6456330963545692,0.585560335172364,0.5261065110196026,0.3610009901319897,0.34522902049761633,0.39458533078165264,0.3821271919222396,0.3430045617942217,0.5460592606363621,0.5032267977837785,0.6218058705196988,0.5110537840762214,0.38843952154875705,0.7398328730931019,0.6262348265298501,0.6399656698203164,0.658412190377976,0.6928435776290289,0.8662704430857846,0.7504844144764793,0.7640484677228623,0.8298005326215634,0.8400037241531745
185,1.1130726317621231,0.9894941786082061,1.1154529511790883,0.9367069733979745,1.034611021037157,0.8452150986092991,0.8586466648260711,0.7835928791070521,0.7339061538630768,0.7557182501321604,0.5857312860757518,0.559761078051085,0.5843279705490337,0.5640557604324863,0.5595798480762453,0.4334634889815469,0.3562477531197287,0.31667649471949433,0.37324127521593214,0.31196486114788624,0.5547953628445546,0.5191364458561429,0.4741401179335952,0.5263204839787909,0.32085537609801373,0.7235157072994811,0.6819264807592893,0.6114192904629419,0.5587267016611648,0.6406088572263147,0.8127463614726107,0.8529736522291604,0.74345510332084,0.7755233532322043,0.7562757467339105
186,1.1254001288665314,1.030666381522772,1.034804036058485,0.8811164370067448,1.1290157854163092,0.8415328353523912,0.8554010257924463,0.7315342405815778,0.7139678689438,0.7375586500695213,0.5679589013639965,0.5707615319374177,0.5044416032530297,0.5672277274678054,0.5725232700289236,0.3615206814308609,0.4110320529109563,0.2989871181011564,0.34805257229324904,0.3282540559053885,0.47888228682435735,0.5468656805208847,0.4882534648845034,0.5572068510762471,0.4118849496053989,0.6301193293020011,0.7109233326168423,0.5505347806501707,0.5636438078459101,0.6835788361454513,0.7958335525949278,0.8196740298040758,0.6865339565093881,0.8089337840636883,0.7920118763684328
187,1.1031878920673512,1.0828441349851758,1.0837073297749726,1.0384049855475008,1.0849032732062107,0.8967107369505274,0.854742466217472,0.8237441064445946,0.8056529427951973,0.7237921394267379,0.6536971604041747,0.5853511969737699,0.5681676434263374,0.6430077297736616,0.5856522001227099,0.4095018614941262,0.35375390912822263,0.32600904213373244,0.4322332693924349,0.3397230187806935,0.5413246113161019,0.5486553541686103,0.4998031080600253,0.5106554546064842,0.43400310939417625,0.7430503892661975,0.7306191643132718,0.5708054967737495,0.6029246990413246,0.714869877992563,0.7825009496278236,0.8633370804772991,0.7641434564239364,0.8050956088700747,0.8003582859184579
188,1.118546193193966,1.0495715625602156,1.0426075276620843,0.9868870363666535,1.086180086779717,0.777767146779829,0.8615517695299966,0.8097169796275092,0.7710480754346156,0.8083202388387044,0.583355291723836,0.5871979160248216,0.5238800288802462,0.6059450032874614,0.5787948689237243,0.3619190795089253,0.4020227812636955,0.328405446701063,0.46375018940101004,0.3782790807412299,0.5236290566724962,0.5382931918924092,0.49534674618512003,0.5827688923444749,0.39432196376308487,0.7049989897420169,0.7006228571944357,0.5663039214617137,0.6298100494748504,0.7520014018969949,0.8095536826146773,0.8717104839267408,0.8238409412706404,0.8182321054533717,0.8434358901537204
189,1.1561103017332748,1.0675267444371537,1.0725479446358785,1.0121264626221367,1.1566112948540428,0.7831712414172796,0.8825345357445564,0.7983715521376671,0.7882888842112332,0.7967308601489123,0.61324155002069,0.5770081170755108,0.5339269114952532,0.6250388734294917,0.5939060274641784,0.3985819445254407,0.3330848645975031,0.2888285167436866,0.4496637147032795,0.3705073713416668,0.544750230483006,0.5489522085889402,0.4811021748054049,0.5376889377058349,0.4319455051204778,0.7230448335637056,0.7367337494426385,0.6570263679776779,0.650111092269163,0.713487220052869,0.8178873011980656,0.8249531181863667,0.7692450658716338,0.8533280461478358,0.8679056535463576
190,1.083693354996785,0.9678156102975837,1.080735339526492,1.1125758509026644,1.176616995536169,0.7812432009180377,0.7785553044131781,0.8197328467622813,0.830940894753854,0.8590403071044951,0.6079946946222521,0.5264461893693714,0.5208033842715656,0.6666912056928047,0.6138658351045463,0.3847277789549725,0.33413829155923314,0.33202860716750754,0.4696114864400276,0.39053571980123125,0.556376389924758,0.4977105927326514,0.49753535214871913,0.5517111462835049,0.39917894385259167,0.7233116996428666,0.6418718675544209,0.6408075453841702,0.6505572175129448,0.7115223782928137,0.7827772037309777,0.801653322925696,0.7207460290836685,0.8897893080284911,0.8957373212030526
191,1.0447456506744304,1.0628017951258921,1.1051554536407184,1.0096458784442188,1.1031928973660783,0.7146360167146197,0.8483754534717338,0.8241049768965596,0.7587129738305294,0.7963525735544557,0.6020158210988908,0.5691040375452505,0.5462758928303598,0.5502502872776251,0.552007682503054,0.37650163060010244,0.3277230461364313,0.34277936168424883,0.4391363675004852,0.35829066071685367,0.5179169184639786,0.5283592855996315,0.4511156039192118,0.549613026730295,0.4024465587601576,0.6259579632229991,0.7001384226280556,0.5888657919573705,0.5958538823464228,0.6701617289044459,0.664066865685124,0.8006271881323809,0.8040123561984852,0.8119419890004483,0.7683787275333336
192,1.0614249202286878,1.0462005900632299,1.158208385469866,1.1002379364308523,1.0695306455814193,0.7400077951355875,0.8014340542154502,0.8832179529051469,0.822305256693913,0.8493035288560723,0.563204304206981,0.5506293985346571,0.5985809205134005,0.6660830211973532,0.5885354671913811,0.3284225100115339,0.33834803198241786,0.3569930833519799,0.4764032415228795,0.34685425048705143,0.5509643006098357,0.5260856050685045,0.5083568765102475,0.6051718256514769,0.40079841087726037,0.6036536990886473,0.7275784758566226,0.6419220014100098,0.6920564207783062,0.6993870317719664,0.8048714816584126,0.7409264931246418,0.8811225049901494,0.9088772229001624,0.7812528212306766
193,1.1874400801600693,1.085142492882788,1.1395928290431199,0.9049613442370024,1.1329212592905047,0.8132295446387403,0.8138029010455745,0.8125057546420826,0.6711677798802477,0.8457341933314739,0.644547274520287,0.5282922448203999,0.5730359490685253,0.5499708061290025,0.5842962307716502,0.4211735458244623,0.3310409709084569,0.3344589042461384,0.419674293966386,0.3633234766127831,0.5536390654811423,0.5716442381130533,0.5316047683471119,0.5002985263161986,0.4785980660978948,0.7281705415558047,0.625067071628407,0.5706029203380258,0.616419124000906,0.6790641486789175,0.9155615414360072,0.7526460827362235,0.816964578561497,0.7401049165412772,0.8977850899204042
194,1.1288551323851987,1.0773155579396116,1.1452514869616615,1.092442365441423,1.1497814132903432,0.7576431347839307,0.81138312540325,0.8368520734940629,0.7555571740691047,0.8287374119918692,0.5339964960892885,0.5430138693412948,0.5725254469613612,0.635726958886224,0.6011265174988388,0.36364646713372784,0.3544054298720875,0.3595130323788376,0.45308077840690303,0.35806251136128153,0.524807817496041,0.5702548484168786,0.4586310101258016,0.5837919030829348,0.44759448350829234,0.6481957784489008,0.6839361579865642,0.6097349919107791,0.6312487094658388,0.691763253678813,0.8021628066144013,0.801425822427356,0.8098059841101678,0.8252470580336749,0.8730836994828192
195,1.1350549089826896,1.112667253188545,1.1879391825567163,1.002918514543034,1.1323612812176795,0.6684541943540037,0.8357316584266132,0.8141920963010376,0.7868443159227888,0.8422509070067173,0.5827154885760926,0.573923271540946,0.6224453579056959,0.6235322214146208,0.6419024686504327,0.3856344890356623,0.35344994986255546,0.36712059369559347,0.45760396562533945,0.3763592241682976,0.48805483879977984,0.5593123937078855,0.4875622799874259,0.6000116689708922,0.4347154591332284,0.6304232947223589,0.7458955570596272,0.5985975789204467,0.6213548977293946,0.6892146644146911,0.7865252502408351,0.8772221539105115,0.8233099189602215,0.842039492746206,0.9469537578830581
196,1.0890934562343348,0.9803193688326464,1.0921476970835906,0.9624524629964621,1.3174473377777733,0.7240893250432863,0.717479725816885,0.8031042429333678,0.7557053338128426,0.8688615771399489,0.5664262398772223,0.5429556913682375,0.5549796096724501,0.5748531375081984,0.5996576966692839,0.3453686569129098,0.30480016585568886,0.31685316064624114,0.4117179336683622,0.3523463967947099,0.5305525817511584,0.4956133388267676,0.5065106051878976,0.5443316090439716,0.53141725023532,0.7150877970798228,0.5837533807643844,0.541932252625126,0.6339920429858935,0.7427410942831918,0.8529650364737027,0.7718987127521736,0.8045444086235117,0.779385262919521,0.9592356849222036
197,1.0273311219820593,1.0999813754256595,1.1015258930102263,1.077599788538311,1.2254778678219977,0.6163405474216624,0.7984727809902709,0.7633621276637519,0.8063539173087511,0.8815627031164275,0.5248143884354259,0.5627325502768807,0.5320293219826226,0.5591159484622341,0.628095438369954,0.36875583755249086,0.33032268323385183,0.2851960929052514,0.4124861812431512,0.39065466115150227,0.4976093081299337,0.536027325683503,0.5472756903382836,0.5525971486891081,0.5587070054653759,0.6756000104015396,0.7146498601665885,0.5782271120300368,0.6547115423036876,0.7720593636158233,0.7968412585002256,0.8192476210030221,0.8293449016649179,0.8055125646454325,1.0060327616665268
198,1.2096990960242653,0.9820249335213863,1.0897470984012019,0.9966397368322274,1.1376701026612512,0.7819420777170063,0.8000480632662559,0.8253383683162575,0.7520043873096967,0.7981439685265184,0.645985148524141,0.5382809393365402,0.5531026576192214,0.5315123773985813,0.5759113372863174,0.4256388873418373,0.3184694372362955,0.28639995415863984,0.40446338330590825,0.32151704685340904,0.6069135197612707,0.5261102721349838,0.47959034316266025,0.562057003530186,0.45371749079850665,0.7722917689874215,0.6969996271745889,0.6075542354090799,0.628981684281896,0.6883205510926376,0.9522805760338633,0.7786670685272605,0.7870916521450935,0.8162241861560977,0.8813778587078713
199,1.1427594688282396,1.0251790035303903,1.178327801202206,1.0620251254088493,1.082697338111151,0.671791759740174,0.7782251559041016,0.7931324032947801,0.8327150587344092,0.7971271458664815,0.5507210229181989,0.5821241846886407,0.6005268598923615,0.6134872880068722,0.5885984039906635,0.3676128638583402,0.3254091904234281,0.29025254695206826,0.4251558460957853,0.3465290873432725,0.531580082191643,0.5037265682747724,0.5385682246731991,0.5515064027683096,0.45282992399326005,0.674972251011853,0.7316214662583486,0.5084443832656571,0.6369811511528254,0.7102562444171088,0.8519684536705854,0.8430706939805486,0.7527459614863249,0.8051796381398217,0.8437103353462012
200,1.0485769107926863,1.0442522132812835,1.08456912687948,1.0049530494328338,1.158401019589875,0.7210743822144625,0.7650946787756548,0.8009385114345531,0.7487035323148212,0.7997516287248918,0.565696087246553,0.6245469262846182,0.6042576155802886,0.5849450719837033,0.6174552327894001,0.34738328738144836,0.4088117521718262,0.31392707663615255,0.4119431822382508,0.32536011564609946,0.47403512295274286,0.5330220229413862,0.5098389760922997,0.5228200823278607,0.487348996753712,0.6001426812335717,0.7133659594799597,0.6021028056370081,0.6311371678987684,0.6784111293490671,0.7983036655214881,0.8870325686999528,0.8114231850489507,0.7981315738157985,0.848153876650401
201,1.093638512587138,1.0990353625590437,1.0978625719008188,0.9961099877893369,1.1502332325091853,0.6510405295925465,0.8212710201226313,0.8471096437234568,0.6918383033340636,0.8560309682279594,0.53323641663445,0.5903977901144726,0.6012691580642474,0.5118845733088802,0.6105591978369791,0.3092586994296602,0.34627453642936956,0.3250915048165867,0.4060120906444881,0.3669376250544602,0.455642753008692,0.5740361795606166,0.46986807928168983,0.50695956655919,0.4750980983270995,0.6404479717412156,0.7471733251473761,0.501890503887598,0.6487670324191828,0.7347083219499744,0.7560116320858139,0.848666759085196,0.7494146450203079,0.7951181232876082,0.8618826751275193
202,1.1177991084301038,1.1207452749766798,1.072359342222752,1.0555513109562682,0.9964390806243124,0.7502236220252905,0.7852812046476563,0.7902331247021623,0.8012337706734012,0.7239194410586127,0.6075720261839264,0.6073844873064158,0.5321815119698587,0.6276166674627273,0.5517903942552206,0.36458199720767154,0.38247284488460537,0.34613393661752256,0.4336965600519433,0.2995403042545796,0.49504722180548644,0.6148672429894486,0.43317766829583754,0.5790714438275637,0.39779432248019814,0.5822978271747881,0.7818892821461636,0.5191414479899268,0.7239446962810681,0.6276313334465182,0.8520048271677063,0.8354035720266492,0.8054251961955037,0.888115133255589,0.7847339388935145
203,1.1099437127902756,1.0729938157858945,1.1086853568933017,1.0600798156754778,1.0836630216165395,0.7722207177723696,0.7892842992843652,0.7926732384678472,0.7510505919291277,0.7571436427582918,0.5582792307550344,0.5512416607721276,0.5441277586869679,0.5687995535693038,0.6039322597165846,0.392801576984103,0.3292623987224652,0.2887876512604857,0.4096619678697987,0.39339801407906744,0.49527862194914896,0.5920668723735691,0.48102320113646274,0.5607707150823545,0.48927412077849514,0.6397206887348452,0.7851738861127053,0.45982577446503536,0.6713609925584336,0.6754312905769515,0.7326188410917662,0.8028113760695521,0.8250351434809038,0.7711913579529819,0.9121081661238299
204,1.123447773817976,0.9491413886616289,1.1348370234633092,1.0213526070598602,1.0538291480046,0.7610623787202127,0.6858614610830536,0.8889469007972802,0.8432055486467112,0.7214649628879256,0.616569015687719,0.442828899375284,0.5778990633417189,0.5862530761584537,0.591094002764327,0.3770355769394182,0.3037015951031925,0.3745867819486811,0.4410489325309629,0.3335231001327644,0.5428616857785029,0.4563239475475146,0.464234955282825,0.5813282683124541,0.46541165201955004,0.7162346421307777,0.6728829836847283,0.6042638027189821,0.6857577126712058,0.6929325616225077,0.8467806205755655,0.7333467724162601,0.872908708965408,0.8716552922562115,0.8466797159499531
205,1.0788933665300027,1.0690719749575401,1.1146459799887696,1.0052080136445891,1.0024404146086352,0.7620378755253907,0.7897759532140075,0.7900406816509624,0.7893272112216948,0.7509908111221473,0.5724457759187509,0.5806557970725791,0.5024485435982954,0.5645859906103862,0.5947661303399756,0.36611570830768564,0.3815269262386741,0.31649448188122586,0.4149811953920698,0.32676764017782645,0.5014661913348518,0.5322593610284945,0.45464042062968546,0.6111527300760683,0.506314912572572,0.6986842160212254,0.7433114781982306,0.4454805939066723,0.6524564319945836,0.6348052651093163,0.8094612311539835,0.768605619370508,0.771512609816881,0.8636209272041254,0.8107490452209041
206,1.0531925832421307,1.0942117604866666,1.0941216881085465,1.0303315726793703,1.0479813721439952,0.7225011512795559,0.8127509426429778,0.8205420198705715,0.7533801597615715,0.8430231010381014,0.5988457681811135,0.5845599484560311,0.5590492674714698,0.5508601997922522,0.6106125854296744,0.3809881622423155,0.37432801005929744,0.3262406540190787,0.38000300874887777,0.32757121556334845,0.5016430950438671,0.5239428451142242,0.4732967648910412,0.5136467007855052,0.44594184315094354,0.6194532845138702,0.7083039154536522,0.5199943168340666,0.6409649905578865,0.7446347968858339,0.8315077708603971,0.8531503729895099,0.8165415852092939,0.8147309783332066,0.8712221821469588
207,1.104145651519156,1.1840072461288207,1.093419401675145,1.1403694103143167,1.084967483719526,0.756872486927027,0.8504776149061014,0.8174602369893517,0.8645927496413269,0.72853616696106,0.5760623450804786,0.6381848328136606,0.5462353072628046,0.5930784760878127,0.6015986216590195,0.3618070028923865,0.37349998247659877,0.2937452664313112,0.43986496264920627,0.3211975758101495,0.47621767729463027,0.5048581941165386,0.4779012736843808,0.6058863219287438,0.4503964322654267,0.6500768541982449,0.7588855633902117,0.44775648485164016,0.7510266459229732,0.6540024876889914,0.8315373971006554,0.8794917386016712,0.7454290854822008,0.8381358913211138,0.8777546094725142
208,1.1005615575912788,1.094489325990391,1.162573565342694,1.079749514943321,1.0786518997264976,0.7712664787902805,0.798830108670837,0.8040413241077086,0.8228952355357746,0.7882833761498649,0.5842447019740111,0.5533501614636652,0.5739036979531031,0.559590549736594,0.5800112657364154,0.35159600622718434,0.3313471179767894,0.33918545411969175,0.40222264703137284,0.2819612061169273,0.5384562519309926,0.5516351758123927,0.4493417147347918,0.5369867445461294,0.43385010980599675,0.6885152237524559,0.7102819160484091,0.5256659035148846,0.6772825349108453,0.6662768969769515,0.7691341647823015,0.8195903604853298,0.8961789348534235,0.8538814999001363,0.7908397766522777
209,1.115198744295519,1.0221425087486193,1.2497371255274774,1.1854690203133256,1.1117350936516788,0.6743693356354354,0.7314450702495332,0.8814666103612443,0.8859274182674364,0.865090002910149,0.5865240668129572,0.514106546423214,0.5904367536416657,0.6365439810701752,0.6055351052917144,0.35207526779425025,0.35790794940184334,0.34902568814439117,0.46960911903864755,0.3489237497435911,0.4978123776402773,0.4686909269695451,0.5342537567840463,0.6074102798324207,0.5025551598970821,0.633778844043321,0.7108997033960562,0.5176038382987269,0.7756415395422367,0.7263806608016417,0.7785778810455487,0.7183088969127313,0.866106088992893,0.8983306798560027,0.8942769192424393
210,1.1747527002559792,1.0555455723334506,1.1230245123681888,1.0252624341743517,1.0368119229050063,0.7816457056213786,0.795993031243093,0.8490459667013903,0.8302116699562088,0.6967642856868872,0.6589763838013387,0.563947985418528,0.5370527749579536,0.5257728182660195,0.5369630254216569,0.3923406793248732,0.35928061096881103,0.3195761208692969,0.3857244539446131,0.2760883998766217,0.510136371313951,0.5104379247396127,0.45228419526942665,0.60562282879406,0.46781190119226224,0.6937914990104717,0.6953117475120836,0.5299482021010258,0.7452942285414133,0.6197106059985249,0.7654762799962267,0.792267058254229,0.7866342931690866,0.8724900796440825,0.8157360991898828
211,1.085712706301714,1.0776490691378107,1.1919626862105974,1.0706512046139223,1.0969837698248206,0.7728101123314659,0.8253717766242944,0.8998642986684918,0.8076331970709099,0.748695046870627,0.5937288668830524,0.5714085567947942,0.5062634343878394,0.5478305229675131,0.5529894772758549,0.38192774592097223,0.3908363197275555,0.34638562318373534,0.4480577676658366,0.3298597594376459,0.4657653709621824,0.5732267937878689,0.4992604850657275,0.5232728067298814,0.4700899523723867,0.6669638346764123,0.7393400819585996,0.5970001782106685,0.7041850222166073,0.6686695798219726,0.8182519660447182,0.8527589441751192,0.935209146714437,0.8408925372875222,0.8404959597357353
212,1.146171934141143,1.0579130728918709,1.1748364552535424,1.0127050251561402,1.0392245383905951,0.7772352972907451,0.8300282888545327,0.8509386095273157,0.8178881531731483,0.7224291365046482,0.6200603144137681,0.6220647676909334,0.5520718337437196,0.5324629994084881,0.576812282064422,0.3850524244674872,0.35587595050671555,0.3277226177109568,0.427933167724477,0.3350254018957547,0.5385374322544667,0.5496649908351618,0.4840139312983403,0.5375593385213057,0.4506010265344106,0.7020831644946015,0.717078680573805,0.5428505782466035,0.6596843053980481,0.5821971671013231,0.8584510992993959,0.8062857176313343,0.8185558450931959,0.8575672211926151,0.8175897181179655
213,1.081617565885287,1.0286805335151943,1.1345146832578288,1.1338689619189686,1.0999833011806786,0.7746512621552726,0.7885632399729158,0.8170378593071487,0.8185122421950262,0.7599237847970585,0.5892418977648419,0.5790239759460697,0.4999927172774298,0.5472300568159849,0.56273088160609,0.38744376717036266,0.35188830903464696,0.29609895228441097,0.4163767008953204,0.35171477864039336,0.5457437611592533,0.5603429066175258,0.4953309080997711,0.5334179186668802,0.4899020735190617,0.6574804343304507,0.703445998108372,0.5253573338661844,0.7045268528404314,0.6032893324672964,0.8034659167795373,0.768304563374488,0.8717049153942718,0.8718333218731749,0.9077328567965846
214,1.1111172836178755,1.1080947250173685,1.1767290757407776,1.0245610870345332,1.012590487910194,0.7362762943646394,0.8554581123608798,0.8609280627271754,0.780154756232172,0.7130854900737751,0.5453580639975479,0.5985050695019188,0.5831591257319351,0.5270736863580532,0.5164186184868239,0.3087160797411322,0.37754653429016566,0.346851481398711,0.40219851264940276,0.3191452940988136,0.4644888897295807,0.4989074494421232,0.49683219922052835,0.5574760983867018,0.4954106861360623,0.6415807697694322,0.7495829985286174,0.5533384643466046,0.6603489712972994,0.6850727818951967,0.6962545390831991,0.8221603648524082,0.9580889619640844,0.7643856011752073,0.8362020788278162
215,1.0254900807834066,1.066095230516292,1.1286684493441843,1.1709088302462236,1.0447985762027074,0.7132000789728732,0.8150959801148516,0.8150149934761457,0.8389280102977548,0.8309952887450945,0.6069253178842546,0.5909247098694796,0.5746649829641586,0.5542582919603877,0.6011783725759815,0.332029747819155,0.40703262564796505,0.3148322802911657,0.4581690164777539,0.35602852729074913,0.45295510552454843,0.5904222735647078,0.4923505793112424,0.5574136167672625,0.5204876695594165,0.6371046968274097,0.7174998025677541,0.520910681837722,0.7075165498810689,0.695452668080625,0.652099079953544,0.8046844204073806,0.8894787095617315,0.8218391255884891,0.889286890088977
216,1.1687439977938268,0.9630816304247937,1.0873538432761785,0.9880564978107568,1.0210456308987033,0.8410425727310789,0.790892850985291,0.8301830343506205,0.7897121882992633,0.7194843718223511,0.6003903657316707,0.536024889810999,0.5455774609869681,0.539926038577714,0.5834506238042454,0.3664850895157429,0.35765679181867926,0.3278565168881651,0.40357719056658115,0.321073000014379,0.5513567008258361,0.5310518218596031,0.5028846103975864,0.5552358957515163,0.4914572611563468,0.6841298060281354,0.6965767027467287,0.54185730194098,0.6407286261711801,0.7378748478744124,0.7414082809303466,0.7386077138073432,0.8107719592062231,0.8570134705681605,0.8251156832936677
217,1.1338210673904943,0.9927229657222305,1.0758817009925281,1.0493738183682084,1.0983023803028547,0.7752176409933835,0.7918774403499882,0.7655723754821746,0.9118700945039095,0.7663038236867005,0.6444366423397807,0.539128435821989,0.4867029378728499,0.5754632799608927,0.5401124322258146,0.39459523479078146,0.37416506615603917,0.3029898749654931,0.3847322318807192,0.32775075776071294,0.5082702540365303,0.52134239746993,0.4095216440079461,0.5744599485323536,0.4873238984303535,0.722399918978708,0.7087090104006726,0.5389711680334033,0.7377406856410511,0.6591920772090107,0.7292176408609807,0.6871437637246285,0.7871882817401322,0.856296951312004,0.8677759123282185
218,1.156817726011983,1.1655130646027279,1.0785930862402453,1.1747176903606165,1.045918160956675,0.7897369282524223,0.8727487572585869,0.7995936593487167,0.850730427425657,0.7260421444202001,0.6313686073408242,0.5972769647226885,0.5395664915578035,0.5806329872109011,0.5751519521543298,0.37713311622075335,0.37750139692695456,0.29442061053472335,0.4196270806843714,0.32214054718451524,0.4545905152975977,0.5700728973735627,0.4730672956876697,0.5640370012782124,0.47717961610685816,0.7172108203142085,0.7073203136646619,0.5224825756199026,0.6915339516779387,0.6731663281445432,0.717806330419201,0.8129505613632564,0.8088641561401707,0.8345663523070729,0.8112930990366094
219,1.1142408261214065,1.0854433015735738,1.1179434222076678,1.0749170247918367,1.0474879480593013,0.7658103006578256,0.8870902678353149,0.8056220032049995,0.813723949403044,0.7585480367846451,0.5740056172659471,0.5859542022079608,0.5627283479183512,0.5344637178457557,0.5544290753232088,0.3642802810907898,0.41445942163993194,0.347639991537537,0.3784633373109575,0.3647671926186499,0.5535265031140174,0.664371051633205,0.5151124547535965,0.49723980494834286,0.45113576795575827,0.7390616908842766,0.7170908902519961,0.5380225405192927,0.6694296709123004,0.6909859614162674,0.7728207765521025,0.8430764756135938,0.7825654676718505,0.7744400858494653,0.8686173165733482
220,1.1204468842237012,1.0103229661904212,1.0231456307459275,1.1206095932412161,1.0736736839168228,0.8282787467387497,0.7566705865882732,0.8033913475737458,0.8108161851652296,0.772945933648272,0.6214372136338365,0.5745300234577793,0.5477605960118231,0.5990759774454784,0.5651484877891512,0.3444603135926002,0.35195107785794777,0.33497124994854166,0.46420030528399225,0.3768279272542675,0.5242922904408666,0.5120514606466728,0.4682139922045753,0.5605126974285619,0.46591932677720216,0.7954560712751249,0.6276631713729912,0.6113687546045878,0.6974660361306573,0.747866657279995,0.7793329399964048,0.740966552401421,0.7416446859729762,0.8572744166223927,0.8362351809448931
221,1.224856983650165,1.0333795689852276,1.100784508803097,1.1312885201653682,1.0847900815358564,0.8480332508527154,0.8048702254660411,0.8339477582621744,0.8186551211639352,0.8114299928661193,0.6374257196872991,0.5432793474231645,0.580815605782773,0.5774104297553235,0.5646828016461921,0.4251576938427424,0.36088727967079715,0.3187774444856395,0.4310399336913303,0.3597162610935354,0.5373296622732162,0.5679514244634876,0.5538247351379383,0.527876725877057,0.537461346942428,0.7490656309192227,0.6377731696247909,0.5786057346188314,0.7064062310698603,0.6624855403406871,0.8410126458678462,0.7695690017797366,0.7385955885383368,0.869732885651727,0.9569780496729421
222,1.159217187738741,1.024620949167958,1.0875348193770775,1.0859332220062072,1.1085708381764685,0.8505988943265026,0.7848991655148553,0.7932512475644116,0.8170531932633462,0.786602821791578,0.6320061655227627,0.5884167054648952,0.5486130857124993,0.5839483882571237,0.574400616418409,0.40873468267814694,0.38610717286508744,0.3204514284467703,0.4400490891494223,0.35544665749307625,0.5120964262480945,0.5686869829381874,0.49376833146877763,0.4855199423418025,0.5089503221379436,0.7412266905836734,0.6640573600942512,0.5828331442057475,0.7147388134975095,0.6949195321370221,0.7592277913227773,0.8240274494827591,0.7959435754449441,0.7925152311327968,0.8695169828997432
223,1.0925931574576955,1.0099832107486248,1.1810112179135852,1.0789841263061262,1.0334406180960876,0.8175991851827957,0.8270953436474155,0.8187406884030812,0.7842255205598843,0.7423135035652038,0.6253863231478382,0.577832364352628,0.5578076473975764,0.5823039355858818,0.5185270592262482,0.3846342601811877,0.3947011873038346,0.3621330401652389,0.40876174146706523,0.34465706471086827,0.5219929574299902,0.5849076755845973,0.4525008095645325,0.5206104862065932,0.4665622153806452,0.7123622613815928,0.7006719772081607,0.5809735952424566,0.6988937170319041,0.707529160125468,0.7443312441040738,0.78919291252157,0.8121971972553994,0.8394078310715964,0.8572617388989447
224,1.1579906977806445,1.0343432613951753,1.1133671684725288,1.0836045817777926,1.0473829337438625,0.8013717007966044,0.7595008185575024,0.7569834472197962,0.796515537299153,0.7644034972951674,0.6053493580303406,0.5017317034812209,0.5636441352571908,0.534186511028697,0.5818932152100815,0.4262061991449776,0.3430277301815509,0.3291287428903787,0.4217851071669936,0.3873908954430988,0.5782725328539591,0.5302458367685414,0.48153248273171456,0.505882778646286,0.4429685076819231,0.7385830819983018,0.6006048316867187,0.5761075202877122,0.68038555545061,0.7634832445166486,0.8159344303685414,0.7763773131905851,0.77787665500466,0.7791997193800058,0.8372427239229792
225,1.0700404922569249,1.1208345638169872,1.1523790344185798,1.116580297461732,1.070506259615939,0.7838320372607683,0.8586836988015558,0.8093431554394258,0.8618112351547607,0.7113890693347737,0.6109526784768007,0.6322136799695981,0.5636773878707868,0.6094759045636224,0.5589969665592722,0.3738016347607689,0.4112587441581723,0.3094688014227146,0.4544775134465048,0.34794126937502995,0.5180331250963719,0.6463429100873082,0.5065388465424945,0.5612363597127521,0.45933562483833495,0.6922952177878434,0.7394378666027275,0.5266307770183167,0.726941377331147,0.7312883223332463,0.7248043244525149,0.8373107599931634,0.7298092048670693,0.8068557570312936,0.928961791490144
226,1.0554300945911161,1.1436726774101973,1.027548027666018,1.1371387000566473,1.1095593999060798,0.7073878593180241,0.8613595363817683,0.7395141523768572,0.9012543277561523,0.7631756082244705,0.5790358186149234,0.6294831666477227,0.5218622784149742,0.642233487467859,0.5835135701285556,0.3421706016753123,0.4236908496801739,0.3288688897963371,0.4895664124541139,0.37764147555181493,0.4920514252585239,0.5859522494032587,0.4661920487792247,0.6016039084672185,0.48098337658778406,0.7123310271082106,0.7066092801363641,0.5300713730132711,0.7455501256049905,0.761244698281369,0.7366564402052365,0.8315107461694596,0.736271414799087,0.8081768013045919,0.8649299716581137
227,1.1616860562173585,0.978345187646217,1.1253540310610655,1.0833032427850655,1.0635022196347486,0.7558680257248531,0.7591095704185122,0.8413065103045918,0.8644827894135121,0.8070907755783844,0.6107436859351917,0.5666585363594167,0.532976661354942,0.5752418663851284,0.6023205188562533,0.3830317076421479,0.38081991804937365,0.31047933330076266,0.4463740333958174,0.4047783261069052,0.538122191163845,0.547905994928835,0.476717056627755,0.593497527810232,0.5088597033162356,0.759666078855106,0.6175799679603873,0.5024727231585242,0.7119424149839091,0.7166135178267548,0.769334138941776,0.7963969025890951,0.7887679846557818,0.8085083423715875,0.9340546013542214
228,1.145021632162019,1.1015309877546926,1.1410067625549243,1.0956322605426105,1.024018674641649,0.7797642668664454,0.7876695475633524,0.8527774864056856,0.8455713801811358,0.7217137746114825,0.591031098323746,0.589123378013184,0.5464946427222709,0.5686756344398373,0.5157555064024135,0.41749218018445466,0.39529292070804356,0.33816646491948144,0.42473844929759863,0.36140476051041814,0.5468040318929208,0.5627444426526071,0.5180043353271133,0.5692492638077844,0.48771736146713673,0.6959197859719612,0.6369738743861114,0.5743758108779113,0.6818207445192603,0.7074676769272671,0.6987166701715412,0.7929718748350191,0.8454963673679603,0.8460493954509556,0.7914290843623032
229,1.0860505929742117,0.9833011569271419,1.013749969764914,1.166690614720694,1.0421838054914867,0.7549357654311413,0.7482153389853415,0.7420794331867258,0.9148679753636948,0.7489950995150542,0.6003798147916728,0.5658654607547737,0.4871006167105161,0.5811476106334154,0.5712844803286313,0.3846532672670402,0.3478151886242997,0.2749922909038505,0.4644733379240004,0.3805316693714945,0.545145571609625,0.5173924375975821,0.46224168913476893,0.5742664001977064,0.4935878719270114,0.73744925936382,0.5800694601462689,0.5188330821390632,0.7445471515255582,0.7463518388589816,0.7403644990370919,0.7384090611592695,0.8086624518961738,0.8974524461457545,0.9172839284987052
230,1.1600730289414392,1.020535211861444,1.1342877708296333,0.9803888380258992,1.113999878421557,0.8181767450289545,0.7687653564352994,0.8024408974638647,0.7443879438501291,0.7643725338971633,0.6263580145284707,0.5485852695341539,0.5522316439656432,0.5288644930796076,0.6223831324348046,0.42393605255158323,0.3451365541892446,0.3611777908521799,0.4134540022887899,0.3904169270026882,0.6156727376959114,0.5604779623602745,0.4848549746294689,0.44338309576341506,0.5147773976414003,0.7304641603671027,0.630374275671569,0.5818902247700075,0.6382481132608224,0.802357562037576,0.7676991136527733,0.8234419608489013,0.7836202948075282,0.7485014450883288,0.9223216093496664
231,1.0809284195056532,0.949853683948028,1.2669872885149485,1.0009858577916133,1.1033196939145613,0.7195295293381603,0.757234299694689,0.9063896669317819,0.7858611933645432,0.7607877802047907,0.5403218219344718,0.5424918628407213,0.5789595436862953,0.5519848748310797,0.5521598692129023,0.36034093614858753,0.35885497703110397,0.37533001488275874,0.4155336931996757,0.3976688194018637,0.49920933052362587,0.518024909701431,0.5269857874180874,0.5211508933864347,0.4863149421915332,0.6304975429442117,0.6391062886697689,0.687803788075202,0.6300545402866303,0.7018426143724978,0.6982027135386049,0.7435077724192349,0.8384888669609973,0.8357873426764533,0.8021514410031468
232,1.1386146270371214,1.1292366979086115,1.0503218966055308,1.1238618916480339,1.1490382837980446,0.7320296218055657,0.8226701807378005,0.7558851286670973,0.8747868509724968,0.8170858426029964,0.5872373060944398,0.5749913294983495,0.49852721348024015,0.5792859566228827,0.5822620734238655,0.40570865875972,0.3566044376582148,0.338658307959593,0.45030049901606295,0.425664250541662,0.5991869158486024,0.556890424392837,0.4828941133579159,0.5454210301787361,0.4847114113199161,0.7572566566296254,0.6965893003790837,0.5431360454801468,0.7580626780977516,0.7825323350047688,0.81188721651328,0.8316297741618894,0.6455833789487679,0.8313223732927769,0.8762594509073984
233,1.1165521415282587,1.0242244673195244,1.1285773651660507,1.0666366977732569,1.147082230431419,0.7232390047325783,0.7120009192857251,0.8284635051427387,0.7814960763575785,0.7779600295292701,0.5743855191423529,0.5401942919987239,0.520524289048573,0.4998024910149175,0.555108202049387,0.3947880421048908,0.3790479813733571,0.3803405923730263,0.4018470713819123,0.36726453141501525,0.5829501296497315,0.5334071382399281,0.5169298899306539,0.5275864364699925,0.48429168444880666,0.7392354711364133,0.5698522631387615,0.574623249059502,0.6720747948912953,0.7895152030179875,0.7211096208766219,0.7463686117819579,0.7367485111075953,0.697637177285962,0.8879302938986385
234,1.130088146431055,1.116700931402828,1.0399396627804998,1.085004587498111,1.0461653825232238,0.8091764711507303,0.7905463134800845,0.7124549491758739,0.8143092310492994,0.7469677876091048,0.6112382425979035,0.6155654213245554,0.5341598300660954,0.5502600345621901,0.560467306315808,0.4135037525520756,0.4035226079119631,0.31285565477026234,0.4468698746667432,0.3660703161456639,0.5903156965384049,0.5930371367538763,0.4157004031578792,0.5014472970443904,0.49180499967681146,0.793268428890296,0.7513708945270108,0.45347215504240906,0.6703903380490612,0.6762205143505927,0.7369148989621594,0.8862583754749969,0.6903884311793635,0.8027844749442339,0.8017879479872991
235,1.0318780327439485,1.0791259370580306,1.096751568478573,1.0436357375403775,1.2002307061834603,0.7504878448040408,0.812599320585118,0.7308370026574904,0.858675666765869,0.8002306544207136,0.5551266671544843,0.6256391936100638,0.5431317201243052,0.6009472073781255,0.620712064056985,0.36236904692729816,0.4017458543263971,0.3310563141087219,0.38460508521971437,0.39082486055971116,0.43400215640488216,0.5832429023738068,0.4632056769776376,0.5863274679208397,0.5112274016673526,0.6274623709867106,0.741279892209205,0.48052728239591597,0.6922517950829308,0.7677665496874778,0.6336878484036839,0.8833305422429965,0.7843795899647318,0.8353590323741209,0.900364278213961
236,1.0070158866721262,1.0764130669777365,1.1886328095193743,0.9681731486349354,1.1466987241430775,0.6894287553617062,0.8171283789314949,0.8707427851464902,0.8090250468461552,0.7490495109086681,0.5537132849623809,0.6217736604349664,0.6294902429546245,0.5264979483293584,0.5951164706764321,0.36802583568132136,0.38837434927877035,0.3886071754973468,0.3872027656029255,0.34802277076667704,0.5322648970390327,0.5867467888749605,0.5676129663263796,0.46328064416913495,0.5478666116258568,0.6344272813630774,0.6732437641933272,0.5583173385162116,0.6673439725345984,0.7714399230570854,0.6333147716780811,0.8452550948508948,0.8440428261768754,0.7460527381552139,0.9616178903220016
237,1.0580344725807964,1.147764936780959,1.0524863981568582,1.05840485110458,1.107738357062376,0.7226021045218685,0.8496099217338995,0.6997769639384113,0.7832059997689018,0.8139201855393522,0.5033893096208767,0.5969476892971022,0.5271927132587658,0.5802292303598146,0.5931235175308172,0.39078049475074916,0.4296522858531264,0.3630744897834909,0.35673911611378056,0.38928285554849473,0.4949970628537955,0.6143158938419977,0.4765330714690579,0.5661001269127822,0.5594243229822713,0.6992779711938705,0.7035842488486093,0.5196669838783572,0.6391952657764347,0.75001379734743,0.6438769863433962,0.9217483796597752,0.6950101711817953,0.828429157932416,0.8989216093231605
238,1.078710703776869,1.1551147538548578,1.1525206686519553,0.98316754410017,1.0847272403184247,0.7388983754984915,0.9258223415686198,0.7869431116227124,0.8339907022250654,0.8117451101751494,0.6241964136978372,0.6164169705467909,0.5827071445016959,0.5686623841831098,0.6318286822050057,0.40403165202131075,0.4404764502028255,0.37252760236799787,0.3911366665551265,0.35604574118667626,0.598060868943086,0.6119096306177115,0.5345254594696753,0.586478617362141,0.5111633543776086,0.7033854429582831,0.7462212914820361,0.59398647786241,0.6653017498547554,0.6628999488457723,0.7895302546450449,0.8901957787515893,0.6784111321585116,0.7331767565044811,0.9150779744504188
239,1.0984672362852992,1.1713861325949084,1.1882981913290258,1.0659508923083105,1.08150338692568,0.7344483122782619,0.9229196290381336,0.8167244204938064,0.7139278412814818,0.8033100807828029,0.5892360586004632,0.6653209231389625,0.5868754037330449,0.55666005140153,0.5893154052596838,0.4109082887921758,0.46736845831819135,0.39503142186250695,0.38441941686135417,0.3433044730919474,0.5606829966206766,0.6542614513348137,0.5319950382587579,0.527564811140984,0.5873505633996359,0.722868440213912,0.71244938454441,0.5562817041194423,0.6408148305404535,0.672764307602949,0.7443581066921485,0.954190425187872,0.8060218615781671,0.8038698214070692,0.8294663490135343
240,1.0982447648561673,0.9898265446817002,1.1476161047476188,1.0602040810105464,0.9691200509361204,0.7216947661530763,0.7681910122684522,0.7932998232653881,0.8440811590157539,0.633424907427083,0.5326953266451073,0.5941185442593815,0.5391813412740964,0.6018508763162521,0.5385184745105307,0.4054303094711782,0.36991910380782195,0.3397258739256858,0.3984732863662544,0.31096863931929075,0.5222848573047386,0.529999856909712,0.5228267966414368,0.5852374165265383,0.5190435411076227,0.7002260064377287,0.675918483255221,0.5768416511267829,0.7451487085152342,0.6900825756002077,0.7019763062761961,0.773733165310519,0.8150656523584181,0.7967186823296476,0.7466320758167291
241,1.0660965902774633,1.1337843257954017,1.1422348452984687,0.8849915007642855,0.9850423039336269,0.7386239703569779,0.9017938571709349,0.7662029804951112,0.7357899778666668,0.7266734418898841,0.5967742607407586,0.6337448229022512,0.5632946979221901,0.5797572646841804,0.5026693892442292,0.4083023075113824,0.47722780437369827,0.3138825225356265,0.4193550153268381,0.3340527986834518,0.5098322967974618,0.5940576518139773,0.4725581217268049,0.5189207317847131,0.4850699586057493,0.6949234851658445,0.713758748031794,0.5621868032195185,0.7289139442048095,0.6710362559777161,0.7827483364378351,0.8795472996284643,0.721686109091463,0.8171151236627016,0.7835777857261668
242,1.09413807477552,1.0546706694245813,0.9484195681103404,1.1179928324142803,1.033602467800782,0.7327370092105348,0.788378557576237,0.6626086044400002,0.8403167528628527,0.7344387625584955,0.5382344676635575,0.577628688773088,0.482112355688962,0.5786569067653169,0.5495924525081085,0.35465109381370513,0.3722281631126376,0.2918254545746704,0.474860219574897,0.34679223824158323,0.5434314208084411,0.5426956239757947,0.4625468254079199,0.5552106701379147,0.537579232072828,0.6710844201124886,0.6389681164485117,0.5445316024109743,0.6493667644474789,0.7648057830121523,0.8021778699000599,0.8263904183212549,0.6332481617882335,0.8195275033616196,0.8371582161854243
243,1.1685708914137933,1.0954853289829498,1.0423970766731072,1.085611332054114,1.0352846182814095,0.8090507440231159,0.8651113009054243,0.7031657521268023,0.7978435238128825,0.7600176122512597,0.6023099577680705,0.5992555018667055,0.5039328357325517,0.5328336057716756,0.5734451392673618,0.41795135651202925,0.42211109599065405,0.3021321229470586,0.42841360875607054,0.3097480576761399,0.619176829410735,0.5780221728121151,0.4530069585266209,0.526054593860781,0.5415185570806306,0.7882868749043235,0.7800543030881586,0.49136305922226176,0.7013578294587309,0.7616474152227608,0.8806086908391109,0.8546864488568815,0.5576308073771463,0.7922483772025058,0.8236799815215262
244,1.094716992812088,0.986012895999716,1.1059066708139005,0.9966230616188134,1.100872660197808,0.8001031468294205,0.7830472214773003,0.7951892101760327,0.8321313602684266,0.7653106159160764,0.5776050210262709,0.5136212789924144,0.5431705518827719,0.5486196886965478,0.5911002066626696,0.41138595294597813,0.38218512552158823,0.333889502367151,0.4460651946297383,0.3447456124608429,0.5473746476637233,0.5210416738926289,0.55740007995664,0.5595945894151326,0.5726226658284007,0.7492004967753412,0.6517551470514282,0.4922333769270322,0.6792907210665434,0.7498716624557643,0.8263877523816661,0.764970716679533,0.6115386892619051,0.8204582650347113,0.8513560346750515
245,1.0239723591813195,1.0664721848839331,1.04893640761844,0.9340651581982207,1.1087669681593042,0.6856744768258659,0.8081178649616982,0.8076490855102112,0.7033937245780719,0.7888449163797608,0.5509940893371407,0.5585667075310774,0.6133118053915125,0.523549156328965,0.5390014625458897,0.35567290508339816,0.40303773553560535,0.35840112901767085,0.35562972219983624,0.37305730150979405,0.556944140178552,0.5360608798781229,0.540367593038137,0.46146095351051364,0.5441416017929295,0.699924927726324,0.672261776027959,0.5361757662600204,0.6320757817364533,0.7227388473370152,0.7937917918956265,0.8957108628832042,0.6688561244954196,0.8045244924182122,0.8956376612704162
246,1.0896677108044346,1.0042341483252937,1.146516903286955,1.1847425339672464,1.0348065597388323,0.7057671285786542,0.7987126357999348,0.8200683459388901,0.8795166380185626,0.7512837954002765,0.6017866783359385,0.5578091771234679,0.5529205112193192,0.6003128168210112,0.5701988289535891,0.36729003630599316,0.3618703657407784,0.33524589440184277,0.4471602971253805,0.3442075435827349,0.5527256765754842,0.46646394527608165,0.5524138251037828,0.5547888420903746,0.5339606019619851,0.670194466955879,0.6554556183234537,0.5013948044563271,0.7295486011797598,0.7063198979470268,0.8103532839121541,0.801608221634122,0.6828428066432368,0.8717835111987954,0.8639391416310235
247,1.0924479697446348,1.0766351889551018,1.141418678613736,1.0927325023602577,1.1052179747955246,0.7580731443139512,0.8707420765704029,0.8408098454650916,0.837859349914456,0.8164661616303286,0.6194746553589672,0.5775366079188946,0.6077822618275657,0.5743083097909046,0.5911051489714545,0.36958917277931197,0.3850089317879143,0.3269686739696209,0.4580517117712707,0.37156548357081653,0.542050688673436,0.5461821904835237,0.5253980474234677,0.5519499802920564,0.5709542788612674,0.771750368816411,0.6265649713739907,0.5539697822908554,0.681379387844181,0.7935029301350625,0.9144171799574381,0.8966198676802308,0.6125932475521895,0.8351091648633072,0.8836438461924396
248,1.0511772337264547,1.0788574701721365,1.1930540267436784,0.8691586685948025,1.0670264210676108,0.8074915204351051,0.7845414719835035,0.8368054808708427,0.7884586286085606,0.8096271313543745,0.5806881989684597,0.5993214063587735,0.6099435657901268,0.5712168921841767,0.6104465275536126,0.3508169600547305,0.4128980550487103,0.3985901864312571,0.41733560779861695,0.3435386952835041,0.5620356060272091,0.5560750939797431,0.5660264864952439,0.546664809465197,0.5061545198493247,0.7223035507584463,0.6746168313788001,0.6026865204595022,0.6944559141110345,0.7679462533418882,0.8722530705580515,0.8621019986632967,0.6602074323692234,0.8164538443892495,0.8728639929161768
249,1.0834633883027776,1.0365873043236595,1.0930468892555392,0.9538573340158992,1.1197102058774024,0.7122488568231035,0.7908884678260208,0.791243020696315,0.8405530319693746,0.8123488766806237,0.5654586610458953,0.6551673410766881,0.5772849687307567,0.6378868703682259,0.6477223649930203,0.37253000430624256,0.4266369041134369,0.3467396180192335,0.4169285111723526,0.32709188627954533,0.49089145319872085,0.5962139667432218,0.510737245708704,0.5683904036488521,0.5806953793634388,0.6968639046492738,0.6598162629952362,0.5472389689158204,0.7120018619395065,0.7666805442169691,0.8008501906533304,0.8970530833977844,0.6467459279695812,0.8189035762189227,0.8694310843620242
250,1.0707578982933583,1.0807501028906854,1.1600580309542177,0.9442334958964792,1.0482745845867152,0.762283792866222,0.8537396325273341,0.8241815062256165,0.7823448774114348,0.7718662954283799,0.5642487320627566,0.5793614112136929,0.5633946967006399,0.5581318202095711,0.6056976622756537,0.31161400469338774,0.38750127034470444,0.3596075012906687,0.44126826540126124,0.3052494341518125,0.547578599669476,0.5564273926397132,0.5810767733751416,0.5677153767806782,0.5500287102390322,0.6333661044435825,0.6320751084470231,0.5408488758765913,0.6383751788627543,0.7799603315617125,0.7456768479727933,0.8885236353364003,0.6112922481195949,0.7503198820300028,0.7894600235152862
251,1.0453546023966211,1.1765893541954253,1.0282650113952465,1.0272524667424712,1.070327991122851,0.7358511485310768,0.8513039230385486,0.7437464363379998,0.8136198927754705,0.7935723083278278,0.5519406789366816,0.6463893425983176,0.4901559424038696,0.601637052710858,0.5988812423839078,0.3539836238640987,0.3495652244066977,0.31360289506261974,0.4404162416546239,0.35504848834881897,0.507851392688489,0.5406079247546813,0.49746625829995894,0.5855002971019341,0.5159410114429005,0.7102377557770139,0.7183972790488362,0.39145089734773575,0.7298849915306056,0.6901214871140431,0.8250877447317329,0.9139269201006731,0.6285338351967569,0.86762305096034,0.8001706832860243
252,1.068212134976288,1.0909448836245457,1.1802202597943972,0.9564832260625702,1.0461180157888026,0.7112872668176788,0.8139885704654037,0.848726307125485,0.8788362346219966,0.8155167910838848,0.5704760348731376,0.6580820565665191,0.5839156503464458,0.6374680356891042,0.5932749455541937,0.4137188248855868,0.37498050284329143,0.35281961663773087,0.48594938429778833,0.3503663978787662,0.5457770978775471,0.54981755584506,0.6121221412240521,0.584465009761684,0.5267413487528336,0.6999241813702138,0.6897274881635304,0.5317642711478892,0.7905562594944417,0.7381635240783966,0.8188832865380917,0.9464244993729339,0.7223669708471689,0.8990904058168383,0.8577100071052401
253,1.0835472032777562,1.1324273494007402,1.1418762084539855,0.9983470716802088,1.1057628923790028,0.7647614038995054,0.8731277774609196,0.8692027511591088,0.8239097910996456,0.7856569171879499,0.5981310274935117,0.6166897298702418,0.5430372779939358,0.6236899913137226,0.6126572928008789,0.3592289024368405,0.36666186145922414,0.3524929302466588,0.4546967785146978,0.3588256744576152,0.533929554914466,0.5021208181561736,0.5683369942353622,0.5395030919100368,0.5483717062418217,0.6658896820906949,0.669118757437016,0.5372886471469802,0.762546553052369,0.7310141753640607,0.8451788485377196,0.8872393450565508,0.7671021458754572,0.8270143100628435,0.8174445128317013
254,1.1559416486069305,1.0283999552344822,0.9854613859081233,0.9685538508850013,1.0753544615357475,0.7903908229061386,0.7620358202638864,0.6923989572350007,0.8028586252500601,0.8644113697359572,0.5629041669785693,0.571908294996694,0.46181527722468946,0.5359650949023769,0.5950192624044669,0.3768898269647887,0.41566957232170937,0.2916896467190018,0.42320025442011094,0.3506954831180976,0.5448007799782968,0.5372015404510294,0.49030960079903796,0.5080016103557796,0.5787729473580514,0.7218547043204829,0.6344285407871686,0.43779213224451735,0.68454646559937,0.7047064238565026,0.8935710133552655,0.8030740247093359,0.605189802592174,0.8569879270189502,0.8122779409898961
255,1.1146619775285218,1.0808621724506973,1.0383716730372592,1.065813806660508,1.0600314990475843,0.7245248983645826,0.794546641062803,0.7776366270274009,0.8388559769713383,0.7706665700313874,0.6458852709679356,0.6140975058335175,0.5432535691445508,0.5746330762652805,0.5771614063580486,0.4341709288513941,0.3820676718831677,0.35515171941802226,0.44459976868690787,0.3288251881312995,0.5418524267811808,0.518548706039891,0.5072213233388937,0.5272509878252827,0.513332327943981,0.6975959931579355,0.6238492253755747,0.48544723104747334,0.694492082103304,0.6973222994090434,0.9348005948531659,0.8178766936828405,0.5430154871060799,0.9125880384913353,0.8477185739021331
256,1.1005536978838815,1.084735454612957,1.0948626327641302,0.9609986720022324,1.0342206141099908,0.780607764135006,0.7948799240492681,0.8363778310050078,0.8494876752659679,0.7987411598737859,0.5826548514048195,0.6235393501225439,0.5374037105715226,0.5949482248806466,0.5657651798599599,0.4381843453710968,0.41793809226053735,0.3452675044558964,0.4030820593251197,0.3517279606524941,0.4917577727874972,0.5527761652250323,0.5655855472408613,0.5087237849238457,0.4692064874206108,0.6979243175734529,0.7180809663929317,0.47166608938083243,0.6795108034979769,0.6615368959870735,0.8898910551184602,0.8587631573945295,0.7364626461958911,0.8144537379544363,0.7852765626162262
257,1.0568983554814335,1.1696001835487542,1.104857358669196,1.0530101050974578,1.1021206308693139,0.7433696187076799,0.8961085183856914,0.789753088889697,0.8222977656209243,0.8138364425939405,0.6349499905248912,0.6640608063010871,0.5975023989195389,0.6389788127812924,0.5872628091328933,0.39092242664044663,0.43060308495925054,0.3743697411583551,0.48051663964867014,0.37194937708035836,0.5596013407394382,0.6062553497883207,0.5156120085421934,0.6077297728704772,0.5794013284039101,0.6750108784877689,0.8044961067964006,0.5040284418722394,0.7248046263473046,0.6981745118574514,0.8750995661883411,1.0115039041116165,0.5991396324820187,0.864472626899786,0.8798891039805001
258,1.0171991039845656,0.8790586316552856,1.1437826523303558,1.1724278692190553,0.9212185655031013,0.7489544602462187,0.6871687322351394,0.8498580312832215,0.8877773402375643,0.7154264558330965,0.5845843118699066,0.5411246911371014,0.5716314536878575,0.6298039225064607,0.5315436218086761,0.34835773322613917,0.34185512131157664,0.38773275305191757,0.49440833768088405,0.2922944096448098,0.5023049166236224,0.48186751488252566,0.5315193054679279,0.5558305238047174,0.4385608527994912,0.6722889454826859,0.6481780964138858,0.5029269484215824,0.7787412033262213,0.5654665846897198,0.8549038311650454,0.7285391122403874,0.5649760774725716,0.8225550098593802,0.7513459850234028
259,1.06745241659326,1.0356754046379875,1.1995887023571008,1.2299126500256303,0.9347024364154579,0.6592062416317729,0.7608754204593391,0.8405062330129573,0.9457961370465918,0.7645916544243654,0.49238009372834024,0.6066858445542511,0.586503896112531,0.6776344599400188,0.529737859072104,0.3617914543271985,0.4096742022344024,0.3805912399308651,0.46436912143065723,0.3325478414981218,0.49769884267280473,0.5663472642736045,0.5614437130690735,0.6268032546095494,0.4861610615893638,0.630137146370673,0.6389839908392013,0.500964904587601,0.8232034274839741,0.6982643287160022,0.8699770151067228,0.8057497107026127,0.7689127962476126,0.9292707129344656,0.8303738507205914
260,1.0426533714433859,0.9745883668441315,1.167312450102517,1.0887040349032817,1.010466916672553,0.7493234595948034,0.6801363119453951,0.8542029171884904,0.8908949451279565,0.7893043373344228,0.5528553441228792,0.5941157739528816,0.6060494307462649,0.6035222276804877,0.5798017292717585,0.3573592763294015,0.35913116378614746,0.3780979717776196,0.4444326376032136,0.38162295356533216,0.5184798271857713,0.49972052919125404,0.5587131941061609,0.5103414309577907,0.49445934946718667,0.6391789346532015,0.6280475288216774,0.456536697692256,0.7374517178452562,0.6868250488831231,0.8135896253651307,0.7401814708303447,0.7383286033045244,0.8393583529640276,0.8145908790421624
261,1.1240851316752314,1.0150536746629037,1.1870466905784052,1.1373280488025062,1.0352810514747945,0.725042700075966,0.6456654716539663,0.828250826971817,0.8199117458536094,0.7776124514154021,0.6169330441245278,0.5915504583692468,0.6201552012095427,0.6556128697690647,0.5523961440477906,0.39370898065044824,0.4326260625770919,0.39914746161901793,0.466105229714066,0.35926245246347943,0.5486371892022488,0.5658199487918112,0.5926363782927939,0.6158270599964315,0.45159580692717505,0.6752943220084224,0.6379654453775386,0.45661820947230153,0.7569413908404959,0.6792796680243535,0.872523088860564,0.7962805868616378,0.6480182034103221,0.8056486638086591,0.8047506935099996
262,1.1084034526697168,1.0906872864012018,1.0393240212599446,1.1541852343110222,1.0125656875068592,0.8323137554700164,0.7960365358112185,0.76803423756427,0.8133288023544435,0.7511457827902743,0.5706928096695802,0.6671119717515086,0.5393456302895998,0.6187821882413196,0.5369446285991155,0.42305481134874784,0.4096035494264937,0.3776994093929582,0.37712179541895263,0.38520349960364175,0.5475894209382342,0.6050844219775968,0.5563122026727778,0.5333851882055515,0.4755358956759898,0.6920557378067957,0.6701211981903293,0.46619492856426126,0.717627245091192,0.6173819305204251,0.8244381824142741,0.9079261891031264,0.5786415964661784,0.8588994748412244,0.8042928409146263
263,1.0794917722230246,0.9987765359504701,1.1544488346981152,1.0833134944873843,1.0351290445588752,0.7685810809033616,0.717634147116678,0.7986686697145283,0.8918274870449441,0.7961015782495883,0.5227817538079614,0.5819164412332831,0.5922766363402294,0.6198791630639768,0.590785684639841,0.3938975299740735,0.35923466554622835,0.35991574504892354,0.44335474772418104,0.3867457444675671,0.54547065900276,0.5588090773391601,0.5185427035208,0.6174209172713341,0.5038632813636112,0.7141395384714281,0.6677034852241248,0.5394460517226263,0.7360228732256169,0.6672296021696797,0.8646249167901147,0.8957136950260801,0.5907740702234676,0.846416607784076,0.8656181072404532
264,1.0685442120227724,0.9233577782941904,1.1273971360115047,1.1418244040622019,0.9901806855558024,0.8014065710454464,0.6405859198525234,0.8462633813632642,0.8736131291476081,0.7376284652036105,0.5912764262438608,0.5688522401913074,0.577377322261011,0.603391706296726,0.5263366048449095,0.3955486853254487,0.38892718016788885,0.3724173827673738,0.4427453809372198,0.35502384095590717,0.4880059294916471,0.5494325639047075,0.5707869058391133,0.6100866485633379,0.4287677695274795,0.7281557474354402,0.5586046084663655,0.5469489333518371,0.7274867935853825,0.6352169360395197,0.8404777441178255,0.7602961099664521,0.6370947574911299,0.8952332328685157,0.7094232732843653
265,1.0429093121091348,1.0449574942437627,1.1520987362746122,1.0767352993193304,1.0312004376693054,0.7715011955110747,0.7066846322638498,0.8800111564109947,0.8658840915368206,0.8104780887059133,0.6084952860084265,0.6005151457262567,0.6018091777669903,0.6034564548018468,0.5397023643589662,0.3983214980231077,0.43883605310177204,0.41406917803970444,0.3969622727123002,0.3849314863189346,0.54423156188134,0.5667900257554283,0.550296162357161,0.6077570752656913,0.47366187495417383,0.7349169058377929,0.6919883041310462,0.4398761116208336,0.7250841210695997,0.7012871795565839,0.8955469470849986,0.9014018630757707,0.6888573707888119,0.8550895645007135,0.7702257077155101
266,1.0715630439894444,1.097578511601424,1.111409341771055,1.1038377111375675,1.0641392692074674,0.7590435353542933,0.771178528799844,0.7822825104734739,0.8641182986863473,0.8028650684330416,0.6299055425990627,0.6070174494503563,0.5651739373781308,0.6235198929690664,0.5602775715996705,0.40920374524275255,0.4327217404003013,0.38703779078823536,0.4301322814506253,0.3440564373590006,0.5185349145344637,0.6214465375004161,0.5861300481489069,0.5539664702609378,0.49003289098767117,0.7818954779664276,0.7067449024259231,0.5048576295686146,0.7267766210845401,0.6608279564835254,0.8349942884764283,0.8927920403403296,0.6847524062104838,0.8708394450890684,0.7796016560982895
267,1.126600622779217,1.183410688399888,1.053563621160968,1.0435422486907222,1.0573704775817063,0.8211958159144153,0.7669406637933988,0.740980290619868,0.8449026791055002,0.7309028771099709,0.6303083009125123,0.644446496196035,0.531331527966708,0.5894311711073189,0.5270827207816413,0.44504299926617685,0.4476470954338603,0.3375689009924585,0.415528527493645,0.37314259045810944,0.5486814650495392,0.6046174280634495,0.5154560324947268,0.5893240331123896,0.44860162591547675,0.8100760257928987,0.6748380007180056,0.48350842165862784,0.7815167536040777,0.678153275239552,0.8874985821085961,0.8877959061098621,0.6287866404182247,0.8948812540337424,0.8002434456311517
268,1.0801878817468615,1.0464397925190654,1.0995236994463289,1.098780261282036,1.0397666876159124,0.8103388231896878,0.7418878700455738,0.7987218594755707,0.8488310513342346,0.7330898929245222,0.5957093875272219,0.5887347530063622,0.5685956793083354,0.595697215347605,0.5685978170867119,0.4240500787340217,0.46621153216510586,0.3765428203674964,0.37580143789936715,0.36170223807593493,0.4836234312374991,0.6024142580435907,0.5458198028858154,0.5926367625000171,0.5038925807757582,0.706485369513038,0.6694161124226806,0.4099986680646053,0.6986782609159191,0.589590968499544,0.9308182247527191,0.8893865873457144,0.6828379453997901,0.8532893923100646,0.7849178264917486
269,1.0658054406147761,1.076831494816085,1.1251659446793298,1.067950276104621,1.0916979321339308,0.7313728046573653,0.7832528005645292,0.7941683581303889,0.9132593763319649,0.7505994156647426,0.59941106519163,0.589158809822305,0.5759508310626478,0.6438001497935589,0.5155613222855033,0.4341440994706329,0.4386865618594102,0.3524268986261214,0.4085655137209935,0.35784911444937173,0.5124765765376419,0.6060992893392083,0.5302072691049959,0.616421285972217,0.522446165332938,0.7267091538051432,0.5910364214479842,0.45188693224029874,0.7842316925574973,0.631411984489377,0.8587385535537981,0.9512387942152332,0.6797776880707016,0.8986592376960458,0.7571738875968423
270,1.0406324028618483,1.1057680287592957,1.0662941653156786,1.103618722591644,1.139277225132958,0.7593156209688467,0.7939543288601866,0.8227545743143654,0.8756690127902815,0.8454234636754742,0.5469596846793587,0.6524347094242058,0.5814385098190684,0.5850299670114643,0.6367617851578539,0.41835385459820806,0.40304898846164666,0.34875955638149864,0.35094576199165595,0.34933216399510825,0.5230049625167245,0.633599577139331,0.5477359784510085,0.5327835873271403,0.540569806700252,0.6775920526362689,0.5761269553514278,0.35658591715196136,0.7119242177160245,0.628189619164363,0.8359581313860813,0.9077848858842728,0.6282783171062163,0.851997640080968,0.7886129302042648
271,1.094596198418246,1.1214779918929407,0.9874265055098816,1.0973577210577496,1.101162559287447,0.8045581984422314,0.8821532299151404,0.7509246088579516,0.8860044844560341,0.8652207014959097,0.5518148547455821,0.6259605618331586,0.5167936730945734,0.603346718967017,0.5591285389843019,0.44911900667688665,0.4908649808633343,0.3549952695918529,0.38378129385852233,0.3588794027028683,0.5351106106866155,0.6735724692987082,0.4903419258819274,0.6143932362916329,0.4968237979773912,0.6925579429288833,0.6603215374314004,0.33335569032652257,0.7899134579534006,0.6445726736795634,0.8777686761692565,0.8857800455188674,0.5750882497618508,0.8716881829597711,0.8149971633760482
272,1.086407930229983,1.081329314948686,1.0603653914987554,1.0038890089803145,1.010738693725934,0.8228220681513599,0.7919518883795468,0.7913917103259474,0.8166824378337132,0.7641349344624611,0.6165638764219392,0.6425595297297646,0.5828832082299359,0.602701926188692,0.538638678564638,0.4278884766675276,0.47175861550572357,0.35093433158217857,0.35432573360708164,0.3451968966230373,0.5052968862776006,0.5923799670815536,0.5372174321759917,0.5772104214225298,0.4575905654797777,0.751651386845709,0.6412010846234129,0.4402434027748603,0.766477991357394,0.6624070034840481,0.9111517690898397,0.9611284548964171,0.712844315390161,0.8229779428789719,0.7561752913138888
273,1.074666115181459,1.0489096899057477,1.135581487949088,1.1197456050039563,1.0858455636465685,0.8131419804689324,0.8215305032008821,0.847360824544268,0.909119096345938,0.771330470431883,0.5850796058027631,0.5915141177863856,0.6243203373583188,0.6371673768798517,0.5877432018263233,0.44542745789831084,0.41789084225890993,0.34243139241015036,0.4480344132868441,0.3483918405199897,0.5522570720375829,0.5827140871408448,0.5384106710148624,0.6067143742064824,0.44935897113062695,0.694221601774561,0.6680805773712815,0.40926480579888813,0.7348383211873399,0.6601829086976714,0.8629034528571407,0.8889392128432216,0.7174634399325339,0.9209391041889512,0.8158858310794874
274,1.150948538967989,1.1028132871277427,1.0265415274484717,1.0620178497775936,1.0989828103960908,0.8210591288053525,0.8789735591557084,0.8484704056572767,0.8360372985769245,0.8496841240268732,0.6810205063339132,0.619763952674244,0.5930747802723007,0.6180699723694371,0.559709399070994,0.41478749340506604,0.4479290474688754,0.33938317826856435,0.41805913060690164,0.3736076201541987,0.500432334233513,0.6486891837293822,0.5648890503565004,0.5253241306892418,0.4610595995200456,0.6760305407499524,0.6151400624473536,0.4117292119521267,0.7089000306748217,0.7068975016714556,0.8859623448313083,0.9472632034738575,0.7895007552736907,0.8630275024265814,0.7931044510774884
275,1.1917261784688067,1.0626523074833036,1.0761930516456149,1.1096434717478372,1.0339560824932037,0.877081616799236,0.8287709049138064,0.8097714953443332,0.868043342751175,0.8534455827441327,0.6512360241840707,0.6138399554570922,0.604578809407623,0.6325681372771881,0.6324007660054507,0.4470069383004397,0.46110875912682764,0.388912140625996,0.4114971431655312,0.36983804869846293,0.5494449678549238,0.6041685655859284,0.5742327640147187,0.5995837602137597,0.5393132897286874,0.7361706443710452,0.5667118552379501,0.45085800523424147,0.750057923280772,0.6671424388826421,0.8943090630161221,0.9412547877429349,0.8215130404946874,0.8372861435072871,0.85729419571971
276,1.067288953068059,1.1540408889512146,1.100378044839585,1.0561013318006323,1.016446429413117,0.8279997927035081,0.885461245384786,0.8128069264630844,0.8367045798140327,0.8127081361598328,0.6210794570621817,0.6383703920568635,0.567818874580176,0.5723818516636309,0.5945749746541135,0.4154037786586213,0.5064178605518104,0.36315312657698356,0.3790527033169432,0.3819859880591934,0.5140551633537886,0.6128705947756184,0.5503398027234281,0.521401984300681,0.5194653605546551,0.7199211101003165,0.576576966755965,0.45426212048303166,0.7418187702238429,0.686474075783895,0.8697759937641661,0.9019616587877255,0.7530367142190462,0.8363526598226425,0.7679724058071675
277,1.0802736729484663,1.1165339728500228,1.1462660401687885,1.1538837502976942,0.9532126197223819,0.7766944226314292,0.8240224561268109,0.8741115658461901,0.9265242068564183,0.8052555947833575,0.5722561258600649,0.6000445101963789,0.6026702618750264,0.6523619130098971,0.5862674929652032,0.460035147843535,0.4751137994875044,0.3879695527024685,0.4523506665313766,0.38074123447655495,0.5659437922284328,0.600081065353157,0.5636497659271164,0.6037502926168864,0.5047981204494056,0.7024920725089276,0.6186269619513886,0.4369189364812792,0.743150226060687,0.6290394005803952,0.8796985174562977,0.9106945722530186,0.7758999214031403,0.8529883245488017,0.7983407778763731
278,1.0259025171671006,1.0325861580051081,1.0822519900162222,1.0566492805063072,1.0374720603999377,0.7117640446333148,0.8120031688949656,0.8173257300685319,0.8641966236866312,0.8450625999946668,0.6099200308852466,0.5867893699920687,0.5668937706483335,0.542355030923592,0.576838986374128,0.4405750083458374,0.41588515362989575,0.3449916510230767,0.3257935030301904,0.36935362043223985,0.48084128783785235,0.5202801048126309,0.5591038618483493,0.5448894156016144,0.5093143705584913,0.6506654901139037,0.4886897179613156,0.5118922874911337,0.7194149277269817,0.6810512450052704,0.8384698998945893,0.79264006046964,0.8094228148446598,0.8134903125874458,0.831158551888922
279,0.9691317929387713,0.9513208503166015,0.9827546407086167,1.0579364689300967,0.9621657644571444,0.7463052362137379,0.7628169535076897,0.7687649548895891,0.9009050917935619,0.8156276795921925,0.5929554718688479,0.5394278658611735,0.585291725151122,0.5695514829208779,0.5275427076761423,0.3946828858657461,0.3936502154340056,0.3255658768789481,0.4129032608320871,0.3639847726096621,0.46653885267032785,0.5437039400646192,0.48460830988396436,0.520641889677788,0.475374874068371,0.728153126501814,0.4999983611021368,0.5234843066156951,0.7274819556542795,0.648385698522691,0.8507933046554812,0.7794210306432874,0.8076001278347769,0.7963969823298064,0.7210894570538168
280,1.0994522563877727,1.0987804524243687,1.0718749753778902,1.0605900052605353,0.9578895963393655,0.7440567298505392,0.8589277375604598,0.7621062920755145,0.7970864551051057,0.7556084595981475,0.5827213557959444,0.5876823031867918,0.5799288583010944,0.5740710006640404,0.5601846014895697,0.41002159022760065,0.45096540573588895,0.29153334873362,0.3669694259163798,0.3604501872931869,0.5545521641218196,0.5266709949760473,0.5215276237763206,0.555257971697263,0.4184085236438755,0.7486396422238795,0.46674427530228435,0.5314562006684158,0.7305569204860753,0.6127435811945132,0.7913725306601995,0.8808400805630205,0.6964943298309125,0.7707031011310843,0.7864820916088933
281,1.0752068539917004,0.9905142266212157,0.9892425247383505,1.0806847682797742,1.0541382380471256,0.830190866828678,0.7649057705633617,0.8340290316842935,0.8685981215678981,0.7346689979709108,0.6329352760549071,0.5494684471022007,0.5670792085984715,0.5715487255095482,0.543550804316832,0.44980833835709727,0.4267906857462013,0.3268593402894916,0.4236022783059697,0.33555728722571676,0.5614550547491988,0.4890319414461733,0.5203869264886883,0.5412264465777119,0.4769916178166612,0.7383369211969831,0.5244742860556109,0.5549957062326992,0.7566728382361848,0.6692505974024985,0.8753884593186224,0.8363786758739746,0.6982525732591938,0.8517799150400582,0.765174824357387
282,1.0351179625708617,1.059239144090851,0.9332708429614418,1.025157818424287,1.0847280078981016,0.808377422981196,0.806899384988038,0.8232307851995239,0.8001094170027891,0.8687722261361518,0.5980841935628067,0.5952127596842427,0.591779593248122,0.5089244013438177,0.6031833709981027,0.467677811604053,0.4568250083057632,0.36331182133107087,0.4108678412827899,0.3842512849306739,0.5685073323761062,0.5404833728471273,0.549447238519394,0.5350264187184581,0.5316719256234976,0.7714209816816486,0.5807330789736702,0.5880180096779906,0.7377314939570812,0.7089053013421871,0.9112433935328922,0.902646959546551,0.8160369320375321,0.8207630117483748,0.900751959256306
283,1.0085412707871546,1.0554909885878678,1.0272715750438985,1.191237940310669,0.9189931645504206,0.7406652442639285,0.7932471303354252,0.8301309280340825,0.8601798075367785,0.7966490047207415,0.5894023624331459,0.5317261099545181,0.5588171107018727,0.5016589391570169,0.5266631132452473,0.43765882512765014,0.4273529407006463,0.3469057732456696,0.413578118503696,0.3556304385166039,0.4865679723255141,0.52191417593791,0.5297019636023639,0.5967498742345594,0.5118722218370593,0.6468273257443524,0.4899176771302544,0.6743394256803938,0.7611874899674166,0.6352619696037636,0.8513853970930418,0.8414826727619732,0.8440059153897241,0.77268232866629,0.7591059697458451
284,1.0163656401105754,1.1854096896262984,0.929375959171434,1.094161503927074,0.9816051246306998,0.7554942386359564,0.870630071494854,0.7669905737490588,0.828332912321792,0.7413262777233276,0.5960950548133093,0.6161269530125102,0.5262548278510724,0.518850173785391,0.5589932568432173,0.38889185437977736,0.4829006002302299,0.31810021995684434,0.4034380332543893,0.33477683059294505,0.5448370813752096,0.5717721958661809,0.48666675262335135,0.5137893708895452,0.5172987629592116,0.66347725396362,0.5506249130854841,0.536245916296901,0.6996671854988128,0.6704759347792771,0.806985545486603,0.9336092850614177,0.744451025740617,0.8002551328274015,0.8547454380847919
285,0.9902592888524228,1.0502161788750706,0.9362345616824476,1.0486605597169096,0.9574827729501492,0.7944586636702607,0.7915633625167866,0.7675360702210388,0.8218032956244874,0.7364473345995919,0.6062629317398991,0.5598518506780095,0.5407241755850968,0.5334611546237047,0.47376550856272315,0.41328672032571623,0.3829548732714554,0.30632336456141396,0.37419495533183234,0.36041374513039426,0.5856215261997748,0.5184542621898092,0.47783251080826356,0.5419040220082785,0.4304836235016525,0.7434766806177453,0.5275631213048662,0.5581255063585027,0.7250023252615849,0.5980800422640835,0.8332326739912786,0.8126873174475432,0.7176261768610919,0.7959411589044174,0.7582566079410888
286,1.026897595547282,1.0157384468820645,0.9445803315298702,1.045611411771834,1.0177834434213024,0.8390365365219874,0.7885402291632446,0.7400945921931396,0.841237749898667,0.7613941525520572,0.6304131723334416,0.5531789949003286,0.5192759216686911,0.5340553341126842,0.5710095219376131,0.48083262786136904,0.4080529161993586,0.2762222076073558,0.4109919455564123,0.38624734852292447,0.5324762799337395,0.4706146310343322,0.4613520244605638,0.5326698596774287,0.46920866508977005,0.806395333083892,0.5253738125120258,0.5341640379100983,0.7772360352044532,0.6464472168940651,0.9241802051020509,0.8434243291381389,0.6814123288058269,0.8213612931319183,0.7832941023814655
287,1.0919621412696743,1.0454101512660063,0.9715015909953413,1.1405211399422601,0.9681561342415403,0.7875177148036892,0.7857526252229041,0.8165339838026685,0.9118094260413812,0.7898960594658484,0.6061065541860189,0.5714651455715426,0.5795198066315914,0.5904677783595753,0.6040769991304185,0.47650512518547455,0.42545692538003155,0.36348427882054296,0.40166371164598824,0.4189103375575583,0.5638490768814008,0.4779366716488702,0.4868651598697433,0.5300651215033226,0.4796044152152066,0.7046547305813067,0.49763113676857484,0.6287883670030784,0.7047125683794588,0.7058574733459004,0.8372512119477629,0.7910713778962213,0.8662551041497764,0.8472343936536011,0.8502566309074071
288,1.1092611118704634,1.0440871047079918,1.0304294046550089,1.1513515243356078,0.9047406939813817,0.816801861151013,0.8948127193143509,0.7992926310701749,0.8329314579912057,0.7113039939333086,0.5754507022102944,0.5850984598322423,0.5795911351691452,0.49464488734505047,0.528284668466686,0.4798894552363253,0.44490799835043465,0.33810577261750663,0.44423082338832287,0.3715879139721742,0.5789150167132434,0.501688777218933,0.5148773704027062,0.5239346492519047,0.46467144288695844,0.7124874994601624,0.559835831725392,0.5487014117681397,0.7648098405059791,0.6312799155240003,0.8025693820500145,0.846993119554832,0.827916436468817,0.8820861844525318,0.7431776175151816
289,1.0921173408540306,1.001470986967433,1.0719910294808732,1.2024176400141617,0.9947679613755445,0.845870562727081,0.7672918321728568,0.8001232951652086,0.8693312234123278,0.8114277555420213,0.5915157260634681,0.520152736592485,0.5902956606836446,0.5193626920908827,0.5312504227383203,0.46926294673980773,0.41458201330853717,0.3392260063921174,0.42048227565937674,0.4183176260954622,0.540552798563244,0.5200626218463145,0.5667420054503309,0.5638943202149818,0.5308817468753957,0.7780171469430224,0.40990594393059554,0.6716466390127391,0.7933846463758152,0.6191137638470657,0.882158634102004,0.7651508813600528,0.7869060111076568,0.8837565838866834,0.8950765799915296
290,1.0573620227199143,1.0301178876906898,1.1319548557735377,1.1300693567051012,1.0921336147540226,0.7487736302868734,0.7435783124275628,0.8440117699211069,0.8772107993171459,0.8140813524288606,0.5685057624487877,0.5576818203127484,0.6580822823766872,0.5476135780817526,0.5580186348102071,0.40027861945117826,0.4263333515420241,0.3929673636199589,0.433846490890771,0.42033268281880687,0.5264854958415837,0.5071510212242037,0.5755763804550122,0.5671708151456152,0.5586671157894266,0.7217044665160897,0.47578478215615816,0.6544497465511356,0.7446932344056395,0.6882450308714769,0.8423582961507678,0.8124187218286982,0.8024093384737532,0.9029814906693093,0.7927216286047305
291,1.0555203260740333,1.020992629253313,1.0485098569401907,1.0528353963344204,1.040787829314185,0.7711480168294175,0.8325766243260965,0.7883836770715041,0.816448280023176,0.8333110996849357,0.5774278669228124,0.6048542933128535,0.5831696755392655,0.5443046255947104,0.5753077765441761,0.4221341329485431,0.456336575685849,0.3385892049417052,0.4087945453900135,0.39461530030860914,0.5817118169507003,0.5721798186946023,0.523683480314536,0.511967496960887,0.5467469226278017,0.7357025235155673,0.49889124172183996,0.605880912352927,0.7691303317234031,0.6529345422334368,0.8480560304590812,0.931351291041214,0.6654151847362527,0.8145247844127231,0.7869507352701313
292,1.0954940582049213,1.0868746275014551,1.054240970528692,1.158998026531754,0.979339459785572,0.7721892665814869,0.8072836733916542,0.9268502103906036,0.8291324943640841,0.8079245746551211,0.5919724711783976,0.6290933260811233,0.6284294036311261,0.5578465778974891,0.550869653448522,0.43178682743607866,0.4435302026885221,0.44476016083258607,0.42332921091355236,0.33581053243161985,0.5188840449515536,0.5078070376273538,0.5563289765993955,0.5495336440459635,0.4567231384126663,0.69219595001426,0.5016061078544116,0.6033106684100845,0.7292823191180724,0.6976420800723759,0.9010233053221982,0.8913955814987825,0.8270765501751867,0.8695747169644421,0.7780047654560074
293,1.0575866441223007,1.0923214120611637,0.9282732424918299,1.1508532346477245,1.0535885868799155,0.7566313339484979,0.8511175685470669,0.7491198133011501,0.8313223700766754,0.872408295653293,0.5552981160331967,0.5922506823343648,0.5001673008017304,0.5924958303824059,0.5678908820223301,0.377637460056902,0.4183200245015489,0.33054397210500397,0.44608334802308625,0.39412241235062895,0.5246055805603739,0.514002997303285,0.4559504167308766,0.5368250798456586,0.5323745835839327,0.7070164777112863,0.5302183270225379,0.5502916667530124,0.7275458104888921,0.6241489096476683,0.8024733778290054,0.8321659660066866,0.7211633762508731,0.8492532665070646,0.826511681643594
294,1.072954217284114,1.0498334220205883,1.0493969260627836,1.1829182210635034,1.1226523684653515,0.7289300313365852,0.8227714296455637,0.8101815565378443,0.9000098562900417,0.7935260888889965,0.5679541881118438,0.5892368361112281,0.607910799465101,0.6462233008432726,0.5202579869053756,0.44480078178388427,0.43821663421102697,0.39870760399929184,0.448750583362542,0.4155296831035946,0.5118484393479215,0.5058831739683914,0.5814090203174407,0.5261708614644041,0.5948562516100645,0.7285713006631275,0.6108890041344804,0.6147755006611966,0.7581283813078161,0.6395533858725974,0.739059637825944,0.8535171946239097,0.8315447678134407,0.8748781019427974,0.8370129658933134
295,1.1259141455769854,1.096374312867792,1.095758290835159,1.201352847114492,0.9710146819551589,0.8317345759933692,0.8692365214816371,0.8573214867130416,0.8636415439816918,0.786034355367377,0.5721402011844194,0.5966655373511517,0.5887664147184399,0.5595510083427675,0.557406670988346,0.44985271085352946,0.42870637532956735,0.35643511827926366,0.5045919803516614,0.3568774469987557,0.5593704687619996,0.47766165549237,0.5389508514086239,0.542877726137313,0.5025412814177777,0.7742576396232825,0.5316897640502145,0.5808460112366028,0.7947533417555894,0.626665233068412,0.8205250312234826,0.8694178687075236,0.825081440032281,0.8999850986112141,0.9171278841606483
296,1.0082091893596328,1.046612651793661,1.0001765599370511,1.1703376143314803,1.0450006866406252,0.7165256214066908,0.777770735569494,0.776780961647386,0.9267052738358716,0.8435639949650748,0.5123309257358126,0.5565074046321699,0.5192754542966393,0.6054827268926646,0.5637132408996984,0.3754867626810722,0.3967283522634142,0.3011737767794188,0.4966295237518942,0.38928288217924223,0.45103568833024155,0.47335206105561545,0.4782684494207886,0.586569558939152,0.5269892212535345,0.6724340416816177,0.5164364865364338,0.5123116507213243,0.7817084277054697,0.6957829964012119,0.8085710592031474,0.8300979259667909,0.7890693495534962,0.9564951732226659,0.8899618524046854
297,1.181021198894185,1.0674319997213388,1.0270727861573552,1.1334424516848798,1.0282969267284532,0.7544913271985392,0.770652968528801,0.7834026808162363,0.8850366778561112,0.7490414600339994,0.6065149706436033,0.5718116597981117,0.5473899733202691,0.6027456135180923,0.5701880507917672,0.45197667605167685,0.40493908887735863,0.36757775485846855,0.4676330928019897,0.4218616685890877,0.5699641791153288,0.5097738029804867,0.5247160176544915,0.6311535468426226,0.5612127075467722,0.6953797621846132,0.5399183201198363,0.6638959405547338,0.7942511844017367,0.6370714935542239,0.8641470457769886,0.7599039073397859,0.7392079919888914,0.9555871486432882,0.8704090186317779
298,1.0344909024969895,1.0124928708360779,1.1382297495532177,1.0360247587477973,1.0381579565611154,0.7357574307931771,0.8035701618642596,0.7711002673166274,0.8389580047129489,0.8358263525763514,0.5749638243213201,0.606457216514799,0.5651442444805161,0.5700312666075664,0.6060648798601278,0.3879113148842749,0.44161635576573965,0.3549661748073779,0.4627058146324834,0.39833036155002016,0.5208833230086847,0.4814376923628965,0.5461073043929549,0.5566151703580602,0.5594180734838661,0.6916289430306517,0.5720950227025213,0.5641119847875513,0.7501970088683428,0.7100867722192465,0.7540384635906099,0.8146187411290511,0.808479908020949,0.8295732021580152,0.8449878561652655
299,1.0565070428304923,1.0476175808204409,1.053043882002762,1.043013667420904,0.98124916164395,0.7795419896921452,0.8128447733688401,0.8014819581824448,0.8894560458863318,0.7105179944383249,0.5405022410404772,0.5732660349407926,0.6061215917940675,0.5200818873799233,0.5324097192832119,0.410095916807359,0.43276867595916735,0.363435168464435,0.47357858305406175,0.36319752564413804,0.5393956202377701,0.5097271313361607,0.5731106260092685,0.5643566550890206,0.5282255566603025,0.7520804991398499,0.5858428354691805,0.5723534773533123,0.73102972712887,0.5935778459099094,0.8950060024887565,0.8496697772258436,0.8086136928544524,0.8803847400735845,0.7710763772277407
300,1.1503124971180032,1.051685430753231,1.0539885189199298,1.1061167147083382,1.1850310029492772,0.8543594004222808,0.79452711116208,0.7918311908050348,0.8659928152324776,0.7936978110831965,0.5988434312615372,0.608025361308165,0.5583816742500223,0.5802572872603265,0.6127464641130455,0.4780991054773381,0.3901538712746049,0.34800981314531815,0.44671502289945886,0.4199570842981689,0.5873518699128133,0.49496654087196607,0.562950499461083,0.6141871253085607,0.5854917547119411,0.753929026695108,0.584079647967486,0.6507285836811667,0.7598560822521552,0.710293987712437,0.8046606995647257,0.7931221614699511,0.8366067822240226,0.9400261949229852,0.77383526355637
301,1.089033854755522,1.0095403387598239,0.9822144203906319,1.0409066819973245,1.0665440860762203,0.8104379821609793,0.6994124820214996,0.7363318965236576,0.8795144486497175,0.8291607373030143,0.5664602891015671,0.5692079608198494,0.4941772150355881,0.5585245173651926,0.5909279187565717,0.41077268538931766,0.41530171503885094,0.29625651853692775,0.39796488190133206,0.43582844403790244,0.5124568053473011,0.47189720894539333,0.45747134773831066,0.5930353100569282,0.5732956313315577,0.8379933233920678,0.5334369943616096,0.5370738576731735,0.7590502894696973,0.6722258154551404,0.9087756596647001,0.8207678753403744,0.6923777772288933,0.9343551180566435,0.7803478647582391
302,1.0683816466634037,1.0709582740091683,1.0486377605943564,0.9415757753859381,1.0913397991191434,0.8454285004151438,0.7895611046151032,0.8460993579458731,0.7684832854128629,0.8357558833347161,0.6027370624638192,0.5708347568097909,0.6186998598601194,0.5163545676995107,0.5638445163659045,0.44320035640335287,0.4305137772819574,0.36707279766354467,0.382266375608791,0.4386166321074424,0.5707294079633785,0.5038988048278672,0.5580782457501094,0.48410858615195895,0.5359766744867812,0.8317523283444409,0.5035162937598704,0.6523004902076122,0.7082045040443983,0.6905478733850612,0.8440329268159822,0.8121334357878736,0.7448378916735932,0.8014093598443537,0.8193080552019856
303,1.0687267214731935,0.9919202189431493,1.0902143437937257,1.0878299760539971,1.0717202863438513,0.8173263602379028,0.7327342232931119,0.7687207806214971,0.8451970796714741,0.769735681136207,0.5676131148569008,0.5752963426643869,0.614274633309265,0.5849977754487073,0.5398100147195752,0.45803895396201844,0.4258927198980942,0.31502721234202224,0.47908136278293895,0.4103403951692798,0.5322675403975284,0.48235840161708826,0.4967635387217265,0.5045310683029454,0.5493629858987951,0.7801015055519209,0.5733663390186685,0.49355758284293905,0.8167677992187105,0.6559220977498164,0.78401916453536,0.7599711465465614,0.8140301222442445,0.8688834986836831,0.8103482305406102
304,0.9638474743917677,1.0835838646314935,1.098362909431123,1.057580768850547,0.9974634984420098,0.6897755762870363,0.8285957429666924,0.8410561156593472,0.8437454796825674,0.8008297887923398,0.5007869526525931,0.6147900801014203,0.6534948306450782,0.6071446955633777,0.5114446387823608,0.3461719030423992,0.42906793310392244,0.34103850840729066,0.3894051695905095,0.35344705234152984,0.47146780799117816,0.5522993503277469,0.5146308980142575,0.5237525836803274,0.5294982318612099,0.6649334579944167,0.6511286691900482,0.569827813087118,0.7415534379240215,0.5779859256216462,0.6411096585691964,0.8414296191476157,0.88366170320999,0.8297319086236428,0.7588497465190005
305,1.1020107455911659,1.0146658255751388,1.0671217369582795,0.992131833096777,1.1308927382092038,0.7944614301226909,0.7375382394412188,0.8039990738423226,0.8303927483047072,0.7751967653119554,0.5735912260186529,0.5158964393290797,0.5741293700542864,0.562355248682277,0.5889647651831491,0.413444700647825,0.3637753295338402,0.322830720607696,0.364448463898412,0.421886987663484,0.5507164857566071,0.4910731622881283,0.5443379715703547,0.5282691227468698,0.6220551828671765,0.692185584656499,0.5277843769206056,0.5710414422308148,0.75157968553404,0.7039936292230661,0.7352136642230808,0.8077334644539085,0.7500395457946644,0.8917023336140788,0.8541966851773144
306,1.0429677314843528,1.061982312126423,1.111558020066213,1.0727694627243416,1.058597007098297,0.8311974399916118,0.8518638495029258,0.7953145849936338,0.8297776345714396,0.830584725821097,0.5942709148534212,0.6130651090323642,0.5517562405991958,0.5666564648596955,0.6137866993153573,0.44158352098027204,0.4248542119007109,0.34264450136804997,0.38142567748967476,0.4122347447469855,0.5860856171226787,0.5073686455478663,0.4875167666498843,0.567716753937459,0.5590850689052888,0.747212488590657,0.601201546370983,0.6222109207907176,0.7329781622501793,0.6359604769200888,0.7686569862480231,0.8065382567511702,0.8176488192387381,0.872730173801564,0.7750136318912468
307,1.0934729971700077,1.0008284333663924,1.1666367815892333,1.0556643911683667,1.160530653492772,0.8653540164698174,0.8104862487181611,0.814531664589902,0.8257154853955813,0.793541653433664,0.5833275559990494,0.5679136932996176,0.62829240590656,0.5912599715028,0.5777951643108636,0.4071020333664391,0.34929201359366074,0.34441011458641324,0.3814726275393951,0.39544356853852136,0.5257895455099546,0.4596133994762193,0.5795897478736852,0.5320442721173377,0.6203960146566444,0.7201660437865164,0.528400224953786,0.6546256308403715,0.7012775107063782,0.69017123216026,0.8370251384924912,0.7944248753690649,0.9012528042655795,0.8733869749489944,0.8352394406095104
308,1.0707638774932648,1.062528318253994,1.0910007077308186,1.007268888435728,0.9902831645242773,0.8144079999331302,0.8692674157711349,0.806704827712559,0.8113221088653875,0.7350154156741948,0.5695104846842947,0.5734427641935627,0.6371857848217948,0.5532282476019985,0.5728402419000744,0.44753905513636516,0.3777255790146218,0.33580332794419,0.39262516140462966,0.3168269237925438,0.5055350214353493,0.5661197194841854,0.4860935990156548,0.4956211837560578,0.5700044123252956,0.7574310142438383,0.5993602716319917,0.5368677238977193,0.7330750985445211,0.6342611526516333,0.7906082987116521,0.7974061756739941,0.7772411099799937,0.8619851754605616,0.6873180987804601
309,1.0121078128611225,1.1484153291270562,1.1759631014113392,1.1325817288116573,1.0648514129885647,0.8085278694523388,0.93466797078457,0.9159127605859969,0.8386025925683648,0.7967531077300063,0.5412842650073917,0.6058967906888664,0.7087291513940253,0.6039150765966181,0.603277382314059,0.36431372112957894,0.43772253370452896,0.4187477199056396,0.45360798333998775,0.3782837998245451,0.48338053478936716,0.5795571512697972,0.5970466755365331,0.5588545537634665,0.5918182167162992,0.706820241036775,0.6902192878247586,0.686446261965319,0.7591145412225192,0.6925701070626559,0.7772865766915749,0.8587811016364194,0.9481482106451622,0.8854262468818419,0.7475695548400024
310,1.0400277943670755,1.101001343139039,1.0413255258034877,1.0397819198005345,0.9048219656514443,0.8141051909594126,0.8229245368083167,0.8218137542409076,0.8039005992779065,0.7457104616387487,0.5347488396659401,0.561803414551606,0.541507071553785,0.5609154269550305,0.5083660876731998,0.41271969057369023,0.379150842815266,0.3718291626770964,0.3767485286249216,0.3615416918107,0.5162265093591729,0.5288984038352176,0.5272526870030807,0.5367799007875067,0.5333780290305032,0.7407533768450048,0.6461717099502365,0.6133726104467313,0.7377889983712768,0.6331914755815351,0.750429497690505,0.7720651772141776,0.8119973427570942,0.8137826594016364,0.7002418527339791
311,1.1222244643872687,1.1284299115528387,1.1179009240713351,1.0699764730709849,0.9721433705615221,0.8138080628300839,0.8497807705691605,0.8436199930524355,0.8364900973833603,0.7220233226168089,0.6060608961167235,0.5919524513798692,0.6193215395128744,0.5534900790105646,0.5496394525998917,0.4294681127425286,0.429970231900455,0.35161390809398096,0.36849949479868627,0.39326061851409144,0.5294552391314036,0.6045337230425931,0.5366939648953868,0.5411879434297536,0.5869019506110842,0.8102157495521269,0.726410875520546,0.5757739991186448,0.7206829318535473,0.6424759419660063,0.8255753890585444,0.815105048770578,0.8156368902209553,0.8333707816719187,0.7919101133100694
312,1.1292908715748258,1.0537701166435958,1.0785025002086122,0.9664867262822566,1.0065652757090606,0.8263303778611177,0.7926472108858598,0.8124159529657636,0.78673097579265,0.8309921031285703,0.5305629236956423,0.5880513566765786,0.5834721726598663,0.5486479103972407,0.5579872547349299,0.43049524336296546,0.4074955859867807,0.35945614931642034,0.3517146606285493,0.3674918384461535,0.5158324172480788,0.5016225011787196,0.44412390325392215,0.5044358989852098,0.5260634918519409,0.7280153033328678,0.6723424064879446,0.5547994362379698,0.6845771862331931,0.6736710593272848,0.7689923644077159,0.8630668638031294,0.8354553979528421,0.8290592892470792,0.8028377080482083
313,1.0727547191182656,1.0532959029843911,1.1701590777955144,1.0425232398576032,0.9200336834722973,0.7735486050414926,0.8326230015427714,0.8271384788701702,0.8339536716124865,0.767479786172806,0.6027288808892126,0.5547633322635349,0.586577582904827,0.5282033686689218,0.5637325152766552,0.3827120070776017,0.3779419974549978,0.352181841455324,0.38191903069787003,0.35143961063409246,0.4979531915141528,0.47978626893348464,0.5616152228885474,0.5078531427542959,0.5455513324768902,0.6945331365204872,0.6236090872767258,0.5736747598042409,0.7134756450703894,0.6829365140450884,0.7973522592268613,0.7998732661305449,0.8042290266073062,0.8963266519567996,0.7936740707908677
314,1.1370573271225297,1.1549384949309733,1.07691751855663,1.038840966458553,1.0017011182180464,0.8361217347516401,0.82801382327772,0.8156790480738232,0.831732582332874,0.7985547247697697,0.6011013147266565,0.6237629770700259,0.5683105055121819,0.5177986132617041,0.5817626067212782,0.4437022351392951,0.4155307514224907,0.28281517452495053,0.3205086705128583,0.3838511075712645,0.48511527406130533,0.5509976684150841,0.5238406946044925,0.5110348843932819,0.5450730936925512,0.7274892343433508,0.6595398766637648,0.49784723760956257,0.6756284903024541,0.6657292150283192,0.8784272663422932,0.841114077598247,0.7232596869929505,0.8344992883449924,0.719737972025165
315,1.070826962992548,1.0772578039877745,1.081865633100226,1.147503818977551,1.1359653826601193,0.8577139674759355,0.8346688866770074,0.8807645523245061,0.9094560516008543,0.8555261159828036,0.6116461687120327,0.5459380889572298,0.5917854864580311,0.5973582343035229,0.6163396654027412,0.41886734038671464,0.42116324656255566,0.33417565312913866,0.4082120301845933,0.38788694685058345,0.5010899980244414,0.5073251619102711,0.5226211504310293,0.6104882677101824,0.6052724714905441,0.76733553807238,0.7178776231215576,0.5408705492712137,0.8027669972878044,0.749326054443507,0.8450015841172592,0.8200010277130036,0.7490632131859629,0.9105970797298497,0.7900949256591155
316,0.9802302617557342,1.0937433144422717,1.06197452799507,1.0178950204021922,0.9976745545426017,0.7282838731968866,0.8096175833836207,0.7762100518277198,0.8255058252351581,0.7754621438067659,0.508910076035129,0.5654537625259222,0.5511844966217965,0.511263626588365,0.5752875152307388,0.34901900169324807,0.3855336200733507,0.29968764426820194,0.31720430976738656,0.3596708754373805,0.46375805758391336,0.4971239270767993,0.5185698491711883,0.5214228545392261,0.5749043367674407,0.6960802835211379,0.724033250047422,0.5024159024696131,0.6966078552986064,0.6135433700989192,0.8021897822791186,0.7394700038195241,0.7411737876264489,0.8297866408042445,0.6566463005660595
317,1.0293293221427333,0.934030235447669,1.160169541650404,1.0519234961296688,0.9447129834262473,0.7907807869710546,0.7736766577119346,0.8355418232744694,0.8575348155899358,0.8182892048974522,0.5166559153128636,0.5674640538110831,0.593629192420572,0.5638352531767628,0.5972535425732608,0.35603606977068125,0.33144585597645704,0.34508881007498493,0.350073607994588,0.3876758803914694,0.45188348950942475,0.4061232369284471,0.5268578346890601,0.5444449383895957,0.5999153395481205,0.7627333332783528,0.6719619963313357,0.535533805807308,0.7559656914531512,0.6857551553091064,0.7012071611383779,0.7794545944295048,0.7995663919009811,0.8776704090101801,0.7451624293039676
318,1.1402407381881967,1.0087279538823144,1.102482628135446,1.0536949690963577,1.158585631429507,0.8511373210802118,0.7991330980366517,0.7826859978427064,0.8461402558141439,0.8231344552790687,0.5869184767224171,0.5723978174470046,0.6276443291096334,0.5156109108754704,0.6247295293020592,0.4238509163177188,0.41981114828611,0.33685529651944174,0.34267488418386616,0.3861689941731077,0.4738771721069993,0.4484690369929745,0.5165214828004895,0.5218560489116814,0.6336419159487763,0.688395110358972,0.7089018820451298,0.5205152711838066,0.6707672013112171,0.78385947814126,0.8730949732543207,0.821106166072693,0.7713078342499287,0.8747226237539588,0.8609189348385885
319,1.1374796472822428,1.105684072162441,1.0116745910862792,1.0473331141301905,1.0637549621717977,0.8646867158702697,0.7523425158876789,0.7738263157738373,0.8335559240605817,0.7741326305119691,0.6250054405251708,0.5403422713070276,0.588287837083235,0.5282717739269631,0.5783387246883412,0.4463169052336986,0.4205004336733121,0.3395762681093121,0.3642305459657201,0.3642587798790007,0.49891044619003,0.49783172776012724,0.5388590413503573,0.5806743138269566,0.5367792941563078,0.8261003916275698,0.6809928357475794,0.47175724551865833,0.7978526162486876,0.692613110106585,0.8067090846006821,0.8121265762895468,0.7889525407461593,0.860302941398206,0.7721185303529551
320,1.0590606304290904,1.0709474685407003,1.1307486326490654,1.1292141243576777,1.0013814495149829,0.7827254927931747,0.7432950331936649,0.8495445851582406,0.9184578243078172,0.7479617780727457,0.537756251402784,0.5461063447700119,0.6213252387468039,0.5405969105269834,0.6053168081879012,0.40299352256783944,0.4041168575954704,0.34877726252276064,0.3847322534604441,0.35694248605918744,0.46902466065546167,0.5408252579916819,0.5213534896563535,0.5805463032344401,0.5638535141760443,0.6704796469184661,0.6737846751777274,0.520261428967679,0.779474821246107,0.7260384089906733,0.7744591120328673,0.8339011983433868,0.8176585430990708,0.8693307217799553,0.7523572437128458
321,1.071949905524077,1.085150968190099,1.0993303902313225,1.0960103277404403,1.0464136118192784,0.7995049960463997,0.8136626227252187,0.7855583287796755,0.85208201581219,0.7605805099454197,0.5718219937351672,0.6201124208286231,0.56608923184034,0.5922801587010806,0.5107493872699713,0.39846733438517934,0.4477888972811207,0.30831000763703575,0.42506877192152076,0.3410920223217092,0.4585642611894166,0.5174168987352075,0.5186667696156527,0.5726741729107695,0.5163205515873732,0.6585250176444133,0.7344194128569633,0.5524434842182491,0.7070958209545065,0.6513395789955394,0.8070445549961751,0.8377573479666086,0.7939281784061781,0.8511374990703324,0.825496373988908
322,1.0484219331199238,1.0578793200658247,1.124784045644318,1.1061146340264414,1.1053570818877634,0.8358515546540674,0.7399684228470553,0.8264951298762255,0.8755144729534522,0.8278383626515811,0.5444003819425637,0.5306360032851858,0.5580642195637382,0.596068644116824,0.5331105345482157,0.4486791474507545,0.3894593971866265,0.4120952071987664,0.35689117051590385,0.38045409727931023,0.5250662963854016,0.5281072288397242,0.5341649800277919,0.5960815031491258,0.4877205722054027,0.7059836350732821,0.6772726401195341,0.5652845850075277,0.7810469271172195,0.7036145221384739,0.7928777184752527,0.7844062963405718,0.8367120650514628,0.875640632340666,0.8454460459880913
323,1.097048942396436,1.069762416391458,1.0314294931305095,0.9860854575111209,1.1168469813822663,0.8795392211999387,0.7809671182540134,0.8061135246581077,0.8098536617432274,0.7935945771909726,0.5727125103556282,0.578254738537662,0.5958359750692839,0.5828315430337341,0.5823390991584553,0.44697390967072526,0.4098788941710392,0.32345356587396124,0.36968344477678106,0.3451056419936673,0.5352730318239368,0.536997980586174,0.5215558165001337,0.5546184146024795,0.5635425750667686,0.7331305188447994,0.6896351704024726,0.599973605797353,0.6594443246790447,0.6982324400826234,0.7841444984401031,0.8165813904335646,0.7749274198879214,0.8305834966596786,0.7562141855554495
324,0.9734537074445205,1.0906795119236938,0.9836563251168359,1.0748029406875408,1.0225514812383452,0.7783248289171256,0.7582405944335562,0.7400317513646133,0.8172403611659681,0.767951719685982,0.506542826675912,0.5838177444013875,0.5592334985975416,0.559311222261043,0.5054028260517477,0.4137420404752816,0.4023909448232661,0.3227861379152559,0.33686468201107733,0.34849711093266944,0.4889350126187737,0.5217184675896354,0.4374781602805635,0.538738442531127,0.5095000529416951,0.6963491488261516,0.6791058488314232,0.56833110382235,0.680113783231175,0.6493238468040935,0.7439209830969753,0.8097008750451575,0.7849023167822564,0.8076450632739763,0.7730832876582596
325,1.1470989313840518,1.0948538988765515,1.055177323487135,1.067874815074713,1.0571891329279457,0.9271876911461079,0.7797016722285376,0.7949917949459935,0.856340203700668,0.7977223462749603,0.624471206113974,0.5631828746119752,0.5696313381385827,0.5489475721795887,0.5895811845135818,0.47364722849054297,0.3548440343717376,0.3512111824425994,0.35048850424059164,0.36948717342896925,0.5908804773347787,0.4689569241059991,0.520252872478968,0.5155498445459017,0.5692822227548859,0.7396265128587616,0.6592945937062269,0.5603319595602454,0.6863778352108866,0.6569236060513594,0.8509679778612003,0.8136529820813592,0.7660738055925579,0.872732548710475,0.7901471376819914
326,1.1073460154706232,1.0749409296180814,1.1201074821651318,1.101454913523119,1.04490431136345,0.8781215849156452,0.7898238659092938,0.8628028827150858,0.8566259068455346,0.789297954908419,0.5993711236835665,0.5417650502802261,0.6056351506936576,0.5958037611530724,0.5074328169422029,0.47258044537756205,0.3800700312402989,0.3816735042784724,0.38595809903861317,0.32495429821010335,0.590776617941383,0.4736520756335395,0.5155030886120924,0.5311467915458511,0.5588811040658317,0.7278267689876998,0.6601036511161154,0.6043064448375842,0.6280715404032438,0.6500079382445692,0.8128967483808807,0.8113824036329897,0.8558313600012095,0.8446861460539187,0.7946424219049235
327,1.0380211884319328,1.0323239733554055,1.0957652373263747,1.118032680940463,1.0652854098861537,0.8270780861039467,0.7238690641692471,0.7830031672856923,0.9060778982853583,0.8091094221954047,0.5744011078472094,0.5263361317665165,0.5863985027755666,0.5922193986568569,0.5627081283361876,0.4113737435054417,0.3394477442438313,0.34241528013990596,0.3444476935693672,0.3438879972031117,0.5141185667501798,0.5306149086395113,0.5307875402302968,0.5581422185067132,0.582219185107684,0.6477884718197708,0.6690350687991615,0.5772935312040548,0.7344857656146974,0.6868023177569732,0.8009689839081592,0.7914943499495715,0.8719811283271741,0.8741446905984042,0.7293686260927289
328,1.1311789094362,1.1103338921623824,1.044919739565892,1.040966374537029,0.9418546857090867,0.8387301182646929,0.8090518583159307,0.7361008699804217,0.8012166859988379,0.7576432019535179,0.615724618477432,0.5542376748404935,0.5515710793194653,0.5006296396940324,0.505954301718621,0.4726750073236147,0.40427089570985664,0.3300058587562511,0.296937620915813,0.33573229213570754,0.5423532533268951,0.5325138335837145,0.5298526875348688,0.5015445260234306,0.48826097353582515,0.7413734579434366,0.7514486963366448,0.616172393228035,0.6766988080239251,0.5804602768800964,0.8700132076017287,0.8973053654732542,0.8847785466425075,0.8169122957304529,0.6775759541102557
329,1.0311036468561972,1.0156298612373007,1.1069844249491045,1.103160187023541,1.109985531773103,0.7746826807282817,0.7749684505314242,0.7562198572101522,0.8809423189728568,0.796860091543057,0.5739557644667719,0.5293316017648374,0.5970175494292251,0.5321105516697819,0.5760769785860156,0.37871347406866285,0.3536543374920474,0.3511092451017798,0.36866086031128575,0.3753566297627543,0.4618893538790564,0.46710493425491745,0.4971185921922108,0.5471782250752484,0.5901634359269741,0.6547893476233649,0.6251597600524426,0.6508501434304707,0.6594976922996337,0.6489225098804962,0.7726283427443326,0.7890349261512404,0.9138029054583041,0.8356496116109678,0.8226195786014671
330,1.0253397693502808,1.1323671027549442,0.9784502976588783,1.1473560906580516,1.0978724728279827,0.8034848138000165,0.7823581021724857,0.7145006200132575,0.8732932794700043,0.7743486680495764,0.5553603559886806,0.5450783879475711,0.512569278022422,0.5681325653170045,0.5660581205768858,0.41334400217475264,0.364847586271427,0.2794581838092453,0.3993595877234187,0.36059850201710986,0.5048109481552955,0.5116435462080573,0.4302409029911157,0.519370418432711,0.5755142457031948,0.7165258763894515,0.6531169492310192,0.5387558952509304,0.680789794167733,0.7052095879720537,0.7075173593761872,0.790343536022214,0.8113535596442174,0.9379132181494987,0.7692561355054556
331,1.013689128802328,1.1282211231077621,0.9625051400957989,1.1447759381463152,1.1150261358426028,0.7644607051463992,0.8203378079678301,0.7457010132984694,0.8064886689300026,0.842964771776241,0.5536118867100679,0.602177371806246,0.5888705730065971,0.5620860716197289,0.5603603510403526,0.37470394844025384,0.3661846275802788,0.3148234767271181,0.3764406923782812,0.41346786833279936,0.46937408325206176,0.6158625553486586,0.5331307723931967,0.5308143566140103,0.6016938134306007,0.6611815928184718,0.7460900678242792,0.5433728488848178,0.6313331476135493,0.6464876735428997,0.8089122589734943,0.8367857960330958,0.7505837520789094,0.838792171587667,0.8214489955683625
332,1.1087389864106614,1.0385577047834167,1.088289973942921,1.1883797911481817,1.046556385018944,0.8831551035622365,0.665587591369742,0.830856872215531,0.873971370968436,0.783300449437949,0.5856037459197576,0.5479984833930788,0.6397685324603725,0.5301591484010657,0.4830150255488692,0.43147531995551036,0.3765009771008707,0.3529093931776558,0.39915441834649196,0.3568433598543923,0.5458389151558403,0.47898269628697676,0.5611625932413378,0.5721209408956278,0.5728414787546798,0.6762931563176997,0.6026945671433874,0.6019258604262993,0.6857528267862422,0.6328106353924856,0.724731633395972,0.7606945988760294,0.8739641228734524,0.9008377009926287,0.6896168957041111
333,0.9467009990237186,1.0803541272210135,0.9935490313892766,1.10620148216432,0.9840386082829711,0.7533211286172982,0.7365079148616489,0.7523753165868691,0.8244871771287137,0.7484218494436157,0.5136232095397493,0.5449409375508993,0.5232260691912878,0.4979527559375617,0.5163273905559427,0.39446509003359503,0.381997952278656,0.2623814487759656,0.36144583655538653,0.31659541614996795,0.4686217824791321,0.5512889582648066,0.45369850087169217,0.5175789364940026,0.46805794409260837,0.5826389401466087,0.6903663258908279,0.556353715438894,0.7077232107055508,0.553862452873622,0.7061519416078744,0.8400431389648982,0.8367453621324061,0.8838941604755757,0.7250998909880503
334,1.0793588222774613,0.9754402302728484,1.0313848541532549,1.128425182119806,0.9223475057989713,0.8010546816051881,0.6574582274273455,0.7846044947779307,0.818655469547843,0.7052056643545433,0.5963742879686378,0.5314845339336247,0.5812197718134475,0.5170575147775316,0.5036322992756747,0.42370094951535103,0.35246449534152924,0.31043828938786566,0.39625674691924107,0.34583699242212,0.5709132970717583,0.4871888301955083,0.4486856775170135,0.48984331558192534,0.4891170753413979,0.7352283812238487,0.5714058724284816,0.5599723284778073,0.6061478454128162,0.5866775047901025,0.7396748893339914,0.7607441653145046,0.8200290273361946,0.8584918463905934,0.7637949733988083
335,1.133210787009305,0.9931073420340166,1.1579034501525984,1.1629455680364165,1.0954320608002046,0.8443462368816548,0.7479453047004261,0.8087519020529288,0.9438388931646837,0.7906379152259939,0.6310923629204145,0.5246246226039758,0.6034843314818634,0.5712876305270611,0.5380022959736671,0.4435832958232747,0.38870168859344434,0.3520861638255479,0.37839785124684255,0.3383731798630607,0.4980787887899881,0.6001931486732895,0.4886832913684832,0.5534876737211221,0.5515591247380272,0.7915206093926641,0.6151465109581682,0.5870481131779361,0.6963882753194103,0.654514616164261,0.7705314566049659,0.7504967688808495,0.8867688101522183,0.9149576246331741,0.8305597733745618
336,1.0765860298285,1.1768610407551716,0.9840601329150896,1.1663396247572861,0.9771676966029017,0.8059346867125199,0.7670859966763297,0.7835891139965145,0.8573284769075697,0.7516793105480066,0.60513090454688,0.6233765454683842,0.5341901765665551,0.5007243853745339,0.5239869985024339,0.44785581541524055,0.466209854375903,0.2543333502057079,0.42884365427978566,0.3193271322325876,0.5698077175587484,0.5841458648964051,0.4351479635345422,0.5358052404955679,0.5008236352148597,0.7079698642701302,0.7090509625494673,0.5801268074187897,0.7207215226611698,0.539788062102043,0.7761436000809576,0.8656185930140738,0.7329125145901667,0.875813387692479,0.7753542620110552
337,1.2184675885819902,1.0368002174291426,1.0783902049696903,1.1274057256417067,1.0941889390975807,0.9240249156514301,0.6756990765627195,0.769950786838172,0.8716807992191639,0.7392359794115406,0.6543852855179191,0.5373394660649946,0.5308322574816253,0.5306852356112004,0.5395317235628031,0.4633737290837233,0.37602515883352317,0.2834669776367015,0.41601225767440586,0.38545337295598037,0.634820062177415,0.5180245021826653,0.43979999465657815,0.5666066022989632,0.5562195368264251,0.7799160762097994,0.5713782321791729,0.5591730691496379,0.7115994331997288,0.6164742959684177,0.813082381134251,0.7656129009360759,0.7932443455334236,0.8773604176234979,0.8311527183093571
338,1.2238998448901652,1.1046813074382618,1.0395154941136249,1.1041363874759291,1.0694744752559329,0.892619104849229,0.7284983020292158,0.7545550384856051,0.8879288368696009,0.8088390285136056,0.6093415501804117,0.5869712051565426,0.5059871311859596,0.5729114867799768,0.5630098942578686,0.4413090960531154,0.4162452319255359,0.2789055690853187,0.4354620754502542,0.36695293561776615,0.6002759625212097,0.5713486137620911,0.45105790443299604,0.5276873088794005,0.49721467237782546,0.7302714093851372,0.6702504706468337,0.5768627467034786,0.7066196238503633,0.6243830559616197,0.900187753272206,0.7798371080713371,0.9032370205594862,0.8769400923387474,0.7835842953669988
339,1.259771901472598,1.1143019755047225,1.0285194174233891,1.1211350505445246,0.9804188970191298,0.9289822294784282,0.762245984259784,0.7566181940620342,0.8894527101829439,0.7567709830695288,0.6387850030500943,0.5953197366023124,0.5495461048437732,0.5181889856876579,0.5089648952811456,0.4933011356986258,0.47166352731816585,0.3115301837077571,0.4069862237683428,0.321294091839336,0.6155282452491412,0.5874290330189306,0.4317675916346132,0.507922803637016,0.5410562122982645,0.8221783120988708,0.6499072881258121,0.5095519880602117,0.7561910604650723,0.6089109381847946,0.8949028345913672,0.8800861348514024,0.7646692615499211,0.8740058653397407,0.7194420588631486
340,1.0232609764844802,1.0731666775835105,1.1289241830062373,1.0322249215548471,0.9891530942657509,0.7887442752552447,0.7468204480757152,0.8084485005612163,0.811139821494981,0.7828026070023208,0.5341361838977956,0.5922077051843068,0.5720746932467098,0.46507962338776676,0.5207276433274121,0.4411210331177707,0.46655065687958996,0.3511465732927785,0.3294132541262701,0.38027034700782886,0.5907327206555133,0.5992062039708667,0.5219036045523233,0.4598515442946771,0.4892294673915268,0.6707225327295694,0.7399818779454518,0.5762482447058294,0.6430106827880778,0.5775989448743386,0.730055975141138,0.7852036432798231,0.819195761946198,0.8151695853933831,0.7652907270706466
341,1.2065745060118829,1.0490194136218949,1.0362671468942684,1.108795050539599,1.09408660945892,0.8943770155822137,0.7983088879524001,0.7811690105120981,0.7691162506737924,0.8075526839937449,0.6527152778316625,0.6127164323178498,0.5008209718975283,0.4739361042073831,0.5898335044173381,0.4739708929634742,0.40380028214097885,0.3094395183258455,0.36520276231043725,0.38581864949216094,0.6276758592246819,0.5358061108065879,0.5093533258669973,0.43144554883843783,0.5532329652646657,0.7752873063031475,0.6654007793044199,0.5347406887597626,0.6699726322517584,0.6018663961262436,0.9247667390418278,0.8790436544782162,0.804010088090696,0.8060733008238326,0.871074560054077
342,1.0528731400128457,0.9207003444943261,1.0687091516790046,1.090147187168603,1.133486928763068,0.8186454389021379,0.682387036059126,0.8157990901611277,0.8749307617095536,0.8136670008853173,0.6095639644359436,0.5239961045642818,0.5372333324531176,0.5080718211287404,0.5416348416826362,0.43942691299443637,0.3493254279777249,0.33529902194592753,0.4060760809045206,0.3993129459014107,0.5644886202747535,0.45205521248817726,0.5064647137019053,0.4732572857173978,0.5312053949702276,0.7496134585202076,0.5205295303878571,0.5057016555978778,0.676302950639888,0.6273348155129607,0.7417621098347582,0.6352707724065689,0.8323890754393947,0.8601289364046742,0.8214311283694155
343,1.1532441500764512,0.991227843052157,1.0847650115078071,1.1019146439861678,1.0502252002918384,0.8884733944522993,0.7299468428240108,0.7983969196926439,0.8606211843545426,0.7922057183312484,0.6316254918537354,0.5026419869585266,0.5359484954070071,0.5624151571677114,0.5628036658032176,0.4591355195219048,0.3501616346394215,0.3066133424932388,0.4366525884043962,0.34712161505372996,0.5637317094890901,0.4883584688347715,0.5076071048839215,0.4606539223539054,0.576362869354937,0.7960415556602471,0.5833720940326208,0.4942229892978476,0.679455870304721,0.6199844325748627,0.8579592352978489,0.7285439844913089,0.8169349210339176,0.8491740252900593,0.8245603170085579
344,1.0103893004902396,1.1121445326948864,1.0690613884441431,1.1825996536218442,1.0654906016682497,0.7775297425820094,0.8324496469630118,0.7459307435083231,0.9084034084232986,0.7919103271041218,0.5431066100248677,0.575254321785431,0.5625393611184523,0.523910429347721,0.5686402340639118,0.39337556122353756,0.4004671423413967,0.32007860057267323,0.3602878829136582,0.3780930483297626,0.4921259187864625,0.561416752094694,0.5071956090930199,0.4754765700958532,0.5484835011096738,0.7155818223746285,0.6154613553557078,0.48443201570605177,0.6675083888267663,0.5638182879730487,0.7070701649601161,0.7658318396989287,0.7435475047882792,0.8692146766245588,0.8446522045140713
345,1.1264758081080042,1.077045893664984,0.9631167309078686,1.1063061378405166,1.1169513331633034,0.7682486888474925,0.8441591004099862,0.6617717370561474,0.8735202763294571,0.8110085434419018,0.5905623806975568,0.5812727269813153,0.4942297940431032,0.5443992234611118,0.5093502764022113,0.38702154334002864,0.4348627626313537,0.3008900691019059,0.4023950462378184,0.408009058923382,0.6223802889458889,0.6063259547874491,0.4783197719901739,0.4915265023951285,0.5092823031808755,0.7380616562270977,0.6583839121606567,0.46686595391382196,0.6969248330558377,0.626640508616309,0.6957770955261755,0.7581408131407629,0.7357117717739619,0.8222550214936821,0.8806382310076721
346,1.0873316065742644,1.0722948706096072,1.1589076356231323,1.1046251026964915,1.0960915256681663,0.7572722141914374,0.8368016008088535,0.8235968616780989,0.8450457444100639,0.7895506369321018,0.5732692476617853,0.5895469019547597,0.6154005006549655,0.5333058868609928,0.5667349177028029,0.410832655973448,0.4498214368150403,0.3447667618977698,0.41252765888556575,0.41682177287372335,0.539090660976369,0.607791059761644,0.5091597436309554,0.48915424166439586,0.5207130800643585,0.7374141778919863,0.6540045716035081,0.5983095291140053,0.7292426558146785,0.6945047219003695,0.7205359552248232,0.8126567479134785,0.8441016637924952,0.8720493653597458,0.8503530728857509
347,1.0910061836165998,1.1579850017178461,1.1029173568140578,1.1426894232800806,1.04244347630949,0.862257444785476,0.8583745766973693,0.7527144688024163,0.8982376871524572,0.7868260011963825,0.6170457852627068,0.5706877453377023,0.5297576358188355,0.5484080105752633,0.5158340114493563,0.42626949461762176,0.4098808110571985,0.35019876504286873,0.4037071545421451,0.33812324862404,0.5830922408942996,0.5426577739514513,0.496423549561153,0.5096339810341886,0.5201703243237625,0.7313493875996662,0.5415660429659501,0.5422307699284143,0.777666282952191,0.582507193755134,0.8636164635917984,0.7973500755943654,0.8461508144946561,0.9226926925150881,0.8480448100601058
348,1.0787441153582265,1.0891384221388427,1.0165917391470487,1.0435154920567162,1.115053702785836,0.804965663580232,0.8802479697128914,0.807993727435579,0.8636255984347213,0.8202873545246425,0.6141552659760418,0.5888941797717004,0.5073683950809205,0.5343288036254328,0.5444635559186808,0.4337309604177264,0.5156098424069403,0.31624133184235526,0.3593842140743477,0.3830931836814644,0.5561906744555154,0.5187994258255257,0.5659434659566963,0.5140958548331348,0.5042713417160768,0.754825206509167,0.6162871582337524,0.5844757244001109,0.746480044268514,0.5979321114164401,0.7543880346638348,0.8381521383108337,0.7788100998792191,0.8857339080853914,0.809756168009186
349,1.1840668607768263,1.031529971834865,1.1216985934763501,1.1179442802429407,1.0280433619719063,0.8375876156042787,0.7696478431970826,0.7792274609453371,0.8772418605866057,0.7609721830180153,0.6358843113819928,0.5379295026257084,0.5641613063208707,0.556731844373219,0.5415973088240804,0.4569944819027062,0.41177190650482803,0.3351546097964304,0.4552830807925037,0.36303467843880033,0.5839419205643356,0.5186969847214211,0.5551509237939629,0.5052136092333417,0.49991483705467127,0.7987849477228943,0.5309313828731241,0.6303629105333068,0.6814124633565407,0.5757998041772612,0.8544950452499038,0.8017783723951966,0.8599559469861235,0.920622390005541,0.865122266930709
350,1.0877158948427454,1.104336475775293,1.0202726260484194,1.0991762225302426,1.0050168487580762,0.7893812044071478,0.8170865194959208,0.7714870928743309,0.8557081347570317,0.7709117910137522,0.6047211894302877,0.49375216666787575,0.5731025045818948,0.5511004777973072,0.5037681275953256,0.46109803674913324,0.4232095201940788,0.32654245945831933,0.3822372019420904,0.3486499042755667,0.5690201326083719,0.5710004500042942,0.4457408112836544,0.5460497191405695,0.516074376187388,0.7943145827885902,0.5287789992712536,0.5268883319990569,0.6800481076992368,0.5650348793372155,0.8025041072846777,0.7841975328438379,0.7529349874265328,0.897387564900387,0.7485758476750963
351,1.1597445368286776,0.9892769885899675,1.1317356889580512,1.0343663558894434,1.1444470141882894,0.8490047903893105,0.8314615627552792,0.8047111838912788,0.8354668476345941,0.8311844337271018,0.5911840548916139,0.47369598897244136,0.5890080594460667,0.5502023746179141,0.5414413896567999,0.4796871459624136,0.41789060102197184,0.368704064410463,0.38774590152058175,0.406625287579244,0.62659112565868,0.5049902397846164,0.5402004714531727,0.4917699357488052,0.5791618767536065,0.7946784736937358,0.6130160172261822,0.6712883166489174,0.67947929084037,0.5798730694039552,0.8528821552076611,0.7050475979267098,0.9177045722963721,0.889452427001121,0.7797652905783183
352,1.1289767397187118,1.1565105994156708,1.1070679030199628,1.115731374762289,1.0381807134128698,0.7788929851068667,0.8785031949382669,0.8178646144656401,0.8504793651281846,0.7806980222536071,0.5817411999836035,0.5649236978898864,0.5735000250519235,0.568692882939911,0.5489258583000014,0.4287976428930168,0.4220706074393322,0.3589739650035203,0.41525452740962976,0.38727762235973884,0.5934581820405161,0.6139570131100733,0.5386395920889302,0.5317177588194723,0.5009920854106102,0.7830434885298984,0.6367307097136148,0.6087230755357423,0.7306309085295531,0.6851778439869276,0.8024138944395101,0.8038067953181779,0.8890402200995626,0.8636154830335172,0.8373171082442423
353,1.056177465808883,1.0925396580994686,1.1695534762042148,1.0461602451375553,1.1551734555638302,0.7986672137888925,0.8413445157845301,0.7973187430963522,0.8575382992939566,0.8265241420900995,0.6295772984250376,0.5594399557303236,0.5960835869279154,0.5405109394318612,0.5697188994893272,0.4722650905646532,0.4700601465803818,0.3532220034672431,0.43468799553854387,0.4282892596585446,0.6048224294506299,0.608383115722513,0.5482781477859974,0.5785630015616149,0.5348380430471256,0.7898645220442084,0.6348932065491969,0.6550325528182361,0.7349774324399321,0.6384322552464261,0.8526480641911451,0.688824665637018,0.910830310776333,0.8943700851463383,0.8686752729035145
354,0.9845697290900568,0.9067499698332103,1.0204532189294786,1.1160293162962576,0.967162442417239,0.7987614210389513,0.7282560034478279,0.7230257103916398,0.8417530832741127,0.7659453930573691,0.5503179586132732,0.5066848602867308,0.5311856056201398,0.5541105183393553,0.5058220855193241,0.42317015565378335,0.3405076578267367,0.311506603632734,0.4147178620018883,0.3346656957530445,0.5625397478160855,0.5381268114786723,0.45393554313424966,0.4979867857929293,0.5006524977055395,0.7165009886454146,0.5079666701570977,0.5545473324788154,0.726898914708035,0.6156876422493051,0.7726683105226101,0.7286119771870978,0.7786486093617466,0.906100671957365,0.8249285755812106
355,0.9631300570235755,1.0319642818384338,1.1014648772855415,1.0284213258849986,1.1264669974826558,0.7799312260518969,0.8588717198563232,0.7897511084101208,0.819579490286863,0.7973232148501734,0.5935083481751476,0.5430143193000144,0.5936043326560604,0.5109209243009383,0.5635584942035176,0.4125803032768277,0.4347683900340007,0.3211488663404708,0.4112733017168227,0.3804618440751316,0.5826969469970003,0.5176565154017334,0.56860766450267,0.5116568031211013,0.5606869271709317,0.7855207669827453,0.6500705894876606,0.6167468524479841,0.6655974688503581,0.6554068750218145,0.8218920587411682,0.7094715817965529,0.7778582349975547,0.8992048888298845,0.8656801736878346
356,0.9800954636131147,1.002710942417231,1.0026046817044214,1.0134742418544573,1.0854640217346776,0.8048361728897875,0.7637157609658443,0.7521991302825575,0.8085974740785219,0.8011086575870533,0.5776186572930136,0.5373963609876716,0.5745883763827716,0.47958170013770884,0.5247861652938791,0.43416028612485186,0.4217598642788694,0.3043236574099267,0.38801426056676225,0.33613840717421384,0.5762148006710287,0.586038166301944,0.5580918607024696,0.5009335545560194,0.5490397242076743,0.7233157067969282,0.6966141188452586,0.5986220727757573,0.669693231520391,0.6403579170853395,0.8144965791063867,0.7368763254782966,0.7078117797511505,0.833167967310954,0.7906207189474942
357,1.1791077144991817,1.072413127195703,1.168296821048047,1.164189925395259,0.9947981250740626,0.8697613802337496,0.8281360964236579,0.815806695415423,0.8670481232227597,0.7681678724525329,0.6624936955749612,0.5360893713125914,0.5523859943635381,0.5421318395085513,0.5645671471909663,0.4659086058396676,0.41423192607759035,0.2861473216881353,0.40810675273956243,0.3873491277365758,0.6482903660541964,0.5176903035619431,0.5775533887775302,0.5717758600370808,0.5531148910104372,0.8479642778991532,0.6594940242908249,0.6146765552392035,0.699154813120474,0.660045819145585,0.8584088208653651,0.7966543443929992,0.906804394950535,0.910096825495791,0.8450510804982746
358,0.99230139713878,1.058597921556856,1.1686327668860579,0.9295181480869565,0.9649902416952341,0.7536405074895979,0.8370458471580277,0.8484313154652232,0.753323564406889,0.7844769930956406,0.4949918062799773,0.5275585081664773,0.6409735385937474,0.48414370030804477,0.49955154799235885,0.41843341320710215,0.4432320322346339,0.3299799550379338,0.3563302058917763,0.37151522500520556,0.5199186346363105,0.5451160093246776,0.5532016798827557,0.45699438609805476,0.5247570272074111,0.6631947756894766,0.6855148912145684,0.6263283428824632,0.5214786424064481,0.5823749951751721,0.7192306339871353,0.8161781031713393,0.8858540889481492,0.7876486508510383,0.8144027645327006
359,1.040952814896343,1.13184602626575,1.2524793845288755,0.9903205381804401,1.0995967645269613,0.7701484581711998,0.8727314015658211,0.8457012304240608,0.8047865770987529,0.8295502104678304,0.6171267437027729,0.5719673042853697,0.620758929021386,0.5309970667245578,0.6049628525712851,0.46567536798859044,0.42490612082266066,0.3736696076296449,0.3903446063969055,0.3910241225761346,0.6176959729660952,0.595640353695401,0.615281180498097,0.48271178703179485,0.5638050754481275,0.7046381134199446,0.6765385531113459,0.6548623271452126,0.5979983397289271,0.7144155866584254,0.7867977893001545,0.8741241873148977,0.9085667259205191,0.8234870672644944,0.9463430775616035
360,0.9488871228995035,1.1448530891554336,1.09370455704591,1.0680303649381062,1.0936921550140386,0.8010365120444625,0.8392318757629205,0.8146464660292339,0.7810333046477288,0.8058583523961709,0.5467621897068891,0.5554287774556441,0.6068348781171597,0.5252574696381288,0.5965188042446609,0.3882021906292123,0.4698788074329366,0.35183302454646026,0.38799174268473363,0.37687019480197964,0.4974394067887323,0.6196666547149776,0.5400447961213148,0.5223804072528881,0.6033416882224877,0.6914321377090633,0.687479109750027,0.6161571232707845,0.7020887749098514,0.6821527307147242,0.7780064415061069,0.8473248678893496,0.810556709413286,0.9061192706069223,0.8437982224596308
361,1.0056079424511748,1.154566044764043,1.1503017664850848,0.9889526028283535,1.0773203321870237,0.7998737281573634,0.8332929907553592,0.8224761447695512,0.8417767602175887,0.8616466908147067,0.5717162799368078,0.6024579489639806,0.6267923866252743,0.5468606248905933,0.5598737083618662,0.46341644005096305,0.5294895693294392,0.33386069747612757,0.3483340661237323,0.4027519849561323,0.5766048182887678,0.6132652308623923,0.573713146104699,0.5659819035387803,0.5896661135867645,0.7208264749652307,0.6678300332515654,0.6081768282930429,0.571354551879407,0.6377445560559276,0.7895859389871367,0.7745455604011375,0.8392966631523994,0.8314588123927042,0.8507774818464828
362,1.0210649377192973,0.9957881180291948,1.0793722468943894,1.0145433362774923,0.9971140480685987,0.8818048971177803,0.794017218727284,0.8033973926349166,0.8488570727001484,0.8262456958080808,0.6453917339437512,0.49707433057309636,0.5690777236830027,0.5596872313735851,0.5626585771182514,0.5031694600182923,0.4529163226615369,0.3425861103948392,0.3702110532926942,0.343055868842312,0.6099915902267078,0.5144574519434777,0.5258046732047068,0.5453115665267323,0.5777252216822972,0.7781498985001601,0.6068459143746378,0.6266937208725993,0.5651596462658967,0.6477462709226722,0.8907715515254278,0.714074074874472,0.7902882455471903,0.8260989879735745,0.8177968985010619
363,0.9927368731247868,1.0106615673911712,1.1904579294678204,1.059084095675165,1.0347074864940304,0.7774149949776585,0.8636942736974831,0.8073841986751645,0.8702095975560014,0.7834120195058376,0.5752873402338424,0.558109119693118,0.6119046570537681,0.5882008005878917,0.5499340872091671,0.43204201900107386,0.4563724753452154,0.3356205223288333,0.424553906866889,0.38067507338471296,0.5804803078976646,0.5768426597053307,0.6197608986243643,0.588743503870659,0.5494890531793403,0.6918909662451204,0.6929354288545797,0.5872749528390546,0.5808456778163396,0.6582508901733524,0.806081300553062,0.8015567287474925,0.8794876090557742,0.9496523176783939,0.816355247431743
364,0.9484649487497065,1.1093584424296412,1.2173973221379237,0.977897312493098,0.9906113297436137,0.7561194277404087,0.8118762882177326,0.8028881081982382,0.723280762196831,0.7486705732670496,0.49946381263449086,0.5597300257304413,0.6003862629889716,0.4481167381327539,0.5164392197923999,0.391928786817789,0.4089553705945973,0.3573746975113228,0.3391525362323222,0.3809647549519311,0.5642411354728405,0.5580587291000216,0.5730134334010704,0.48359111212333766,0.4953509129516207,0.7287228157418721,0.6865955853054392,0.5766667889868408,0.5184341759639604,0.6468313581127644,0.7619372492583253,0.7678879417219866,0.9642726680350961,0.8427511377932371,0.8469800645807966
365,1.097243410433461,1.0858794775198544,1.1449914234251595,1.0787142626053992,0.9507039466260678,0.8127536674667794,0.9085269350022653,0.7901427884755295,0.8604114787366728,0.8253761612252963,0.6059669457395368,0.5063073158793314,0.5918697679352617,0.5023499147655105,0.5793976967204986,0.49997250327595744,0.44410590618402007,0.30994953568095707,0.3879231449156988,0.4071489830148909,0.5946693866277633,0.5051640321148916,0.5553598804322776,0.5518197947796831,0.5441895787426293,0.7468294302604588,0.6350472172912763,0.6204697440870928,0.6187476509761559,0.6842282766368347,0.8461244994221779,0.7778943903445874,0.834661110377552,0.8693601353571149,0.8532236352405334
366,1.0891641163392738,1.0509880486878127,1.1348276919904194,1.044310299769986,0.9281554177820679,0.8809471475365744,0.8476157005495086,0.7603507906639377,0.8792856285935471,0.7178635978454355,0.5998647678197416,0.5140852920396574,0.5614632293834643,0.5647849458856902,0.48732416508088006,0.43792092482761685,0.436850302862713,0.30047569835282695,0.40889256130724405,0.36412340522462905,0.6399120571601938,0.5888574759144445,0.4951991330455654,0.5694367365665352,0.526355758333855,0.8218106694832235,0.6733293747582911,0.5778173643617397,0.6168411596215573,0.6066632617198353,0.8643980307029633,0.70700653491217,0.8021491213744997,0.8698556870346037,0.8067634712536942
367,1.1529515509233144,1.0500955584457283,1.1086422571773402,0.9592330089447013,1.037162772525269,0.837327444565195,0.8350968611858569,0.7629547784831803,0.7536716180870604,0.838423073933258,0.5659383705730161,0.4892688752404989,0.5781246773338736,0.4978474983912252,0.5556496395629544,0.42649608942971573,0.41081485507496857,0.36971192724525836,0.3864846186083819,0.3916225977508103,0.5796925205081966,0.5089488243454501,0.5293328960984334,0.5584126100205173,0.5250545282236392,0.7803123139944041,0.6668187139725199,0.6347115690410463,0.5416813755055285,0.6306324192884019,0.8493705494799633,0.6771538032579586,0.8566319063393578,0.8822375419734592,0.8462070607056869
368,1.0415207258963828,1.0882642833401628,1.1249744916036222,0.9608425193862473,1.0387676686467455,0.8346325392563583,0.8512517517590923,0.7719705487153254,0.7931189401987161,0.8942326470898079,0.5983988250243342,0.5046088005150073,0.6060854035618766,0.5283274272524638,0.6208662294023906,0.4389116878858164,0.4332187719736121,0.3279053916199797,0.3548815413237353,0.438552736369368,0.5984301618074708,0.539610042153352,0.5717548960805041,0.5171816331075734,0.5700263774898665,0.7756339551259073,0.610591630324474,0.6146280743707313,0.4834166198195188,0.6791662585577739,0.8491291705687921,0.7810037940916599,0.8448532573228119,0.8801827890250445,0.9483897918353755
369,1.0973342482949409,1.022396951365062,1.2638938306821537,0.9719645348920776,1.0630312285018613,0.8700955945882921,0.8512267691154494,0.8776338321106074,0.7966889750471966,0.7709889787251338,0.6347474869458147,0.5336251863424726,0.6199183271541696,0.5569757682712455,0.6033948203082304,0.4345937529584658,0.42916959932659104,0.3556272929138014,0.3893565028366523,0.4202357281296281,0.6445874440490913,0.5405018919630674,0.5283402715323795,0.5812349804975064,0.5184631652898052,0.7664124652920217,0.6818330106021335,0.6613197358750207,0.555224179958868,0.5971952917741093,0.8018302916501944,0.7787632614741868,0.8448674994537484,0.8196465766315484,0.9329309853491392
370,1.053325196906623,1.0638742305869051,1.1627283218818787,1.0121447749879775,1.0335549726028384,0.8540235495770683,0.8337016367702996,0.8272468166201377,0.8278688811714588,0.7800715878844283,0.597312217244564,0.508744894200605,0.6149097462521965,0.5609680635927433,0.5856605886491588,0.45069873728011534,0.41275514775971933,0.36249144302708636,0.3955567641133397,0.4016893539594184,0.5966911547339421,0.5487781814589019,0.573615893089632,0.5549622863487605,0.5002662615484659,0.758460934923111,0.6738895668447804,0.590283384496987,0.5711856222691765,0.6151329377579025,0.8519198890517937,0.804572542789249,0.7405140594117963,0.9576782774182827,0.8642400975726319
371,1.1367609773175098,0.9971644110440248,1.1635183144057657,1.0540934945840472,0.9554389689250721,0.8946908205017893,0.7907912461650675,0.8510721260896731,0.866874534593632,0.80128282355547,0.6412457784831729,0.5021220864791436,0.6069329219419541,0.5902756347333395,0.5348356171929218,0.4672198507449782,0.38800218024534094,0.3596702046698443,0.37538176435641574,0.3681197978645126,0.5621582257490596,0.46062665604866965,0.5420436929839483,0.5770998378869132,0.5213234474257502,0.8442085376548871,0.5569606395510288,0.5919391625970278,0.532031659176509,0.6550366451868864,0.8470338695246461,0.6967675606116255,0.779455771425419,0.8826133840932824,0.803657692128583
372,1.0928151005548656,1.060919496025603,1.1336752330341127,0.9423218861584661,1.0182444941433377,0.8275118815796815,0.8070450313776836,0.7703944701400729,0.7649945022223842,0.6831776207865896,0.6118799350268068,0.5432683263890548,0.5858114970478063,0.5178577101089983,0.5099382051194015,0.47475687391881083,0.4261147742478645,0.3446696409228479,0.34617855872359987,0.37942701615920943,0.6371671785451926,0.5005327097464061,0.5405493762601286,0.5865616936620461,0.4853848983179481,0.7570270188320083,0.6595754712018667,0.5574440064927799,0.4859449742447463,0.631002879419539,0.8916211550702579,0.7764399266508604,0.8326985107731386,0.8156786860829759,0.7719218908953818
373,1.0440602458676684,1.0738132375365637,1.160227926201487,1.0494363508498934,1.0297440653431367,0.8459418194431333,0.8576139421629791,0.8525549499171199,0.8639334856278812,0.8103988253536987,0.5731589034064848,0.5355668880067256,0.6674308063843393,0.6142520919265874,0.5858458274025353,0.462864660629438,0.45686038562067727,0.34196389684736545,0.38415243991564363,0.3868631289773022,0.5524425174495913,0.4777561110373865,0.49739654977950887,0.5639088679897966,0.5146412871705024,0.7391890313212726,0.6874599737831197,0.5484207314425837,0.5879472747823083,0.5591555948533898,0.8505280881676489,0.810943376137517,0.8421098723104152,0.8381112132059038,0.7850806167113332
374,1.0833960090569392,1.0818112591458815,1.1815128713148464,1.068605487876549,1.1166745190140088,0.8958038384076701,0.8632313982022404,0.789311279327055,0.8605813271129028,0.8100995213826191,0.6762291509358295,0.5488758655797781,0.5932578210349162,0.6103533704565289,0.6206006015054439,0.5146929481681355,0.45189964770156876,0.3468586469289199,0.4054349217253684,0.44607194496902103,0.6192489701462138,0.45245430630961875,0.5689378531009431,0.5846486868381073,0.5738833061247458,0.7948989341058201,0.7576444678851962,0.5272531649421894,0.5720554200582662,0.6893335109598102,0.9247557109020318,0.8101237460065963,0.803063332930859,0.8631745856619037,0.876767320023964
375,1.0767716976126325,1.0969761097772404,1.114675266862239,1.0445968184640915,1.081449312671163,0.8770669930419405,0.8686602537831276,0.8239919145573649,0.8529875807677748,0.7667358259892162,0.6459660450682704,0.5494694573705272,0.636778131874101,0.5810872357398555,0.5613113277699827,0.44762665212869546,0.41700623256020075,0.33950316797363517,0.41073226701293625,0.4291524905580358,0.6345566101025415,0.4705912831535351,0.5396932262030367,0.5948329981225169,0.565988080039836,0.833624998396302,0.6542170670061632,0.5593265592328205,0.6177794655552116,0.6392661931160053,0.9059160991213779,0.7915380741211049,0.7696670392655733,0.9380181819498247,0.6975080275818517
376,1.1371290840550434,1.0723443965257604,1.1365837809234909,1.085313332944403,1.1944361315359382,0.871974299301613,0.8711697269709753,0.7760926213757691,0.8436307108867169,0.8810377039058945,0.6102152304195094,0.5550461421511279,0.6077248696188787,0.6383927001113969,0.593327424148895,0.45444402005138396,0.4147070377971106,0.3526410219582332,0.40391158845864616,0.49934236021840117,0.5964807233565199,0.45385505217332467,0.48175148668009904,0.5749551538855819,0.5539680724966143,0.8100575414436606,0.6505509467268478,0.5104547914538637,0.5943082610771528,0.6895409438632729,0.8395902852978034,0.7272061831659025,0.773943902899058,0.9031998029840493,0.8328600771138035
377,1.0569086655908597,1.1211081050807752,1.1528449571769466,1.0584461924865574,1.1719028942831344,0.8253440081251361,0.9021682636139354,0.7863195009514818,0.8848538994257,0.8131392694833848,0.6191201544707192,0.6232776850381236,0.6164240047049497,0.5880910813253027,0.5892775484105134,0.4380663166046948,0.46105352942898037,0.3190340470410257,0.40631760077615514,0.4474425201419916,0.5357225022140124,0.5259213372801617,0.5546400796296933,0.5143267611637905,0.561752614002769,0.7446479454736664,0.7107967735455427,0.6220672531296434,0.5691325085721743,0.6871307196840848,0.8526877828251953,0.8851767176989159,0.8277882537513489,0.9144144397113931,0.8927191421196292
378,1.017542692155246,1.0699005257751781,1.0641643512628673,1.0920535999017273,1.052530482554449,0.8391667174082889,0.8137342123293827,0.7542782985724208,0.87297566696823,0.8759755660968714,0.594469910450437,0.568916089683535,0.5786624175118136,0.6158060135249454,0.6041242363522366,0.45905404786693427,0.4506327609159866,0.3025217670645013,0.42814364220643486,0.4363961580813023,0.4753097510464305,0.5510285916501698,0.5061312711231248,0.5625781872733623,0.5858927302220269,0.7501938319262227,0.5959693363137413,0.5274826186234551,0.5894923272439443,0.6685935301457246,0.8303599468040799,0.7793468274351805,0.7519335049466772,0.9341891179538596,0.8271080298598776
379,0.9655586826984454,1.0173628875776528,1.156190185707675,1.0341649572696001,1.1267546221141154,0.7477320053037823,0.7866665006213671,0.8145207152166587,0.7786009562154425,0.84278379922238,0.5458056617257994,0.5593705004678472,0.5611947913223735,0.5417003964128314,0.6301676588546092,0.4005277536251699,0.4444787222827171,0.31594501061670605,0.3827594012935486,0.4466647201219394,0.4672361269419739,0.4881174393716905,0.45940937643449686,0.5169422437930435,0.5281120242608204,0.7031316009716215,0.5837157617883765,0.6526548798607518,0.5149262957593996,0.6448174770697019,0.7055221353314325,0.7743329287098719,0.824137798420659,0.8689103319033227,0.9311519873162126
380,1.0213187986869303,1.0683110150559088,1.0716392966360244,1.1131317070217301,1.097291794578004,0.8860538054501952,0.8430704471898338,0.7589981227416316,0.769853636359036,0.8119430271843024,0.6017771652323058,0.5652380220211838,0.5372163792585625,0.5800896090248985,0.5908373481269071,0.41351176495908026,0.4832770236181422,0.3047249560893716,0.4395924330875973,0.40854779457297374,0.540808394403744,0.5235948891373358,0.4663443809146309,0.5526991662129456,0.5247406897229757,0.7137727459899984,0.7072574819095354,0.6259138454643955,0.5356918118833098,0.6481257361657968,0.7895217385161328,0.743987512592516,0.8317981487875531,0.8301826859908944,0.7341625474955092
381,1.065734086068893,1.0339292369567648,1.1315250879043042,1.004042122595595,0.9292354730797704,0.7522039373482797,0.823074757813261,0.7737259516071295,0.8144816885835414,0.7551234403791985,0.5532780745663898,0.5805019410761183,0.5702751893113538,0.5817909797683454,0.5097662113117062,0.43337102965112034,0.44178117435508013,0.31969090361110425,0.41430732083998745,0.3708291212704367,0.5208275784825573,0.5122234879801477,0.5223148016894499,0.5307727900521094,0.4323085520011757,0.7394813142064427,0.6561739056754722,0.6450657073795938,0.5749924569667977,0.620664287306812,0.8053490626954902,0.8248514056318563,0.8242091502219802,0.8392265969890436,0.7640784961462199
382,1.0966406324192874,1.030536149419655,1.080952187674784,1.1655839099422882,1.0346771385643017,0.8278802183742143,0.849045119461733,0.7215619186429612,0.8688265649822293,0.7912210501504765,0.6014856122346255,0.5196626909377622,0.608275917163575,0.616929114878909,0.5117851168151386,0.4417954444789507,0.4745047606462537,0.28644445062459045,0.44529427049799175,0.38119540165735766,0.5776886301995499,0.5289364009427145,0.5321238709980107,0.638452019904624,0.4705596331523306,0.8256451957161024,0.6315597084754458,0.6022431070399346,0.6055862441930702,0.6548060540062197,0.8218855357713613,0.7839972498958352,0.8164598572622268,0.899779114588833,0.7614213002182862
383,1.0721232298774699,1.0147856854131017,1.156884923916401,1.0166721620253472,1.0153022049709188,0.8005588163723639,0.8460591689497754,0.8104615670362112,0.8044284647219354,0.7923030901779193,0.5464424300210078,0.5816518843083296,0.5893217395789313,0.5178643037968932,0.5697038602268742,0.40358131718997703,0.4392565595020273,0.3198897257186023,0.4071240448672109,0.42733787557519765,0.5295598736937147,0.5811323757546256,0.5267334286496038,0.5215864939264555,0.4828332372763884,0.7069361855324849,0.6853183934292485,0.6561130364947487,0.5738736534898436,0.6580170740795463,0.853442114994951,0.7298485556637717,0.8417791985316819,0.7762673548671642,0.7905955796469877
384,1.123711210442426,1.045038972259512,1.1147766502140761,1.0630013856179015,1.101221389404677,0.9452002342191973,0.7725916703590282,0.7694858928977717,0.8037199586223875,0.8184731126314465,0.684939161219176,0.5266463655075044,0.5384787725104397,0.5230299772013668,0.6281197618996379,0.49995779828582027,0.3948848402763814,0.29224926162736475,0.4152904443780773,0.4754364710438649,0.6309638874435833,0.4522259713234752,0.49296550284979135,0.5272369044460626,0.5257541875974237,0.8440319630599429,0.6218001192711965,0.6286292155172295,0.5713342842903442,0.7227978232022277,0.904901498722834,0.7012735666188941,0.7728140488901927,0.8347575281757972,0.8238145273189574
385,1.0352213502705014,1.0079440267560902,1.1341503781260223,0.9835370608526158,0.9865326208824983,0.799681295391767,0.7980761297358167,0.7547866671527617,0.7560666284924301,0.7767925091070165,0.5903976589113558,0.5534649162307492,0.5890280844632387,0.46757304804914945,0.5483299676974829,0.44002088552565016,0.402587469176372,0.27494662240696244,0.38271917934063154,0.436348106957245,0.5519317295346581,0.5051305180461221,0.5383609179937487,0.5365265610288006,0.4669016652870106,0.759093410796696,0.6385141222605313,0.5985684310266615,0.5915014088472703,0.6170572187748056,0.8352590657428216,0.6791750999352455,0.7035322886776467,0.7807798682577791,0.7841385656582425
386,0.9286531085293103,0.9775290570269115,1.1576078758886093,1.1139252743845909,0.9647749231368741,0.8182650533674005,0.7077124740667318,0.7817181562813142,0.869729724570689,0.8173822269023516,0.5850616061906588,0.5356450478306547,0.6241483701047245,0.5406172814507963,0.5634121636351898,0.4333837229480888,0.41661034180093626,0.2860415983937895,0.4050622663590967,0.4447116355083806,0.5084298707680337,0.4843468634106672,0.49601578710744143,0.5343323385236214,0.39398374147842913,0.6698404015668269,0.6078342064995972,0.6846935745647893,0.6429716070837381,0.6896547079887607,0.7953334135955934,0.6388941265275101,0.7600119095280845,0.801021649741095,0.8679439593386099
387,1.0339439064514464,1.0500204745783819,1.1723298425314645,1.1156404401803424,1.0083425244148096,0.814052142555937,0.810196894421217,0.7888684138780588,0.7971666124185177,0.8177736708510281,0.5928021208132441,0.5574733948620784,0.59028699692611,0.5948138745401234,0.5934924754781472,0.4210353163011804,0.43029596710312745,0.3455079772820362,0.4469236512574119,0.4491313070882039,0.5660809961175364,0.5605274329185631,0.542398032710156,0.5320182033047526,0.42449426204073315,0.7924826274952792,0.688573017543416,0.6408722556127002,0.6594565908446215,0.6089640602697293,0.8165538489911714,0.7070039343042442,0.795680072917207,0.853433276739489,0.8045585438411643
388,1.085673125165937,1.0427902831846723,1.1965269508628007,1.1169686803057801,1.0540845850501364,0.8066575476304967,0.8831745231710992,0.8303392450216297,0.7743743208411313,0.8066352689715532,0.5600877976887748,0.5975804868331713,0.5986482354476012,0.5693713255014088,0.614694569007082,0.45959508387460823,0.4204596950461213,0.3341245390353053,0.3812670993359981,0.4506220454747453,0.5667946070049098,0.5698047018417842,0.5270123886647363,0.5026227405929788,0.4274044030080928,0.7750567664886334,0.6864832543787345,0.6266636776472726,0.6484189543506047,0.6646604777885818,0.828249436788328,0.7254831624640923,0.801250510617719,0.8580598542273952,0.8361582115184887
389,1.0360224078240332,1.0780326660371387,1.1358854212522913,1.1923119931084467,1.183267203287194,0.796776123341522,0.8555121631562501,0.8273187266779347,0.8468625679292301,0.7841212590067104,0.5583812992853506,0.5431388636195589,0.5845310263237429,0.5824305699469452,0.6273812040311577,0.45214039723132105,0.4391451283733774,0.3089368399234486,0.42167845304617246,0.43248733021533897,0.5628619154457088,0.5364268376195356,0.5622410392316877,0.5385413256420483,0.41538271556533135,0.7157226056383559,0.6516532800742936,0.6366802123824522,0.6016356751137617,0.6971263332771312,0.764530683704441,0.7450842114904015,0.8073161546676342,0.829909860314145,0.8198201757734912
390,0.9886845755894025,1.1501641519233163,1.141744312780142,1.168416465992123,1.0140040800868524,0.8151758009812996,0.9030301732447924,0.8373158282420501,0.8436498369281018,0.8372771935181038,0.6088458109996321,0.5994342919434944,0.6216484065409287,0.6244987052390594,0.5648238992753497,0.4202000985412977,0.46968813533800957,0.3347378838403729,0.4121842410461114,0.4182959913356593,0.5309460161671353,0.5669941788128479,0.5781811200990397,0.5874591394640869,0.4145190419859307,0.739669781387585,0.7450354935260288,0.67190334495471,0.714101073273939,0.6638780504855953,0.7792702685442054,0.8000533945061068,0.7305868967136452,0.8513594938114075,0.7570600741311977
391,1.103911325088926,1.0375815341140688,1.0568619547420526,1.1669379728310405,1.1563416156887625,0.8555907557732194,0.8511120046154209,0.746057553153284,0.8461613932910987,0.8065153360351476,0.6446094561624425,0.5861547502148386,0.5538390214998886,0.6332838554679734,0.6025548002773743,0.461441418891844,0.44946073779244733,0.29464380478639374,0.3969909670241624,0.4886903930348857,0.5932111082501108,0.5113441535944163,0.5368975367541726,0.6299913655014764,0.5073065529927031,0.6956322827596135,0.6870476858099066,0.5321318459220561,0.6306677268415054,0.7059124763831328,0.8621319797774283,0.6806945091197556,0.744864968695014,0.7842949630317004,0.7714095265961216
392,1.0884725666021469,1.1592821897814847,1.0852621728486542,1.1180590885232198,0.9996996864877649,0.8968152597925851,0.9031883582587161,0.8007774850537781,0.8529997791872161,0.6627945612674848,0.6246076785634685,0.6363887190826436,0.6202450022343213,0.56466733934278,0.5356162457665925,0.5008636308895525,0.5101128316614301,0.3297826191527832,0.39698173143679616,0.41252635240077906,0.6238283267354111,0.5920176958298873,0.5322062348416305,0.5185750807089956,0.3561125828532468,0.7266727838129324,0.7638133877040778,0.5935842775275475,0.6366136673160346,0.6039095915613539,0.8492410938827623,0.9015290722801524,0.723836803604992,0.7467122495951547,0.621221437733287
393,1.0723130796436156,0.956940214862351,1.1210559822682307,1.1633843298019437,1.1192745957519565,0.8237598456019543,0.7699875557197322,0.794213821779804,0.8314730945501072,0.8032030474721419,0.6493934987364778,0.5332365236896419,0.5824534894218679,0.5944283094791063,0.5794479212100276,0.4782816671219101,0.33777115613773323,0.32130727133735326,0.38397517059686015,0.4503473871841802,0.5697140862719249,0.49769475150995934,0.5371368667285783,0.49522459179515593,0.45988710212669365,0.7461443491979844,0.6375880629285138,0.6326914190017559,0.6714133059929515,0.6906619054345251,0.8453725322030646,0.7443570890855293,0.7700827554194025,0.8008634927946603,0.760206666582432
394,1.082886977566909,1.0682372607097848,1.1549501224575378,1.0818235813139123,1.1804318786422883,0.853832794069542,0.8544057944654035,0.8365889373908579,0.8091621555249573,0.8446726371517834,0.6554142561595473,0.5940479318527836,0.5947596626164557,0.6100515041068812,0.6183138034002948,0.4724505905807332,0.40783960404347464,0.34602690509660716,0.39965785625391664,0.48552615870686355,0.6240436658186646,0.542326269005708,0.5885754186212955,0.5622123820653564,0.5356056031836924,0.8023452430498346,0.7304164184668398,0.590689454633207,0.6785996232853586,0.7648729052847834,0.8246130506351359,0.8273966834891064,0.7534264588232632,0.8437169969047893,0.7450033914894492
395,1.0706592035863676,1.069235491492984,1.143646572297985,1.1245279605060783,1.0158667092308606,0.8605262594304588,0.851950620265757,0.7653215488456144,0.8125019998332381,0.8430895260824152,0.6066518379450744,0.5850870082298637,0.5801684332062744,0.5659800923040541,0.5933014425051177,0.458009991612108,0.44511973419988216,0.32932030987298055,0.36067352676140085,0.42814799231010436,0.5306483005737369,0.5057421537231215,0.557818377147195,0.5116820164483623,0.509853774384543,0.7628047027326904,0.7448239723523181,0.6174347612762281,0.677144665093504,0.6431859510234335,0.800437085412889,0.7428745587279938,0.7910856066348559,0.7831011236052777,0.6917682456911152
396,1.0778861995419362,1.0151733301936872,1.280282511720926,1.0516376941263472,0.979610835865494,0.8172680483846628,0.7988971585154911,0.8220212259959504,0.8730182457271376,0.7666724130499588,0.597310542323447,0.5410475305210789,0.6334561438173235,0.6296152365500182,0.5196164666565155,0.49864907161447675,0.40942494149382275,0.34223633604352277,0.39884260623282175,0.3780016916950914,0.5652368860428267,0.4356899485073117,0.6263813939995635,0.5255195733398466,0.4486210415869533,0.7391466757164324,0.7079942011777065,0.7052973511141976,0.7049658085025803,0.5407114298003388,0.7852474110464265,0.7964142864376946,0.8222056715880107,0.8349074525807274,0.6723520165010826
397,0.9337839705758839,1.085147928670712,1.1961601969811473,1.0103835920986093,1.0893282872136987,0.8527679668938213,0.8603448430637848,0.8378250313893976,0.8128410794524927,0.804094222941776,0.5674075314890714,0.566942083135558,0.6023351994936267,0.5811214341311111,0.5916382257966826,0.42592534799719683,0.4351972752289003,0.3607426113239264,0.4091781143263124,0.44638469654367424,0.5136246893769092,0.5159699401066751,0.6002333399849611,0.5377878466520525,0.4875020456584858,0.7214291477171388,0.6921859622424704,0.6734356301219491,0.6762161449269902,0.6467629744997615,0.7945146828358287,0.7348858274174936,0.8088912435279816,0.8251834871654189,0.859782336016427
398,1.0553301554652186,1.0230308577597367,1.0733743355885554,1.1015765481772202,1.1209833638870839,0.8111114602257498,0.8138623256470843,0.7140779308480737,0.8303668865036917,0.8507863891313668,0.5987548520424909,0.5682943474593949,0.5717545064025014,0.6063543332787922,0.5849120580040891,0.4596924478405223,0.3995458797442609,0.3463505607121804,0.39589120970282266,0.4718055140333158,0.5338024189832283,0.4803306449990265,0.5507969893053156,0.5708916277189322,0.5362711302284098,0.757971023688953,0.6826441826466675,0.6041831766034189,0.6919817342945511,0.6632773166936192,0.8015201525885027,0.679220543582433,0.7413997202625089,0.8090830257316186,0.7064454940710504
399,1.0909580505711747,1.0855008028637005,1.1117012282107606,0.9872536515946476,1.0841756168119558,0.8920245285005568,0.7996052352614658,0.7904299550739877,0.7467719448401453,0.7767691389933925,0.5948220256373189,0.5801853769196735,0.5693045450993569,0.5387288720961337,0.5721837891966645,0.44528430485384973,0.4468373013435259,0.34215299051518405,0.3147057903869259,0.4238412127200799,0.5411129007126302,0.5399467104082452,0.5599118220838075,0.5168320960979488,0.51075005405627,0.7216723254290449,0.7117249572211037,0.6511110242551326,0.6607853082476901,0.6111556486372287,0.8162115122656846,0.7178525512100329,0.7349775459932328,0.740546859685306,0.7386850006950305
