iter,a0.0_s0,a0.0_s2,a0.15_s1,a0.15_s4,a0.15_s2,a0.15_s0,a0.15_s3,a0.0_s1,a0.0_s3,a0.0_s4,a0.3_s2,a0.3_s0,a0.3_s3,a0.3_s1,a0.3_s4,a0.5_s2,a0.5_s0,a0.5_s4,a0.5_s1,a0.5_s3,a0.7_s0,a0.7_s1,a0.7_s4,a0.7_s2,a0.7_s3,a0.85_s0,a0.85_s1,a0.85_s2,a0.85_s4,a0.85_s3,a1.0_s0,a1.0_s1,a1.0_s3,a1.0_s2,a1.0_s4
0,-0.416710042681791,-0.2539371925856491,-0.19489356788067044,-0.1692175987355602,-0.19554849140625657,-0.3031998502524912,-0.2740303512678893,-0.26245643545993,-0.3660181576462279,-0.22771806653716578,-0.14263373096243204,-0.20033123836343808,-0.19066640173752003,-0.13366471913696643,-0.11620154979035516,-0.07934352729432817,-0.07729231041770795,-0.052790197130404046,-0.0604302137768498,-0.09095657975021551,0.03207562553405216,0.0046671243210316335,0.003575449678441386,-0.023085568478235858,-0.0023256268726115324,0.10644582198124905,0.048933314227591035,0.015169843516706936,0.041904089508456296,0.057943421084159216,0.17509523408635386,0.0897944126028766,0.11357638842887063,0.050482531512038735,0.07728437242847006
1,-0.07158289206876872,-0.30729420501402777,-0.23193277295515563,-0.07534195324271048,-0.2010404010167669,-0.2390957620288159,-0.18311287266213244,-0.28645063022352046,-0.13276730148410723,-0.11354690127271261,-0.03521617290694917,-0.12611319909486884,-0.08908750551287578,-0.09432759674887453,-0.09166450807026083,-0.08118854017642282,0.0003375221807095834,-5.8100526373235095e-05,-0.05249194292873878,0.0359307333362472,-0.006563837100645332,-0.014003156633875257,0.042428801108322825,-0.0007271013674959893,0.0247069761190745,0.12167235527225038,0.08029020994837181,-0.017937569933172883,0.07257373741272416,0.06959150839015986,0.10546210585837903,0.11306022655539572,0.030559982812776963,0.026072493144846713,0.008237415258116616
2,-0.10601857724030758,-0.32829326610441356,-0.19234537091817996,-0.09130443821140034,-0.0374336784388562,-0.116338423568271,-0.051307052790260765,-0.26000928998108896,-0.22174177893325286,-0.17073426263021008,-0.10969456287765744,-0.13611206984037555,-0.012244110007788604,-0.14524111701173287,-0.025729523103424815,-0.05058508108201179,-0.06809480061208578,-0.04636881636067046,-0.04775492542110915,-0.10320142429848338,0.028542047226646307,0.002562136601937895,0.056767493952876696,-0.02194226777608603,0.02614854623412942,0.04534407072123303,0.10628265055316788,0.0074384276323654006,0.06526689448718907,0.08762234231818479,0.13259446632298555,0.0950009989251045,0.09908890813865343,0.08333177663785764,-0.04353082994621402
3,-0.10983723516613991,-0.06920902513523955,-0.18006836978300794,-0.05306934974244515,-0.08750539361043663,-0.16059181619172755,0.018012698099425156,-0.20800788007897586,-0.17194707921278893,-0.08620157173933914,-0.07536296064708213,-0.04476241055355767,0.03358997432749869,-0.1835912268411234,-0.05454810510889556,-0.08054910712209863,-0.05957060592660296,-0.0585561740521951,0.0009068393015926358,-0.019778793671554773,-0.009648115218230616,0.05215902814159319,0.017723889151806275,0.03407741488482803,0.06145524091918823,0.05972799810740998,0.053492484523242984,0.07524173330949983,-0.01934752029769241,0.05079521372685283,0.10563680800729856,0.1127373378440131,0.06282447421969231,0.055352958961813525,-0.02304653849724569
4,-0.08616377434573516,-0.005403876325661687,-0.14989743774760972,-0.20750236525949797,-0.053550867352308115,-0.08796828287449991,0.06017873308970483,-0.11254880639404492,-0.21951444846400991,-0.09622509745337002,0.02274648624669301,-0.014511439645911322,-0.0639535370731886,-0.10391584952539813,-0.14530182525561025,0.04878360748678738,-0.01844031992408616,-0.037691803301698974,-0.026837454150133205,0.009926254647756736,0.0568724124428889,0.065191106088794,0.02900347983112265,0.04434554270557488,0.037238082511733384,0.028160239334118146,0.11259829091641645,0.15721794728114852,0.06581079255106792,0.07361818152824004,0.2050319371980495,0.18134375075899922,0.19084864279761637,0.09547277097788509,0.027769302502701633
5,-0.12159196416905062,-0.03630602168818452,0.033863602893651326,-0.06623050362798011,-0.14667887674346394,-0.07449620217723912,0.002372162362109992,-0.05516622317093432,-0.03742246280185543,-0.11220069510714327,-0.03392807984993845,-0.10496634037536295,0.04538937958406723,-0.1169373744260972,-0.1196822392898912,0.08886545194743647,-0.018467281657606673,-0.024672171516383554,0.04484626930464155,0.03964510251586387,0.025341680131257704,0.10571039829510546,-0.03790477920866961,0.04184870686007261,0.016056889213255966,0.09388953831042196,0.08425396383194218,0.0421524499748205,0.045617871660095864,0.07138561523057188,0.2094946574522004,0.1451866162333876,0.14908405497757643,0.12415747385071992,0.05113456718793205
6,-0.030553632786309876,-0.07718332665239164,-0.11427072957517198,0.02455523113332085,-0.11501519955909842,-0.006016373695068489,0.058746888929320666,-0.23114815049807225,-0.02776665235621168,-0.02653402974419968,0.05977678034967744,-0.022706297493601497,0.053601500982978334,-0.12418591807384503,-0.08287696052023585,0.11708225307960989,-0.02223444720006746,-0.03154580341331163,0.00017853662658245863,0.010206197004612047,0.08432660647142526,0.20420219958013802,0.06753344426378882,0.07567527629214527,0.07828738018011597,0.126720523383344,0.1564307679539028,0.08999277358666888,0.08519281989411218,0.11548241342340082,0.2520672061938656,0.16684411182531833,0.12969514427290715,0.13209632068299043,0.12363788750075316
7,-0.02938070622959374,0.004162031298189846,-0.08567089511527465,-0.021543290212717905,-0.04081861261025008,0.000437578703218193,0.12984675392702855,-0.007525379022374289,-0.01963790216614472,-0.11482153212969798,0.06356977425706342,0.055715918383191204,0.13444568491859765,-0.1622731226327611,0.02051383207119397,0.08585759493497053,0.11427074224060388,-0.0019482999595067498,0.015617362524436428,0.06036800613245236,0.06833163145733731,0.18851968744087982,0.09102376769537149,0.025069812483248775,0.13256174381573232,0.07917971081844638,0.13078305147823488,0.13495462846636774,0.07379762975019721,0.03760934977023236,0.24819692103783772,0.14774152134510782,0.16902048092660688,0.14941823883140692,0.1511357662100803
8,-0.06128662934449171,-0.030893618898017738,-0.030467930369040715,0.012211363442677073,0.03526275992743825,-0.05012934460900529,0.0721393566501684,-0.2720788157057762,-0.07264422593575495,-0.038276386355662204,0.1519751445007141,0.08637686657093877,0.11732306330536116,-0.10111238370263224,0.049932275876177046,0.09147845448273469,0.008502158982315699,0.09500050242634975,0.05368522875990561,0.04549727099968309,0.0927370213982229,0.16800046566565668,0.02722697372951962,0.09289370089072288,0.14034297785911873,0.09346964268267702,0.11187609302057248,0.12035989924759245,0.12869810872628398,0.08379223541648559,0.25313749405953145,0.19249458949893639,0.19335104996628835,0.10151581340260414,0.1135062252477197
9,-0.17987975969553385,-0.07258510076330324,-0.0590693352472496,0.14404101059462793,0.0667683592952463,-0.16361683646565447,0.12600023708800417,-0.020024489170881767,0.16457706344994819,-0.03787847031562659,0.1477286007724451,0.0644571231644108,0.06368847711605607,-0.11101320033565412,0.08158034633949995,0.052984370179319305,0.054946351586735005,0.004670630642473675,0.09028793800118887,0.039199006013836336,0.06470659694206092,0.25847944878995377,0.12344517906341569,0.10433294238081758,0.05029929752425876,0.06419433781325112,0.1588528657249274,0.11097783356449367,0.2144640754057727,0.02253993816687543,0.28685387254259076,0.28978586270690077,0.18788343781296457,0.2150579132309641,0.22240733968187826
10,0.12856996258343675,-0.01227316599791577,0.13081064105233475,0.08652489995233424,0.008879703555982816,0.04216485794450736,0.0830693913728844,-0.08220576882836614,0.17708065688929542,0.03756745584403118,0.18298237161567282,-0.018372547672220678,0.10664063069197924,-0.05607894077872734,0.13552676989896298,0.07167485348780829,0.022451783658405493,0.05797501550545644,0.15971800058235422,0.15195089257480543,0.029601262158228652,0.1502333043932822,0.16323226185942663,0.10075098637047358,0.03714269426516366,0.13426669934667848,0.16063011756719528,0.13314880842151214,0.21551267540156638,0.10062942653686918,0.2961082402398486,0.2904900309866489,0.2011772761526806,0.26629545213697015,0.16350359498139644
11,-0.0422703875643616,-0.0012410299385413777,0.1115292552823029,0.04977808285431247,0.07491302507822284,0.007921154050090574,0.15222115987021986,-0.06682237818324932,0.3278460982711933,0.03609187222882398,0.1460622643641093,0.07878281367378344,0.10639661519196432,-0.07570531651756884,0.026932626671645574,0.10443111781562242,0.12358326311073822,0.08091527710091889,0.23876136629394856,0.11046635417684883,0.08772580412822073,0.2203568846259264,0.1352408566752157,0.0818767517470216,0.1472510124178234,0.06277665270360278,0.23963549270978607,0.06771890265656454,0.17960191981558038,0.11650547146319512,0.3812455867880675,0.24762272015121337,0.3120387887997864,0.22811559643284834,0.18590671920941812
12,-0.009289671853162377,0.07644050081602002,0.11917822246985874,0.12914945816228304,0.0915218381991913,-0.09473570111681834,0.09208261967739481,0.07695404943086004,0.33485704792448845,0.034567465005491294,0.06932844120934249,0.05776893257945452,0.19641877365821708,-0.012588202623628711,0.06073977176078918,0.11182091580899597,0.0696746405062829,0.13204261545132065,0.21525183441381712,0.17871655884341053,0.07125521660954387,0.24750515716301905,0.1220713372974343,0.11347300980217623,0.10970218294095922,0.14454329432184915,0.16550673562882068,0.07852756778477434,0.15861382862704482,0.1248487819797101,0.30106589052354293,0.33110365328463603,0.18555237377716566,0.3194878560786242,0.19477511043512868
13,-0.0015820195024691536,-0.043270992349455834,0.2105987735311996,0.09599886043332115,0.18248564899506464,-0.020086050243278628,0.08706852827939268,0.06732408897718532,0.17980887664879125,0.03244956903662484,0.12015185916015314,0.10114635452075646,0.1293340243814259,0.08670290180419477,0.07400885953485105,0.09420975761093453,0.15069190340968636,0.061439341084151444,0.2781759376841041,0.14412360376238117,0.10239737429713748,0.2998395571797838,0.14813671395330583,0.1487993178265618,0.0332345721631425,0.18207907451963284,0.20659293158190628,0.22009916251198952,0.2148429594511227,0.2182826801356925,0.23709728333900482,0.35437955043233077,0.1257748301265302,0.29842019674685083,0.18927576104953078
14,-0.06424426694571422,0.07001607842819467,0.059637676019844564,0.13888542666676157,0.11731931354288802,0.023973579068178163,0.1847423353839341,0.06302667951520131,0.3175978299140356,-0.009312326948395242,0.14626257430589995,0.08366639878317168,0.1622303827680806,-0.055804193586940984,0.08967826734382811,0.09001008708322042,0.17016273377067992,0.06954333852411992,0.21063906773676577,0.10852213567778793,0.12990102705358558,0.25480381994292056,0.18036480293493878,0.1812827080666886,0.18656568680850533,0.1643470172518589,0.12427458812430564,0.17421567692051398,0.2876527599562179,0.2264944058279847,0.3348077405633074,0.32586157127360665,0.23361966809416165,0.27652974045181267,0.19510121555129806
15,0.04144193798356911,0.023787963442912327,0.07821419946343343,0.059034216400828204,0.19603549996901826,0.1494228501953189,0.18308319512030893,0.0007549741804615817,0.37333964948578635,0.19419833973870998,0.07876037331545852,0.12194170087610763,0.16244175996106516,-0.03738083165784204,0.1686323732787679,0.133993033709304,0.1899162499189957,0.038087926968068626,0.209694613963222,0.15841667134526607,0.08815618891066075,0.2883527335920363,0.2750854359944054,0.24664458084908134,0.15807673576600284,0.2289549333192295,0.22021355459721498,0.24208173666753915,0.27679758937726306,0.27445767544338123,0.32212879637639047,0.2955644895204151,0.23156801801737428,0.23127287645264377,0.2681926834817245
16,0.08563137665773071,0.013926449857560627,0.2194173566084338,0.12268342277757614,0.26109189698141244,0.08342383452332996,0.23124417383658735,-0.11530113407405433,0.398969056491307,-0.04345495678866029,0.14308973636150257,0.14229587640654506,0.21830266192657177,0.021776997611580293,0.08636347574323477,0.12136059449773784,0.1757371521265162,0.09555638186156337,0.3087981342726558,0.15733264266273597,0.0701828508466576,0.3379072448996381,0.2549733039199045,0.236772642246718,0.10755156021565387,0.05884790746050186,0.17954110425208367,0.25454423302001405,0.26752186247631315,0.35086369101317816,0.28934148984989555,0.542935953602931,0.202639243477757,0.26482984969980317,0.3258478185358128
17,0.032652641759857846,0.11149626046336551,0.17114414027429573,0.11704257800831008,0.26759849650169565,0.08824354246145795,0.2404220065192181,0.00995237352179318,0.3850747305937113,0.08218140620705137,0.2286154869371395,0.16074086250137576,0.19763399574330875,0.12793467032412859,0.03613074728519203,0.15304775038675472,0.17624628574663717,0.00590335418228548,0.1896665086824758,0.20392959879171885,0.12909273249376277,0.3647021215239417,0.24813549227122464,0.3653474777399118,0.11602057138551583,0.19299568062467523,0.22692521181067374,0.27023723236140496,0.20121797193216862,0.4596571009870754,0.3385714356048284,0.4132961680875451,0.26634983455543904,0.3395207993289392,0.23336116625021777
18,-0.02507871020542792,0.14439504857926744,0.24063771331954126,0.1225834173112731,0.15583477244791344,0.0905362998038825,0.2495486186997753,0.02081785166593794,0.38812167746380366,-0.00358791726685221,0.2002899626214802,0.18013388304093797,0.162164440390698,0.14959531838901408,0.13013973972555176,0.10065417738206228,0.16412398071595585,0.02899892526406802,0.22164840741228475,0.1939429988571095,0.1857347579449064,0.2983234118990617,0.2975602228621747,0.24636254019483628,0.28223599918330805,0.25475196687257184,0.3569547027337021,0.2611394919834804,0.19613718089851825,0.39825836200816034,0.3303085612031046,0.4306451448874789,0.3059539023679362,0.3393789108829477,0.2591753340507948
19,0.06837828251190978,0.0864904929043882,0.2312145718758357,0.21026684142313296,0.13332499827988792,0.1667170992042375,0.2991382649919552,0.08209840566475071,0.4301605274012891,0.06044872445413831,0.2086995385926228,0.18997015884852733,0.25083889345468424,0.15461448039465775,0.06197891422080832,0.16329906431277483,0.2536665072100157,0.17642060369896165,0.24156435690369393,0.19259937086516007,0.17955572397953845,0.39680496695450795,0.2568219641126119,0.23499359112600549,0.19411458075106824,0.24740450610959464,0.3226471079784623,0.41130982243488073,0.31647537719133634,0.38424987763424934,0.38923774904489516,0.5256065872711131,0.2859614941542239,0.31619092113470243,0.1806402016079257
20,-0.052850961671047546,0.13841389420462713,0.30878714885853253,0.1895118452328811,0.2652795148230034,0.14720913675252562,0.2985903690498696,-0.061689191710073844,0.24814062709145301,-0.028066596414095882,0.3275632847549833,0.1645814975781671,0.2613295437255887,0.28990143731715967,0.1798359405669612,0.1852272212831928,0.17157330223733808,0.12617829734930258,0.2214935334778122,0.19477750614707395,0.18547841277439758,0.35504623652273515,0.28188538202253144,0.3897950412819125,0.20702185017700875,0.19126903246402394,0.34838501212253914,0.3770914979329516,0.3178492575821882,0.28582345919130336,0.37954040570249437,0.5662821779214717,0.2882620444177638,0.40351032065431613,0.17467878072905108
21,0.14466077537281866,0.04404318811134505,0.32730322496840936,0.26226995461961167,0.22720647169969993,0.24080036708969538,0.2808782458842471,0.13421452186227473,0.3444004422369862,-0.014545405717196189,0.3232501502085171,0.1525061977450179,0.20970364496092353,0.1833401243753171,0.19282042165311364,0.18621397392382594,0.252820954228721,0.07029700237877493,0.29326339754149355,0.17238020713645555,0.2341587351481381,0.33123494324239866,0.2905669707500209,0.344074341089199,0.30407819191586305,0.2377277609114869,0.3522902071272608,0.4760714944778411,0.2370455724280205,0.25654334500644477,0.4244211176140513,0.4817053053255891,0.3396761075942696,0.3656954515162943,0.23694684668957175
22,0.18482019873721386,0.0938571768261739,0.27407188567466023,0.20007155067018834,0.1715522552146061,0.2967556708801419,0.2902331500093971,-0.004119904013416845,0.4045143594857929,0.13896148476825734,0.2848969607152205,0.23212478835259923,0.17873888774348173,0.23017042131229737,0.17238943695652384,0.2106869692168699,0.32515117457962095,0.160515362793908,0.31826700318036233,0.22355911334148562,0.272460163105715,0.26622159833449677,0.287401709106494,0.30534788152660064,0.24701590770738252,0.3151027088618844,0.29588420258225323,0.45076806253398927,0.21881370987459625,0.37486492995318577,0.45594360889602165,0.5503546899793241,0.22893810388306327,0.4455639932001759,0.270184438794957
23,0.04501964022863532,0.031409238428047215,0.10730548075716682,0.31281227008451395,0.2678556892989035,0.2538161332545878,0.3023595230631713,0.2083067230331794,0.4110301917343688,0.1289330466391279,0.35483280914918913,0.2762176740174223,0.18734210390374006,0.23653622434848814,0.20870127038448194,0.2668453451099111,0.2161897544943603,0.21158789379712253,0.2736216720951188,0.29143022311407235,0.33918363005815827,0.2626123487804705,0.2816218786918335,0.3502336633966565,0.3349586754923342,0.23634520356571118,0.4225649688557938,0.35127905628142914,0.32660561466147753,0.27389938884412574,0.42422792756836525,0.5711718804520947,0.32324351654621475,0.3890155969065108,0.25403490291439507
24,0.1859573995902318,0.15931862332442037,0.24689939479847278,0.2657667801532697,0.2911933916985059,0.28436546828860143,0.27968586143171914,0.13042819094492158,0.38639414563086205,0.028568034209323162,0.2761196327661609,0.22999843915786589,0.12200423946508746,0.2345706446429799,0.1905224171896608,0.26577468324928205,0.277440001408759,0.22560903672354543,0.3495835284297262,0.24362345178578043,0.30763622070004865,0.2867522770030505,0.2513248242570779,0.3430143995774878,0.2593742288992174,0.3058258815844821,0.4316211266811986,0.45608244993496083,0.2632092847582583,0.25824552104357595,0.3470665812805584,0.6259063439305834,0.266008214216275,0.24089566913017216,0.2787125217027904
25,0.13645343049476316,0.11788490161807716,0.3338976679458423,0.24561857239916937,0.34676315259978735,0.32594007669922803,0.30237079726281413,0.17441251052738738,0.4600336725375407,0.08190070047419029,0.2976755254679956,0.27944605479240076,0.17596898986156076,0.2407061458202091,0.21093442006486401,0.2739288268903586,0.23556425516825072,0.20515179159009184,0.3364581893539249,0.2620305340190183,0.34942677334478023,0.2773431083056864,0.31717712522266583,0.3706186183478508,0.29676881209236083,0.42407281905300975,0.3922528094030929,0.5634880868844341,0.2696232083375046,0.4051333986962728,0.5105527567144621,0.6227891102416385,0.3875530967705884,0.46587058168558504,0.3103168895914525
26,0.07465963513778226,0.0749483065652887,0.27853611991350036,0.29732180389788754,0.2680874356191133,0.394408154671648,0.34048543803938985,0.22267066724290144,0.5176685982179284,0.12851255266824357,0.3087205801353,0.2271037211925845,0.2520704214607882,0.11313363765896124,0.24880817912259345,0.2856675276530255,0.300486865442931,0.22970945306211843,0.35325185753206334,0.3107990015921714,0.4139133384672249,0.25675583880557357,0.26737055121744935,0.3446296925105766,0.2766627836747486,0.34959000132965523,0.37179296006717794,0.4416659107975911,0.2945825524068283,0.3499452183632341,0.4681422540948905,0.5958772539011592,0.3462919956306975,0.41767913512708543,0.3225533331510817
27,0.1272995631106171,0.08837111494554571,0.2988483404572353,0.2739998474524996,0.334022643503161,0.32923616908659964,0.29829682624514714,0.0931401486267452,0.5041286880459477,-0.023198715216536235,0.30555695733045973,0.2628680115469916,0.24762381853609744,0.22265110372533858,0.19363696541278524,0.357021913357861,0.2558889643824849,0.2804364782344516,0.3034209086440883,0.23074003417812144,0.3554218232944804,0.219638622159885,0.2806730982588932,0.4339115836275219,0.25676251793897953,0.3693182729801453,0.38091504862959785,0.501269658760986,0.3188910319524138,0.3384343602686938,0.42880785768096474,0.5069139202495719,0.36227275545340876,0.3644657650257852,0.3855514424650328
28,0.14156433993190526,0.08470615108945957,0.24524976182454955,0.3340902462164959,0.35821500428853054,0.38586469512194144,0.29565151453897087,0.19585428846541075,0.48024641914884214,0.15129625732549806,0.3878946662638028,0.32069642426598033,0.3115474481746273,0.2370775933916866,0.2385715078929012,0.3470777551961495,0.3162127806325542,0.36295370933699855,0.31749567459340694,0.2837310840566745,0.48336381788049143,0.29590062783458726,0.27864780074442547,0.42345540637945894,0.24008055750982532,0.47626355984833346,0.4131991131971692,0.4306256214012452,0.353303959764357,0.34169049427613696,0.4762218563968663,0.5619581326651111,0.34799945091311846,0.4148733226753765,0.3958839150157777
29,0.18697708928069293,0.19941985757946967,0.303997642168376,0.3999276318125714,0.29760624847648764,0.33248861823154113,0.3517716751650546,0.19986949363236528,0.38514364417945784,0.19966287978139055,0.2959342407006402,0.28172440002047616,0.2009198889274694,0.16883143369736836,0.1852499971062397,0.27802075699292106,0.3520981109326202,0.271042106260145,0.3246565815467415,0.20396192236032612,0.41739880406183605,0.26755415322890574,0.29702697389916755,0.40951536324434923,0.2979023864239761,0.33855610397344116,0.3988207497524154,0.446005250222624,0.2424085506885813,0.3256019428152529,0.4125302063556687,0.5080276659287584,0.2881744244939535,0.4232371797466864,0.3703250124292452
30,0.19688134212247005,0.1207906742107861,0.2921321238333977,0.26775514586384036,0.36692740552723985,0.44311503835463206,0.33540281117531145,0.17491803267468492,0.4784117979919343,0.09296224138015219,0.3994615359285286,0.3305794273113614,0.2183729681565813,0.3008478516104672,0.20893287154120357,0.2989696997774162,0.39310130012351574,0.29265910995812694,0.2796974040316496,0.32269142963387554,0.39331100183564854,0.3076042024199111,0.3387845279055024,0.41351028571207327,0.3127413854600314,0.3955657451445665,0.3940294006231454,0.3949610034723047,0.2990072988776106,0.3546820052098645,0.4406788055356288,0.5258729858200484,0.36869308619395214,0.48078768757106505,0.40944977762480345
31,0.20469566977010556,0.16793909746866809,0.290742775814596,0.37664475078724835,0.2459754882027591,0.324205139957388,0.3757115260039267,0.3063656774218859,0.47887208518185376,0.03460220422395495,0.3690671175829926,0.27208804915625373,0.21348599056301154,0.24147160557553957,0.30283402531561177,0.3182621391526873,0.327483057878665,0.3466365253063928,0.3233938688113456,0.20772050371392947,0.3729518015870993,0.32401922711686204,0.3620930822343869,0.38732808601512014,0.3239240510723159,0.41178958828661855,0.30230021867264634,0.3846118443583569,0.349383024601122,0.2135514348610481,0.3839149305318582,0.5508887662007006,0.3389737275141907,0.48499290864540373,0.35838301293681596
32,0.2624297605038912,0.17898321929153543,0.27604795266616955,0.22988609587864386,0.3645480020865351,0.3736485771050424,0.32268387984819963,0.3383698801832481,0.4815867851136012,0.15037363047544625,0.35570118926963606,0.2249949048866492,0.24269880084961337,0.31117227777805745,0.23345173678911255,0.3262599414241719,0.3488859005995619,0.35362804064437214,0.35618477273782345,0.29242160998379946,0.37220711984239513,0.374996872384354,0.3060100379735521,0.3507042040191197,0.33248930437074364,0.5062220007981499,0.447497758887776,0.35477936118520814,0.2719909149054546,0.4089528500193549,0.4386834204272945,0.5610104089146182,0.2441532631804791,0.4951421151102616,0.3709644097086999
33,0.20642895329196742,0.055816935311282456,0.3560567080989133,0.36232843766780476,0.3308417320547682,0.33225717736042415,0.3050928618989984,0.3695579306140283,0.45422878367142244,0.13538918648472942,0.38238873549499003,0.23767223092727358,0.23577800163775825,0.22119892406012967,0.24143638939489015,0.39450860930954446,0.3509407473248828,0.39219257227401083,0.3425667089330514,0.3151582332239873,0.361963454630322,0.32682953608353693,0.33184472068554716,0.32962141559008984,0.3121215046388769,0.4465158190364955,0.34068068829688214,0.38579070731155013,0.3791464275697981,0.3668052976749511,0.46868445599814407,0.5630797641074254,0.3487153062271884,0.4894723030484869,0.4966211039856072
34,0.13832737428116604,0.13666015500656503,0.3517881588193773,0.364160659898328,0.2993233300451633,0.38711163679633476,0.4149731213859773,0.32724375114207627,0.45665722500686895,0.04475896125421896,0.37249511124406376,0.2303872894268779,0.25408539471523683,0.2898860832725939,0.1811424264363539,0.33837115650323557,0.30400538199156224,0.38649446123081777,0.33189035880069573,0.34185999106642123,0.4742008054251763,0.35374846788121495,0.2703167129356865,0.4087859269038563,0.2979262885396053,0.49019519570499126,0.32645727777380296,0.4288065023920476,0.32741809632879093,0.41601272628507374,0.44406305851317684,0.5939981825078517,0.3595120084467771,0.49619776472190325,0.3040671651002383
35,0.14050422291905162,0.09798780037784063,0.38569459867832956,0.3482026776275125,0.2785403282499038,0.5247279719884098,0.38887681456531265,0.27828088764253417,0.45399429041900985,0.14168312012550116,0.2972282636875511,0.3530278551221532,0.37007625406708533,0.32788769746875185,0.21393626116355421,0.23072368555091183,0.3667576586556502,0.3553681299288388,0.43356921887876687,0.28568063117494713,0.47560571564017207,0.3580023860718101,0.29795544908951077,0.36571822890308836,0.31446438814690125,0.6260937012882083,0.43669693104809637,0.3316288531227076,0.3598377851478984,0.3932811079324845,0.5974819164613647,0.6081766836591901,0.48759341367267234,0.4202214205885687,0.4173233033090343
36,0.18758757411053917,0.12893372798948177,0.2962231097369378,0.3827844867867939,0.23511827973560112,0.3552110248657452,0.4131027540103626,0.29582134190166076,0.5076074750701921,0.2097027163129191,0.29077763877196006,0.31886771688946125,0.2968421469375543,0.2843994470395944,0.2721585028554292,0.3355420830778738,0.3193799525178222,0.47008288484661737,0.3668956738787086,0.33732103729361956,0.4409655552711031,0.31848250461113103,0.39203184582384143,0.34607381682651783,0.3715510857617733,0.40488486160041304,0.397217176048672,0.261784282255824,0.42555889567866817,0.3894713206506971,0.5486975744297474,0.5647478325907648,0.41476414041115667,0.34201580707094004,0.4644800023039275
37,0.21498771402017414,0.20214390078588443,0.36318641029066934,0.3840173620452068,0.4470003745093167,0.3097529194027351,0.45609649123343576,0.3691319725738904,0.49506932914980806,0.21768312799977724,0.38135121950122997,0.2965306761463024,0.29109061595371266,0.27216703233952955,0.27871960947671104,0.34081535491054205,0.281501925194536,0.30747813413730424,0.4239655589078443,0.3829606448572379,0.4006624416073715,0.36326270750115147,0.230916674861188,0.47200633090661404,0.36746757928777274,0.37584807856354246,0.5254644886053075,0.17806931826642325,0.3554701582791048,0.3572486752905422,0.5977417125232807,0.5789475183233221,0.4996780525567375,0.43834710876763694,0.3303375124742569
38,0.14055586525433122,0.17778429780641403,0.4185039225266366,0.3339255451426513,0.3970959276390402,0.3976840573188326,0.36612720304428326,0.41894195531032613,0.6200634847087039,0.2298166323106477,0.428784394047242,0.31908803985381723,0.3720778311542526,0.29208439034327527,0.30489329328774245,0.3452974431957022,0.33633248679401373,0.39314678236634293,0.525297936582307,0.3867622238587841,0.4079655196722224,0.3022223019380089,0.3350125307976388,0.36952736798217556,0.3739729111540547,0.4173103217784945,0.5166016423013766,0.32277194927980485,0.35860404461746065,0.36207039480391934,0.5595862973509607,0.6421926967678124,0.485994780646401,0.2945984249160035,0.3948941570737875
39,0.23094602107322992,0.23117079198051935,0.3890667817670917,0.3969257855078745,0.3891972549937684,0.34040862879926587,0.36497287936296163,0.49290815326412046,0.5415480247809052,0.16110886556377124,0.42793967116563947,0.3402969168307669,0.32983568738237334,0.3107498626466526,0.27733979853453716,0.3820109735871772,0.3369677260498975,0.3660883138498907,0.4114409313042084,0.3380595678463167,0.3688782592508593,0.3557214201221154,0.38052277712196747,0.26640575816201845,0.5252094960773616,0.40607009571259634,0.6334050753421182,0.4427183253515554,0.44560158252301907,0.4491623041601337,0.46525730968230666,0.6602371486311311,0.5082814340150419,0.41270405189928855,0.44651480595148163
40,0.24907576337458295,0.25776098390987595,0.3386647172162942,0.451003315571639,0.3125628742738181,0.44605119689871964,0.40043698446964365,0.3536101183303697,0.4181443300625553,0.2632784324650972,0.4173731571460763,0.32858314764455565,0.40533913636277885,0.31464888453623824,0.3064434343370587,0.27859058628855504,0.3203528118103827,0.33840483510691377,0.35704139815532443,0.27211957444370954,0.41938764874830015,0.3740831546477821,0.41010326080893833,0.2912031221258512,0.3435621910696103,0.4825786929642606,0.5525747810806352,0.3689200877048144,0.4255002551176023,0.3907077798387379,0.5046202524688841,0.5217041412535772,0.40622554966346114,0.33357585466120987,0.3831910170169289
41,0.3227485491389247,0.21369917018663093,0.3102548683332021,0.45821526109024197,0.37765592770578704,0.38851285056211615,0.3821082090583202,0.24392857447953153,0.4824889186880324,0.26701964164938186,0.46094254404242674,0.31090372473848604,0.31866119290455336,0.2719991332496464,0.3072082028089359,0.3415087233204126,0.4013077790329387,0.39874559051748476,0.40286226011031556,0.34785062707927494,0.46389992983757106,0.32688721053529857,0.33329187384129355,0.29033317820439175,0.5065018003241897,0.5501473909407755,0.5742531574322809,0.34598500674873667,0.417760042052692,0.48518098018100875,0.5890174951388889,0.6676224191353661,0.4758814136588203,0.3910042982294997,0.4483621866493205
42,0.3199972123288827,0.2566106645168795,0.30102140239377273,0.3354473085824552,0.3889360296792751,0.38271280427912585,0.3554209977780233,0.4266947312719689,0.4409858470694556,0.17703440777547966,0.4212569574423023,0.2930780763851266,0.3402036389059808,0.26744806789308856,0.19039926624582498,0.34373397591139804,0.3162064050879585,0.3197089824791147,0.3453707100615378,0.27340859844722437,0.45297730369931294,0.35098875655649175,0.33816906711640915,0.278360297221135,0.3246521722003659,0.4473223449564119,0.5188406949363998,0.3482456816925652,0.42471096960704513,0.3928611653954224,0.513730188119045,0.5720429635755214,0.4406630187501587,0.42033927090931855,0.42346580512292475
43,0.2723507885376795,0.2971850154192134,0.33199106776985055,0.37250181475307864,0.40394582485089114,0.3178836792257157,0.3561368267095072,0.3998730553436282,0.513031641942411,0.18213302538785253,0.42518698453848336,0.1987960286213618,0.33854590926500217,0.3567442329753512,0.262116537651655,0.33884151605604496,0.36410280414850116,0.3849566314192703,0.428779237004581,0.34817895709072744,0.46834615695997556,0.4513625351755972,0.40531288059612924,0.2990827543910205,0.3777447698680816,0.5863121961762823,0.6408388563447487,0.39811418901375756,0.4158550953806007,0.4522668458014265,0.5994425835602792,0.7792065767500451,0.47106660964685354,0.49986945088748497,0.4550572868540671
44,0.22477129340412833,0.23704419254493758,0.2884744391872801,0.4069444507102693,0.41573638660899837,0.3544237968259414,0.3960247344893364,0.5205975484354759,0.433349659572603,0.16725090524273273,0.3723117777899441,0.27762174492119984,0.2967428557933157,0.32184665158726256,0.2997498137615224,0.3094740120087786,0.2963520659439807,0.39737871760574384,0.3575987451964897,0.3386201823167895,0.41146206075607505,0.38886362329244567,0.4777358649727224,0.36596014817620237,0.29139954504425203,0.49683056400113956,0.6091022480002196,0.29386260011325355,0.37155717097239604,0.34207201453682484,0.6424589563439154,0.5888315018639888,0.4393104799065314,0.3849625404701094,0.5283210281330459
45,0.2680048575758341,0.23897030553429474,0.29282160789157585,0.40889439301225505,0.38833498586690585,0.3538423329463798,0.3494581343763844,0.5109678327487382,0.40905688818735864,0.22801702627620302,0.4223097694369019,0.2900256775507204,0.34469935299467996,0.3350729888567158,0.30190379250902255,0.29270106416577724,0.35310349426377374,0.26379440017606276,0.3735225407855516,0.3106209233546496,0.3928591959056046,0.4388212952294331,0.4164871781694981,0.3395011223849038,0.3634374762546426,0.5786279933223435,0.5795387881764145,0.32659663048279297,0.4069977802922867,0.3615126773120444,0.5846395402589717,0.6662901281060634,0.48126526942543735,0.4764908146055684,0.4205353297334846
46,0.27401492405342465,0.2527026517442331,0.3437695803466553,0.38187693130990585,0.39273999003922033,0.3533902866132558,0.3140588416143246,0.5874596554234979,0.4569808098991995,0.24113586331232123,0.41980254967841696,0.26392689645771117,0.3183610080461414,0.32017489313029956,0.30772417846588696,0.3571987412044892,0.3443027833927308,0.3832797044038021,0.4155805664004638,0.23670934718437514,0.4288423808844152,0.49211012460760883,0.34626546245397394,0.3259672957763843,0.3210644587051445,0.5353131277277963,0.777611869986395,0.19746086016008338,0.40921721187215226,0.40106625944475793,0.5694895529751224,0.6545535082878106,0.394620655009831,0.4266876896417795,0.5678408827675117
47,0.27104063531539097,0.24514318123484102,0.37389663743752855,0.3925792295282489,0.4650078737000411,0.3131962370401109,0.39577810369045907,0.5388545407746248,0.48144428541772,0.18104313340802855,0.4948134006877015,0.2531198935340968,0.34745972126474434,0.2800439611674657,0.32440688489832725,0.33008126223870016,0.34386589088941366,0.47184868721587175,0.3515894625226389,0.2989411597322644,0.38742131547594183,0.3743879064489407,0.4284622815686255,0.39780503155125413,0.4496849916456587,0.5503502296504537,0.6789010330455096,0.22291878465415535,0.41272811925532127,0.5058853383838184,0.639384126111155,0.7314677347790508,0.37813524278087013,0.4940813265561015,0.5506373100548116
48,0.2972296472363757,0.2991542510701571,0.36571110663394446,0.45490089592261307,0.46816046467423916,0.34039886918759266,0.2817242664399958,0.47484518543179177,0.5414506327327087,0.2870407869957451,0.3468106397786387,0.21479649933843872,0.33992182765645995,0.28510203605430184,0.2840422784633506,0.3322079420243592,0.2989533164710149,0.5020512159469992,0.3786126783251553,0.3414160713996105,0.492923127812375,0.35855461324142257,0.3783471259829013,0.36120559826457677,0.4077103439287813,0.642206238122077,0.7445726267136001,0.23478986909938188,0.39557810652165715,0.4745900041898613,0.5280390667141197,0.6000007599837747,0.3807505471323236,0.45565136461250494,0.4613982777487543
49,0.2543894265696461,0.23881496838210736,0.3557208569693602,0.4496410299124178,0.4063440149274723,0.387656355553214,0.3045517832862646,0.5332100174254335,0.508046769387199,0.2397697406650527,0.31039371832996265,0.2541850732746002,0.35851450646274774,0.31343247590024653,0.26276623021071566,0.3247843627145809,0.33007848460195743,0.39135438822346746,0.43343049149524804,0.31912605416259454,0.48515118668321455,0.31702987277280903,0.3068427834929094,0.24749940295005318,0.3300533037740656,0.543258612811486,0.6965365928341023,0.1788754799661425,0.3716825705758835,0.39992147438127035,0.6070135270324754,0.7320802564633335,0.4237386582767553,0.44637616808284664,0.4725572626486545
50,0.2944368554314033,0.21610482292990946,0.36885513842838824,0.33964477750205546,0.3457568110713684,0.3395638590614871,0.29988014119286527,0.40849539913142036,0.3649071401177535,0.28805016891679724,0.4016492212713518,0.2803170522264212,0.30987174801675066,0.3399996384521942,0.27871800264450164,0.2659194721963758,0.3599266353931593,0.4425648032802769,0.36436086377857224,0.2532924824740901,0.42583884840981756,0.4580225539079744,0.41282301373366254,0.28714044445887504,0.36647711518051795,0.5372019677950282,0.6204765741402198,0.18101910765153567,0.4477268290485084,0.4520788852610863,0.4915963711405171,0.6993849318782841,0.3621846910530423,0.4926728582113273,0.4239386393165886
51,0.2966335588284864,0.24469677707901172,0.44669442722493913,0.31277392744720056,0.4241524363859996,0.3995180933246997,0.42149174678478496,0.531591101940203,0.5095997618259611,0.3307685356589736,0.47113182283323457,0.33855327176956396,0.4202113177665145,0.31103371873090924,0.2978295842328151,0.3982591888055398,0.38223356981734474,0.4144484298546247,0.3611377322995,0.3527356505993172,0.43880954673923944,0.4189632335627358,0.4013165862622615,0.36275384455244636,0.457633011807801,0.631944482027478,0.6339853160922089,0.24543996862429018,0.45877284524160555,0.41412674021930646,0.6144435056362665,0.7096741173386135,0.442959666342734,0.5712718076275776,0.4102877379816514
52,0.3097484923700131,0.2610247763394111,0.4068777268721626,0.3972870592885122,0.40399716433000366,0.3636552713819214,0.32681301289711634,0.5738071029334614,0.5326311167766424,0.3886464503325421,0.3109517816441232,0.2745541567507578,0.3074786071569961,0.21551950292308725,0.3024971850872075,0.350983475588701,0.3542759447680669,0.4395044863580492,0.381599854682946,0.28604247064868804,0.3693460009315921,0.4621998232271396,0.4463240443091552,0.40405343685215855,0.3097745180594119,0.5885058811246408,0.6253913017136938,0.26641091473480943,0.46217505783084667,0.35315107686308067,0.6015964676976443,0.7860086110032984,0.4760141003631007,0.5510472879156121,0.45218190486144605
53,0.3639784102904419,0.22243009836209587,0.37481899855539585,0.4256281611053101,0.37732669633439564,0.43791902727284726,0.39677603625604263,0.501106032213247,0.45487068896997496,0.3483704588027348,0.33963742308024525,0.3439027943549751,0.4099439075693668,0.26484331789841986,0.29849031573278756,0.3636218132440314,0.37424402412563607,0.4734793572042206,0.3742856418490965,0.23220125473453132,0.5218928155469622,0.29686284531284723,0.4213956517294263,0.40278763603653894,0.40105252793138185,0.6917524782978342,0.7020894240177006,0.32239742763955026,0.497444848639369,0.36189083120219057,0.6879488685018676,0.7096960778835377,0.47523922751969166,0.5464554067389444,0.4501613084885149
54,0.23880412659190417,0.3862621423370673,0.4230670565805971,0.3636602964002298,0.3359381373989858,0.42450029806455214,0.36163362488593054,0.5626348659219929,0.4859165996717163,0.3411744585299705,0.4047042951502936,0.22459579720083206,0.45073959254187307,0.29002211184402127,0.2361523684269038,0.40757916738724936,0.3182187289923639,0.36291988798221037,0.41368459772373234,0.31656608509012407,0.3924932075580664,0.4771458699534318,0.3284179865277284,0.43813372000212686,0.3711403501118602,0.5229511667822466,0.5453247947919666,0.3071376542284092,0.4736436509003553,0.5007338643200014,0.503420007358543,0.6809067185236904,0.43161302287687553,0.4812902718091454,0.4253836151181172
55,0.26176647877282105,0.3198633902880932,0.39532828542626036,0.34740608631204395,0.42567805591130664,0.40628054516785883,0.3574457426964954,0.5833767939807689,0.4959493527746159,0.2738527993861328,0.4369671880732965,0.3380968204079956,0.4273187682237467,0.3417235913118516,0.30755755705851917,0.4081135879015685,0.3549917586871104,0.35119005698323563,0.38355042131791406,0.3322086614296821,0.4625097826646729,0.42205352992426637,0.35964754677610195,0.5441512040244583,0.394930157685209,0.6089990203870117,0.47579867022922795,0.27534915605156746,0.4584888386660515,0.5671898039803744,0.630574671417889,0.7321357380602849,0.5141489790061406,0.5396177181858901,0.4664835397231271
56,0.2931525446207047,0.24006977258306963,0.3675308682547001,0.37111845573692825,0.4472307798547655,0.4188125771715203,0.42634894135080414,0.45403562041959133,0.3369011322485026,0.3113586985435517,0.4096831578906325,0.24697506245964235,0.4137497073358317,0.22119251409772225,0.2671798453648405,0.3934542044142399,0.3536356077464146,0.3403347072649213,0.3124066033518016,0.26185235793938844,0.41121479489979434,0.39029539513651634,0.4360916244835722,0.43298610633489387,0.29260740586551204,0.5143064091740844,0.5387677164810032,0.35406723401512813,0.4859754172682983,0.422439599432937,0.6216377437854593,0.6009972755586813,0.44660365870542085,0.6338276197602664,0.4720821563847015
57,0.19754744316649225,0.2533361326489964,0.45469552368188654,0.299929171968833,0.4431423173644816,0.39820480589250096,0.42513566859029817,0.5006218373831038,0.5527561665829108,0.29311768495101814,0.383702696740164,0.28641924938543084,0.388670693817872,0.3154560356679822,0.24234364723187632,0.34486935541152364,0.37192251743353144,0.3631304010910976,0.40247235445324137,0.39534920704964105,0.39994322212791067,0.47265053758542347,0.39216225981714903,0.47228560998654123,0.3569630047270968,0.6893352138214328,0.6557439018874979,0.34489386281428314,0.3799998711193553,0.6159947596844565,0.5764552418821469,0.7374418085324983,0.5897733779811567,0.6072023841772842,0.43758282909188523
58,0.3430420098329345,0.1719200339604292,0.376093242432298,0.38285775022744944,0.41719246975420937,0.394210619943346,0.42850326317387966,0.5467193091815084,0.49707543646308855,0.37601096842219406,0.3612257579564876,0.21647241044615956,0.31265607097270565,0.2689687818206135,0.27684415425302855,0.32835941771652194,0.34389789876996074,0.3862584434622244,0.3383104656101772,0.2977702677512766,0.49801183057498194,0.43610416855528106,0.4869988958601401,0.39426219704562093,0.32472488536226185,0.740144794763396,0.5220029306407519,0.39502328149960786,0.41002367615273727,0.47110710377315446,0.6294814470411796,0.8507186881256826,0.4796055807347559,0.5773144095746742,0.5169166769005593
59,0.17812037568101186,0.3052321650784441,0.4074970099086982,0.44238198417204216,0.3924806174559424,0.39573207647300923,0.420104455113267,0.5660804835718951,0.5394730986420266,0.4629581098054723,0.42736500534980537,0.2436504738580041,0.4327824000489604,0.3410205386480585,0.30619880187743354,0.26500588481488596,0.2859895464159442,0.4602933333281571,0.4816404696354434,0.2886300206683742,0.4605238915544899,0.2948032013250582,0.45830179394351767,0.4012811858884262,0.32122574870601295,0.6569061358433649,0.5775265945136905,0.38169632320861563,0.48123223046366015,0.3882598869981757,0.7559903691841212,0.9148168897331905,0.43708339271626484,0.5944322051216222,0.48979487596839
60,0.26751585248455667,0.2223780233918445,0.4435147494311339,0.4784165288661272,0.41035458713374223,0.46148415842426205,0.2794908363183364,0.531077025602781,0.4952390509614434,0.374796085738081,0.30310971763821937,0.2626489007718116,0.30453077591983424,0.36840463043923255,0.3142931603965741,0.25112168361224696,0.2605925770008798,0.3824352775176026,0.42648002686541386,0.20631663517611767,0.48369052561365006,0.43629257310413727,0.37366331847811596,0.35978123890004854,0.3395794792001765,0.6550822257251652,0.579102577190568,0.3748476379006408,0.46602146552275675,0.38826655790327524,0.571039156128492,0.7279777258958147,0.4434493496319477,0.5848115619260091,0.4529184590837158
61,0.3193197289466025,0.3191350299440103,0.3454598348884027,0.4196664157769191,0.45720066179398045,0.40286557698029035,0.45238196979262896,0.46872132383788223,0.467173210843139,0.26910519877002326,0.3913000724920765,0.2169890290325618,0.4234319270843704,0.2658178410239047,0.2809379809018002,0.33423178798530484,0.2944838482459899,0.47993169004658276,0.4219489481009642,0.2909256047488202,0.5237289288503031,0.2904581977080066,0.4265511838045585,0.39027928799344963,0.37852697924413226,0.6810111430760373,0.5338504279363833,0.5127060231496107,0.39890772975790634,0.4504716772335395,0.6580625955496215,0.5913995504436494,0.46719752785539737,0.6133117549180865,0.5036350148397033
62,0.2632959230664358,0.36217332724631257,0.37868556947515686,0.36528300644410405,0.4114673834586665,0.3891177436807569,0.4047880288058064,0.434778837590522,0.593920590866708,0.31191684695017086,0.34965285077482455,0.3320612748476339,0.4515869458959513,0.3810644843031673,0.20352126813216675,0.41302665825711177,0.4028390900313255,0.372580827684527,0.4049892395281967,0.3436078359902208,0.5562587549004714,0.30198092892198436,0.31273527847547605,0.42855477073124215,0.40020845115994047,0.7096889562839084,0.559300603912529,0.4372387023147434,0.31997865291149974,0.48996702957485505,0.6621380128340661,0.5528114023080632,0.5028505158368093,0.6064319677946508,0.4065623349745235
63,0.285842752305431,0.28288154086023526,0.44868426248914056,0.33292417577545613,0.4040632763412034,0.4231787368291141,0.41607322655351076,0.5425483339586075,0.5613755699777403,0.27128890857648913,0.33178442337283054,0.19150351798052112,0.32061757993050033,0.2651040508940151,0.29605810777048946,0.3355912051689253,0.33723246682369135,0.3910668671919601,0.4058354435167402,0.33099616817770666,0.48577244169532496,0.2968891245023956,0.34728645664896696,0.34348946086272736,0.3183626257804919,0.652281055958433,0.5157375973495604,0.35654250441420565,0.4139933207797089,0.47370784529368454,0.7924442981282995,0.5985152770425255,0.48446681146905235,0.541694909860778,0.4392402100895255
64,0.29214114208405734,0.31487354591866257,0.4281724980943039,0.37971535292129965,0.4490308446796495,0.2531758142535493,0.3318302598469024,0.46057817569097315,0.5525653131319705,0.37185353070275484,0.35609491304017127,0.22809946895794733,0.36215824418496456,0.2819013603046949,0.26197738512829666,0.34067117855876017,0.3231925375692153,0.43468516010179703,0.4545267211770414,0.2321455223304037,0.42980358271959995,0.3559801428572036,0.2933134980109544,0.4323240771643992,0.3552468108463025,0.5395907470618688,0.5543098105057835,0.35803061506950223,0.4855192997594409,0.4617234275977557,0.7134123958054908,0.7866231335650479,0.456798420806343,0.5820362333413079,0.4526146125794347
65,0.26363374114150906,0.2794953832937791,0.4210862758899593,0.3183731954459708,0.4086273046774729,0.3757815984497124,0.38846800389924213,0.5333272342830551,0.5175889397205986,0.3416628830007691,0.41383487847196465,0.25551249298544876,0.4388325965761994,0.23653423796400702,0.2707674364290612,0.3596726178814496,0.44112167021561455,0.4028201790129371,0.3905621754302492,0.276238269938905,0.4826985420173784,0.38705594121133724,0.39158988822948704,0.45855684745710845,0.4661450761470065,0.670813781062122,0.534453908044245,0.3745834927726112,0.4420820048902332,0.5545179328341913,0.7973817966538028,0.6389344034110622,0.4668614701582121,0.5931425113023401,0.4282650153422474
66,0.15856396165270115,0.29448483693851046,0.45381630418462193,0.37680441038729523,0.44196883647800145,0.3950203505237193,0.4242884738876515,0.4121603047665008,0.5873840438713649,0.3103452092426269,0.42541303561920163,0.22870770694540352,0.44169044960745996,0.2884065379894777,0.29980971184141714,0.3588344182750274,0.3229345463321789,0.44073063639519705,0.3689778923577942,0.335356615792325,0.4091902249651578,0.2765542923464076,0.4602411479432651,0.4445957828185374,0.4384176808671292,0.6233921426724097,0.5961994348831336,0.4125487368947628,0.497131773732482,0.49954380444699786,0.6483856959961803,0.5289946197992946,0.5478732411171545,0.6141697453013185,0.49032763070073077
67,0.20821268551532013,0.29576857018838654,0.3539013993775238,0.39054329471945615,0.40907966346699376,0.4143908593365006,0.3097753146716583,0.538056716867427,0.6001963795325489,0.329059979663801,0.4738581668004068,0.2982641789667149,0.41813567982426303,0.30714689295413333,0.15293616326547982,0.4583001391221939,0.38316705656283795,0.4161201904297349,0.38205847863153625,0.29248645380395594,0.40822882159949214,0.3484624250151285,0.3702739654302448,0.5057197748889009,0.43696152698365687,0.6824297616802377,0.6787112244049822,0.48428281156667086,0.43424591591992306,0.4960535677185788,0.7924009743352807,0.5385868998646168,0.5137998771202825,0.626238690917291,0.42411607591650263
68,0.1733197878593433,0.32374490939390477,0.4192996696823409,0.3995112801537578,0.43234919053310283,0.390564835590287,0.387888503539596,0.6002853210338737,0.5443776770077734,0.2926827511847421,0.3785806517721171,0.26991143074760715,0.45423755758664086,0.27451196612953366,0.27058236289457094,0.35804877322292095,0.3974147410647262,0.4083094698391384,0.4177937310421663,0.32367205258168946,0.48846291740369296,0.3663045824862459,0.37888500005501247,0.45912102908189634,0.382457101213288,0.6709013141382412,0.7405083724813577,0.41188881144055944,0.5330471156566918,0.4270250247801415,0.7702096229385497,0.6319968098415121,0.5043884411167634,0.6055156971879613,0.5159473734204705
69,0.14395702240615704,0.32125917460259745,0.35596064883247863,0.36573369338377026,0.43007359146663604,0.33423009959142536,0.3787273768488853,0.4770371815200882,0.5316055086663407,0.3401567511248904,0.35602322019673394,0.17393790050648603,0.479008204994298,0.31854286308834207,0.20399869059551232,0.3630242758681804,0.3507943380850139,0.36281057455161586,0.41934901105224665,0.32940251674519927,0.36231244524259903,0.4208110217056513,0.46768718240684387,0.47019418798906665,0.4554765849259737,0.5038343315901337,0.6841247610243059,0.45374810946842037,0.5631563680755249,0.523470252464662,0.7935974422835713,0.5824967309331361,0.47542092832465827,0.6718175415943574,0.38079497736404644
70,0.2674618402331936,0.28432981831536863,0.3237190017166155,0.3746340973985416,0.39131374204168345,0.278948415648975,0.41120031726708994,0.5084954426777348,0.6074319838817741,0.2807130539538145,0.3192632783370906,0.2303792193664651,0.42477912653188693,0.3424346932103373,0.17582138908994296,0.3163198781919949,0.40103822679295503,0.3648667318115806,0.40909417341426835,0.3103434051097881,0.43627817967012417,0.3483612204396727,0.25964104081803585,0.38954177131534506,0.43977747208081336,0.668627797032248,0.6238315307601966,0.35992268920833803,0.44775567779559466,0.5895773645305606,0.7447828622188752,0.70263832361951,0.5000564997613104,0.6123140358637816,0.3722627615469136
71,0.19368488242549287,0.29151348103361674,0.4016142844416953,0.4274697052317056,0.43922222107493814,0.4116175305201908,0.3748760539996074,0.6296756819857019,0.5371930942763756,0.39544225682644496,0.3400625819169725,0.22917156426193164,0.45311977726011465,0.2505911658793855,0.24149440016253731,0.3607481273238906,0.4046904468907139,0.37389479127475356,0.441941537493533,0.36934242972637804,0.49322309375238554,0.45550412189634487,0.33280452133666505,0.4292542009946178,0.3375695772829571,0.6472178796857224,0.6164206140108539,0.30894844856601045,0.6607665488860939,0.5810162371020859,0.7960824392728907,0.6316931632050737,0.4851804537742803,0.6051496744093166,0.4196165200295684
72,0.22670815327467714,0.36896924068332837,0.3646955211834716,0.3735245035684316,0.4174183034809842,0.31359030333884674,0.43709183766775966,0.6075835633636895,0.586341828074859,0.4925740017994895,0.3761801028993229,0.24646326410936273,0.4075852585160088,0.37725540324640644,0.24397339121160083,0.39779862967724766,0.4076263397034954,0.3859945531970104,0.3869574465667722,0.34353387354515696,0.4415058963376114,0.3294768846302826,0.35936450596764696,0.3988293518245668,0.37644723969255744,0.6448115598366168,0.583544936797425,0.3712111139556263,0.6804066181105617,0.5922976726129776,0.7631677248613764,0.5256470145859206,0.43798780600108134,0.578045684366624,0.4219128702537782
73,0.20057010722292007,0.4290166215455149,0.31016073695058,0.46370258162697997,0.3574519194664787,0.3708639865403606,0.4005172191129406,0.5863904026905569,0.48591253976425236,0.41957051141775453,0.5495746691577892,0.27403515922258675,0.4897034072302008,0.2830667290831363,0.26583311952901995,0.4850894321174657,0.434515101532021,0.4456266028238385,0.4196341889871291,0.3126152620108352,0.5199946448093961,0.3445972968385667,0.428908463913644,0.43935614650288946,0.4374769245786091,0.7462159040654361,0.6790067290658708,0.31942967677198686,0.6582083797082194,0.3965731540252487,0.8564397221773211,0.6057542720031884,0.4050001323719683,0.7153417962815536,0.4262200468428438
74,0.09439540202048122,0.2925735420432777,0.2937489795937406,0.4924938744490295,0.39037838002378455,0.34165678408765304,0.3725558147215465,0.5027246161092811,0.6104083218206537,0.48388056352230613,0.37721028537002316,0.16681541240167475,0.40709438781744056,0.31679190892192965,0.3015001651424465,0.35875385767347984,0.36786071277177346,0.46252412660377284,0.3776548013662553,0.40459222641904835,0.41134733594720574,0.3025021466659735,0.4128302877891056,0.37050346511119414,0.4504396392153117,0.59993979874151,0.7358381406743413,0.2876329327197985,0.7245085533098916,0.533792148063049,0.7820843766462126,0.5104705166509831,0.496971043120799,0.5607933791568246,0.5121490289465648
75,0.2568831880087226,0.34797062071110785,0.37228995904228335,0.4612530371051121,0.43206371281292566,0.2334683976776823,0.470610429850737,0.5344046288766235,0.6726253601439136,0.40842524753801157,0.4073624605225899,0.17356933382772918,0.4946480572727402,0.25436648188521943,0.299820440461693,0.35091397903474086,0.2845516123646481,0.46955842227587885,0.3453335258086656,0.40253043416396583,0.431812906084478,0.21209263553816138,0.3483524059058324,0.4627191398420366,0.5074304914397278,0.6737430660744104,0.6268907279711463,0.37756777000258646,0.5530951734258178,0.7140076470931506,0.7540335621560905,0.5930348214584878,0.5509901699342445,0.6096719970321183,0.502907123471441
76,0.2000487962455222,0.3005464816772882,0.35109906073733216,0.4711316439234339,0.3641242234702243,0.33400042487767645,0.375068504956259,0.516975821831672,0.6498792499332988,0.3711547164565662,0.4040739625615265,0.23490092091431,0.3762200783149015,0.285879606584463,0.20338665196707698,0.33353742121728225,0.413587625738984,0.4357070730066542,0.37107921622798423,0.2906645658067778,0.4269230555847538,0.3169505529600838,0.32375104651572595,0.3742289926429584,0.4613156279371411,0.6135443063916792,0.5882370094156357,0.35429441674618845,0.470181547272185,0.5855441946854132,0.8012843028423738,0.697312362304493,0.5013535445884378,0.5550988347055764,0.4667386700818037
77,0.28468955459531786,0.33541253864944987,0.39595287377115257,0.32997404059602375,0.39403056387549906,0.37441543579825026,0.400566899272541,0.5341628641516727,0.4484345523806821,0.3600780406785675,0.43238572437169925,0.23311258888356848,0.37884962878459705,0.31216361076807153,0.1259167183622599,0.3637252865998815,0.4087450926232793,0.41224510502658396,0.5065130786134762,0.34841557483160324,0.5006941598000725,0.34790976878915375,0.29377176057617604,0.4143243297530548,0.3898856026263228,0.7278241461837537,0.699920235453812,0.3675739497997563,0.6246557253922602,0.6019442174705841,0.7436579150705626,0.73492778019743,0.49023975396057506,0.5308235473469483,0.4910913228376741
78,0.19171986966778476,0.3405551496357989,0.37036180794982854,0.39913833182214253,0.49117104608346074,0.36537245913045846,0.4489368465900234,0.5032513449065014,0.5812719327956801,0.33170385455617135,0.46284886773060696,0.23481848504648606,0.42811356458411104,0.28594959762379296,0.23413126458335537,0.31678325946489094,0.4213602622877972,0.36917811920920074,0.416220568528868,0.3215264942723324,0.43463103931115027,0.32198593826217115,0.23849800523796827,0.3780650729165896,0.47255050870804394,0.6858305640978439,0.582421135533236,0.4182916855936605,0.694927800778865,0.5543605101589836,0.8445363730716301,0.6038673778069282,0.45827552697962876,0.5250891053530105,0.4017234653024738
79,0.2061554332604864,0.4212016663987457,0.31316998653270034,0.42175709931238076,0.35830926210127356,0.29611442389387155,0.4366266528352173,0.364774672217615,0.531602146040916,0.23337219821027377,0.4174672765535498,0.2828791322430725,0.42198879963983504,0.2614633363731398,0.20881242653344256,0.3151468184461237,0.3886792644144089,0.37381141487739883,0.31815399104875086,0.24784539496406272,0.4975077785367398,0.33792988462454343,0.2881961986822566,0.39441307948530263,0.4430905725958004,0.6469498038213344,0.6233415396226412,0.30398217769793245,0.5713312756937188,0.46350486953813824,0.8048473902162214,0.5076036748011704,0.4538213790592204,0.5095945651507237,0.37272895504010595
80,0.2702652341040291,0.23485357226933634,0.32413970608767917,0.4065650690608429,0.33755276681864643,0.42158089092655116,0.28184471951470846,0.5181078646153676,0.4296716886170453,0.3084721865547847,0.3887906234595814,0.272051689270035,0.3720024664436203,0.26376778091822767,0.21869887935121152,0.2757408164862986,0.38182411652238213,0.3396801913376646,0.441062542058696,0.29440461639589033,0.4376091342202375,0.2687317070929987,0.24429009829047776,0.38758125262080656,0.41455356193938797,0.6719500711983153,0.635600654089829,0.31398915029386804,0.46460150602073724,0.46988992972560895,0.8559288575397598,0.6974140878226465,0.4564826161173662,0.5040119248665732,0.3200782523195785
81,0.3600446168229261,0.34853790145731856,0.3120823756497199,0.3471368581971476,0.5079893444869066,0.40503520865482057,0.3243853095330167,0.5524426124059187,0.36967594173663765,0.3854550123507761,0.4111239635481586,0.24316160886628094,0.36439055520653896,0.30784913399377917,0.3337700908917575,0.3374587131114998,0.4542544355766679,0.49306072198162326,0.4926839725406748,0.22908884362885024,0.5275270852344873,0.3391731351917755,0.40011789776287543,0.4611879358302114,0.4501062788739364,0.5697071319694523,0.7163567486856341,0.3197848071741753,0.6581641543568069,0.546341077038729,0.9645701921676104,0.7410069461831132,0.3829185279557723,0.5463800377166089,0.4066792168659783
82,0.2863118611205767,0.3876760744473705,0.2679642495477352,0.48553987260444864,0.429461043185301,0.40859221081979835,0.47479429869439205,0.4998144031645913,0.5284657725005536,0.3869272441998921,0.49316825910951423,0.19860925165095605,0.44504458660716983,0.2461126816737751,0.28315534976680257,0.40789767157242485,0.4192200187943724,0.4395787439438505,0.33977011062038776,0.3436655753173361,0.5367584758640099,0.2747489881880405,0.3839768532099733,0.47505244209338016,0.48500084203432703,0.7549808823887915,0.6144294759430013,0.34235579717551984,0.6375194260894279,0.5255222725336993,0.8471575791257262,0.6515933751579338,0.4794762587786437,0.5384637020238815,0.49665925485098206
83,0.33859597527297514,0.27322833349803444,0.35029063151350937,0.34717522726949945,0.37123144247493267,0.3128308459292589,0.4114768086489565,0.4817321145896194,0.4813883844260791,0.5352570575652666,0.36181055606934676,0.1772905741923207,0.33692788747537905,0.26860971934741434,0.1930017691375458,0.3267206404357315,0.2826335776280448,0.4461767525051815,0.2977057208066617,0.26132820135706486,0.41087571325857736,0.34407848390249574,0.33242145878417473,0.4620145039327452,0.4895662290849205,0.5337239674794114,0.7413447190316493,0.3567175501672564,0.6423955421482634,0.5552531230617437,0.6796472476218716,0.6343666753655068,0.4282112693841498,0.4495784677894789,0.421195621584816
84,0.40624130143114384,0.2877084871412027,0.34255796820577344,0.36886952126655703,0.37497511047389426,0.3287159924113665,0.4955211978985366,0.5893049204993679,0.6470411857711805,0.333098799415063,0.3837468826353052,0.24906627020924402,0.4956252191873941,0.3493145890215276,0.2123109940302828,0.30885072366344796,0.3413216701269537,0.34221616357734325,0.45801090281121526,0.41220034354404766,0.4629611201969855,0.27436119893556904,0.3792747819640011,0.48228984249653506,0.59002777296387,0.5764634983395487,0.6867583781986337,0.3549978447990532,0.5419955294700616,0.6219058063265923,0.7597598684979968,0.7971070110325432,0.500460332575674,0.4632464139606727,0.4308210476393109
85,0.2597661619919823,0.4378545721533807,0.3769363980401521,0.40065458221598965,0.43688978602321205,0.4332292344352311,0.43914535864259896,0.49846204918620857,0.561967620999893,0.28145785673524404,0.4489194751175958,0.27426019933540446,0.42934066239604113,0.3293905373560157,0.18973587236279557,0.4021940420946369,0.3976812666562254,0.39462191319616324,0.388198701715748,0.3164661867446983,0.5933423849487236,0.3470460410043059,0.41676616891563745,0.5032248510457304,0.4414198604163715,0.7100926908253637,0.6930972648327786,0.3435997639214191,0.4735083441716695,0.5953415969299222,0.783264217620851,0.7460418295861091,0.45688010367403364,0.6171578822636286,0.37818329226757286
86,0.3192179829374901,0.4162646237401448,0.3681312036541566,0.3234984398139666,0.3565062456699408,0.36623437183723584,0.38913229455608733,0.4936817115868812,0.4763242189814711,0.15677744106149266,0.4132021428923648,0.2772432009090966,0.4429339632803384,0.26880144081726187,0.19938317803495953,0.39663072732542604,0.37999230423147695,0.37934648476003385,0.3958833363257871,0.31128242831885333,0.6062548785690709,0.34940750976381313,0.29451497802164683,0.4644931888363102,0.4707278693451504,0.6970331882051963,0.6104194288236819,0.29600057103698707,0.5006631817185713,0.6236606474351734,0.7700888015444175,0.6509244917285522,0.42950922865217733,0.609481861989128,0.401089635510259
87,0.23378764004363947,0.4023491989836209,0.37241533856899417,0.3523232229012591,0.4515619259774162,0.3742385793784304,0.39981068587793356,0.5603099757764674,0.5310622020439241,0.32120498318387836,0.4587812933814983,0.2271897215596317,0.3855525291453619,0.29212135095637304,0.20301226931384594,0.3660014135277503,0.3650793877023314,0.4254894133268176,0.4363730772911616,0.2726866687447983,0.5532520756421625,0.3466261845878498,0.4241504179096325,0.4707775823833098,0.5118852329544057,0.5660977418583522,0.7067517063640585,0.39791714583216864,0.7078775643105488,0.5979317088954443,0.7243658800806958,0.8046800316333149,0.39897905467919964,0.584722831770479,0.44277649009627473
88,0.2568366069965992,0.3552427709150311,0.27619595276688497,0.40219376425726744,0.40998756184609497,0.34647920649565567,0.4122135080676945,0.5720009997310604,0.49559131241002913,0.39824223972895156,0.3705950287364512,0.24298609114798358,0.44680978561737406,0.2959120195974246,0.24644780022794943,0.3460205308189987,0.3776570085606675,0.4086515878946351,0.5189770133520618,0.3075544404792214,0.568573133342821,0.3247904462441775,0.4445902470849715,0.494513930030826,0.4688291022160152,0.6051318517019788,0.6442496313407781,0.4433806338310854,0.609656452690863,0.5708486454476073,0.794462107174045,0.8092257010677085,0.4523827503509129,0.6079785796194415,0.39676279772256734
89,0.2548824359922901,0.3985027188701209,0.34644363088775637,0.3368727795191921,0.4171779331701757,0.28237967074063314,0.4095802203096329,0.5372694751097431,0.5118506512976349,0.5081663051293734,0.5006178954008071,0.29981204406051015,0.4237611775517143,0.33069464645831004,0.31699621368197894,0.3646374017374815,0.4083070175641413,0.4209089275833644,0.3224431088609636,0.3488735223835082,0.6057627186777734,0.3909562627931833,0.420006278909685,0.5955063216425521,0.5320997542294608,0.5980243656984041,0.6753228076816954,0.4805906424426133,0.6926162876882934,0.5919188491870868,0.832429072333655,0.8323017573091551,0.40819129166775214,0.603130908147184,0.32719765776941767
90,0.3194709917780547,0.3406133361157341,0.35242365524831026,0.44867426701511637,0.3497266518334426,0.3106878507071995,0.43736230716973823,0.5064873038695238,0.5844824631739258,0.5488415443692969,0.4072459125967187,0.30853239479703104,0.448097762948234,0.2732084337185997,0.31266053670293503,0.37456383885644706,0.4336441835062449,0.5435017645382507,0.4452600560970501,0.328463887090872,0.5793878131719163,0.3147034855855361,0.5106709896711277,0.5074287626633973,0.4448400041307218,0.657509384799419,0.7367243414607259,0.4426585857463566,0.7520633397761184,0.5471417580012834,0.871892723769015,0.8866749655258415,0.42572446284281484,0.5818845424046419,0.5173455836990465
91,0.21125060209564608,0.3940208026293598,0.3175413962877028,0.3991054227869344,0.42387918817239906,0.28596475052090875,0.4113189963993008,0.46383338096603827,0.5915563596536245,0.4081435974543359,0.3255865101019414,0.2429032571687558,0.46380072483034396,0.24829287583574033,0.24164244966517634,0.38380174109683773,0.33738976429858525,0.4250772057189852,0.3668872581341147,0.38226812278255456,0.5782977747750002,0.39515698536674476,0.48682956554400547,0.4720318303581589,0.5894955113903967,0.5401015115791836,0.6496166237421575,0.47521362909287795,0.5925114865141409,0.6164885537603539,0.7672999102707917,0.7187461095997969,0.5545383807755004,0.6840037444846117,0.37305106825789314
92,0.33115602724217896,0.3617430063801373,0.35260608743459787,0.5204168991633844,0.3935660481938349,0.40614629504261107,0.3690507432541196,0.5640466142656647,0.4440034775088323,0.5119430281862137,0.39143857882242783,0.2785167885996233,0.33212882766093704,0.32492193980783135,0.35153944260952164,0.32589202633518377,0.429772438057633,0.5310698855315931,0.3636014644978629,0.3438176418158723,0.5828926942050828,0.3539860343274714,0.5784955914971779,0.4671107147474933,0.5683044672522273,0.6317108491009245,0.8146091598831668,0.5273509519356627,0.857180819960552,0.6453877612842742,0.807692976829059,0.7672048268050586,0.44032000304059604,0.5352869084508977,0.5810288358817908
93,0.25411408999786816,0.3889861536880313,0.45012511535187283,0.3957140698914764,0.4201313743010254,0.3257961309549013,0.400528645186646,0.6128141174843944,0.5540548841884827,0.4472914732989356,0.4181180228585025,0.3138118335910964,0.43978726869638163,0.3365411929239502,0.25928660838319967,0.29854032025746124,0.42266714416854534,0.40836733389801205,0.4791958221433314,0.34834523818662577,0.5833756142112152,0.42182194081995383,0.4568570533686461,0.5507638986587016,0.6257710847969772,0.6566508084840333,0.7295780316286281,0.46701383346246395,0.5476812423297805,0.5518086929218768,0.8085727748182215,0.8931593504178776,0.47705466939797425,0.6745118699634116,0.44003706839801526
94,0.3950483096861058,0.3941825241318042,0.3175418403968243,0.4283697464671815,0.39219349445418294,0.14990035916457134,0.40164788005782903,0.5952306012759858,0.5351865584677211,0.3479720818656228,0.37959534941397344,0.2612703084828562,0.47381321076055494,0.30560560023325467,0.2865316137608977,0.2835367585035167,0.3974765481473256,0.42469138898866265,0.4306190535755299,0.38280127036467976,0.5084299559153813,0.3810837069483347,0.39608405806287617,0.46158626081198273,0.5761496292311907,0.6854311941484597,0.6698460259884541,0.3934552701250552,0.6437620970724384,0.5790088603570649,0.7353036559048882,0.7665591714090088,0.4629053549546823,0.5058756064967256,0.412539577915378
95,0.2588985979290009,0.43182099279583486,0.3589770261622788,0.3736943930754608,0.36984649555397237,0.23969785952016914,0.35161039524494614,0.5360891258801053,0.49183419765664915,0.4504914466587802,0.39739403837807985,0.23263130454253467,0.5219182949327472,0.3129756683209933,0.21849893148090804,0.35599057777520304,0.37809778143702,0.45508426510796707,0.4065583063121404,0.40673087396687496,0.5666112692575902,0.33239103774865575,0.44883526534091234,0.4937058890242013,0.47293852969175365,0.6036599684995797,0.7675575316357492,0.36936822821632265,0.6575788327520556,0.4082944127690567,0.6655451704335773,0.836415242939946,0.4996046226132138,0.5480648289540389,0.4401170605254442
96,0.32676166434382026,0.4339952279663774,0.35021525808101805,0.39111503971917827,0.3228221861996347,0.1872395560879433,0.358025771646795,0.5080726480593631,0.4675587507433308,0.42148154325443177,0.40218612956767563,0.3064005882547174,0.4375436427198568,0.3122908928111875,0.2960368562525336,0.3713716076416175,0.44898553548209386,0.40990155821928737,0.39995073578905627,0.2767028425748429,0.6764378337443525,0.385708798486596,0.46297292831309256,0.48055563304198434,0.4341866246471506,0.7146528455003249,0.8038861485900848,0.39265306487907936,0.6843827131965208,0.5255551559063552,0.8181926209319115,0.9003108918449602,0.42442031239100214,0.5882674329420958,0.5387475828833446
97,0.30079270816548564,0.3630129187804636,0.3119034074748631,0.3541751863221018,0.387456553705937,0.28696205802228714,0.39795136061661707,0.5025304065371896,0.4247437630985907,0.407323182278744,0.37897652917468455,0.29491248970431566,0.44044681381983936,0.25455929182733106,0.28885267095029665,0.33896357617539974,0.45500141338668176,0.37699367796717675,0.3591208336854681,0.3192238323658045,0.5869751439613365,0.33250493394650515,0.3867153273433874,0.4250144410922246,0.4789068417566199,0.6390064340028729,0.7195003342503381,0.39165891158521215,0.6619256631541559,0.5051969614298527,0.8836911384088435,0.8130911442225475,0.39840428593792665,0.669918310983447,0.5146581406294338
98,0.2705631092940073,0.3864652128255889,0.3844921250919139,0.4196820726405972,0.43675099949153917,0.2736080111810016,0.36329684269054285,0.6231822655194086,0.4114373738434397,0.41759570417261244,0.37353665714122575,0.26704696440579956,0.38835345457820863,0.3606835538511136,0.2495892203188278,0.3655497293546336,0.35667390586943903,0.3855171873480164,0.48739618747632163,0.3501840904597602,0.5899887277829629,0.4208674020273092,0.394785210334284,0.42119521334255483,0.4242930897515029,0.6416291085187654,0.800706552336923,0.4305807506255591,0.6416006844157025,0.5800931968449077,0.655886480007851,0.9572877176234621,0.4705123542500792,0.5689391172884333,0.45055041044749616
99,0.2661326891666574,0.3549438850459471,0.2773595313682952,0.42288817734259004,0.44913217177927,0.23226887013990122,0.3604315444878859,0.5638041423021041,0.577617444501308,0.5145038787073282,0.3190081253420356,0.1821154349179686,0.3957175662956349,0.3164694086264999,0.29307729593833265,0.3541050585527854,0.40422194519278115,0.4190723899953689,0.4256794127307255,0.2825036007204861,0.5238033372966224,0.34124614057612834,0.34416405851031084,0.4852700406455375,0.5432637933856275,0.5906268739352496,0.7239248707393667,0.5105042967858957,0.7141322233060281,0.6844904353123153,0.754618056400916,0.9706167811877564,0.43780174205929334,0.6927526910581567,0.4219518316873252
100,0.4333784624815088,0.3851071897779791,0.38299382788382996,0.3200244681583757,0.4347591270291998,0.36108582988855986,0.4532296222299683,0.5322185121952572,0.5304506649418812,0.4567978496018044,0.42000679429901655,0.3055108337978575,0.48393976362645436,0.33193667460763265,0.2995299491279139,0.4536260842497615,0.37805401751651235,0.3884256990780006,0.4317535390137728,0.29818860644240563,0.6032292496307476,0.3292202133440874,0.41044747329879344,0.5707518755767077,0.49589133900283455,0.5930262705927107,0.664258376066821,0.4666125863954486,0.6350416580795345,0.4839135999291904,0.9221328992831402,0.711442825893458,0.47653335592607526,0.77362279924113,0.46611417431219504
101,0.2084978477311899,0.5122076158768256,0.3171471061025166,0.3729292573497116,0.3929640146143307,0.32512582408924945,0.3429233853989685,0.4003255885919601,0.5788327963882104,0.4385141295220762,0.5013399368754893,0.31316106465511784,0.4856821706167297,0.3069329340059676,0.30180023035854486,0.38788042374926324,0.3880429926374104,0.4251780552651895,0.35676115096459327,0.34569920445329505,0.4922720249171548,0.2620534635327138,0.4506834669672148,0.48678742087958426,0.46826526123632983,0.6857800192408197,0.7499256779279159,0.43876657706597055,0.5677806235409634,0.5853128726079597,0.786963010657878,0.726015451678953,0.39501013783403216,0.6684250896888526,0.45850788649134067
102,0.2957294990447765,0.46627856561984715,0.3810725766928093,0.4592349999118345,0.49375408729966197,0.2945623977456616,0.35886434339458273,0.5479039839542994,0.5073806593061532,0.44726425120610813,0.4435346208262738,0.29419612962748,0.4374390790174156,0.35565822180913126,0.21072486223629533,0.3721972456322453,0.4584951094734971,0.33371147656682876,0.32801574482616336,0.30796209381548206,0.5944812136969848,0.27588716678033864,0.4884335011605876,0.5564489108473223,0.5589602620010948,0.6702522352445488,0.6644340982153845,0.5076828420184002,0.7266167756760287,0.6068489832290762,0.8907009642919594,0.779747053574006,0.4991106629593949,0.7472426054742317,0.4851812763861042
103,0.18545050760018994,0.44824599161335826,0.3272049307801125,0.38751695165797534,0.5373694292884307,0.29927175274812046,0.33736556949160235,0.49792053059427843,0.5053210884270618,0.4164889390547585,0.5071823140165721,0.29009835663429984,0.4879152592777477,0.3394307977718827,0.2990180983437337,0.3416921097174028,0.3405906595392367,0.41778284540783406,0.3961288096976445,0.31320316581009333,0.5277140730781329,0.278069712786552,0.45563157404671356,0.5021809915513654,0.44957478225518993,0.6464769970670342,0.5921282037332338,0.3885436357169481,0.5701715246931,0.675323551025832,0.8147179957368831,0.8667050599890886,0.5318177161641799,0.7424141135268638,0.4668339823662397
104,0.27920957994388357,0.3500168171386949,0.3061266723020225,0.40725910710026775,0.33446774974144133,0.38250794535607024,0.4138876508059842,0.5646013990595828,0.5007258811447777,0.4637966682346625,0.3179890648750836,0.27621582930135474,0.42574844015928537,0.4130912475291064,0.3363386406062272,0.3457044139956601,0.32568448055813465,0.4399832817872892,0.46009000933471145,0.30747464409612596,0.5756733968742909,0.4201676548524795,0.4456651624104778,0.41906740141258686,0.5551116155642131,0.6505753195652633,0.6949146362365473,0.35746947587649935,0.5414719691202539,0.6680317685292169,0.7851313888283455,0.9291956825089676,0.4430208298621163,0.6614601581811181,0.4719456285131829
105,0.3952434006866663,0.43826391090411015,0.3966318114643268,0.4138243894724818,0.375816528072607,0.31430218764697804,0.2930339901060473,0.5228349132040737,0.49163569048557243,0.3837629096377062,0.4361102382174489,0.3206971508665747,0.4000146312831782,0.3705417610938402,0.3456842511772477,0.3657374191382851,0.4143700639984119,0.3898358054126927,0.4073179242953876,0.2705951584435151,0.657863840882099,0.4478281244225729,0.4932944381864149,0.5294983079111707,0.507252463718211,0.6856393982006862,0.735351196339262,0.41673705630659325,0.6137722799697206,0.6600800030189666,0.845157951549149,0.8671269330088307,0.42112817073092024,0.6148994920713032,0.4448635212820845
106,0.31950324317396916,0.48061276801250674,0.346678834141311,0.40720636361090284,0.4033987637478729,0.28711215924947264,0.3879859447183812,0.628161967719779,0.47474402914370406,0.3872383526637925,0.4997248730931792,0.2570741692271735,0.4852874543560559,0.40574493004106726,0.2349858103734921,0.34956385252678746,0.3901728506561135,0.4264680590708733,0.37230959169051975,0.2816620992383484,0.6047888801624339,0.4761006739976289,0.5307711347931907,0.53343226579972,0.42787038029777147,0.5985602630941562,0.7268494880593259,0.3595273543083163,0.5607133769115868,0.6006509891698297,0.9014944294035551,0.7545756413144347,0.5104932390922301,0.7110214084036142,0.4945696182579973
107,0.2910360971415633,0.4795408660139179,0.36010890438588056,0.38838752963034456,0.47876579168864775,0.2846773475823787,0.3921304059632891,0.5503035511514147,0.5354683004186946,0.37458250345953786,0.4400466928427338,0.24557083770565602,0.42485449615053483,0.375006040297987,0.3054129202813468,0.34209590822549296,0.3193350781195524,0.45673902689903156,0.3636126926808213,0.2796042996718832,0.5243531050152233,0.40979623167633833,0.45562642283241483,0.609817545845355,0.5633795576360623,0.5845442117624873,0.7520247193992542,0.5918461544416783,0.5939668919485344,0.562617627047191,0.7811424568322302,0.8145223455445825,0.5088104584665102,0.6397764593104492,0.5634953766411162
108,0.32599854250871796,0.4286047223723489,0.44862799002312703,0.3678968097458496,0.4926027495671994,0.29975668022422275,0.3660246503000572,0.5790830911103035,0.47412037068994106,0.31534751115545,0.4311015371542942,0.290407698400896,0.5514423997664046,0.33170550646887115,0.28113962861234026,0.37799584531430386,0.37518045736084643,0.46366561601365197,0.38974439114739146,0.3329119326487239,0.53675877867179,0.380439191729313,0.45889529107261207,0.5167171993360948,0.5561519667578025,0.5837329403551861,0.686511535317707,0.4678907301609926,0.5820299892067307,0.6970449979445432,0.8089819249679399,0.8865438123925045,0.5362679832715473,0.7364648965461755,0.4879137339469285
109,0.39718685509314144,0.39757488189531404,0.45428954046726805,0.4677540364955786,0.3887054417229193,0.3120111233448056,0.4381560695003726,0.5856209580869861,0.45439480380078384,0.3903787546648517,0.3507956501476184,0.3357496876449417,0.5138029759408966,0.33982020098687815,0.36224662288227283,0.3189509928786479,0.42017566238794835,0.5367115818826264,0.46816737905225697,0.354053482076549,0.5992523459885628,0.38732277832238676,0.5255330915204119,0.501745204055372,0.5549604563195564,0.6054953552493594,0.6972949596467625,0.45249273592827244,0.5832087042760965,0.6850259693755811,0.8326058887972965,0.8826237132404067,0.5596697191103823,0.6048887004978014,0.5531392079082951
110,0.4675394289882355,0.46643668622940415,0.4392496466324256,0.4726692679179806,0.4560852826387319,0.41131507568051756,0.3957881856463198,0.5458183584340988,0.4878591427133103,0.24877376443094543,0.45742253957707857,0.33079142235466774,0.530667853980732,0.4287383790181208,0.3254640543555211,0.44368807641153174,0.40503537052798577,0.4859150023838642,0.37659570452180996,0.25162567367165883,0.5420477774575377,0.44437033369598605,0.4397830854995355,0.47779911461955316,0.5212026834732577,0.5629806687557413,0.6784548158590009,0.31433164555246085,0.46719396808603136,0.6002688857149654,0.8522828627023452,0.7411083151408393,0.5391891142414629,0.6884783443720301,0.5838966161428568
111,0.37680672107572283,0.5099426721861102,0.3466032753195646,0.3435000184099226,0.5160333192821984,0.44384381189020033,0.32733911960724194,0.545793079616741,0.5102485668874199,0.38200397101181377,0.46796079757611597,0.34242427023792876,0.4520252586391039,0.3417204969362436,0.3423447935133337,0.44753499355714443,0.4235652876342335,0.5113807194694636,0.44569321840841875,0.21424900728026772,0.5958480989247581,0.35991954776124674,0.43224986435542806,0.4847293510087635,0.49752983784605775,0.5152982389491787,0.7828881070925753,0.48288797682946666,0.5567477484696781,0.5747053018137368,0.922521527447232,0.6877420320430216,0.5033187418553363,0.8115185404613094,0.5893148075215944
112,0.45969895808642475,0.48756825754873334,0.3987742310496134,0.3761347426553248,0.48382873226246037,0.41139028730382654,0.3672359635389603,0.4628312241747109,0.4783233639608142,0.31797536678040517,0.4485100023049742,0.2725102802375194,0.4505263550312173,0.3418604958826127,0.2534692187924845,0.44494936114874584,0.4089450957522695,0.4842923601069212,0.402102016963681,0.20253550194783482,0.5495436661689435,0.4483860971591137,0.47281951702103,0.5666103906255534,0.566430687775495,0.5443353946764019,0.7530595259139852,0.5351151424334597,0.561090338441441,0.6573435913068502,0.817617124068621,0.7711162416143604,0.5122388484845805,0.8156835596603442,0.5006926569544781
113,0.3936432574825578,0.44361232566039904,0.3760705629820135,0.45598335532908446,0.4285843190015139,0.43469012050987466,0.3729662596655837,0.4445811690519005,0.4423558859931097,0.4517828627062799,0.4326440673029992,0.3425978361959776,0.48764374955374035,0.3204852084139189,0.3325443550658065,0.43783124916269756,0.4180456294451569,0.4727930455887027,0.3917561732349934,0.1926220623297453,0.6459448327112216,0.4077836739774186,0.4761484577638896,0.5196809762405091,0.48123989410849777,0.6695542581305908,0.6782663215814833,0.43834026506887946,0.6983691850313933,0.6132091985963254,0.9664673276024807,0.7296838853417886,0.4678889331775246,0.7502787964245088,0.4577604597709227
114,0.42794471243989074,0.4788054737710709,0.360211594255303,0.30320841953014843,0.4558720611463051,0.45078949560205084,0.3565891528652846,0.5229371671160483,0.5411833862237687,0.4180303156847355,0.4445036431647067,0.2531034543189041,0.5200680212013546,0.2670955798696385,0.29556905780339165,0.5025371222688999,0.3473029676904215,0.36986173184161686,0.34933429335750554,0.2777011046926747,0.4838712029801873,0.39991192339032666,0.35473076740110776,0.5276939359166912,0.5218831302712305,0.4476829051795582,0.7552500857736528,0.6342083171137685,0.5502561388534204,0.7042485969286125,0.7303853359328534,0.8200139700661719,0.5316397847236183,0.6838864971153533,0.4761183389263921
115,0.391970868498661,0.553781343315611,0.34883555161110863,0.3427757771504333,0.5018887358979008,0.28587947120101587,0.37481975660688566,0.360114391949379,0.46413765956555597,0.35753073425371246,0.4416733691245778,0.30932414743419945,0.4621535909377995,0.30198785063478134,0.3312801538110465,0.4446558708159517,0.3035271505800168,0.4371793358414017,0.35551695173266146,0.2115670966785338,0.4920930124908709,0.47796345963343834,0.44630707283780935,0.474961516645929,0.5117140645823134,0.6007926508087998,0.6646872855500277,0.4693728191811328,0.6284459881388027,0.5818523561664757,0.8605212617945698,0.7354117190893192,0.413093972193951,0.7180734088365994,0.540464736635736
116,0.46375478727906116,0.4041561461162625,0.374224728731019,0.2584643610527512,0.4214526829825495,0.45469062655289616,0.33416851603585807,0.5610080228695067,0.5076129288885812,0.4358774156185201,0.3998069968391506,0.27303562926078884,0.5355550948769341,0.2725692430050308,0.3514557714405559,0.3292948393886759,0.43557314048435747,0.4519394667816261,0.4017359025536368,0.19968198909946294,0.6221325583684687,0.4978701184830545,0.44972083368829063,0.5389467428487731,0.5830380935477955,0.6290140799043542,0.738591102221847,0.4820570892850148,0.560479250860609,0.6107220999741751,0.8555274528114887,0.7757292595386879,0.5023521839500066,0.7645647143809852,0.5310205304595108
117,0.39445920558460257,0.4916108717182138,0.4795280637119278,0.4120254586788189,0.4541962205814115,0.38266875987669347,0.38766032234990916,0.6212622626974591,0.4354360125712427,0.5017830974192966,0.35615116015054094,0.32420530871297704,0.4355877520741736,0.39190991106300416,0.27493020518322253,0.39763406452072425,0.3778175682275911,0.4398789308287958,0.46843346205426817,0.2319549474535441,0.564908409246928,0.5101973880168882,0.40386451233831894,0.5386387535365151,0.4886352967752917,0.4685931399591802,0.8198104223646981,0.5626137458859435,0.6370792202778854,0.42798849020899166,0.9058423583140256,0.8407342736649537,0.5094550061090901,0.7234120430093337,0.6053500704042006
118,0.4212167471706975,0.38154636651889795,0.3693562058689518,0.2695098059432327,0.4120021928157717,0.4363905850149124,0.4060552547896434,0.47112339923814417,0.5779114368181941,0.5355703440339399,0.44606193222723167,0.37179068445794494,0.5105083711749496,0.34523082797245036,0.3193205069651392,0.31872091172752864,0.3483186787796744,0.5122501298254152,0.373051761652406,0.2910008490410486,0.588707559001135,0.48670044516244093,0.35817641559844443,0.5175566529518894,0.6058292001942429,0.6714294098547791,0.7357756055382442,0.5943058162909157,0.6945431099500106,0.7307029844831675,0.8660636344667746,0.7867442054376261,0.4281160735029248,0.6590432985093141,0.49328322209751696
119,0.4850049305009283,0.5290770864862062,0.3172678370789821,0.3845708883950987,0.4588741232749821,0.3601109298863494,0.3525847660659631,0.5071765313166318,0.5570648308660988,0.4487192516806029,0.44641178117719016,0.33187050581291067,0.4606986852670838,0.3131849154221872,0.25136570094716915,0.4529044470052025,0.41521148360049065,0.4433789422556075,0.32213083040944257,0.2194716955520538,0.6099297183077027,0.4761000449859613,0.3545222659099707,0.5204945257698245,0.562673661834156,0.6132781445937663,0.6846488365747936,0.5082235847643232,0.6224191622003595,0.619951661759752,0.8177283669805634,0.7760113752633219,0.4816652905563338,0.6919338410097366,0.5311128725191023
120,0.38516311780281054,0.40336842172321596,0.36413468963054485,0.34159271609152875,0.43172327117930853,0.40001772782687134,0.39708539591573466,0.37928102800756486,0.4723678826920896,0.520517842712658,0.37601001462952627,0.3735420167144435,0.5410869947092428,0.38037731898578286,0.31363926937589404,0.36660539892282656,0.41711306876630877,0.41956480400141694,0.356715748639444,0.23338358662313224,0.5632811864342928,0.5128776374192399,0.3935819588645258,0.4450286544821477,0.5633876808623736,0.4679829008542617,0.7944607447741265,0.4811795644481102,0.5844125772601932,0.5293121724773397,0.8590177615997925,0.8535299190502489,0.5366482934035305,0.7036928195436035,0.4893777077067725
121,0.40723910756424975,0.45560314680926406,0.40787855912984766,0.36661027371762317,0.4589476649355024,0.3617067131187026,0.34260936462044167,0.4835883274442463,0.41505252446945823,0.5199854596525499,0.44963308128828494,0.27362075907253613,0.5251910984966219,0.28689111767723985,0.28503513456462326,0.356904796763289,0.3875447583309254,0.4813402510876764,0.4396413692202845,0.19934625096924447,0.5677482899031732,0.47133260452207537,0.3922502892048185,0.44078696259395067,0.5470812093894724,0.671868818132444,0.796169875218212,0.5346755799863059,0.5235501512921874,0.5671535576273534,0.7549027341265588,0.7951340910560871,0.5392518492625311,0.7255082617156876,0.49640522598614684
122,0.3697253363728862,0.44348392529100866,0.34961134771626584,0.4038891158193828,0.4679738300582008,0.3640162450954917,0.3584829700924246,0.45802333502878634,0.5672310416111804,0.4645723817763777,0.477955406118328,0.3420034560195053,0.4578841035162921,0.37523548624700487,0.34750478413421504,0.4048499903044499,0.3771782069496858,0.42072097507957046,0.3958477424732468,0.32149355458692275,0.5671586975565396,0.4133347988241848,0.39524449367350745,0.46489869037294257,0.627042352809422,0.5684638227558505,0.7901734498660192,0.5982529333796887,0.5724332494667439,0.6140106286427249,0.8878817125256707,0.8584585397287978,0.5999816257346817,0.7131244792950902,0.4431850418469805
123,0.3939319141545445,0.4534925084975155,0.3111038278660087,0.2846453786850073,0.4589437007880076,0.33009683109638255,0.38935187485099143,0.5164262365251786,0.5160740967158988,0.4679346296744434,0.39605815527316135,0.3007637748297428,0.48708098881186146,0.3635508164361205,0.3400175609010572,0.387644369759701,0.40810394795508964,0.44787181903219964,0.31747995588528166,0.2992014025778878,0.5356175356005899,0.5311584615052642,0.4372463664615093,0.48902199909485594,0.5897154769469267,0.6189376295231326,0.789521945213002,0.5657704713091043,0.47722155592602106,0.6486822677646172,0.8581588952822621,0.757860195928174,0.5970745606288902,0.8138040996175127,0.562409397835854
124,0.3984540793285237,0.39889293109643575,0.3962762676003749,0.3710446085733815,0.41733275718864427,0.42481636999442074,0.42761225536228775,0.4385020453564643,0.44238218795897116,0.47608444769426145,0.41133771097138405,0.32559130392609903,0.3374930094767594,0.2678878943404792,0.3046524692102053,0.4028116041905152,0.36429584033573387,0.49781747725225634,0.4458211853687157,0.2453225275475772,0.6266048502123035,0.3830609189717127,0.43689391882426953,0.4043062005863344,0.4755914610210462,0.6580875625960982,0.789375575486372,0.5565844362950232,0.5329114471156031,0.4442398268179787,0.750852043315863,0.7110704448685607,0.43896800584866325,0.7729559248613156,0.3966359337177312
125,0.4546987815525754,0.4551876097115549,0.2705309140891626,0.4403429810059103,0.45628717709611033,0.45823313569886187,0.3786347605178351,0.4430007423147858,0.49600852984050914,0.35549299933380973,0.4706720601920349,0.3498167788875982,0.43840593775732534,0.3066171339877011,0.32032728365383706,0.4830857237554045,0.45776869144318993,0.45137448466831,0.388306637513416,0.18935292012539326,0.5438795622126479,0.3972029930073273,0.4075627165643386,0.4985368998272251,0.5620616204840794,0.6688152018852167,0.7597641416899357,0.5651321418635566,0.5404731863614907,0.7921882160256746,0.8415565038806678,0.7119186133654878,0.5220775416047958,0.8011764569856502,0.4546258714025322
126,0.3178178204276918,0.4581343508280927,0.346703625847652,0.39552997791938294,0.4892592361596743,0.3944669930584618,0.34928080904016956,0.45908028288424796,0.4528596117760785,0.46250316232484756,0.4822113119638542,0.2802505129320773,0.48161719138232517,0.34541446954804866,0.26055266716351655,0.5023300304006753,0.38697598604978534,0.3756973041607703,0.3746113760655253,0.277632634749833,0.4952564519726056,0.41954409745834054,0.4272717020256941,0.49201627912396717,0.5565989342446388,0.6373422872487744,0.7928980854588428,0.5900141100899636,0.5606350155181918,0.5781134825821841,0.8691242693557379,0.7010598931085343,0.532257980584049,0.8935251469124417,0.5082998331607517
127,0.3195131101337269,0.4198556922343587,0.391590196822568,0.47385325447827725,0.4211564910871912,0.397652768244272,0.3724890627283274,0.557082765959835,0.42623901587820034,0.5127392232452077,0.4364854671749826,0.24287464786732552,0.33746803359866717,0.3633843300020817,0.37852396291170465,0.4196261624482718,0.34788439733457344,0.4246774763765715,0.3514678376503091,0.26194963188940845,0.4447737343385295,0.3895385290518767,0.39910802205152707,0.4178025868278141,0.4581520353562874,0.5809565795805913,0.7133428225118359,0.5279894443957346,0.6498419140873155,0.5851921598455712,0.7553671152747401,0.6677164082690418,0.5248163827195886,0.8271552002751487,0.5426860097352624
128,0.4597175840690514,0.4600151868515912,0.38322159249650845,0.3883710183249521,0.48915356757025724,0.3552664696459412,0.3516808321096595,0.4014735170223851,0.4492063579150022,0.38475522525068173,0.4163193275214445,0.35021689473613565,0.4758058467231153,0.23686650733557613,0.32562307377330196,0.3894393316379697,0.3643466387169561,0.4467317292282146,0.35399634590732504,0.26137774460414503,0.6067188323921474,0.42224221908036175,0.4495930275902159,0.39161509032644315,0.5035601195186852,0.582670498711843,0.748004423057198,0.536301467871489,0.56261800963743,0.570564031962313,0.7903633927395031,0.7809882611584497,0.5643361531604406,0.6577668891325004,0.48940773987121156
129,0.392764555664338,0.4707475290788715,0.38051270706554596,0.40001042481123644,0.40336464631350777,0.39795175478075573,0.42302777406079733,0.5265921948224217,0.3650393243889144,0.4768375467697278,0.3384875630450832,0.33591295514860403,0.41841006155466887,0.2994682625884444,0.3518607076439121,0.40045109497463194,0.3650243682394806,0.49235654693016523,0.3459494126820939,0.20204608367131452,0.5771501853511857,0.3979574155823972,0.39578226677790285,0.463307717364285,0.5209439790424063,0.6364391681980098,0.6871920118692099,0.4480496200773312,0.592694688011324,0.7049986263256971,0.8097753631078457,0.8030544635270447,0.49992851136847677,0.6369265857485513,0.49227640842728193
130,0.4632842834494589,0.5598034652490633,0.35149530844830223,0.3664115405235158,0.4201460576124748,0.39218501777686665,0.4045452993573486,0.517689564256661,0.5283949403635588,0.4092089741346535,0.40180823485007133,0.3184274826949798,0.43646653769679356,0.3227509501070856,0.25338926495322966,0.42409815705820153,0.3632979397901256,0.36052610140436614,0.3711998712374512,0.3999231247581303,0.46925723803129876,0.298876721950763,0.3984719844004058,0.4175072470062488,0.5587135461991081,0.6861396800821893,0.7585644177601365,0.49363990365932603,0.6491862973204148,0.5377529127604049,0.8638786343739426,0.8124302627703508,0.564780014543091,0.7101449268704925,0.4268196093729729
131,0.47215475939107254,0.403341491350116,0.33839318030017174,0.38319553258946315,0.3939626436786427,0.3777492074268165,0.3364170620177398,0.44254163548479125,0.513358844862537,0.4193110357240306,0.32203237605808566,0.30237396660667804,0.4954067887039957,0.2992928481567063,0.32961103089108357,0.34769332343736853,0.3417846383706165,0.44173837217981693,0.3483098437155969,0.27856566465669436,0.5550154029904386,0.37810351465340114,0.41972798795455474,0.41727982578117573,0.5306254842130781,0.625622178716817,0.6541975331547694,0.434216808565091,0.5818252045073402,0.6820928696860521,0.8236914234262178,0.7255431864648075,0.5610544114583308,0.6112835998108399,0.5347195203477005
132,0.4125350765511763,0.5128718369068518,0.35639745638978076,0.44997812081215915,0.4376691924067361,0.48270946182039626,0.32638920423619383,0.5163841215911313,0.4796604295185257,0.4931031050515846,0.3532980678215846,0.32980211904438145,0.44332477831530614,0.3523155223801046,0.2763826614299303,0.4340810724053365,0.41161132377162,0.44694614361930085,0.38587044734719883,0.3071189064349867,0.586338445522838,0.3372439735559646,0.4086627471437061,0.4494478025931493,0.5375400072490686,0.6812837349861607,0.9241869677634589,0.556863636407357,0.5063888074527289,0.5598430380349578,0.840023377531857,0.7685912988249548,0.5289245181641016,0.6821390150130976,0.5238687675217981
133,0.4025351179650124,0.4524796567151357,0.44844957201125324,0.3310247719420653,0.4649315000795263,0.3484729099023479,0.371158264932976,0.48085113896958875,0.49088101012049956,0.4444572297535969,0.4248120465348203,0.2855325207330195,0.44286976913439213,0.33757042867439846,0.23037394026535254,0.3523880550695285,0.34369021047446335,0.464276748263594,0.42771094551384964,0.29190701511143335,0.5600211662969461,0.33954773947591926,0.34765213355917246,0.4094562059419963,0.5028257573153369,0.6578983363262383,0.7795881408801257,0.5379589494748194,0.518346078417634,0.7606473002311209,0.8840666062702017,0.70392259385982,0.45993657526333476,0.7018158134804694,0.5118029302660996
134,0.3791945178125572,0.37001391238699316,0.36840502915843554,0.34406208359129675,0.4355384546778033,0.4655126848961175,0.3057256688552716,0.4367540980104052,0.39716430036566086,0.5001702638190508,0.4070742057394987,0.2857225830261588,0.4609564395042529,0.45109048822632614,0.3014743760361027,0.36775598076905747,0.3868310259509419,0.41459053470740004,0.4215525996991008,0.3150432710810615,0.6142830529014244,0.48646200171104603,0.33878715968294826,0.41905618226806407,0.46662478387360057,0.6419441751671016,0.6862190090998285,0.5666066093204754,0.5872823646757739,0.5831042880488182,0.7544594460523166,0.8427597918767176,0.5222825971609095,0.6345120898552434,0.5064833509434985
135,0.5043995476727273,0.4931309436649509,0.3040608609089307,0.45080249468187195,0.5186491668364365,0.4445516682754067,0.3889218116889539,0.4475267867688593,0.39121049261026986,0.5454478097870396,0.48003157550175224,0.3417797719531883,0.44149520845305107,0.25792182497806765,0.33587189414532415,0.5004479435993061,0.4088457652239511,0.3984785276340188,0.2845286923576421,0.2991553521452,0.6300636384433593,0.4427882040517621,0.4006960856138942,0.44420806259528045,0.4620646253666407,0.565570200666387,0.601734839404266,0.6119940807663484,0.701071930158636,0.5773453544152772,0.8805103229705706,0.7336062675032561,0.5506900526538856,0.7574180127051868,0.5351361838481872
136,0.3362349241755122,0.434225387822234,0.3576868931878735,0.30725530165588877,0.46169833236464075,0.42063323115061957,0.36724081628722016,0.3393737740499705,0.5312133363759135,0.3407901444153878,0.40107913979609117,0.2966110006560863,0.48704295393958236,0.26696215742858576,0.2658213164292419,0.4831748854583332,0.3288093959391061,0.3975722018135871,0.3240658295226367,0.2920517078352103,0.5513104684503818,0.3987739855298061,0.44400481232944444,0.5099387988343704,0.5904731887693349,0.5678146995532616,0.5960036136991229,0.6098495845324329,0.562731984830086,0.6184396832390795,0.7822232292457861,0.6886516768471969,0.5421234564437327,0.7007796327301585,0.47641891262665326
137,0.38249807720698714,0.42098176521490654,0.4014010921093591,0.39862579322712843,0.513592718828813,0.4260965218795214,0.40035125602869215,0.5578831993889228,0.49198076462285667,0.4538220658837943,0.45653501427227283,0.2812536800730843,0.4202752155474272,0.3141699617629453,0.23978389554108398,0.4992779317565475,0.3921238460948374,0.3816298502698851,0.4203477813197477,0.38589466509610126,0.5881205494709641,0.43494383465887765,0.341666506182916,0.6268126388729212,0.5812831475021172,0.6424664317702209,0.7245858939646128,0.6824968678843621,0.6355110067375692,0.5612341297818991,0.789090117253168,0.7871840028736675,0.4995493840843552,0.8295608061615816,0.4894962807561668
138,0.3971655580038169,0.5427617014100067,0.3426404778858435,0.29389271181202514,0.4834794828786887,0.5050703870196684,0.3746469705045132,0.5137108028677128,0.4214851306073215,0.4589448101570918,0.436010911901925,0.3735156886280705,0.40988756579711894,0.38598563674553393,0.1650708536551158,0.48576833255875007,0.41525506267213874,0.4202232149639239,0.45882714937892977,0.30201837759278405,0.6283955345532751,0.35547263545445457,0.4426199451465851,0.5877535753076628,0.45574057660150724,0.6564455369324405,0.7742206936467483,0.7588888235845858,0.6390195195452323,0.5922078829075617,0.918006092878606,0.8654057695003191,0.4507739970949667,0.8290505400454289,0.5705652671464476
139,0.419108454558987,0.6045172329592541,0.3916209489247506,0.41389785528133516,0.5577062827327857,0.41102464024205765,0.44107480764164847,0.5643895901364855,0.4767773533982296,0.46226724993901247,0.5560192584427633,0.36351623398130134,0.4592159488059572,0.3458823537721851,0.1842928210309296,0.5264247499958584,0.36224763339833466,0.30773173164702394,0.3736508048881098,0.35505145548811956,0.5873111437446445,0.4227870483876546,0.4112823551484736,0.6001908355923686,0.5050027830681869,0.6795141804467069,0.8055728087681848,0.7115831879253185,0.6166418793145714,0.6802457097447627,0.7885729459769986,0.8001344291052725,0.602251616623805,0.8307808886729879,0.4595385643052904
140,0.36469739480832175,0.48264104095540117,0.38224194025744085,0.3669199593918816,0.4564652246560826,0.4197508384269622,0.4243347458111921,0.4167731656194361,0.3990458826535397,0.5287573686954467,0.4332162441032021,0.3098346504532472,0.37580154531876736,0.43855010096994296,0.2748329192213526,0.44721834441516783,0.41307624075634974,0.463280938452153,0.45102472402675603,0.3493862301872155,0.5710003658420346,0.30302920361539054,0.35018223322328124,0.5106844439752916,0.497111086846883,0.6013893305842501,0.5769439859055909,0.5908225755844958,0.5799081676322478,0.6079577208915508,0.855942477641888,0.7371839533674389,0.4568943152138299,0.732275455183917,0.6027101073193177
141,0.31952821013655314,0.49957922488950424,0.41320787418246924,0.27552009965825064,0.47269896787651156,0.3541761010659512,0.40382924172138057,0.5497662244342717,0.4337868211235013,0.5019614534508816,0.4754645970123089,0.2951939276972475,0.476514989644811,0.34661466796768925,0.27564738034375835,0.3970715072889155,0.31914065194225755,0.41067805681115277,0.3997747567982298,0.3551912760906967,0.6040894251866611,0.37461817270887743,0.3439695055704062,0.4918200229731947,0.46536385144235015,0.6275194184421549,0.5970552351784687,0.661605779475787,0.5386369124946898,0.7000440456338124,0.6477567747018501,0.8133370536403353,0.5199188404539135,0.6724585459522259,0.51384838189226
142,0.3357752140252469,0.5497599212877604,0.4307144286986476,0.40109316376786475,0.42197479780422104,0.3721191688025086,0.37098858820245173,0.5259750930688059,0.3782321795402058,0.43789724054701584,0.4047483200803635,0.26603523666820816,0.3938416410775052,0.324952730012687,0.33493140240105024,0.4258589142367466,0.3346135455670409,0.45812811227685446,0.37405112901505394,0.28844657924480005,0.5523403366303721,0.37789702371492273,0.4005340404916986,0.47706078512216527,0.42906529056028464,0.604009258915185,0.6957782347723809,0.5416587767662993,0.5242006589520546,0.5981184544382419,0.7042387254044895,0.954606298723282,0.3933170953415297,0.6172398801528374,0.5102868658173552
143,0.46630637946995085,0.542783866913169,0.3932519500743038,0.37676521991325895,0.4833268308272808,0.45808910096442623,0.3439723148596265,0.5357977946000533,0.4902498837521464,0.4069936419689918,0.45612881378240766,0.38248959937747684,0.4213206399405068,0.3298187944614934,0.24164258415345435,0.42034552147401455,0.4120742610603454,0.388873221153742,0.46878430527480586,0.32648016294458704,0.6260642921100872,0.4011902841143166,0.38424649167911673,0.5539262935715161,0.5117928550670072,0.7450976515511553,0.7621084875226327,0.6346425499809418,0.45081170913763813,0.8183536553921458,0.961613690827394,0.8767266233173276,0.48652358692457676,0.5812249465375163,0.5699076054924852
144,0.37104770908775453,0.36195029685772295,0.30714516920819784,0.35319170224514274,0.3278606128357996,0.41714023023686964,0.37848073362507656,0.5669343864741236,0.5106601479545243,0.47210624381221855,0.4322143656292323,0.3349489382213334,0.5340665233441368,0.35279001579515645,0.17728603425673573,0.3647611910789121,0.32979813796062285,0.4305157496233796,0.34944717246816825,0.39511093733033975,0.5319292005443914,0.3898908967383103,0.37445038171656864,0.40500095227895994,0.5723232683666286,0.665987171019748,0.7186778290505522,0.5325997319828797,0.5330017741295545,0.6786046031393733,0.6922038269746025,0.8446709600288544,0.4646615642894496,0.586429641404588,0.48013944092043154
145,0.38161888842553693,0.4172612765287812,0.3910517842284901,0.34480292227646453,0.3156326947679784,0.3997712973363666,0.3630736656676938,0.5264633111420914,0.44619600064474746,0.48496780693942687,0.39336025299317173,0.27263097654975516,0.4494158620972328,0.32169258173716275,0.24807235279539958,0.3878310703945296,0.3526194228157603,0.4940776816226677,0.39227684268244356,0.3408476362965354,0.5486118888531278,0.43009409781233554,0.4492666797553536,0.48523772448245084,0.43594281994291106,0.7028075503682378,0.7389430513505805,0.5181426149739434,0.4738119073982652,0.688730023619811,0.7611180702140928,0.7885967316940778,0.44251090761075274,0.6453767316586879,0.5398604651803234
146,0.3994220168088485,0.3398473094701283,0.3589240172952823,0.37981433917818086,0.3641628337097946,0.44316762870347826,0.4339768185427655,0.5268725964920202,0.4472539244882707,0.5648912107738605,0.3550372138343405,0.3548096595623215,0.4813199733952933,0.28008958881689705,0.279974172586174,0.3998263769930118,0.3962842458603099,0.46658463279802675,0.40671550669130424,0.393861054547616,0.5751345444921635,0.34042533263183816,0.4622211433378228,0.3753188093126944,0.6294122912588918,0.7357253414178592,0.7318913412289054,0.5551551303954112,0.48835900584748376,0.7266870057073028,0.7801195935181295,0.8773233264179934,0.5050864266409802,0.6395420028054396,0.6324976846213695
147,0.42013702812679043,0.4601508224996046,0.4465989972936054,0.41926584786667925,0.35522123412465956,0.3794642768468057,0.4323110669193396,0.5563873551549101,0.2960777942114371,0.5494895773430603,0.49533334908035265,0.3044375820463197,0.5007065602030698,0.36860982845879386,0.23470734741588883,0.4355789267999652,0.3944705576544379,0.44822820655167406,0.474974120107297,0.3827043613782592,0.5899156522985867,0.42522794211945547,0.4162523094146627,0.3909420144272968,0.6290344786836284,0.6002845267593262,0.823150227246333,0.5592422860896389,0.5025541338503146,0.758133628737138,0.7350770070636568,0.8382042657326911,0.5546204593205482,0.7384848724417442,0.5119548797122337
148,0.4189781696839586,0.4036753644523524,0.3417658911062601,0.4338080295192488,0.44222746127805124,0.4717284862529073,0.41017255002948505,0.48694273823496803,0.5119271262352952,0.48429172329867853,0.5259323796031916,0.36165540758437315,0.545521759169526,0.3052138233226306,0.26426089583843276,0.4230674830939911,0.3980908463058245,0.40236575106791195,0.4268049895606677,0.36428859092212645,0.6323651192396651,0.40790590258385095,0.39925879172929885,0.4193532605812736,0.5673173076120294,0.5985341446559704,0.6582252507263944,0.5953048189487349,0.5276023792779374,0.7475051378604591,0.7643330897609651,0.8935558377607993,0.5165722046087324,0.6734254022159745,0.5159938795855602
149,0.41121551210729146,0.48141095989265514,0.3717173514331786,0.36636217917227976,0.4183198360411057,0.43343944227671694,0.2745937104213141,0.5492732081419709,0.5376132339801397,0.5323054428398314,0.3993637238548673,0.292975230896699,0.4830453509944599,0.2812808422414323,0.3058330041114443,0.4406188039208957,0.3758191280377053,0.40516136813144554,0.35590735218214964,0.34814656188927506,0.619731664855227,0.37920390508700647,0.5508362542035958,0.5123107816370241,0.5291067207845762,0.5837409073494872,0.676374324494055,0.5743746751282889,0.6402338881721829,0.6798026725228827,0.7771394387709429,0.7639396971510823,0.5394706258223605,0.7566362666951805,0.44785392163651905
150,0.4129752873263963,0.438478874375786,0.345628761764418,0.3307950397852969,0.4118772138628537,0.42982379350990935,0.41387567954860915,0.5195750782426378,0.5022594673421596,0.4550025532233862,0.3980825848130496,0.21542683248731606,0.4161207268234106,0.23214337817036423,0.1622130364079048,0.43674765553500283,0.44254940778774643,0.36033185515441046,0.33348281679179803,0.2974229852834431,0.5973415406916756,0.3802871084879008,0.4238833977470565,0.5182635776121576,0.43323075653711396,0.6711387736692148,0.7115486733580325,0.6212804538944751,0.46570478916465763,0.6892394789318945,0.8159165381489804,0.6607605690509013,0.4737514686826176,0.7675916195247569,0.34399906370965627
151,0.41923809993954897,0.6367457274273454,0.36179754417764265,0.4402476018493531,0.4623000724186488,0.4009176646771276,0.37485413496739317,0.6551920625532635,0.48540239351181214,0.5815035773411819,0.5392703463286805,0.304972225587987,0.49664793301702304,0.2768878816754634,0.38243809957157304,0.48742238221567347,0.38964765222289627,0.49735920864559613,0.3876325882213908,0.25313738137080377,0.5244569364526483,0.44449624957607153,0.49562279787066355,0.5520682901809115,0.501028257032081,0.6009127256959803,0.8101845764471115,0.6564492332269665,0.6700099466650584,0.738468250897944,0.8152198826651288,0.8655183847151932,0.5477639245316926,0.7629465792322454,0.5599209334889644
152,0.4490529871797534,0.4678102595077418,0.4198993364407784,0.4751913415843847,0.43548862010988576,0.38841195114955385,0.3752274116150709,0.5870869065641726,0.557739882187327,0.5887686604056672,0.407126562194188,0.35311710860456147,0.5446694585499461,0.29279953529575786,0.2395244139092619,0.44459356888281404,0.4023895336910618,0.4304528845190728,0.47186039305770944,0.3334716600440255,0.5665522284133739,0.46943047793337167,0.4568747478159464,0.4423981799796784,0.47819647658262376,0.6273213087121416,0.733671221963223,0.5595106985479685,0.6021396416616882,0.7231014057504093,0.8483791259011102,0.9175700750144322,0.578245126800409,0.6374973275333802,0.5779406616180767
153,0.3541535036867572,0.452898470927272,0.33174648414428387,0.300066445167225,0.4314989934896239,0.4619558752207329,0.42895083197210476,0.5065256693842497,0.5230378436520349,0.566775011596051,0.43614316518624563,0.3205079068519719,0.49631173828619096,0.20202954602923412,0.2113096243155596,0.40244939045482647,0.4068374094924687,0.3951987252572863,0.3270673644568139,0.3737047313708692,0.6228156143074194,0.40976650408369664,0.4430946407517098,0.4254134634800949,0.6012785244753581,0.7722679519489337,0.7591974190134593,0.5794560506493305,0.6721340037965507,0.7557919069707543,0.8537121004346905,0.7841593954601906,0.5496784804680005,0.641910560052435,0.5501015112064545
154,0.41801636609588394,0.49142103747248067,0.4619134312419889,0.2695571531617361,0.4227714831501759,0.42147009987699957,0.3457205972164551,0.5669101655266898,0.45934037603201794,0.4192759409252489,0.44376117241005153,0.36054158592117125,0.3687482224253702,0.2169685860107848,0.21363779368511435,0.4270227028034973,0.4016229800713489,0.37110226730110774,0.38526921114543977,0.25541208205367183,0.5012085039083765,0.4869774909440998,0.44095482751855736,0.3734706231621636,0.5085719960138955,0.6855452082266487,0.7021992874555267,0.6568281072080326,0.3922100365906187,0.5656528364956676,0.9142052374697867,0.9111976768373954,0.410654422968705,0.6593060203528305,0.45703818816684716
155,0.4221484210912166,0.45226651531444684,0.49348752279979263,0.39296688989802087,0.4897305145784308,0.4280658057847865,0.3657273842384222,0.5175554411019732,0.5298552468043605,0.56232791085175,0.441492824822176,0.35028949200625864,0.433310363044327,0.28522479210151375,0.23658023890655494,0.4604688278359934,0.44880566899627394,0.4517775605422658,0.43883616492018374,0.3692163420629357,0.529653430376648,0.5062157133237497,0.5295966992259293,0.38362009459963475,0.4356931908083017,0.7211556352454901,0.7968000721648782,0.7470067391908284,0.5657148402702159,0.5941335901241356,0.8539888108929528,0.918414192136692,0.5007307240302525,0.7935731197764762,0.5582081732760374
156,0.30890601625025343,0.3816218463464097,0.3765030280179367,0.4108109266547179,0.36969048037697033,0.34408987194963947,0.4654662510244335,0.5583590154537627,0.4735911258561142,0.6013395513426883,0.4048967367560343,0.25515687426702655,0.475086455522465,0.21932876936591045,0.290690825792032,0.4208193195559483,0.33190422526271113,0.4662582967750287,0.4274397688221963,0.3413325254824182,0.4536924785133887,0.462121626753348,0.4439251714343476,0.49705158979806396,0.4182075561259391,0.6120051084524734,0.8902841904019215,0.6531934658046161,0.5263593543157856,0.6442305833957539,0.7622376479389562,0.8263125131494014,0.44780132290366714,0.6587110009471262,0.5550646585602674
157,0.3947925749621358,0.5307090314647852,0.42593735255223864,0.42625251404319964,0.43985275292057535,0.3629149703181819,0.37078696477448536,0.5998593704429624,0.5084247370603181,0.5550629675663055,0.4269288750285273,0.32943181062942006,0.4406986631951787,0.3145872113992396,0.2890768017325849,0.42275214206150713,0.3975660021027334,0.3740728264433699,0.351859457361296,0.30697838354843177,0.6693409167632257,0.48849573786824374,0.4134086248245848,0.5406979821973892,0.4046180428854753,0.6342966269549706,0.6701594557968515,0.6620555840554192,0.5314613026236069,0.546451975375779,0.8435113013141796,0.8010150471132932,0.47671103638608414,0.8908770726958457,0.5372316917006472
158,0.4021725730260138,0.46755840010727756,0.36881721975895787,0.3675246626862082,0.40105178642019096,0.40433879242890014,0.2815100198784698,0.42958623325545053,0.5442877534289101,0.5669966723871998,0.4879900537158991,0.32152628193707056,0.37877697205731176,0.2803865313742881,0.26754488718856473,0.3935643441622595,0.4174750258395571,0.41878237563472087,0.40704427870075865,0.3461645523545925,0.602568411266734,0.46196727434231866,0.42476145453940795,0.4424556903505702,0.37938159729618676,0.7411115803393754,0.7996166608697735,0.5572443163749577,0.5373806792532537,0.48643929897533866,0.7565946602261366,0.7403122228467256,0.4067042510202803,0.598260649007275,0.6435421022513953
159,0.3968437758221838,0.47339064035355094,0.2968359807032921,0.422878104067556,0.4300125931096801,0.4203569729848279,0.412405020068607,0.4291914690628914,0.5605880701675701,0.6238683815143298,0.45601149581818845,0.31954831155211,0.5033037680264016,0.3259080677241488,0.24354437074998608,0.44348950775780593,0.3535943284581688,0.4155310350581093,0.3458187091197653,0.40216895705057587,0.5865400079566379,0.44213767237365365,0.5212903889552415,0.40055702074170163,0.469788879856078,0.754464064490477,0.6514893184685286,0.6183982112190585,0.6513527901611036,0.6632783044864882,0.8691934805090238,0.6722045545644947,0.522993594813858,0.6170269245928888,0.5912304216605103
160,0.43911713065808533,0.3049937381627857,0.3151994590816721,0.47275642785712313,0.3515650643562897,0.4484435872659916,0.3670641972051725,0.3486754619938062,0.4998535839896472,0.5268493148829261,0.3284041672322616,0.341395345196851,0.4480658910045915,0.22062918069447326,0.2520963202937217,0.4061948507382114,0.42367943617230014,0.3577871407314001,0.30674359674737267,0.3528523574648596,0.6688701125171764,0.33484091753474765,0.441796193216367,0.4033979291278415,0.39169629672856926,0.7331432269948494,0.6502338554207678,0.5152699575042117,0.5654012927594052,0.5371835914154568,0.8486790947313014,0.7018884078738661,0.4528106789001214,0.5290412524816148,0.5949453609346832
161,0.4112827723985357,0.5112769813118947,0.2556824056531799,0.3224104803617872,0.498786162194935,0.35560437676878565,0.36826904860727233,0.4766429904084263,0.5834133710533581,0.5131577077126893,0.4555204981527059,0.2673758803756464,0.5322214574813384,0.35483323002696854,0.2793274228872061,0.5001576262503715,0.3003314516569911,0.4207616458345738,0.39851268040119836,0.39026284538864264,0.5166587982756652,0.5595026038451888,0.584225588036744,0.46635503936091205,0.43249296863923276,0.704718692693314,0.7306759215064125,0.6298277609604723,0.612916242866236,0.60315655303385,0.7785021801756297,0.842750324689417,0.5541804418985967,0.6619950448576075,0.6894764841902037
162,0.38792946090378444,0.5134977339657417,0.276826369423267,0.35580020514513416,0.5169889589723962,0.41389802566003087,0.35031111930703684,0.4079845829382967,0.5254690201921386,0.48995406269804653,0.483985674650443,0.29626275899906496,0.44822720128137983,0.3670007780979424,0.2885398385013873,0.47686523518628254,0.32960786054180546,0.41017718682706816,0.3911126666650395,0.3200078472746889,0.6063485621991492,0.5268260091564816,0.4362073956665176,0.5689114114643489,0.43014263162563243,0.7144577652986885,0.7540085539166248,0.6401001848865489,0.5038800354883399,0.6008719093459075,0.7539169655981801,0.7920201924834072,0.4277019621132766,0.6678340723759006,0.5567528145898974
163,0.371123737361556,0.3663677734736216,0.15225897920647813,0.35278188431694185,0.3935269312840871,0.3364928307360242,0.4509599678731281,0.40051629824457885,0.5957030832383103,0.5194402035028415,0.422896361789627,0.32756861407261356,0.42634998139905417,0.2513453470585769,0.30877795033142275,0.4596776638152496,0.34885522187704054,0.4390367172486942,0.4041954926179314,0.35730605371827906,0.5670300011752754,0.41660535305690966,0.38541253331526737,0.4723749202604747,0.42358069508631047,0.6423443551038197,0.646269883397895,0.6214164407451466,0.6556697016710441,0.5976928863011756,0.8178286160226507,0.6786560931017127,0.4416015115312688,0.7000429994592308,0.530581048248882
164,0.45092944054112455,0.48639482680010804,0.22459057531213944,0.3570322667423668,0.45401064474656994,0.4734160337994049,0.39518286236939454,0.5528260691342263,0.5604223623170356,0.5502810222146293,0.40158266918299734,0.3134637024775012,0.4526687657755293,0.17660448973440138,0.2868762286948782,0.40050072788384783,0.37886449775862574,0.4765440280897686,0.3209679392158623,0.2888676923751713,0.6504380393075235,0.5232405284030501,0.4456454423841747,0.4928149255505639,0.46107537334214,0.7123249986626965,0.8331601131455011,0.6170575921733082,0.6178563226673789,0.6765832183186302,0.8084589824504074,0.7979844629215187,0.530787152768659,0.6963582563857329,0.5986856614320316
165,0.38376162928901447,0.4552854670633105,0.35548170176253313,0.34683025224841757,0.46190506878284526,0.4336778696337821,0.4174277563429563,0.42865477621029846,0.5024869196997238,0.5482327305970232,0.45196352281373176,0.35945432320400594,0.5265597982811047,0.26112418447143737,0.30970367195921933,0.441569272441549,0.37690476936670375,0.43851147283520453,0.4269504362964657,0.34727859579414855,0.585189299809195,0.4669053446180545,0.5226839799115965,0.5042667722585469,0.395435063720896,0.7164797002429566,0.7552166755127615,0.5795077830259407,0.5459855274417529,0.5609101109296651,0.7426705185426619,0.8930479501328216,0.449619346411797,0.6905511459759777,0.6438364692361968
166,0.3341235262695143,0.4663340664665184,0.3396435745619234,0.3625715444324965,0.4693356745419045,0.4028742510542197,0.41397942183064973,0.4394162127139588,0.5627012917608363,0.501173124854819,0.4412199804117385,0.3005524861336815,0.4996938869932993,0.31627382514660307,0.256784095603906,0.4384630460491882,0.36593167630404166,0.40169428441249644,0.3571165013164438,0.3410378519707701,0.5934848422720137,0.5027145708614434,0.3796538491796986,0.5559334439949315,0.42297355284927024,0.5915552979713123,0.772015454315512,0.7711147391376603,0.5623278159259069,0.6304681421831575,0.7624414552695761,0.8151523788311772,0.5056589848619093,0.6161103989120775,0.5977742418479124
167,0.3709651498155711,0.3666322234205682,0.2738524612127797,0.37472011220707385,0.4780602595382225,0.38348979086954404,0.4204387436453467,0.39943577398467767,0.5645813377689821,0.4742105453448079,0.4472342047785828,0.3009454311972656,0.4860575725770613,0.30729876373993514,0.3164706975476328,0.45475759374143604,0.3572947470359444,0.3515675844190177,0.3608084419333433,0.39503424325279735,0.612343043308829,0.450464384548586,0.3952414703654563,0.5547301788612313,0.47342126655305095,0.658513045002243,0.8342569411915258,0.715479816522525,0.5434628385990381,0.6604938712709563,0.7303526093436616,0.8991420410371254,0.49165250541872374,0.7898311018212495,0.5077760456200224
168,0.4030587406204077,0.4141938292688913,0.33433363976313774,0.3833174673449389,0.4538019809077357,0.403607037824975,0.4145058917030589,0.4508409606791873,0.6067720843960712,0.4965687681974367,0.5066571953297958,0.35243094480784026,0.5302798718302076,0.22313404891425734,0.2771159778858752,0.47785425943340726,0.41206927516436165,0.44862092105468054,0.36201059319598317,0.3383291659848249,0.5229733679210063,0.4213547408251572,0.49999003415912563,0.4805820431428113,0.5774637882057032,0.7684704349145963,0.6911554117846116,0.6176403050412084,0.527959684462231,0.7114559599935668,0.8444921531635325,0.6549518887989668,0.4992463988213623,0.6296768690965829,0.5852948007600633
169,0.42421812774256357,0.4492386224143553,0.33339910626504954,0.4450393783331156,0.45689327470356056,0.4056133925110863,0.36406249988439787,0.29973253770150365,0.5939927216316158,0.5072766478366916,0.465767692026137,0.32463086625615817,0.4430474034743531,0.2954170881400624,0.3514642902547226,0.4257578232095078,0.3641359958017017,0.47944433537048775,0.32966093837289945,0.34452919746494554,0.5870930264596006,0.45727654426961833,0.4938844846462783,0.5769459753162858,0.4874566995827744,0.700515713404238,0.7459211889336812,0.6514177018069072,0.7463006920867948,0.6425192161310518,0.7585887149875713,0.8834735541608165,0.5219919861710822,0.6552812669253445,0.6861312811306073
170,0.45041618706360276,0.41955984555730247,0.31873237912104013,0.4376215295213637,0.43377729063026366,0.42609440132406307,0.3956117426895787,0.365321587260949,0.510304254207474,0.48743892213475004,0.4404724317160118,0.2506629352309704,0.40258245983724966,0.2634071888724019,0.2568117715010296,0.4540480404790411,0.3385618048437935,0.48680995834295715,0.29208952458815096,0.2886800445624409,0.6264694374756429,0.4355192875750505,0.5608393687519837,0.5286124155270868,0.4794015719866119,0.7275487986119291,0.585567189948374,0.609651429375661,0.5889934570382052,0.6204039096129357,0.9207816003568101,0.6804023910898735,0.4746457668721522,0.6013671369269389,0.5991472094226781
171,0.40442999252781364,0.44231147127598003,0.3032582513142763,0.26693125749274615,0.43780130059383027,0.4623371069758547,0.37206381544838985,0.3454674467582332,0.5069713486137346,0.5019316722839443,0.45057836608865237,0.32885179181384205,0.45408372437056926,0.21908382128152293,0.32669491872598794,0.3970685007646023,0.3983859571309749,0.4407937909583297,0.3473450905172197,0.34413991136094857,0.6627648278278688,0.42046384032670325,0.5722005447682097,0.5656432436378271,0.40199371542310686,0.7846882318913877,0.7113911505280083,0.6553808503787621,0.4979550183148005,0.6701254388417686,0.7988214797307958,0.7545966458492117,0.4424702302187858,0.6657583419721562,0.6033643600346171
172,0.36133423965787204,0.4880820297563485,0.32303452949551026,0.40226975544453775,0.41824321543665594,0.44227729597564364,0.4640735994656286,0.4053493749601616,0.5899887405452351,0.504213157416789,0.3985421172617244,0.302465395826906,0.48160877439076066,0.36283458391748036,0.29304572196655665,0.5180739318358528,0.37366604034211043,0.4398049173394199,0.4147757729963335,0.4347452127343816,0.6232641555423664,0.4672753535603398,0.5772262678139911,0.596666730990999,0.46680415194950264,0.64496645025267,0.7121725649002209,0.6587386067843093,0.571398659497954,0.8019086487529504,0.837394694596743,0.8249163258061241,0.47467372514262457,0.7253877383876988,0.7211824883905438
173,0.4408065943186958,0.36132020045433294,0.41169082164440124,0.35270430524436935,0.4538532869314486,0.38404302382973987,0.38603649673092677,0.4150782044075243,0.5710669386432713,0.5381950795475726,0.5034069710584499,0.28327518824572695,0.5226408155998332,0.40980121988237567,0.23342801643169891,0.48426315184820257,0.36912132171589307,0.3805847817724305,0.46087350743075706,0.36897317248140915,0.6891654802998952,0.46356087211890673,0.5472073611343297,0.5344670234325072,0.443447144097925,0.6865747005770324,0.8364334558968289,0.6618763090257164,0.6047464423194913,0.7996374043442358,0.774664127879625,0.8760719363440415,0.5550943304380357,0.5796922359273888,0.6875314184390854
174,0.3967516825409929,0.499941708773198,0.3483023658740038,0.4323242718136623,0.47319889369460333,0.4042337904527692,0.4618258760384791,0.36148728660043444,0.6536919170568228,0.5654236184083596,0.4373803640846051,0.3255405031681117,0.5956092499049107,0.3654627949096829,0.24033109366659058,0.3708373797568363,0.320814707045729,0.396066256521592,0.37251085891953994,0.3807024509358371,0.6027275129110206,0.459676394390621,0.5828889971593787,0.6256995266942835,0.48778141384913604,0.6835448402365555,0.7026966789135376,0.721790274477069,0.5802787282206952,0.730953760260731,0.8891173870130122,0.8170761682173606,0.5361349088612852,0.6974245635367511,0.6192079079272963
175,0.38184124019411136,0.5688246083700892,0.4262559160945353,0.4033391250260632,0.4689984966057045,0.3848565143781953,0.4241674581369226,0.48350458996947987,0.6201793788967422,0.5470068848083527,0.438853770963442,0.3133271273726692,0.453691953231423,0.462530756424802,0.37512250634825783,0.47179210413108114,0.38721420327219297,0.4781480359372935,0.40991025182377666,0.2901849470275395,0.6305893376963286,0.5025000928121715,0.46593992418517427,0.6097559658289406,0.558554688461071,0.679214545850457,0.7029506788847777,0.7681594573694317,0.5496263221008876,0.7359871834647603,0.8034448414563989,0.8394744545775181,0.5386611702909707,0.7586199966680779,0.6894458836399011
176,0.445298535857243,0.5884201448382397,0.28096749244046815,0.42414639353200595,0.48593455928232543,0.41524844060187144,0.4030655063823626,0.35164924011183957,0.5358435869066345,0.4935045907433065,0.44145077561369966,0.23196833731704183,0.5285159099470966,0.30530516895552573,0.2767316990788703,0.48202442063322004,0.37312579612131824,0.4190249198499182,0.4104691962545609,0.29833941312234025,0.5517413327872526,0.49248970516480384,0.5915657166377616,0.6062219740378414,0.5125629207992876,0.6113619402475637,0.7493067180004988,0.6020261849453481,0.5903540910793321,0.6978120253480373,0.7255250985347531,0.7793916152037992,0.5393469260025296,0.6720456324626449,0.6346360275194314
177,0.4496434144981015,0.44448583537398356,0.2748837789494652,0.4159973731534618,0.40255385629788953,0.3771286002071198,0.35813281401332875,0.39676034584096437,0.5727774707147211,0.5317683131135512,0.3875008326966084,0.28552079089987226,0.4458207363932759,0.3212606080518774,0.2429421278161807,0.35510426477088863,0.41745170001465565,0.46770692294225613,0.3552422815104408,0.3256051526897257,0.6708302154722499,0.4928883531911657,0.4923552678622372,0.5077217646106441,0.46828020879319665,0.7377830540340022,0.7021616372871635,0.6283041211300703,0.6386266319499152,0.7061901317235331,0.798065594192874,0.8281078132309855,0.5016695026931867,0.6220991902977151,0.7097178665612164
178,0.41408276383414133,0.5109831105877443,0.3471685786958245,0.401807684270989,0.37728612828210106,0.4657868818774348,0.41001271318312904,0.36017975091410515,0.4780528343405671,0.5851099828176827,0.43543208996861943,0.33885958524170057,0.4276527176364101,0.3877339654526585,0.2975728243020673,0.4404838522743185,0.3752466456682983,0.4411451820036619,0.38714119296604155,0.2839034362295645,0.5808108260425835,0.36152882606839565,0.45167818695564504,0.558860124957801,0.34890459170280375,0.6718820613503185,0.7032838909577876,0.7442229917070499,0.523945027925753,0.5821851003295332,0.8293439492374518,0.6543477993880351,0.4536383062491753,0.5607118083879126,0.7085845778826154
179,0.33618090181299554,0.470265255668998,0.293937301895804,0.3972334035362934,0.3405380986575946,0.32316717296293257,0.37061424001352344,0.35540858253937235,0.5499732545847549,0.5623670619995736,0.3998556468103861,0.25397538841639966,0.44842545383306576,0.2906357451338899,0.21802829809431468,0.3700948076600422,0.31426848992044976,0.4100289246208534,0.3660881656143442,0.3381746374744981,0.5482167417263868,0.38084193964935803,0.5056760516449401,0.4671692928313171,0.3913214441851986,0.6358492848894923,0.8286844141443961,0.6414492138261563,0.6091027410816816,0.6505215099287089,0.7855642818304875,0.5706383551015879,0.49802356882306215,0.5824770702679005,0.6704268093070653
180,0.4354024939735743,0.46745476818418913,0.2342337017765827,0.4369083717198027,0.3458031347253231,0.4190381959703007,0.36887570855115626,0.3535287775648194,0.424489151716651,0.5588087135499326,0.3834042941594439,0.295188907749949,0.42265434433224897,0.34134939738602244,0.25401405928908044,0.4082296128823336,0.401079139152147,0.3701406280440316,0.3534543271398346,0.229192178925735,0.47758439454917023,0.36072759627705847,0.428758276400986,0.4646273483620605,0.42186482909593837,0.6784955783323015,0.6048094326283107,0.6218581205095716,0.5965079141571228,0.6022970398107398,0.6522100966667073,0.7341614300352972,0.4422456805691294,0.6118711875024225,0.8569059133213348
181,0.49100406545269865,0.3778117284478464,0.22277329224454595,0.4452347007470164,0.33573024993334977,0.4642689941291718,0.47386720562932516,0.4242223747463063,0.5996151542099104,0.4883980699960541,0.32539105858135986,0.3066093324749457,0.46876732005244814,0.3571769898845437,0.2293572252410132,0.33144117722925803,0.4033762679589997,0.5275329338910211,0.3957524545620493,0.4174018816576191,0.6514038640232316,0.4332971494042109,0.4281746634251014,0.45370623516076825,0.5749680401149379,0.6164801580865438,0.8126191716376137,0.6414490269444952,0.7085446570595584,0.6630130073312603,0.7652624867675561,0.736975146169693,0.508752835103832,0.5553913266867083,0.7270171053677241
182,0.3629234659567573,0.4660524480926984,0.3169166966922713,0.3401896133948793,0.3403699224755451,0.36988241898763075,0.4310800828734012,0.4974657800249962,0.5395446120786288,0.5328740475717064,0.47990652295860814,0.28966607708283104,0.47358013461766413,0.35859734850573727,0.2388572941604956,0.47581546172985,0.34500376894380935,0.3620030265376867,0.406277206125546,0.34032932482200623,0.5582342474236129,0.44679346956195015,0.46908460410115743,0.6019064823767688,0.5252321147700677,0.6434891180378408,0.7640421013116407,0.6747809567253447,0.5631196413945487,0.7853742421125118,0.5741979669916167,0.8222601960469804,0.502488303443835,0.6583059047768784,0.7208203232406225
183,0.4395129041439163,0.34872749090903277,0.24279714722104973,0.40091440293865266,0.3605579592686361,0.36762907075989215,0.37057320459215165,0.3990892551278702,0.5916195765875982,0.5090323099808798,0.3423442089622219,0.27249415322021786,0.49377284437417374,0.3472097465513387,0.24644932912750445,0.41631321524648823,0.3969654711700035,0.45673277715085686,0.3791469277003857,0.3767514357178051,0.5214480603447148,0.39443691269639064,0.4666124282352704,0.5398797823379291,0.4281291061476357,0.6445626976182024,0.7052613151094567,0.6948927053877947,0.6020933344136575,0.655698746210017,0.7404380947646263,0.763064595801775,0.5647743481974137,0.6074227695980745,0.7220708014134978
184,0.3947247606583256,0.555437832178304,0.1984601744447585,0.3233688460736977,0.5267156509722084,0.4010950417751849,0.3616313441739827,0.3056351123806229,0.5588733884866868,0.5891559429932441,0.4643048910378167,0.3208204028357742,0.4835250789166886,0.34122014869952,0.1879121721173227,0.4565293444371953,0.41766186346041756,0.45326543517851814,0.38046930071953977,0.33384772806057983,0.5588532609040083,0.43384145204898517,0.4730842781185707,0.7012172213400062,0.3558653733041714,0.6982916691401442,0.6381992719972832,0.7262256612078853,0.5337946416626609,0.6544426244179855,0.8658506793802492,0.708526503258359,0.4994728754612022,0.7567586092272008,0.8087325028445687
185,0.36774747680386655,0.4417365728598397,0.3836853378018037,0.37858076361095344,0.36637115618747623,0.4035499396665362,0.4160725623753306,0.4724476450558311,0.4969707709764848,0.483219862640417,0.3935499970935068,0.3055129273170768,0.4478240681955423,0.43008944265753885,0.20152459275632484,0.4076246799288105,0.3820177115779145,0.3782504377269244,0.40847305839203213,0.3128799071957674,0.4825942148377476,0.5099456871977843,0.3868635036564319,0.5311051379723593,0.4862791872061611,0.6316767826246512,0.841930808217401,0.6238261754671057,0.6050086163123218,0.63273678833985,0.8732647160967755,0.8643145106460395,0.4665200301859064,0.5803183063285189,0.6903420515762774
186,0.40234928947660814,0.42309924600655346,0.26289475491433945,0.3490610575561961,0.40499978864614805,0.34239002980966315,0.30817363394684544,0.48960981800351866,0.5231173788148517,0.5672441931711716,0.4241443799830582,0.2265313464026079,0.3844611278999685,0.3807703267161691,0.20471766992491297,0.4185094292925341,0.36838505211201744,0.36496607364313993,0.37630603552164144,0.26842175672482593,0.4998966827191109,0.46304854642495646,0.45325463948331257,0.4364232902524673,0.33776118349536854,0.6444603134600688,0.704267392671031,0.6055686733742782,0.5928561874676499,0.5405610532182094,0.8786058743511713,0.8015266385091411,0.4700431696520936,0.6926646701882162,0.7592076652943472
187,0.5489822338568122,0.48691113062030306,0.3460450006279757,0.3824280377016501,0.3257353163443507,0.44067245634434804,0.48056579332524757,0.49278099495569555,0.5427168572742469,0.5434262840411794,0.37142603742240027,0.3350034603802793,0.4770626826352169,0.32256384782347347,0.3268254156879037,0.45281009327490074,0.4174419543227214,0.44374706800587393,0.4382364799599768,0.38103219040522207,0.5812819118599737,0.4084260723269989,0.5126884884225018,0.5918709771141735,0.35902660077896564,0.7618176809798605,0.8492927333836335,0.6883431558275738,0.5558139983933695,0.6720218577208821,0.7926807729625535,0.8552083084618408,0.5598789500633105,0.7682493299941586,0.9282883998604883
188,0.44108820998140175,0.5073303185729684,0.25630357532151055,0.3752849477995436,0.42575161414335205,0.3541516683885516,0.3978053296981363,0.4726669958002197,0.5667696557758457,0.5348507881034311,0.3905317251856758,0.26357592714797645,0.5600246179804446,0.42644298956093774,0.2231737259811017,0.3609943309108557,0.37384109699911455,0.4794693305990148,0.3678880490898801,0.3780330316035852,0.5870261328338049,0.46835175402232054,0.4963567887508448,0.4854203337525783,0.45309827438352773,0.6396978223992302,0.6447640621229758,0.6673205828094144,0.6779905346051915,0.6442039704448316,0.776170103566467,0.6620138673913442,0.6180003411765045,0.6916674703698761,0.8600993289351834
189,0.43247501606184857,0.46459232328909794,0.31796552904723424,0.43336120450511717,0.23889060147654306,0.4169667920213499,0.3805559492687834,0.46294718494146203,0.5821668675555796,0.6036163466090421,0.4547106438438825,0.31673544703638296,0.4044124403467142,0.3324331599630262,0.21044543353906553,0.4189488527025499,0.4073890506063572,0.41261167060168924,0.4159944950082075,0.2951413137195516,0.591598658303331,0.4716523796779811,0.522775398184743,0.56813996989864,0.5464130734237437,0.7063610880894533,0.7783226226324049,0.6294873837416779,0.654140236433352,0.576491147943845,0.7944551630951275,0.699905988169498,0.5467603946501671,0.6083232260618228,0.979987095769921
190,0.4515743465013938,0.4629182554379208,0.2452235779933939,0.34443888500711484,0.3980719473431348,0.41918089455373053,0.5450899925682937,0.39726667926821646,0.6622137113628426,0.5258361655090946,0.47831473921706774,0.2641842600868764,0.5338737840531512,0.3522360240765223,0.1828382081018073,0.3609332738778811,0.4259356714584972,0.4722861673270675,0.34671046818203466,0.39978906236714684,0.6373505314145589,0.4036265115000198,0.46739335547173827,0.5706818017430826,0.6053651131368376,0.6591246666570296,0.7916559484778407,0.6135851824334442,0.669905034576278,0.5932552824261907,0.7684040141606043,0.6451792394860798,0.5356664394714192,0.6902979711246877,0.7935343354242977
191,0.32329969132734865,0.4617801199577366,0.33847226876661907,0.3253362514668096,0.37905214752150784,0.3011083323025462,0.462231912796074,0.5250540203228962,0.6035712639552105,0.47745163636026144,0.4864381579924809,0.25919100178565124,0.41084334828751323,0.30445235284185407,0.2064014262958575,0.4682584906772933,0.41250323036161773,0.37739230808369884,0.4139295100427597,0.4052886636287195,0.45043710657183744,0.4198841471801906,0.4747207704443021,0.5846941625240445,0.4679721890092117,0.5463324846251338,0.6568279361493253,0.6085352068246852,0.5793260496170742,0.5956732170554442,0.7282753235109698,0.6538970544693922,0.49935438253398295,0.7435023055022848,0.9367208588509935
192,0.40734332441942966,0.42911506555125056,0.31367630340758546,0.3112233113713745,0.33863766116569294,0.3257421224391699,0.4454378196195441,0.4825930898484808,0.7187277552198817,0.5268573029470187,0.39582770290769176,0.25601919099530274,0.5491714286895998,0.40481725910395394,0.15550986570180958,0.41312411531695836,0.4275059635702836,0.47543798562845646,0.39516528398916106,0.4706060440152193,0.576077411828221,0.3558847090710754,0.48598995912092124,0.593769661559691,0.5908160872799524,0.66212345946562,0.8193163855158618,0.6395092518967207,0.5858386353371343,0.7483724133609743,0.8031646404187216,0.6961082403291647,0.625552575634122,0.7225772597887239,0.8426215136619115
193,0.4781341136423591,0.4902119146640262,0.3820494626542189,0.365631492190492,0.37986472101019325,0.4127315489912529,0.40419799383283084,0.5152551353112824,0.5279325055772762,0.442310626513331,0.3935980464584258,0.3147667271531357,0.45085222465514585,0.4047390815583408,0.21858360449055825,0.40275916995368355,0.47077800558593735,0.43206758838589376,0.4880159164489714,0.31759659099407533,0.5851777734108117,0.38645260693857275,0.4310698990562818,0.602495666812048,0.3722538240907765,0.6876176254769251,0.7267396679593017,0.688808428163468,0.7025311315466815,0.6366026435965715,0.9315007432249909,0.8624277773456596,0.44893222188002435,0.692900980618999,0.9475162976989173
194,0.37342947683431427,0.4990049163326812,0.338452002046369,0.3787005784341686,0.4018079523922786,0.3605852734736006,0.460165133815193,0.3953949063172332,0.46329761688523985,0.5318371194537546,0.4746528890158317,0.25097770481503645,0.5370962032461123,0.3780432634242441,0.17128719145807153,0.5143739975727206,0.3654826577535969,0.4200666579065542,0.38932061147489583,0.37608396588573634,0.48958759609221725,0.32837738483949863,0.43858938860397845,0.5269887361414798,0.5059103679171788,0.542532427639809,0.6970226786912835,0.6998451163004553,0.6257188438184862,0.70589102153397,0.7570567084912875,0.7469320419195616,0.5410254169376254,0.5922102674549088,0.8955090329326523
195,0.40757772492558614,0.5539677801371753,0.3644707990866341,0.37344572591857583,0.23073703776067248,0.3651565919340809,0.42055534086178226,0.4588887779083699,0.5432228318327954,0.4833567328490329,0.43122899056262404,0.2393207477166321,0.4267766991579738,0.4028248726616137,0.24689023600747997,0.46939752346507224,0.38875083614419476,0.4777825311013783,0.3963387317993755,0.3951274677194119,0.5491790556904153,0.4622332728232533,0.546270670356294,0.5342459538317348,0.5911158271796202,0.6086982865057022,0.6446946307390804,0.6337961297831491,0.6370696235630318,0.6630676253809334,0.7606688315739599,0.7819798363507731,0.4246264109703895,0.6698460977559664,0.9534916515809808
196,0.3993035999376773,0.5032522973254565,0.30051066718404373,0.4075839240819007,0.2730127609145988,0.4263784498035811,0.4577937746783598,0.4601432664760222,0.5640220100463059,0.6051937054548739,0.4814624659958545,0.3172122163673271,0.47321540777018056,0.4380055855119231,0.26572231798802304,0.394630179583488,0.411048112119745,0.4613618667085612,0.4184947662669187,0.4159020599086499,0.5848014119881195,0.36651364743250026,0.47807970945179684,0.5384817681381563,0.5606637433579104,0.6385269697140001,0.7140241000405343,0.6644014757600802,0.6944186898230762,0.6713412897723375,0.8024765864266773,0.8365517771463616,0.49997821893382766,0.6007927141313945,0.9732645246070737
197,0.382428987405816,0.47992769219886877,0.34254622935719103,0.36678147904752195,0.2523027887387273,0.4206079275783987,0.353846540099658,0.3524043607529318,0.437553035938573,0.5803104968817192,0.4438493514013516,0.335784041913919,0.4304504506502847,0.370831823828494,0.26299995065996684,0.38801021201154323,0.4359193573624317,0.4682176398539101,0.3982596525022803,0.34793055941789797,0.505433938263957,0.4770363714741447,0.4793951343889351,0.4554186355915173,0.5780788593248171,0.5267684102131514,0.7736071130616275,0.6233079003942004,0.6765476819374434,0.6877173485054142,0.7170388449217949,0.7807755146923868,0.4840499132910241,0.5795011744055687,1.0479288472984254
198,0.43561268938774733,0.4679570739433735,0.3345867255291027,0.32505021172156606,0.3452283507083507,0.44175999174012415,0.3885389827763146,0.3244930541621548,0.572743273673491,0.548168429438737,0.4166715588011968,0.35273526055737575,0.5449598116248316,0.38571956645646965,0.2984887997376642,0.3357251954218996,0.44144372411177435,0.3493820721668923,0.4259037697545537,0.41550458004361845,0.6283098054427224,0.40522115418712157,0.4927061426275224,0.4897600388004426,0.5139972811359219,0.7444188967055765,0.770250116248637,0.5631646207181393,0.6291604459980109,0.6457943229565103,0.853218860872433,0.9373578494309962,0.5967591085710121,0.6054691709076883,0.8281955591138361
199,0.3783956320353911,0.45448952248988944,0.3456996705657085,0.31861189073311846,0.24645708185781218,0.3599665657962413,0.3831177827133042,0.384152526307205,0.5688788700969065,0.5660136481822187,0.39848350397878207,0.36695545709346483,0.4641460821131633,0.3064749233697499,0.25017539286909274,0.41504321062240923,0.4100775612240444,0.45729736917481645,0.37917403505296565,0.4117047169525316,0.6398729525122065,0.455042854019104,0.44630769059022224,0.568874939655823,0.6158521222206393,0.6536452577901991,0.6367167849917575,0.6146744735653997,0.652922055562194,0.713946803610772,0.7764816446555513,0.8044186215905055,0.5444478864702911,0.7692544277110693,0.9491344322509321
200,0.3681722222617996,0.6039060956434718,0.4937818038987685,0.30585178318097606,0.27596413495865185,0.42055858994274786,0.43937705671296645,0.4822816364911922,0.5467938721989827,0.6161832589572508,0.45141547357688816,0.3567644953455808,0.5058891750096323,0.42081394354742196,0.2723402291894528,0.4595291045371632,0.40103725631919557,0.44935190086641175,0.4333419340380643,0.3732142526616924,0.5239508567452266,0.41847612278169055,0.6298047489029543,0.5127831618348587,0.5408803551895303,0.5959266935592473,0.8031218384116934,0.6595147754839252,0.5910815466891719,0.6758581796514915,0.7995493622920591,0.9325977877266914,0.4987398066974728,0.6724464869761438,0.904527564309958
201,0.2866355099641301,0.5765548908673004,0.41049132703228336,0.3035215513498113,0.2730648663211662,0.38405506783621185,0.4343926009127504,0.4829096542713254,0.5634328411864511,0.6190493489027433,0.43474150742240525,0.27073887316344913,0.49396686824478564,0.3741231252364395,0.2415207661978197,0.332670974851217,0.38391211105341105,0.4092779763671735,0.40663743481585957,0.3847756663226206,0.518040997806299,0.3586075892134192,0.5194201743653863,0.5319933077947402,0.5318519503676333,0.5117257225076943,0.6991117018214947,0.5663605701880394,0.625364455237619,0.6737772824035717,0.7629243234141677,0.8378134559925048,0.49618284829299325,0.5822620205429099,0.828949341264995
202,0.34218720197735875,0.5894333810405767,0.4466103037387442,0.2573673151697563,0.28933831440255664,0.34576977304641615,0.38958854631556483,0.5671914065154002,0.4992249593673302,0.37525786696801666,0.368094043442277,0.33480045386509105,0.41746497935411836,0.42375962996555583,0.19369256285101286,0.4267086049314895,0.4221986798610385,0.36155693422617086,0.47596604080710936,0.4253018227963866,0.4573134189561411,0.4366353972756449,0.4108207513725216,0.5400379428339234,0.6410935944062746,0.6083255634909406,0.7639152028733828,0.6762199413866377,0.5507195935558666,0.6922532195385892,0.6649424746899637,0.9423503488151982,0.49076646831006976,0.7524504833318424,0.868041128395246
203,0.37501592701099773,0.6343294290005128,0.4374963347675421,0.3569900607043516,0.3041477212017839,0.31508097916650346,0.3311904452312414,0.5781396432620378,0.5060328738990809,0.6437016293335696,0.4674885374815335,0.2968725020010966,0.5110681174257636,0.3683519830835428,0.28132494131695696,0.47112491897181147,0.3134344618961419,0.43921296155219125,0.48624798802301644,0.357268310774421,0.5466634103495198,0.4662214809494156,0.5382469754168395,0.49716813572978547,0.5603582228345885,0.5524944245426814,0.8430790782746772,0.6227706251604095,0.6532022034374058,0.7175517144105984,0.6230916860251974,0.8596781452221476,0.5356432516482716,0.7256918340499561,0.9914571971286149
204,0.3823612696879134,0.4989053215730842,0.30694183955131393,0.24101570977717154,0.32647766629866154,0.41354427920649817,0.43342357548910504,0.41357127218401046,0.5888323495178391,0.5446942848362133,0.40204438363529027,0.38274932776336174,0.41042356874368274,0.2905338055120088,0.31718166703793094,0.3692490059009571,0.4252147877044607,0.46040900013217223,0.34832549867563445,0.35766976319999333,0.5851870123560086,0.34698175890708893,0.5247684170792508,0.5315975934063253,0.48797885755603965,0.5999012628936914,0.5991944364433873,0.6271003783006921,0.6654038717208389,0.6473601037776049,0.7705425451925544,0.7069358092985065,0.4882383873633201,0.6494923866327882,0.8279220600093513
205,0.4382565320642924,0.5433468238039767,0.39563618418692126,0.277238711855828,0.31716081555607756,0.36479633552050234,0.31275500087000574,0.3563324498054961,0.5754548985767544,0.612264349199211,0.3816826632841762,0.322616493760689,0.4311335438924109,0.3727479735549644,0.30478926403357265,0.2873930937318443,0.40554824966545827,0.4890237657757128,0.4141261256918095,0.3295435284793766,0.617348263715394,0.3356584910649101,0.45233859722827013,0.545226904223782,0.535259894647423,0.5943785098464855,0.7194615630109251,0.6596238230234551,0.7674923320820674,0.518168584279131,0.7871770645904566,0.7490768320658193,0.48680706032521925,0.598525991761214,0.8153668384793793
206,0.4899084485213039,0.5902745593612453,0.41103156132339763,0.2849576204938732,0.41673814399900644,0.4892748067878362,0.44348688093902455,0.4599095415769653,0.6012678642576388,0.5090320576166018,0.4235172951406465,0.38352091991912085,0.4859935463133623,0.4516362351574558,0.24991192707954513,0.4437526360298394,0.3829337166977854,0.3934669520875493,0.40964344866551655,0.406618608977807,0.5745885387359622,0.43795759481536367,0.47478293432776,0.5193223296942271,0.48390726545475243,0.6365018989841883,0.806333409793581,0.8195499730987297,0.5611262745897102,0.759425102348781,0.7724161103321305,0.8365347783895012,0.49877228407561996,0.8994116595136172,0.7437848577377879
207,0.4108834300805948,0.44595152608695965,0.3850519467700545,0.27780931327213776,0.27640854960350647,0.43965667240077133,0.3895255353145004,0.5750020370107074,0.5759494059466588,0.5476903239494304,0.39736774637066374,0.36935150524022714,0.49491543151911926,0.4508480595390315,0.30552879669411875,0.37175002824958614,0.46312573622993825,0.3603782134356196,0.41197394970416423,0.406952376370594,0.5713707608251266,0.40669664082816015,0.35152964481802434,0.4749392459174605,0.5011205162677721,0.5392927503992687,0.7776778271827618,0.629799171947623,0.6622460047972784,0.7095429864020424,0.7420129687490025,0.7834552308595117,0.5195320279145478,0.6630006644297528,0.7027187643262252
208,0.4609698376103112,0.5793351302247662,0.38067914357971866,0.1714676926827769,0.2610313795367295,0.44571660345272457,0.4208216049386889,0.34829881331905455,0.5991942469850806,0.4974620145964117,0.46996005952220443,0.3518556612859158,0.4605747733340559,0.4466274070276259,0.2731049220378302,0.4888105067935925,0.3857276351641661,0.3470154219859303,0.40187310703493745,0.39783640267415377,0.6209099715579107,0.4556856623419975,0.3753281844712154,0.5570583796995465,0.5118744396631956,0.7693017933216482,0.7111243095373212,0.6654894897619923,0.5294420669089113,0.6448560700802906,0.764846224472737,0.8952380581593903,0.5149109297853806,0.7691313039349739,0.743862456325205
209,0.5006811874035602,0.5651325965668302,0.42044317931883407,0.385822464151087,0.3763809865274319,0.4867284514045322,0.44877306941938594,0.42926115626339123,0.6996020023318466,0.6766823996886698,0.3961117952818746,0.3433801579876042,0.5390022994674896,0.32487144856520045,0.24382525848502346,0.4999189988628817,0.38431389277423134,0.5051002961637018,0.3784561877233038,0.48967637815747017,0.6219045193020131,0.37610128908112195,0.5410319558668533,0.598172265164975,0.6462580944365824,0.64722459581887,0.6766838967406403,0.7106696809807418,0.6717461250460239,0.763058893961567,0.6248927865333643,0.7815590316466527,0.5917034506870997,0.8308837004229594,0.9155627934416484
210,0.489058580066535,0.5613095195988278,0.4148361848206883,0.30350451003306833,0.3374247886635484,0.45961006216873784,0.4417843383451294,0.420777398626572,0.6168959074252958,0.6072793927132842,0.407364595541186,0.3767713076425867,0.4944144906967105,0.4104413788401786,0.2309459718554463,0.37680064054786966,0.35764351015487417,0.4098420095285161,0.4544217555773633,0.4280579107396375,0.7175507403844261,0.5262335048292746,0.5353333324921679,0.5111730239996021,0.5160015229150402,0.7449847058846413,0.7781760243486224,0.6742360728443639,0.6351024758769803,0.6701048273696295,0.7623577037127054,0.8993501159196826,0.5432952643114554,0.7942099109867985,0.7603972311057791
211,0.4513231926067285,0.47749245320627703,0.461193495695119,0.3587194126236455,0.32697479832599885,0.3775747067215552,0.41958601572448373,0.4196230498000651,0.5794793841985142,0.6423558844915017,0.4253449920323833,0.3038468108629602,0.4828571413617692,0.4534243365856163,0.3327634466238068,0.3728435166483628,0.40470763243364116,0.4112515726689531,0.5368519410821796,0.4142144781162619,0.5813495929378851,0.5429048406951331,0.42605244025844013,0.6027412414436996,0.5444141997637882,0.6621026303980677,0.7708290874371242,0.7042176954280899,0.6355324051395956,0.7645657746139218,0.7942038735317003,0.9265842063524584,0.5112419916396704,0.8859776231847998,0.9373446853949472
212,0.4240967008586132,0.5955430826069319,0.4000917283025677,0.28847507038629017,0.3818045498177762,0.4168064509353949,0.4102237992406208,0.4667469166049129,0.573957752143425,0.5738715917809012,0.37766497821898976,0.3571691005203962,0.4462926154303568,0.3659692299051469,0.2792945580624117,0.38216362347076815,0.48199788678523947,0.35449534045610354,0.5021782727038441,0.34647274520768506,0.6160344853131732,0.5199246216231335,0.4778416034842752,0.5366775331337552,0.5485633181397108,0.7146108634076185,0.7204301897102187,0.6035099419559092,0.6137826452095145,0.692559379151122,0.8344072969451299,0.9299436489715146,0.49889865649251997,0.8428817331059748,0.7812840077037617
213,0.3953468222655687,0.5840258947483941,0.31794848564227884,0.3559617614100523,0.35587726492033983,0.4039824734178698,0.527983348474667,0.47849535810878413,0.6932719747228782,0.5659277622911596,0.4087600957569777,0.34978793109877454,0.5543023044852555,0.3871553160505439,0.3331227488169157,0.39706327537512587,0.3233483382821908,0.38801475694223014,0.42449940593250685,0.424582429577682,0.5225232642254711,0.49121752378546346,0.5075885887929059,0.5600454416812514,0.47349641734921655,0.6920235556989607,0.5681207933306829,0.6951928160901824,0.6881946510313446,0.6991615460277063,0.8001899241113184,0.7333203422223484,0.487176396665446,0.6882103635716375,0.9082957060935302
214,0.37173043533049027,0.628305636302452,0.44157011167587934,0.31007391072484214,0.4143339214764242,0.34259777875186226,0.38801287007865526,0.5236166957360424,0.4108721556704022,0.5006224110112022,0.4807602274582442,0.29760200800225445,0.4187829971763115,0.3461868468773216,0.2622577339287786,0.4756490390177589,0.3636989106067595,0.43386957637741036,0.4760358547390404,0.33246206193271266,0.5562550837145864,0.5885116030407521,0.5261517479037157,0.581157463773117,0.4122969283125425,0.6175091869612281,0.5941066271386395,0.7584670001401719,0.6278618865432095,0.6033921495257448,0.776883161761855,0.845131651971308,0.41792911620933526,0.9423904389256519,0.7719507303260893
215,0.3620117957458749,0.6042877078893214,0.42938735751640617,0.37587615583427497,0.32155736305490473,0.35872688881516657,0.40158008600555356,0.476216229521468,0.6427389203159815,0.5873521921197105,0.4001697429280085,0.2764686265048203,0.45427518698192837,0.3922981787723044,0.3174933880544688,0.44627419502111604,0.3650441715776054,0.4660631979077674,0.4613329416646563,0.36857932765210966,0.5198880952156647,0.5261880269531974,0.47578936068555533,0.5352841323861635,0.5395745304757794,0.6578764069265002,0.6847057496529088,0.6514761198675503,0.6624160422728096,0.6998274852019192,0.8478250704468497,0.7855389090805293,0.5496236458854785,0.7276023376880951,0.8892196714613289
216,0.4169868102339183,0.552618468156997,0.4201920558478756,0.41945532883125647,0.33346822295770845,0.41584641414723866,0.3599198342463673,0.44838197634537913,0.6175467858337175,0.4923778225172931,0.446616716686703,0.3494277413405019,0.4916422560299305,0.39170138046340347,0.31610127445077457,0.4765320626629055,0.3976243802206366,0.4251279099646061,0.4047252960301305,0.4070331006028133,0.6083177052287752,0.47506348723186553,0.46855794518166327,0.5501364904846466,0.46710936416018156,0.7384521715452564,0.6658962798471689,0.663171931453687,0.5447025171337474,0.6219130133837012,0.8029731833568778,0.7416063880228656,0.5353559316658001,0.7262179110782753,0.7931475030856359
217,0.5812827191657903,0.46925879727252545,0.37778179631140085,0.2921540961452317,0.291229570340674,0.40298288866991255,0.5044417508757493,0.45728253012452014,0.676750764678139,0.5638112781515033,0.42059214134043266,0.41424028890011794,0.4399380756794061,0.36230168267454377,0.28144706117787255,0.4014699899068046,0.44217735691842497,0.4147650583853149,0.39060145420651804,0.4101742929576319,0.7499615914127715,0.48241801873655066,0.4926523090907228,0.5136008861680135,0.5459652983681572,0.7663056898002929,0.5757336381599666,0.6297252269933473,0.5805527554341341,0.808108268121401,0.8330568851842562,0.8560017491117621,0.551625740270693,0.6797938881906227,0.8174229515142801
218,0.39335604668679514,0.5734243287141003,0.3543337578904028,0.33987504709227806,0.4176506246141414,0.3572248610804213,0.37189450671520274,0.3954708610033036,0.5600276955400145,0.4387064922532802,0.4639628126411832,0.38407791424366194,0.47823873242961523,0.37084404675776894,0.36333337591284054,0.4485855700377423,0.35406129538880693,0.4315023258161993,0.4389958563540689,0.44126345122941757,0.618816776775247,0.48061979729369836,0.5340734983356263,0.4708958629818344,0.5028083440941882,0.6298351131095304,0.6421234034399596,0.714610612445171,0.5248930084560995,0.6320711881056049,0.7838488017466533,0.826563698906092,0.5113224225584975,0.7863132731718867,0.8451532335011018
219,0.440050874659774,0.6010198281622268,0.46514703379706435,0.2638152480658023,0.40087008058952006,0.3954403778218518,0.4588922766084223,0.42903896262825664,0.6156932561339375,0.5634235527517776,0.4680811629130015,0.33448226362325995,0.4850315314420909,0.3995599345524725,0.38703935059286243,0.47040838019156794,0.4082473520571409,0.33973906289278627,0.42525689180656645,0.40340046589303713,0.5807065271726088,0.5241524034368008,0.4581547683267994,0.5591216725443161,0.5745855879382309,0.6391592880482266,0.6445454478682371,0.6524428786229277,0.584405663839951,0.7131809115082526,0.6793554749892512,0.7997772705878844,0.508067397772936,0.8024685561290159,0.924162986449032
220,0.47420589105996713,0.5766745444232532,0.3968163876556975,0.457145296114295,0.3195050395176105,0.40876496415162844,0.4508163048850236,0.36041837839132373,0.5717270714910123,0.6713680148344409,0.4608019386459273,0.39157035309598964,0.48701856036583624,0.36718835125421617,0.3409382840170963,0.3962761024438366,0.3944085455087395,0.42798279345442847,0.4391802280730816,0.4687804546108648,0.6684768766348057,0.41301710770396954,0.4663225451584151,0.49003309568118775,0.5094258817268261,0.6942949795529487,0.5589103332551925,0.7249895694297993,0.6351063214347573,0.7168383224618755,0.8074837470914162,0.8871786015866537,0.5269295561924542,0.7913535118658049,0.9136479876821714
221,0.45722275969373305,0.5397415912824761,0.35751650320510187,0.37958170522466184,0.34348456057192656,0.4313420594866584,0.4564236238058439,0.46985507100874424,0.5698998400920634,0.5842749427503784,0.4789604110178097,0.36928340836666634,0.5193960919518774,0.35653518168221177,0.4104761247529215,0.4899451668597412,0.42554335537092974,0.4827690815246603,0.34325639330421787,0.4091581849261432,0.5872428417542609,0.4572807649763412,0.3803285943394715,0.5093945908287405,0.5328612941724785,0.6948649940363153,0.6850602455457842,0.6195186599822031,0.606390819904064,0.7393760083497785,0.8165421227624834,0.8133743820532273,0.5129230142172982,0.7013978871965805,0.959418452620582
222,0.4303041980267087,0.530854027330834,0.36553233429566495,0.3184486678204372,0.37959099565058985,0.4862288604259518,0.4051514036808317,0.4362871924719574,0.6110004785594481,0.5252656979191859,0.38574898824748827,0.3681097172588117,0.44047834836946836,0.4445512508756966,0.3701345352327762,0.40797198698572956,0.47165517849972644,0.41082750899682724,0.4366676855986371,0.39333180551179636,0.6179339105535633,0.508737795195586,0.5258189524739767,0.5340849699618657,0.4996605966125691,0.6816844429271024,0.7414321459821156,0.6961170331968842,0.5307330564540189,0.7431738933796339,0.8146527046425327,0.8718332588725459,0.46035371741765674,0.8225935826693765,0.9461911175582501
223,0.5276370758510989,0.5727305507354699,0.3995951555762183,0.3046984227143362,0.3988494945389149,0.45235771971308036,0.42575029541116105,0.45147172409805014,0.534315999006246,0.5249463622442365,0.5346658300811508,0.3213455466552005,0.4780856492142882,0.4122945287562635,0.3617126371971757,0.47784082913759246,0.45759184209668663,0.4787378467055917,0.45754579676503604,0.40459835883411666,0.6129102524932315,0.5322746986690201,0.46130198751700685,0.5059854195854212,0.5361102266558618,0.6650182582211511,0.6533320524612852,0.6882906546188321,0.5664489385957936,0.6491023475700365,0.7407455056640921,0.8981028965553104,0.5397762152162997,0.7447830941138215,0.8904256998761402
224,0.484031533418013,0.43295746264226714,0.3021517590298194,0.3521958819203148,0.32404648471371994,0.45583871510579843,0.4006409722661864,0.4633535780604943,0.5859620302744875,0.5205155219816859,0.32136871209031564,0.359308381732426,0.5425180079062863,0.41482070078702615,0.3634223235172458,0.3249083447616953,0.42334790142923395,0.4257368769940017,0.400006451191933,0.43900755263116303,0.616186431869939,0.46622679117691157,0.4773843088301772,0.4189880159029892,0.5747992478215204,0.5893005669844367,0.6058618704232417,0.65260301614656,0.5389203502790142,0.7234233229218026,0.6797770843944717,0.7698766260407709,0.577785768469397,0.6454389844730235,0.8256340451140481
225,0.5202496484782069,0.6100227592735352,0.4024105424651703,0.34785797285553005,0.39537950380710996,0.4202693906253666,0.3887804108243427,0.5997816306413308,0.5381303145072891,0.5224498031498793,0.38977506118781574,0.36495298139127064,0.3555300616992742,0.4492582477480724,0.3293678475036288,0.4150260458107376,0.45119713870410394,0.42451880250487556,0.45347698972976547,0.41177116958348825,0.6832658317918745,0.5126129042131695,0.48490986798034524,0.48603989714005946,0.5678553362067843,0.6463820627090213,0.695374402102574,0.6707535751177641,0.5792839955645199,0.781203255622503,0.8642918670885339,0.9779510345513371,0.5838915410759209,0.7207550312345004,0.7619934828780542
226,0.4977931361414231,0.47659195568299423,0.4734264041330673,0.4353881776111007,0.3756479526457085,0.3821779423124739,0.4495638886198924,0.5736119329426695,0.5777240387185156,0.5304633447356271,0.4135852377049353,0.31387217535728174,0.36483722348072867,0.4362808677428297,0.409396341025532,0.4346536119519723,0.36577734965720077,0.42340748781192494,0.4634263954892983,0.42502262195682766,0.647194395294307,0.5022007128840928,0.5099000625627174,0.43123442846139,0.5200401247659154,0.6763676191679626,0.701731275769279,0.6705109449653857,0.6618119487598852,0.7368296472831621,0.6518088261431665,0.8921812183357039,0.4489360563759278,0.720912407541087,0.9190926977444822
227,0.44809004561775717,0.5287538281285078,0.3433679416668137,0.4346650878236661,0.3536203138338048,0.4050576057424502,0.43307581335278,0.4661356247611459,0.5195351028587426,0.6330089855076169,0.3846992371197836,0.2892929083766946,0.43896455007034985,0.390905723068422,0.4294011863852248,0.3979917611984798,0.4199553517341842,0.5675781864050533,0.3652014740846084,0.3631495500754149,0.5121300855979634,0.455832982925215,0.5527103949465846,0.4340162140042698,0.5305404494674417,0.8056810300342969,0.5933839271081796,0.7178257624203012,0.7049472272372539,0.725240461698071,0.6958248681220521,0.7862024460493251,0.5397147498337118,0.6940487157745825,0.9841101261738363
228,0.47136378235181164,0.5149317189723919,0.4531873928886916,0.44509650405173407,0.40231018599498686,0.39134150616031105,0.4080087534131952,0.3759047440147494,0.557574467069499,0.49393628517574173,0.4514887394459941,0.3421453345960785,0.43691038512942504,0.4564968530069383,0.3872386914610616,0.45363819718278653,0.3454685673604343,0.4122728961165298,0.47200287703090027,0.38896395299535585,0.5932922161098697,0.43985564365922175,0.43878208409743225,0.5104103254823772,0.5061014939486876,0.6375825670869104,0.704026571071156,0.744321366207682,0.6169425134335333,0.7607703330923479,0.7298287944240518,1.037550077369274,0.5758345902681825,0.72658235910384,0.7631667357951539
229,0.4980990350536525,0.5512393558019578,0.3892039160187084,0.3638412554281596,0.36997587728516146,0.3635167912452507,0.40561038126556276,0.28033296115170786,0.5357908206840514,0.5778726819258202,0.3161064430784441,0.3688710499117714,0.38898011722808806,0.4083569433705464,0.4051117579519475,0.3765567766309904,0.458107642842441,0.43253693808767857,0.3686792989025398,0.41184840219453345,0.5118514847402358,0.39954337686467745,0.4706992533537244,0.4476487832736693,0.5106833682707461,0.683256825916362,0.6410506987649106,0.6511817953789041,0.6279343914475064,0.721793000941678,0.7515471741561289,0.8368958064831428,0.5396256429329881,0.6616040783199844,0.9302544761210934
230,0.5862563550597837,0.6783612603279372,0.38582077662216485,0.4009044320755692,0.4312316957714439,0.44811044658365107,0.3793176869256306,0.3633971842109259,0.4783546233498357,0.5419887131432384,0.41515614592056044,0.34947410082576935,0.2802514730026042,0.42452135487989273,0.3739401218869637,0.4805921533237013,0.44700891365036544,0.40881726713546895,0.4189079825161952,0.35842400456239365,0.6351285980432991,0.401155098471503,0.5669793896267403,0.5448114950672943,0.4561203073980815,0.7419746751687859,0.6317517083577242,0.7089581697753597,0.6164348695900994,0.6188036005962144,0.7819032642849892,0.7751257225832779,0.46933841323792214,0.770735317824571,0.9148786956636625
231,0.49555385818166675,0.612394663694521,0.3198132370412696,0.3780581157411924,0.40788572968594444,0.361928470724475,0.42506833710937975,0.4074797307175584,0.6404955589130723,0.5215177903145991,0.45200241321047596,0.3060836141547256,0.43694127286540196,0.31650098602590154,0.46807359202871246,0.4964184531525118,0.3991052460077564,0.46994401231192384,0.3503118716504726,0.38531367750060197,0.598419979474358,0.4267082718108723,0.6012410634295065,0.5136951994304392,0.5495766936320665,0.6893068544776519,0.5342387248109282,0.6541729737155739,0.7197705476942173,0.8911509014350485,0.6748220840350619,0.8486480958462934,0.49008800511123424,0.7334131688862333,0.8102627205464383
232,0.4921819517353155,0.5244700709471826,0.3437418780794912,0.4304654193115816,0.4261689902093839,0.45767943935096594,0.4682142369755781,0.2470591180878246,0.6001954782611262,0.6652414662279782,0.42222049598185996,0.3772808595422956,0.3789353735255079,0.446041852153348,0.48912456180401015,0.46956592363224803,0.4247353952716305,0.48346209191642875,0.36961773077567756,0.391253853726659,0.6205032152603842,0.5021090708031705,0.6379396092865811,0.5011688064525299,0.4892813015537447,0.67962595429627,0.609596903282474,0.658590398731508,0.715683387088689,0.7595417402396546,0.771455253187864,0.8348479322986336,0.5155030486519065,0.6215069809062593,1.080722843337367
233,0.5400061872538134,0.587924096259572,0.3900665296020236,0.42105842399234383,0.42404855963999316,0.40047668838554046,0.4014859006850756,0.3195173539302379,0.5093250763367508,0.5296954139922077,0.4556526621990479,0.3013839555714307,0.36158535339677056,0.4043670887347764,0.41305749227101807,0.40303819379541056,0.34009842483693986,0.48285793264871535,0.38482434186950326,0.4723220852868934,0.529620404766669,0.3954778344454901,0.5485319322527799,0.4724149052304923,0.49275982560204573,0.621204632127508,0.6594368791111694,0.7864674373339002,0.6482333525990198,0.6344225801230949,0.7834796073985779,0.8128588966677356,0.6290827421438847,0.7243349376860047,1.0660186666113463
234,0.49368553589845393,0.5187813834570992,0.38254127604215477,0.37257748796892365,0.36629768039907795,0.45942612023776896,0.4608776994738035,0.3808411459183759,0.5159132142078328,0.4962628675412585,0.37360809809462314,0.3228907255072877,0.38962443671671665,0.38733889201013594,0.33179859891178604,0.4546628567278402,0.4967694769751321,0.34741265435945856,0.39460297895502616,0.449561935243904,0.6357095777325263,0.4228898120095632,0.49810996595626644,0.41806156751170165,0.5012692525079622,0.7363091383128024,0.6904042861192098,0.6059585816257611,0.5409860613717231,0.6460638879458989,0.8900456006838127,0.8737314671698498,0.5858185949302793,0.7193820489050375,0.754288725657625
235,0.4266869056335838,0.4810733794228525,0.4128939383715993,0.41410951945150476,0.36212517402095784,0.3902869716115135,0.42051972013735295,0.3607162377473599,0.5475754188460287,0.6270976456272594,0.41840396093153054,0.308639760908173,0.42927953345764525,0.486666027008787,0.3688986151569744,0.4378329453755381,0.38012812274605046,0.43870459294326686,0.5354476585230585,0.45461081352925914,0.5437879338716689,0.45454690082389737,0.4650124197827294,0.482576049122612,0.639664781686525,0.5586045649671385,0.7918582778975671,0.6427210285122993,0.6535903935985491,0.7605207298504587,0.6911061746663754,0.91880604687939,0.48756835758781675,0.7001915817201017,0.8639751108839105
236,0.3463824729481305,0.6618769116526316,0.4033431595530004,0.3784045355402503,0.38354373956150556,0.380541490093669,0.3648882533048995,0.3762992972493428,0.46457474088333606,0.6074359668103874,0.5675630001700693,0.29918202970084906,0.3338758815379297,0.37844612911731207,0.42036635365829805,0.5477728787399052,0.3855806339971405,0.4674948165224831,0.47530189442618154,0.3644678159886736,0.4318074498668709,0.4016982587898279,0.447716145943226,0.5526209904566048,0.52959363727069,0.5578329092371771,0.6169033091319379,0.7937620774386567,0.6168406855901529,0.6788263964466572,0.7028073684793847,0.8106853033348097,0.38055436415912947,0.7013257412470009,0.9211573106462192
237,0.38351239566281387,0.6401427319978548,0.4804438107113772,0.33589919928058154,0.4227528565283867,0.36890072204830543,0.34492858404537874,0.4480326945264169,0.42665786517143856,0.4782692944880803,0.47576386151705935,0.3009906516219628,0.31624441514998136,0.38236537026716255,0.3696183543305931,0.4474505023670482,0.4252458883771324,0.41603251990635265,0.4600525450716104,0.3265114377556848,0.523714357215721,0.3950293365311359,0.5860870414854267,0.4199899695178224,0.5089135541572138,0.6874254962024751,0.8877804753185599,0.7394098872268318,0.6378033689925706,0.6306560620453826,0.85223751810189,1.0084350200528638,0.46292319586298514,0.6821671223632446,0.9529446673628301
238,0.5396668403583853,0.6211257389648475,0.4667692356462222,0.32419564609298124,0.36213419142163616,0.4090754252884644,0.41968340868214526,0.43998173698086485,0.5708050495735268,0.49348999978115904,0.4543527918235316,0.3156316332325225,0.4277597513460294,0.4707109602356436,0.33766280799041315,0.46178710339831647,0.43291427845499253,0.3856629119279311,0.48059704146289817,0.371324635954202,0.6252999208618517,0.5269545064580383,0.47754041021593385,0.47060746438314716,0.5359199983949144,0.5487066551200497,0.7641455640742836,0.6255222196624638,0.6143053961074003,0.6849332664033231,0.8726099167533313,1.076229597910642,0.5683308348107949,0.6784136686223042,0.9135649312598644
239,0.4466235756434556,0.6332318262353691,0.5258652842850995,0.4222425647669112,0.3800965940838969,0.43244716138918315,0.41139186519687815,0.5568720430822031,0.41033575723350124,0.6084009905718212,0.46980396762665627,0.34675214024085405,0.35049293103026274,0.533202704128829,0.4365570222599494,0.49736389190345326,0.4386002908349933,0.4457332104590656,0.49009508865177254,0.3735060942446049,0.60035970084621,0.45044774695266376,0.574901589287696,0.4851352235491079,0.5732217010545045,0.6818199793133928,0.8447827729737074,0.6829575639963905,0.6086798966121248,0.6909952784516135,0.8322536943674547,1.044712861824914,0.48076086536183593,0.7522119242901932,0.9780296771858696
240,0.5118345918497138,0.5265112376095143,0.37614685676654874,0.45107373921634075,0.35887515330017755,0.41932690246696397,0.4180026945409676,0.5275357586463763,0.5840258260030144,0.5852699169878264,0.37354268230799276,0.27987675767360565,0.40877335818561056,0.45923373206198087,0.36707765110970814,0.40198925754892534,0.44199411845638215,0.44475941411600634,0.5089677581762654,0.44915049632763954,0.5908716164716259,0.42290032238605807,0.48015117399183804,0.4646658739582472,0.5110763730943464,0.6452642422561535,0.8150908594263522,0.8038355792767263,0.7123490213865418,0.6502078617016451,0.8047172067498414,0.8655776226389873,0.5749407744144599,0.6796916258009487,0.9483602739841868
241,0.43909566573872205,0.6877433672417085,0.4838686751783031,0.378810378751958,0.4010703919667065,0.42053050336147824,0.40420548859571015,0.4795083299483456,0.47800889167379385,0.482825194178125,0.45198278076377485,0.32891252669670923,0.3780044787691651,0.40039329557629294,0.39608345109583054,0.42991212756224373,0.49405664047538733,0.40178886772216127,0.4059391126643058,0.37937272368693037,0.5645531788752121,0.49198713349643913,0.49477905517621684,0.5107873855311211,0.510595010890899,0.7556520715968491,0.7020613345363695,0.7521315186673733,0.5113890441190219,0.6599007135815045,0.8108362893239834,0.8993762330818215,0.45734628247372977,0.7799862595281233,0.8730648282183142
242,0.5084228431680284,0.5494532740978271,0.3863921639796353,0.39581827985945456,0.3186707168258223,0.3784952182600596,0.39250572730000355,0.43171467479595493,0.6387527165926101,0.555487428389789,0.45784146355267347,0.3711480531714366,0.4276175002973551,0.4334189872402451,0.4155141840227021,0.3890597056828309,0.4956941348618893,0.43592210528566244,0.45718833806801057,0.49722316827134655,0.6071898215159661,0.4464866564330917,0.4950606916449364,0.38870577489216585,0.5698671068766723,0.688141562398322,0.8088801316232805,0.6195366828393223,0.623967418201509,0.8599781284440999,0.7267010997299373,0.8514449064622845,0.6076690610556806,0.7369525504004286,0.9413432486216715
243,0.47980317186966115,0.6756614994843463,0.3663290085744603,0.4117845261616271,0.40689063767350575,0.49104121602601336,0.41536532679461535,0.4325009289394929,0.5364273095672089,0.5083098484593607,0.46516870967571156,0.31049256525580937,0.42603790076733694,0.481783981190509,0.3926706689337613,0.45373414754555536,0.45455806874442234,0.43435489626778967,0.4210627347287278,0.3942026440830276,0.5998805561942349,0.5034907875391886,0.39906813738945934,0.4467758216389224,0.5669294850246782,0.6357483001327682,0.7278281574811576,0.7251238164165259,0.590657846791768,0.6579412785326486,0.7962798625147749,0.8928150492028618,0.4949847969615808,0.7577707138176053,0.8297026062128479
244,0.4599649149260151,0.6220271874846699,0.35599100531566974,0.4950883352111525,0.382162331166694,0.40390966942936135,0.3169309028796867,0.3899598104320328,0.5726320593413885,0.6198174285630893,0.5170732956720698,0.35661943323540096,0.3883488422065976,0.3816528895045048,0.4377991574073836,0.48538529435985267,0.426171911853321,0.45470052549920376,0.3569482196274845,0.3762557299903374,0.5675901396414775,0.469438857486419,0.5745837621445914,0.4542515455076218,0.5346171715053327,0.5829977831302315,0.6661490023636851,0.7162632069009232,0.5359763765704618,0.7468419360142835,0.8369334386592815,0.761033575806509,0.5216009250856533,0.6085914953648335,0.9610686607334298
245,0.3790679868678254,0.5800738940160215,0.4088589102219426,0.3324481889204456,0.3947514555954592,0.38906484182951334,0.4761567733989397,0.44242967516952936,0.5460777471644529,0.43825951982097733,0.3653123256779127,0.31226103737011657,0.35483747812999733,0.3601507889460702,0.2889320191088308,0.3702876052197368,0.38746213612594316,0.3348413768928093,0.34786475420639507,0.36913022071154333,0.6233901321941703,0.41885315809119117,0.46091597178916033,0.47288041949875814,0.43728880307570595,0.7051142073638612,0.6477038624506216,0.7264381635243213,0.49292488464822604,0.7241881077485209,0.8056621357450798,0.9379271544217709,0.5031439650753995,0.7185020118416344,0.7688934186670122
246,0.4997282331382465,0.636727700986971,0.3846889800655236,0.4559290424992559,0.391587035186435,0.32210900459090896,0.49268256590084764,0.42260019363185847,0.6283965918176366,0.5343275608123178,0.46988418186398295,0.278967683078181,0.38538461777061617,0.34243683529287117,0.4261601230827507,0.49222039068108675,0.37612512344496785,0.43135118014644175,0.3732861613661404,0.47780640717529077,0.5534425919054402,0.4957530247161337,0.4516159861729564,0.45058848958011316,0.5727623227182381,0.6223023716220399,0.7185812468788354,0.7645787548642631,0.5643080979460391,0.7526332825243404,0.6866664187867402,0.876917975820466,0.6487786210319917,0.8043549022094236,0.8734197827828671
247,0.50090844339998,0.6164608610035782,0.4026769588406225,0.3931069910743902,0.420787713605817,0.4651117908896671,0.3987354641314671,0.5834787604231793,0.6080168358803147,0.5868885241384789,0.5298090732112951,0.33711295705787236,0.422934813352304,0.4147761439584864,0.3710179628067998,0.40281298000197024,0.4524791999871661,0.47173358881035143,0.49119015280956196,0.4347321386923919,0.6724715097453198,0.4653156219640425,0.5061975631360973,0.5416725623177747,0.5477647622053422,0.6924525070270533,0.7959293353727912,0.8120034233548878,0.5224713860987749,0.7935952980494887,0.8847856580776849,0.818051434000703,0.5520177639270465,0.8399979260005082,1.0351355338308603
248,0.4574829696379002,0.6146641552909555,0.379821841230578,0.4379844974746955,0.42639185798250057,0.465887733053007,0.3091975080098874,0.5426615592611788,0.5877881038832712,0.5312180342972664,0.5673581351433572,0.32861526032103905,0.3034755983169468,0.40846785599518526,0.37149180642985324,0.4777296799215705,0.36915656536565283,0.4201413436260967,0.48039398967855695,0.3677533636108519,0.581491696282881,0.4937626989872123,0.564895827856402,0.5166065148178449,0.510580831110605,0.695439505690709,0.6752805020750596,0.7391872271093909,0.613985106463316,0.635995847275067,0.8381885642970655,0.8301412675244468,0.527913187444939,0.9050424468123426,0.8794837492592107
249,0.4292766105288015,0.6347150385282395,0.4069403814687015,0.4382349552595699,0.4088655977852156,0.32005325219874087,0.4223730870758634,0.5539297645234438,0.5246439586035747,0.5857511095604953,0.5041412572596916,0.30827544602213264,0.35018140644806517,0.38723095479191033,0.46048026097638084,0.4384955454957784,0.3768508419055022,0.5418160830567647,0.4119771174936605,0.39438914108158724,0.5131718119828617,0.5096824215981569,0.6196370436025622,0.5167684283268986,0.5659778628211259,0.6172603772643009,0.6991338247336402,0.7102757837201102,0.633554772134372,0.8400880649362783,0.8187809860789556,0.8269332065607423,0.5202148239402334,0.7399131901459104,1.01915663674648
250,0.3902301464203465,0.5959019167357127,0.3429976331329754,0.375488796236486,0.4335274556402621,0.40312287765887694,0.4023267717181742,0.48694663789615195,0.5015852858439562,0.5051435749663034,0.48629440304763394,0.29438107936031194,0.3681348376935566,0.3955518887266778,0.3007581429422455,0.44767010766623694,0.38496727624849936,0.4143638639507787,0.35298489125111066,0.35967272808643064,0.6024195836653832,0.47553079285738187,0.5282980107262567,0.3889311419977807,0.46370257021059735,0.7033888798813644,0.7303471555597454,0.7300892822467615,0.6228885299838396,0.6041672277249459,0.8077571557989847,0.7542906305662201,0.44820982319724334,0.6750535964564431,0.7784367634918334
251,0.4334536960367985,0.5603045922882433,0.449243404506919,0.3816948200171157,0.3853786145356103,0.4095655673909798,0.5088073148506982,0.495490219124613,0.6344910100708563,0.5514351593733197,0.48190135838433507,0.37423014023224876,0.4057680648505006,0.46072802172521377,0.3461417892214669,0.4836126263431353,0.432168464075817,0.41645278160334026,0.44488709652151476,0.4722670780720238,0.6524210487399591,0.5717182219959742,0.4867047035179386,0.38286394533837037,0.6993387825880697,0.6732984402889812,0.8066811887280264,0.6605422358698176,0.539131028506353,0.7220180699107352,0.8974645368861459,0.8629536230845671,0.5955523647236245,0.7199499129008382,0.8649541247474052
252,0.39822355020906575,0.6308345636263251,0.36279647827460026,0.431717934563929,0.48024161032232393,0.4194560577982797,0.5187188600627832,0.30499117067332293,0.6650432817302654,0.5608266006237095,0.4885162004367454,0.34339054781908857,0.42330994705372826,0.3659057168776771,0.35668405232136646,0.47789428223948777,0.40751290293626474,0.3832747025545201,0.36258349312843013,0.38600125291028925,0.5991915777682526,0.4137494737442894,0.5365265462342261,0.47233686981473033,0.5818960093609703,0.7711078756418771,0.6878310598574293,0.827012823531564,0.5729124900059817,0.8113447776060698,0.8288566548781171,0.7470559177153682,0.5587879865539334,0.8436993993210402,0.8725537145928486
253,0.35254280543791405,0.5918025876778318,0.4165608488537941,0.40842573736483745,0.44389563927249065,0.42327628185737104,0.4313993454504915,0.40083802835081406,0.5674697218298062,0.5236328357002686,0.49277292281951257,0.2978778892324308,0.33738167428934673,0.4128640492578691,0.4297656055610773,0.4840964787225255,0.3970508411214375,0.43260577629927666,0.44801518449424704,0.3280311015435724,0.6455400087593003,0.4505917804034743,0.5838162168185135,0.43151165281546455,0.5804259673171752,0.6648425157085364,0.7135900938011447,0.7698037506174531,0.6069060182685191,0.717863237417631,0.8296300480687809,0.8862002229731418,0.5464839141146346,0.7253862070427097,0.7684098540289961
254,0.4347479732231035,0.5543392194868537,0.4491232690222839,0.46132226071031945,0.34383896922837354,0.4229390965468426,0.3427749092071927,0.38278063086252645,0.4110526568669378,0.5573439501617952,0.4113870951004701,0.2957022352554879,0.3854835873473835,0.4621750302869284,0.5155287472324839,0.41280411355563085,0.43469016465206767,0.504818619138738,0.37814386347264733,0.27753891372563133,0.5117327527693375,0.5169340173911221,0.6139628456567314,0.32774506539037807,0.514283245367622,0.7183881183433494,0.7221011052484825,0.6782201513335839,0.5287643806580948,0.6056923043142856,0.801184947514402,0.8543505419773461,0.43862090911903856,0.6615194392808981,1.003146126119845
255,0.4937274019085604,0.6303461964806498,0.4758075349941975,0.3735713211191493,0.39655872039431117,0.45990868701890375,0.435098640059341,0.422667777393786,0.5513495544611431,0.4803236084767031,0.37463990290927374,0.3530783812479493,0.43128387968032683,0.42714674250026086,0.3437190709300484,0.4208365190716036,0.39364093526705396,0.37815790532479426,0.46266117402733986,0.3980169534102153,0.5936050462397975,0.48579958562871023,0.4550197251705935,0.37536971732231417,0.5425464728372797,0.6204626499788128,0.6664418140101591,0.6837459900714233,0.5503828289655974,0.7944586971292715,0.818077816036531,0.936682833732632,0.5151354891836599,0.7092631594809762,0.8927173756230751
256,0.39866117226811737,0.5727905124333117,0.33313943130060614,0.43085627784762554,0.4065263450026501,0.3738560325671043,0.4777602738564819,0.3887255680054488,0.5662882642551657,0.4891938289358843,0.4037564035315573,0.4037628903328456,0.3790324158381708,0.4485747324515196,0.3736749295836791,0.45046913194921756,0.449928636542624,0.42642064471945373,0.4528487513527651,0.35444755663927796,0.5808642468545924,0.4518922993019092,0.6245433636198986,0.2939634684914933,0.520925538809146,0.682722984313318,0.8340244341483448,0.6633538070681514,0.5608659360535269,0.6810255489094835,0.7355707626777498,0.7896323250340157,0.5604864011829294,0.7260784393118274,0.9602191684579895
257,0.4348888538013217,0.60599542968675,0.44101687807455114,0.44495356669273095,0.32828838918679276,0.40698379377747795,0.4203048369293946,0.3865739113342892,0.5548831346189725,0.5458749204554851,0.36415093353215616,0.3381483540309591,0.3045547678775486,0.47867761114227414,0.41752705031654386,0.3633575490339572,0.46082251578811495,0.4982241582817792,0.47556082730293486,0.3467594141564637,0.6066934728125088,0.5567008389949418,0.5504981666763378,0.39004827311100865,0.5250045405637339,0.6668604656190269,0.7348260723334222,0.5720675398923147,0.5502973109187649,0.6872164037041801,0.8166992868841612,0.9768724642736526,0.41197850559805876,0.6870039052132529,0.9938082488162849
258,0.3946749176832079,0.6091847667309417,0.29949836745676717,0.33332159308509984,0.3784553917455854,0.3946318572982707,0.38289500034267243,0.2990808764092445,0.546713279784141,0.43150287593499376,0.37742565019148044,0.3146201930907607,0.42471451910641733,0.4336825687695952,0.3249596974420734,0.3595772678533539,0.42679460811999104,0.379384611052606,0.32803551954547205,0.3333502984986599,0.5277752718315045,0.46935648152130854,0.4641428933523126,0.3951845046554072,0.5060899492690338,0.6691384241566674,0.6779705291883229,0.6956496653662669,0.522292701557542,0.7686393485807422,0.7813594609629319,0.7429729579994053,0.5482018960554389,0.672873085292844,0.8650383289017148
259,0.5138033159810114,0.7149677409837736,0.3671717886651525,0.3846253975126476,0.4566485476668592,0.37975181197758173,0.49313756386841345,0.4689518225194169,0.613407069942002,0.5092631118838594,0.46685768375731496,0.3184417375910742,0.5118275006627513,0.5009554858143564,0.33093169951283663,0.5060898425598838,0.39877422888508685,0.37166622386419834,0.45267734599428333,0.3741312569471935,0.5603321543437297,0.4946189660852014,0.40197608077229086,0.4810283062220264,0.5915353612695287,0.5387306273285675,0.7690058073747656,0.8670153903244867,0.56182476411568,0.7592647057168238,0.710566788280943,0.8482325712160155,0.5659485340594178,0.8721271331867123,0.8873233957991118
260,0.3618309958006526,0.5347618379098206,0.2888158129789675,0.4545069940841928,0.3855095777239913,0.40095927066375525,0.44536955463356964,0.32877570008349644,0.5896012677628988,0.5323928735547341,0.38940974308308707,0.36051619051744593,0.4567548307757417,0.38721232120215276,0.41806207881317226,0.46190305960906214,0.4445960945432658,0.45367448869486704,0.4300577860568793,0.37343285981352314,0.48843726304321416,0.39636553566439076,0.5840781006250129,0.34286577262507056,0.5019152426008371,0.6290804658423983,0.591220017280695,0.7116764820650565,0.5608504967188783,0.7959339287411127,0.6394122023975488,0.7191064137489529,0.5533245696207225,0.7067432003905477,0.8279322378354043
261,0.4023388169541247,0.6387006531603604,0.3530192429478455,0.38294890770735107,0.37464578764226575,0.4150736901406596,0.39129144790788717,0.5327521900021169,0.5289633624151469,0.4833053578672836,0.47006719712025047,0.326709050085795,0.44551105136500285,0.4954428750904888,0.44221788832807835,0.4858624929109674,0.4055049827727371,0.4070202484146186,0.5334539169383581,0.36714230398444436,0.5668386097707876,0.4392308526960371,0.6107441665867268,0.3521401561393565,0.5429402941728497,0.6943036417356282,0.8251833667311261,0.7193165183152762,0.516118803082571,0.8040570669724867,0.7329892830926747,0.8635154796963423,0.5752383596160034,0.8080017247292186,0.9274075507719833
262,0.46482468037552227,0.47878291771354164,0.4311558693166593,0.39907568502456586,0.34429682740819756,0.43281093560616685,0.275015550231129,0.47876504289245864,0.6086256240401622,0.571037369287534,0.3371226179796443,0.31992258618531233,0.4117685079350644,0.5547772219591763,0.46316471650332247,0.383937754462209,0.4294382475532741,0.467942704177323,0.5269212004049535,0.3284702728979072,0.5563147277233464,0.4829430201757585,0.5347365572406222,0.37153594865543516,0.528852660606165,0.7359350527799409,0.7549170368405227,0.7004270332686503,0.5466472138031915,0.790592993423213,0.7258499157158647,0.8987127363862675,0.5311530463730227,0.6663376029727641,0.978179486354344
263,0.4022847718491399,0.51027434664094,0.4149840818667483,0.3694394014784818,0.42389927316827725,0.38210258935050456,0.3513004382673002,0.5070836216603527,0.6199167712918016,0.44782102236809124,0.4228120659202845,0.3072648170801534,0.4270537284810677,0.4363043176303181,0.4000084840337992,0.39012210481017817,0.41524646291340994,0.4919882721299917,0.49236584198377614,0.40397962157820777,0.5101329768023614,0.4584479995785932,0.5998166563191312,0.3770192456363679,0.5904887569923897,0.5730541836877951,0.6769591225038336,0.7552146815435865,0.6463152787758644,0.7359141487115387,0.7984356949645093,0.8183038624882453,0.5010514984358703,0.7846202255586266,0.8985362645315076
264,0.4683209173752114,0.5850708142859773,0.3914304179879492,0.3253969576502242,0.3782904756793111,0.47349072950631255,0.39250850634653267,0.43919859570237374,0.6783362065648797,0.5258283656268418,0.3121574339490717,0.36151160620919887,0.5550594658411633,0.4754086484187168,0.3888400990547059,0.4058066627150677,0.4241383327478253,0.40884661818378215,0.47905422988340446,0.4674447481498313,0.5750831096927491,0.4165285115106429,0.5287726992636137,0.28494586113401554,0.535930803622593,0.6700745902716392,0.8290352908432239,0.7372983618334338,0.6138341967856639,0.7994610380860399,0.7491393580305499,0.8063181741111194,0.6714237009851944,0.7835034826733188,0.7685496966072933
265,0.45768672456470816,0.7102349664694434,0.3792093764318718,0.37904227653114214,0.3691392359613773,0.4091398422865207,0.47951535235456627,0.4578297262949636,0.6125098290526199,0.4783289833169223,0.43951940461845707,0.31110040647790127,0.5500197948362191,0.5057408395593118,0.40190312322457633,0.4074545610695596,0.47228124092866763,0.41280901527971336,0.503873349759556,0.43467689244679475,0.5884022634251354,0.5308385352129394,0.5537622131781941,0.31130877430013293,0.6120957539736422,0.6838154066922109,0.8536689905353059,0.7083550248527883,0.7338670673690342,0.7540165577042248,0.8188861822324853,0.9158103171744203,0.6138611173146702,0.833735123373082,0.8890172207289798
266,0.45471279230234385,0.6592689953647832,0.4464967434901631,0.45194766624223365,0.4516645989793976,0.443441035416426,0.3282056142470713,0.5834626369986793,0.5243842311267429,0.48413863713643057,0.4443512059941654,0.32282570738217375,0.4392360688242134,0.45171850015437515,0.45775850354926095,0.45215747620242897,0.45482069024282973,0.4477861742468422,0.43593857514179296,0.38285056797502026,0.5580153337503995,0.5641047690496621,0.5494878039789984,0.24108581996385198,0.5838745891239734,0.7093191382854097,0.7238078303677588,0.7296839665556757,0.6485036332976508,0.7553474905496029,0.8773351599802911,0.8803722286935254,0.5814436786607845,0.8534535942812012,0.926255432101832
267,0.4185185492454687,0.715154339411388,0.39404946542645525,0.34140872766079017,0.3898004863194946,0.46594473955092874,0.3571505001970985,0.5401816406878535,0.5043264009709882,0.45647704774890974,0.4648714152725121,0.3678300632975564,0.45462978026265133,0.4127797491752927,0.3173767576340067,0.4081915904638876,0.4793571188759852,0.3401886358414553,0.4576403845554071,0.3348586636992706,0.6325291930308836,0.5726177831992121,0.5281254146867004,0.3094336996178489,0.5115463134586521,0.6605915316733851,0.7635998413582986,0.6983830513623319,0.6484809062930036,0.6422729900934122,0.7570570885445964,0.9438931124846709,0.5421145506931531,0.6866975384864002,0.7945642324455264
268,0.429005128031019,0.7062132701723728,0.406929557285015,0.3521250527410279,0.4205278787866706,0.33825374522278334,0.46312062319829855,0.5817108395472209,0.5295183734368577,0.5859038478478008,0.4710599727676631,0.41655838393632355,0.4708689426983811,0.4900573524189104,0.42590211451590476,0.4446934403990008,0.4102923931411603,0.4428803122501184,0.439277003161454,0.3819745039021547,0.5283824190692605,0.5143542311025773,0.5525268944125991,0.2524418547582772,0.5776701519607699,0.6219860554765371,0.8260008740225359,0.6783458488793572,0.5874844237582895,0.766694695606224,0.8018737789487691,0.8192721596089967,0.569317291166184,0.7756928961109573,0.889713935328432
269,0.33758599094442,0.6319021184134069,0.40723473323082476,0.4083126377137959,0.38547521538598284,0.4365038571156338,0.4590136529064895,0.5484533018119828,0.6892239435038763,0.6168442591833476,0.3867449606983576,0.3986956089627133,0.5039234707255849,0.46177737252168033,0.4448794744284686,0.4120699282163459,0.3604924078899453,0.441480900985074,0.49383667679394483,0.45543202122268034,0.6022083321980173,0.5504781872256042,0.5793358909745407,0.31909202295641714,0.6329907316339383,0.761420769767718,0.7640391209425863,0.6853582574453898,0.6767759154126993,0.8160571337939186,0.7601513032041998,0.8914911069994741,0.5441441998495598,0.8359394204590587,0.8557473121779477
270,0.4298780406141682,0.5621674563219929,0.4325008130396073,0.46154250251321927,0.28930290035451633,0.4155719652661503,0.4109646371663084,0.48268727533406325,0.5601298501020371,0.6192560948136714,0.3867227527793258,0.2724280516591773,0.48176039945699084,0.5019620559951606,0.33719201433011337,0.32999302410825826,0.3759767331029111,0.44854469282866405,0.5209820353522765,0.382065329908924,0.508292277401332,0.5661100912559247,0.49475727580209383,0.29291049505297073,0.578422739837489,0.5975240878076962,0.7795060435783283,0.6533538538268063,0.6882826690585759,0.7409927942921793,0.7021854182552101,0.8100511631439401,0.6174398327154358,0.6772466124447356,0.8212536048261896
271,0.40380686469310617,0.702656872553425,0.44919115968554635,0.3862530761057652,0.3231472806496565,0.4347306402323233,0.3753099014165365,0.5322827461413651,0.5585540147367759,0.6196254669745012,0.4708276559272552,0.39281714445236016,0.4477799960069542,0.4243255729872675,0.445428344308754,0.4087157680483904,0.39568116982681056,0.43616265809308175,0.41907384076223303,0.33643310434188833,0.63118861154976,0.5800864726320344,0.5877224202569409,0.34087480687736615,0.6036933229465555,0.5757201006168566,0.750217077030086,0.6549285286475764,0.6992991661462064,0.7354577936927825,0.7189839310105728,0.8538374439201184,0.5475830083183896,0.6171476113955134,0.9847695173181743
272,0.4936376933113541,0.7130524742746889,0.4903262056525213,0.4157763836274967,0.46153742523997277,0.48098714708429924,0.4386197394726451,0.4412196220273448,0.6350907113800222,0.5344410864025866,0.44323110177434105,0.3205625500658936,0.47629521459406043,0.40130047929251195,0.42254914276785105,0.4360276759502202,0.3786397557715547,0.39345009087990346,0.4435239236181604,0.41168966600908297,0.6217652550582233,0.6284050496389688,0.5466218334565875,0.4630876569444059,0.6381765490028821,0.6403605646237485,0.7453656442279661,0.7355851084077384,0.752646982914922,0.8934643649234977,0.7522477021090389,0.8681984124112767,0.5722886019361448,0.7993879913702964,0.8549847657786867
273,0.499075262186889,0.6291131245582171,0.4001529548890278,0.4046053166142456,0.395558811963311,0.507560931143968,0.4125184791078962,0.5597047203096377,0.587791860936956,0.4885201115906789,0.45635839369102704,0.3913684629078407,0.4256121689305431,0.39942452341611157,0.38766872186199547,0.45163298975640087,0.3607191298415991,0.38438200079107965,0.4301383867584348,0.3166574825443047,0.7203081994816846,0.5554419038707497,0.4426497329796526,0.398477996285433,0.5633356323234864,0.7059190866259842,0.8740176591051372,0.6790691594174421,0.6134312540628492,0.8017236445321433,0.8129755290083256,0.8343575204309707,0.5677445007684995,0.6786016158961364,0.7437211056597456
274,0.45654090387165824,0.7473978985773486,0.39537197886407144,0.4412749654609672,0.46514076143041294,0.3782555475588838,0.4192758548294977,0.5581437163673274,0.42995584123801456,0.5529497917692381,0.5600619781896298,0.32036027138232903,0.448661545385549,0.4285447495519727,0.3598266220852168,0.43919061291110584,0.3846058150247311,0.434344799643649,0.4483878594084989,0.4021138598667952,0.5889667019204764,0.626427056793853,0.5734688900890227,0.4906129481985393,0.6547354723112642,0.7114437531809655,0.7834616255346837,0.8489362046225006,0.6487640426309553,0.7729117545329861,0.8717506457785736,1.0106099426427657,0.553009814295476,0.7279189930562888,0.8292420169517568
275,0.5261291088425464,0.7400741359216758,0.4593038376774127,0.47443955396065646,0.4021625732575835,0.37726740868869246,0.4983676420146607,0.6316335175392773,0.5061105893884097,0.5619674760397342,0.4815589531661689,0.4026669139693677,0.5477011375275418,0.48528404902007527,0.41872916857145953,0.45023553173751124,0.40240085146116666,0.37930331245066795,0.518170841937365,0.4404807335204757,0.6611436918738349,0.6468662462480187,0.5473199268152116,0.4769861097745769,0.6313012394447208,0.6814126703635421,0.8522435532265735,0.7032078289277275,0.6936133672084707,0.8279685647253773,0.9450941551825675,0.9094201715745656,0.5523635652395267,0.6425325102077277,0.9388430324281214
276,0.5064356250454478,0.49717310656225944,0.3952299571151505,0.4629625678799293,0.3787421296118648,0.43169449261797765,0.3355230617766215,0.5773868403767232,0.5139955909642016,0.5641754406093834,0.516493552969481,0.33279814648233713,0.44466470215868986,0.4811606515511195,0.37626743036167953,0.4463307863324371,0.3385166596918281,0.40897936203320695,0.4805565653956989,0.4081295417002979,0.5247477420063608,0.5885999329661618,0.6249075813172573,0.44644667174691066,0.6106737100967037,0.7246800918517367,0.8183885067207723,0.7868240343934703,0.6313164580351048,0.6750564100314365,0.8453691553327647,0.8549920448358757,0.4709948880745813,0.670498662558435,0.9110113954912937
277,0.4478217268291763,0.5759855305539445,0.40978738420852534,0.4083935236224605,0.40221626765815444,0.40305996634512264,0.4514466189720711,0.5939181182523495,0.5901383596490073,0.5580759949077059,0.5066048945149639,0.3059907075732006,0.5107058206301287,0.44456492046021856,0.3657297382175256,0.4327559888201594,0.39420708162018026,0.4295137543520593,0.45688890663217485,0.3685884274930831,0.574266930539467,0.5199746799836672,0.5492840708503052,0.442082443138084,0.7682698717221352,0.6517895464369481,0.7255659810234382,0.7954811498413017,0.6800275125153136,0.8163808644591596,0.7472331752502306,0.8379345955867952,0.5385512202800238,0.7809563059633111,0.9231965191542755
278,0.48269607559700256,0.5547493675566633,0.4379627252046933,0.44622416957725003,0.30420966307614705,0.3611378908898304,0.45177716406274737,0.5061513116099482,0.5032185550178063,0.560744717225629,0.47684649335876184,0.32500350714042403,0.488508938820155,0.44456939215728997,0.42324484877776125,0.3062209924949078,0.3632034912259468,0.4312820887847307,0.4483322784625412,0.3755314018210421,0.608465860430634,0.4654941453412421,0.6322559772079437,0.4288088147317845,0.5844201323279326,0.6116806020636228,0.6200710358371772,0.7620800675450312,0.7116809999815766,0.7537804059968434,0.7875856310033427,0.6724501073394239,0.5515868604376792,0.7377362219688957,0.9477945365327552
279,0.39242741832156736,0.4960004264116823,0.36865843096314554,0.40926431942663677,0.366134794485569,0.3697951767707629,0.46723763752535924,0.4420882673276969,0.5244768814087144,0.598583776176744,0.4220229741114419,0.32199698029915824,0.3914645524247937,0.38340229250548324,0.33907714040956705,0.38392991411689414,0.3608310212660192,0.48434880242491124,0.40560053990856143,0.35433539925492474,0.5817290688977503,0.510561875489967,0.6652730069116177,0.4352920074120218,0.54435364805591,0.6353517376732456,0.6512860630067712,0.6751318073481072,0.6661211071209193,0.7824237737944366,0.7376096989065557,0.7548432174906671,0.5262295803692287,0.7104205498960637,1.033185872599596
280,0.37858058675130846,0.44078490337448245,0.4184544899009085,0.350093728488847,0.3662341584371188,0.3321440528256261,0.508838361603726,0.4754178967715184,0.5913264013545887,0.5126875677737133,0.41446149798798304,0.2909256015837613,0.39609930156464535,0.3919434894573506,0.35856622879385225,0.3820222663466381,0.43220719267325214,0.4783146210878717,0.3708386517483916,0.3651637829842341,0.522367599699485,0.5179313164692989,0.5742444580119488,0.4567494949722233,0.5746128948832512,0.6214140339789104,0.6216211653356174,0.7552886395054607,0.6767390402428417,0.8475634910021719,0.6824530631725376,0.8351679016918948,0.5396449447373242,0.7205370492475485,0.93393945527652
281,0.40028368337740217,0.6597947000728981,0.3619498841782413,0.40185212397319137,0.489237910856168,0.45018219632607476,0.41993884826670635,0.4625670308680368,0.628838641234414,0.5839802013010651,0.5160289935273055,0.37528862830436727,0.5367816184021406,0.3681085590856127,0.34976329852873733,0.42560723126879285,0.473161219124704,0.3607426397384149,0.3351534651161283,0.3850394334732151,0.6479628061762556,0.4997617648442653,0.5514738912113445,0.48643124591424963,0.6078187124331622,0.735599052041103,0.6202146230643004,0.7564416691727223,0.6437589728972097,0.785093449391477,0.8292295375319982,0.8282003636408808,0.5132277822772717,0.8190207552270846,0.8944719792324695
282,0.5019873753834394,0.5976820367155756,0.4458552080043252,0.5095016923986688,0.4648642283442446,0.47036154307284994,0.3867659205135612,0.6229921780772032,0.4531114875319562,0.5605903236818975,0.46697163220517635,0.3550099946031945,0.45176426969615596,0.4453280328206716,0.37101511645589025,0.40847384016153665,0.4589061362969979,0.4708552343783587,0.463391740838885,0.41685065159268253,0.6479960643819698,0.5503941726679692,0.6300096787736633,0.5106705500049191,0.6011498607050709,0.7413214106132537,0.7545148046735669,0.7051302770933502,0.7527429419763321,0.6411718617167749,0.7850729183534706,0.9267439308248617,0.4278718666138469,0.8210977259747694,0.9481535991506322
283,0.42850922920745776,0.6786444854690168,0.42494108613282966,0.3953924398437987,0.44183815899045387,0.38297803904626965,0.42898684481143645,0.4855439230039733,0.566411784864941,0.46705084257886664,0.477675334383799,0.3069016266351347,0.4576433309475392,0.3503767160811367,0.3002543914067241,0.49298225130979323,0.3862909217615101,0.43794944918579426,0.460726551010423,0.3305540393432078,0.6017219452257037,0.566098577188881,0.5103412551905324,0.41427606557387503,0.6561260355580871,0.5945479857890719,0.5848766459657655,0.7104353117149063,0.6161168571761659,0.7018800022981249,0.8646028343082115,0.9565415109489834,0.4439517339758237,0.7345897506001393,0.8953951889581246
284,0.45092122412208974,0.532629350608987,0.5293901665844465,0.3572451756076133,0.41776293199366255,0.37371662720177545,0.41719679362599493,0.6430795054003062,0.5663967768459168,0.49953340511281913,0.38283229569131505,0.33817702807114774,0.3805787768784274,0.45132561874200583,0.23574181440275138,0.32693219711055865,0.40220153025608957,0.3778246069563723,0.5058774341635252,0.4175232446984194,0.5539082023772157,0.6681473302461634,0.4950553744110465,0.436152755903773,0.5734106273079143,0.6118711748228032,0.813243849819882,0.6710772485541261,0.6663810731752482,0.7814224922935218,0.7326635614788224,1.0247330373473114,0.5497901838702739,0.6598786465618693,0.7344818116440752
285,0.4880792649995874,0.58241468288276,0.3250587343609338,0.38357199423876687,0.3777079212692478,0.4830539576965955,0.3667993250491809,0.5353614649718601,0.4492834720817223,0.5098408403728254,0.519309492942778,0.39390816012773067,0.46282034816969664,0.3798507150809709,0.3331013941512483,0.39573408916936903,0.4195678820436151,0.36741210070770275,0.4160493323801159,0.32784603782197097,0.6229181253479905,0.5775524159518111,0.5719907994982321,0.39850599547013527,0.43230376676372567,0.7610473042114076,0.7356919721052544,0.6202488770080907,0.6562427965497246,0.6494801832457638,0.9729872013034742,0.9204098957476143,0.4330926188545551,0.7429652458806066,0.8557481426573359
286,0.49521530099318767,0.564817911056637,0.4458932853661941,0.4043317318848144,0.32376241300343195,0.4415123752651601,0.38973896594812596,0.5011901722469427,0.5433093459883408,0.4794380948241179,0.37496338517903943,0.369128146912602,0.428085392363681,0.41291044158616175,0.2529423041624568,0.36461514882551804,0.41246551720206237,0.39416801678805097,0.3624832285359933,0.46282122764642125,0.6106278114958648,0.5645334368106589,0.5437029614660476,0.29212494317110144,0.6037348271163022,0.7862186190632785,0.7103878984969378,0.5955543540743811,0.532900959743076,0.7744839479330434,0.7734948453070813,0.846518825263239,0.4601998794363721,0.5848075009323817,0.7243500803508807
287,0.5456174294796443,0.6441856153615162,0.4223652716662243,0.43842930835945526,0.3708400948629711,0.5315198941896842,0.5104698211012291,0.5345993521124793,0.6050039638855066,0.5628286062319937,0.49706129998161863,0.4061152451153912,0.40866388215697314,0.37245890399589426,0.2823636113830413,0.42067012133106263,0.3811756126252487,0.4278526090623972,0.439576896649981,0.4334701868618467,0.6495214123211164,0.5955752826075091,0.5234174776625253,0.3085287315537326,0.5728307651745644,0.6873957986124086,0.7399365670317002,0.7445136150803087,0.5814815373835092,0.7355059577693057,0.823038824337119,0.8593743761154405,0.5976312169121105,0.7485956205685207,0.8418035882302202
288,0.5049385194010692,0.7639993411254709,0.3728578789319213,0.3901623103502392,0.4109246330958458,0.41770389073928216,0.4849883499922548,0.5358395417982478,0.6055591832211036,0.6091373687538073,0.4674886233327582,0.3513523543861197,0.4598879823726597,0.38128110701263557,0.24446053484385888,0.5456865277839379,0.4313912188716721,0.45437444776325764,0.41796557458845623,0.5000759505997507,0.5863909045830712,0.5814226230747556,0.6413879287283601,0.44604093742150386,0.6230130437498946,0.764517685632787,0.6845149403125408,0.7035007065787877,0.6179133652182034,0.7875417596602803,0.901003154370517,0.7986178715405696,0.4966915471190666,0.7241949163326477,1.0340660192303077
289,0.41905192728106144,0.5938660659619042,0.3207678986627084,0.46270725740241087,0.362945105328393,0.4542706573078954,0.479091114093932,0.5228483124878396,0.6587498205470508,0.5582994695431969,0.44421974611358905,0.3595949646341352,0.4548681331570716,0.40475721369732365,0.31132192518449375,0.44169229484787786,0.4079858896466993,0.5153028878072887,0.4926930176916827,0.44432074831216417,0.5924397984959506,0.5138129447523856,0.5198035358521312,0.46884727479919064,0.6767415882659118,0.7382844062819194,0.7493146307217189,0.6883123295892764,0.6635012206733151,0.8203554803364423,0.9494276511805195,0.7999845235035948,0.5910463028290494,0.7663321354787584,0.9087110806337078
290,0.40958433187604215,0.7172212766754759,0.4109238246900726,0.45920587776485877,0.4594843926165091,0.43634319893041623,0.45035759092342653,0.5246550597855772,0.6287654585203069,0.603271609227258,0.5051231325012464,0.26679059284283396,0.48115496901932575,0.43680377996030767,0.28350893815305445,0.42868547622771436,0.43510297708502726,0.4282688950573499,0.47819912191237945,0.378821943170749,0.5818477110523275,0.5679149057456891,0.5737214383705321,0.4589163263458862,0.571017788258839,0.6652150473298467,0.8144785427309701,0.8339340037871734,0.7548785578075032,0.8004890383347034,0.7146605157886772,0.9094725071401631,0.5118674162905936,0.7983702643866752,0.9623487166898581
291,0.47939688527349755,0.6038352928409058,0.4289876269042893,0.38211382144482686,0.4576865096776519,0.4443444059249441,0.28424060176584126,0.5963668101485222,0.5228234692680562,0.6601557067978945,0.4186575404976749,0.3642161042496323,0.4632811480581305,0.44992227006328683,0.3343808873888387,0.3881085318822887,0.45465451694434195,0.4549431077879918,0.47952167503827814,0.3736571442443456,0.6328142730615308,0.5285045424853451,0.5966433836518592,0.49833324699081116,0.6279224962727341,0.6776951368856685,0.8191976302666817,0.6962043303010027,0.6808103832719569,0.7534896531230121,0.8335083415827775,0.8839568534543891,0.47968526964226993,0.6848722507779389,0.9251487452137743
292,0.49366249149970787,0.6303041608243894,0.3683958681789997,0.39503026066842517,0.49291832614118947,0.412164816837442,0.40734739429497835,0.6145320275974138,0.5404876438636453,0.5858975406096131,0.5521003433914669,0.29692753981425,0.485764346090959,0.37845414502962743,0.29158165695328003,0.5036821384913273,0.3723035322084763,0.3879340223640533,0.4883819473269765,0.4567030440600015,0.5323782029012293,0.5279796769915353,0.5410689938020261,0.516707167505261,0.5238755877669221,0.7458233159578187,0.6755132410547708,0.8104480607200752,0.627790878243855,0.7681555034063178,0.803103539882362,0.8333450551032782,0.5029599214426159,0.8826062696150937,0.8570998657153832
293,0.4989792479058657,0.5880518948437541,0.41629943203495523,0.46647386524712087,0.4175950165224106,0.4472685338820567,0.4253037180711679,0.5097016636639481,0.54483234378396,0.6135848638273627,0.46813232959643325,0.361498693241443,0.45766717571124804,0.3937251176917203,0.2401020780689186,0.4057840307468079,0.3955279749758196,0.40020831722362116,0.4504380474360675,0.49387429272625694,0.6182587052472831,0.5096165505829579,0.5164679211314278,0.3827552287742362,0.6468415818571775,0.6974221010696701,0.6880904716054337,0.7060718560314581,0.6779956190335192,0.801187970897306,0.8805391835516436,0.8923199766824026,0.44592288763669397,0.7473559735965175,0.9851703157286954
294,0.4337833103424759,0.6924126335709426,0.4068093992748466,0.43039970715021314,0.36879531798636533,0.3746674927843359,0.43997393023271847,0.46152319544858145,0.5785786479371551,0.6488976222940663,0.5201306345259205,0.30520815909622445,0.4079068108416325,0.44007599619977245,0.2705353130284069,0.44623745240493795,0.28108509429390005,0.39110979294964,0.4448769431655347,0.43510504181138154,0.5428184846999727,0.5290836716254887,0.5332875608033902,0.4073497176109438,0.510425154598164,0.6373565432374786,0.7953540872758089,0.7502407587743203,0.7776599543112293,0.7320695363564999,0.8075798459914975,0.7967649559525767,0.4403332800440799,0.7347752230711633,0.909801959997494
295,0.4486492880674615,0.5038910732296253,0.37716684461583516,0.3700612244560428,0.40640633306829743,0.4404901760821154,0.46262959371769297,0.5897019087140172,0.589389897086812,0.5676801456504124,0.3837834946319338,0.37138394147296183,0.4714548705773446,0.4366326601227222,0.26928460824657713,0.3917945037060686,0.3880618297285095,0.36886891096782465,0.448160896444589,0.416376685588856,0.5663161587150568,0.5348553060192185,0.5470617726551934,0.4533409328618878,0.5428626811722177,0.7381758363257702,0.7453703855698035,0.724505318871682,0.7050261485789331,0.6908685863484396,0.887166381320734,0.8227870792842953,0.5134716528826749,0.8537364529732989,0.85499336525231
296,0.40326645683027973,0.546339396540698,0.42670821583616425,0.41810405574332665,0.4391031614290164,0.39382668902218537,0.4808104878054805,0.5035084360370359,0.6152201038236393,0.58823618788493,0.48473607281769643,0.3371643717596333,0.4651811905161153,0.46177036141667527,0.26905730475526485,0.38149203816451727,0.3722870630719825,0.38774235420799286,0.39271537527435546,0.48216619556208506,0.5473446449736341,0.5159861031399151,0.5063135846746567,0.5095527838090749,0.5723939091215811,0.6194059600858124,0.7400280039964449,0.7181330719353782,0.6372795700725806,0.7730312870750963,0.8144169553600633,0.7897082843995771,0.54847036111068,0.6846969590671839,0.8641069191954706
297,0.4900900065948391,0.5483044199609821,0.3864989973571703,0.38968896959206006,0.37402384890082496,0.42744536609004746,0.5266041987123397,0.5141116047334966,0.6523330030966803,0.5888045324087081,0.4465412662734637,0.3604864900205018,0.49090670522226365,0.4086825416317004,0.2631118400314778,0.39938126721913947,0.37572765417175785,0.39329103006133315,0.43796629273280846,0.5275877047811783,0.6382936468313937,0.46662296236492196,0.530512637680808,0.39195279069575784,0.5291740895984254,0.6663939351094224,0.8151982536941065,0.6599699237079646,0.5999027366898364,0.8669610078183656,0.7890109127168465,0.7783507365968174,0.5547820413103978,0.6849287451454108,0.8372547460025369
298,0.4168672028878428,0.5768765915175029,0.40472339041898014,0.37801341841228553,0.35076589488482396,0.4078704429176335,0.36756846013484523,0.5009259753573029,0.4827874781169551,0.5317730342859515,0.5004940777032434,0.32206693745546844,0.4261055399347673,0.3892894634267442,0.2707700903377657,0.42798788222612816,0.3437975512398249,0.42725386714724123,0.4330352547998181,0.3871454733464766,0.5201597253880517,0.4293838987271278,0.4835887276838315,0.4594282141273443,0.5274827037947456,0.6201921828118954,0.6637296707181239,0.707215172409268,0.5929600140623905,0.7139930841829554,0.8336166289254557,0.8894211522999846,0.513713386908022,0.6653750317464775,0.9219330154528058
299,0.4592628865901217,0.6708178000080314,0.45053846248619667,0.3555787133997194,0.3135373687074159,0.28336156238772164,0.45391664628857387,0.5160635358353229,0.6963343736040484,0.47211918951869414,0.46803870976203693,0.3100679528269926,0.4734457156112792,0.3531186759038192,0.3239896671149445,0.43957896430831855,0.31701895271517966,0.40117378600400033,0.4537627349655672,0.42314934860505216,0.5269391186398187,0.49208999682048576,0.4424473200800044,0.4107899867982472,0.526800725720868,0.6271555784386273,0.8035627089685597,0.7198948747983143,0.6493937162120621,0.8594252963562132,0.8714361603003089,0.8087656558893279,0.46683619297933665,0.7954978931568403,0.8461012974022232
