iter,a0.0_s0,a0.15_s3,a0.0_s1,a0.15_s1,a0.15_s0,a0.0_s2,a0.0_s3,a0.15_s2,a0.0_s4,a0.15_s4,a0.3_s0,a0.3_s4,a0.3_s1,a0.3_s2,a0.5_s0,a0.3_s3,a0.5_s1,a0.5_s2,a0.5_s4,a0.5_s3,a0.7_s0,a0.7_s2,a0.7_s1,a0.7_s4,a0.7_s3,a0.85_s1,a0.85_s0,a0.85_s3,a0.85_s2,a0.85_s4,a1.0_s1,a1.0_s0,a1.0_s4,a1.0_s3,a1.0_s2
0,-0.31880193080445773,-0.22784145192313376,-0.6529591576039291,-0.4542234342925856,-0.19510963431118544,-0.2815966299354374,-0.3821726312611955,-0.17624484049418704,-0.5785778121757132,-0.3658324426979945,-0.08301349061415735,-0.17303195160881174,-0.2741191850416804,-0.08076978131305396,0.05106228910189589,-0.08797882064801522,-0.05870037711412729,0.033425877707517024,0.05757255734099506,0.07930785597516574,0.17024075996060986,0.1349331301702468,0.13278300771036444,0.2625543430741566,0.2280071240846599,0.26299170939101885,0.2512821201445354,0.32912262639911605,0.20395806184490306,0.40194195737270655,0.38318435709623827,0.32608952954508197,0.5306074474944449,0.4224600131509215,0.2676733833907396
1,-0.3098175217809147,-0.1988257050660875,-0.4434706573182698,-0.09533810309424734,-0.3411961043652475,-0.395150537076441,-0.3420519488629531,-0.2556339847717161,-0.3710511776856456,-0.3634954408649276,-0.07417177625105639,-0.12401263104622812,-0.042431725003145335,-0.046953170123364606,0.08936351466440129,-0.010514104296495894,0.02236644084156418,0.024850762671631235,0.005568047208199874,0.05462748844354063,0.2569054051041758,0.21929933091944048,0.13988322185078944,0.1498451538816417,0.22468005211761705,0.22755336177823915,0.30839157164268893,0.38824126631215394,0.27236081437674353,0.32968963990865385,0.38580274937974224,0.4774440465199248,0.3774265915641647,0.36691983384622084,0.3870287567537127
2,-0.704913586912845,-0.3595337109381458,-0.14916817304308636,-0.3780471404444076,-0.5284399559867073,-0.1407572098138587,-0.28050734762441937,-0.11192289097857781,-0.6849497549722938,-0.2807650898455099,-0.19761007048933293,-0.14292430632447584,0.04345259011190922,-0.007895456898330135,0.010032830411847556,-0.08045920262428757,0.07333013115427546,0.11893796843308597,0.08915718614726925,0.17688260851841545,0.17073043637170277,0.15461939122168217,0.2211887369738514,0.17436628804228382,0.18229227056572683,0.34284725260038484,0.25244755026958965,0.40803072142837,0.22390884714712184,0.22163104797655808,0.4267599994230601,0.46532348350568553,0.31547035761008857,0.4297592469622727,0.30497302046324776
3,-0.4154808260363503,0.0003531194860390205,-0.4157903162869888,-0.13291003049054714,-0.2911035018576241,-0.3116623862617774,-0.360697929735388,-0.07316329123542614,-0.22019752349451982,-0.2213406728024414,0.03636564559274047,-0.07353339262076025,0.04751748822022575,0.014665909310609855,0.059879908810763376,-0.07733084637104387,0.057980968774682326,0.13028818144008414,-0.08867948184654918,0.23128875006174782,0.196242038004831,0.14411394298056662,0.13323684344028508,0.23068476400169344,0.23431057344167186,0.24043125222187978,0.3400211620303831,0.475099281690771,0.18176083821630273,0.2144673982645099,0.3179826979972483,0.3763090924279648,0.4226735322558255,0.548573901817899,0.37328321880429904
4,-0.524333587966323,-0.13902286392138316,0.0042155835259760945,-0.0584640422690191,-0.11834046278408368,-0.07686207005508114,-0.3636544987158435,0.07777907636873954,-0.2655149226514124,-0.14635599996305645,-0.10826343124617228,-0.24671387084588822,0.04911065032721276,0.004266172285438959,-0.014840378372773279,0.1890685940433837,-0.04192087375894056,0.2103180305410654,-0.0873715879902873,-0.028166514648762915,0.1132204455926984,0.26305663218280684,0.1264486739568854,0.290851066443406,0.18650056715178742,0.28166164834298907,0.3393921981977317,0.33997316201466987,0.24300509544159637,0.2223972659287478,0.4193026462477482,0.35652494154503966,0.5103090095669529,0.4830819968736907,0.4989093443966591
5,-0.5580512902673692,-0.27806018135863103,-0.06616985218981897,-0.18706847274826072,-0.2378521746644781,-0.14509791031859617,-0.3583186163259098,-0.08276073806690308,-0.20279981722563242,-0.3042608613405675,-0.021914844680693824,-0.020335198516797368,0.09929931026618412,0.0016757158836277347,-0.04430617519566238,-0.12659989260488608,0.29186086136497347,0.14431038591951875,-0.05725360865659424,0.06905690922056228,0.11676411576934051,0.11713221475358007,0.297618478767157,0.12490265599317882,0.21783352301846748,0.4199083987006523,0.2399657905147004,0.2996110888672415,0.24143097846266823,0.20628253872124822,0.3840585998226033,0.29773783122390396,0.261498625500055,0.49835397847122365,0.40639235296977433
6,-0.275380610170005,0.07664061911114235,-0.44101799470865355,-0.04474064289801992,-0.117608408458296,-0.17503867050376903,-0.32882757068404034,-0.1257675889042439,-0.24513270526954103,-0.11900066843134666,-0.12784678030408508,0.13985848054308747,0.0574697403281175,-0.21142013394789044,-0.06865675528587886,0.04836185674892637,0.230973126591765,0.30106564096316146,0.0656027040911534,0.08529350786897744,0.280174522496748,0.26733672495625305,0.2001116665861821,0.3197122142055505,0.35419432553861824,0.31580182375179155,0.4355705290081555,0.3564903277259871,0.31090838869769016,0.3432816854022349,0.3510725633657633,0.40475454285612866,0.4813454834768414,0.5396093299205463,0.4063114167994273
7,-0.4816453685316089,-0.04698297234608727,-0.09536187022207485,-0.04697167359729831,-0.46815158779318466,-0.28240011316265884,-0.33102254355424654,-0.07054622288240564,-0.19835133108748676,-0.3097193283724481,-0.049633868467653296,0.03508252662439057,0.10030736480190866,-0.0806633755784062,0.014217694352380461,0.07056921904818561,0.09170613673636953,0.15526753099586413,0.13318833333939442,0.20050521053941428,0.20763726300215463,0.3493548534746539,0.1855031788426004,0.1476505400839036,0.2661389622441377,0.24912367732375554,0.3681532322026442,0.34858133748390535,0.3304212340210555,0.2234643784482246,0.2599048365107413,0.37766708391538084,0.31931356875424177,0.6393296727726816,0.4499817340412976
8,-0.5950916831163874,0.01872361550946241,-0.053844921890352754,-0.07427826326985901,-0.08404196028908965,-0.4509815105049748,-0.15476956347983548,-0.07128709262678286,-0.4907925678049069,-0.17584561795039266,0.04926805079855698,-0.09215928702903782,0.1921610803649473,-0.11124373528171008,0.12126181332658692,-0.044876481973966605,0.1691347307829541,0.21142152146569532,0.10953601932660305,0.08418662055754704,0.20270532301483277,0.17468068272871992,0.35647129559990526,0.3172547720262107,0.21251615452859232,0.36978083579767673,0.34504144647594703,0.25680615916541777,0.2925853694042189,0.36451080355867843,0.35725834939737666,0.4360743694002714,0.390397656505305,0.44219400474264337,0.3533945344125708
9,-0.15356767390323053,0.037757211705036695,-0.0758736712588713,-0.024165435735605645,-0.21646150069900236,-0.41665579644104034,-0.31215937105430536,0.030420280982202494,-0.1391864434021025,-0.06717927642530712,-0.01577371360323665,0.08719630992086569,0.31175667178547584,0.05082492317656991,0.13961766076136073,0.14966413383236432,0.18696737224045734,0.23419279870841359,0.11757065263659662,0.13414450605676337,0.22255429016955774,0.29059323591198444,0.3008590920535872,0.2785577688989958,0.148751921235031,0.3763856582223282,0.41933514700737207,0.3450847831593802,0.2543333444627287,0.5213220902812152,0.3733264266825785,0.3482899326746523,0.47147916241172405,0.5108885209082941,0.39678128160391213
10,-0.2954405135104718,0.07622700955809836,0.021799658418383487,-0.06551300000398624,-0.20726953778738305,-0.24676988571614317,-0.2859959743765092,-0.21101012085269025,-0.1796106672024717,-0.04300261791342941,0.2944107930294655,0.07773780073563727,0.2852136865310733,0.04728902537998643,0.05019842830379756,0.13316794461140402,0.25307112554862865,0.4172467604173538,0.09556936259629784,0.12414322499804281,0.2259849616072161,0.1955238330346135,0.23678527194840876,0.2986113450552731,0.19439910121065024,0.4506995336041243,0.31609255524654745,0.30099740639242545,0.2444986580362558,0.32182286277634203,0.3985936183643147,0.4139510729382908,0.3443620917216668,0.5090529242058981,0.4102954256330727
11,-0.2479489026433994,-0.020221983031244346,-0.33886948653034354,-0.054012568253258224,-0.16785489944198312,-0.5110984881941475,0.025374009467851524,-0.24642554950435863,-0.24129710921691655,-0.17634558393634733,0.22608955237271838,-0.020447179668849916,0.1846659180196243,0.009035960846811547,0.09590572817763666,0.2558554779910652,0.17201003726320419,0.15985209644004333,0.19104559284682698,0.3028496803270937,0.25688711791700386,0.20552047158089684,0.3628815511579484,0.348255001710469,0.2663629265955917,0.5205493525551472,0.2926169198904731,0.5083466818337592,0.23961091962096814,0.21331848443778711,0.564817256657562,0.36165130697708936,0.35868004774932394,0.5202318087366484,0.31312781595343586
12,-0.2812532673604592,-0.08009834866456214,0.005052822155914169,-0.10102711970320408,-0.07346227487125051,-0.21840677150938426,0.003193861343607912,-0.296824334724749,-0.1406908766659477,-0.09129210931043619,0.17421425346005837,0.08179176296832105,0.30770745954536666,-0.11816793145946312,0.032697595585469405,0.2211773483023217,0.23959274238530287,0.2970295071070485,0.052906944497011124,0.09831584777901956,0.3162518464433538,0.34647244312720876,0.19746769145298276,0.24703886778479311,0.2329408110776396,0.361773690666418,0.19345625353319018,0.5065017334730292,0.2309278389863586,0.34280346943212114,0.43068709330980703,0.35319372557108947,0.3508841910241224,0.49705509901288325,0.44582025737629405
13,-0.28483783439551597,0.07332949407806436,0.015023847108932176,0.025543898512302772,0.026726727488734333,-0.26265067228198546,-0.07317896627707866,-0.12060755041631896,0.04416301333948036,0.09115593357703566,0.31841875384463303,0.10338439324881314,0.3284105126139537,-0.01912570680156359,0.05798236818805711,0.16060779182584983,0.38171317336757604,0.1770726907430744,0.06058292492406192,0.19141617749354378,0.30181405856911436,0.21262031858823927,0.28891170802213595,0.3457048739136378,0.1846477386844803,0.48486412066987605,0.34875931035719077,0.530261894759566,0.1414881651607698,0.4116333044203301,0.5726891519301046,0.42684874187786226,0.46261341118112337,0.5208663311139119,0.33477478357378765
14,-0.20136212602842224,0.07520472628093189,0.2450488520495632,-0.07649895285038505,0.003952143737472895,-0.2446982631357183,-0.1207429907605427,0.05523372773420508,0.23660614142359848,-0.045425600494582115,0.14525394037677225,0.050854317910434654,0.14446726250044714,0.06275463336768738,0.06696283679883602,0.12621071553838034,0.12078807792626767,0.20913724298258984,0.13757663713599497,0.16121173426370436,0.24412450743618697,0.2308609517989217,0.21263906917279604,0.35865431008948045,0.2904167372802265,0.4125542745752447,0.3561801035789272,0.3763206894653607,0.20017666689705954,0.28697371462438725,0.3987658802717211,0.3992874055457821,0.37999790001781053,0.44416090670119945,0.30673042012242596
15,-0.24766690192299434,-0.10962160045759654,0.06856120870529445,-0.060806413785099364,-0.19365246072739603,-0.21151124349759817,-0.052529024424870834,-0.15835861792395214,-0.014300554262254246,0.13113654564885005,0.33027964067568794,0.06689082971364119,0.3110169445954033,0.03912481875545917,0.007460165169842985,0.3367102694459222,0.16129349575441612,0.21043569292926978,0.26391028051692167,0.2932165052004357,0.23478045948305248,0.2038250504314691,0.11677528168575958,0.2884273665494343,0.24442648680582363,0.375574873070772,0.3321252112977393,0.491207300319035,0.24493175262754235,0.29992000358294807,0.4470851644850966,0.43391612168495486,0.4984022196840261,0.5716890707578615,0.3602379855040332
16,-0.05338018809566272,-0.009811464133639269,0.10737793040813903,-0.07795431174870152,-0.0885071931265888,-0.11224053700392339,-0.048435986433234955,-0.012531685731955601,-0.1267715578982941,0.0010758000516789962,0.2272693454379261,0.1476177827796748,0.37435121793087456,0.04878232646420383,0.037996816842272095,0.36312237492515376,0.367931776132452,0.2542148257913154,0.27294425193991595,0.3162356631308346,0.2099465885971405,0.29634957981305243,0.3335487171094373,0.24637869934076048,0.1457394761119975,0.5190941674249826,0.3437751692398663,0.393705312697587,0.2925620301213473,0.44335045721711236,0.5935552263288539,0.41627541549233815,0.40878092857239656,0.4414308071447123,0.3403062486778007
17,-0.1533545572405708,0.13716187212516817,0.12953622434276985,-0.15150661516434288,-0.09734491429661934,-0.15623141572053814,-0.027827866215465527,-0.2694156731595886,-0.07113285435115195,0.22031450954706122,0.31819231569828066,0.13646627984662763,0.25164556224703305,0.2572550556120335,0.10202701014762419,0.30530634986586824,0.2638214468054412,0.21104284650995575,0.24589720253145186,0.3265887115870401,0.24563385556374678,0.38178202003982514,0.3093208905701116,0.31108713529119175,0.21253142762816707,0.5552290569302605,0.3518102421587871,0.5636014937619683,0.40246237942532265,0.31834670190222447,0.5655578877189418,0.2925715027634148,0.40844927254200547,0.5736040628747796,0.4138892498614739
18,-0.1172163412360147,-0.0252498237965891,0.29833271616361234,-0.35502559869771044,-0.26525550259105807,-0.1049242026054373,0.005560445170106794,-0.4486012528316582,0.14514476364165196,0.2743390138430372,0.12903537833313516,0.13861808933793232,0.4483118155867445,0.04522479146734377,0.182974066835693,0.3967990074718888,0.3763499895462996,0.33815170873716655,0.2189694431354887,0.39880569836017926,0.314048579438889,0.23411650507737952,0.242134272872553,0.3762381837432063,0.22483435154207077,0.6512810552525023,0.3492120734786108,0.5519233132790016,0.3852120791650947,0.44793132220700355,0.5573334711311844,0.3202567127284275,0.3909324580236183,0.48607953169051454,0.38600124114828316
19,0.04624211028370096,0.12437355966474495,0.08567013575092786,0.023227980230737785,0.05338347491240443,-0.0804447787762459,-0.03166110995102492,-0.2185372943723713,0.06244676455394118,0.358891513066608,0.31209558846102975,0.0931484854584963,0.4728344746180636,0.20589332110922037,0.1660118672366529,0.41420364854871594,0.25937326863736265,0.4099955373720895,0.2551174911488543,0.4620947487654116,0.28164396773445455,0.1542971820321484,0.3589926922947363,0.39300513739870085,0.24639325120019412,0.8010231717964251,0.34047022906892777,0.5863756755137945,0.30286059633406637,0.3960186634106117,0.6496330385097613,0.3706994443098566,0.494236480212169,0.5674871953994369,0.23083392256772337
20,-0.26829445479411307,0.054403111704841446,0.1263425132106225,-0.17937516320413616,0.03858400929574815,-0.057395441409996494,0.004588783667742069,-0.2586258089765512,-0.1102668723521033,0.34143965099463414,0.1847142350351514,0.17658508730415617,0.519534781286578,0.21540246237886124,0.09463708033837859,0.2928680460796494,0.28572445506668387,0.3797980943146394,0.23069481487809326,0.40779755858194805,0.21396140076567569,0.31485361246294996,0.3070501539526238,0.3368579712699171,0.2026226167464882,0.5866791195244203,0.3295752409901248,0.488811568798564,0.3613414422643386,0.3342213699823139,0.6442440552760558,0.3287675927520407,0.44371370291298196,0.5469745381394295,0.459311816931846
21,-0.19614814765332161,0.17080155469464767,0.2751139899855359,-0.09419191799071633,0.00410399748288881,-0.10638159638520002,0.12794788458470127,-0.07943510347676672,0.1182850578758968,0.18836675808599124,0.3846260042955091,0.17878060913672547,0.45465437127508046,0.24319223966740397,0.14324364153686972,0.1971517967499699,0.30380655846134774,0.27885055093129263,0.15250760656865311,0.31653014731984896,0.24532891431676807,0.3304049385477451,0.35636505959864134,0.35905742984564437,0.1648132616754246,0.5169500623997665,0.39176892611524644,0.519057340265474,0.28249182583797816,0.33433398952189064,0.5572532642205044,0.3190439246999515,0.4948171330588528,0.5069319747702545,0.4149671373321623
22,-0.3909244076541163,-0.06541810972522812,0.11360586068450862,0.06724084309583277,0.015612322602141748,-0.3952303321622316,0.07374753964754498,0.010956367867540312,0.04577123099876978,0.39387448769126676,0.3670462124480416,0.19630683450151842,0.427661472214371,0.2607186125428293,0.23539207647389387,0.2959920345766145,0.31254277128301555,0.3133770725023727,0.2447825052645312,0.2746161363442103,0.2781831224580229,0.3170281993212384,0.304774091035612,0.29773837526115166,0.23547140143336148,0.6653565380331343,0.41109253615298014,0.6628296762981623,0.35849608063676036,0.3820851377222304,0.5033450721694441,0.4078178324801693,0.5135838464485778,0.42610461932975957,0.37909996139816104
23,-0.1288130362422074,0.1135376127780697,0.48337519695902514,0.031138834964070054,-0.06246072952749451,-0.33137287993488185,0.17209291326989634,-0.017738199996978864,0.28630247686004406,0.30753148585065415,0.41670831973744304,0.14723511299818245,0.40391956751519154,0.41168449424797593,0.18663149669160686,0.19336691126862338,0.2790202472995914,0.18385563412732653,0.20196151965347858,0.41007299130176106,0.34492289964051237,0.21249602241557575,0.32827184586825997,0.36547239154797956,0.16595240599050723,0.492498137482049,0.302355150193619,0.6552987442117225,0.3603175714386343,0.3523792357522709,0.601912169110036,0.3714399929736793,0.4595181231053113,0.5260108941037982,0.3450099165621586
24,-0.2368649304856259,0.09264202714298415,0.4853678191430553,0.13685319129777712,-0.09301013419740628,-0.38459015385285683,0.2250851314175902,0.21639891437417802,0.20734681803996885,0.1486868643867199,0.29609994729283673,0.10790115626995564,0.32745849788086345,0.2942189317467049,0.018514595710990178,0.18541067033521524,0.21455764992008963,0.18493118467294206,0.22008575578874012,0.44871097755805883,0.21006814509355362,0.25942710251681556,0.38259764970293886,0.30141119254933113,0.17266896428883471,0.44583170293850805,0.2950545929215007,0.5422757144539125,0.2671482271618013,0.2584435007883871,0.5540617125994969,0.3668173446603271,0.4105913033151599,0.37848808178111104,0.3970840781539559
25,0.004323042470980434,0.058634860443320766,0.45796118690085896,0.011092237595246163,0.06091216086231256,-0.4492071929040608,0.022371112941356158,0.4315361197239455,0.11254674892765482,0.4239440288410103,0.45552193660763995,0.1665692648666055,0.38784734488718187,0.1631704140494253,0.07220344411494797,0.20037947045232946,0.25103687782874795,0.257473264533541,0.22029509222851656,0.48865647238851617,0.3769468913708802,0.3061120248417364,0.37318256365419467,0.3655956624953992,0.36265665970462196,0.5268496748991651,0.27508487934327963,0.8006331239295617,0.3184754434937719,0.2590928675572586,0.5492721937903735,0.40089043369590893,0.4793277326215398,0.5134726139726743,0.46037866260304405
26,0.15760404393860472,0.10664359409956388,0.5451760312441956,-0.11140061223888909,0.004459843161603874,-0.47530522887376725,0.11150301087527306,0.3677755425044267,0.20258720181264722,0.499413288584029,0.3717639269877332,0.10085512893988124,0.44929628747436534,0.37542996795604044,0.15161145150826158,0.4133289384187775,0.3242279335614475,0.36477578029888785,0.15997031591814986,0.5689414105202761,0.2348208357056476,0.3769939286036957,0.2276307579177583,0.3345697726232044,0.29683957533338673,0.32998928808514705,0.32221389061837713,0.6005812532201106,0.3150089938980034,0.2259819530738486,0.5032289385779818,0.36391496660838707,0.42064038159745576,0.5317054923778023,0.3983599838589986
27,-0.03563730750287984,0.06069454903552426,0.634265979988338,0.08401854205710221,-0.12374545771394023,-0.41944933014290403,-0.02550382456939923,0.5006983948684536,0.20289510011282963,0.5861589788667607,0.3470659908297399,0.2754783244612384,0.4088581286556138,0.5361422594638213,0.24152287115808221,0.5025580686633209,0.18487143708011788,0.3304756493156667,0.1879311869433714,0.23215654643944966,0.3225802186716914,0.2733399347703528,0.2179290960315084,0.4060705675067914,0.18433780913139713,0.3457678187908148,0.3760655857131232,0.5911316932577286,0.27774848416646764,0.25123486671270545,0.5488059483339204,0.4525628495805869,0.634636342578571,0.47379036500843075,0.37444711171526057
28,0.3403940719919687,0.1823688717941961,0.6448906734729539,0.10964760056962436,0.029878393098577996,-0.2122316661166442,0.09719655933244707,0.6400870594879599,0.2861352819808869,0.5784776168982606,0.6187326789725034,0.23493335861626513,0.4220162775847178,0.5300200361823226,0.3751409495882282,0.23118028316842062,0.3205518231357967,0.272874306397528,0.19957436570174714,0.43481500478794893,0.40907503389149347,0.4212904361316996,0.29263509716687885,0.3038761401479074,0.2605100627310841,0.4625776134425281,0.4930480561113596,0.6829806521633444,0.2338241974306049,0.3282938986200045,0.6046881283852635,0.4860658818118999,0.4262460450025425,0.44313953619130275,0.3692792457921018
29,0.13181454570969495,0.12747329721283385,0.6133683867692605,-0.02964202204969299,0.0022385130712571297,-0.322031602394155,-0.07380359777119702,0.4207198067857908,0.20102405497129838,0.47967155855335475,0.5254631654983791,0.11569587535766342,0.4201835279703408,0.5545148343067997,0.27896380200672866,0.3483998089310282,0.26042252161841556,0.2883066815808534,-0.002983926660442157,0.366107659124542,0.24832454119939495,0.2744003670588223,0.2971251980434138,0.4145454345063635,0.2538135347678825,0.47905915858444137,0.3806881972593221,0.6515542982304281,0.2533121058749933,0.2604123532496496,0.833161621313996,0.5202235509892075,0.6271344283544463,0.4722810314125516,0.3271959176680481
30,0.057065501363823136,0.06287174661372402,0.5567036586675365,0.04830924081058002,0.08122864169216595,-0.3172782334960005,0.09267134313869829,0.5166613149055231,0.46987696037018645,0.44863827653893434,0.41283009511291574,0.12637908996064912,0.3789906989637852,0.46816468245126547,0.28018321347075026,0.4430510294505374,0.22228779402977528,0.28463136633722297,0.13685559888903603,0.3553103075469586,0.42733486232877194,0.3400977136203801,0.22510706797193786,0.42383803172858253,0.3036138494076743,0.39167509352554797,0.29939235870186753,0.6536338331489289,0.28852423676057776,0.250502924504595,0.6375298077682378,0.5865180288512079,0.6003722595227887,0.4470460972939082,0.37879012770691955
31,0.06025699759044156,0.03405522675117643,0.6336788275548414,0.138171059155764,0.07479392815064075,-0.08272284905486986,-0.08659048958002957,0.4453851570947616,0.29513333480011306,0.5038795807870229,0.3715054510906324,0.20154150241021918,0.31257798738530884,0.4163747671619024,0.2277263414818586,0.1585081724366605,0.42954112881395845,0.2018222315295912,0.08876367084207296,0.29421192309628424,0.31566565899738164,0.322017823484239,0.23769899433227332,0.3464280298044624,0.29927151027010596,0.40038312900977974,0.373038269241365,0.5542471757922682,0.26087832496594887,0.3083681016868599,0.7315594680147943,0.31026055483780823,0.5108200448852699,0.3950179463859541,0.3503376397829389
32,0.1601999600757583,0.19629347623922927,0.929857600455986,0.04922100946816499,0.032116504716877284,-0.3158429003012331,0.17562659076709586,0.1623059107472389,0.4273206709182844,0.4166802541202046,0.5748638479734165,0.1944011687282302,0.3732333941019561,0.4821672890231852,0.35285251463546824,0.3651275408284095,0.4249114013440176,0.4434419024693334,0.20278238582971742,0.18756268145000804,0.3068960884754638,0.3219009930476278,0.3943998739767261,0.33401400062608577,0.2617170290805046,0.4617912312430211,0.26198723794639467,0.6252789736944739,0.28823378170976466,0.2987577932773552,0.7686096161793516,0.48162132620317366,0.4654912644487925,0.4967174061251731,0.3831381171796653
33,0.1755095268464926,0.16464697654867422,0.7344247996537927,0.03196174871607954,0.0315616247634556,-0.0897127349747543,0.23910839158111685,0.3420719004723922,0.2689830918135676,0.41147690507543566,0.6072495236679946,0.2636726538530174,0.4614240303193015,0.4554361074140312,0.25488555314273853,0.22285625746890858,0.22291043741579558,0.3666791186299294,0.08449726864954543,0.3005541558114146,0.2876907698258273,0.37449415958886717,0.23921499291039117,0.3297258707412211,0.28493116983727773,0.431369911859483,0.33608389169202935,0.4957169335202748,0.26504407765263893,0.3479997033034644,0.7305193846883584,0.43295615922990444,0.5494709396263999,0.52173724529206,0.36506982463008764
34,0.3497081803044157,0.3235916161629189,0.8523319506760574,0.09639352116987879,0.14879517329537273,-0.23478069738675367,0.19452883254459397,0.47813810842997484,0.456606602551589,0.41369593813450883,0.4533972455051678,0.13927095406607526,0.1854470988853196,0.623195742452513,0.2346584836185883,0.15503865890089577,0.3425368040630337,0.2757151982906457,0.2507882345753812,0.27671552028692825,0.3414528576528886,0.4063298140325694,0.3939497129752909,0.2854400706013862,0.29334924080227154,0.36974404185620946,0.3047196266680557,0.5476804585272668,0.29024921541022297,0.25258728519868917,0.6455088610687311,0.42867696595898996,0.47847477233450403,0.4491443059979022,0.42999175623908953
35,0.09614801250876312,0.18228404871753157,0.8253794605848244,-0.09848623610864082,-0.06382525672078584,-0.22477277548040853,0.2217855620078098,0.2398673978674592,0.31771885751928775,0.5192609705362451,0.505322731155522,0.2179993748410146,0.2953355723753608,0.44394932026678907,0.1917805007694121,0.24216095433533358,0.5207927802026076,0.32782440880586805,0.061390222684297,0.3979007237647313,0.34436803575305164,0.2486826034178084,0.3784553882100078,0.27208019683493817,0.3423506905159234,0.4176308508657714,0.37786628744564,0.5657171947309423,0.2538108177519135,0.31726200858501735,0.6915321893147688,0.46483756527096454,0.5542347976693869,0.780317782211053,0.2744916677100274
36,0.031155720062636796,0.2846284185596179,0.9099656295979441,-0.027451471995130164,0.22200857402925922,-0.11952327410493031,0.2844709771789373,0.48901285773987213,0.5085110845404507,0.6562717941543355,0.4154856979240418,0.31597314372859336,0.3476531636681168,0.4145921033303452,0.181664806931781,0.280092991117288,0.21542601125024743,0.2741139881753215,0.21096499485955705,0.29707121341540077,0.2908210327653983,0.22928131652209027,0.3197094555600891,0.35015348645698097,0.3046973246167932,0.4847876125938765,0.3239991979840782,0.5699578841201225,0.2615101005810806,0.3895016275730692,0.770563423605721,0.36010925774131164,0.5053959376161324,0.6107059099437304,0.2508425206996544
37,0.06909361732851789,0.16971789667326223,0.7071307772914321,0.0314875055343731,0.1346188991807476,0.0752340973509241,0.28158988646895894,0.5132359234457782,0.6732234636402048,0.6415854836994719,0.46564530468944065,0.21568906884373434,0.41875156199843905,0.6571528788606467,0.27997664173552667,0.28710678174804927,0.2522744689100044,0.43525932686457547,0.34388194615340684,0.31474167722878627,0.34029483306173847,0.25323066740048517,0.3017935321618121,0.3372005669248285,0.3406697654970879,0.35914737434883764,0.4056665052347366,0.6271983429774732,0.24897125232246084,0.33813953906300187,0.6018617264132553,0.3314669000044955,0.4087753800087636,0.7564726985675708,0.43483505352640867
38,0.26400099115130304,0.1856912293893191,0.9858644397294175,0.0017285544565028982,0.12302515412371623,0.040786535251821854,0.2756733081847483,0.6364663851538324,0.5496892490662505,0.5046194129101097,0.3715127278290675,0.17016599936144367,0.5030651222918041,0.6411010417919106,0.26038849490986926,0.3237242164496683,0.49029035530413717,0.359062765854331,0.3294109997812626,0.3064024184019667,0.3294963374581212,0.23711107840247814,0.44284427548366356,0.29910735649798886,0.4420918352097049,0.5268183025562754,0.39451268695593983,0.6333061086761562,0.2916351775058842,0.3612523171274194,0.5966008293859395,0.4422782019260474,0.5230447470043362,0.6718495366326174,0.5031588562771155
39,0.22903079238365348,0.08195396489125986,0.893926032344224,0.23097084431480436,0.05879296862701706,0.17902343686679426,0.23007449655293272,0.6259802832594843,0.70917690644886,0.5759655298666871,0.5124060639350783,0.3512643524900382,0.47314846092445556,0.6771043804620236,0.2501883782311569,0.49637905988034936,0.40667464154463673,0.38453962771512523,0.3008873047148759,0.38898512475366676,0.352607568051724,0.26438427400234554,0.3758589406000037,0.38778163303225643,0.3971108545907435,0.5223428044541463,0.28407253247992725,0.7183214648868386,0.3687302154548609,0.2970989410999201,0.7736998387946055,0.40242745790003764,0.5175196426485127,0.6623220671273251,0.5038198847628618
40,0.10318650050229608,0.3452994148623297,0.6269216370642205,0.07485630819967465,0.3548087249559332,0.3001087647350935,0.09471400031193078,0.5206427062135209,0.5244163045312031,0.6771412206046485,0.41154297119886385,0.26552364220202546,0.33815763184089864,0.531572331468425,0.2725994885952946,0.5602729909846941,0.3175000223426619,0.4187985921368486,0.20927383055914955,0.2931009429314534,0.35001542494723803,0.20469027323506733,0.28713031740653555,0.3916664819481796,0.37465973072048997,0.48822498862361136,0.45829792441423034,0.6596819545920415,0.24852448687814277,0.4103008625474612,0.6102487723472917,0.3613116246574134,0.39641756464746647,0.6158859945505757,0.3825669404995484
41,0.35195834744285065,0.44551694319187973,0.7037916713711402,0.060920367130165395,0.38586427059930295,0.336206584383514,0.11951853852904389,0.6329180214683698,0.6440964979920407,0.7342175175755761,0.4965209451041549,0.3248919128035292,0.40295988554284556,0.6883620066613909,0.26390090750088685,0.5087028440442853,0.20355013253634913,0.41922741267507524,0.29397636056628973,0.3007688730808593,0.26303913803875634,0.3907863593518378,0.21690842072143152,0.39801820593264464,0.4123847872254355,0.6384318267547053,0.3588053133557807,0.748568219099027,0.40194705396237546,0.38679565801381127,0.5311084120270892,0.5198286091070375,0.5524111548043011,0.5734960059010932,0.4645795500558072
42,0.27035430871885735,0.22850945037627693,0.753617702659964,0.06074275226607892,0.17467985374967981,0.07001203210391291,0.3170289281277847,0.8638997671608719,0.45879419213680317,0.5987230433223053,0.5240502314536537,0.14604718622037197,0.3775588029239392,0.6058561687537338,0.32941200725691333,0.48337396429451907,0.3061679284557007,0.4136386673055832,0.2528762089373824,0.28672522920374444,0.348409766558463,0.35073874687907036,0.2396025318819733,0.2210669102986984,0.2957575343338025,0.5071950130737579,0.3531948697092976,0.6224593707022482,0.28641059631980714,0.345490935392808,0.41233418177730663,0.4908301255602499,0.5117335814417434,0.7366088179514534,0.33160979731726387
43,0.6079126957454168,0.31405689697711503,0.6825528283510585,0.17854372692371467,0.4671416469229178,0.3461593699976847,0.2134671413770462,0.7055856966075907,0.6026156285961798,0.6761557675617302,0.5774525325483437,0.38971359952335893,0.5764446686706387,0.6968485776931503,0.38888873672993596,0.4207980604762149,0.40152863371394626,0.47298602650901733,0.32164461066518923,0.3057202724895226,0.28458510140523485,0.33399058449438257,0.3692863928800728,0.3694874461414361,0.376560655833202,0.7448972782600032,0.4529195359544762,0.5482781016185294,0.3819839918346775,0.45924138672845005,0.5729028715229765,0.397325860503821,0.5441104322154939,0.6979284421492555,0.5728150952382306
44,0.3810821440016991,0.03370151149421928,0.6647303406650755,0.19934459654889544,0.5890911987664456,0.3395639931942587,0.32927527322733635,0.6314706619001835,0.5476098801438013,0.6160660608480967,0.5178549261810035,0.26033773004776606,0.4063074212612538,0.5509595095278768,0.37174043121783573,0.4713011248225569,0.31674687453079864,0.416122749628165,0.32124083637776657,0.2494584575520433,0.2998434119056861,0.2951665957813321,0.42292464982839106,0.3772858042160494,0.3970294450019004,0.7657173231905453,0.36715489087259234,0.6036531793286047,0.2746969227619659,0.5122479354077947,0.5255205753318193,0.43752752594437017,0.5240927792010466,0.6777508695962565,0.5142958281547678
45,0.5223751508567855,0.4661342146964308,0.8568498902864042,0.2823398769882326,0.6271666942481704,0.5917194048730192,0.19635086728219348,0.5870628782843481,0.4638742244853007,0.7710444294307768,0.5652644160624007,0.2306868555004254,0.45116891234477524,0.6330061229693211,0.39966602794692874,0.48671733705977704,0.509442886417923,0.26173590470992714,0.4153141481848517,0.2676893050798137,0.2748646181497977,0.3531587911925491,0.21376273623709752,0.4033625036867091,0.3427420701959101,0.6248084666806155,0.4801949095151396,0.6341704502803566,0.333402454988046,0.498682214717068,0.600881842633569,0.42954799237193075,0.5376566018825284,0.5939449120886624,0.4731988926915807
46,0.39514949116447007,0.31872779490590075,0.9106843102884782,0.39819036168151445,0.597665282452156,0.47912069005262614,0.32646353863765354,0.4946131480744751,0.6327908186337223,0.6699447255064721,0.5563616306804535,0.3722895363875658,0.40711746866142484,0.5896435974576493,0.41635672997449463,0.3756719851905389,0.5822267038679136,0.3157728525529966,0.4252018360766672,0.33180260518718085,0.2118553087274625,0.35261426100009224,0.32231410943913996,0.3050954973886253,0.35184906326385584,0.6345294287808385,0.4238143857620422,0.500687245813568,0.3242075464913552,0.44670675820686984,0.5734617057840586,0.374572016877201,0.6555259699400514,0.6064122019560014,0.394223015143664
47,0.3899872506491906,0.36687118788600553,0.6943413708478058,0.3242027897286365,0.4980378678158877,0.5071809060335474,0.11127761357291206,0.5304441822258166,0.6396650313171197,0.7584651198422467,0.4872702965767661,0.34901803325468306,0.3765479502376873,0.6858280250472406,0.4377434135775842,0.48574527975108395,0.3208840522337981,0.46024995776789,0.319926204262068,0.3978421301762383,0.37009210095676004,0.40004222909634257,0.30698905782929625,0.427684380623138,0.403606266753702,0.68854704760579,0.45585254957919097,0.8116480197168565,0.4044015104494041,0.556174275561411,0.560363641683589,0.4638612803695287,0.6814565759749013,0.5608479469176924,0.567304636915241
48,0.4276159237660432,0.5134735574265049,0.6787704986899581,0.402602307932222,0.6379694627781562,0.3369584761749766,0.20362650510437963,0.3490821739045622,0.5975760972301819,0.6698351453593869,0.3859420445906455,0.2738149511262865,0.3583568380347485,0.6026502716938407,0.3773842944236024,0.4430958005514054,0.4059903213485536,0.4032351421074433,0.43950150816370226,0.28768153138063923,0.3283325073930786,0.23722292246866325,0.3287750038536187,0.3693677701131326,0.36968353839311746,0.75686695636789,0.41347875927556343,0.6345209576861708,0.3747062803973928,0.4593717491714649,0.6305958699420406,0.37010683260086286,0.6845297959120007,0.6144085054253529,0.4156788606881632
49,0.30360328296211603,0.3986509962535817,0.7204457853875961,0.2930814217056522,0.5383211551324039,0.6713081664045639,0.4492092908470163,0.24160835502467085,0.48720498372592713,0.6644159874206139,0.40831697921262616,0.24776031690710262,0.3515838248195896,0.6452694810768049,0.4184658707032704,0.4489465259279709,0.5032163654643922,0.28031546196449253,0.3746499206395483,0.24191136664314605,0.3852867144481036,0.4106105298821472,0.32918139325491014,0.2680359569125098,0.35280536157931164,0.7803382286020428,0.3918724994573396,0.5576044817815178,0.2669269315265526,0.4376664977283147,0.47918666705811686,0.4856261455546258,0.5721530044355263,0.5312821033625365,0.44419737025893336
50,0.44523947799529384,0.4494437604053033,0.6918384963508408,0.34320465212199086,0.4341238890029419,0.31187403903577565,0.31771823913843034,0.5213381727996815,0.6223790656938679,0.8285508267436974,0.44090886731922524,0.20122985502585145,0.34075325837836834,0.6447312385481848,0.440352119522079,0.5910541202488357,0.556027043198754,0.3425489684886007,0.5085653704227273,0.2925759653933489,0.2704413784472099,0.3001105043978589,0.32850943780157693,0.31007437971935486,0.3299362459231347,0.6872011242369355,0.3608385548341011,0.5987788856682594,0.2800121077074465,0.45964377555796976,0.5131319603248938,0.4031916209357513,0.5408017054904032,0.5782500028564515,0.3492358643744672
51,0.5131877114594519,0.49954556494365715,0.7502163121702311,0.527568793020055,0.5563174884547333,0.753648864294217,0.5484039208201275,0.6397354946997259,0.5911549755421629,0.7236767414490815,0.5743484005430245,0.2476166218976558,0.3187286881367078,0.6307596671347917,0.5017086487968746,0.5245737721052212,0.5323408478205276,0.385376319657604,0.5644986183975929,0.33798717317099725,0.29181842021987736,0.39005940001022776,0.3871618214850492,0.2811737168714264,0.4154066555038932,0.770266490983434,0.42276881490475715,0.7031220384750806,0.45427962875757594,0.38699596658434776,0.562709959875398,0.47835519537100657,0.6652324582956968,0.6909971949097402,0.5421719029078895
52,0.4165943246105377,0.40237346335835733,0.553404619746477,0.2349759287206195,0.5496623173186655,0.5075472994192505,0.3321406969423297,0.47592122052777186,0.6743431072218857,0.7704901196874052,0.4192597433810251,0.20584254931240015,0.43193288467365454,0.667663153135051,0.42942165519003184,0.4764389054052106,0.374602896821394,0.38337900753746335,0.5953281673739952,0.41793573202363316,0.44408506070073117,0.3674063053032583,0.3731832719164224,0.3388861262856117,0.3674314422778224,0.6412726773278563,0.4520450881791128,0.67786520440981,0.39943782633521785,0.4945196170056256,0.5321986696872221,0.5515097028554438,0.6167283520711465,0.5901983430871223,0.499655843867442
53,0.7040522194721286,0.30277079213460634,0.6706170420228323,0.37124195071161936,0.8015711168934241,0.6048524334694947,0.28733444540811676,0.6953402000176381,0.7886633786824591,0.8062499793153941,0.6060210039498626,0.19272922145232613,0.44748312804269086,0.6965732072595787,0.639008782709011,0.5606854702054018,0.5335822787748936,0.24264962375250887,0.4924976768576802,0.30617323100913096,0.4052945680844852,0.3477329909338587,0.3548536061131048,0.4082066727131719,0.38925540010127613,0.6088132227560533,0.47083673463245657,0.5918926142539103,0.30327692499550685,0.4207891696968519,0.5424324105519719,0.5736996578931857,0.7326467995644093,0.6868733604373818,0.430413886067215
54,0.566090972900902,0.35868710875443255,0.8456155744027434,0.6497375317129266,0.48291733405962056,0.7823767799272159,0.21225320906247197,0.5624925390181474,0.5580826563945164,0.5922858286902727,0.39480284083534145,0.18239117911400482,0.5680061388175975,0.6072795819939437,0.32155735898272314,0.4384676466929364,0.6314944700127579,0.4022752414569284,0.44763176645893765,0.34508551255980663,0.34865068571551877,0.3923587152349039,0.4969249218322507,0.26780374303447446,0.3644475201042677,0.6992528589161562,0.22416707794398227,0.5830300735595995,0.44308171124817247,0.3705367908742432,0.5085463854701269,0.3647376546926722,0.5241216839876344,0.6098725066038267,0.5710949948819801
55,0.713841698470361,0.39965712553281035,0.8149915135999164,0.4906404451033428,0.38423866918043026,0.6685773728558067,0.3572863690009524,0.6737341500405521,0.6937320920092239,0.7609064415754656,0.4973714564406873,0.20276547440535797,0.4939639646791305,0.7268799859277264,0.43664280172038183,0.45932196117698415,0.5272496483411202,0.37450258773279177,0.4739834243639294,0.3689641459061427,0.3385291872073836,0.4846669607799863,0.3837572421429779,0.2810641434076312,0.3474761984925536,0.7252702893074598,0.5413486190485961,0.7940464464541825,0.3782325047514582,0.3816437714545062,0.39261891318675163,0.5929298888012943,0.5465203668587268,0.7071873988684041,0.5058648178111739
56,0.5595064719194133,0.383975226475363,0.5560208917103865,0.5070864421095583,0.5632715260406286,0.5502331560091167,0.48863319337902905,0.7072138427768306,0.619759852243231,0.7531947875530045,0.2952994680559503,0.16389120731315981,0.5017936628418607,0.628362197361639,0.4709990880485567,0.4621903977906894,0.449710273124428,0.34664211162321124,0.4699834877742641,0.27357753979221033,0.37300323351504816,0.38009865745488847,0.3249096367269887,0.32935664012540206,0.2794441202016303,0.6058195200467569,0.5113857250830609,0.36128957182512056,0.4096469022935505,0.36420764544753287,0.45365732307880213,0.520163996156918,0.6338198461056173,0.7088445999855844,0.4391319024296252
57,0.547939135048189,0.5370240799427022,0.8450796511241863,0.34431287822959367,0.6302905334607838,0.7617532716108455,0.6337115310294854,0.6098371725381805,0.46166541053397436,0.6178089069948589,0.6075298690073343,0.20222320327191212,0.5151041555401358,0.6646580839510632,0.49213726531221313,0.5971450801017079,0.5895325047733527,0.26852512527242217,0.39479602653629997,0.49484579094663095,0.3404469476096913,0.28069111181693984,0.5130255819953222,0.24188626348781536,0.4438290485509747,0.6954568173450011,0.550463462387679,0.5972193876150643,0.4449670468510236,0.3873881117565432,0.5610696589020545,0.5254400404439079,0.5571303538890866,0.7034592761449261,0.500964317429125
58,0.7119185212208872,0.4112614786341766,0.7213135042633267,0.40142131709209206,0.6594773150484492,0.6360577933751261,0.6654680857087897,0.5838930597642797,0.6995985222762096,0.7466024609533854,0.6165983200223198,0.3639983237097424,0.5246654913614599,0.5995598906232225,0.5919837638757992,0.5126355906588868,0.5242929842734498,0.41256226170409244,0.4298915197105595,0.3406977781842578,0.4836319213441299,0.2891251879747344,0.3772196868346217,0.3321190344293839,0.34583637379532983,0.6140374164891912,0.48600075361439593,0.4396221118398561,0.3362403109927027,0.4179499904428018,0.5631440943569688,0.5132826864993978,0.5634307329596205,0.9156906235747602,0.47558657409766436
59,0.6139765886535712,0.5651180018733589,1.0391712174825356,0.5912775210152129,0.7275111170511543,0.6709606752338726,0.6212304832830635,0.8133891669815709,0.707578562338224,0.7973691993393406,0.46649244681659885,0.22148028453130475,0.506374512702265,0.5718573699450282,0.43965917917174435,0.5115191912018904,0.49460495741384874,0.25566747738212936,0.6463500150114485,0.471422224482704,0.3850583748173193,0.327964976198573,0.5260373244199685,0.24720427537803025,0.3618044643560412,0.7282868131303255,0.6080870868278562,0.4472606119449555,0.24994469883714981,0.45107364302412534,0.5830081797909342,0.406832685840652,0.6452318246241568,0.6034091697567012,0.5630927470746114
60,0.6530450784865118,0.35991441912033156,0.9774084002706757,0.5186095225316181,0.855308203175933,0.3914079580577195,0.6519197668947756,0.41409384116771075,0.642715006078657,0.7640569017961434,0.5589519257882212,0.3264875767164038,0.6907842160021195,0.5396735222004669,0.5183824801777343,0.5060108430070998,0.47432948604362274,0.27929759862567194,0.579270558321064,0.3080013411456247,0.5342930651309747,0.28438213411041025,0.4433603106346511,0.28238491084089656,0.3387826400663305,0.775469935164141,0.498602360556531,0.49862342589979985,0.35967546912771986,0.47331940906780035,0.51975871032454,0.4129905141680781,0.5546124251570702,0.6729332996849808,0.4964417332480544
61,0.6651071108122818,0.7163193249601469,0.7273834967375126,0.49571856831023126,0.7117187689989481,0.7201822973403965,0.7242067465283397,0.7445187870301685,0.8292473887846847,0.8434099593757517,0.6554543257403892,0.3586651697445447,0.6167285478278114,0.6545805476668769,0.5150119648319607,0.5822017783741364,0.3501522146465525,0.41282451502596396,0.6002477510476725,0.43498994370013977,0.49163661270086556,0.37473717466529033,0.2973722206591504,0.28198642451602735,0.3138945938069572,0.7750145651822178,0.49551014857379316,0.4444986121189769,0.31456932357844003,0.4935466136809419,0.4163794169569352,0.5214226018987715,0.6527952281125964,0.6982466618083725,0.48481220522933555
62,0.9075933533726326,0.8005769757536585,0.6732589210736855,0.466119720195984,0.8403804845427925,0.6426110738451236,0.6853999847329518,0.8818457898613833,0.6708243381434502,0.5818434985273362,0.7336855772369889,0.2140752590517888,0.641111145992601,0.6449002188123052,0.6125794026679454,0.7478505775259052,0.5551847075020188,0.3999583028250605,0.4525553972098653,0.46327951608050116,0.47809368157744936,0.2708579868194778,0.41388374422427376,0.29292907093395015,0.39927496340896157,0.6741807733908106,0.5621923067650844,0.44783441933508605,0.5266399880921657,0.4878553149559093,0.40799827327803134,0.5325167582662882,0.7169696211840564,0.6971442669786354,0.611900159745507
63,0.685127135809702,0.5576287440230709,0.6353819662513627,0.6977727403231758,0.6233884926656083,0.726919514338249,0.6819794718303093,0.6766492112572993,0.6275590991817364,0.7458972219667634,0.6051466598825339,0.3367000020820598,0.5402105800062134,0.5141076734094864,0.5784761945168724,0.5920295953852288,0.46307873463526195,0.35628951603504677,0.6264690849855257,0.33414807973157784,0.5544959878896275,0.2045418917114855,0.30654415451466227,0.27435531391721385,0.3394502059264289,0.6853076725364384,0.5113525500929322,0.471872647633613,0.32266350333978394,0.46771682531510483,0.5698222513058702,0.5698993852453167,0.6022866542124673,0.7420482149196903,0.48806580276841915
64,0.7661809070265839,0.740179596065157,0.7296205502882769,0.4717058608071738,0.6691521383173185,0.8548048371880375,0.7174497751136013,0.8212784606427288,0.5670829334825778,0.6930706185533846,0.5780600843285943,0.3361206669225221,0.4640107028495959,0.7293310776705351,0.5587383673166557,0.5869177942342494,0.5947161108794641,0.381435247752331,0.46600758168482026,0.32998396222635284,0.3964958653842402,0.3526787495798398,0.3179766987826334,0.4149881627848176,0.2573280696778494,0.7345795285655912,0.43711327212226286,0.5772967381624546,0.3782563504079543,0.398822618126464,0.6734262888291984,0.5632587023790329,0.5890216620520763,0.6839440588956779,0.4149004093606801
65,0.7486528668919293,0.7297132372146032,0.8116461212094443,0.504012684839031,0.7325291062109698,0.9420334201316246,0.6854843944345099,0.635658730556312,0.5605149616245242,0.7841481439648573,0.5792152769363439,0.2053521172489939,0.4612052655806992,0.5857801545994156,0.5171290298663711,0.7465533595106201,0.5190511794538,0.2874242171855604,0.5864562450159181,0.2827686822522308,0.4715678141624755,0.36637997520573046,0.33482375609942083,0.36869829549357863,0.3763284088819872,0.7986233300295582,0.5577996488610386,0.5956769865629987,0.46135814964404864,0.3787589085240744,0.5046544290607919,0.4492836205586631,0.6391774417825451,0.7005074616528477,0.54999418392605
66,0.6619652486632903,0.6076136236543144,0.6592042378323925,0.47417154411491247,0.5451239795744415,0.9607432764441352,0.9314280893176791,0.5967518169704693,0.7703875055396345,0.8884714370882765,0.5587829055764312,0.26982025518241326,0.413195922459196,0.6910484140922856,0.5443940110368208,0.5822992211984357,0.45783163528634674,0.27489493870220805,0.5887508625940476,0.387591195651404,0.47356490938499507,0.36466017430580855,0.25474773648424953,0.468726775130772,0.4560706724684761,0.6777260440477193,0.49327590459328446,0.507366164803416,0.5615337372467686,0.42105249166878234,0.5112033136565817,0.3091291737237104,0.5862452675396412,0.9836947471090132,0.37964475487310817
67,0.6663788628230796,0.627523288220172,0.6807978228852292,0.5419742596464111,0.5674126583735208,0.9582747771318884,0.7022410223710489,0.7955603024499691,0.7203149903103003,0.7118482925478404,0.5441384314122101,0.18479892257007818,0.5526964356514825,0.6810530078784125,0.5806163566809226,0.46114513544312874,0.4629840248215359,0.30682546313979253,0.5396073356408598,0.49344715207874934,0.4685573340903799,0.4171404007132832,0.3649655250103893,0.450826581796798,0.39066030353130454,0.8312289248894609,0.6517569793808302,0.5343305302240259,0.4778869588987571,0.3979487552879162,0.5614089581318604,0.4593721655512504,0.664862795748564,0.8825583750600107,0.37862397087626753
68,0.8619455371369804,0.7474353449373374,0.8435296398222546,0.5271994590978379,0.5343493243047709,0.6598048863680417,0.5703341292490474,0.6073051421155296,0.7697757936171725,0.8084153144018655,0.5414263799806323,0.172555032985049,0.676366961288836,0.440383912450741,0.5192680250473585,0.6933925337641654,0.41476860182992203,0.22528712468716433,0.5229857880929858,0.3168535742491572,0.4830660525517477,0.30776176449352705,0.4197389509940306,0.5021591953071103,0.27716092493777833,0.8723973165006491,0.5450488076128432,0.4180392666190436,0.363137368396511,0.459949666953661,0.7741273975826439,0.5424842569182837,0.6521857602971425,0.7427620156356479,0.43913614393925005
69,0.7517571811796379,0.7140303333219266,0.7370301679223192,0.7850032398430516,0.5854554195609953,0.7711199844920276,0.7355511426231094,0.7547913278466267,0.6913904325535853,0.7400642039879988,0.4018700295360541,0.2844406443272831,0.6020192247430474,0.7461467622327802,0.4517601528957071,0.5779022714741451,0.37430599397938236,0.3535439281069318,0.5111305265351453,0.3282924960645498,0.4852667059384509,0.528225534861732,0.36267518667135834,0.4622817250987621,0.3505278633205504,0.7887516025141621,0.4849612697165043,0.5610087438720662,0.630288365035658,0.4355194798128055,0.6798745522980438,0.4076528364477435,0.5687011677148355,0.8331334022449681,0.4538650725127542
70,0.8035740837984688,0.7338840175320193,0.8876720168875111,0.5101355192383733,0.6041340414620595,0.6831380317096067,0.7762534362266793,0.5855542230500237,0.6642191159464073,0.690865024540182,0.5140633323468622,0.25951996681679634,0.5701473543899459,0.5032846058358686,0.5262425404337239,0.5898522851950512,0.43000859721574936,0.2526484972989687,0.4400570696171814,0.34158233136104776,0.5334390648826952,0.49642580649593243,0.49237757062334464,0.3709123177796517,0.35629012657089887,0.8559357275721987,0.6921819522602712,0.5422853230594208,0.5327983043823352,0.4020818749246924,0.6597464790061403,0.3292614362775834,0.4127270603657127,0.8709775861902131,0.453520643821418
71,0.7253629686019669,0.7925556037707371,0.8341401110781272,0.6466833336011479,0.5482252297868164,0.8920482204017578,0.523986849956944,0.7978196725449871,0.41153398797281215,0.6002930973113468,0.6362342239655129,0.235721753695732,0.7150488577924019,0.6585541163030866,0.6015140085313608,0.5435362217676812,0.6150639823722475,0.2757451690905768,0.4838852089559986,0.3516583475334496,0.5763323818169507,0.3798851639560906,0.459729825172154,0.5075123173663996,0.38301735021052785,0.8757717811831307,0.6530037754834171,0.555613549630092,0.48264412142146274,0.4209311438523801,0.7800125550449394,0.39404612833874336,0.5702669420686975,0.6689868465441362,0.5785355958725447
72,0.9606473838480292,0.7346825939200367,1.003574636916515,0.6149017773873895,0.4029674395915759,0.9306929300307045,0.591119845752256,0.6366206108740882,0.6530217489393344,0.7143067677954988,0.5633308644599336,0.3550300152477109,0.6919223053250483,0.6307287371032572,0.5151619614928621,0.6717638604737528,0.5419467524903696,0.38889053538427376,0.5546971344479664,0.3658959926094924,0.4950626547798187,0.37517956475956293,0.47603985229612866,0.4284329935074151,0.34562513836016395,0.7540419023519159,0.3887869997849686,0.5097617322508291,0.5117306405371378,0.4641755871060228,0.7146926850160601,0.44281720587155315,0.5166678388388192,0.8190135049729941,0.5052402488208809
73,0.8391781808022245,0.7011084170987008,0.8739665387292436,0.5710058687424678,0.5973435870935607,1.0641432947046705,0.35112232239359653,0.7856550125135745,0.8341691598060418,0.7540570239455342,0.6753462363368555,0.30763940384734695,0.5728029699585397,0.7398819391361484,0.5449695772573806,0.7101252910702829,0.5129997251397242,0.3515472382460982,0.6425217647140823,0.3209273284890261,0.5144228650806659,0.40921414415056645,0.37977588986887933,0.42820916816263377,0.4806470362816761,0.6718170078462238,0.6742213199889876,0.568578574125125,0.5890301899445097,0.5021519763576789,0.7990924170111664,0.4236195028328493,0.5703790766169105,0.848583453995932,0.5139502079581164
74,0.905322340021351,0.7098513279680518,0.7196571146233114,0.5828027039375377,0.6270833117095185,0.7874170774933908,0.5732536189674327,0.5763713057850699,0.6804656754455536,0.8346203297280236,0.353976249166976,0.25913809019003986,0.4114683877020032,0.5337053453256487,0.5500576681344399,0.7055432597463553,0.37065019975468533,0.35022082559583023,0.6966629270317283,0.32724789918709557,0.5157410063921513,0.34471905419106147,0.44492657382828493,0.5324947845899785,0.40716143598629906,0.57282316011031,0.48648319090229325,0.45836167315705634,0.5381578916905687,0.5031159496922433,0.6719990848337525,0.4433727961142321,0.7097401229196716,0.8913647218628711,0.43082697280322246
75,0.782333872928593,0.8322631300471225,0.9379136422089034,0.513857990798031,0.7665173529759379,0.9974417280207497,0.5424723793289572,0.599258562126663,0.8740076462937741,0.7091291032765764,0.4630182917196851,0.3573768412526711,0.5738929560186232,0.7088250483732788,0.5558034256782032,0.8269792466552295,0.4012667889113022,0.24486433392212767,0.6107678173543221,0.4577453383303099,0.41440740784448954,0.48465114125065045,0.38826284449551707,0.461750677030782,0.4565274346089683,0.7133472193483613,0.49904478491109616,0.49726627362653775,0.6161052072342561,0.32487944675794256,0.6752878368094892,0.43239760420314954,0.6237053126735238,0.7536222723311402,0.6700087866861357
76,0.7842574775490609,0.8674623031436905,0.7436356569019472,0.666788405155911,0.6664602074730579,0.7758631860056937,0.7307759967025532,0.6293875555964279,0.6935375313928744,0.5803823711862498,0.4958996007841246,0.31946876891227494,0.48349293754877887,0.6665036612957395,0.5335757086936815,0.7439531992395536,0.5049018915513641,0.2897287436027872,0.5941230741514634,0.4090563305888275,0.3975459607882021,0.3957572605955703,0.42183721525373596,0.4717863881000006,0.406473641384566,0.6821907518526948,0.497403234249276,0.5604595331673311,0.5802470909118952,0.5019410618107986,0.685982712877649,0.4763532501967039,0.5799172381365079,0.8041374880436918,0.5782044716872531
77,0.6731137865537933,0.8392564696972069,0.8984142960373682,0.7322288345238883,0.5944907523106877,0.871262038419673,0.584667893221395,0.6585470115919563,0.7771502947704226,0.7597440215303051,0.610928549565521,0.4461912382971111,0.6352036947670606,0.6056317820134473,0.5228852717244286,0.6012356094811298,0.5257634550431955,0.31474341608649814,0.636967810476358,0.3465985829843063,0.578744858765972,0.37520149291559285,0.5138768098881711,0.3861534538932425,0.4419854260378144,0.7414073300838739,0.7075228794845355,0.39860028625304644,0.545144642742736,0.44226493060176003,0.6495315825284713,0.4937899435796606,0.5699124201736577,0.6942193767440119,0.52061099114016
78,0.8055271537327482,0.7813989228818913,0.9100511159248145,0.6371851882014462,0.5506713267789713,0.8730760912493275,0.5035633299604946,0.7006269220948107,0.6272355943978454,0.690121149218029,0.5641255053355273,0.3528401126001227,0.5452536750751501,0.6598011349357,0.4703004632254087,0.6506411278237941,0.5081199059526614,0.25192326349912886,0.39764077967469,0.3392176420510653,0.44594629767753935,0.37165998377841486,0.48064386011265003,0.483815004610458,0.3549402749340411,0.7940011708597621,0.7129688443328234,0.5727771212269348,0.48308472136243624,0.4297642247727682,0.6447685182969372,0.4808114064047344,0.6445662321953096,0.8295964488265577,0.6231420292612595
79,0.5188055051737106,0.635397895330265,0.764582403223552,0.5488519298034065,0.7165671515425871,0.6053823162493108,0.6729893580444779,0.7743345570959823,0.4845146781392099,0.6264042903723852,0.5787873317743921,0.351099194431095,0.5605460975533377,0.47817137888039246,0.5519694713791845,0.47028939295619826,0.34177966671608173,0.1970696822453415,0.6188001297375789,0.30586424791119143,0.4887158367795292,0.31412904360296356,0.2593833784553071,0.45280798464077626,0.4153259353924629,0.7200077293778627,0.6627774147518504,0.4520685499857067,0.4545279751364637,0.3901228731520713,0.573669997673041,0.44719944364995745,0.5181036878501348,0.7533718209791993,0.6246707202614443
80,0.7742024966657608,0.7081903869462276,0.8581138011515941,0.7162691600633534,0.6405108661836865,0.618262288596075,0.6079873069002838,0.62039140532771,0.5092081445279726,0.7038209310651218,0.5622563181157333,0.2411768028313882,0.5801093582417769,0.567343490755089,0.5769128921059214,0.4266112771998857,0.4428743415027018,0.4020246936890955,0.45923921078050156,0.38898132138239094,0.45112898213248565,0.35712290962652166,0.31273568642361416,0.3869944314502608,0.36782836489375115,0.7165713866005129,0.5415812351435256,0.34775746699732124,0.4213779984697903,0.31896429898918655,0.715552731737475,0.409580039158217,0.4507135602082377,0.6516113491025449,0.5435570673052472
81,0.8608790044108179,0.6371580063892267,1.1118038965052335,0.5269641937999292,0.7329822739403118,0.8198546910691205,0.5108883308168519,0.8528740510299956,0.7950635936930495,0.8490952152542905,0.5558766756978102,0.5324947535586946,0.7027300650623434,0.6631016661120449,0.5466215194078291,0.4194501734621,0.5493621047739611,0.25542461885149215,0.6606842628209884,0.45981592228354917,0.5450736577699533,0.46808851319500094,0.42617875010652095,0.5181434515577095,0.382012774572098,0.7177839507541341,0.6181133265911181,0.3909489214995349,0.5233116274306573,0.3333337759044276,0.7698348750898442,0.47174607149277464,0.5939599981421766,0.6506860043372594,0.5824266634977991
82,0.8511873905357296,0.6712866078263309,0.6268056211099964,0.6402657226517172,0.4926648887013786,0.6394635023895454,0.6399208994073164,0.6946369713321605,0.7759798107451528,0.8903335878105864,0.5543760644127599,0.38671468397300096,0.5043647333709634,0.6308562534721573,0.5599884018747354,0.6357455630561555,0.33371312350797544,0.33437440016038267,0.5647426947903376,0.5073340637441646,0.6055242752438471,0.3509025897539536,0.29540707178712683,0.4399572117401347,0.5461270236282858,0.4862432845071286,0.5471740901303298,0.5545544817865937,0.5747114913514423,0.4090567508535413,0.6716991560358859,0.6224674039042914,0.5983273557033308,0.7948044699541348,0.5440975850220504
83,0.7130228538110821,0.5920719841502717,0.9622620292847384,0.6082109816233221,0.5527779870301763,0.9085030046716382,0.4369574212455118,0.6839112388082871,0.47480715061853346,0.7163336894723278,0.4564787654861239,0.43609866810706066,0.6482266715542355,0.761800262286185,0.4071828438603484,0.376877014275806,0.3822267920134931,0.3030758376617967,0.7075412447445948,0.3944091061735716,0.5200591276064676,0.29777754440764637,0.40532079361857676,0.38980170077579185,0.3505087501573841,0.6999211475062028,0.4139904154037287,0.4719814727981104,0.4128930615412112,0.3577941536516077,0.7266330063775053,0.36902243214309727,0.5807074847550547,0.6771890648474863,0.45836690725318924
84,0.8885774922532728,0.8788315233612355,0.8784036768838722,0.7306399612927093,0.5267884339191049,0.7604432812538465,0.302514316511569,0.693325273392773,0.6701113231929869,0.6127514696888556,0.4430349736632708,0.38563100160585634,0.6133293223499101,0.6966333414370385,0.4284676711036031,0.7120241539270085,0.39226686716646214,0.17816482179494292,0.5262047978925993,0.40805523913817326,0.4867152158478214,0.3227668358641384,0.4912035486220838,0.3594425804247767,0.5840136001035021,0.6858789726434709,0.49677556413176793,0.6694785919229667,0.5463093149549044,0.269114111167498,0.7482094603520386,0.3797563297882499,0.6118290219088456,0.8584015339888702,0.4307824243777423
85,0.6712576228267549,0.6882812095705413,0.8219808973662703,0.47244689571149906,0.5746383715822849,0.8855401836827879,0.4144946552290981,0.72472166770249,0.6565906311467574,0.6658551568274221,0.5914963260426317,0.37377133806399926,0.600851552423477,0.6370631067271033,0.5806104992184997,0.48676307298984445,0.3431892344321311,0.37506242660914213,0.45334398438692003,0.3224221231514408,0.5564713784976725,0.5304145868374567,0.41820339928401745,0.29098018518575375,0.4733514049786436,0.7827789918679979,0.6246270986595055,0.48432123705888147,0.5811803750416571,0.21516160601268686,0.587501227059279,0.48414818967979345,0.6886537798520969,0.7843080584064623,0.5506341123784291
86,0.9968839343476451,0.6319590934831169,0.8301390868506804,0.504160538508744,0.6058837790516285,0.9317444954186336,0.4622599302955551,0.7130523838075062,0.5642790802742514,0.4318470075509465,0.6436772520489302,0.3029336447237849,0.5557243876614391,0.5209731637561263,0.5255749614080104,0.49270372914833405,0.3300488698472445,0.22748406041574543,0.5098752891782192,0.3790692714822599,0.5369649256853378,0.3604775536256677,0.3168643925745516,0.3899336636009396,0.3885803696457728,0.580951276141368,0.5929157419650135,0.5261100674447257,0.48748972920004024,0.21682242522667974,0.7937294628577976,0.5303681178812498,0.45617909306434873,0.687867367237938,0.43056430391033174
87,0.6144548300805607,0.599418728584035,0.9438983427274289,0.45366809789309737,0.5295711264600713,1.0702878503350417,0.37933585553596316,0.8807305377732451,0.7269152016906395,0.8402191405193085,0.6466546406666521,0.47318647691426713,0.5928430390335193,0.7356358249013742,0.5232980374772656,0.5644610934112364,0.2864820705881925,0.34020200729366135,0.625980042928105,0.42072656673390835,0.5058501759858706,0.4072835492538912,0.3748321074056278,0.5105784691835413,0.40887638278675215,0.8149047800634632,0.385229930236234,0.4229830875374315,0.5410382228428433,0.3712183794913102,0.9689708574094335,0.5566384211934502,0.6452486181360398,0.6309952741765957,0.5195191295770958
88,0.6788915658037271,0.4641749023519097,0.9165814402043571,0.47595358407074023,0.7232148780889169,0.8270180739577908,0.13920536932574495,0.656986108038414,0.7626227973948203,0.7409715727263816,0.6614039564310146,0.40385298799046193,0.5796484640187538,0.675503107101868,0.5620669164362592,0.588284311534659,0.24641937493519783,0.2765960678079422,0.6369602869956953,0.3875196736743721,0.5429803497463236,0.36022502082010743,0.27512772968545657,0.451917564288344,0.4229056347742413,0.7509755068061561,0.4797980484349953,0.5735082116557697,0.5904343216894866,0.3971779402720449,0.7216638370836204,0.5409126697639466,0.5877769959091603,0.7091671520447923,0.38719686649816065
89,0.59178214895954,0.47737721749314743,0.880346716793166,0.7032894563161947,0.6295757954833361,1.0211650659664155,0.0590627916730492,0.7975002801927475,0.830613893281507,0.7234969844482066,0.6404486680371702,0.4036291762607085,0.5593009730288218,0.632543740474419,0.5883090881471705,0.5767196916210862,0.336680645146226,0.317859662822735,0.5025362474825252,0.5030246146368846,0.6243249456620332,0.4553371564507659,0.36366548462146353,0.4216380167182472,0.36954550019736315,0.7041511953654739,0.6194099177130896,0.48272358089236994,0.6198719325894368,0.311844800490991,0.922693854928583,0.47530627612163,0.46117474309323947,0.7088134411831949,0.5508223378189901
90,0.8321095018914821,0.77798323017426,0.8778040998656416,0.5363755387562291,0.7696286510994188,0.8621866914888662,0.61693630098364,0.8055280914605609,0.7945084112775636,0.9915998391686903,0.6483467239467966,0.557151714766181,0.3930128393950598,0.7123413699320702,0.5135394526689896,0.5883699360014527,0.4048511404996093,0.23974563365468426,0.6305753283023667,0.3951260943517106,0.529897733632046,0.4131913805276161,0.4304014871162574,0.5121099417108617,0.42090369415525164,0.6071190953631616,0.5189091910432315,0.5357341041495599,0.4130829336583078,0.40051584151987973,0.7140108333922431,0.5409403118349667,0.7128661603828548,0.6524485817480767,0.4322089621069198
91,0.8275167469940643,0.9130241871110407,0.6467512539038206,0.5235580497118378,0.6771908383211909,0.7956219784590717,0.5099494272663605,0.6787244277071783,0.7427920914041991,0.7386841261050832,0.5669279177734006,0.394013937114237,0.47428513152838947,0.5851662530113202,0.4576171280711273,0.5578550708677392,0.3423914027669252,0.18716871146504285,0.6460412154197696,0.4841370668202013,0.5696002208294018,0.42184503768114084,0.41679353483368864,0.47697152304754614,0.6190111013542714,0.6523663674391986,0.39092509842646395,0.6473997163608172,0.46681948077128127,0.22792941940255512,0.7510053898572415,0.47584142016702485,0.6097483630484221,0.6753972451707349,0.39963549064089504
92,0.7195202875745929,0.5736018544491095,0.9467252467542817,0.48882086430409644,0.5799940453753792,0.9718733015883567,0.5134768517560002,0.8441705857465027,0.9583841491754203,0.915841726366156,0.5870321830857461,0.5802043062227364,0.4807043557688898,0.693164695919047,0.5030185649525336,0.5944688987387146,0.4483614614890841,0.2532517575876869,0.7092921732082837,0.3962743073166503,0.5213251602049929,0.35179971778162605,0.47868761436603,0.6297041186565767,0.3796701231838597,0.5926374482778266,0.4575183250016327,0.4538169209849985,0.5440296446147435,0.29986466241960635,0.6003138561178913,0.4832748432100821,0.7451214794316143,0.6540475128974284,0.35580045207055544
93,0.7798372443339805,0.6658963329072427,0.9678061318189997,0.6054523383236052,0.6673633315394316,0.9645875898226635,0.4964635719504863,0.8239739207852335,0.6088409077424881,0.7025063939110342,0.652807333667527,0.49303873782159735,0.6488866855838171,0.8065982379389476,0.3423467423787852,0.6778739904727429,0.331780199678648,0.1495161736031529,0.5834826823638499,0.4187068223550078,0.515229160644161,0.4944897639920637,0.5260437191275132,0.47611935988238285,0.4368199867994046,0.6656740319858775,0.610666425159589,0.4363776711531259,0.534446083553485,0.24661823173555172,0.8622431377893469,0.3824222463907337,0.6596982454855416,0.6689291021114432,0.5049810843294522
94,0.8090801981604188,0.7163227095143818,0.7654654861815404,0.6479071730897072,0.8087340710463689,0.824183378067879,0.6653924174526911,0.7063768252897165,0.6600180722338771,0.8266662148207574,0.6541526913499682,0.3630088072158656,0.6677762189683694,0.6265800842820113,0.5741233150861134,0.4486609778083248,0.3118047895356596,0.051023876845334264,0.5656699241188432,0.5469791217229802,0.6186966902510207,0.3370915946808103,0.48349191842364314,0.4012133700232275,0.4158159788844143,0.5916021262383577,0.6034541284437975,0.5090172027875649,0.5064866397642699,0.26109585839972876,0.6520315950855573,0.5435322984149826,0.5932561778796408,0.6993887013233073,0.3611191341452209
95,0.9759410317622699,0.6242936493377249,0.9236132949554997,0.7790402285350385,0.7716378194082267,0.985291720811482,0.5359936705881813,0.7722568766472426,0.7286662408248812,0.6749372072030336,0.6383048452249785,0.4883129189802209,0.5607638414820275,0.6814767051525686,0.46640245184359697,0.5512166031318455,0.3831814394976759,0.2446682574899828,0.41633450940544303,0.5215633142390095,0.6223348668523039,0.41931702696552786,0.509394589579298,0.44689979000348057,0.43038645908675865,0.6305526762019377,0.6674161195397493,0.4901587935015834,0.4755340317473674,0.3507110152330919,0.6923948783168019,0.5800645889492472,0.6123233150582216,0.686420323499598,0.3900008159465461
96,0.8782583362479999,0.5744385424160399,0.8680241584938333,0.7175330849936647,0.8928219858975578,0.8016440131266642,0.6169100194927464,0.7477908010023924,0.8632049035825056,0.911669209727358,0.5248683487446613,0.5856187898597542,0.5119982290506444,0.6698321772338477,0.4705018500739097,0.4840437491383871,0.4931395199527301,0.114183665926684,0.5716413684786454,0.4904494296689145,0.6313822562178886,0.4536801502263742,0.4871793532507497,0.5068561041870762,0.3721516178872733,0.7115384375299901,0.6455678035571324,0.45710836822031164,0.47601861571181503,0.33842111897936367,0.7664867533957,0.5518525287082525,0.6452063603791501,0.5013756024611141,0.38148231119315257
97,0.8828187358799519,0.7149751513505241,0.6579707051748533,0.7892511443538993,0.8613003205662835,0.9011730101719836,0.5918532491732146,0.7819053772847089,0.8162687897539078,0.6326382078774382,0.5925233776714653,0.5357866235100603,0.36382203315242123,0.6107692859631006,0.5840953647186267,0.4655708370659998,0.34219480786840006,0.10026303250166284,0.4961018273722513,0.4976274608228223,0.5024895834390375,0.5248342717090949,0.5310269951962996,0.5183163220367156,0.4456085097692416,0.5474577543259949,0.5539521537130128,0.5856915426077525,0.5046604363973133,0.3214734903060218,0.5065683206968128,0.5898597104181587,0.65580056992526,0.6204738853846954,0.6255614652120985
98,0.6317943429541453,0.4767060491522014,1.120895651012882,0.7038399941526541,0.6795884177042967,0.8207017270011954,0.5491991406256583,0.6445367380960727,0.7967658527884396,0.8092988125291831,0.6310816663807048,0.5778407957922417,0.4434132922241727,0.6753725602747885,0.4745450853700256,0.49663273546500253,0.5705270685037389,0.12373232374070744,0.5083554908680272,0.5304835120626189,0.4842981392397402,0.6188046834502918,0.5564621390925115,0.552140970386073,0.33477798837243544,0.7737602022749781,0.6177732225428896,0.5427832935371231,0.39968775216920505,0.2728990197968575,0.7927322058935666,0.6475689546565468,0.5697566541648487,0.38958632415796574,0.41180280118731805
99,0.5437453173219182,0.40161837353621366,0.9819166782509513,0.812864142105576,0.5749419842532103,0.6374378670535783,0.45531971657059195,0.7380651546944395,0.8029263760642051,0.8099734788223205,0.5166072188885251,0.6380509632450209,0.4893409017766341,0.5306506329375467,0.3447795480736874,0.6076305361969156,0.39476590256755495,0.13125097279140996,0.6088577269209154,0.5396450788400333,0.4507192604317349,0.47974670508882666,0.46872976537793165,0.5139914752710356,0.5492239818925837,0.725558493370082,0.4941976810351284,0.5833964969372449,0.3728590795175887,0.30200995467807545,0.6636937124155322,0.5689108651976064,0.6267318832052151,0.6079687196639817,0.3896467921511888
100,0.9168700674410228,0.6855730738655459,0.9378431265713709,0.7146134216597619,0.8135783453383908,0.9481429044143708,0.5920490777640464,0.685566493958388,0.7884607061454934,0.6964778956982666,0.6391353777029956,0.582875948626643,0.5348682267978406,0.6912447005213072,0.5544163090097203,0.6705534537680368,0.349004484338524,0.1619301207168105,0.5441517589604139,0.5573748055072874,0.6712522416436302,0.49097899554290664,0.3904603535785845,0.5070102688567404,0.456788634864019,0.7218068792738882,0.6848165436834287,0.6057661905597457,0.4188317400417154,0.3788153390911588,0.6523271622224187,0.6243656392782578,0.6697741521284069,0.545014315918791,0.5806735114184582
101,0.8252317214950289,0.62462760739762,0.779870379876531,0.6613444875400882,0.7685783860895247,1.032375006389607,0.290884873150226,0.7855113864984573,0.6843119646343985,0.701195082556317,0.6397687390208724,0.5396616014387772,0.5535045229860791,0.7148145974330835,0.5101884325737114,0.649954492703295,0.3387992157660718,0.3433907612025827,0.7175783425507087,0.5429035799000951,0.6047635209173755,0.5063586150537256,0.5242099387857839,0.5463444701793048,0.525750636256742,0.6006699284811243,0.576051215091348,0.5225099462371661,0.567197681742369,0.3081970856541673,0.6347978598288087,0.6901244445173073,0.699649961459845,0.42693314386191233,0.4008223145766166
102,0.8519797639036293,0.6001671116572853,0.8214563288266534,0.7232538759342737,0.7787155692853132,0.6921372872244687,0.1976300296635518,0.840222828355792,0.6513340267997971,0.676909777786326,0.6493754206100965,0.564608867107109,0.45283669490456946,0.672960162534842,0.4340597231236137,0.5805111524909166,0.37886567200138344,0.24979292657141033,0.5127413387165174,0.5706733807068494,0.5577023122987357,0.5982535053262654,0.45565191619382006,0.5253488806935619,0.47903362260928833,0.7022166853132328,0.5782487049123763,0.5199107213005857,0.3361786401850698,0.31671051220941043,0.7327114881697704,0.6282450950229392,0.4897288004978222,0.6101466683099588,0.48277106821103233
103,0.6958730054864097,0.5956063998162848,0.6697632419200634,0.6801261620426289,0.6237457849143913,0.8165707391172157,0.42709323986053144,0.9285807180891577,0.8290894810407048,0.6906785557152799,0.46696569093279117,0.4973554614130321,0.4803160889001382,0.785585532632636,0.4085345353993717,0.6019757481868839,0.4333574012632879,0.22813509361678555,0.5726997895396806,0.42121770296748834,0.41078684042107655,0.6571815346736178,0.4514233900433269,0.4415820593530434,0.5328079666178627,0.6953907362733238,0.6259692438329335,0.45458450786246696,0.5120574142224661,0.28861007335986627,0.6139680176880411,0.5418276196224161,0.5759724668121621,0.5755451772018734,0.5227209597021314
104,0.8045732602660274,0.5187945448617386,0.8785504898946122,0.836481880560918,0.7405841491005223,0.3691869337497907,0.41747825981913833,0.6323821262736533,0.8301865140186133,0.8350642451896764,0.5683165871547116,0.631780589442903,0.630741813556279,0.5244708041917141,0.5088332414134933,0.6194609102403407,0.49403008513702606,0.16928486146043276,0.5955062553223436,0.530825510865409,0.4169610572435274,0.48605150747858633,0.6046875876086585,0.6064563996805051,0.4475782274319429,0.7726980488838816,0.5772210933523473,0.4009275985085029,0.2256013214413365,0.41903678685005036,0.7743016521112808,0.6846379968474474,0.6620136818784228,0.6180192584790317,0.44860814425604345
105,1.16564430227229,0.3874992804007547,0.7720953953840843,0.6751169792881722,0.766334105373109,0.5581850780763555,0.2734366566754472,0.7087002574359998,0.6996423969016895,0.6643635316495973,0.679623103857064,0.5041188218912193,0.5329936637228998,0.685686641601277,0.6122725579838,0.6337568109105924,0.43435999291050487,0.3188318505934238,0.480172216876692,0.39502071720138665,0.46784346430924295,0.5166079605547127,0.5061362941041814,0.5619923567641466,0.5379186645207195,0.6791949512676201,0.4891927686081994,0.2058103705624519,0.39938709085737656,0.30842908297166516,0.6740877194727494,0.8304896892065494,0.6203455610729068,0.41184967650077037,0.6150442985562528
106,0.707257024614014,0.7694900734480039,0.7956694505976043,0.8456646456632212,0.7515640450999581,1.0105837262979602,0.5373201441588977,0.8511272173999365,0.9524923680305415,0.7853700155352333,0.5612188064424408,0.7003556521419698,0.6292007768986687,0.688447006317026,0.5519576606688867,0.613088740273408,0.41964189250715145,0.32754691809549585,0.571334320819034,0.5973638063463076,0.3907093373470073,0.7162377539025797,0.5142730339660304,0.5608569499573581,0.506666138069104,0.7401601201260071,0.4713949075731123,0.6578910798664339,0.37491794887676766,0.4154205050246932,0.7385710542210018,0.5347049675304206,0.6794248299128578,0.6859456405428817,0.6067211844596367
107,0.8096701410891438,0.6516128496525722,0.8330481681713495,0.8521693320073905,0.5299017334957365,0.9302351432051456,0.37525638735914535,0.7049463135147314,0.9976942656158666,0.9244162159035325,0.4203752267062105,0.7432901345608258,0.47203301080802923,0.5783571615522294,0.34520700164094914,0.5742672299310565,0.3566899853962834,0.27415134736371694,0.5901424675194981,0.48867778210441354,0.3024673370876106,0.6615879378869796,0.5173083952133268,0.5011618244214178,0.4881049172851616,0.794472674180468,0.3191314796873678,0.49135607109479007,0.49880116916759504,0.40545505455179626,0.8117495661389369,0.4645851971429308,0.6460617310912642,0.568265843984888,0.6380079205819726
108,1.033708178414935,0.793850301803169,0.8511446015907945,0.5907329722843213,0.7074830864962254,0.8309226902553136,0.5335415496567795,0.6703746798563809,0.8977160502904884,0.8092248992668223,0.5892790578776863,0.6159712570021214,0.5148506430240477,0.6189748487189461,0.5735771512846664,0.7248111763567231,0.2742563823642868,0.3002390326943093,0.6067186758877615,0.4840949347538773,0.45930197892018776,0.5331834181017158,0.5545576254772747,0.5172163696987024,0.48979119512589003,0.7031481985779867,0.46817713386906507,0.6827258036432475,0.42345074426192836,0.43468623464335043,0.8028127060273728,0.6530638732424454,0.5784992782412628,0.6048519103114347,0.654907572935595
109,0.8654038027311768,0.8095054941133817,0.9307457908513173,0.5965791715455909,0.7877807565757757,0.702582752577559,0.4611865031070935,0.6965050174913019,1.1051566678680083,0.9671687597686591,0.5235671848104997,0.780097994442811,0.6902676098672593,0.4737902454108991,0.5717360072892878,0.7083640925781383,0.4469980819674214,0.33122011472252527,0.7012637722536678,0.5264609075362392,0.40235409733978744,0.6900460914183335,0.7370650450537423,0.4996722680500711,0.6708229498288336,0.7418164047494,0.4586589064389432,0.65302407058549,0.3926390804139598,0.509824844289265,0.9646157653062442,0.6776860169679282,0.6762462057443699,0.5938206982818375,0.5424034007138254
110,1.061035240320192,0.6423068909314101,0.9434946864438964,0.6449677296370557,0.6370406399948798,0.9006929250961687,0.4262165625884483,0.797378661999171,1.0779119201357137,0.9829652095996565,0.5151816644117297,0.7156510182760352,0.6408267666564036,0.634192688326155,0.6306185139458471,0.570924913947866,0.3895359724734392,0.329198929911797,0.54043642220465,0.4251979126667911,0.47847888413299755,0.6463496139757021,0.5881165850727305,0.6841631630364015,0.5064241205353955,0.8133069943247915,0.5094312280450932,0.6609710686322028,0.5292623883206802,0.4490798812390549,0.9337306812846529,0.5690326101984392,0.7183892928433465,0.4748044853318285,0.5047585133005795
111,1.0814449831943387,0.6216326508515233,0.9798608766475123,0.6381797088638537,0.7620428402548424,1.0223294366527778,0.5245837527143338,0.9535028169716643,1.105744104833422,0.880135119274216,0.6650425824794333,0.7042008366243483,0.6260503323465632,0.6654152394377757,0.633262996078752,0.6427562947616404,0.4468543838819218,0.2868610212474514,0.5023288592924487,0.43655681627743204,0.45099835325858123,0.6278068615506084,0.6676544035881773,0.6063152394249657,0.5337545883185335,0.7959142682862463,0.6111855500646284,0.622325481149407,0.5839355420072107,0.3497276764403531,0.6234483434675058,0.7168499653325427,0.6357845089173934,0.5147059170180612,0.7736281848417316
112,1.0904972877127261,0.5727278604546115,0.8528671415632365,0.5886253335758918,0.8147854933482401,0.8990929434439755,0.5918880980532567,0.896344925284247,0.8423105833785454,0.821664743132314,0.7661774045795567,0.6394470981146185,0.5656570853478834,0.7347325423908759,0.6149903191052991,0.5710524329550861,0.3748719232704445,0.359618388587843,0.5648647354115158,0.44881722986463024,0.4344856055889437,0.8503575532714236,0.5608121081818195,0.5161439564300985,0.6652841355701518,0.8808560607780387,0.5497637769739643,0.6190536517766019,0.4957108831461098,0.3735670457150899,0.7373946337304151,0.7654533160776946,0.6161242913125884,0.5426688475625168,0.8838850397170268
113,0.9819628835314242,0.7515404661513944,0.9184862180756219,0.6211375406771142,0.8982454397216226,0.90932536450244,0.5484140650908194,0.7663557836247419,0.9240215909689361,0.9038507416633046,0.7045798254167024,0.7580389004714685,0.4821086384228112,0.6276313085444909,0.7109529248484479,0.6144758934390393,0.3822918624852815,0.3210931421750202,0.541883158304572,0.48061607758722374,0.5643139190683111,0.6550986599360559,0.5125649493934531,0.4597226456050657,0.5243346749430375,0.8144863117230056,0.573894777855485,0.4560632694890422,0.4428603787812294,0.511952180007371,0.627931509203129,0.8248044976887083,0.6676650883888448,0.6090209893352589,0.779830045424664
114,0.9154672698028694,0.6002585802422129,0.7519806042890275,0.7190568350594837,0.6383431685885029,0.8309722221730302,0.7114526625713923,0.7898223852844759,0.741129530127155,0.7068745188441004,0.5771626679121247,0.6341452398590073,0.5426008508915439,0.6791313318095538,0.4407492022286923,0.6376028982562754,0.4285135100662476,0.3106775638895648,0.3880176610211449,0.5684727683761344,0.4670861308513017,0.6962844625022454,0.5368066181385482,0.4992663416656941,0.6220330010241484,0.701361933968026,0.5723490049137478,0.5368545197119408,0.5309228455823718,0.33728109250701316,0.5754834415623541,0.6558125623082576,0.5035740507271615,0.6546682552338604,0.6992116602010559
115,0.7396265742798305,0.7647450895726038,0.8055597166430357,0.5038036861981446,0.7092257441423434,0.7406240424949962,0.4641292448066061,0.8939287641043216,1.0269422844450569,0.7437176008472122,0.5851949806145049,0.5799018700300422,0.4604593538474324,0.6508126484923048,0.5025264713988206,0.642912314516181,0.3987172826569727,0.3362876437314281,0.4217575863363734,0.5005605084488072,0.35838661893179974,0.6151932414093888,0.5800460540120576,0.6182343640434284,0.5345655860552031,0.826168159444294,0.6274361156296013,0.4651751814265652,0.6230963128315022,0.34636181302277513,0.691065523777306,0.6965224555222352,0.6443602817685148,0.6068960080397743,0.6309055933509023
116,0.9375121189947857,0.79058358910153,0.950642346961427,0.667016608366966,0.825245946467621,0.5459836801936799,0.5252138656757831,0.715343525389737,0.8124577130863935,0.8926836347570033,0.6880120494007455,0.5690486019418881,0.5328755657509757,0.6137136438178924,0.56656969339015,0.7362030504468633,0.4586108348288337,0.2979776799824462,0.495636320766331,0.5781195367490715,0.508901930780136,0.5178144139412331,0.5307619141318054,0.503786843740935,0.5468748606382317,0.976804084561418,0.629223484446617,0.6364426022914493,0.4651935968166857,0.4220512657692353,0.6181861369652707,0.8260781224137818,0.5941812601502755,0.7045001091944464,0.5238072571206727
117,0.9187872236730528,0.5888061040394224,0.9423278254331648,0.9801931572933114,0.9025845737260431,0.7599425329493923,0.5295455478902555,0.688256804620917,0.909355827214896,0.8583296297917342,0.6480720821295529,0.5205191562491487,0.6101143498382986,0.5453859154015557,0.5608287988629994,0.6941916604404543,0.5154790638892963,0.3850614935325291,0.6709960627016933,0.5562002482150341,0.4649573361364917,0.6486453140944034,0.69951854475364,0.6301311509393535,0.473340022306074,0.8798029097431375,0.5674294020780368,0.5694348431599865,0.5437718145722588,0.4485331685209044,0.8370959583182609,0.7165075724270675,0.5892389189742999,0.4793275841026001,0.6926942033516542
118,1.1272125730040297,0.8198465513151255,0.7916698983942758,0.6968403443676693,0.7800695552668475,0.6241094581829202,0.5664359612162384,0.5822233577979214,0.7884181682899136,0.7812192995680287,0.5811363857092025,0.6750117788624731,0.6988733628174935,0.6221724798439503,0.6632472827742306,0.6288284881581081,0.47020763688391987,0.37409653216045735,0.6038471927721573,0.46818302946479995,0.5484902656730389,0.6785849201981575,0.6720772894500526,0.5997581477710006,0.5719152088977776,1.0317926386342835,0.696226056462965,0.6346627084093046,0.6587736149551033,0.3957917994275946,0.7632789208215547,0.708016395878304,0.60275838808004,0.5441041986553362,0.6553903023701093
119,1.0839036328808147,0.7463274730536777,0.7595368585932544,0.6190278140321283,0.8428436190002868,0.7098158364433445,0.5457517322041888,0.7688075789673315,0.8507217704726395,0.7408714532033351,0.5314666044678202,0.596200375897165,0.5824001090173927,0.6513163794161169,0.5424493953285776,0.6301943108258299,0.49150879614230913,0.41801085404213445,0.5710398575063877,0.5361051535103607,0.6131651357091439,0.7529000156369108,0.5501284602853687,0.7408622325189952,0.5196584980000764,0.7364747501809108,0.7594701727376187,0.6676140359555203,0.6012294467849543,0.4919336129058789,0.6853375278698387,0.7862744000625222,0.6449976667789914,0.6478679330096666,0.7199388887989882
120,1.036296625993473,0.8038185161747291,0.9826909087571936,0.6440177012647161,0.8270785037037354,0.819716786086701,0.45438980559925324,0.6122490844742434,0.9583697067223067,0.8184748516963756,0.6050345162796044,0.7065292665629533,0.6037292283256294,0.6632559474147718,0.5971995767673689,0.635790186882303,0.46705145044082763,0.3095814466115492,0.5690292867472545,0.5962174919078771,0.5444460596466847,0.6679344524817028,0.5788069754906234,0.6054749483934523,0.5727359932237341,1.0369640081399623,0.546010367311019,0.5728396278358612,0.5577261831438158,0.41845341044157813,0.7439905410012458,0.7395486437871923,0.619119297524005,0.6658313333776814,0.5568312755708793
121,0.9180955188520359,0.8310884990517836,0.9645418219401581,0.695588676193698,0.7159862181016796,0.5867850171981995,0.6507926605668916,0.7906038397363826,0.9255130383443534,0.7329680261097522,0.5499905609880813,0.6442320709195241,0.5157302778939563,0.5080487156543056,0.6121231777100682,0.711717679168017,0.39945377899438467,0.3076863270680953,0.4960484136220291,0.4730339892196101,0.48533776114445976,0.4876629567943934,0.7082076247489362,0.559585587844389,0.5500908726353257,0.9682397493254671,0.45921154744538484,0.4811614921917265,0.5049062539176208,0.5308695262655345,0.796284416935728,0.7994629314416322,0.620319363359592,0.6253151214201791,0.6174854739340194
122,0.816411795303884,0.7405124484549782,0.7265318675890471,0.6430797496541045,0.7971718724401538,0.482274478057152,0.4815289646912818,0.8237648527325687,0.9167441505841045,0.8704378631522938,0.5759987066778098,0.6255258856229674,0.6372695593000175,0.5951499833270293,0.5392177970205796,0.6523974537251661,0.5351513952094948,0.45055797540125775,0.5459891935617357,0.49849749101475466,0.3354353101904722,0.5564939964346431,0.6895967830444505,0.6551997853358196,0.46539431742729725,0.7865318714311533,0.4226116514881558,0.5501485993463064,0.5808840123456873,0.47281959001343393,0.8958299409670403,0.6481835421872797,0.5528539205742456,0.7719977054763711,0.528951099404365
123,0.852394288058296,0.729920302146967,0.8380744881333764,0.6948566044175342,0.7923487695168041,0.7798969889348393,0.5452047353208396,0.6096379075861194,0.9891747181067659,0.7151565649596303,0.5945553130453152,0.6418511264823448,0.6382672874862431,0.5994170786661914,0.6576200266832568,0.6176876401206735,0.3329307044037772,0.4146760139261571,0.5783449833829853,0.6764522306785948,0.4474513845143575,0.6862297045569821,0.6820274745223434,0.6588718247962779,0.4744348568415039,0.8983024131364737,0.4760879438943119,0.4670982733056246,0.4978254543600225,0.4617338515766717,0.7708418913443673,0.7573517000959582,0.5768518713000088,0.546101739608114,0.5799345124447967
124,1.0157803132839163,0.6883191344449024,0.7287800632826504,0.7305028331312519,0.6225093828267595,0.6925400770622125,0.508230394382497,0.7614924617147043,0.8256049003988017,0.8894380121604912,0.5812658163358702,0.6467047894945563,0.6822979525949139,0.6259480315146307,0.5248319233510559,0.3858650914950724,0.3635731908526016,0.34127256568427544,0.5753153874570454,0.4857050953952998,0.4774951987692646,0.6212368310505063,0.773619270474008,0.8021165895032347,0.47356224207856334,0.8602834447531922,0.5109879939897173,0.4563201424831491,0.49805768831209485,0.42995795713696305,0.8806684769324491,0.522080662956788,0.6188998481374222,0.49831602038860007,0.5077530887977071
125,1.1062630054398848,0.8175213775229311,0.7598016643698435,0.6049725103260525,0.8593930217458369,0.5888281775214658,0.5516498313199167,0.744087223844272,0.9380771470074964,0.8829345156998276,0.669039255399883,0.5529348641921228,0.7430004960795098,0.7682866096178962,0.5752378645881392,0.5892872101457596,0.3669987104418514,0.28816691783432563,0.5582995665241046,0.44416716680156954,0.5808351863376506,0.7094969890279562,0.7974567651683493,0.7528999946931385,0.4818643574487355,1.0460790177721118,0.6519519140839556,0.35968571899052226,0.7285476621748049,0.48059832288001314,0.93172104219658,0.7068561766349678,0.6246436331571008,0.6753354850313736,0.5148238619152652
126,0.9683718113522545,0.6276208821925346,0.7918756179399322,0.8238285795382694,0.5311044652977195,0.8231771808627132,0.6095099886160622,0.872279379822551,0.7723020412513977,0.7483497576359017,0.43779759995986567,0.6380042008067985,0.6710321819863208,0.7884018016681263,0.49604884021504053,0.42610976957514257,0.2991540088132474,0.3988517523716406,0.5256694382676733,0.4802198801241213,0.5541573951291114,0.779176144940823,0.7955557850891756,0.7316705603311761,0.43191346773216677,1.0922186273281842,0.5032486227215583,0.43090975796197517,0.5288702410455902,0.4872752514201938,0.9049998790134733,0.5390465521760662,0.6306950132814679,0.6684219074473565,0.5771297868349653
127,0.8685686624474451,0.7355896083153796,0.8151819598418104,0.6718417543929344,0.6471981827112797,0.8839675329608421,0.5149847999900308,0.685407464247744,0.9488983609254329,0.8444416758355345,0.5666027582783107,0.6951206077008381,0.686742409115918,0.5705337765212866,0.5510363021799651,0.5207904945268986,0.3106669417373543,0.4059891352267627,0.5982972989395711,0.36857096715755727,0.5504230337386246,0.7659212219704594,0.6554447424519695,0.5530107467939266,0.46534809741862465,1.0048303733417652,0.645518659270205,0.4810944575475927,0.5161071657107328,0.5675016792738234,0.8109423054697326,0.6827953686111292,0.5338674980018971,0.6854537374967071,0.7059094491786503
128,0.7731066701987065,0.7747929439001172,0.8744946488834937,0.6582551085002035,0.6433511890401726,0.839259220823567,0.5552762760013756,0.6945313169309517,0.6765989921650761,0.9422102494186084,0.5151056273044261,0.6562945551249098,0.7280245084181495,0.7578985182329183,0.44420870456560546,0.5131171687888713,0.3379014709478315,0.40220306007518036,0.5595103738417512,0.5109991742429421,0.4721074797789633,0.7830427039849166,0.6472947016430866,0.6555413287959015,0.6258175949277541,1.0364036627135236,0.5576901614446097,0.5321178277869251,0.6027087373712845,0.5446159320160319,0.902464711700211,0.6249419721210847,0.5077650373782188,0.8528236018678772,0.6998512435839482
129,0.8292316384145318,0.6762396750599369,0.7982082649664981,0.7286982251528444,0.6162392620791166,0.6392478269903663,0.6624369528018719,0.5789153009468293,0.8251276441417258,0.7547206251606097,0.6137128912017407,0.5505089860423591,0.5925415886312284,0.6404049456782273,0.6250332635951807,0.5746131440379807,0.22026896209220959,0.432129210625569,0.5308450433877809,0.3743649221641777,0.5991343857201086,0.546237164516985,0.7746849225046135,0.6321834084038214,0.41321942911125886,0.9134901692544686,0.8688908639697095,0.49200002008602917,0.5099367782405675,0.6558937052080125,0.9227311582883155,0.6433336328482654,0.5253257418324602,0.6859069303497608,0.5357498983531954
130,0.896253606617535,0.6991564547101268,0.5322608999891261,0.8889849964713072,0.7492292103538062,0.7731256022084545,0.6347050666124454,0.8877719688496216,0.817121748089878,0.6480215829981693,0.5695341728430798,0.5257054505656398,0.7567033675066924,0.5803660997382678,0.4655340885526348,0.5711239795671708,0.3882852942016807,0.4190757851050304,0.5395467880546971,0.5162807769462043,0.5782184139338412,0.7378097299466584,0.6869307020297818,0.4519505340946062,0.45872075971663784,1.028578768155707,0.5275237928353507,0.47735955496141547,0.5159804507679564,0.4468621547574785,0.7465478733618549,0.7112228762065294,0.42715804539079594,0.6665203240923193,0.6752648727641336
131,0.9480171857373002,0.8752953121763849,0.6916892302339979,0.7000623893279478,0.8291226965757897,0.6735242430938568,0.765804472558155,0.6169938139894833,0.7894551310299647,0.7926923960431661,0.6076161949571517,0.619490933522924,0.5196262299011034,0.5038559871191957,0.560631677218951,0.5256118750390328,0.29207090515083733,0.469904818525577,0.4697510991443332,0.4755992075067685,0.5540152038449562,0.5943855981435935,0.8125866546812746,0.5828788976624322,0.45459447385630414,0.9067418268755892,0.5205172740468269,0.5657246900716417,0.4490545065112806,0.47404797966841516,0.830229312995165,0.6510872642319833,0.449347466317785,0.8429586214240925,0.5376529562963692
132,0.9836634320778963,0.7405812733057369,0.755434376819839,0.8069879819460444,0.775725353423518,0.6212633607255704,0.9047365543017396,0.6966070099271306,0.8267932904182339,0.7208996132622727,0.6849739395169292,0.6395753231552219,0.6871383780423821,0.645860157190397,0.5844025265012778,0.63187138715702,0.4800701193165917,0.46719914647732197,0.619291454341008,0.4919185988392246,0.5201184324427562,0.6556223733055365,0.8850184165727168,0.6124403932627506,0.517018011575582,0.9473757844945419,0.5605263610054492,0.4679480942282864,0.5731625729746023,0.5149465149504374,0.9635680409912915,0.82481388689882,0.5445679731170976,0.8288314254702791,0.5585813566773821
133,0.9855660854389205,0.5805891706144543,0.5543561769411627,0.5113844644899932,0.795971856090633,0.6439900319289866,0.7750968130334692,0.7703997491515295,0.8394282092622649,0.7864734801891905,0.48974723836105166,0.6295726215949298,0.7508168313175225,0.575096623912712,0.4786387354967644,0.5254009790781773,0.4498618081798389,0.4579288625558771,0.6013485735430595,0.49023373983181107,0.48710246999870754,0.5132929394400821,0.6391624763404562,0.6093326062876165,0.5864431385110287,0.8057974270011841,0.7192152603826796,0.49320545256010656,0.5349365001243805,0.40561794505914406,0.6988765223123484,0.5556458444621872,0.5381894322234673,0.7545913907682764,0.6302016268603842
134,1.0424161243534162,0.6418023058855318,0.8601734179468747,0.7483697042321772,0.678206386125269,0.6940391353681017,0.5561551283059756,0.8585427845015741,0.864476438774869,0.8756315213991681,0.6368658271049412,0.5698929675263364,0.6734324108299592,0.6700071564129326,0.5488283855553369,0.6109626424064283,0.3968708756873144,0.4289063327209034,0.5711991611541039,0.48108290909053253,0.719962114411038,0.6503465909942248,0.732584400874334,0.7037435660546676,0.4363125753337222,0.9585275283989954,0.6439996304348747,0.4670521209237334,0.6474045024008211,0.4684558748355916,0.8454838356203861,0.655003392732967,0.4397223824487311,0.6987137434563437,0.6759553694279837
135,0.9728008557879062,0.6668324392450511,0.6983968650593765,0.5322360338838639,0.8162895652677786,0.9051745001604787,0.6445916825307969,0.9130147247359002,0.9179208073914167,0.8454454459543708,0.6430874504697961,0.8323952248075552,0.5249667201578936,0.749790370678888,0.6067241029464285,0.6061872347335412,0.363185604133509,0.5378972479111498,0.6284525227393608,0.5458500063221604,0.6438362253769775,0.8161879947239954,0.5823347180853762,0.6840417980039701,0.49367758199108647,0.8703264444008373,0.6067307475802026,0.5543084224301893,0.6417316694037005,0.5209007366547077,0.6629569051094744,0.653229356042144,0.6108781298186613,0.9053482112311649,0.7148410643673728
136,0.9442122326313064,0.7626664171598663,0.7053813351320464,0.4527422077156562,0.574039560465215,0.7196561971239419,0.9493080381898161,0.7845857891705237,0.78131024021941,0.7074028272030106,0.44083900405909093,0.596608670745137,0.5265245611803361,0.7018733244981787,0.5908489379975358,0.7356438250830498,0.3810359966747919,0.390036737517184,0.48198938404081704,0.6337426946655166,0.5362615844682038,0.811559629670996,0.7560698838770025,0.5423484416982418,0.6583910597870979,0.850719453353422,0.6238322411286018,0.49712257124684156,0.48254658398664874,0.4883285686066998,0.69924042168187,0.6370036377658943,0.4241546040429153,1.0030090843889743,0.698318492398565
137,0.8302155598803757,0.8379312714399264,0.8559301108541378,0.5694839176434314,0.7432595172184571,0.9663219751982358,0.8794639792966721,0.9301090772383662,0.7073523751985457,0.7956152705666101,0.582244178940713,0.5616502692425237,0.5469364572825093,0.7797109327969279,0.624149653771001,0.6187803137774877,0.4103892404446544,0.672479832312274,0.5650214299768003,0.5796281144242119,0.5612824678712744,0.8697732400656524,0.6474613121512098,0.5360403734347348,0.5235630986491031,0.9783777787009809,0.7285568236527671,0.6105488987899769,0.6176025443323637,0.41229403493696537,0.8038289608211079,0.8519443367042208,0.5425537805815666,0.8757730783843849,0.7244446512659826
138,0.9955754498451284,0.800976644158906,0.9215017290510874,0.6513024690902423,0.9585105946722798,0.7039669109025076,0.5988653638534291,0.8608243536955386,0.9370761573130653,0.7720903631256808,0.6064679539114454,0.7505478403699619,0.6807770115883168,0.6938728073450406,0.7082643760597984,0.7983772340760708,0.36158347005773095,0.5906990394292109,0.625124069036584,0.5404778586295912,0.7736478255335152,0.7449546840121897,0.7287102194199179,0.6593361981499757,0.4603491115403248,1.0344500112154478,0.7748555918202965,0.4964841252828842,0.6369401458041207,0.4631072427802402,0.9734540146692351,0.9123522755330826,0.44040352573035224,0.8503397321119215,0.9233248059859387
139,1.083868795712275,0.8101891768514138,0.8478297522047887,0.7758931555301608,1.086135479036172,0.7383673061526378,0.8254725658135462,0.9488264276011877,0.7009261262210649,0.6568755245120461,0.6653798638656977,0.5342669142885054,0.7595055032679265,0.8809903444898443,0.6772082107570028,0.7278064730451028,0.3793803858332504,0.776948376708255,0.5216730401520189,0.6503132901331912,0.7787924100233825,0.8719513453862615,0.7186832144866555,0.5789228432470933,0.5729004634611743,1.00486074487769,0.7012334914009453,0.5913635419201693,0.6113634791007427,0.4461656512456874,0.93334560676288,0.6489009582545484,0.5196249911395664,0.8429775125635337,0.6493502114355543
140,0.8586584599903972,0.7139050940951223,0.7132834824362246,0.6530762398712981,0.7252656427678127,0.7371021841109532,0.9225336604337252,0.8671101424763976,0.8156858365553844,0.8731611817412932,0.570770006331311,0.6770188755397262,0.6498589363795325,0.6966957041206249,0.6329197337349245,0.6307732613875094,0.3019830534153416,0.5887523453557255,0.5919047846295387,0.517525434604553,0.6144478816041001,0.8310497469002849,0.6556321390805304,0.6268394363695502,0.5527044721704537,0.9814140201336615,0.7366120298438963,0.6173946115754867,0.6206400646538077,0.5755775841425854,0.9237091479851622,0.6605934297385276,0.5254316157872185,0.9100392911937281,0.7253082857523724
141,0.9697521513606022,0.705470263048804,0.7153561323544606,0.6636373543837849,0.6721201194705075,0.8940419620435646,0.9838060783449298,0.6204887720889274,0.6458951228451552,0.7865305856673279,0.4698129371663471,0.5786109350634492,0.7101514932429467,0.6311484723827236,0.5976305353032908,0.6629167122870183,0.40420448237969253,0.505345237667451,0.5783724998953338,0.606662506676067,0.6533136333364259,0.7694661158571962,0.6872764490908994,0.45361303166472244,0.5198004867464492,1.0836109657995854,0.6859959763282284,0.5575260734775322,0.7080329786318256,0.48847235020417534,0.9333943635296638,0.6733763252089684,0.31602719346083896,1.049341352511017,0.8990498755019303
142,0.7030059364472409,0.7174254639677105,0.9180857159178715,0.6523852925301623,0.5821128693209306,0.6869338429532051,0.7716164722482854,0.6638573611164739,0.8385304664239432,0.7883187397735352,0.4533515654197021,0.6267370365962309,0.6804880704364835,0.6502419462348454,0.6278004599658251,0.682158226202273,0.3817341359460542,0.5224535718829733,0.6657495200996177,0.4760878318684977,0.7196458573511455,0.8754530782841312,0.6687973427548541,0.6966284746612827,0.4989480594227137,0.9010262348678537,0.6207378651619414,0.48752756635884054,0.5884015702466634,0.48506348869698046,0.9240692226199536,0.7191536102241016,0.6244146643196857,0.8789181377719781,0.6865462324254858
143,1.0967916405218734,0.8103240992173251,0.9564887576335375,0.7758785075253996,0.788279164859242,0.6311243907833988,0.6678827226416928,0.8081453729230208,0.7652261859189671,0.8458227973739927,0.5708660594633737,0.6687946356783042,0.6732949308326301,0.6956304328634394,0.625578671428032,0.6617600465561999,0.3562852357123425,0.5756174737063595,0.49384890330701864,0.5549895861385488,0.8027528594150519,0.797885249775175,0.8214270294476944,0.48978960865473387,0.4796043618364386,1.0635920211646592,0.8273386324931472,0.5400307519705204,0.590344081126473,0.40802521723615603,0.8617010941490284,0.967038813117995,0.4542794610536349,1.1063349277246526,0.6099370278771543
144,1.1117135119131123,0.7941149297945073,1.0363684971424303,0.7787263709776402,0.93715138037648,0.5993670745818236,0.7868823233210164,0.675814449620441,0.7853372957757918,0.6282592023096232,0.5336681502055369,0.6404311504579325,0.5974171285524916,0.5476204438541805,0.7307897050902843,0.691991818891141,0.3863625939996093,0.5492243459220889,0.5760158328973357,0.595601844131722,0.7049576174777852,0.7696092599152213,0.6535888473445342,0.5352034871811266,0.6064506164068512,0.9385126852853078,0.6346783979016652,0.49611352726962255,0.6038255884889903,0.32099720582160185,0.836421711966763,0.8088988329603435,0.45619677505807066,1.0428535423195076,0.3802020235661171
145,0.9245729846869606,0.806785313286008,0.7862993113467766,0.7659864755795449,0.7853584490295706,0.6921316011656838,0.8369354997066358,0.6044147097262829,0.8904778628751419,0.7951375547537041,0.5275277198904724,0.7296713192070519,0.7875728862866562,0.5542451984487635,0.6933417885233977,0.5586153634791707,0.35944398834280145,0.5571856943455085,0.4712854159850387,0.4513500613677083,0.6764385055611739,0.5398437512018512,0.719692904740312,0.7145275938293649,0.5947927146990104,0.9852701393443818,0.5837865927041115,0.5863791511980196,0.5310086218669048,0.4129019483580778,0.8974745173422171,0.6596101832108117,0.48716767445646036,0.8467887383652077,0.588783466849447
146,1.078312313101985,0.7860072103837805,0.7222745678883675,0.6751398364573921,0.7757493051106406,0.8055586118702136,0.7079588440536775,0.5594113719278371,1.1008976322603172,0.7749456591015054,0.6116773257636546,0.8077701614549802,0.6316078774668534,0.5615616380234085,0.6134070911793685,0.5695973847209761,0.40524006727530776,0.5643364901516377,0.6221425018444949,0.6013912742124803,0.6027894638878466,0.6463431316017787,0.5906907243784494,0.7525279547889143,0.6367997937436856,0.9231289162689206,0.8006801168902671,0.5584337991759276,0.532864275280471,0.40522755175997066,0.7949551213349809,0.6324503650101054,0.5035764465899029,1.0117346248980792,0.49771959006301314
147,0.997636109630375,0.7647571261974206,0.7950581965850265,0.6900584005465109,0.8647543142960105,0.8411504844666199,0.8600882403528154,0.6978952972047716,0.9730288225546154,0.7901871966971576,0.6127511806916597,0.6987875780777724,0.7433546592019867,0.6127360056945171,0.7245183253740363,0.7250736118805254,0.5374703817949089,0.5025043782472458,0.5848690839646515,0.5162854526452619,0.6622133556105864,0.7836922517904837,0.6832426268353198,0.6526320917325339,0.6418755104471068,1.0994326310865676,0.661384668475013,0.6797969677867904,0.6018702355923202,0.32841121140638246,1.0355390808178746,0.7032268462253339,0.4754325796738139,1.0743402822220611,0.5721007043186308
148,0.9533871444253179,0.8912077023700261,0.8865516179787623,0.6617006961095707,0.8891926852099896,0.7490347850124555,0.9644836780018766,0.8445462259124035,0.9195023495247234,0.6726691109326077,0.6313273933432266,0.7059887246236479,0.6685744320434283,0.6700694957953739,0.6345250639138775,0.7438683292092823,0.5116972917011079,0.4852044345453796,0.4590468517639647,0.5821885933636688,0.6745412920769984,0.8003824704579812,0.6872444720056544,0.7100502949970564,0.6734844133946903,0.8957663591739042,0.8069959374052145,0.6270832907733233,0.5916513988921372,0.39116011908568304,0.9037668210101698,0.8157526148974599,0.3915872614760526,1.1393449058416365,0.6268118812973469
149,0.9793965281868966,0.7285509694022461,0.6332122086516108,0.7055119056546644,0.7984775238365073,0.9561294917204823,0.9137153242960652,0.7459736747246343,0.9735055188725678,0.6805301659693703,0.5564402982034893,0.6175830508947198,0.6429522453467732,0.6045867732551442,0.7108927682271083,0.5810232153375621,0.4117164730267676,0.5374484594938952,0.4944273248775017,0.5904372652111561,0.7643284443427407,0.7656000330322412,0.5957857254445882,0.6271744408308211,0.4971288952438046,1.016807245289383,0.8721740721091169,0.5850564965375096,0.6648358719926684,0.40067368873992115,0.8723767649144524,0.7511499481677852,0.5195705830801648,0.9413461595089172,0.6727258324786725
150,1.094697051295962,0.6614245891145587,0.7537007137113552,0.4902741706657279,0.8573128890052718,0.7182178197358133,0.8128773446110868,0.6971554036464542,0.8828445179595512,0.7060437317675652,0.5684204378727219,0.5783214458733777,0.5818345073150974,0.6583327516906026,0.6032114735210483,0.5687349056283197,0.38908939243296314,0.39136261005489625,0.45408040561061247,0.5529073616047628,0.6700479008894871,0.7926353623178296,0.5297161470186045,0.5853387870349046,0.7093907413885481,0.9421547057867922,0.8862872302766687,0.60223059978079,0.4621943748863954,0.36805717822829465,0.9493801896088541,0.6684276884548956,0.39281869871920466,1.0636741710467157,0.47748089634778146
151,1.0428197802659511,0.8693433377244655,0.8125688264470414,0.6594789952772973,0.8765080429974154,0.7078503918544837,0.9780700449302431,0.7769930710449715,0.9501020659984976,0.891636761789099,0.6166778826882511,0.7395518983652476,0.7262884154129413,0.7272703490632254,0.6643128425771074,0.7101757628268341,0.4958466458601867,0.47883858451783207,0.5836951361511438,0.5705569056626885,0.6004939920328097,0.7406468275761275,0.7294139811744946,0.7860933427957225,0.530821625648725,0.9936513346927622,0.9543858313983733,0.5385913211903912,0.6716173834577207,0.509867357950373,0.760525712551462,0.593028738541397,0.5975832316381535,1.0146925953544514,0.5646880885851282
152,0.975984996716053,0.9180737719385015,0.7475488721721972,0.6691851728572474,0.8265503433045285,0.7509378155200512,0.6704515354561996,0.7573460822112608,1.0069743012011727,0.9747659640428274,0.47057393945657655,0.6355127596832106,0.6752541927143862,0.6403893554893219,0.69046469141398,0.6493270568872083,0.502430001084123,0.5005579781760855,0.5581395167901986,0.6387258461621546,0.8311146742391995,0.7978100438281424,0.7539926478002797,0.7343855957097271,0.7481156724455691,1.0508201513746531,0.8892011320243625,0.6236590886190364,0.6011752933178447,0.523651454574281,0.7568599606083078,0.5644091831333384,0.5372279396825861,1.2410644716135846,0.7004513665270322
153,0.9650111545790998,0.8209569413167999,0.6258440989939074,0.8309265433806863,0.778773097247589,0.7943510005691439,0.8144897916496481,0.7095744076916971,0.9199650914827092,0.8532211512541288,0.4386390474266352,0.6591968221097697,0.5573535326419081,0.7263977672476323,0.6447631065733366,0.6709463361983262,0.39333890316003206,0.3743067519921083,0.5874879206637682,0.664923340192178,0.7776672655597301,0.7157331972407552,0.4939913367045952,0.740031881504355,0.7375073559149412,0.9294780194709047,0.8827102490156764,0.5899378061485655,0.6774256861571515,0.4992955929614581,0.595427459800439,0.5613024908444149,0.5329531844601899,1.0893458749084903,0.7003346713073098
154,0.9963914245982051,0.5630129071054044,0.8457905932617668,0.6263532688790089,0.8349046554809441,0.8587358126805293,0.6561794657949052,0.6270033443039167,0.8037687428202167,0.7677293272187409,0.6077012024556666,0.4909118914008518,0.657182859209634,0.6715576092059028,0.7540793168218667,0.6291513322489222,0.4880630722750337,0.43274252109093647,0.5556290690988601,0.5451258807140111,0.7281319648151192,0.847247755732711,0.569334782669353,0.5617113454949185,0.5430796667916924,0.8993256703297745,1.0546676692436263,0.4988073257720344,0.6754794253002044,0.3947425050643111,0.6712178474597585,0.5892749447191274,0.3809708918585805,0.8371902124067665,0.6001896578189542
155,1.1544045077280531,0.6933548655238562,0.8972961580502904,0.791214606374785,0.8267891355020403,0.8657758865315125,0.7333272004970148,0.6992300514493647,0.9075340639451508,0.6975167103917466,0.3966632187351133,0.5629334823796609,0.773001355853201,0.6060113192381529,0.673871898863575,0.643046393717663,0.5062355323719321,0.3556540200244148,0.5230319372149652,0.5078382459060562,0.8320576002548571,0.7633605728066813,0.7129031334110785,0.6115199730416393,0.5803277404205439,1.141618779789042,0.8484517665822651,0.5538675360938037,0.6373138111916032,0.36661666106506924,0.8157586835179811,0.6829762968927529,0.417569356872608,0.8027804870123104,0.8385275899726231
156,0.8583789774259796,0.7325581452130192,1.0000093283736597,0.6584900472295616,0.6177595206902892,0.7282825833993101,0.9087594398358547,0.7086214588555347,0.8014107277359793,0.8154582674414041,0.3898615249251242,0.709711558334549,0.6415268766358805,0.6536237654594603,0.5490162688968039,0.5342854194252188,0.4907166704697712,0.4705847907632227,0.5801917391830227,0.4612442742688656,0.6791304489467807,0.6368916187671594,0.7445314938414098,0.6995215392397289,0.6233951226214796,1.008031943160365,0.8564181695380562,0.7148219472430973,0.5199888731474429,0.41072986398992467,0.7924074814721838,0.4275717902993724,0.5421475108732211,1.0208457638654278,0.6559944032496662
157,1.1901789854776499,0.870150758448794,0.930982012541093,0.5330880962975787,0.8891021118960156,1.0414079363059598,0.7786801643276642,0.7724615238462416,0.7557795132013837,0.771610020217917,0.5298596801529281,0.535522460396192,0.6430006472600593,0.619756940414518,0.6656557783688083,0.5042001540613638,0.4723669378907511,0.552336804685978,0.6309982627316966,0.5546216253380758,0.7243631681146999,0.9226285834699415,0.6101594723914365,0.7994193940411043,0.4991654399036363,0.812284085291158,0.9087308601441075,0.49773684191116324,0.7793366971466082,0.44047299154042213,0.8115882619483138,0.5887736990516216,0.508436416060583,0.7947304105475304,0.9157439253713262
158,0.7059344674801857,0.7230997645846424,0.9200973517280542,0.6059213362417107,0.7326062912251388,0.7943073612297422,0.7612115852267045,0.7138720676964313,0.8600326347946767,0.7181043700832389,0.46472246466912154,0.6278379968820695,0.6524992178770577,0.4880760520665178,0.5163477175175384,0.691617139009689,0.46623502632671715,0.32919515022209445,0.6902909020144357,0.45958872213394925,0.7060261020735532,0.7608990066835406,0.7384279380996348,0.845929741086503,0.6527312986061925,0.7127191142669497,0.816883004471384,0.625342485568341,0.5246708228382584,0.42225338703786774,0.686501788703767,0.5303083968325399,0.5633043859262745,0.7617853866551246,0.750045889787879
159,1.1270585720080795,0.7648900237896596,0.9005034233847511,0.5536176936138433,0.9560369305576064,0.8994090993841141,1.0682451310437089,0.8123849401580117,0.9076990429172191,0.7870379211894059,0.4301828002467052,0.7160275978378863,0.7159327750095378,0.6406833605261206,0.6961186281202044,0.6801967194111354,0.41201086559759215,0.47865905259913566,0.5209805722194423,0.5924368178528642,0.7441236241487652,0.7667883578091206,0.5474530316782542,0.7867951724293656,0.6778524159342167,0.7976810654123563,1.0037052527799708,0.6652886880666664,0.500765481744026,0.3960303365784493,0.6738541081692807,0.6863565370421554,0.5366691570386009,0.8602910102763586,0.7185428448954958
160,1.0231429695868366,0.7766247434099803,0.7162688699358216,0.5496747312194323,0.7978024621497048,0.7464720265649599,0.8823191233452723,0.61965846742931,0.9532881974964921,0.8522923842277159,0.5327053428719075,0.7025027447300543,0.6744527876286432,0.4159092757337713,0.6994740662842878,0.658767396639022,0.4271033205478507,0.5027853360964509,0.5033868234888246,0.5254061779310604,0.8343265942928528,0.5718931446696952,0.48154593579147453,0.7044007848811729,0.5617009927772627,0.5770025542489239,0.9918134145388009,0.4879019819493744,0.5201166980320011,0.4199891303862817,0.7087016167633755,0.5870197326637763,0.5007710470999036,0.8531170116101956,0.53995906332272
161,0.8595416646879223,0.8216675301078473,1.0182958576267844,0.653033367768792,0.7880153369658598,0.8226691292891266,1.014786438340243,0.7542056343131582,0.8655659188378966,0.7796252163918307,0.44810304025777936,0.8090258911461714,0.9108628656639848,0.7423012224635959,0.5830343504543112,0.6264566617841372,0.4836307928086027,0.5161797824833416,0.6083475289290714,0.7039896273273376,0.750813583043856,0.9849511906658642,0.6843525942918844,0.7711332190264595,0.5742004126958486,0.8324707904154031,0.9004848591926113,0.5912533278949279,0.5800884090817937,0.414231866893911,0.6506206296981621,0.4676417442367218,0.47162573505248484,1.1203665468329653,0.5608985065447231
162,0.8037663032549927,0.5687429337997605,0.9906207802025175,0.5957652151960535,0.6776042094804503,0.8654585484956919,0.8195885891489177,0.7808461835296033,0.8369788263789306,0.6531345774974753,0.4359077645295894,0.6242331741611757,0.6090923510402801,0.7304327828413553,0.5957863081576775,0.4716237422973732,0.48657795111321595,0.5342835885971299,0.6543684772488976,0.45087743369192257,0.7303844976512472,0.8286679468340418,0.4995886677840132,0.8482729592290789,0.5823534152925628,1.0107622161113352,0.7806555783199094,0.6091117190447762,0.49631259958347,0.4632462227389207,0.7130268230961756,0.43749106086619355,0.44568041264540714,1.0524688899739831,0.8784446234342854
163,0.9797499162700983,0.6883906700688681,0.7736623726198835,0.7074785531754735,0.7189160935486096,0.7834002766501522,0.9142636293324691,0.6162345876526162,0.7925298498868637,0.7552858331547876,0.3599586719911685,0.6762664339480037,0.5554469961813145,0.634401393940599,0.6360545572433804,0.5699829751839505,0.3690965313949739,0.5003078672569284,0.4951070841908997,0.5179046348672018,0.7641196455297077,0.8398873477764432,0.5983599831912227,0.7662907656840938,0.6726193951832569,0.7726864512376116,0.7392966233056069,0.6642497121622657,0.5475313429886559,0.4544343272614918,0.7055706519806311,0.471761734986835,0.4690724265716803,0.9841907704832955,0.6964664139801919
164,0.900555195009619,0.7383610289238578,0.7722536696652675,0.6671375165994213,0.7896815230149343,0.7134992929549584,0.9411218339199475,0.6620275461726354,0.9182717750657745,0.9795733963724469,0.42091080481460413,0.882461525162231,0.6593882668336115,0.6471245035268468,0.6086089708905842,0.6602047751466118,0.4459201166151081,0.5236714271057509,0.6549919890708527,0.6003942209235602,0.7581366063541538,0.7680022100416266,0.5717734616199521,0.882721386209807,0.5595518797284357,0.8931012006382066,0.9159116673282688,0.5862236445012035,0.5508220772924896,0.4554388134026042,0.6123854159457206,0.5687291103281711,0.5849494857950179,0.9194897231034531,0.5735531919016597
165,0.9721392817299348,0.7619237875722801,0.8431881698576208,0.5879099958335439,0.7312594249706235,0.8971138871734365,0.8071747004397832,0.7484424136036012,0.9320938000886458,0.9478068145480671,0.34542870460617037,0.8153728047456286,0.6478858367544332,0.7233177363696621,0.6146024430840074,0.744996210212663,0.37340071994924623,0.5621309970413478,0.6605627280133635,0.4812760795831313,0.6234393946577457,0.8847689119742218,0.683181879799844,0.9138238875090884,0.5539844257628246,0.8901257435743807,0.8130802902344221,0.6381587977796543,0.6776851595656389,0.4904432248225793,0.683638810694227,0.4926619075154533,0.539935361662151,0.9730426190434598,0.6571788253605372
166,0.7949294458917129,0.7474841550488753,0.8929916490955174,0.7217468172554411,0.6799146533458784,0.916226207703029,1.0989466151729306,0.7060029118771283,0.7521700854862916,0.8445682375252305,0.39059585017615184,0.8040466501457973,0.8188940778186042,0.630494394406936,0.6206159037722625,0.7793701626595819,0.4505145279031839,0.6371152365544794,0.6316791601802054,0.57281077404329,0.7683915654290359,0.8930844945407792,0.6571230015561541,0.9349586637690661,0.686392066173396,0.8266276001679824,0.8086419555023611,0.5607827403432997,0.6868084991129844,0.506073212288777,0.629709563320882,0.5204168295497661,0.5164346027604628,1.022224023663993,0.902121140115943
167,0.9197660155343059,0.7671070783435799,0.8983178877174482,0.6243676651425758,0.7284523348079595,0.816958415881591,0.8199759615101556,0.7263990373240409,0.7943131807296463,0.696533389158696,0.39984059188402743,0.634939811706966,0.7523073028356215,0.5971170341469796,0.6243244456577723,0.6244776440681445,0.582399095626277,0.6682726256819268,0.5384517990561151,0.5037440523989779,0.6778564654084642,1.0046571998733547,0.7603194199567658,0.7468072484089917,0.5891329199834718,0.8010588658796595,0.9184394599664951,0.5346530913978209,0.6684997306473086,0.3665593529621464,0.6594302414551325,0.5174534901157206,0.46867603724752094,0.9432451647841906,0.829712108515487
168,0.9465143723630141,0.7864249345785798,0.7621315064657193,0.6254754473746715,0.9167573089802079,0.8625887928844924,1.0657860337826528,0.7403382543022083,0.7552026881757294,0.7779797971000664,0.5432856587338498,0.7159022351933603,0.5014469497091354,0.6315208334305789,0.7445485533381802,0.7264812619560221,0.42134970681057654,0.5376227287135438,0.7059234740328907,0.6202009136295582,0.7530161768220198,0.8618233979921415,0.5331884423955279,0.7599624955234485,0.6768041129170519,0.8782608755953797,1.0022582279418741,0.7041498947201259,0.7021285753431733,0.34623295809630683,0.6834812142424812,0.6214512239412283,0.5542327734966909,1.1207007108982137,0.7655861886171703
169,1.0526363992042023,0.8560989173614755,0.8529203193758682,0.8774708019482329,0.7090365384930863,0.7528226028505838,0.8748006052931532,0.7633782296831972,0.8859593298486619,0.8054294044665835,0.6534693712102346,0.7802427537198017,0.7106461804212315,0.5998704965447748,0.6806414948602695,0.6559590121737917,0.4792586306662927,0.6557919957438666,0.5528638932647807,0.47957347191245586,0.6831654701348117,0.7732635079346809,0.7078697085697532,1.0408691369748653,0.6366289401816827,0.9332643939735998,0.8189038779169302,0.6490672775591615,0.6189095013218453,0.5482942024562418,0.8411156145491989,0.7228098064926591,0.561981418044864,1.1575960431313854,0.7893485340358044
170,0.9803741863598967,0.8113880722636422,0.6567145537610655,0.5424176112705289,1.0210149737587777,0.9541615733746174,0.694669923585627,0.7277223532257189,0.8363031154004341,0.9311965715216606,0.5012159958554294,0.6878069431746432,0.6438763101944716,0.6915355227615345,0.6495984494755987,0.5942435784798734,0.4567029988248954,0.5490070923250454,0.646337842770192,0.5666943910787205,0.7241604039863372,0.8960198784917741,0.5566825795642123,0.8207379342622505,0.4576952541682191,0.7960152637595898,0.8643468608778011,0.4974208988785522,0.651688899180042,0.48650104996855376,0.546329507160684,0.6884155658625184,0.49971124322742105,0.9911366915565368,0.9025261929782227
171,0.9727554449629738,0.679444696246556,0.8456474352662194,0.8456334286006519,0.732834855837041,0.8826703006852323,0.6872872973188321,0.6731619199151171,0.6429423292417751,0.7596920345882923,0.5428923586724343,0.7087852319789263,0.617500971984215,0.7308911269134468,0.5789973419535237,0.6221100141586234,0.49392950064719965,0.5281975876073324,0.5943850012436767,0.5360448202337789,0.6986273507602685,0.8649982133706617,0.700107396459486,0.7297813059441791,0.45034658774549263,0.8850543264351853,0.9984162810534916,0.5091569666772335,0.614025757755547,0.4749285396054209,0.6911114461270138,0.6464449706127515,0.49729826594402426,0.8473998930984781,0.7783712261910449
172,0.9280486889522176,0.7984341802081647,0.7629606785702339,0.8873034039829311,0.7452643919500412,1.1117972180981672,0.7957550647171907,0.8897159196324884,0.946592726601444,0.9240226616979281,0.6015302347646656,0.7619240955459208,0.6407830470248596,0.7497210814503256,0.6645541445504701,0.7346506773448844,0.4971853041356925,0.744105422991882,0.669347639070801,0.6792045088214794,0.7227675202032355,0.8639484017036662,0.7255211378803597,1.0123579766407238,0.6427836593564056,0.9124472725065862,0.769159676765067,0.5735814935860486,0.6475233119184807,0.5686188440416688,0.6849856318244428,0.691560945303086,0.5182063234892803,1.085421428078402,0.8927967136717065
173,1.1476000265177926,0.7355167476967261,0.9038497408062309,0.8214877842244934,0.9329311076525244,0.7467362861041131,0.871348264422927,0.8202233434956206,0.7889270231226648,0.7094659951579441,0.6506147126884922,0.6604197826502183,0.7518866806179504,0.6594946119361569,0.6157699147514798,0.6459470303162558,0.5455662726426406,0.5996689821573122,0.5628311975985213,0.5937246738309254,0.7809641933227096,0.9086152012146836,0.7097684729214139,0.9125623864524316,0.5952723559190842,0.8047033865811,0.7692437669287537,0.6386870628136612,0.6989694309961594,0.3995143683224506,0.7266530994908003,0.5400917059750565,0.45386130990411455,1.015964684660195,0.9457324165619652
174,0.8602032677347958,0.818858746253556,0.7792117640028007,0.6536516147250132,0.6890571248008904,0.7809576598411148,1.0229202464824363,0.6610878794571051,0.9547595321070924,0.7210815992248656,0.5750623487240418,0.6113453169393953,0.5405035348085057,0.7272465808108861,0.6087520786488494,0.7418358974535355,0.4518056057965869,0.5718273719033895,0.6030017397820819,0.6610732116541391,0.657161749374119,0.9017051280609976,0.7895886932778313,0.8364038643280565,0.6703910573824436,1.040632767824318,0.6531360834959776,0.7480967709222999,0.6093927566307364,0.406892518422339,0.8131360627776831,0.4572977491702107,0.4490114287213224,1.137633829055555,0.7571109825529432
175,0.8982052116394148,0.8399000647961379,0.8202120383735507,0.6537516569602995,0.747853952944983,0.9286398581012415,0.983369069007698,0.7784099323521048,0.8967451232302743,0.8280847824967006,0.3764510903070295,0.6040403994587614,0.7087036170725061,0.7643895090829314,0.6069837834356213,0.8228923344312613,0.48381745677553445,0.6664351750329038,0.5984684782886809,0.5537609461312032,0.5970222362020011,0.9960742197681459,0.756402344354857,0.8365534886481159,0.6088151846658507,0.9925185324118266,0.665289096515024,0.5839163092534118,0.8206284127831096,0.39865006012181203,0.8635655287788837,0.4176810066958022,0.581593978017052,1.0548362202682444,0.9701851569346491
176,1.0543321246942887,0.6329569146330345,0.6735238086931068,0.7419960827897935,0.7837972066720431,0.7896443747177746,0.7264391177333125,0.7850094485717962,0.6954419264889127,0.5844404505092234,0.47815534651179314,0.5935536165515628,0.6076910112276029,0.6783642018989305,0.6041987780329043,0.5924347002591908,0.4398444201639166,0.7279037516856746,0.5174408216992749,0.5453537455963553,0.5465872450542981,1.0033851940847798,0.575647555582461,0.7436942128421985,0.5984034059143055,0.9576358875620404,0.7409447814416996,0.5918373679880259,0.7261571143248117,0.6167657719157577,0.7236536367212107,0.4876117073990205,0.4848184664509024,1.0990736631397737,0.8811151507418331
177,1.076101873684388,0.7843858338056993,0.6886743668733434,0.5593445343653713,0.9364664815845343,0.7696490604766255,1.0034129174554112,0.7019624402010117,0.8649912185473363,0.7339646272013882,0.5902115115027021,0.6622449272641073,0.5461110170617031,0.582897668631831,0.661913769791247,0.5888004574746389,0.4400681195269559,0.59664527679863,0.6095153845147114,0.553556527467188,0.7987614783674886,0.8840494027708649,0.5273997204660599,1.0200970858483631,0.5147321442915946,1.005311671606391,0.5555842930263193,0.5448812790080346,0.6099489115928243,0.4973520643553483,0.6543969796356692,0.6148185497900103,0.5512541652909153,1.035783089099926,0.7982322800904187
178,1.0888346974527012,0.8046419051847489,0.7954391986639555,0.749769699839473,0.8821312237504626,0.9064398341969997,0.7326473860576896,0.7696711155372198,0.8049145856511823,0.7990273882734049,0.5836447608681907,0.7468286996329713,0.6322838265797888,0.591909315223951,0.6705583539137341,0.566496823588494,0.41239901856714567,0.6188493796715562,0.5605766686880529,0.5389003684363158,0.7292930830617582,0.9416188654322399,0.538665642150859,0.7648932804693531,0.4992561181887147,0.7655000399922272,0.6058287188430307,0.4472091672670851,0.4046076983437631,0.5583792854271694,0.6735738652533867,0.47981316345968317,0.4492603965073828,1.026792990988447,0.8256557426158257
179,0.6624417173585608,0.682000469677807,0.6581718085844578,0.5871977752137901,0.8157579729482434,0.9021686257120336,0.787970594938767,0.713795594458108,0.6676304880497803,0.8550466722069736,0.4568140343744739,0.6132598437579472,0.7085530006750591,0.5882386308276814,0.47036482013832853,0.5861408298542272,0.391660904075422,0.5492344406629528,0.5398408410521482,0.5811985226343284,0.5797633340411908,0.7665598350411763,0.5480870308078364,0.9100307982961804,0.5496610591964438,0.852790596038248,0.5821677989859708,0.6539091360698672,0.5466654288021563,0.5774635544312259,0.7957507725395476,0.3897550029474489,0.4986505544288361,1.1719179526693613,0.9148322089429581
180,1.0361887839500281,0.6492973818929222,0.5857804110690623,0.7289382337730178,0.6942831572181125,0.7389045594542054,0.9277922039606501,0.7239095245590677,0.8458058455121712,0.9216440103718736,0.5112444283333872,0.5582712239095515,0.6561719294098968,0.5564686246445527,0.6676616693615126,0.6109310209388946,0.3969546203976796,0.49424500955099543,0.564530570751207,0.4729681818183674,0.7652436594374684,0.8909769195606918,0.5926645880050194,0.8035738081050952,0.5564201677172942,0.7992370989061216,0.6241873649720286,0.48888764217530023,0.5930998373754983,0.521267242961627,0.6812235434894583,0.5703295298787996,0.5779802627392747,1.0910629606507682,0.6843520721641531
181,0.8753695780181989,0.8963955685987445,0.7546352087480677,0.8462790002508749,0.8615756055605469,0.7016592413467433,1.0981377975061608,0.5766800481800307,0.7247611021717209,0.7889819845023742,0.7356154853886354,0.7546470531832261,0.6793443581647651,0.5474457602340658,0.6407445893762329,0.6733445719349653,0.5151177873080565,0.46427226729457755,0.6549269963494849,0.7263448579396283,0.7742519026642007,0.8516005422849703,0.8671102987605978,0.9593652801306711,0.5139783880698479,0.85473575659641,0.6175844775792119,0.6460343227393726,0.6627092820950096,0.5658038478383456,0.7041094984958942,0.7201914688528808,0.5691837928298744,1.1324224975336201,0.8395853295907539
182,0.884778008929705,0.8582952546916882,0.7566819243228367,0.7750988722663534,0.6378771855313652,1.0417486410838916,0.9817494726306304,0.931487199009594,0.7878960242454172,0.6822337625985759,0.5730311148477627,0.6801802777931564,0.7068931633609052,0.7636117699767105,0.4504459137816661,0.7388534754564728,0.5313238199971934,0.6818872334526124,0.5200778304921785,0.7085710572134309,0.6876466758677737,1.0070606653091214,0.828422053651946,0.8903698291114364,0.6218625382849499,0.9561701826402924,0.49090188583541533,0.6793244113135413,0.665545720322182,0.4667213435340344,0.7447550421157665,0.5883644746085124,0.4559270756145163,1.1856909334650516,0.8370062177856286
183,0.9007710110545128,0.696519860689435,0.8195059367808426,0.7005988036000609,0.6657680346971542,0.842274910600708,0.901521266071516,0.7325714566048587,0.8649618484810287,0.6570954659228836,0.5967689598808223,0.6226050935774297,0.7585960097440132,0.6785095888598147,0.5459156842973563,0.6701137179975702,0.507930567905378,0.4955767207269575,0.587123918694058,0.5425870716480101,0.6393448261950028,0.7127742675257842,0.7499368261448078,0.8967797691375208,0.5371558133769813,0.7306488134475702,0.7026451219400542,0.5911927520536291,0.5451106365725713,0.44115636713755546,0.8740557552559848,0.6070998353632571,0.36809192580222333,1.117681917892634,0.8093549241518571
184,1.1087740386668226,0.7704890428553439,0.6577416903892361,0.6669707462385055,0.7931071613433353,1.044859835034116,0.7618470079956862,0.8449266267566717,0.8544153974730715,0.7923057138303797,0.5906859319035648,0.558687540881553,0.6465759785638798,0.7215812392367955,0.5641724492076619,0.6667473161758395,0.44160761372880486,0.6972200597724786,0.5073873529123452,0.5567862101957954,0.6168601796148181,0.9760933698790918,0.6661860170208109,0.8642506193579411,0.46273244083476184,0.910813313003039,0.6342479147227342,0.6030850931323251,0.820233789510864,0.5277945818248846,0.8942284598941299,0.5904622490944151,0.44653666523089863,1.189749652378519,0.9311478105559465
185,0.9406162242245887,0.6284465141778106,0.9702628228689364,0.8326237575819146,0.7008928326125496,0.9818730170589902,0.8805952894742112,0.6567287899563419,0.588568207005064,0.5765124946657412,0.5449804259701669,0.5576113526780708,0.7163064871095451,0.5831880715459132,0.5709953697720234,0.7027615626398069,0.573777953212641,0.5026248836740537,0.44634558498754545,0.5482815410313828,0.619880593791273,0.8825748943713786,0.7240471706155465,0.8648865777710775,0.45599008982856915,0.9357215474386518,0.6748980707443217,0.6563625829942523,0.7552986497847547,0.5184605293529906,0.9611349040904347,0.7389460835425713,0.3507484055990342,1.0852486376078807,0.8430047734945099
186,0.9207951611304265,0.6542644879142931,0.6367869114954139,0.5980475681878832,0.577749759139156,1.0047444594900576,0.8155536661678753,0.7050930413262264,0.885934437661374,0.5077745029547884,0.5072444895469671,0.53227919754065,0.6372303385801753,0.6298132321607905,0.5502918675239213,0.5061410345999986,0.42375636956019064,0.39989029229645956,0.43564554317018805,0.40422126079741044,0.5516427128161163,0.9094303851174895,0.7070420910369009,1.011654450162154,0.42927248169565124,0.8571309715214673,0.781099568515397,0.5235160155627594,0.5234620931849687,0.5826569068252809,0.8152495704104149,0.5862553087567115,0.5334590702583204,0.9317873774402013,0.7578021998838828
187,1.087641461550329,0.8472167601644569,0.8763611914680336,0.8143582580527837,0.8960528187247879,0.7515103106176263,0.9311957173577676,0.8205076492103069,0.7452069646656243,0.8792559083352214,0.7115272523519907,0.6715779024380563,0.7688814814568257,0.618660129642054,0.5680887643946458,0.7015849514080579,0.5497803741441747,0.5337036337531298,0.6868254051416189,0.4033090365043784,0.7559029326417983,0.8127801622048634,0.7113445747719283,1.0450700606352723,0.6522657647951244,0.992091690109602,0.9546431972827724,0.6663508758346762,0.5832787068236245,0.5753450085059756,0.927370136741743,0.7395397250590479,0.5357951397003964,1.2294707614928768,0.8560217582234109
188,1.1072365511248468,0.8089480724230061,0.8439640632467381,0.7752217897196121,0.8019521327902793,1.0597593251604729,1.0403957749824828,0.6664240263425487,0.7904795409927694,0.7044895269117772,0.629451252858762,0.6315122223064896,0.7643241119321826,0.5851596870839717,0.481717983171292,0.6580918493149805,0.5567260458643696,0.4109187869816059,0.574649922617546,0.4816494373893092,0.4808443993211471,1.0744081393996021,0.7511523929369317,0.8105805117855144,0.48262900921876484,0.8284868924066072,0.6339530267604663,0.6683903443161656,0.6675232537082931,0.5468288964945165,1.055933275992959,0.6987586620538019,0.4153536724963635,1.1593320099548958,0.6872785366007952
189,1.0232557012884032,0.8380892206449015,0.8087259804514869,0.77269489274494,0.9115107988718665,0.928711376577852,0.952294672303965,0.7172135504330763,0.8239881380645995,0.8462334012151517,0.648672433563499,0.6848021932416609,0.7632069499390559,0.6201127935899515,0.6775942374948027,0.6613738853887929,0.4965500525965194,0.47679805748968795,0.5568177693464769,0.4794115229505589,0.5485291787764981,0.9358443773148996,0.7254121511841196,0.9311963872837332,0.49480340445839605,0.8670279318881042,0.8989477182602563,0.66053847744661,0.5898469698391513,0.5905461178602639,1.0292291640740627,0.7160694342407709,0.40601996280213737,1.0678500739684686,0.7240629309861839
190,0.9183597154603893,0.8986204931414981,0.8010512039744704,0.7392714642094445,0.7666633794699833,0.8598882040011792,0.9862638855670895,0.7890174288770009,0.8377991418776355,0.9382964531067389,0.5872000193311966,0.6981418158454633,0.6757800422475445,0.5318999600264341,0.5254369484739055,0.7360708531725163,0.4887050857821464,0.5694508750832626,0.6598595751324803,0.4803581896578273,0.43043037853720334,0.8547458035478518,0.7076330710031395,0.8624315322413059,0.669289309550322,0.8908133550756945,0.6843548370851966,0.7993236052925727,0.6481938016475807,0.5421013094350836,0.9396554586462703,0.6026868948325805,0.4483068367341776,1.3548323731247853,0.8464055184055195
191,0.8404377083386967,0.8844850078424811,1.0513483734024867,0.6361600539942586,0.6756677476035867,0.9699188931830418,0.9195783604426511,0.8616714788723404,0.6485739865553326,0.8376852719645225,0.5390062661704472,0.49722013924625125,0.630353040203204,0.7553088195991756,0.3890175160881392,0.6860086159151629,0.4710835048877268,0.6467869100775506,0.5978751887408621,0.5216352238757198,0.3751241486228478,1.0152303865873882,0.6765718409251231,0.867898271344154,0.6357596134057752,0.9031114285984772,0.608873903385866,0.5642131470876577,0.7573438832993903,0.4664293990692482,0.9697496498339013,0.6279048831862821,0.4555594945638014,1.113152624700273,0.7730945007948102
192,0.98161234141599,1.0396199815875038,0.9103784249049095,0.7537311058628879,0.7316805907708203,0.860926006008617,1.0867504391187088,0.7723210225635684,0.8006392800835143,0.7830987027581152,0.6243920637265128,0.5605657294673498,0.7025599610621336,0.5490701865173426,0.4518466400612319,0.7313719573432653,0.48186611761288767,0.5423560081424934,0.5213500411708081,0.7093604315673505,0.4415521385909323,0.8635530667441078,0.8042970854511443,0.7407740507837031,0.6064842896380849,1.0704023894124242,0.8196760679847148,0.8346289010446293,0.5766099969732972,0.4568256459588107,1.1268169361072136,0.6313829351585964,0.46362930427924987,1.375333198230353,0.7885860259535973
193,1.0954834857061986,0.7316482439587766,1.0308576491235515,0.8197028660238349,0.8615012315199411,1.062492424040436,0.9818261547462921,0.7688840454887502,0.9090504624343971,0.8719778310885272,0.6270517364408604,0.6360176816108314,0.8007766072023574,0.6046701025571908,0.582444530031505,0.5518522556069025,0.44294206022447513,0.5722394286128408,0.5302050552430152,0.4962791896340546,0.5538012230416707,1.0015827152869725,0.6886434688827843,0.7770921375095493,0.47583645684789905,0.9957568247899912,1.019369533387512,0.6744523882212947,0.5737061424739481,0.4940438049648542,0.9912834173906071,0.8435268263693382,0.5579418618205729,0.9861975481665755,0.917247760402306
194,0.7727284954681979,0.7156212439976434,0.8958147849622267,0.6857376340398343,0.8243235161691997,0.825053146715205,0.8201943781218293,0.8986178367716839,0.855187416240371,0.8858212965462355,0.6232140231247346,0.6171261058860926,0.8114727309806113,0.6211407795864045,0.6047932419817724,0.6178376968096583,0.429125694087151,0.46518593771540956,0.5869616321521263,0.4842962924962484,0.4405762650033779,0.895584903375918,0.623118511920425,0.7843665306176681,0.49721698271188935,0.9053494338611393,0.8299898620784414,0.663793791390555,0.8059762020105056,0.4425000368156935,0.8825201271782003,0.6911174028042388,0.5636331999467941,1.0730283603012338,0.881410546070686
195,0.881461199675126,0.7069446443656232,0.9020379357711235,0.7729887784387355,0.6686070684467351,0.9035933593062505,0.9901426700030749,0.8059681618410506,0.9388229912358557,0.7764742986280786,0.7192958657825104,0.6810924930133414,0.7595541180499911,0.6896013028544589,0.6762844601207258,0.6632056558507842,0.5546561476006964,0.43769196119132436,0.5569111180772346,0.5355710886125569,0.4035075687961551,1.0072838631334942,0.6632545802466874,0.9395870523516551,0.5023694095141136,1.0825340649600164,0.8878859220083211,0.7331820976805671,0.7022328017303988,0.564707701601797,1.0909817104856778,0.623369340397448,0.3264675850549302,1.068701858838338,0.7800289458547452
196,0.9184058497773517,0.9488222689048529,0.7628704380470311,0.8127031801405091,0.8766152032356078,0.73049035322751,0.9256635719733957,0.7807268870571824,0.834996611284951,0.788869782599828,0.5857097400531254,0.6746138431247872,0.756077988861626,0.6289235354021849,0.5912168656835981,0.6705071608825847,0.45171963292040085,0.4153414327587527,0.5518040061918074,0.4921553525340486,0.4759997267274026,0.9029948995221588,0.7475372294980545,0.8908464932553974,0.5219874414590506,1.0126262744121113,0.8798844034829372,0.8257304121962095,0.6434608371518837,0.6912929311240952,0.959591117601115,0.6638707027410314,0.6788079134588536,1.1061841201714009,0.8074572115608776
197,0.8558666455977307,0.7496077490605788,0.9783187981210275,0.7393347482104778,0.726322383403385,0.8892103158897277,0.788718626561796,0.8501550595006764,0.9607892964667066,0.8531468338102595,0.67250613607393,0.6553058304854571,0.7352923512031373,0.7681015137529839,0.5020301247418857,0.5602836957193956,0.5043396632224297,0.48597929321960953,0.5749054906914541,0.465460814697241,0.43483261218205405,0.9416357778588453,0.6971532617222995,0.9617791337009377,0.44049888203058407,1.1035602025535813,0.8006858709983236,0.655874198736095,0.7019653222756786,0.6291652589742885,1.138396469967506,0.5834376597167863,0.5852543275908674,1.0540044357461449,0.8387406298000811
198,1.1669679656725116,0.8454850615227089,0.9959828809930185,0.6548009258326666,0.9579359145944373,0.9832807102264269,1.0015852893902741,0.8042565962590358,0.9307232042377824,0.7677531891209185,0.7552970086825892,0.693727202651297,0.6932668551342878,0.4931799999452043,0.7421875492372003,0.627769762028941,0.5268711153959431,0.5160442192741045,0.49485280320096825,0.5608014563845902,0.47670376300484374,0.9592395300084591,0.7195281448189869,0.8879011030584034,0.45161911438672936,0.9017691018204165,1.155274805188335,0.704820516310014,0.7338168074912457,0.47920543473230337,0.9757973521135295,0.9702608848483614,0.49011571842789026,1.2770766308316062,0.7086023555810557
199,1.0292349770039935,0.8735631552218668,0.910255326593734,0.7411845003400643,0.7057240159193701,1.036098202608386,0.8992605676999885,0.7727439137446822,0.6670454188481874,0.791629541610688,0.7580153867777497,0.6988191646532809,0.5158360560067019,0.6256036849410005,0.6320609571219664,0.6998065680199548,0.42162225721886026,0.5989831498417841,0.6296140419189025,0.5357199894586133,0.4621574042158376,0.977952658921559,0.5885082036070852,0.8937249106306214,0.4151016935494797,0.9193241027799958,0.9171915141076137,0.6825382313552557,0.6840651537901377,0.531064515680529,0.9217421664741684,0.7353517712256805,0.5104494523243606,1.1094715917005784,0.7822918022161811
200,0.9534399500632854,0.7432435984642654,1.0012401361560057,0.9141769200813756,0.704790752682119,1.02353441580257,0.9653280495740335,0.8909081488749073,0.9693704740306132,0.9046720819495647,0.6997306822718916,0.713812593568462,0.8407960066077125,0.6371044181602725,0.6217327412127573,0.622466268236081,0.4925693435002375,0.6398145786554933,0.6700271907842117,0.5119164595901875,0.475131472258368,1.0917700366309075,0.7778921228228137,0.9186906584565391,0.453102064030418,0.9988596638481899,0.9947205346154238,0.7298440521521621,0.7561278605920565,0.5830619843630755,1.1345132054061957,0.7158497097351935,0.5364246402739882,1.1609449511896006,0.7821587130786305
201,0.9400213066545027,0.8393013621637659,0.8735859718163507,0.8050750943345328,0.668321126235361,0.7379202419242549,0.8947594638226499,0.7069307617420013,0.8569006946758355,0.826298881585835,0.5745624719517876,0.6339639929785835,0.8282245607112877,0.6814654351987544,0.480377480367196,0.6266717740968353,0.5233090227941193,0.5656154829178457,0.5393255028799422,0.45512191190729134,0.31660790741369405,0.7553083013673091,0.848817016117156,0.9428033054704815,0.45267273366182015,0.9659359982826223,0.9259260946489822,0.6574368602465316,0.5846694122220863,0.46338061718840856,1.1607865299536049,0.6121568931466566,0.5862772336177786,1.089453708962326,0.7681296019056292
202,0.8842676259079136,0.7129387427131186,0.9854880399403546,0.8964847558273062,0.807561677071895,0.9347363167742546,0.9270413789621818,0.8013584436304346,0.8028030091264708,0.6264981979814442,0.6322943360092725,0.6493754726760146,0.8145567994272196,0.7257789824418106,0.4853549288354493,0.6423396964659381,0.6008986626287947,0.4822543638444883,0.46519694773907194,0.4775273454210814,0.39675198245186905,0.9157484146990398,1.0543977675842167,0.847893001303204,0.44370715968715113,1.1837059255506908,0.7633260490702061,0.6700185880040311,0.7540234881534806,0.5784066552913552,1.1416575896661412,0.5781817565516227,0.5683891945414565,1.0674216645498036,0.9043882013355162
203,0.8094719725835778,0.7954727938987772,0.8162066790212325,0.8282837902400215,0.6837466808595282,1.0018261213118285,0.986008914429957,0.7309390359942034,0.884113584318046,1.0034587343870471,0.5584714400855861,0.580722596415862,0.7580133365781334,0.6673256791486979,0.504906677470717,0.6022627885013335,0.555697458168378,0.5463657328704077,0.5479067350390464,0.5432691617142982,0.3861359485914148,0.8864898670304899,0.8970152862197922,0.8433145637498397,0.4610416023294177,1.0879328236355852,1.0088810617838129,0.6177230936267567,0.7375544524029995,0.5782509492638865,1.2624653279816571,0.6519320488631415,0.6535821622664402,1.0880517842634743,0.8307431805809454
204,0.8292670113409782,0.7723699386408789,0.7671752308284778,0.7788867344498422,0.8062391318106207,1.054711465758356,0.946628230162575,0.850638426154573,0.8682706708373746,0.7383180510730905,0.723833518527256,0.6773434021706188,0.581234345014749,0.6502033381962693,0.5417100918692217,0.602579247760221,0.44678824691547603,0.483180021447014,0.6021259972864583,0.5200702925947182,0.5802926901087133,0.8922736806364414,0.7037282476560092,0.8666834225067724,0.41761073420389677,0.87029043606413,1.086784487771114,0.6282260452698707,0.7390237481105896,0.5124770394210177,0.8225443021106033,0.7372412796873407,0.5176206267869401,1.116258356828518,0.7898887932625329
205,0.8295723690851844,0.6706921030595796,0.7329640905232893,0.6640368813082518,0.7840707320679638,0.7114405670353703,0.8129154104900906,0.6907474496085454,0.8331885756036572,0.7767618920160606,0.6731753100143204,0.7548373268523572,0.6672492145225783,0.47755842389384584,0.41265663010533193,0.6466426953767636,0.46710071851664503,0.3914268143956834,0.6596806062999618,0.6005218624666447,0.6521281440071754,0.8696571269128699,0.770070530862111,0.9470095331306537,0.4224532162353821,0.9782435617796783,0.9265290852154817,0.5358672545144921,0.5889074496515931,0.5529864888381706,0.9433050655714275,0.5323186697464799,0.5716768647303164,0.9264316862008832,0.6356461625563518
206,1.03353687270733,0.822895338332337,0.8029258378270636,0.9119575389826615,0.8147575783886856,0.9683188006217496,0.9192565607364032,0.721094660160092,0.7248232832909532,0.7064922090876217,0.7256884082871993,0.6826496521877055,0.8082246561123173,0.6720758725471936,0.6020153753188198,0.5179403244732153,0.6381394616203935,0.5290695517188193,0.5220373260682254,0.5432867438602393,0.5421827522552994,0.9929544697885264,0.9195188214302537,0.815367327609399,0.4483744220176704,1.1139375461706909,0.8747222979911256,0.592928755330051,0.8097711852421399,0.45973573060808115,1.1427124012333971,0.650348674457005,0.48706709566004736,1.1218777781974782,0.8215100122247065
207,0.8611286846246026,0.8712391421375012,0.7348185760049066,0.7341840820715662,0.8617636092686441,0.8108632086576752,0.8136470054864342,0.7166281698077172,0.6543544519728679,0.7033152708711206,0.787804931432132,0.6577622173567883,0.8368319779803636,0.5535751067569301,0.5168890694753631,0.7758663084922366,0.42967140884824784,0.4894690301052299,0.5288127744195916,0.582329911295745,0.49451466888372136,0.898627674673745,0.8264571852459499,0.8727400811742572,0.44768158143307524,1.0512646080335752,1.007808890600732,0.6861439951871103,0.6771162358205309,0.4545199206726761,1.0764277857046074,0.6461074996533149,0.5674052126769937,1.1137387852117335,0.8138183301645869
208,1.0813814258175647,0.8297987227940902,0.8191928438902585,0.7707675410517445,0.8301718555234653,1.1402360380255934,0.7345542606009129,0.9379166547771531,0.8360784301896251,0.6690763429200688,0.6750387241224363,0.7487516480495953,0.7540782534455497,0.7062587846584643,0.5742772337466924,0.43221355476040185,0.46337378403549834,0.5133354628658278,0.5671652005232454,0.5189890196647926,0.5769264782285065,1.1128926141892892,0.7171384577258282,0.7866121345779069,0.39988504152081705,1.0549648437755041,0.8760496742360926,0.49288743206844726,0.8034849699315336,0.44935930118249234,1.113405783226614,0.48580232376026344,0.5531329843171802,1.1521519625578511,0.7681302056100588
209,1.0254062374522852,0.9371701680404394,0.6786881206135372,0.743396167156127,0.9243396044179935,1.185490592515174,0.8021182119178277,0.8751505504475224,0.9233713935612206,0.7759411813648132,0.6774946479055901,0.796307117680074,0.7088373615801454,0.7576732116722448,0.4769045543888651,0.6324696660979143,0.49553271256840864,0.6038568065929946,0.655370054768932,0.7020930473369401,0.560732534235794,1.0230577277606274,0.7743647252157364,1.0106602966459781,0.515394045718597,0.9488650337886317,1.068713929579491,0.773110817674556,0.8969596262080705,0.641155727994905,0.9632523978587035,0.630476252544341,0.6088957613466532,1.4279917774699564,0.9287279948924663
210,1.0990800857636631,0.7056784338616534,0.8737365343630746,0.7388469300784286,0.6175193370831462,0.9085526002366906,0.7471959089204929,0.708364775819491,0.9141540675617664,0.7184621320913076,0.7180465645223241,0.630199067254662,0.777588733123851,0.6892234470729526,0.5517627985945596,0.7572591912951447,0.5320402787234562,0.528190666906565,0.4381875756486859,0.5496352791357952,0.5868232740382225,0.9315279128385041,0.7926223354520696,0.9765834407204087,0.4455224163363413,0.9437069423676079,1.116366676588965,0.6922904673308178,0.7803006291950052,0.6166237365005365,1.0576052468135988,0.5666631035181221,0.5728767252310353,1.1351051625326418,0.9090754517889343
211,0.8849945357576064,0.7604219377886967,0.989476618875353,0.8300743492958154,0.6999978264001876,0.9420826187395658,0.9469733200813821,0.8171677375206696,0.7958826808361602,0.8041377969100566,0.5758185709841593,0.8016220342773572,0.8036305026784686,0.5289679185584316,0.4743338776292761,0.4494723279451541,0.6663721524404652,0.4960494804535379,0.6074624868602001,0.6166610558643499,0.5631298985234012,0.8933623578777459,0.897444960509979,0.9132823402054704,0.45902927539986693,1.18447648235144,0.950686963144788,0.6561909916455876,0.8689417242941585,0.5917939113927861,1.2344988307391742,0.5427845302594273,0.6782236388916937,1.1065357577103867,0.8443521370003573
212,0.9268556001014931,0.6557100661767883,1.0608826536510163,0.8788603999058195,0.7535312061642732,0.9735222491396179,0.7807865604801356,0.7150753560285164,0.8092015274574899,0.8013056496979714,0.6782462228286517,0.556993965735875,0.825420787642412,0.621520186514176,0.46794238738824356,0.47833254299638417,0.6187550792293103,0.5610395587631627,0.5447962397725643,0.5376228334134303,0.5692178179722118,1.0414021247119885,0.9495360015800525,0.7934576256053822,0.3974231096356404,1.2641045405484999,0.7443636330808412,0.5268397086148653,0.908461572620259,0.4838635654303409,0.9697835338987324,0.6678268111889583,0.5115415367694476,1.1384779207889109,0.7293015618132099
213,0.9438383042936718,0.771440902339385,0.8541311506436292,0.77548298734803,0.6280559550208449,1.0621451266792352,0.6914970336430184,0.723992002712066,0.9215931564771931,0.7421331220373588,0.5547318002128852,0.7460234699249388,0.70084525388897,0.6480529336784536,0.5223997206379487,0.7156705497445728,0.5397651966235655,0.6200006353559155,0.6282423458771295,0.5938928652691575,0.5403521810386205,1.0170320483097055,0.7543064217711493,0.9949943786169319,0.45659128065848587,1.119935845267484,0.9238329136538443,0.6663509817196803,0.7562532624021632,0.5650687588205501,0.9371957392060725,0.5430331438555731,0.5506448624976068,1.3100315022317284,0.9432104623137725
214,0.7952240696486443,0.5948362149085195,0.9162778524540531,0.795248876114107,0.8165608341787665,1.0846269680804665,0.7632763841660106,0.8119070278405985,0.8162428378805352,0.6884149064501424,0.599771957577662,0.6645598711291983,0.7498704209311104,0.7926572707139602,0.43118023324582494,0.5736826722625437,0.5517565770244682,0.6483302009134697,0.5858747595082796,0.544499673290975,0.5162707522405503,1.0410487892059914,0.8384187713326957,0.8400816537446587,0.3872894125209785,1.0485627241692899,0.7886355703589257,0.5573818004683293,0.9688352337915088,0.4502908679073769,1.197439432462916,0.43025200950833187,0.6478232389157386,0.8763829811266131,0.9763653843631925
215,0.8437662610103145,0.9282395788790058,1.0288019866453881,0.5991159360727718,0.7455525982913614,1.0300559317263307,0.9758836077154118,0.75328055075311,1.0217651441658877,0.6604200821296557,0.5988760838320561,0.7296582295810368,0.8179610810781779,0.6185216594469737,0.4273277295054806,0.651561619149143,0.5657946542704771,0.6309595492598397,0.6294765258039924,0.593183645587391,0.48556216675333735,0.7616570361176507,0.8515784363585444,0.9034149161341958,0.3895378713215092,1.090244588262221,0.8580757896289822,0.7476651439961275,0.792326302009952,0.555270958324548,1.1387321672130013,0.6279033660932376,0.47777642330392167,1.2348881253188426,0.9899273153668302
216,0.9692173333866774,0.785256596081974,0.8410778889313331,0.6657146964652805,0.6283322697201664,0.9804019409439543,0.8415244216990858,0.7692641476926823,0.7594353630229661,0.7931960813482768,0.7015041354734157,0.6766257542949772,0.7536384112660193,0.7304723373825387,0.4661259263210995,0.6143457439801283,0.49372670023107573,0.6195103332891487,0.603012107589066,0.5851459484916501,0.5762121111306464,1.1111982265635127,0.5230583973214249,0.7628750855923137,0.3792384717006992,1.133029821334544,0.8998811746094725,0.6841038133292563,0.7992010468038533,0.5217191371208192,0.9686929209867529,0.7674732477065015,0.5672705942455696,1.0384224437096745,0.9759771261142361
217,1.130144042903024,0.783456933536691,0.9686133484871378,0.7603207372219256,0.8595230938772691,1.047453484096974,1.0543265795652523,0.6865489625001259,1.0097390707557166,0.8145379630122324,0.5863809007232739,0.6683679438317705,0.8048908841882654,0.6053565009770081,0.5640541575143743,0.6627812406863847,0.5798073163122677,0.6021548232089793,0.5494257482403081,0.5878957728519585,0.6874041198951256,0.8804221499714453,0.7942781339846974,0.8572034032837957,0.46862959253586983,0.9988380339913607,1.0836558195566597,0.7724193363823006,0.7338783611226958,0.5249485769157602,1.0561317096598644,0.8567992939389035,0.5000989163636037,1.261998450852206,0.8695998215065921
218,1.0419865882059876,0.8430935191411921,0.9484580878075343,0.8484762627035867,0.5706918984228078,1.050017013074922,0.8876405116538991,0.7810471792968399,0.9406715365647764,0.8028905962512911,0.6804366736483929,0.583649418720869,0.758602089271601,0.6125154008046001,0.5664614931093872,0.646109753234642,0.49590240007082403,0.7217860872708605,0.6585663457003947,0.6177976883871008,0.6316647217586588,1.0880751536750042,0.8075610560458223,0.8762035016509024,0.448549698171177,0.9992934110368666,0.9921275925248897,0.6539303085151995,1.0199647494776076,0.4633031415315273,1.1754140760959846,0.6184287065624183,0.5748758857836221,1.118510645684728,1.1391536661264405
219,0.7464740474290674,0.9764100034591802,0.9799109784422382,0.6812222342804777,0.6338921478852712,1.0463331502240263,0.8518126177770133,0.799706474828964,0.8012171348022061,0.8071483070256718,0.603530892954844,0.8672611869004256,0.7965531212247432,0.7042912933931947,0.5920204430336873,0.6094549368233819,0.5482513419764032,0.5397872739909639,0.571672563303003,0.5644947218222243,0.5526680554467709,0.8529627504248731,0.8109931653198823,0.8583119860050614,0.5458327382008861,1.058665410971155,0.9215908296791193,0.7082829996548988,0.8066225348383349,0.5557926139670191,1.0844681548737571,0.7053496883881357,0.556530238239811,1.2839615819029684,0.99929073840281
220,0.9121165437475951,0.8075161107864375,0.7683429655229383,0.7771964017448387,0.6992578911013025,1.0481086531607469,0.8401377050486452,0.9451300055827538,1.136872968948579,0.787401556827312,0.6482521535481807,0.7277768800301345,0.6506066955907722,0.6955272752962784,0.5413848552229059,0.6571394179737657,0.4575625736094956,0.478845909180506,0.6500978666472694,0.6567398222179636,0.6958790599870344,0.934789578516333,0.7835569945568548,0.9519671333948677,0.5415971422092639,0.9576862999458972,1.0841658374705059,0.6621496878682053,0.8277369829199241,0.49097205482352213,0.9673689013965521,0.6707987106646784,0.7042792916353833,1.223331065437929,0.7828166190340222
221,1.001277375117538,0.8110587568340778,0.8421578735250314,0.6977148734494472,0.8616033706343533,0.8133645315536564,0.9153148717849252,0.8652065086628891,0.8472016222439087,0.7896766522736272,0.6633192710299305,0.7068557847873409,0.7075089851761605,0.7142221234929168,0.5049164397538592,0.6392445365604571,0.4921881426346013,0.6293405440295772,0.5563990883681595,0.605494385929596,0.6829729305478233,0.9318246552389864,0.6640691912523549,0.8568185569089684,0.43811366510633054,0.9008928710507655,1.0171781217222953,0.8898361539509801,0.8491114032821597,0.5343129955163708,1.0471759480757816,0.6643172655495639,0.6207142135093782,1.0985220480554514,0.8323340091340177
222,0.7675739875948484,0.6815066596739092,0.9264838670835984,0.7529616547234548,0.6933091954825077,0.965343917806936,1.056939672977592,0.6668330451187077,0.8666586659898663,0.8967511973817559,0.6282583246550797,0.7081099726040042,0.8764621933821455,0.6740731546753497,0.5049431060903355,0.5308901252422057,0.5287519331247997,0.5952845204942081,0.5746044725919531,0.6114920589246285,0.592765713552619,0.9160744195542903,0.6760954424293133,0.9666986966141033,0.5574349579749998,0.9778324406183405,0.9223695431491387,0.7181187056997713,0.9010382351117454,0.49539925706381027,1.1095996676987796,0.6633687539242998,0.6011376194380467,1.197421966982475,1.0014854115074256
223,1.0551650146028355,0.8519455746380533,0.9551377235830611,0.7613467799993066,0.6475449603739443,0.9009959254977543,1.0159327437563013,0.8853243623158438,1.034780626131889,0.7440896343829089,0.5586249477075815,0.7084725480131218,0.8030323286383688,0.6046814433129313,0.40965503130774644,0.606334780884282,0.580765301989868,0.4629940053688557,0.6904269874451295,0.6723640824273205,0.6253572967263243,1.0153396629438989,0.7674566008042603,0.896463379382165,0.4329673217460307,1.0107348853811624,0.8098541668983261,0.7010173754034148,1.019981916822023,0.5225388304288088,1.111428953296404,0.6081113668815716,0.5392682035530769,1.0431924481744212,0.9866831628056156
224,1.0126167200772496,0.9262941212255174,0.7098418706416023,0.7761481876001828,0.7336266150631774,0.9097483824748175,0.9556550230483063,0.6042487210295884,0.8065231068624579,0.7259708312592175,0.5555144149552147,0.7844570144561122,0.7652785142104661,0.6077700870767394,0.46619989329341305,0.6167934170276229,0.502426445576335,0.4202865287816807,0.6328828583706934,0.6670815911318481,0.6760490194798439,0.8318845848744086,0.6788803649543405,0.9409905019666193,0.43419137429110966,0.8242796537253378,0.9040200177732292,0.7234579690843959,0.7226399154650853,0.4469899796077018,0.9939718361724206,0.5962143103722976,0.48228964687776454,1.1984173495105632,0.9929772536311007
225,0.9602187545913689,0.9328312573072132,0.8899955318755091,0.7627648388709677,0.7718410014253696,0.9495086132223306,0.8902858303996719,0.7351655954435716,0.9126091110997139,0.7308670104305844,0.6985347316444606,0.5498198263718187,0.845051868083696,0.6237178707843672,0.6264605661469913,0.6810742382175528,0.6776867884628108,0.584116136054142,0.5481876433232111,0.683347793623724,0.6066456537608014,0.944757544619523,0.8622883172998694,0.9432976549325273,0.3978368194002976,1.113882548528254,0.946071544496222,0.7239812366403395,0.8866687218057756,0.40768214014158566,1.0801862810806504,0.7160585774074717,0.38699485196965433,1.047719898987374,0.9742567804236593
226,0.9195623092941793,0.9063413662557136,1.1714357144912961,0.8469772482432458,0.7521951313561707,0.8276329007837886,0.9629539162689684,0.7892273161478824,0.9827676935602976,0.5566930586360808,0.7938411642993488,0.730575761328365,0.8763943150942446,0.6517208023096768,0.49024343592258024,0.6849401954290752,0.561459262067004,0.5217091822861861,0.6041513407558712,0.561632200841925,0.6882983346098452,0.8996003122227944,0.7185971239031905,1.085357712543506,0.5230136252975095,1.0430089763687667,0.9783450141791445,0.7512915905617972,0.8161636872581124,0.4762837594548019,1.2438551776804307,0.6863912139341991,0.614692375022754,1.158827710949375,0.9832814523892334
227,1.0338201681481403,0.873435034876093,0.9173312998545213,0.7831739681179504,0.6317678128310295,0.868686436698658,0.9156978208647027,0.6738149000884034,1.0505657610264103,0.9454276389320342,0.7034813091104875,0.8572975564227343,0.7697823972322246,0.5700239545617826,0.5041410293976292,0.6645443934751917,0.4311433915582489,0.5256341977435257,0.7995186253622775,0.6229867588856519,0.6719123973729397,0.6302202103333729,0.7606060823417486,1.1077904665147744,0.4415990163850123,0.9007969822062596,0.9032818660818664,0.6395347138696666,0.8182186072324216,0.5470397198834291,1.2434533190959254,0.6668554193903702,0.6639120199729664,1.150708805627903,0.9267030027294128
228,1.0133061676650064,0.8270161222636154,0.9580896115964587,0.8131775999046729,0.8357909419630376,0.9472553641092889,0.9437745868828342,0.6964851617193083,0.8586184890585287,0.4992588809430582,0.6743470967719403,0.43108080051250747,0.8298614476477668,0.6750782069048465,0.6316331190620101,0.7160457605900459,0.48366236523581385,0.5225490051254627,0.5543326909722864,0.7331295570479464,0.5922212472892251,0.9321438610595955,0.8587947946103806,0.8316450043147594,0.4308471552778548,0.9952535357610531,0.9649769709497239,0.6808012307870951,0.8949135200551228,0.4336028017082483,1.2020972096766722,0.6871367195579849,0.6391493697397495,1.1478621433253755,0.9688241484101275
229,0.8376214376578226,0.6690325238875647,0.8513164138050371,0.6922344686113633,0.5911659253056418,0.8181986666142922,0.8814879752573159,0.7714548299047983,0.8212064194408677,0.6663002587962623,0.6268333178309446,0.6731395690784396,0.6526420999595219,0.58811611882384,0.48420257349104784,0.6652263703561146,0.4034250271969522,0.44315740618683397,0.5538588606274133,0.5725104536995633,0.6788461518108706,0.8228086885403761,0.6226736622042053,0.8583281164715688,0.3731247036622094,0.8128430485262425,0.8756496968557189,0.6959375477168984,0.8967886187689977,0.412283248448543,0.962140159255612,0.5421180041312854,0.4898436498372224,1.041614927004156,1.0485917005263201
230,1.0224470695452044,0.6962768997298192,0.9519381821583712,0.6763758258910306,0.877056742494551,1.0086974144393923,0.783956254166362,0.8849426925638788,0.9052553733021995,0.644471745631912,0.7192342679401895,0.6141474993701347,0.8182145212730624,0.6335506654673234,0.6149492112064816,0.5138552382757609,0.5060062527150228,0.528481368571261,0.5751576423335534,0.4527914824461566,0.701208083871748,0.9415374074973315,0.679434868516952,0.8661433105513013,0.3606967503141738,0.9072020225622188,1.0206946603628273,0.47107746515580057,0.9198737451764221,0.5688986810072589,1.1860832156834484,0.6635017121819118,0.5135648539859334,1.114561999678838,1.0563404419023152
231,0.7944374004811754,0.7928758329850417,0.6997327358871857,0.716832917806155,0.5856004096281606,0.8794712241179677,0.9865010851491116,0.8457807239300943,0.8587503049092527,0.7180449093148136,0.5727666354223389,0.6670104642338841,0.6747978826359174,0.6502401772964375,0.47001452765142593,0.6563633112939131,0.40801366447510873,0.5649291988479308,0.6997757976355408,0.645342133443273,0.6679428429432291,0.7933356620102183,0.5757318966549693,0.978325765812569,0.4697335936982153,0.8787225052913359,0.8717480635221246,0.8201037852186499,0.9656694114854611,0.4584306795445331,0.8310011218403455,0.649321886718268,0.4952579664101469,1.0252429635877052,1.0768737850925016
232,1.1485641684945067,0.7851866151738982,0.7789208806033735,0.7197680750464822,0.6829516775611,0.844808498672189,1.0137910688714842,0.7431587669033758,0.9550161845702649,0.9181960238362603,0.7420242207837744,0.8394279818658412,0.6955415020870882,0.6573802656139662,0.586314934700598,0.7058048245819634,0.434633182961977,0.4398716040435596,0.7080478817842746,0.6069474328118714,0.7816777897407645,1.0055252749874757,0.603805877090906,1.1016728693880813,0.4974096127659191,1.0240435346493657,0.9234488082782206,0.5935197072708778,0.8526352234275663,0.6097472810828436,1.123729937502961,0.6557764256529287,0.664006989928227,1.0544776097446797,0.9376595182775547
233,1.0222554202884475,0.8071358919227356,0.840592644036779,0.7888106078388941,0.668629334044083,0.8861490008316516,0.7542836411912401,0.6700702877435285,0.8780543536534209,0.7586356691414149,0.7059884076736076,0.8535263169671472,0.7145418194204692,0.6049736461320305,0.535506387339046,0.7208021400581006,0.36147329880964396,0.40321164584713265,0.6009011620734008,0.7508224063157296,0.8198374186257993,0.8345890823201921,0.5775297890349828,1.0159424888472206,0.4251352015307609,0.7763376062214489,0.9760826505415785,0.7207487208950482,0.9220542458156669,0.5320591277288604,1.056834755956196,0.5944452696322077,0.5575664421262307,0.9943029133531838,1.0265186914997173
234,1.1020621695900064,0.8218807894015676,0.7376581420006967,0.8131706177106562,0.6760111639301029,0.8796200909533192,0.7365811355898065,0.6634802125904139,0.9217602338728751,0.7002503585978297,0.8121059575571391,0.4525990723170038,0.7378073191156853,0.7415769590613831,0.6067109419774634,0.6773550435543498,0.42769446870547456,0.3736940270431022,0.5141252445259412,0.6336605367759779,0.9001796588166006,0.8414915481046679,0.7564947921521192,0.7083303576071938,0.4676000407640698,1.0362371407218283,0.9272756773462109,0.6655923576882438,0.8312126135496052,0.3992451347029581,1.0436257728196012,0.8103225436194642,0.5495320997613853,0.9703120735755142,0.9863128482597694
235,0.6909143210593374,0.9738260809748851,0.8848182905388126,0.915875888057486,0.4634139905794878,0.942626000345981,0.9621052241194641,0.7997828533386468,0.9060185212495662,0.6746359940370967,0.6119958449862964,0.6562687701393386,0.8617578208176044,0.6405838090065363,0.44161408239028477,0.631420032723208,0.5014638764693703,0.423340350133037,0.5221227723447257,0.5972687511471363,0.6141861596375122,0.932454239990997,0.8100683180385728,0.9084357880604321,0.4925497130984396,1.0766319421998312,0.7846941544694219,0.8025983486773147,0.8736471683869456,0.5418582356953839,1.2778706509494557,0.5181758786532258,0.5082765888814174,1.210404180832366,0.8834469264120437
236,0.7606300390703349,0.8056277390762371,0.8434659677915082,0.8162451764781291,0.44043565913001276,1.0718442512584365,0.611744095776103,0.9233934916528918,1.109362868605915,0.7035133297198946,0.6264558159242171,0.7214419718987353,0.7840093537907012,0.8361599406741379,0.4249278737220651,0.6019626138449392,0.49614569688172083,0.5559387967981471,0.7063884957939879,0.4949345342331939,0.6100233230766633,0.9141645705865987,0.6943421235047375,1.0091475078501366,0.40652622291839235,1.0572106974669422,0.8842257550940772,0.7150631581670587,1.0002044124386205,0.573431670888269,1.3890257633226821,0.6637397936720824,0.48697553379444736,0.9753840669925249,1.0648409547253048
237,0.8502737809717023,0.788162158967868,0.9238886191171392,0.977165185981611,0.8114811649521931,1.013117364138513,0.7018639881230045,0.8242367589001741,0.8121425982914234,0.7275678348913448,0.6673884710802971,0.6454223456452548,0.8945499727813788,0.7995003442080557,0.5433978027519482,0.551795093707078,0.4087867381157393,0.4098445710853385,0.5951167810551643,0.6815535575017166,0.6922681496973526,0.9673563486622763,0.676699710061929,0.8291496268105014,0.4780512153508323,1.0428637163471786,0.8120284551486259,0.6992597128946281,0.9534808670288776,0.45955162644448067,1.3282711289479028,0.5863477712303249,0.418844060908369,0.9020317080825442,1.0477556135880102
238,0.649108367278733,0.7588517512282821,1.028236253638702,0.6932711273076371,0.8447960448537128,0.9324219556456295,0.948528256833666,0.7874718909444101,0.8776906358316036,0.8044116056422643,0.6932250966071041,0.7892034363048859,0.7548269208575196,0.6588254647002272,0.578543281458866,0.77956218491063,0.47126292406147746,0.44001563710251984,0.5449482466174744,0.6592353098904884,0.7115233233159886,0.862858256756942,0.9218104311727637,0.8858466228499485,0.44324426137314105,1.1072602141821282,0.9026103770397607,0.6085670843481223,1.0544998618838428,0.5049647022359872,1.139758502412959,0.6751850934347605,0.4530284618025071,0.9724370910240379,0.8988148729936529
239,0.6926057180771266,0.7056788187021373,0.7238910814694217,0.9573180033153607,0.7689477048523827,1.24855479794823,0.8613524114965193,0.937397420957442,1.0221151989330668,0.8183660952114171,0.7465953777308466,0.6344593437154987,0.9651357972842829,0.7468784495150835,0.5132395024959029,0.6264510868822861,0.5673202292498012,0.4567426131368695,0.6024034609973669,0.661425302017895,0.722335128936386,1.049149427569422,0.8150307880041412,0.906906691183452,0.4955885893145986,1.17594327145334,0.8771221490558554,0.6207083243883065,1.0649194405194948,0.5111218749763504,1.2276556781128272,0.5212732692085302,0.6272687568973463,0.9066914315663472,1.0955709315514928
240,0.8511128538267981,0.8710025573018687,0.6395818000660383,0.7088773035877902,0.7757141929676308,1.0016933472300904,0.9881375594731138,0.7154020193891224,0.9680761891764447,0.8259031623780413,0.628038732758972,0.8226344095796484,0.8556698803489327,0.6448213539632666,0.5810880007315029,0.7841047586203695,0.5203695441073233,0.5160402547602714,0.5959337095661659,0.5952372950009112,0.7562088509116542,0.8396576433452022,0.6909657053778944,1.1189061374005815,0.4564554776264308,0.9504514310253943,0.762936935746279,0.6074808104867797,1.0849833624651324,0.4999277969346235,1.1777580007100212,0.5854116379579647,0.38253720551694903,1.0357899152221992,1.053734380778394
241,0.9359882114976966,0.8707334991830046,0.8157021489103043,0.8260870057468886,0.7499989884067709,1.1489787879715423,0.8410942283927112,0.8138347082625216,0.999699347341434,0.653971310657192,0.6838733490057035,0.5713243215247472,0.8122899608067131,0.6599513562832061,0.5765461405235456,0.6023834474792183,0.47854362047744187,0.43863003684486,0.5594071532950604,0.6473121930183235,0.7246718887201904,0.9503816448863431,0.8177240571574915,0.874486315735266,0.485730071286332,1.1027148493864805,0.8309835515984998,0.5289826812775001,1.0151263049620032,0.4412472645439559,1.2828879624558223,0.7140152490750684,0.36670665503368477,1.27481486076826,1.0706504697953638
242,0.9827606901428081,0.8120359336690195,0.7214363968701059,0.7904493708144704,0.7789614133216172,0.7123108071573735,0.9552271769124331,0.6680015621286683,0.9166305050787686,0.770318475243563,0.6084854809153903,0.8258217727234508,0.7218924452428555,0.6072313304953877,0.507681371021083,0.690119701530837,0.40539457738091234,0.4476632985683613,0.5703236523116506,0.6308637445118088,0.811657414648974,0.8380158722532203,0.7193662650850398,0.8637051724567573,0.6722374676755889,0.973876073746098,0.808565752591102,0.7063017917253549,0.9514151745947954,0.5837222591239198,1.0592301470425352,0.5991487626531353,0.32855641824513804,1.2666500629394428,1.0485668553258698
243,1.0250546137324015,0.8653830031066303,0.7746397002468872,0.6739840223996021,0.6336140891067499,0.9786056639098544,0.9403861775204843,0.650005159574216,0.9938325853709509,0.8021766162873101,0.7969228437136181,0.8534774429525732,0.8562926305062385,0.6639812370263988,0.5909279080056978,0.6244474374678592,0.46526426569311297,0.4826784142777004,0.5489259289090297,0.5800108292985743,0.7165916579973064,0.7516303785950396,0.700972609159075,0.8617466249081434,0.6206284515893932,0.9983973638964819,0.9857900188924271,0.5611462334938169,0.8094472763075398,0.6248293622061405,1.1568724107327895,0.651491760015465,0.3553531347385867,1.0815281734204087,1.0846209350016829
244,0.9486109515768057,0.7475062803483072,0.7521784578745094,0.6459659607143677,0.8744629092419751,1.049445441234142,0.9823231012452415,0.8218117540432408,0.9564672119673556,0.8275468762493975,0.6091147956790132,0.7140040254396457,0.7827003477182557,0.7387959937526688,0.47762201533732096,0.5655090498518971,0.3743792254333905,0.3862410460439182,0.5935047603304435,0.5575997982838449,0.588341511473613,0.9289401282478991,0.6768087369307001,1.037554780568388,0.5627963657661268,0.9765373236429281,0.914378662411097,0.6022114652441454,0.8987312511561267,0.6335361455606823,0.9011718352254386,0.466875078964175,0.5062827725809167,0.9430174261747412,1.0068396533166972
245,0.8258126827657031,0.77617764832825,0.6681063473118631,0.6466073942289984,0.8179862880463504,0.9146703286138923,0.7874149833588933,0.7071192244044522,0.7482341683037401,0.4999752758934337,0.5856306731248879,0.6983545723341801,0.5904661197634133,0.5803954118940556,0.5543430721271588,0.5940887959030734,0.42017701153160014,0.43542279018439944,0.527369954805053,0.4997425448911257,0.6980171915870613,0.8879162471341341,0.7275006865937719,0.9278856035582869,0.3836485200744043,1.029304724642259,0.8472185652003822,0.6135984817906075,0.9376075604057241,0.5327415262268553,0.994647389193869,0.5911791408875465,0.4383975623471275,0.9814669020536365,1.1679588231328784
246,0.8183582279244334,0.8425657626431327,0.5263489303304798,0.6808712258547045,0.7760657043169844,0.874409033340385,0.9798375785530916,0.795565226692101,0.8959875911036663,0.599206839856565,0.6448777999082482,0.8060533494169716,0.7417584675031197,0.7184633338103168,0.5595370366519326,0.7816985634608191,0.40899953607662337,0.45631056860620717,0.5979227206063709,0.7059451552296784,0.7970797142485525,0.9003207383504568,0.6506983157572218,0.8682868335567546,0.578598557577647,0.9695968636683089,0.9508947181394636,0.6513491999673182,1.0932313946194425,0.6010618921102023,0.9277462872421394,0.5247143029253123,0.4207140758683489,1.3066319360701297,1.078764404025736
247,0.9208166981820932,0.8010944505724598,0.7470766874642567,0.8793404607063697,0.8379017891725011,0.7867151261691829,0.8863569935179607,0.7886135548797778,0.8113950521778052,0.6643386214509346,0.7161156346353666,0.7206329377401643,0.8622813809485461,0.7200188771470406,0.691016091636917,0.7264924336172858,0.5095733777439506,0.5814646945622939,0.59142207023615,0.5195599944403517,0.8826289701010379,0.9591027160364329,0.9078627101935344,0.8636901367091324,0.48030613195628763,1.115197206246289,1.022793956045347,0.591708574312127,1.0450539078839962,0.4767604396502185,1.0985633653547247,0.6239300947883517,0.37055579363727315,1.0935225793769754,1.3052208838269557
248,0.8785215096741291,0.7520616249989377,0.73350972599738,0.8809204239348957,0.728743164379262,1.0508643286629111,0.7666686567998675,0.9672236028848565,0.8881647832361163,0.8658641399757127,0.5589798573350702,0.9494384987957429,0.7177246834275137,0.7986295491492701,0.4794223505400841,0.7026825881051431,0.47412590555342393,0.4760804533199393,0.604773213390055,0.6353401451343972,0.7343113625939285,0.9378676567710391,0.8018878486737204,0.9647272129390096,0.5472051005670686,1.0384119705829433,0.8212417156645289,0.5141637646885151,0.8936877951120827,0.510458831053016,0.9698738268395637,0.600846496272921,0.37553946721625175,1.0806231927612748,1.1189265816431644
249,0.9357805655993605,0.8449081056003109,0.7793029518615576,0.7285678203543154,0.6371908153110428,0.8246440792247554,0.8862172403173488,0.7671648857557916,0.9748380474176597,0.8687383595986602,0.6308615748946333,0.6314467959183443,0.7488462647541838,0.6295774405380512,0.5206724138609745,0.5742257534289389,0.4289820601921138,0.4549696851517522,0.7314743087178759,0.6141546601839128,0.7760097307682512,0.8666376406024034,0.8129198363604951,1.0950551894814395,0.518761639851663,1.024289909073127,0.8413319947543717,0.5164085833046893,1.0491402466904107,0.5469111261857843,1.1777264212531504,0.530208667887498,0.49045868101237755,1.1248558387791423,1.067148396033207
250,0.767507929356029,0.5803598733907562,0.7004660859866743,0.7957897880414831,0.5773580969719652,0.7602839350732917,0.8278916409181888,0.7489796375124946,0.9924809575195171,0.7562033206816137,0.6242663714062355,0.6143306621705057,0.7910505372598114,0.7344543697259844,0.5714104394798234,0.5470662322985983,0.5031843678207125,0.40552179469584654,0.5698865867936749,0.46199907973140286,0.7480371535848498,0.7353691693004998,0.7264938489525161,0.7967081317196109,0.4364799501426353,1.034182468525247,0.900939205356234,0.42420003348617413,0.8993341212926221,0.5160288723294765,1.0057185489848703,0.5991061402866622,0.4905783897097193,0.9016030589927421,1.1837461658493598
251,1.0292926859836564,0.9687183855110676,0.9156451685361627,0.8563102950136732,0.8164258557114152,0.9081937469644845,1.0160979839099245,0.8299522221890318,0.8101649793532464,0.6722870737090951,0.7592752393706846,0.6072450810254895,0.7820873955473839,0.7416020985158246,0.6859426359492997,0.6497871843586709,0.5725717470270317,0.5130663370254724,0.5123385847224293,0.6440744686482449,0.768013141208338,1.0384549429096537,0.7901984592296467,0.883544968520533,0.6432059628721759,1.075709382498851,0.9047683524904839,0.6430557664068733,0.9372249840434559,0.5518115952087839,1.2813719839870654,0.5927936919259751,0.4612329966166789,1.0837445473447,1.1142254826874616
252,0.9226013925453198,0.9279800342151536,0.7140991841285005,0.844017147706468,0.5745477408111812,1.0417369804183356,0.9483588926111562,0.8472896287845194,0.8185040550994869,0.718342798853242,0.6165395564308654,0.6929024642238135,0.7263837386579487,0.8003179642434932,0.5853002960411766,0.7073529365895876,0.45304849934611924,0.569265614235841,0.5570252740706705,0.6785606624050642,0.7791171920224542,0.8154344067744033,0.7552991487629891,0.8815408490930647,0.5090310946808367,1.1099145638770143,0.869558761271623,0.6661471873095872,1.0060776216807792,0.6041860935146112,1.177785894475236,0.6577468767687183,0.4614552463844646,1.0573347257909536,1.1812231621702534
253,0.9665757784509895,0.7422894666575697,0.814157381361241,0.736969795271317,0.6702742466033274,1.0020766845697628,0.9885423931373227,0.8484401483549837,0.7456984097234578,0.8007671895759911,0.6652325395108079,0.5323241762871306,0.7930312063057631,0.6236704073673847,0.5539318585773296,0.6301004252470379,0.4766257636199157,0.5088659211607848,0.6001346045758148,0.6112238240934348,0.7464002733249113,0.9185392687851788,0.7446434426371465,0.7964639675975714,0.6186008766934273,0.904227902273802,0.8961882624676889,0.48883065754292254,0.9994503904114838,0.519233952299477,0.9191780474178469,0.5940396230496849,0.4520533533454903,1.1781868478086008,1.3548407457836737
254,0.9480678401970992,0.6918334761186489,0.7865048022072326,0.7528216725006573,0.5462840137130778,0.800905329880708,0.807296661208601,0.6848669975301831,0.8757850166868324,0.7636386919248344,0.5765238974372271,0.6488681192116396,0.7781747418546563,0.6586937355624024,0.6106014655353582,0.5987782709136442,0.46856040783377584,0.48166538678553494,0.6888514086932279,0.48426556075451854,0.7534961853184803,0.6482276524620711,0.8168642860794524,0.9882936670130096,0.37546281603177667,1.2134349623539435,0.9260371598351289,0.4126900580762662,0.8032459612585561,0.5175601179372908,0.9522159272428792,0.7070961382734473,0.5295250253250807,0.8662609277517132,0.8728928519946586
255,0.9421902506187625,0.8310160845957866,0.9724560275987988,0.900667377147921,0.7697072300663135,0.916075487355949,0.8477715980172156,0.7528512537131407,0.7852922338577122,0.6464677239643065,0.6545978093856312,0.6753217038669445,0.7070334902205633,0.6161888244832618,0.6141589144425199,0.661434284374219,0.4787945422589961,0.41569857139619815,0.4031912356774405,0.5431688718902076,0.7877336359183108,0.8546152968375988,0.7963142105463512,0.848332581852109,0.5643530992619528,1.1456585942246331,0.9806717878781582,0.57579757833301,0.8549464347473978,0.505490493686304,0.9332855871544741,0.7464677546608781,0.38625329680468967,1.0294065160985832,1.0259935551787964
256,1.07528649947215,0.7689387132148898,0.8808052062909228,0.7074761520419108,0.486119498377393,0.8680488366364474,0.8191988989221394,0.7264864512917968,0.6462618104598371,0.8056926114479075,0.7039025458797424,0.5280921328528582,0.7108926117269208,0.5017606212449466,0.5958938476044229,0.725301365510792,0.4626454833983751,0.41855067510731303,0.6666871694743752,0.6187859831264175,0.695318574811348,0.7434438720737668,0.9445167058093218,0.9732912568374801,0.5797577062943865,1.0055034143569246,1.061055538571079,0.5662014499311316,1.021749326075998,0.5063678224708559,1.1062330697023433,0.5940271193171951,0.664275353525934,1.1406467768162036,1.0591029654424229
257,0.896512769046955,0.8710184414041766,0.7577411825861672,0.9324234778899797,0.6608688571000374,0.7994447726593223,0.8505227836283475,0.6283025662285548,0.7991834975115578,0.8746943713833892,0.4722056022183764,0.7700283584393375,0.8935520031760182,0.5610536775836363,0.4881207659868722,0.662278253930544,0.48588544697834624,0.4618487663776881,0.7039957584720573,0.5929306892551898,0.7703884660888392,0.718451356229259,0.8937264343108844,1.091163017552312,0.4858509822224699,1.080827019058689,0.9537480175071515,0.4930009448241685,0.7111208501789573,0.6454090405518528,1.1897274066633345,0.5616465915126192,0.5380785305549337,1.2795424682362735,1.0538834597234308
258,0.806014256947983,0.843549925044728,0.6960734824065088,0.7912930169137791,0.4989635324743913,0.8977631781332597,0.9649947954956235,0.7684351036818531,0.6432623794815294,0.619847667237756,0.6402929864685277,0.6067793920093212,0.6298923130115863,0.5304189802197175,0.5032466823492233,0.6709533676736581,0.39989895029832,0.4924313870389523,0.44701457740283435,0.6511751679411626,0.7782675652366899,0.7918724232402949,0.756192677676975,0.777109267095917,0.5170322612015754,0.8761933292160746,0.8318073800342092,0.5226150724742568,0.7691913871600053,0.5262124292277384,0.9315193222009005,0.49863004360923685,0.48452020896250825,1.182449759084762,1.110506707939602
259,0.8933019629297503,0.885123184031638,0.9373485804079789,0.7726033492523889,0.6218354146175568,1.0700498354853685,0.958361693720805,0.9439675040960158,0.8371091601682286,0.5553293069303629,0.6986295326017588,0.6812397650451769,0.8426863519679546,0.6993919341153134,0.4872720335781996,0.6286438842350394,0.3780883854277517,0.6311284992374928,0.4951291601867587,0.6030226959368418,0.7284432458504895,0.8745944953815147,0.9219664491288815,0.9844814218530463,0.6033236589512262,1.1133900450645917,0.9480936212354687,0.48848038164518903,0.9483589269160435,0.4165393370360072,1.1347590063925637,0.5743888113542459,0.4555215736040241,1.2854862742373987,1.3169614281301267
260,0.8256955195508222,0.7802298648447239,0.8417848589273674,0.5448659629750663,0.6585573423618627,0.8036567744911688,0.8308407816546999,0.8186548714779229,0.727111243065747,0.6203844201334279,0.5960316847649021,0.8150620277986313,0.69380483420942,0.6184661695663968,0.4989017411187612,0.6414394364519626,0.23676854664587893,0.5266568330484611,0.5520071755216238,0.6339818092059286,0.70854050677741,0.9124151509794729,0.6117246022079456,0.9523808006924006,0.5750484319618617,0.7671678765025463,0.8781595815578109,0.4516429822786497,0.9347765545037371,0.5669434393234811,0.7095477380707621,0.4979125528355428,0.5765105871992683,1.1680403865756595,1.0253206631774816
261,0.9742628408998828,0.8660908562016001,0.9047425856350246,0.8788765356345938,0.664225423005674,0.9208643504849479,0.9433012353998647,0.7608105333806853,0.7389005429234952,0.7348056514895942,0.6077116794179926,0.6414073928162143,0.8858773782175181,0.6778335486143973,0.5668714827291589,0.5995035449216515,0.5239036450007459,0.6072307252253294,0.6956552493574695,0.7807220819464868,0.8210114983618448,0.9722906886585918,0.8612978463275787,0.9710852058714347,0.6389513898557153,0.974599327220398,1.0490022919572866,0.5765961173169669,0.8791636336235342,0.49034855230759256,1.1989687010452967,0.7097742717819608,0.4799922845885909,1.2489146195368068,1.1195205775247468
262,1.0537974261043497,0.7470261182201285,1.0659873465254712,0.8594108771765852,0.753669874057843,0.7109489165127342,0.8856939942988288,0.7948573869234938,0.6393777678085123,0.6403944773104777,0.6763487207586233,0.7514569892071001,0.9292970264708773,0.6537041509471588,0.4646506990311884,0.525644329211339,0.5179742943491616,0.5823743686074955,0.5602490343396369,0.49073272603440277,0.886583088685849,0.6487504694024533,0.8204913101726145,0.9817721888478622,0.5819500954964592,1.084020018454212,1.0446823643305714,0.37831097130927244,0.8799913991220321,0.6301750960674388,1.3130408581764705,0.6866778509898461,0.4910027662647042,1.1947310662664896,1.1217322433474126
263,0.9481267770957608,0.7509158826792952,0.8017360539482229,0.8094592442115885,0.5625064770071487,0.8218486331972221,0.7787000482019228,0.6955524243444295,0.7519975616699712,0.8256136764744824,0.6872084062113257,0.6858162537653607,0.7359183748315248,0.5382092578067293,0.4443803926062587,0.6346846677353297,0.39833284660591123,0.4991411347895659,0.6798482268410648,0.5183090482386618,0.8310657586534591,0.8345697766122521,0.8312274045602353,0.9289041088084635,0.6905091548628481,0.9723767781372427,0.8070446979034271,0.46159540292832196,1.1152345660110745,0.5207188169393473,1.0426954777957875,0.610576062673023,0.6429743047535064,1.1721788810377392,1.1177713400486624
264,0.7777884433182831,0.969816303839686,0.81646828497274,0.7534575611447974,0.7313989517582478,0.8712746454089656,0.9918739848335643,0.7457633316249971,0.5882986435117508,0.6213510122628504,0.7213262275634409,0.6454612155760437,0.7901074688869771,0.6147559163164131,0.34183697303095517,0.6575960436969759,0.373910558454864,0.5122036529939165,0.5337340005234468,0.6296573250460286,0.7319517202151626,0.9047274363385103,0.6533008070061382,0.9050007595027812,0.6724346507460456,1.1001292554926554,1.0299259779812506,0.5579236051771228,0.896232415647654,0.585130647757999,1.1601150833354086,0.620051115707069,0.4830108465988262,1.363103324620351,0.988051450964834
265,1.0769060406300184,0.9044516672949621,0.6377000454771651,0.6864774221503327,0.8650330822147633,0.9977614650935103,0.9435385875454894,0.8286459166565252,0.8248121773170511,0.8519964526251118,0.737982813094952,0.7177970777029845,0.8234311417769309,0.7537787518333017,0.550189194023011,0.7186734122773267,0.4461441369195998,0.5046461655677308,0.4390301111000139,0.6038357264403668,0.829808719441694,0.7221547074581413,0.8485374248666848,0.896741109140844,0.6938627584527073,0.9335212794079938,0.9746570750169978,0.6182196763993837,0.8860882554450733,0.6755982907968276,1.1872703746712614,0.5743034251001229,0.5643807396979117,1.1916867968575071,0.9750314596711049
266,1.0432290932047745,0.8544739780689827,0.6859729080265742,0.7824758993272038,0.748107992275171,1.110594729650082,0.9741950462831506,0.7041759845920879,0.9835945049749736,0.7599339862950578,0.721584696321794,0.8396427700617378,0.7712938697270414,0.6499537258614201,0.5274867733982238,0.5787394869733802,0.40563668044438905,0.6387191979440343,0.59017980947369,0.6317886002681474,0.9453841605725781,0.9559562297343549,0.8800862586595886,0.8975353898251588,0.6408375405864254,0.9802636713904043,0.9374054192039109,0.5258257511120279,0.8291360556799827,0.6640565631507092,1.2633588426864022,0.6715739417531473,0.5160321196506058,1.1943376636310694,1.12457177517164
267,0.9707434846763685,0.8098655687166055,0.6227171132903301,0.899989008614583,0.7853664352865033,0.9769757771714536,0.8257669281765458,0.7813073813691089,0.7073355135211805,0.7357750116382228,0.684769022159459,0.5818968859976079,0.8397965152157811,0.6618999130541354,0.4166102571778329,0.6207165516590525,0.4536094254714844,0.5824036307711349,0.48282522040204723,0.6075126833849894,0.8328167214435696,0.8837679589359211,0.9604307510095756,0.8894272506220342,0.5035270986173344,0.9878249730593133,0.896367305079772,0.5172686245169447,0.8617696867063456,0.44960046686690347,0.9871373112291781,0.5678457089670058,0.505963530459678,1.1210362962251574,1.0730792879581437
268,0.8731012631197641,0.6925567402072235,0.6938079584515187,0.6286583733587173,0.7136026177009746,1.0524778945718198,0.8038408957265648,0.8806522170180654,0.7829625651899755,0.8431793207142042,0.519808491641842,0.7818999161906219,0.7722218001454907,0.7390154854975339,0.3372832591804045,0.5589817994244917,0.4711909593931525,0.5589664751070549,0.6527888490421538,0.5782223835915099,0.8554830733278889,0.9760519934431029,0.8774615818559862,0.9667138440478269,0.4161113317441282,0.9180667570341405,0.9326593088730288,0.4403928541623721,1.149034263636708,0.5580662563386557,1.2378214138015655,0.5392951813843085,0.5051312442200893,1.054050671718323,1.1664837625123576
269,1.0093600196260468,0.8865991857524126,0.6094312906747523,0.575144967360311,0.6860195636068696,0.8131054896159591,1.00613368574035,0.8086187344392448,0.7319187214791157,0.7250205951954906,0.7090676510396978,0.6230180207847095,0.6212821015335486,0.562937361442317,0.5676396643680397,0.7118005362027191,0.4474953088701579,0.5117552872957687,0.6544234756487546,0.6904357209428085,0.7467838652804413,0.8301002072946753,0.7180023320855718,0.8921567993043547,0.6499566064866782,1.0150280979825546,0.9470128736535846,0.473463869154249,0.9948680135445532,0.5331529325395385,1.1611259026288843,0.54796861031047,0.5441212066348968,1.1299821862072985,1.0518215324263038
270,0.8191102270060686,0.8654817114907736,0.7141921390085726,0.700046107089688,0.510528769334943,0.6977600388434061,0.9883619573693209,0.6885502711412194,0.8121981739881579,0.7002258987213039,0.5868557394984816,0.7270420825400199,0.7574053257678319,0.5835622309179987,0.31879809590807784,0.6968486849875284,0.47663889882153454,0.41729892702679217,0.5199709163533639,0.6231453449152793,0.6800961777656529,0.8107501592554319,0.9359603658464302,0.9296154448140522,0.6006818458044428,0.9450196437627375,0.8609244618054185,0.3953878821828545,0.847363176153139,0.5616317791577257,1.2192167186688017,0.49037973822760184,0.6757201918619755,1.1225663344431025,1.0543578725324771
271,0.8309968856716802,0.6476745118260605,0.5218584131906433,0.6691514806153984,0.7929004465053702,0.9252222099726797,0.8506403793077741,0.7415892298524289,0.6104423528595366,0.7351793394482875,0.5465768084974432,0.8176482441195877,0.7189096729723812,0.6287451897489368,0.5433075646801485,0.6437835150957039,0.4725394153097878,0.354592941905264,0.6627413168932752,0.5346830264025483,0.7387792918686162,0.6794534563692346,0.8272536101119173,0.8784924860645611,0.5495762983211453,0.9565900119952266,0.8772981550846859,0.40561697313509926,0.7707082512066786,0.6329855661756505,1.0398351084734063,0.680359844425346,0.5535219788977317,1.0219060177367971,0.8344473035929673
272,0.919068587339932,0.737804730065212,0.8106918091886786,0.731263469916795,0.7911561277496993,0.9101372248821586,1.0369039159489144,0.772424715266582,0.8679377618324302,0.6893318519239817,0.6662914009000895,0.7432490977924646,0.8994854759240583,0.6843720921795249,0.446002379286682,0.5351504919655872,0.47099880785190296,0.5946409991084127,0.7000248605509167,0.6178740325324719,0.7929588033777484,0.6880942395891222,0.9763980964903165,0.9287069691521986,0.7951084385719681,0.9804655519027973,0.821506763719375,0.5586960460693258,1.0699890416983848,0.6278012121114631,1.1359422388475136,0.5083500520847624,0.5666435795029521,1.2665040407243224,1.1886987823608928
273,0.9808226086550351,0.8106372977139208,0.699459969896413,0.6845580639048692,0.7096341750875045,0.9502117419410818,0.8425856581973079,0.7436954746160345,0.7525286517235228,0.5186831217191676,0.6739173069248827,0.7799969012728178,0.7502942009220805,0.6745304867347045,0.5030389539802762,0.6070913508827813,0.4186638455681285,0.6548403818495443,0.4444366005887026,0.45154042051974325,0.8685005739992573,0.8404936367642466,1.0045650547001155,0.7773943859517034,0.576394235897707,0.9350211820979758,0.9881548713567997,0.47270450101577627,0.9491317775899822,0.6125498910121527,1.0549475008944975,0.5418144273580107,0.47770429503593603,1.1482776106616628,1.0993213244060627
274,0.8203379567941741,0.8278673245297534,0.8994813815169418,0.7168054156352814,0.878678210953761,0.9567708274042506,0.9496298676292989,0.9551632698447985,0.9570840544265908,0.6518390714638952,0.7082560435409542,0.6766861994401524,0.7550838125849927,0.7520780998494874,0.4026646550666333,0.5786876463834274,0.5259990394343228,0.7081755066767996,0.6014709168650625,0.591994276611542,0.8361345902659625,0.9110415220522038,0.8210740136324837,0.8982615275130947,0.5368554428898527,1.0201087314782156,0.9029066892315535,0.5897986253819879,0.9381893534977443,0.6358703128081733,1.1705226609959558,0.5387121291651885,0.49936826580159976,1.0957185087841999,1.3170574975042209
275,0.9111249741588666,1.0171601444704503,0.7409352276047376,0.7860365635068253,0.7332808423373631,0.9237648985232342,0.8386551039074206,0.7999601810080104,0.9515551487330994,0.7721927501519685,0.6179243314997155,0.6588154372579984,0.8361482961072526,0.7635389689192553,0.4103967128940452,0.5149903608358772,0.43670722572926834,0.622616894326016,0.7251989915016934,0.5946737447484632,0.7870058023828557,0.7272793739342575,0.9711807116466122,1.0714908469403928,0.6312524478340262,1.1440999435338366,0.9923125529843421,0.550132391417811,1.030799163514438,0.8640730389705877,1.1560579833235942,0.576081686546964,0.5694931607721223,1.2592466997838883,1.0019559207114972
276,0.8732762357350234,0.7982174698227893,0.6567395196075462,0.8607225502449564,0.7655866744019927,0.8891753209436849,0.9112878863316511,0.7268190221631514,0.9126259559749308,0.5098359643721103,0.5528670646165068,0.6574278264018589,0.8272478483634543,0.7627384724337783,0.47437886196055645,0.5139279874913228,0.45119032927771663,0.5724736648119592,0.6667854309759482,0.5574192510679038,0.8088314354913637,0.7090917043936286,0.9864103248709394,0.9170805984880821,0.5474016687142242,1.0136166005364196,1.0378848228186217,0.5695534876793238,1.112876358120514,0.6455091325924718,1.2372065433341954,0.5863834243637669,0.5035919504874065,1.0793127157627727,1.0939068490887063
277,0.9506824240201883,0.9604415975470355,0.7394094613861815,0.7087557097652678,0.6122244311823981,1.0750762572135013,1.0959412909845052,0.9683508051908487,1.00422577455118,0.7671024814097123,0.6151146775324283,0.704316664685797,0.6895549851355403,0.809599235825945,0.4018718891957974,0.7138734076699095,0.4321025573143098,0.5741011364435809,0.6570663600317916,0.587280973050179,0.7365171270131818,0.7698017464800349,0.7818949808008597,0.969625477713749,0.6376669279870933,1.0064527730901327,0.9670140187994124,0.505923081232589,0.9822597132749301,0.7018415473220652,0.8946592634521844,0.5414497508968243,0.49263385671732607,1.2982649755107074,1.2381668655969005
278,0.8699564579840715,0.83275403353239,0.3973914267371951,0.6915610092167406,0.6160783031818247,0.904823731813992,0.9861622579550077,0.7557233232580096,0.911952544439493,0.7535202175227741,0.5606193662135164,0.7596753447772746,0.6658058287010411,0.6324022264876065,0.4913320863869394,0.6794584641209229,0.3359767123816781,0.5106137543330218,0.5454576894337487,0.6296855182494379,0.6471033336279984,0.6116300298164596,0.944025999252653,1.023809837425024,0.4508135885424448,1.0011037698965253,0.9317283035212991,0.47423849347363783,0.7806805026684072,0.7672903571728741,1.0346329700982262,0.6360108698706057,0.5786921982325448,1.177672741549317,0.9854380225321864
279,0.8613048344388702,0.8077656774758011,0.5570223859990497,0.738928820009429,0.846885105231461,0.7961298791733515,0.7497566209354,0.8169499396748483,0.9357715995672417,0.7716639414573434,0.7187760382211306,0.6403268309333771,0.6596386509400164,0.6985521092321303,0.34031521453456676,0.5789602666889629,0.431505036640053,0.5490275970251556,0.6806713902837541,0.5176430870037765,0.627784696595518,0.5564722170461438,0.8482584638022215,0.9372942947382006,0.5349499491861562,0.9726073231034704,0.8321635255168796,0.44222093962735753,0.9707099880071348,0.7957432983031365,0.884978817316142,0.49224908886345015,0.4496599361444064,1.1846039771091383,1.0650991710191595
280,0.8512172066271477,0.9232260543570682,0.7320955543812604,0.5611201582916386,0.5860047836549178,0.7462739925159987,1.059941632960158,0.7094365647683927,0.8686901349854301,0.7210547499041946,0.5252609934501569,0.6664832378991772,0.6243680175084091,0.632776536955063,0.25704386053273487,0.6751610809057824,0.4767345881554699,0.40096047041322513,0.6685129470061946,0.5779342542815357,0.6575033503233606,0.5786961232092536,0.680957499668152,0.8715159896440758,0.5902966621078485,0.8909758204242793,0.8798955535982675,0.4952766250386975,0.8865393285809123,0.7278802397377393,0.9383879199224422,0.44699074569118225,0.5703388928351738,1.1547584394430506,1.2038714160808452
281,0.9463179616245411,0.8359071665321529,0.5820080635263121,0.529186120277872,0.7234933404281512,1.0896661315605827,0.9658091472045031,0.8729103666876594,0.8656724329484752,0.783357427674696,0.6845625475734216,0.6907117378645917,0.6890325284627719,0.7241895241580711,0.40976310656044557,0.5865339794444309,0.45381294577593817,0.494407202693142,0.5380618741576036,0.6460448775523735,0.6548885132722215,0.8477471175391238,0.6996946382963307,1.0302855797067005,0.5989895639415892,0.7509500593147204,0.9364151541517267,0.47992652876865893,1.052053052366269,0.7083131393831129,1.0884971841547761,0.6816511876028424,0.47690955964914905,1.1943355395012167,1.1805997864938274
282,0.8948642008950822,0.8102560194878241,0.6866803930616716,0.6955943657169027,0.8354212504512932,1.0483788301341783,0.961983644783264,0.8376923893545696,0.9715159235376339,0.9676321570679047,0.7748556588614705,0.8394243781061116,0.879745075187971,0.5301893481666551,0.42238622962911254,0.6980052359122546,0.4947995631105903,0.5745866240773738,0.6931081143664589,0.5480269139924407,0.7323990896793624,0.7977650537471684,0.9683791074041432,1.0723661480760092,0.40729508786545443,0.9579489541457226,0.8960977978555391,0.4288328782360067,1.0537640894588525,0.8155381859915597,1.1664229892916453,0.7230863329478816,0.5377797235249657,0.9599060591330297,1.1981537695557831
283,0.8644635675151564,0.9349584689276798,0.8157337582372381,0.6429153245245754,0.7922424387709186,0.9443419815058964,0.9324806801332772,1.037168926932324,0.9621907824159611,0.5654400779533356,0.6352461023369443,0.5701151871738033,0.6992354977806114,0.8393107219471935,0.3752770831748288,0.5999193227782171,0.36513053584979904,0.5482736652353228,0.5167963272140708,0.6014574692283837,0.6885740855261051,0.787040775715587,0.7045203364690406,0.8536570433994909,0.5826660294806129,0.8551862203869675,0.9211876630804992,0.4801765956737112,0.9747387997870678,0.4504258301221411,0.9047686755996263,0.43824108462817235,0.413928926437083,1.1161796784038314,0.9196034177456304
284,0.8153288875814693,0.7255308890459334,0.9915489887469863,0.8844367471915279,0.6039226379441407,1.0287275748059048,0.973786963769115,0.7426430136700428,0.6795410457241549,0.7935806164753995,0.6733446732641802,0.507785259395226,0.8198572865454627,0.6082834060686453,0.3681126892608173,0.5826202302822798,0.5304678965980592,0.4606081576481554,0.5066756836326707,0.6050721279014447,0.5343967784492131,0.5904634384338892,1.0067239924310143,0.9123266526666111,0.6089877916433136,1.1996458399578243,1.0505705469385433,0.40321206167546303,0.9586345828071302,0.5238207800484613,1.1855866976163494,0.5934029509547388,0.399643122929155,1.1839068372428945,1.0266083329191373
285,1.037293863269101,0.6896904674358496,0.8736862612439147,0.6470437505898846,0.7427423744306387,0.9354973727496539,0.866740634442594,0.8755340200891601,0.8361148881651196,0.7322726263016595,0.7844788589425712,0.6351585973357419,0.7181339449712985,0.5623570441184789,0.4158983232569128,0.4471292883194441,0.5050272237474146,0.5222732782709171,0.5521845421969722,0.44107142798214516,0.7584555580853266,0.6977090299999369,0.5957433563631914,0.9231805211220115,0.44186152065894396,0.8807754625245136,1.1010101292474594,0.44381336438847996,0.9483172482592905,0.5622955220013836,0.9300086367658462,0.5991917611113757,0.4944703368036615,0.94311245727337,1.1374848330897025
286,0.9801305932323119,0.8119917186502785,0.8482959250391172,0.6842973088980235,0.6294292212314779,0.73174908078111,1.026077890190152,0.5626707643856486,0.8245791524824755,0.8265523840743824,0.719127148671197,0.5511850397635347,0.7841507489711509,0.5984042164354146,0.3535312218800545,0.5514302487614131,0.5118245795305892,0.4809430582407039,0.5662023730977378,0.5190695706181863,0.6191298385553028,0.6761581364690168,0.6832875335673342,0.9154538417339365,0.5961722175799776,0.8259772457632197,0.8420012386262583,0.5433091575121233,0.7666931100983272,0.6132877651662055,1.122823105455381,0.6000363021359956,0.5201552115454934,0.9907574428704624,0.794463130155483
287,0.9281158278528603,0.9254808986621632,0.6507630487950646,0.6369744332824456,0.7733516468871524,1.0373148692619956,1.0398363350006337,0.8403425419182592,0.9114764414454708,0.8506743452249986,0.7971472515287112,0.6558287460576258,0.7238493776730222,0.7129023704296471,0.33602360430929873,0.7672501191382468,0.5049072904398999,0.5468921123044219,0.6657889859258694,0.7106836897943805,0.7133946140213381,0.7000838753133234,0.6944978000802917,1.0145972973195416,0.6067024606294859,0.9610893740635056,1.1139909069878446,0.6159012452186335,0.964784550931528,0.5890165434569872,1.077172719972095,0.7160646562936971,0.4981232432418719,1.1565370687540784,1.0966377878361069
288,0.9344341026957023,0.8297657702572304,0.9122053974725473,0.7757602057807989,0.6190825284214538,0.9926280619081193,0.9975273110577415,0.933670359957451,0.8618173018228777,0.6939249301955417,0.5824527993597112,0.7061899681925772,0.7201035210152904,0.6752743064918789,0.3468219134294279,0.6685403042276764,0.4858289751765074,0.6157397147395614,0.5444264856035321,0.6774399098309134,0.774532717904256,0.5728016856860183,0.9111622351606548,1.0048659446231014,0.5232700564276731,0.9746519255743915,0.9482054236501104,0.5556372195901023,0.9361964629332313,0.7013514211526638,1.2133676363761956,0.6712740613300385,0.6214970363231809,1.0893522421503918,0.9817326761233225
289,1.1882746125571493,0.8724974281271676,0.7485447630177231,0.5860582641843397,0.7144272197291361,1.0737165155020922,1.053552549561147,0.7724009059645909,0.905188244813375,0.7416362098801812,0.5585414526746281,0.8014493913517362,0.8070316092227658,0.6445402691247502,0.3456303442924338,0.6782847437824651,0.44360751895912065,0.38865414179096125,0.6761043050462713,0.6990849276413658,0.6615543450556838,0.6526627990471435,0.7360598717957942,1.0369524564829107,0.6611494413835597,0.9206768051933738,0.9933696072918365,0.562341067519488,0.9973369698689376,0.5963759265583647,1.1074180997968825,0.6444277951100816,0.5001467852067243,1.08016731517437,1.0668313489537762
290,0.8159378838463098,0.8743085187704183,0.9511175846575378,0.8440746451820647,0.7092821259966587,1.1642926380577137,1.0299867977221133,0.8952523259184942,1.1866452928075235,0.8786475375482006,0.7056046318528071,0.8030682407811838,0.8858056983036384,0.6937656851076764,0.3660170641055913,0.67959740033487,0.5870266393937844,0.7127547477248607,0.5535158211325131,0.6728846575305572,0.5993028840244522,0.7716924533309076,0.8654500465423465,1.0403778502634182,0.5997113182807066,0.9446062358080173,0.8377646204809024,0.5893125835594915,1.034466071622942,0.6195486818195903,1.0550178966307953,0.6474278942955186,0.4954047391475884,1.130948024581359,1.1954714206531527
291,0.8909619795594825,0.687771644785187,0.94899713552242,0.7448051681149614,0.5629618993969184,0.9600560946322575,0.8962195269731876,0.7507388421657076,0.8642967906574546,0.6886311678763546,0.565448213063112,0.7114427351928851,0.9064695098654582,0.6116486711138789,0.3382631223141498,0.5793391360790346,0.6116092301656004,0.6321541872130598,0.6924832609158034,0.639046366160163,0.6722471801596936,0.72661631209782,0.9742236302899443,1.0608347460150207,0.5242049447982822,1.1213120317597196,0.9818766223330954,0.6311822005513719,1.064244958048588,0.7631670562780226,1.2029727879790115,0.7353074346244264,0.5464487421996086,1.027662013595554,1.1429349727124372
292,0.8980126328824968,0.7581592477349635,0.9031705606044416,0.7226153072912429,0.8044806086441985,1.1001488885860327,0.9323255562071864,0.9829408856014403,0.7656027450210545,0.8508927726701283,0.6706002164236604,0.8763922201627332,0.7356661466503971,0.7935567804364934,0.47456816229158094,0.7144658760020999,0.4987659741317757,0.7095049930651447,0.6013821313734867,0.5966481301471513,0.6857449514315168,0.9114639992943152,0.8275362167095954,0.8807780153244571,0.49886998197031085,0.9466372986172171,0.9602974966116615,0.5225624718083842,1.2012419481259622,0.65490202660262,0.9359649710332236,0.7088731414261513,0.4443366784062597,1.0939359029917637,1.2756724117436105
293,0.9555585541598322,0.6999684453499506,0.8228940860990104,0.6999204400293029,0.6751545282992126,0.9364588713479328,0.9955225909642247,0.7901122689009413,1.0742499598563242,0.9610321691295957,0.7743097702740798,0.8504090299906888,0.8228970361807089,0.7474182357498238,0.4807114550280578,0.6692274797655144,0.49457064517424915,0.5389553351173462,0.7284429136374297,0.5887930305556248,0.7557460624185481,0.7329453290046732,0.9258403899184124,1.0300650565289133,0.5234736886399219,1.038109640132718,0.9761132799057846,0.5189926508918663,0.94942665772017,0.6451138691061047,1.141894832843247,0.7289304815575125,0.47406087751559645,1.331286363755038,1.0716797097355304
294,0.853407354134904,0.784904582747235,0.7946756107818157,0.7633417703859788,0.6007843130816215,0.7019686035001038,0.9916279518676998,0.8343292271471754,1.0146795643634972,0.9047397318561821,0.5608158581516623,0.82428246966638,0.7156416647899625,0.7504905725574693,0.45511900415288875,0.6489896072558109,0.4189727150002651,0.4928810055265819,0.731196586208589,0.6691634064456572,0.5174817284479936,0.6990058732369209,0.9016845366734647,1.0316009959872159,0.55457775086742,1.2113087817720323,0.857699230810842,0.6536653543437259,0.9728913814819742,0.6785115685531823,1.198295400419552,0.6362940165404742,0.543304418111701,1.0808518654546808,0.9956329841253115
295,0.9520208915852855,0.7702860590335745,0.7744487237693335,0.7943398810471425,0.6663103743407824,0.8756999322239394,0.9465428840281571,0.8052622760735509,0.8016989180045913,0.7656518171090321,0.5796995214994592,0.7706555356557212,0.8169429470921082,0.6209758808726558,0.5105077831434274,0.656363812210851,0.6073710442680961,0.5359320258902158,0.7100882975879668,0.6192428504501271,0.6240944688730689,0.7380602625439903,0.8340148582460036,0.9709679522797222,0.5149990653635584,1.086274988680883,1.0813571656278005,0.5322464791908436,0.653573340352678,0.6652973732768614,1.0750943412818357,0.7237748768807315,0.5172738229359135,1.2447802665712633,0.982324655126938
296,1.017536745437044,1.0330605886875688,0.6000555208894901,0.5701190566876146,0.7322618448122832,0.9284159809402405,1.180598894942172,0.9051431455650686,0.8746394979107016,0.7635488031461839,0.6177972533891662,0.6174921555679203,0.7486359655431358,0.6969675970023297,0.41387072526884816,0.6897296121462215,0.37979834954730995,0.5450639223047185,0.6288706548439151,0.6239382186077527,0.6470071296970911,0.8347115799960854,0.9972065442448281,1.0673578700198736,0.5824853992261705,0.8219059768992205,0.9410628917688539,0.6068042000335163,1.0704040116064446,0.7414121949765111,0.9714081486271097,0.6326274347051484,0.5320628995277845,1.4080891289005,1.1531155769589985
297,0.9669053307879251,1.0433123244692568,0.5319097638850295,0.7203646305040844,0.683694163591979,0.8766938458643141,1.0295749121761446,0.7570007839425139,0.717402385349776,0.7418359495116448,0.6732440196895699,0.8424616433974803,0.7519573219046957,0.5988641581274244,0.55349754886288,0.7093132765545342,0.5000265054826643,0.4492581104777197,0.6038621524556358,0.7667535978669068,0.6264214390519393,0.6465577487967415,0.9253035702302741,0.8509420498310416,0.6212019368018912,1.0548346795872932,1.0249225082682298,0.7502983378059107,0.933106803752697,0.8247748165478308,1.2144751319126883,0.7455683370669897,0.5803156306737007,1.2967029800097132,1.0208570052039558
298,0.9597371418262459,0.7399957053474249,0.5303908108379081,0.6688672715108743,0.7328425432183894,0.9589779245475543,0.7999324832352013,0.9135944097097364,0.7670251820537365,0.7236780192043221,0.701041031047145,0.7282272935183206,0.804839398272496,0.6816136734081675,0.5422314252966173,0.6118928246604778,0.42642707914953915,0.5539091518383672,0.6171956505681462,0.593991588583799,0.6542974368820613,0.7662276779875223,0.8212732774640842,0.976582260163013,0.5073963393785714,0.8500975017129171,1.0612344508565998,0.48491109019017176,1.097936617430166,0.6730258890338868,1.111019901464042,0.7563067732898077,0.5891740166042535,0.8969692826861909,1.1171638517313953
299,0.763002604735307,0.9107535690175197,0.5367112821388469,0.7341817155509729,0.6121530009181486,0.8998212018119909,0.9203705881664446,0.7915301064187834,0.7233048660123704,0.7856825586424256,0.5729821351107918,0.8826398312457151,0.813039708470451,0.7433033473700161,0.5344258155954986,0.6707166075897851,0.5028008871170933,0.5727334050039214,0.5639814931680068,0.6232673691024269,0.6557434646708037,0.7585486156011031,0.8577173761439045,1.0200378742887914,0.5080997057478875,0.9364521278025497,1.0311000319469632,0.6413198158206086,0.9521349091841833,0.7633319999589457,1.2372856524800138,0.6330761842670436,0.5239254221583199,1.1229600672325442,1.087520558187225
300,0.8875647838408951,1.051552440938488,0.6146131685907037,0.6944135518760282,0.6506392528024926,0.9108882621996454,0.9367846922598254,0.8575489017512614,1.0612152468987643,0.7743887373247187,0.7438224168326216,0.9771827152237894,0.7414922759811062,0.6552339331285411,0.5603478339695801,0.7190197960842692,0.4984798153522285,0.6022294618494489,0.7078618823417047,0.7617892420515919,0.6876173253298733,0.8758158411531491,1.009742928254399,1.2618603582093497,0.7610004781501368,0.9027937241445672,1.1066970848765987,0.634876405154903,0.9233430736112584,0.9546706270903356,1.1527795368175024,0.7779087220409513,0.708739021080979,1.1306185569796035,1.1066681622522077
301,1.0201705633153866,0.9132691167024403,0.5069652558795525,0.6555038449874828,0.6798127195700562,0.866703528386851,0.9493855248329868,0.9371744508063331,0.8353595550298679,0.826386061898061,0.6823905929905731,0.6771152953460177,0.7166054727440209,0.7523931073751546,0.6389037507913415,0.6717692093878562,0.5030220047921392,0.5389805470750799,0.6278719582384853,0.6310278537983951,0.5451660509329075,0.8276986258277594,0.9004796814492255,1.0046912824424106,0.47098426432784957,1.037887431043634,1.1019075573136123,0.7372669318939982,0.962509145908446,0.7036798196075222,1.1534707066851861,0.6817408678435362,0.4284017468187925,1.044341644601601,1.0403804344650505
302,0.9880816188986385,0.8006375716966585,0.44667795095333584,0.6341468921119275,0.8984275433047749,1.010109003059586,0.8159813496241937,0.7363453398109845,0.8950561679623745,0.7311155928961361,0.5936579706643101,0.7281341982278298,0.83857882974347,0.5944206801723333,0.5934569882960365,0.6147263168700627,0.4496628295530362,0.5113290971180993,0.47259864364608406,0.5261154128470471,0.5975205644552729,0.8306632448994093,0.9411607939359905,1.0615447672950051,0.5100042111777808,0.9373498772223392,1.1046694503420535,0.5794114987551771,0.8264955410023272,0.8846078328180117,1.0921554258744628,0.7565348715147425,0.3899900546920184,0.8874605181553143,1.1285883869198436
303,0.8888162674024389,0.8863449495648814,0.6049177234226808,0.6240180938643798,0.6872923997740261,1.009262208011797,0.974142216502663,0.8296045546340393,0.7787236935738602,0.7239694179630927,0.7478749131384924,0.6668844201256783,0.7799177641377235,0.6163057724387786,0.647535480223169,0.6264011698159012,0.6062418762207786,0.6118573534839113,0.6030730728012865,0.6133454076467888,0.6237398316380782,0.8633414713449795,0.8570713787720516,1.0386687723187786,0.5604617080694262,1.095190400953141,1.1287424722321728,0.6604010189947533,0.9001580900940477,0.9255745977126113,1.1821971015967927,0.8197666228491554,0.5772195995265867,1.1504369154565945,1.1375873730984276
304,0.7918696970461702,0.8615124687863238,0.6351591264883737,0.6187474796709939,0.6260013574439585,1.0134728899883911,0.8113622200236054,0.9085316674925334,0.8377983508403528,0.7150582319157904,0.46845401893204264,0.6099692838810453,0.7736601798303937,0.6848007784888653,0.5615368959163567,0.7235032483345019,0.519730268268113,0.636445123595123,0.6085015191570722,0.6172768734947738,0.3836522291021623,0.9402392974744416,0.8980114921094009,0.929820093497709,0.5384888837971973,1.215082071859843,0.8699191325485021,0.6085092726651434,0.9682691644261803,0.8504204339633636,1.238423530484581,0.6490230863134969,0.5283974101182243,0.9922562611520914,1.2105125337975235
305,0.8862559391458782,0.6566748473353594,0.5429766586454632,0.6172585006369369,0.8176703144784481,0.7546777192397452,1.0564492640151504,0.807184879473879,0.9855681118392956,0.9247427560320344,0.7279874455473054,0.7532126872441496,0.5807297861631497,0.57217238358432,0.6180707238815839,0.739391809420126,0.42249165737182937,0.5876258983367963,0.606119697685554,0.6793389352925308,0.3550159763050409,0.8784302983481285,0.824386715437488,1.1464312967489567,0.4963727666460099,0.9758246874762035,0.9948117103391241,0.7349214463633962,0.9173541018858389,0.8922537752849411,0.9743407613291414,0.6088204707005107,0.5687366323784774,1.053561877950231,1.0066769336862071
306,0.9992665336445584,0.7356967287912749,0.8144553363831488,0.787972843972401,0.8224943552034685,0.9584986307748166,0.9527620151877191,0.7808691079945858,0.8915529453561427,0.6729777284234439,0.7536592197854614,0.615723266837557,0.8680448530079513,0.6430961307802457,0.6473224996674548,0.5978588825674123,0.5462080614496134,0.69728481065875,0.5378441109481635,0.5146781317103511,0.5049593748753084,0.9483954909004905,0.8813670098275281,0.8486897693801256,0.3585641542293796,1.1530038981695536,1.0107200167632642,0.5953421948313125,0.8499666361811612,0.6796577645322541,1.2276733595857652,0.726566968171608,0.5310257726927521,0.8052262635928356,1.2218070737525855
307,0.8466775764002117,0.7508741795199885,0.7144106065896217,0.6905279264565133,0.7299179143139154,0.8804041099595312,0.8811166176324796,0.8094219706967283,1.0238896157513204,0.9327605475257256,0.5765229695436664,0.776944320634332,0.6597092755965885,0.6620955575549548,0.6124151738195623,0.5454713233777329,0.5343633828603989,0.6384720776820882,0.5977679898657116,0.5590962388118124,0.536090570700376,0.9137767078481605,0.7618868970019254,0.9506454678981848,0.3557022914515371,1.0193747407845215,1.0595108726244797,0.6906737457370554,0.8302412755796134,0.9545179759397424,0.9839286356018865,0.7146588462698213,0.6714899816994122,0.9241348393458728,1.062087403253087
308,0.890385498604455,0.741774055818479,0.8460681694189078,0.6336380971708204,0.8092170793758331,1.0593522628041196,0.9879314064152053,0.7886502388698287,0.9855868838894275,0.7857496003283349,0.5876892653363792,0.7216297978252616,0.9541656979083442,0.6627750544118625,0.5762228878456962,0.437311050381098,0.576767591931743,0.7400980106166757,0.6049974303422673,0.5369088473578237,0.5512079166627806,0.7982189037612368,1.0727339351380492,1.0168464967414859,0.383947549201808,1.2526775550302292,0.9223255695025584,0.5405264935333347,0.8642743191653579,0.8542324782338293,1.2236340303403126,0.7323017838053154,0.554973639157819,0.9951107335592106,1.2781656941930988
309,0.8351118521973069,0.8965824926074466,0.815746632127902,0.7266909321207908,0.7218566873237775,1.1625374005322566,1.0643753590241545,1.0955763362187652,0.9387479581940663,0.82390772836446,0.5212254024168289,0.7615441834346968,0.9175796217041955,0.764151226194828,0.7167990858146154,0.7270192295447346,0.7324674169373725,0.8654125573151927,0.5472669482439461,0.6847784750710653,0.3699863190091879,1.0760724443933758,1.0084817302280094,0.9303991362813756,0.5413220698868495,1.1609101178424532,0.9454636980416431,0.7862264185956629,1.0438786070662736,0.8919753449468728,1.2974905558469358,0.631757699394415,0.5424572845943396,1.2551368897214812,1.3315000975235134
310,0.8514824993581589,0.7748925883530666,0.8257969417189212,0.6968936756400853,0.6369501020351286,1.0218195699906847,0.9223129990043599,0.8237892892361595,0.7608198006540188,0.5985666917604299,0.6627100473257022,0.5515446753909272,0.9751828282442436,0.7245053945662815,0.668344818781524,0.5446403602906382,0.4602424765999564,0.7291534545970773,0.4505895311027933,0.5989166456937867,0.6673903849350048,0.8641135857833895,0.8459511597387865,0.8269351558002005,0.5649641430048129,1.0127459349189585,1.0947023822177464,0.6553350812695651,0.9877159948783156,0.5991980767843812,1.0640987977325485,0.7779239333643253,0.47527274477805237,1.1064416096454093,1.0960351671855002
311,1.1570823747038037,0.8604425956105526,0.591590155058805,0.6922312783273581,0.8749085214888568,1.0917533254021168,0.9479500430683073,0.9012230669635435,0.7833259832135958,0.5539618648639575,0.6585475242657595,0.5623733377828998,0.7795861960114854,0.6749306932874648,0.6493245578226177,0.6101421988482327,0.48747502398744597,0.7020716866191956,0.48930863577365,0.6186390287649531,0.6614135015827616,0.9856931015339114,0.9576415753096621,0.9239162086725382,0.5072101586741438,0.9447930150258521,1.1451907220106419,0.7395032677547693,1.085938537104451,0.9003219958021254,1.0804169985868,0.8310531267237582,0.491130894851877,1.1746166305534986,1.2060851562070423
312,0.944716857550804,0.727097686786172,0.8779789579822131,0.667543302434277,0.9333811675457785,1.089166009218116,0.9590124298916533,0.8327172319281269,0.7918340749348176,0.8206343401932421,0.6353255943127267,0.5342942578843739,0.8186520123273215,0.6747662504995378,0.7114147052917552,0.6382438975249192,0.6213032148894796,0.6499505176309164,0.5258167036544839,0.5720863680177133,0.5663393829448744,0.8612707224480276,1.0228419743511719,0.8297751408276864,0.5506414613010101,1.0142177925486773,1.1083155796953266,0.8500428180135985,0.8925143210324972,0.732415202661422,1.0890267353463559,0.8260005337709915,0.5497822328587634,1.0844913432303154,1.168576869730003
313,0.8422819169895024,0.7808764668187084,0.9714769302936846,0.7157416454911378,0.6673716421759021,1.0326068864155835,0.9650728120174503,1.0063368148172056,1.0462157673277286,0.854427439515596,0.4896498239097513,0.7842256286043612,0.8632916058493133,0.7505790145363223,0.6852314835509887,0.6861293966886702,0.5888976112085305,0.6679486201499844,0.5721772712574307,0.7418609804369912,0.640709118318201,0.9262694101642303,1.0061514481862617,0.908375288923237,0.5482439660207032,1.1191031968543075,0.9069857334442448,0.7717979590290526,1.0437396938135641,0.942770466494392,1.27347071194342,0.5639103540453647,0.6661149030939335,1.134279752280051,1.0965200960201456
314,1.0160787268493252,0.7562804067121405,1.02284488862044,0.6149409087610718,0.6531321029103608,0.8119867092866265,0.8475167538040889,0.7665903103088154,0.9406042351866033,0.6705255821750862,0.7289874950597628,0.5412453960292143,0.8734566305850963,0.6197657274015512,0.6915477025654668,0.5869473938418733,0.5113620045754586,0.5246770794634898,0.48352435078712325,0.5794622330299612,0.664102760657665,0.8249680615875061,0.956022696677166,0.9202777189008597,0.5319685844120908,1.1592729247909401,0.9918602038751319,0.7500297672225122,0.8232090254438555,0.7330315855710654,1.2700871310642605,0.7640079824423198,0.599565632617721,1.1786699658782256,1.107510810254851
315,0.8552436260637412,0.7136011696545244,0.814065253263904,0.7156058506499325,0.7836014723143234,1.0412813190489942,1.0360500772251082,0.7754597371572297,0.976557589419978,0.8588974835807792,0.6673418316098813,0.8414245436195473,0.7220699108583941,0.5208449129795125,0.7057850890126041,0.6488074567437474,0.32271409983706534,0.6400723758366489,0.6670147864529082,0.7140163073894921,0.6577468258762471,0.8174066071582499,0.8572464889366321,1.0609262984066943,0.6133729604027662,1.0642806380197525,1.030832487251892,0.8706077083178918,0.929511420203261,0.9067681712380311,1.1836484527757762,0.6300640207082686,0.7019621003672221,1.1273481801433767,1.0723014860997415
316,0.8855275321734231,0.699539965938314,0.9604832661029695,0.8184789393450477,0.7698530005320083,0.9146124603360879,0.9751723630202394,0.7834229280673406,0.8267996725348234,0.6334961685643544,0.5927632409115021,0.6400296195712116,0.9452515195357034,0.6435532103681973,0.4797151031086764,0.49978374259026015,0.6315303736948712,0.651596345752228,0.530379080510537,0.5978511765792133,0.6300269542377458,0.7358824320381283,1.1573669315828752,0.9384598535228234,0.5920113550909507,1.2049781881340005,0.8859867143223872,0.6980401163628497,0.837950209823815,0.8160197787493229,1.3786724680619176,0.5777286826257549,0.6599652137951125,0.8878454324299835,1.0400708190558603
317,1.0362303061814675,0.6109593723689045,0.6890786890994778,0.7350269050962646,0.7927123962235434,1.1217427307329637,1.1017937575535823,0.8637278214451931,0.964480707093935,0.8379004298190313,0.6866458535516052,0.7163439805777608,0.8045982331333914,0.7269700463965967,0.6358849430508697,0.6227384905650396,0.6274470408480886,0.6426112868473961,0.6870864596936668,0.6397707127153917,0.5493749896742767,0.9038287225500721,0.9101577680793533,0.9912759507103552,0.6073128024927418,0.9657690905532186,0.8359998166562815,0.8097151746459981,1.0896415231475063,0.8568188696711063,1.0292576575825445,0.6783512580675191,0.6855970235330968,1.1813118863073881,1.2292836617313254
318,0.9795714199606186,0.6916282499974216,0.9281528951812686,0.6823328188497866,0.7781129630298375,0.9729686279936012,0.8767603780562157,0.6576560942369452,0.9442371115032817,0.7967405292905267,0.5582672759221714,0.8155506038476439,0.7821327966442537,0.7152546824439797,0.5428096360317303,0.819313464672329,0.6933250270854971,0.6514511233043017,0.65087784217868,0.5821158416937032,0.7273937855965202,0.9410878801856695,0.7847785591171661,0.8107778707371835,0.5488919207155494,1.1446362218389519,1.0197590195291806,0.8474546822237423,0.8400770991599344,0.8686026935616771,1.2646262237787727,0.7376000827159219,0.7829488617120264,1.0986737551087922,0.9842858283809057
319,0.9316943645885354,0.7843479236386748,0.881228082078909,0.6457057473603415,0.6783196373954106,0.9338139659720901,0.9177753928755724,0.8825281781187917,0.9258449278974762,0.9161530246965256,0.6293946869770978,0.6253535632048598,0.8331698870681887,0.6598574876578754,0.5290074859487013,0.5265293548892584,0.614079505065558,0.8137344398773991,0.6337232152345078,0.5674036791504112,0.623530468983588,0.8402354425770926,0.8013940002537789,0.841019848066071,0.5975249829751748,1.0859712216887338,1.0607427266367384,0.8961199127855259,0.8870451627542858,0.8864386432652682,1.2540821292780557,0.7460814436295713,0.6311426185451664,1.2132184322211654,0.958160003229642
320,0.9361253132318006,0.7741399852944704,0.7809611948928097,0.7182444849649958,0.6999133319628226,1.0044357618404085,0.9405857929151373,0.8681604869630806,0.9887251074545196,0.6994620472586732,0.6061667979615694,0.6363146282065055,0.9097343057824877,0.7103478150524674,0.5308156368582424,0.8060135274675468,0.5885986564138705,0.6651804976789594,0.49343166936059074,0.6167394880452703,0.6119842031597953,0.9277170660134686,0.9685989371491484,0.8497062932212773,0.6103424724759203,1.1201283021970905,0.9099710692846225,0.8757573326717312,0.8829609330093426,0.8002516148242429,1.267100048300028,0.6927009410878584,0.4144129824047148,1.1983407529771117,0.9647932115904936
321,0.9735190666804707,0.6895312197403799,0.8395720200853004,0.768302104483487,0.7595947855807078,1.075041701473864,0.877040439050629,0.9539118570802871,0.751298324076804,0.8824613174260985,0.5443158526294841,0.6206840429423401,0.6778519254599207,0.67688542985261,0.3952184098088595,0.6007785345065613,0.5718963631728452,0.6257767287434339,0.634993958041747,0.6102640594089461,0.6378365715358755,0.8369510428167919,0.8490515491250852,0.8787753881776856,0.5509876006357894,1.1783330126898812,0.8851244221386984,0.7926672583382675,1.09336157460273,0.9772370376892938,1.3677350932613894,0.6272258303929974,0.46235649517675115,1.0911335105171718,1.0142016627212969
322,0.928001556743141,0.6100852498100813,0.7587520843857467,0.7818982191722714,0.7767663692511412,0.967140484318503,0.9889941142067025,0.6335069269540571,1.112615879213457,0.8528060597173655,0.701184464812447,0.6327661117925018,0.9952140565397576,0.4603836753434073,0.5226765086698635,0.6155849443388529,0.5150801183709115,0.5362659446151254,0.5430355003020731,0.6008550900982628,0.644806133073566,0.7905520722120415,0.9125158714754185,0.8374143700727854,0.5165189718467269,1.0658807961466152,0.9881639720304258,0.9164668627473813,1.0587061912869276,1.0812858226828221,1.1528371662718426,0.7204920429462305,0.7218605684104066,0.9891501305892594,1.078589644620604
323,0.923104106865819,0.7797816667611664,0.8787799039361672,0.8538437078245559,0.7060219182960028,1.0716665668727876,0.8762670117860208,0.7140000324808817,0.8860144701023261,0.8011998699409821,0.6438529570992988,0.6646048060216989,0.800569395349668,0.5980859780893919,0.6107286389432192,0.5459023057354921,0.5816272042119014,0.5083393370205436,0.6053705035690133,0.4930806932081819,0.6376942352870629,0.9265289754024195,1.0127614577740391,0.8821973587381997,0.6010396812866747,1.0140207174986515,0.9748126750853254,0.738358033261323,0.9594380193338836,0.9340865021303891,1.2725038344191988,0.8560303767190734,0.5755292650801809,1.1265021902312151,1.2033512028287463
324,0.9161341464159687,0.6581930678668164,0.7511074607145469,0.698921371473851,0.9149818736912514,1.1004045727148588,1.0493576458256926,0.9066515466691809,0.8198610549173116,0.6359436288944306,0.558237460361086,0.5275621745698802,0.7177307461259625,0.6873231053505231,0.5527967384933115,0.6525758190992418,0.4143800962474007,0.6113532422477488,0.5664922630311617,0.5792471164673194,0.6358281962208343,0.8977348697336486,0.7595714726336882,0.8221424321800769,0.6142449517418589,0.8798702446651602,0.82059421764776,0.8132541276688745,0.8090158572242387,0.9652457340942475,0.94710454331947,0.6699828913251377,0.6429223290254669,1.0360013566402348,1.1665363857236692
325,1.0013977361866417,0.7170360409708554,0.9229577715406855,0.6864907558941271,0.7773877756661094,1.1205483337285695,0.7812334391893914,0.9522706724876066,0.9471087501381915,0.755026457332985,0.5851116146834321,0.560553836879824,0.8333092284792787,0.6639006541372243,0.7368218934936677,0.6616233093195283,0.38479784666313543,0.4994410658559853,0.5960376265097291,0.5739875849556006,0.6393139177472512,0.6695301901252938,1.008865769248235,0.8851762516959315,0.5402842714568232,0.9459985390142828,1.0385443024804362,0.8345345954846557,1.1080053372472252,0.8668494382113493,1.0429442151151427,0.8295062692302506,0.4953288056254106,0.940808699715396,1.115204788861612
326,1.1296716809361915,0.750580152091835,0.8592229618407722,0.7896185936887204,0.745404564652417,1.005023504367653,0.7682796026516233,0.8915068811638791,0.9934391896880418,0.7752892106702902,0.6148121189478029,0.619799835953537,0.621866759418907,0.5652979462695065,0.6492644447200939,0.7125510291424197,0.5494243607316077,0.5987149552986905,0.4914860563511951,0.5503204576267288,0.7180457293716125,0.9402497756401131,0.8719813662699564,0.9269134934787888,0.7242040862425595,0.9357349970544365,0.9914445919204187,0.8396604724403949,0.8969977973404921,0.946031959457674,1.0868361373384583,0.7555614986102268,0.6573183048207547,1.2335641730337032,1.207206662679512
327,1.0091966111684372,0.7441950184650727,0.8777250945399699,0.7280194000921669,0.7768426847068757,1.0148915679967847,0.9362069453777243,0.9375069096308604,0.9986860180796835,0.6961120846093862,0.6504855950333118,0.8172906099901107,0.6850539684796815,0.7383057800656543,0.6552129340140831,0.8326460479160922,0.49427773885098275,0.6814671843739742,0.5540914696148018,0.5732856151161059,0.5888187151589155,0.9789085366002983,0.8287054785253501,0.7770705776816961,0.6578697177061168,0.7846875115958318,1.021597923461679,1.0304208517256859,1.0870626445189855,0.916223477673449,1.0397208797296555,0.7831393063919786,0.5749145611339481,1.1177369918731508,1.1886870643906877
328,0.9284886451138321,0.5864226164693662,0.9223444474918485,0.7806316771589057,0.7633725969624703,1.0735866922266566,0.8330539324035193,0.929731172645409,0.8081553373517916,0.660553542675541,0.7426404307540122,0.39847159320883646,0.8532975043048432,0.5920445127014216,0.5031884244061632,0.4612892590584486,0.444201274988022,0.7010232260431186,0.548149763822299,0.5605996393847563,0.5651369716062462,0.8194198372457355,0.8657669691969062,0.8914458242577485,0.5243084891331262,1.1274516805545312,0.958066396469399,0.8052083938506744,0.860859264085239,0.837091155216126,1.2199662873162938,0.8831507030974762,0.6079894745866532,1.1498679545118395,1.1404230863867273
329,0.706763746989152,0.6242986663188304,0.833016846237833,0.636864055243571,0.641991331515943,0.9759870544110765,0.8662804397287749,0.9056820858060841,0.9480352399874692,0.9145341702594432,0.5160188292530634,0.7968364565803712,0.7765312871182528,0.6642201112736033,0.5731730049506578,0.5595862826415992,0.5110110924558069,0.7257656239323969,0.5596177154222044,0.4637659396699205,0.5022938654972726,0.7944321569691006,0.9903044341025693,1.0170062842337062,0.5322529467061874,0.9371592173305513,0.8293946669512717,0.6588848278777529,0.7751217465244873,0.9469781796997845,0.9258817530671339,0.8061770480646367,0.5903198133425251,1.1433367054655401,1.1318605240883575
330,1.00408819544362,0.8014867650005995,0.9399404665115989,0.7581654824875146,0.8117756034796284,0.8803700497283691,0.90627365888571,0.6692777843285507,0.8918436115702557,0.8224442963926509,0.6850318666959815,0.7751741297514222,0.8282951767946914,0.5199785301729031,0.6084815864887528,0.5674516551050773,0.6613953624631449,0.5380578557306198,0.6108024740002302,0.5836772369938323,0.45725422367232976,0.8182420538627846,0.9692251426970948,0.9623392108407909,0.6559117513127799,0.9769590161034833,1.0250871259786993,0.7974617024233659,0.7622132224838556,0.8990504074267016,1.0897014793132178,0.9478467477032582,0.6487277276202349,1.2934508207873985,0.9060618062212931
331,0.9653863500017248,0.7896813145270479,0.9075474067494828,0.8160463087675687,0.6500226300631977,0.9707765260160695,0.8063446310616829,0.7204234462618189,0.9112494001434175,0.8154183701343767,0.6535216510720518,0.8301056296487616,0.8510390488504085,0.5233617211293953,0.44978623324933786,0.6394363721490725,0.6708522514435097,0.6359519848924883,0.5811286679627523,0.6932874217680578,0.462160957178557,0.8405356946105145,0.9763508644966814,1.0281868213540621,0.6691102729593202,1.0698575093901486,1.0150068465321376,0.8227513624415256,0.9655022798608283,1.0446104754559218,1.1010952854072147,0.6671015787539057,0.6718691868715791,1.0755028999320766,1.0718908103963074
332,0.9997698599327616,0.9840646504429379,0.7624622354465849,0.8786615311916524,0.797716960196351,1.174760511490562,0.9710336347614481,0.7712784348152114,0.841851725008826,0.824268992070496,0.6655248979831159,0.6664238401451321,0.77315263500297,0.6205435114996185,0.6130669023101235,0.760537842502603,0.5993265905943872,0.672786126494854,0.5202632869109596,0.6916306141194081,0.46937201122925787,0.7512802879411316,0.860426366441881,0.9520771089159994,0.6815751448347318,0.8927827561897284,0.95682058515559,0.9201654065509953,1.0000025363970155,0.9247834896023149,1.098666927588643,0.8587954548133907,0.6014901317294121,1.201528783479278,1.0890491735771597
333,0.7185258318067027,0.7014535724291617,0.7934526684897161,0.7407559309694861,0.5799216111287064,0.8574102981847199,0.8024569797963705,0.9246900214746742,0.6782311457256149,0.744291630476065,0.7604820986846889,0.6297596098982128,0.894697206098358,0.7092168898391638,0.5036319151669448,0.7563026102338503,0.619640901994102,0.69366356461449,0.4750571120518868,0.6470642059181407,0.4152077536320006,0.8338983856582749,0.9375295749485483,0.6557651781778562,0.7893969212029283,1.0494375176123785,0.7829757050321979,1.0362738664256819,0.7945818993252804,0.8489894771519282,1.1015730497689413,0.5311455917006429,0.6124805971673399,1.1694266301783043,1.0211509630245057
334,0.847631990671764,0.6815726657548531,0.875368389614104,0.7340397645998907,0.6977400340184944,0.921318772063479,0.8215016418738454,0.816180133346461,0.8499896298612539,0.8664396674698149,0.7114621813638626,0.5689822696653777,0.6735934863431509,0.6325920862625765,0.6440111386229741,0.5051458315794569,0.4531024536474079,0.5895468051149613,0.5548702423050956,0.46456649609576806,0.665416383882403,0.9269189175260182,0.8682516047364197,0.9967745725609155,0.5368299500035032,1.0031832819552042,0.9318542638036678,0.7809521895757261,0.7104377759262157,0.8568695773602371,0.8787049208863449,0.8592327025101354,0.6612914117899988,1.009667161412651,0.9287632944976985
335,1.118896402771138,0.7966221905518873,0.7843403964710661,0.7550028644364919,0.8792244118286416,0.983784586513073,1.015881913347109,0.862306293880714,0.9001493820503675,0.8761451241415782,0.705715995787673,0.7925492670726986,0.7927719292932243,0.45139277375073045,0.6690047151550349,0.6321471168377635,0.5030323756904769,0.6367954328739198,0.6570129977654231,0.5389519291568821,0.6835044845980762,0.8499867474848932,0.9773604201170975,1.009459379003022,0.6656795527271963,1.0329361867422193,1.0295821795348434,1.0428109065375777,1.0102707651520688,1.0533676133391636,1.1162112692083865,0.7781470493902389,0.7856407202383199,1.1611618893216202,1.281245179943395
336,0.9194700664510477,0.6961823366995309,0.8803251651662621,0.9115616527707658,0.7826335966619506,0.8046609155742073,0.8103890626033792,0.6901226226747088,0.6750420859387981,0.6131514887539113,0.5696291262583386,0.5843189970808196,0.8729676691861021,0.4278529954265922,0.6828229999344515,0.6649097092981763,0.6664735778115597,0.5879568870763905,0.4718300829665567,0.506911336700876,0.7885444712244326,0.8005447847484162,0.9083130670999446,0.896482592201516,0.5743404722005078,1.1100123830574107,1.1317088521159062,0.7525967195681338,0.9041629306407089,0.794889879698436,1.35082990573669,0.8524391599044597,0.5450239820511372,1.0711471079095092,0.9288054617699577
337,1.2161585135721387,0.7585611180523836,0.9044393151586121,0.8093783525857514,0.848102599949748,0.9366753015372901,0.9209713657731781,0.6694012129299585,1.034786459958653,0.9918761787056052,0.7202389775180223,0.598602262777361,0.8057468710849416,0.614090615370989,0.7330944722370705,0.6560452070768055,0.6050286341407476,0.5576771304244847,0.590550917683748,0.5371883701175366,0.8894730196147216,0.6665334098722049,1.017971095604373,0.9435372300465513,0.5449952272342646,1.1351772032951277,1.0246618740765747,0.874527110411166,0.7146749508139034,0.8874659031805743,1.1203881162703544,1.009086468464189,0.707455351171351,1.006639333208546,1.0283589658722248
338,1.2287483538751118,0.5735475093031009,1.025658870823816,0.712637094315904,0.9755663651496423,1.067122877251335,0.6865350012216078,0.7851435742423403,0.8936658393017003,0.7217103398402112,0.7624571161100503,0.6868539419058186,0.8236161991455835,0.47498881624823425,0.7586422920463496,0.6085886798716624,0.5708062722467365,0.550682692085505,0.5831181493519387,0.5932871398209882,0.9893510919048724,0.8352731465544252,0.9563844930487329,0.9667809238756788,0.5131477117733823,1.0561422393713165,1.2041144044023397,0.7669331371722964,0.7456310694723103,1.0388638169182585,1.261564815892164,1.0913527701510568,0.6752874989450397,1.047244426785501,1.1579004112480726
339,1.1282446692176094,0.702653594342461,0.8742274581905963,0.8426625285131335,1.0111065189760198,0.8744789247538971,0.7311806562271634,0.6694799250709768,0.8355702480105578,0.9428000216674395,0.7210652309559913,0.6681184182761409,1.0032765854391155,0.495862394087293,0.6837925030460856,0.5040112552946383,0.6515387358894883,0.56585818832171,0.5492914848232547,0.5570937435934139,1.0931114308423318,0.8152415844752952,0.9331206423201522,0.8368067766729701,0.651263529147232,0.9920154395753684,1.051227750847751,0.9049082128069037,0.7963883045415674,0.8956587311954003,1.1575908810487232,1.1506090540216423,0.8162995409308746,1.0402512611357106,1.0464760431460274
340,0.8898523535574556,0.6896418174778643,0.9937441841842897,0.6998298045421323,0.8928106561174707,0.9313240998407823,0.7844960284976366,0.8878733231314133,0.7777617353846564,0.7150114485676474,0.7220729255107663,0.6443480796421064,0.7285726079487338,0.6276433991496471,0.716487303387247,0.6237078077000695,0.48712000292495733,0.8223447786178223,0.45646842738295,0.5609167761598114,0.940998571985507,0.8009269189739602,0.903891366098869,0.8494571686428789,0.5862225375429005,0.9259986254518648,0.9548848193130468,0.8565101506224937,0.7978071609663898,0.9403608276623322,0.9962747931198257,1.0993112733964234,0.6425372120790506,1.1097540537127935,1.1096619520598923
341,1.0478455419362898,0.6779644555894667,0.7680398515982867,0.8094334908757755,1.0077561958152523,0.8693977568906645,0.8282730784530998,0.7516184488163093,0.8539187283732201,0.6195669566937319,0.7971284759188049,0.6546912631775574,0.8384532480601397,0.4769609685340091,0.768213826615166,0.4847441447733474,0.6515224571848471,0.5590961326556096,0.4432272249287734,0.5189998973061912,0.8424267445194003,0.7200786266113257,0.8034626988030272,1.152273766577589,0.5822687561630617,0.9702295701152144,0.9754643705870064,0.8271731280310946,0.7963326988224229,0.8909519471995874,1.1314123193680519,0.9727810140612598,0.78539583229457,0.9844406768538422,1.1819041467031788
342,0.8857467200199514,0.8052712064490744,0.6560950694666328,0.6120094678520814,0.6864534268025491,1.114814031069743,0.7440144459575944,0.9454669651397956,0.792393899447113,0.9032509429620652,0.6880493738863822,0.7365705725475711,0.6204544496033365,0.5797872630427388,0.5377265222434082,0.5364888897544611,0.47649556635173185,0.6450834900791101,0.531005237720147,0.547917989235429,0.7621259645230615,0.8946947832554154,0.7996666020680572,0.9889367080149707,0.6614265177305574,0.8795315469294263,1.0389207248205046,1.0790381776804883,0.7578443172580995,1.1211039798735953,1.203346092095536,0.9423200772957344,0.8774089728554935,1.1857479674643963,1.0572848535477513
343,0.8945116973426451,0.8269396234160651,0.8031489958852936,0.7621148822709249,0.8552048854590065,0.8627898661858792,0.5510212267282117,0.6661896005307727,0.7693286201842077,0.7880759962581368,0.7085029064024863,0.7205877032728525,0.7881353950010705,0.6339456207054761,0.6880457503595296,0.48013489378441254,0.6096631048575833,0.5671989715764623,0.540328576057286,0.6153761774887205,0.7881962941264327,0.813259825296343,0.8908129773996607,0.8574416029820517,0.6295550338303232,0.9193036030565326,1.0607867176864767,0.9592147143710041,0.675857633101716,0.8970496858572152,1.2569403168802311,0.9459397174859743,0.7168543942287351,1.1715984297273763,1.131062610039439
344,0.8203794050485615,0.8181863537642888,0.8832077590754241,0.6866915733976728,0.6721763462438666,0.8578303149998288,0.8327737850917967,0.9080240255982849,0.829209850477536,0.9075711825196928,0.6089070112485586,0.7238824562293269,0.9157602144056178,0.6388321242189603,0.6270945943018091,0.5336253332664491,0.6605046965475287,0.5365724039688566,0.49554931817536074,0.5606483013804343,0.709012857043006,0.7620584932880848,0.9221116123803996,0.9847798031833869,0.6691877025607713,1.1146932628109179,0.9439817444432681,1.1098563627609188,0.7643742185618129,1.0253400721965247,1.2085241013032597,0.8182715015337061,0.7969510849394459,1.2039845772317626,1.058061531933067
345,0.7171123490434168,0.6846720957211134,0.9108720170445714,0.7025017789857413,0.6596956727720948,0.8495739386564803,0.7077951312481794,0.7874495881169009,0.9356996876502713,0.8642308247224153,0.5926103811599301,0.8048788148530744,0.7399189781365754,0.5908111114604586,0.6739909901805685,0.4556903141660861,0.6215442227053238,0.6479716983870519,0.563923830689622,0.4857633288597854,0.7265684020773043,0.812428425402538,0.824426463176229,0.9154647160218489,0.5025756969626582,1.025803155223565,1.081387046534657,0.9550708840304037,0.5606898286558321,0.8848857656675041,1.0611433286397676,0.9923291034023287,0.7798188345137647,0.9248272137955031,0.9879238872987535
346,0.8431549343095064,0.8526810452697611,0.9623914717795636,0.7200575224215495,0.7165395819455873,0.9988712512734332,0.7469447655213619,0.8913513402216414,0.8201773621549721,0.7322156176585599,0.6344700476061274,0.7031973725322633,0.8156453080863164,0.6266178862165149,0.6210139429301543,0.4101918103229635,0.6517697084221481,0.6413844488960632,0.4643553781854184,0.632241951539258,0.8575003875016118,1.024040413900052,0.9024723388083589,0.9928827643954958,0.6901271175687504,1.0140960172856957,0.8518082501006682,0.9824674865640188,0.8392600702108381,0.9247211936270245,1.1640899319750897,0.6556660721162353,0.8349086578111892,1.1683646576840945,1.134956239891667
347,0.8261759874802119,0.8251121452828112,0.9830118165030965,0.79483057230667,0.8254024617357214,1.002253076358464,0.7219782209631176,0.8776167680020949,0.8380916596230111,0.8655197571273081,0.7731411868367339,0.8812975437130276,0.8615258841066848,0.7053477034239413,0.5931074544153998,0.39349881803950826,0.7447988869253662,0.5964919542004692,0.6171938125631344,0.5794691188249941,0.8561506025200287,0.7997317495445473,0.9688996994573363,0.89767995170759,0.5272413105096265,1.2414213984318536,0.97755100094455,1.0755846163152198,0.7853351182104218,0.9520878826508226,1.2407344695748412,0.7816914957168297,0.9148736197737446,1.0847273897183496,1.1172667726587204
348,0.9678571088137697,0.7573656323316725,1.0095941611178048,0.782786288428711,0.8284835752237155,1.0121918858045946,0.6290537993517019,0.7416064603803976,0.5728082039477556,0.8171788428332035,0.6332385596150001,0.8323407682685318,0.7412045617790286,0.4773646148432127,0.6660048386401025,0.5900729719836801,0.7780833065377464,0.5365480023478439,0.48591719650276766,0.4999245801201465,0.7129240741838412,0.7636856133222494,1.095080705138122,0.8002975088456559,0.5204629500013541,1.0433284311674633,0.953998691031457,1.180483637815696,0.7464806226767635,0.9589637453709876,1.441197219082404,0.7994523154546457,0.7003272303925098,1.1718730791499508,1.0234757243119197
349,0.924870956279001,0.8293445127593375,0.9755506195486944,0.6474848616833596,0.8046648835335997,0.8922395221764401,0.8052441208567274,0.8138309317347202,0.5623378051198693,0.8357783208576617,0.6904912071781851,0.8094633330630541,0.6818626815292179,0.5249696318269707,0.6713400224159585,0.7334880943943365,0.5867677984712762,0.584367824946874,0.52824476490107,0.6440089064470038,0.869294369950345,0.7528884452372853,0.8694865160690038,1.0111894855745502,0.5848232450947077,1.1994793608513414,0.9692178508003665,1.238913808925342,0.8098995765183348,0.8494219948817716,1.1762759933783709,0.7827701041873346,0.8856336729872651,1.4491444503572768,1.0540728490989553
350,0.832403874229485,0.5669219342198055,0.8801696606880915,0.7186403690742578,0.7909043670487444,0.7507816218302563,0.5408472808960814,0.6570007433102338,0.7916239730250177,0.5958813663301367,0.7381721841155509,0.6974937450502446,0.7509795024159165,0.49063683434674205,0.6171260991559626,0.43932750994989467,0.6864590197382987,0.46764882548568754,0.5208159748800472,0.516032346510825,0.7809944129488098,0.7940517305459317,1.0431634736313875,0.8989389371209957,0.5152600011768144,1.0627918865102122,0.8838023280582235,1.1110131665109129,0.742053689097234,0.6812134469972286,1.2853942230894089,1.0371187395843597,0.7665142417643347,1.1073386956639875,1.1075845920590752
351,0.9043258443892459,0.7936826881664552,0.7958002928065071,0.8350037181592231,0.7430787288487094,1.1446697637772865,0.5820107564526794,0.8535596345320444,0.751115801238472,0.8378119690326291,0.7224880588773476,0.8920360139306324,0.8690325194863637,0.5608468612769175,0.7739780009803218,0.364430851312534,0.6887238210723954,0.7296514685617885,0.6018687902855038,0.47321323568310975,0.7297252599584063,0.9111219362089449,0.9575466383919812,0.9422513001809738,0.569207392721193,1.0764541473262637,1.0250563403976067,0.8560941974737681,0.8565898653669801,0.8804813383788435,1.2217623392500925,0.9512826255611775,0.936575775037789,1.0000938748114514,1.2152457778068317
352,0.9569162109533011,0.6475258297946094,0.8589392434869325,0.9019192702187526,0.7706506809201685,1.0022628783681273,0.680287574005495,0.8614775896741471,0.9380677205461034,0.6438565667738982,0.6613061904822393,0.7446662058175697,0.8890189323230261,0.6432154167089845,0.5086059204670104,0.44820444070750365,0.7373544278764699,0.6705773028862789,0.43459446834803483,0.6491368338221704,0.8259644649297786,0.8784022503980664,1.0446064526981207,1.0467982511843832,0.6031817503828992,1.0868565437447177,0.8907524922902306,1.013821386070945,0.8168837720794904,0.9957499021493534,1.225040829909153,0.7600441345465035,0.9392875558938456,1.0616172434526412,1.2035192324215447
353,0.9050989461123908,0.7907526702503485,0.897838086550153,0.7618101676126526,0.7032475718955322,0.9153738496510038,0.6345020881067898,0.8638618971080174,0.8620964041577082,0.8387146113603614,0.6950641890921134,0.8436308111470017,0.8945086354335323,0.5990282624720086,0.4235527331901693,0.5991640016594284,0.7021001750807631,0.6735173560236789,0.45089990358396287,0.5399081881947192,0.6120251281400362,0.9520495201092325,0.925992930456648,1.0258596941598084,0.5152881237556559,1.0126553214079848,1.0123477841817614,1.0442493531602959,0.7914281470775482,0.990360253380084,1.3206202384484045,0.7519301763133536,0.8432528649444484,1.0303949021027599,1.0698628021920584
354,0.9908816595685066,0.7581051389571818,0.7911772623031965,0.6844099825499506,0.8641718090432722,0.7866639881666571,0.6747916358484928,0.7668994848094848,0.836900188956871,0.6370376374588946,0.7521466247798687,0.7126056201033988,0.6089459951335011,0.5436687035442705,0.47153102322474805,0.5904682068345813,0.48335077688209105,0.539386357654905,0.44429085217259284,0.7597710887210607,0.7747560452060236,0.8454344464537005,0.7031422553868996,0.9114726939084958,0.580267980755057,1.0120269872589884,0.9888168971395236,0.8956903471048984,0.7108526744454953,0.9081281989742661,0.8845148661471562,0.9583508205083932,0.7792292889173944,1.1834234910878023,0.9342163264066494
355,0.9277020275399985,0.6646790033058512,1.0622889892459297,0.6551975702589827,0.7681636546728731,0.9255866202607548,0.6943017649246295,0.8299218517327573,0.8191002151194346,0.6955923479319776,0.7807871230946033,0.9391043493917678,0.7746750594083242,0.6561550213267691,0.6355054170115406,0.48831896525085594,0.43734665439292475,0.6203530265740089,0.500465061505897,0.5188640886558293,0.682318713817678,0.8250267346761513,0.7554135539016882,1.0214494510645677,0.4820307301581469,1.052248496922712,0.9438669544321329,0.7681901249669089,0.8308749913187432,0.887385455448578,1.0301050222173709,0.9674478653793894,0.7823368988189663,1.0752855343726795,0.9924035528235658
356,0.6628260919563345,0.7664312581970731,0.8468317791288632,0.7433092489450004,0.6395854572122951,0.9603261687397184,0.8135378569752464,0.765280665355162,0.6491325213960072,0.6985483813338778,0.6531056600983836,0.7750150418208389,0.7231556658757139,0.5806466577424987,0.5553015842437613,0.6501976829859965,0.5710555820256893,0.7351191706997546,0.5381799293356011,0.505575039040217,0.8012760795353893,0.8999589919088116,0.9040072390031912,1.0144420439861797,0.5739274703094128,1.1131680992326127,0.984090954195808,0.8182197951261794,0.9054757414539332,0.8646096757246678,1.2203133082357338,0.8807043943858055,0.6069591807930785,1.208016134189719,1.2582637716166791
357,1.101180029912563,0.8286682507585248,0.8643248281831422,0.6801622092623655,0.897945183264983,0.9551043359196297,0.5372500030858831,0.7301683626393815,0.8503413750541002,0.8604824685870518,0.757711345201206,0.9101569371480566,0.7831023358254352,0.44205017126243445,0.6765711775133619,0.6278244463397775,0.5234704056770162,0.7031644908255663,0.4778650278734732,0.6765975440032378,0.8444115921695537,0.7906516171553939,0.6913089253064937,1.035216384630108,0.5880947203453548,0.9487482471197346,1.1560149483475348,1.1538716491921996,0.8433330310608889,1.0442750962372378,1.1832307293790816,0.879103858956269,0.780180906326331,1.288200767521957,1.2640271215944674
358,0.8303802871301766,0.7497071610541575,0.6648475628738687,0.7039838201376074,0.6728845130352987,1.0222179923755064,0.606626560304032,0.7743116271935229,0.5821342455442329,0.6162968771919287,0.6727183252756734,0.6838399423169933,0.7631354056624184,0.6627158368659909,0.42725207451861014,0.5509020503313775,0.5996165166350818,0.655729872247117,0.4747184718868328,0.5511009893922068,0.7193853455796866,0.965477719827986,0.7977743116455502,0.948124423097569,0.44997465225644384,0.8960769782410162,0.9159896548682855,0.8717919382547251,0.8683716919596819,0.9165432207403872,1.1362425067513704,0.7464835904007049,0.6131019186161301,0.8686180905477581,1.1537043590367149
359,0.9116527337990566,0.7830760161081632,0.9003872831770033,0.815920291825372,0.7699121590039064,0.971744609125001,0.4763328590288189,0.9546614159430766,0.7755309181150607,0.7009443655962148,0.601042366284571,0.8781273525067796,0.8955567080575852,0.5968495227667234,0.44666713173470285,0.574773792640856,0.6447024866283766,0.5973381742127005,0.5501794973052587,0.5373413198142389,0.7572499743088885,1.0060343108616647,0.8875713210730822,1.0374861709666305,0.5160693638954326,1.1644298487462148,0.8233420236078488,0.9099473338414161,0.9380923282511467,0.9887392773304947,1.1660009353071354,0.9020210089968026,0.7079963296985974,1.222017015238984,1.3269019939659201
360,0.8892045318327785,0.7050089720492828,0.9187580685141574,0.7329983606335337,0.44099043773924357,1.0525629989589658,0.6459905996418036,0.7617085786138104,0.7562264036854731,0.7631724004098023,0.47149488841928977,0.824330282621038,0.7968174334629565,0.5316574899931266,0.43719344974890695,0.7422016902221322,0.6900119099620143,0.7013545044121479,0.4974815391828591,0.588383672344964,0.6655997930710911,0.8571242083262658,0.9322504350617966,0.7791335348426092,0.6194952718826878,1.0705418398360838,0.8156174326901784,0.9063829695861243,0.8256352977853061,0.7990702109634791,1.2633139890619085,0.651318683516735,0.6343759452139459,1.4035273395461605,1.1803183394455496
361,1.0716876284150278,0.6766597232735858,1.0219377545108472,0.8468347504427781,0.9312097358940113,1.0959743064653718,0.5427549680670958,0.7495906389593303,0.8430619452467097,0.8384337485860444,0.7328499157951802,0.8274527356938415,0.7738955275307688,0.5929248778775278,0.7363752255886421,0.6203529971566871,0.6970564525444023,0.7408692914240961,0.5175349510279218,0.5943708715792314,0.8086279117831069,1.0191682277175387,0.8304219669187455,1.042942380556574,0.6042462716075109,1.169855337141002,1.1014434117821261,0.8669349201768508,0.8114369721256818,0.9594397518693346,1.1969251003490815,1.0052948663383297,0.6579945328769312,1.1306456166557475,1.1098962789270366
362,0.9876364217748989,0.8323809342406061,0.6438623529043088,0.6591859478061555,0.7390440910418035,0.9776999553063893,0.9121479356001365,0.7601273804128619,0.859386120797984,0.9188596900404227,0.7138533982867165,0.7802458189862433,0.7350134490106481,0.5685472734837369,0.7470167801164114,0.5415130168037906,0.4714002869211038,0.7962387498840052,0.5140689212314934,0.6201441544079926,0.7821750222055941,0.8414296569070627,0.8099461937205303,0.9523168699564516,0.532478164003065,0.8622139497579694,0.9401654470708866,0.8432543949665419,0.7952667157265592,0.8223437618978621,1.1026940366807207,1.1571717951705902,0.620892312045648,1.0637288818736894,1.130371717450712
363,0.854170324302107,0.9029618084944808,0.7894280776003043,0.8044316707114347,0.6585341609342075,1.030039505089992,0.7813584208599347,0.808804046160305,0.661063649703046,0.6782854928821999,0.5853449725199649,0.7013134933011773,0.7914622309737775,0.5930365381618801,0.696770001968565,0.5929402312015966,0.5732721286404063,0.7524270829018594,0.36549248421721847,0.7735071213974223,0.7220659731798049,0.908807872276288,0.980415461558928,0.9531396072133507,0.5751515095964546,0.9382193015316134,0.9454954549507227,0.9670156189590701,0.7416980471346747,0.7959563174949695,1.0910886995256859,0.9697840021304605,0.6362466863860887,1.0515901917184252,1.1246602688362763
364,0.8921128929357616,0.8139588209716426,0.7624121694099484,0.7184195726400777,0.8006201035488408,1.042954205504825,0.7766195561673133,0.9048430004968737,0.9058127803924263,0.8476022674241799,0.7082397733092158,0.8202585020749994,0.7676534449161365,0.6497843124482747,0.5804440633534755,0.4860815981072446,0.49509855328680946,0.7830569347176461,0.5691708316269383,0.5714726413248686,0.6085171738612176,0.8920451746934845,0.9511363088756101,1.0500128768119767,0.5142217707652431,1.1092520674817614,1.0174580676402383,0.6950916367542608,0.9054614329438739,0.8876771839301918,1.3337821327375834,0.9258014682120396,0.5727215322652282,1.154059758667198,1.1573705131273364
365,0.8767038406622168,0.8226837548787902,0.8274080293832753,0.6847938523925055,0.7694427275721948,1.0003356310290685,0.6718133139722936,1.0289195994883036,0.7864756424334551,0.8501415824294236,0.6301500037972321,0.6872201174297725,0.9030352369469725,0.7907962202910124,0.6984626893541996,0.5462430559158863,0.586211784980842,0.8104835049322785,0.4995168090276356,0.5829827330920972,0.6791606053286792,0.8976100317123514,0.8533640211664961,0.9490322507758139,0.4970725502716258,0.9814878057398322,0.9678440943078919,0.75871729294541,0.9429630971819768,0.9515852648843299,1.1862556105969624,0.9405020238817715,0.7379170589736865,1.1765958016072615,1.1669233027780024
366,0.8261894300921988,0.8030179295481288,0.7362173059980679,0.8233741937928164,0.7202878994036335,1.0968474042506688,0.8406656039706186,0.7560035791953427,0.6842987796612615,0.6278920137266126,0.7147970840171807,0.6896356316603811,0.854750109967068,0.7007097862581646,0.8183970289651405,0.5912186188224271,0.770242127497569,0.8438951163296735,0.4594363441857141,0.6191644891977841,0.6886634209965045,1.0103615262312848,0.9128606094606185,0.9052241378692825,0.64574133511385,1.0419413658801444,0.9664653446249977,0.8649526813370194,0.8815750923341215,0.626062515187964,1.348935612640836,0.9231982907959647,0.5421672535691309,1.1221889388188957,1.2293811134884431
367,0.975019847282687,0.7384430599124976,0.9442025737719699,0.8029928207844925,0.8449581483779075,0.7760799650031427,0.6247288080447375,0.8020950270641947,0.6789235186764402,0.7546911113381052,0.7827348797502909,0.7011903807955135,0.7341933946289131,0.5909351591807523,0.7326737072071692,0.5848661661016628,0.6837850931144445,0.7777805522734009,0.43053687803331253,0.529051459948918,0.6654931411982851,0.8111994021903757,0.8413230507703946,0.8292754230745987,0.4793761279418634,0.9973549136525092,1.0045621423637154,0.7608512578181049,0.8791344505033833,0.9258045838485978,1.1628116894126386,0.9594012409392991,0.7471629890097334,1.0019151010301903,1.0894450252567336
368,0.8755228243191427,0.7501714388431663,0.8607915711843335,0.8121039663574021,0.8267000821116918,0.7917230800402695,0.6987535657054302,0.87989915584818,1.171127479961936,0.9474646506928666,0.7968555197217466,0.7666408271505494,0.8232305696555474,0.5800967313276784,0.7609306192896024,0.5861476929299269,0.6541644029217749,0.6688451971017018,0.4891549287951565,0.6437010137477173,0.6715274738949241,0.9470916180080249,1.0028633044088044,1.0225270777035813,0.5198256784872257,1.1804461479537178,0.9063633816445462,0.8399817294110316,0.9199747523278266,0.8996538936275259,1.3081660114778833,0.9042926017653153,0.8388098342405634,1.1572714057763762,1.064306159291187
369,0.9327794640849626,0.8741662640391581,0.7895953665937894,0.7490720471113228,0.8696179652115155,1.0658579972662354,0.6960175901491512,0.8522855008515369,0.8028482257283338,0.7894745647617116,0.6135342829872952,0.735945035934849,0.8366032283085474,0.6840491098260798,0.6098223473481037,0.5314553672360508,0.7318462419670437,0.8618824198402248,0.5374160155123562,0.5061839657391911,0.7613435846722484,0.99073181000557,0.916885019564693,0.8416711945294726,0.49102737047988,1.0434741873306672,0.8475135799502276,0.8158701410951679,1.0035650735101496,0.8803296979379176,1.012528916235864,0.8647178274097176,0.6416094069540095,1.1032466365189015,1.1987215798867623
370,0.8848305998419743,0.8537575283026697,0.7636599899255228,0.746662879186807,0.8496820405211519,1.1027132506045438,0.8607116371463981,1.008033216090467,0.9479699100022575,0.835147118976072,0.5854229197599194,0.6339674523182203,0.5912443742100721,0.5998916204193437,0.5771519295234909,0.48904967850277953,0.42547265489687935,0.7749240557251004,0.5335717521328447,0.5237271336574387,0.7266897201827298,0.9427336221749243,0.9094319501984939,0.8970867946815634,0.5920375234188366,1.04133243403602,1.12890055105242,0.8638931744051921,0.8245320604407629,0.8771416958152033,1.012012640773099,0.8894991312201068,0.8683411331609823,1.1080975869048912,1.174049940171483
371,0.8400114374599463,0.8317407633931198,0.9514247456792269,0.7297128486464128,0.7693239310071752,0.9950171177289219,0.8998532695609078,0.9066317024643883,0.9259466905040343,0.7460542426438335,0.7279443354460611,0.6616324214870242,0.6438896203401295,0.6276458190007818,0.705345637679528,0.4496198005519294,0.5421361100678145,0.7395643752927145,0.40622331017779884,0.6107434363307196,0.8158999849086386,0.8710435789623598,0.8674653804944716,0.9038534717477875,0.6395543986987033,0.9713810973897081,0.9571953674630072,0.7868280358343683,0.8039295340694191,0.7952275880043737,1.183455410690457,0.8771293476692722,1.0268953817047097,1.185921234316523,1.0514466653321954
372,0.8909204362733298,0.8198107360511843,0.8676735029200842,0.8582280156431394,0.8783547521771304,0.8733379003729351,0.7032497230020895,0.8332842222567018,0.8235554849696018,0.7095007666904292,0.647744067081889,0.6807916899879729,0.7664025684535407,0.6966994234516346,0.8210508720602552,0.45953798013590064,0.5786884535575709,0.7562479054572739,0.4737890492001394,0.5115792398514658,0.6310951037603378,1.0018446357595758,0.8978527669524268,0.6101423401244904,0.6537544918945122,1.0881497564842988,1.0094289042912648,0.9540707556261873,0.924968742449108,0.7210567799888028,1.0987566303815668,0.9943469258819637,0.7716717146352647,1.1283200913016456,1.2464050302129743
373,1.0327431663695048,0.8579023643791123,0.7978408019927552,0.7542652499765545,0.9140615019020698,0.9458390753864838,0.9211198306742207,0.8549678490433046,0.7380098343647599,0.8191146027945151,0.5968384597831801,0.7182599946559064,0.7118793015962754,0.5897406184954309,0.798903664711792,0.42741461673840253,0.5429928924320196,0.7331571848309145,0.4503527871359304,0.5138771321126069,0.6877386775200229,0.8049339194135977,1.0073510197246043,0.917500204415324,0.6213804331471856,1.0749915338102445,1.065561132472581,0.801396429653519,0.9789906116818082,0.6735433222780285,1.1843887801220172,1.0771258919175999,0.7470959712479814,0.925142836766597,1.1590300581575383
374,0.9112415433077676,0.8309030512496719,0.9690891291567316,0.9096883053926696,0.7235605185622128,1.1000442573855458,0.8148527251334434,0.8262019115800142,0.9510186821066818,0.7912605480700848,0.588156486998227,0.8704547579193883,0.8344540582510022,0.5695185197652712,0.7154070523503324,0.5232031272149797,0.8325722747520056,0.844093424724865,0.47835627004866343,0.5824498202723717,0.7496790823470383,0.9054886451045863,0.9529557764903587,0.8900785414157902,0.583457541637943,1.137702546724968,0.9777675490421799,0.8196362975771658,0.9927070195416252,0.8137953624877996,1.3043198613420768,0.8798060707676235,0.8379626386360082,1.130594363842678,1.1413604997000508
375,1.0903093802630037,0.8056568856095183,0.7818848668934701,0.880051917716396,0.787880293296083,1.0175709624465485,0.7101422904279289,0.9199120149723408,0.856346714180381,0.6594868592086991,0.753355993412411,0.75113750862359,0.7394116991936956,0.7321410918291338,0.956322026258331,0.5459787066416526,0.6646430769349687,0.7863778649074316,0.45532893547075143,0.526374730990196,0.8039038920086468,0.9605848169082936,0.8536531471027411,0.8006631370351197,0.6071945774580421,1.12402248256032,1.015927970766863,0.7976045808194935,0.9538538811547996,0.8409121214840038,1.2693090141683863,1.0475586720956087,0.6438095334111494,1.2224359446300186,1.286432556368394
376,0.9028706780180289,0.8325570175883099,0.8444237190825756,0.6241272935392654,0.6963171458799216,0.8782507108969371,0.633574682456012,0.7912246427508548,0.9904366619183993,0.9120631066093384,0.6722273693129489,0.9342375106412312,0.850371091488409,0.5171780418903692,0.9234483837115666,0.49454593638091765,0.5867743473513839,0.7664170046271127,0.6784377704592148,0.5910095251833735,0.680945655091986,0.8581123966792308,0.9252271865797577,0.9577914384135462,0.6438610961985795,1.0417138645613775,1.0175470956388315,0.7368852892290227,0.7766731827040309,0.9108133022676961,1.285851651183401,0.8917119908260888,0.9277729219729021,1.2821802229079893,1.171755799582641
377,0.8910222744142055,0.7597826263356182,0.8735133309464108,0.8320376249566703,0.6563654354326787,1.1162618372312176,0.6312099813855911,0.9880802541833589,0.859620898319562,0.9020868305200189,0.47307068795287444,0.8731156051940767,0.6626053816865621,0.6712819768328748,0.7449352669393965,0.4977914236119263,0.5704537311336967,0.7560063198071847,0.5976813610003571,0.5508045995994756,0.7640924251042717,1.0575962241000947,0.9081032152953816,0.9217273739982564,0.6872859607251711,1.0424268419559835,0.8703877207206858,0.8483374009665647,1.0968505797265165,0.8077641442730242,1.105251116198408,0.9501037808230761,0.8450157839483526,1.1994243772103372,1.1683494288051421
378,1.0233158193758567,0.7829405537330223,0.7804654586224301,0.6713060341222434,0.8435093271906926,1.0219274907199138,0.800935739814035,0.8053475309918334,0.6202330431723049,0.6943951459374,0.4765748138688692,0.7136792884118163,0.7406689549629897,0.6471390005236572,0.8250723584634306,0.4513834773631211,0.5993994997688681,0.7183262291316593,0.4710822765666638,0.5875331783317519,0.8327867442013543,0.9387610334936112,0.8303651637602663,0.9292722892439296,0.6431478689370567,0.9040250959960138,1.1093960982912403,0.7917429823054499,0.8356208125406837,1.0239277104487055,1.1713411268423772,0.8302851792134829,0.9732972684918437,1.2215523522386833,1.1331914418533406
379,0.7978703925672931,0.7643898412886176,0.8466895429521966,0.6441752485553468,0.734555224065981,0.8841946758814987,0.6601867362046406,0.8545479749737228,0.39047373673243413,0.9667935515972644,0.37277559554508766,1.0118047934182326,0.6770276597588238,0.4854260657110777,0.8473875412181897,0.37020160415437986,0.6047732956415837,0.8075208583465185,0.6055206003467175,0.6202418476658538,0.7051145931649024,0.8324123947105668,0.864842772331568,0.9490283806883091,0.5445383122294962,1.0674282022388537,0.8622748665077151,0.7970950200346675,0.884705131365353,1.0122094008791565,1.1047643444815471,0.9200426389588827,1.1991588494423033,1.2290835750577571,1.1055881161525365
380,0.8923837312760398,0.66825087657301,0.5223467135953981,0.7769691603471651,0.8093496080504488,0.9904270918907254,0.8418409896651635,0.8350289969735147,0.36636916674331677,0.8422420532362647,0.5491600221113535,0.980536892037697,0.5691592219849064,0.7269017322128024,0.7389137102682812,0.4106341159397855,0.5981740729117329,0.7466694545186291,0.5268927491442472,0.5939993900096529,0.6741740545918598,0.8173589069898545,0.8382728001654853,0.8049520899034495,0.6196613225995191,0.8927496653963516,0.8297909634782515,0.7456627115728507,0.9623738020443526,1.0357202496282207,0.935670242713327,0.962287440652709,1.118863533928152,1.2264690445672624,1.1607597981870394
381,0.7963834778982145,0.8057008717756227,0.8782949909438066,0.9470042352157607,0.6590915892229623,1.131900249392499,0.9238580605522385,0.9100815543525332,0.4212574978657502,0.5441085966262235,0.4218929545244958,0.7032458662468043,0.8573043803027324,0.7398369103036088,0.6588356856890267,0.6127842108315235,0.7368139463252468,0.7104570394599035,0.31167656878086525,0.5244592335791328,0.6285912641000614,0.8985834608693125,1.0258423301096689,0.6702159353037074,0.6121527870509956,1.1785856508514017,0.8726264072829697,0.9348197240017249,0.9885059414112866,0.7923236939998008,1.0440575005124648,0.7162576718273819,0.7255903278241767,1.0244757222769092,1.0670563279326055
382,0.7725525660919519,0.7605443562964702,0.7715498299518109,0.841806455584869,0.9151163317293565,0.9635414662718287,0.9755870886844152,0.7954237435404464,0.6816589022656716,0.7195745687144741,0.6377613205742005,0.8214914469064497,0.8059525088209388,0.6225316700504459,0.835505606342531,0.7163773452150481,0.6172908067284246,0.7590003803236269,0.46929886236590634,0.6525895769225074,0.7376085130243508,0.7556909668029048,0.8648612610806146,0.6120505292048987,0.7849192809345662,1.2252719738045394,1.1228161842601967,1.0727226244375905,0.9447068008695635,0.8498996546765007,1.2396436373502118,1.062648286518118,0.792900294424235,1.2535332683215263,1.0945507670643853
383,0.7242343595876471,0.6312896136519066,0.7222018313181369,0.8378518734863319,0.802843708378367,0.8644380570667843,0.7269314760399606,0.7664038688941118,0.9678548831358399,0.7645701066529669,0.5993621604599533,0.8485777878618026,0.7511586694611854,0.5496475044490958,0.6307107688889281,0.4796107984437369,0.6652780968770247,0.6024867198177921,0.4386891492595968,0.5078946390005785,0.6590495590428818,0.875405935796057,0.9194172948628224,0.7005808587559357,0.5739148335326406,1.0094323931240745,0.8487479079560429,0.7228153748844979,0.8457155040095861,1.008587174744503,0.9758159671289962,1.008128369268448,1.0021984804608879,1.1008676123468593,1.126445928618463
384,0.893215136361897,0.7147591733300648,0.8115818145936741,0.8675366023794517,0.9748580564957456,0.9560003529182083,0.6247162798386718,0.7482102570453304,0.630509633193765,0.8652425500173969,0.6442483654935245,0.9401864780781493,0.7910552885178652,0.6300720014552551,0.949443522440512,0.31832115855035736,0.6886598397006012,0.664028034787493,0.3858328719763088,0.6407008766298374,0.8350081496060401,0.7817554919777723,0.802423130432032,0.8889859489685417,0.5475436337625628,0.9341600828373047,1.199169405418237,0.8721217447018679,0.8961176947772429,0.9570542774080169,1.0261819930039353,1.1074929437659853,0.7899158927349901,0.9832165856017723,1.266851882057481
385,0.8143582751568872,0.6848433711680337,0.8166725121173269,0.7593760512624086,0.7553607946774568,0.7742921285346119,0.6680476225323075,0.7829101916564128,0.7098485072653279,0.8024051888066339,0.5325150091988866,0.8298504863787757,0.7074849352053805,0.47415144755710215,0.7243283478110496,0.3725356506566664,0.612520151711031,0.6915350331974468,0.42066189254784514,0.5942887715960975,0.6559755147735509,0.6474170962652314,0.6922545998526622,0.8521909075326015,0.6188110449944633,0.9638889449027446,0.9533509409819613,0.8380426307649006,0.9571475268649068,0.9491581201944178,1.0865249314419578,1.0335166143177321,0.9702676298740183,1.0185848239933657,0.8394171525555867
386,0.8709220345180233,0.5400779117205754,0.7000488212157958,0.5698357645766321,0.7692772372770897,0.9258521698603386,0.613800427757242,0.6209759516126198,0.5323070867646538,0.8606357531123784,0.5608661109956619,0.9783112701215777,0.7130859217800511,0.48356082133940337,0.7015683603218685,0.43644116305106584,0.5039092696481591,0.7877512413665421,0.5064231443153526,0.49093793752495263,0.7308352127626982,0.6040237434323434,0.7642665626237479,1.0371006702101406,0.5618982703462185,0.9007742625806656,0.8429750543798592,0.7962041742033042,0.8127820409633626,0.8333991696021417,0.8731842518499255,0.9066135985465862,1.0840678059062325,0.8315084996911912,1.2235896121207235
387,1.0279606926753015,0.706870582999805,0.7589102625927482,0.7981860778954026,0.7034509967322995,1.0674165502850503,0.6090956071467469,0.9131176681346252,0.8005456068560908,0.7119485336101592,0.4974359447286351,1.0405091904703125,0.787249000520649,0.7567208973480475,0.7634591304334948,0.5922292047091814,0.6659210059333688,0.8246277993732795,0.5672254490074582,0.548281442478398,0.7498137146892759,0.9196335517748937,0.8206351859947465,0.9224942507247469,0.7140766331319,1.0487748256510683,0.9337934270979018,0.8398686965808707,1.1233225542868537,1.0559243936145342,1.2308118348148576,1.160727044962801,1.1220238225431738,1.2620120079945554,1.2333567267669858
388,0.9366750763911276,0.8256689748880213,0.7749047808411544,0.909029082574898,0.8130768018187088,1.007474158328606,0.8448116056088364,0.8849381807264654,0.7463262353147462,0.7490874060637602,0.5979604177781856,0.856742234001711,0.7867729017627216,0.6094297829756012,0.7123182732380663,0.3934702550439316,0.6547519829762474,0.8287840926210308,0.37517353272450116,0.5509096561931834,0.8503865033018966,0.9392893644166143,0.8121158880444383,0.9386047555286349,0.6923445037477992,1.0399308485639867,0.8379065264078744,0.9105059026095474,0.9756105577126706,0.8862287174673118,1.0173175510883046,1.226658484621426,1.02505217885802,1.1982617509096474,1.2060984920347706
389,0.8546517651126448,0.7274849283102376,0.7217536661415589,0.7165830475348033,0.9073050786138385,1.2766609093927093,0.6686581530957592,0.9080520447195638,1.0195865254962864,0.7527007792421617,0.48402905811640784,0.7493886570837762,0.6537225296187097,0.7963460535212945,0.573535415429101,0.509308373832052,0.6356026520047154,0.5660503693262338,0.5077496088068344,0.6942450757805643,0.8034889976673255,0.7115908667595543,0.7261245647882375,0.91530019970012,0.6800844701227664,0.9226503349502464,0.8167117156668391,0.8422286971229916,0.9769556719153858,0.9052286207268994,1.1378809615808392,0.9361873167453743,1.0291816423689524,1.068563839713844,1.016871939471201
390,1.0677424334070365,0.8530956508111789,1.1330967064215531,0.9678554673901971,0.6745961688648823,1.053203977090736,0.6678220999111997,0.8365393964878645,0.7209286213176564,0.7088024602041312,0.5199388566333966,0.7703451757819599,0.8908916651526776,0.6524882720570476,0.6768124070499496,0.45933546108525425,0.7738895759367967,0.693254662882226,0.3894185341351909,0.6307501749982921,0.7952088272598594,0.8419692324264934,0.9331477477228249,0.921399654816842,0.5668375165020669,1.2053236156041613,0.8472296327326884,0.9199800972601565,0.9463173089941932,1.0814569244223147,1.3902367077604443,0.8518427802520887,0.8939970261410097,1.2127050816220561,1.1089800529726423
391,1.065380006098474,0.8918246267455897,0.7419094541880185,0.6684896206763548,0.9797371594448658,0.9394472450362806,0.8062637304881448,0.8147654172480495,0.9443632868410792,0.8898685870202105,0.648273932680899,0.8856156011619347,0.7681128483061751,0.5822263960156128,0.7732325137429146,0.41166552318601296,0.5127348622301512,0.7412350021183789,0.3626037888982544,0.6600956836815409,0.9530102467342523,0.8544245966142773,0.6989121951040573,1.0352606040266892,0.6984784622239223,0.8733369747987914,0.942448827943599,1.0950474547876248,0.9589203255284597,1.1095015327320603,1.1098876759869163,0.990620899760524,1.0678948435595044,1.190969320850228,0.986533754251693
392,0.920468342071068,0.7428208925366013,1.0534759124431279,0.8496546303642973,0.7369601692284383,0.8674023160529611,0.8116854912998839,0.89339084901391,0.7006372045252847,0.6737494215363924,0.5910681827746457,0.7940967809407623,1.0547684306565812,0.7058257462077141,0.6916792283700943,0.5098043830888196,0.6880200209255553,0.6374779236720589,0.3281852998832906,0.6383954854030126,0.9518053014784625,0.8807507479153822,1.0655253272422236,0.8871162153524599,0.6060717357579013,1.321520092420946,0.7642838703954615,0.9334623302547168,1.0363636090835284,0.9572726960721787,1.4940377646944147,1.0143768603309684,0.8750899648866588,1.1817324057437695,1.1248905585228985
393,1.004747101393626,0.935559073732224,0.6494542491732215,0.7478289539840386,0.7507789102072406,0.99902009783525,0.79729435277405,0.8386520390648087,0.7600107043702877,0.6904931976336726,0.5653780592335214,0.8821448441923042,0.8253845339688477,0.686326649905598,0.8219871992133598,0.6623015656332538,0.639988966602242,0.7203846284616878,0.46580866860345604,0.6847868788984484,0.7870221363285496,0.8733253246688861,0.7314585851434581,0.9770990795348964,0.5620011848161919,0.9934422361757776,0.9389904857022718,0.7945582402366707,0.9217016450783385,0.8970882929505213,0.9996798573873804,0.892249865869749,0.9592925922376409,1.1735347250387393,1.1098696914512445
394,0.9453753710158764,0.7936167379395394,1.0390605076502923,0.8757271441474681,0.8286284404183901,1.045243339421421,0.718753458811832,0.7888525468642731,0.7236099326374452,0.7332383060818686,0.5812873083409708,0.7679744361217273,0.8507578252472041,0.6780830840578456,0.7308564697506892,0.6103294431245893,0.599983449428876,0.6549519379872037,0.379288860180362,0.6190412402431926,0.8890966285196742,0.8854494120310262,0.6757235061338273,0.8541419276140491,0.6725299495135602,0.9648893329335317,0.9104824442737344,0.7693865338685552,0.8336365705771784,0.837815364108844,0.9592600775192768,1.0140626903418115,0.8418860191137904,1.1594346881892137,1.1638572174252317
395,0.9261238177428166,0.716886662962165,0.7653480262699616,0.6983622841593193,0.5565758322450806,1.1844665547612232,0.7213914497908276,0.756171806684798,0.9097056221245051,0.958785546543082,0.5968979921821838,0.916863157919886,0.9033050838430439,0.6839549918697694,0.7800868919243857,0.5801269259185035,0.5705177839983324,0.7518991570367344,0.5567740547880324,0.630650499364478,0.8599426390127233,0.9532081701505918,0.5971222212557922,1.2113158832690198,0.46852851217446556,0.9808951410149023,0.8209462892431383,0.6527225942872974,0.9381929372027156,0.9980170451982466,0.9691494153299239,0.8625140759664739,0.9899873443534652,1.0100615331878544,1.059314699162692
396,0.8354616858064792,0.7620937579495932,1.0233389372162036,0.7491040801595664,0.6595999070729786,1.2343481154659939,0.7090142398784719,1.04387454000213,0.636359913980304,0.8143233876178663,0.6903895641641271,0.7458181751363216,0.9424368711744704,0.7196560008048511,0.6442706163123826,0.4513676600898717,0.609006029089739,0.724517177906748,0.41372978864438686,0.5924567056618926,0.5455465696127195,1.0545136125431462,0.7592327829337335,0.9163902463506377,0.5495194877426178,0.9760870101322049,0.8016808383184104,0.7818370833157591,1.107307288468228,0.9732971453927334,1.2676246442018355,0.9751206458156281,0.7466062390651427,1.0476540333718745,1.232783848646565
397,1.0499896957417554,0.6020034020689007,0.8456134323991387,0.6709097683035912,0.9366789759348089,1.1869340756587052,0.7034987722554445,0.9073837304862815,0.9426603985808655,0.7719932114386991,0.5652756616209351,0.8486771906369031,0.8507928645471796,0.6888460289565259,0.8601833608975724,0.4958401358815331,0.504026062056702,0.9310457705029549,0.35257474581126746,0.6161873138772818,0.6918096588798923,1.019909021987966,0.6315712672039593,0.7599589484022875,0.5009927805155838,0.8642560077721971,0.7845912829646658,0.7451356647509109,1.2538485288547814,0.8778472655842819,1.0662309564057633,0.9151022765023376,0.9380006359717522,1.1035533905245807,1.298730283380682
398,0.8983697641995927,0.7053262321941414,1.000131840213824,0.730113017340398,0.6925932401874897,0.888960133476028,0.6985205012190558,0.8730038610767945,0.9155023608963179,0.8789505676511722,0.6832958493490612,0.9089018128896706,0.7673374594918219,0.5519462794432749,0.7680163186016922,0.5516408971550892,0.5663837218033765,0.6232976288406076,0.5096313577204428,0.5279914343540424,0.637289038005414,0.7815937030729206,0.6942655675040166,1.0884101928603718,0.4592492807120021,0.978012152526353,0.7830921521760568,0.6718900526828955,0.9335499191507144,1.0447194547961192,1.0471882726997823,0.8854524844657696,1.0028183452130888,1.0277232293618566,1.0926732246975575
399,0.9073821327650768,0.632411041976165,0.9879917134516567,0.7778743722906942,0.7825577478887645,0.9840019991668545,0.6427474153789978,0.964987559638522,0.7031445661378466,0.8453322571377986,0.614531144245099,0.8400030423409963,0.8624615299298302,0.6640247110502383,0.8118904221719048,0.5589074284621142,0.674016226024158,0.8244809045892235,0.5470682237427678,0.6345770777983251,0.5523974692902134,0.9660405056941881,0.814948942673531,0.9261927260181835,0.6807847283869115,0.8920950918523591,0.8731423137086805,0.7215771451542312,1.0582386737077414,0.8271007191295853,1.1484069943978046,0.9924757073296825,0.9374431386459983,0.9553251259561363,1.2771169155283086
