iter,a0.0_s3,a0.0_s2,a0.15_s2,a0.15_s1,a0.15_s0,a0.0_s0,a0.0_s1,a0.0_s4,a0.15_s3,a0.3_s1,a0.15_s4,a0.3_s0,a0.3_s3,a0.3_s2,a0.5_s0,a0.3_s4,a0.5_s1,a0.5_s2,a0.5_s3,a0.5_s4,a0.7_s0,a0.7_s3,a0.7_s2,a0.7_s1,a0.7_s4,a0.85_s1,a0.85_s0,a0.85_s2,a1.0_s0,a0.85_s4,a0.85_s3,a1.0_s1,a1.0_s2,a1.0_s3,a1.0_s4
0,-0.338672230362262,-0.25076263930811066,-0.1682566413526771,-0.38429135855169816,-0.1802889394356113,-0.277743835584877,-0.5454919141171564,-0.5072993473897565,-0.21147385249120657,-0.23820335507050172,-0.3261085646543621,-0.0919704398003393,-0.09620032254556261,-0.0934855807055654,0.013665412704593979,-0.16190441780041082,-0.0634706450243647,-0.004053527774706237,0.041675860330599813,0.03449662059353094,0.10756394826453461,0.16423246733163305,0.07544163038605742,0.09184731946109041,0.20907532138814577,0.19746353531119992,0.1714149524452943,0.12949833793537674,0.23035434091984164,0.3277888379284839,0.24757096009233567,0.2949554268651471,0.17939683721167146,0.3244987995637535,0.43737054550418064
1,-0.39434770449796686,-0.3893577459975015,-0.23073428684393188,-0.11709672060247436,-0.351445317165733,-0.50632426947581,-0.23469531553431933,-0.5444444960755693,-0.11604500987295646,-0.073607911047059,-0.2009403627295896,-0.2726802472405871,-0.07637701950623893,-0.1263076602288413,0.05299277338806217,-0.034836418197702064,-0.01091931510398113,-0.006525256256747953,0.07778703766001399,-0.0302034572548769,0.16541892624976984,0.16300817877384166,0.18197525791103303,0.07738972392921577,0.14621641040827996,0.13509363802773908,0.2818929334283685,0.14770868695712303,0.31986300256745526,0.22545565666918133,0.3046701350424506,0.29250398019843904,0.2885774122837588,0.40188434846161897,0.28954657755287044
2,-0.46388128642697807,-0.17366341517296208,-0.17961621588422144,-0.10867607416611925,-0.16403721466388183,-0.4456887588158075,-0.05109656977994222,-0.29519484699448506,-0.3603302617551016,-0.0051392006690516995,-0.1740076527427809,-0.11310566328574434,-0.09338520234350209,-0.028255301533258566,-0.14823735004750838,-0.023067659983037263,0.10703984606235588,0.04777663358019327,0.08639017558841781,0.03326044481139398,0.14537526453944855,0.2075102495611144,0.10030335448292343,0.22550904507638608,0.10512539524984618,0.2918673670917564,0.2268500971486493,0.22147010544022444,0.29073999993250466,0.22531267468669175,0.2605182607521713,0.3293187155246503,0.1799159427815838,0.45242160035611717,0.23733917316512904
3,-0.4700661392877672,-0.16245414614714326,-0.07884500746171888,-0.14830280691668646,-0.3316344175552001,-0.44931119598146546,-0.17277970136149795,-0.2745049635207853,-0.36936449602662635,-0.07873971335025057,-0.22215631268845046,-0.12882319499853562,-0.1261465212989214,-0.15450733326750193,-0.028570930397150654,-0.09573887597551659,0.03768125517175881,0.08931045254503214,0.18453436399517106,0.10000691311565457,0.08276065336182192,0.15798783525733745,0.08457144329008631,0.06456679339974433,0.12467862391874653,0.21209535407266678,0.17422305221374917,0.15981248521122748,0.28750374246195365,0.2148850497437449,0.21589330785461847,0.20705095099310739,0.31424233347625674,0.3899404083440736,0.22911940069913014
4,-0.3368675293956812,-0.3865932546257379,-0.06315785561928178,-0.10513680850811141,-0.3348797318814593,-0.2867326646125141,-0.21338949280310807,-0.5541791036060997,-0.3105679989261835,-0.0002564302380374493,-0.24869393652293192,-0.05980848987919363,-0.0544435635894234,-0.07851044786413137,-0.05307445997014541,0.06679050448914302,0.019636572265038416,0.024636551586754842,-0.023386399848538082,0.07384528567378376,0.05429745166422085,0.06659414226663274,0.13545176171227363,0.1705806113941353,0.15975920375472683,0.21102462878869524,0.3214439633001107,0.2125802686933047,0.19698089282325984,0.21470409114602879,0.19025720221853587,0.2802831931934109,0.33545206538289807,0.2539788507418921,0.3803941708781994
5,-0.4457183564249945,-0.2140546156192754,-0.08712068887634174,-0.14383230531520877,-0.35479372586069846,-0.2612642636384298,-0.22545082601335212,-0.5072361704868524,-0.12263766380007574,0.05738929428595889,-0.19768721365656958,-0.13622901662952844,0.016954189214363497,-0.10546529608724992,0.026777498621746047,-0.13862337571545605,0.06231641983095222,0.040350716767194095,0.1474388335445269,-0.049392154949529435,0.14376048538427924,0.15848228602539494,0.10879998870664234,0.19475525174773137,0.14390357690855898,0.31995355527040925,0.2547402535046469,0.2698942231888374,0.25835298309043264,0.1777469813102195,0.22773052740465824,0.3931578652769356,0.27799548828887,0.30397462597580116,0.3169210845597553
6,-0.20244659583392657,-0.30176956538376115,-0.2052809645594467,-0.23513240995037224,-0.27877402593681744,-0.35064472678729375,-0.1260159896751932,-0.36266578908352,-0.3191599265486129,0.08596408606195548,-0.036208436368883906,-0.1183222532311082,0.09166580729372469,-0.10587391837350854,0.061045802405530744,0.04077340606561783,0.03361245752976512,0.032698868779749334,0.20284399526843405,0.04426855219657754,0.13343283263582464,0.1485299914284453,0.16913307877066064,0.1898704998167313,0.2045760514323262,0.33088517268672313,0.3675721625195157,0.40161051047914553,0.34909271408769516,0.2854204659383575,0.23422392978326903,0.24814175183842158,0.41578270119320127,0.4578949187400798,0.3340408147018694
7,-0.2739782675176231,-0.07250734943695994,-0.05394829991091676,-0.14616660511569146,-0.23144567629467805,-0.25371541533584707,-0.11896609502789957,-0.3300855757813205,-0.2338778658007166,-0.0111683126749078,-0.04778878801650019,-0.029290749805722018,0.0480813390688841,-0.03180713626306711,0.022425036357495695,0.025981299709272612,0.05275289827569323,0.06031556050886361,0.23975884749328247,0.048593802220873984,0.13368042271019534,0.19982934331001267,0.17101990569501724,0.06329879657247461,0.11062895928495661,0.17334079320100632,0.37961115795071043,0.3251146222665142,0.2628408412573802,0.24860822075794986,0.23162326230242136,0.2780339131923142,0.3840916247970806,0.26669048188458566,0.34034917752533056
8,-0.14204105891038238,-0.1462213650088268,-0.053946917386630266,-0.048337935455507894,-0.22587816084839893,-0.32317111568148404,-0.3064572597380808,-0.20931681249939993,-0.18499521272201883,0.029494916974305417,-0.1794770730568932,-0.11296374517164123,-0.004345241959740544,0.056216943155216234,-0.057730149380218546,-0.015691832813482288,0.14640597743281863,0.12294278805269679,0.2847609082915271,0.18310259929459088,0.1738247522633063,0.144473993369511,0.21726102780772025,0.1453057260964824,0.19776828615649722,0.30190708663139165,0.4567595960044586,0.22791502654381973,0.3371285286747175,0.21811028548570513,0.24218553414498803,0.2960140095215201,0.3461965101693824,0.36433279508055294,0.3946334753763599
9,-0.0883873149933004,-0.24372163757141524,-0.0840325896240185,-0.07919250793235302,-0.1097340316058628,-0.07300410201204129,-0.10619101241637705,-0.16403343068895027,-0.45557943116688343,-0.039532102195626875,-0.13557939471293234,-0.0997083782543079,-0.006699796466332883,0.0646635703369684,-0.09933193647226224,0.04561498209950672,0.1837884217357137,0.18064684892183683,0.2608820459716954,0.031021066697099562,0.130967021435049,0.14985559342509142,0.23953129692529787,0.16378679328223728,0.2758032805072982,0.20810399690298628,0.4043404306781196,0.2975905502418376,0.245324494418483,0.38029350200262413,0.18032488961905735,0.41486273581653804,0.4781423894821475,0.3072619125399694,0.39384477774615234
10,-0.18463321835490723,-0.37828125054219,0.056704360949516544,0.09928629959131977,-0.398487178825221,-0.005033344658310223,-0.14419147821295264,-0.30412828264576164,-0.052138665016474905,-0.03521733220877071,-0.21282725867602895,-0.05624255701439215,-0.012422286815968272,0.024659523354274605,0.056459964531280715,-0.01510542437603142,0.1809560807195577,0.11361022162713307,0.17002306493903097,0.03980951439758221,0.18063980694765583,0.1349772394533527,0.2012061589872043,0.23781813024190326,0.15486347028017042,0.29191357296794135,0.49694783084675004,0.34422195497475216,0.3466855386093405,0.2556405597208685,0.2324269167809644,0.2840771181693443,0.5260943393242259,0.3260112319499999,0.3343045837955502
11,-0.22571661475570348,-0.08232284116165448,-0.17030582059568106,-0.03290889166431505,-0.3103308571171994,-0.07869765675222108,-0.07563591173257123,-0.04228914738903561,0.04349554827087827,-0.0015309843486601554,-0.13368501751604764,-0.09602187176679187,0.0009978111586354949,0.19433386106418374,0.03601374079131906,-0.01009514993037821,0.12711402093538324,0.15027304131467079,0.2421210867116596,0.09988867580272581,0.13393661092806342,0.3006118025314015,0.23035801532309047,0.2960939694841316,0.21544552153659524,0.37821917898608326,0.4166852117689682,0.2858250888219047,0.3424393653595822,0.15148842982221872,0.36725215224872076,0.3557036151070516,0.572911927470434,0.4731222202420424,0.30901403504614794
12,-0.07215714941329804,-0.09947434243100525,-0.14929629272079506,0.13097989243346592,-0.3289734639085278,-0.03607386368410039,-0.10605504616837028,-0.006882391999796678,-0.2968083664606771,-0.012556210806147296,-0.11562546275847259,-0.14925352993108398,0.020655059976596578,0.14445936581672594,0.017404949835384202,0.13648248309892824,0.19009053651004357,0.018563172274239138,0.34206021421000105,0.02032749936351628,0.17714356614745622,0.281329497647491,0.2291709843273424,0.18812991763017567,0.202895866773151,0.3123280219344192,0.423438448718921,0.33750367435065154,0.29519224295275837,0.28639713772046504,0.3812041376986207,0.3434109204501081,0.3809618352263435,0.4342652430461589,0.18839782518362846
13,-0.21355415205970693,-0.2219226118234377,-0.02396844269494647,0.14157722032824716,-0.04356243025811224,-0.05359934503584542,-0.09961615127450794,-0.14180751983719653,-0.32077140494757783,0.016415421006442978,-0.07072278812083763,-0.02459004599635508,0.07681444171361607,0.3097391262673558,0.027501530490660363,-0.011630203017370572,0.21215698272621758,0.22712263339875205,0.24962418604773562,0.15714898033940755,0.17661709119976898,0.19000997816692972,0.19039914452213483,0.2351811874267652,0.21596248411095298,0.31790950876262775,0.39107333581061565,0.25251787223308864,0.39612943137642015,0.34508009448771654,0.3223882482367846,0.4462080863038063,0.40502407617035213,0.3646150100141943,0.2808986824771722
14,-0.17571063572149165,-0.07916010492806172,-0.044974042638513,-0.05117261970200961,-0.04159818047925156,-0.01794806253526576,-0.13829952479346316,-0.12989232155845465,-0.33305237014404643,-0.09534019173566087,-0.06915186845588209,-0.01873437319203701,0.12489972412892293,0.206110799253094,0.13094208581525135,0.13919373078133027,0.13904855589807225,0.13987954799752605,0.20541869370192414,0.2183138439431348,0.28872278280321706,0.24688185646623312,0.14944373399960342,0.16238831869672543,0.2503273411610538,0.22852083465713718,0.5326430422918293,0.29294928002617593,0.4447093330822435,0.3188720199638273,0.24929611741336616,0.3054082609205305,0.40016274533002183,0.3904480588551519,0.3695447367315655
15,-0.026287285114407366,0.001538020122105646,-0.068546340919585,0.046445410363321234,-0.02854981399515566,-0.183952919823278,-0.05520013123660412,0.12507020192737256,-0.17605900710079497,-0.13793775967501193,-0.1443585778463867,-0.08074485714958304,0.1456682701808242,0.20002857355829168,0.09453153820105732,0.07512175122156281,0.11711491486765008,0.08874686265359016,0.25486851989681264,0.19449348985214765,0.21186464726927817,0.1906440932204795,0.21273394980231022,0.2652152790460563,0.2522523077281076,0.24924073637697367,0.432064307127365,0.2186078258258849,0.33450514870250025,0.28596269023589627,0.37713611537846425,0.2965579076363532,0.4273551735170843,0.46890276814433174,0.29744913228222714
16,-0.0261453381548765,-0.13804645967053852,0.02315906432558268,0.1873884510956224,-0.15597422807440778,-0.2331176793784584,0.02820521231377482,0.12505160326265638,-0.22073332160968712,-0.08392401562299419,-0.18941125629279826,-0.06976910230522551,0.09698873704299556,0.24489802458929782,0.11082202230787921,0.03841453695234499,0.26841365237189696,0.20406893228304285,0.11063715299216567,0.3346504703487581,0.17968651129678492,0.14743398266970564,0.29041113901097326,0.2969671042511705,0.20097637519485967,0.48471151495815973,0.36269152484447376,0.39443793061173726,0.2889624005487199,0.24189322005347613,0.23512330143794713,0.27228464316137574,0.44748506148801004,0.33830767425909614,0.29522978901671765
17,-0.021250329437812035,-0.054854455783674747,0.03526862464508308,0.04944542500481108,-0.1295335402458554,-0.16582797728343043,0.06342892148923411,0.14440731847193378,-0.3746332682346047,-0.010487344014887778,-0.046842891819880265,0.08141595670136362,0.004388842149304968,0.35176162926295607,0.2053827433038678,0.07129265855986276,0.17526166222760126,0.12406190621450527,0.21071396615054175,0.07388967349298779,0.2782792204057868,0.19112128371460307,0.28635018672150075,0.2764490393516087,0.23930519801563988,0.3552370716476756,0.4257350049991731,0.4870838306682978,0.3622478418743533,0.3421379477326627,0.30267665016471607,0.331835525834961,0.5541902071406798,0.3216796660103364,0.2343879173845633
18,-0.1344801072469119,0.13644281471636335,0.09776053947020372,0.19888861229521254,0.0069609643026693445,-0.09899848201671567,0.15072714057276432,0.038910132781929556,-0.06318625394942859,-0.026733763688506343,-0.05834699598043152,-0.0032791208433079096,0.1369146157994059,0.342551084836174,0.16066313475100552,0.377830662945555,0.2944732928855287,0.1521995951038341,0.28860534650278785,0.08087613169799156,0.3056919843577009,0.2216304051966555,0.16599181312569866,0.32240883673171994,0.3510932013225072,0.3549783729757607,0.544165676269967,0.4907588471963792,0.35824885568597153,0.4088443905734608,0.3570565624164521,0.4531277543181923,0.4976257726009826,0.36270959174661177,0.37703079580941
19,-0.1529925837560118,-0.02813857744889542,0.09175142971607791,0.3572269411522857,-0.15077919844400367,-0.128351101391241,0.25715838375083416,0.10445263918289244,-0.13957532974878453,0.0298454650587052,-0.11527964321349898,-0.04823804210637912,0.2455017248918216,0.19226061776288444,0.1906317667040167,0.22943664421195958,0.2028637145174453,0.08293630865779678,0.20772976952151806,0.14615214336042665,0.20677123373257006,0.26230800684683486,0.19107451142109505,0.22995387052358507,0.2809069358563919,0.39340506170947476,0.4558180725271523,0.4225107083473898,0.30310861825894475,0.24743323299257108,0.3256008486932185,0.4518269300056466,0.41476566217946165,0.5584812098798904,0.3436926591591919
20,-0.12785317303028457,0.08989198182040783,0.18173127851431842,0.2083768163515406,-0.14748518696321397,-0.18113784846875472,0.10183582697111018,0.05790912336528885,-0.07934576900220297,0.07259370801849921,-0.05190355829915809,-0.08032207896466952,0.34020418606271785,0.2652173946147873,0.18725469952190954,0.21490051704724122,0.31022408421059455,0.09440029030616488,0.26062863564077543,0.1137492720362723,0.2534680057999986,0.2170798221769511,0.23228700317714157,0.2680001895542928,0.25460390260832866,0.3792903211216436,0.48487778851151875,0.4899178740760282,0.23521152097715034,0.2502680125783511,0.33685104694414947,0.3939038786301797,0.49541948921973455,0.29522475608340965,0.3153013595124853
21,-0.10519132134574913,0.02104288301441468,0.2101293289936853,0.1566451684781517,-0.17346294391417458,-0.06458670901283196,0.1960925945780423,0.04344523630099686,-0.09126462219102878,0.1523906768856488,-0.0856560257648494,-0.06451633325559855,0.16342233367913275,0.46664018101927524,0.11996743792573736,0.16946409712976457,0.2560552126399942,0.19215795810700292,0.24302977068852974,-0.013428201160777475,0.2794803377189303,0.1300660681634722,0.2496889555054853,0.2720139109182596,0.37395103002782437,0.3385529521935716,0.39678057947405443,0.3976379248361981,0.22233169104961512,0.3510970053336424,0.31248940818122195,0.4303742850196051,0.35066923352919654,0.36669116484911457,0.17703327849087333
22,-0.12123834708513788,-0.11295772777203822,0.2574040873506616,0.28760816179784754,-0.033056494382234944,-0.004554931110646573,0.10357515379832935,0.08021019792868117,-0.23860603646179843,0.0762429063488973,-0.032306062429391345,0.019426671378607173,0.18120894279276328,0.36385018773234645,0.17601052664586087,0.0820237515789592,0.33430673811876127,0.09842952448285715,0.2553881037760184,0.15513961627813663,0.26895340813739876,0.22926844938353777,0.2291820708869843,0.23495100712499956,0.24688073211285227,0.33386085656738596,0.6225345543268439,0.37308685582820345,0.3150678161154303,0.2808808315294299,0.3510093440908424,0.38079015198185745,0.48371321684087704,0.5000964482855528,0.4061945496934703
23,0.020660021558082685,0.11907962113360668,0.11948703683200493,0.18485565531372028,-0.20537088570781914,-0.23556103253536498,0.11685693212725602,0.26987351712637453,-0.23123612647177716,0.14332227829601854,0.11878974626166491,0.0656298655553956,0.16950967212953505,0.22712200320081488,0.15676728944134374,0.1594413185997606,0.3473843205481983,0.18137661365585417,0.2969509460903302,0.1686464467397013,0.3378466094354112,0.19205621314318538,0.1959409949663899,0.3050140633955269,0.2221110188873022,0.442660947439595,0.46925189498716924,0.3328792177843384,0.23739396487345799,0.27116201908130344,0.30805965946700736,0.38363462370053253,0.3388155047278852,0.383471628779114,0.2776680516240027
24,0.024060657847440662,0.07751456445151164,0.2679925605491181,0.35373800067907113,-0.14792720094972128,0.16010019963313396,-0.018748627904612236,0.2891831797753025,0.12130693813337677,0.023043605570362936,-0.04183282672880728,0.04949259873056321,0.09129026360331194,0.3347569806553625,0.14804687997328303,0.1934457861309454,0.41779788176507,0.21055711317268597,0.23984074951843593,-0.017377009470007178,0.29195982041767493,0.18026581552504786,0.3130340898066501,0.29157813037308333,0.3250982616008987,0.3762181350468549,0.46371621135922636,0.42502669377855107,0.30044724451328764,0.16545478397165547,0.2796996925160554,0.417582883007629,0.4093430834667825,0.4098721481443979,0.33114221671592364
25,-0.13374215401315137,-0.040031233056734984,0.27439174269727484,0.3834317091608643,-0.009098516169232978,0.08303925594645484,0.018930943114796657,0.16841904848560627,0.009688638702921654,-0.05167181949046218,-0.09692237123716359,0.0020550975850565454,0.23400343207127045,0.3976678309236367,0.23885179188719866,0.31298649893550634,0.43869951617973413,0.20923264240925118,0.2895424312480236,-0.038453359158401715,0.34779696867783094,0.3521990511428269,0.22522158603702552,0.28476285685154895,0.25840266596430284,0.5500576152562715,0.6294628026689978,0.42284605167484934,0.38446935010706007,0.22634269575084384,0.44994027060413444,0.44548447295175175,0.5619660570181968,0.5752811369478977,0.21224578704842834
26,-0.022516666718531184,-0.08655322459899314,0.2611302815758733,0.4034777087882514,0.04622895339981693,0.15312487640250066,0.0664514894689414,0.34427601550724385,0.14602195489407657,-0.04465518264607517,-0.03793896822341302,0.072157695254241,0.327808015153682,0.3728234801391693,0.20558638644591185,0.03388418336651262,0.3055810525753487,0.14355939890138958,0.34936018676892644,0.06178134974807396,0.16510511395733232,0.38377466448081915,0.2756764199048392,0.17730442447468142,0.3009374454698925,0.4427796191812673,0.5319448520258241,0.38528883924532975,0.25540622343218705,0.17718954830664957,0.31630578115141517,0.41953666712476245,0.5072188743307164,0.5439411903238107,0.34617363853064476
27,-0.01861329804863078,0.2549022729733483,0.18982346569390163,0.38493098177990337,0.09279069082888045,0.07536610891689882,0.2299158800198718,0.19267503261176303,0.043846073205743685,0.08745014276697906,-0.07953021872659416,0.0703230631485595,0.19845997906597657,0.24875283357203123,0.24463226960545933,0.3009727014196963,0.35949962512308264,0.2113002061961924,0.17256951619718336,0.1017479926983558,0.20552835491240967,0.18642747498042206,0.2006453115949249,0.22261941659039125,0.26953118692439837,0.39735742565998095,0.43257603699968517,0.44651783861461103,0.3484869340126479,0.18552075977409277,0.22429039747535057,0.4116251720223926,0.4680411967278343,0.5510919264478173,0.27380221827368345
28,0.0011776644307692156,0.19823270076702754,0.15315037235344803,0.2892651674113716,0.14964790589767255,0.17265318436450414,0.21833914771737611,0.39057624591616047,0.21399879166372737,-0.010437018207756037,0.038617107004067106,0.10031390629728555,0.17953032715076417,0.2206890440866265,0.25496767486529315,0.38104623648157754,0.26680847890231396,0.11628746539127927,0.29023667256467933,0.03232644708008701,0.2966383699995706,0.2166313488519913,0.2684704897251886,0.20217790041366734,0.3257069234399842,0.4166815459897924,0.6047999118835283,0.4729285820472654,0.3846110933683144,0.2495924979832028,0.3103396292833369,0.4408263970602023,0.3719779289454601,0.5121970585203117,0.38926906396063066
29,-0.0038033728706238223,0.2556174051957685,0.15158488565932154,0.34757132547878133,0.25945649157634143,0.3600897796258716,0.202715946501433,0.3248438969506624,0.3323385470550583,0.16179007545360868,0.06550530874825194,0.0033033312675412735,0.1952278756689843,0.13997046335087954,0.21344014997943628,0.20938786273389437,0.33057176602101307,0.1756651270239017,0.08257466073987169,0.1433598120498244,0.28943050778011814,0.27142270365972604,0.30153738129912244,0.2609374535666608,0.22018926117593693,0.359389861883016,0.6001768408975678,0.39215963375303514,0.41844877278342363,0.18880372989454694,0.3164490200622628,0.44856701277916855,0.3916111947833487,0.5644128725606001,0.3529114794290755
30,0.029249455197496818,0.4316957200721346,0.14445242227278016,0.5068799352007386,0.09784131856303416,0.4794016309185227,0.20994282622449695,0.1902954952607684,0.1666417921432058,0.1546267042224586,-0.055360051530701546,0.07508885676593333,0.18836017647204023,0.2990549131325617,0.1943555665881731,0.21326706112531205,0.3590248723093573,0.21340704406819522,0.12113774930278803,0.13867065480330626,0.3054839208799483,0.2710552007779533,0.3136742198608605,0.24027967797474187,0.3096923932155373,0.3112732043384795,0.45301722990005605,0.4582533167209125,0.4351159801074792,0.3036758098826978,0.30717810368704845,0.4429356659313769,0.4542977585272252,0.5881864070491328,0.3272942536491307
31,-0.04140481422631992,0.39979240597766885,0.16932733883167295,0.5097562687896418,0.08848001034964424,0.33293963400473525,0.19401417710972285,0.3174268367018742,0.2526465367969154,0.0031424893538377074,0.01805136716812955,0.13827477990755932,0.30266747333623734,0.3443370622397844,0.09217561448499384,0.27734090700471564,0.35333602565399214,0.20283178117590356,0.14209472795057082,0.15565460353305238,0.31301956767717665,0.42463787079959153,0.29011983144816345,0.2821806392551774,0.3010556584484772,0.40800284902005335,0.4226360646524904,0.35976027358606144,0.2984720174398706,0.2170597410263625,0.3475029756117736,0.5824955950139543,0.42220075132555623,0.3757487807330516,0.3322572353264186
32,-0.12610919674780147,0.3676734728517661,0.2616926945070041,0.44854283235231573,0.21993541961943902,0.37892680613750185,0.19871344042075662,0.23089112095348235,0.295405355169158,0.13350609388785784,0.1793073808890105,0.1398508205761062,0.20415996318106688,0.38032058982130496,0.1458728501351092,0.27046931019398596,0.3945385790111739,0.19387179877802102,0.18385312871787526,0.0842257425280574,0.33857885527864395,0.33600130248694393,0.2739536541895123,0.2394698530021957,0.3965973394156971,0.45318904726374665,0.4898927031228078,0.4138332396476403,0.3926651429408261,0.20944795003758054,0.24817497532649097,0.5634246230899522,0.4529280150802831,0.4860187867434792,0.34652719212231364
33,-0.007095282210136528,0.3094616589939059,0.15799260010299304,0.46921613700577897,0.08047436348249243,0.4028864584635392,0.1823411218294061,0.3772384428837129,0.4492055618505557,0.08389174682735741,-0.03185999375938777,0.04702472627384852,0.2434380682140128,0.2924913302750265,0.15618894096434022,0.15782329554480581,0.4012184474274687,0.13532123654102593,0.30530143776549334,0.05221249204881844,0.4370509956447584,0.43316305294467194,0.25638198129140743,0.2014860077394064,0.32800772206483564,0.3446847081233547,0.5516770833753577,0.316308802568958,0.44703192082983534,0.18400433564255658,0.3117488132178761,0.4526275680625797,0.42172369657131303,0.587242443245058,0.36234219614645224
34,0.004538952276233238,0.6408765927475575,0.3099601027904064,0.43652720391702116,0.26497867084418675,0.48620505275792353,0.23414415961028873,0.172444717258324,0.16106326213594652,0.18705733253709422,0.10421594868673288,0.19091407860735507,0.24357406944025223,0.4351563034544582,0.1532843098436073,0.17388591448098212,0.40614376075043424,0.19435479613679246,0.10968071898780965,0.13109980380001302,0.3655435943629978,0.4052868683912942,0.27860352508935476,0.18258277552581514,0.2154652142075265,0.38050282402846747,0.46575148950499956,0.44553680259252926,0.35371779465504294,0.17072150728451665,0.3426071720730885,0.5158644490553768,0.5404464709037933,0.5598180017510539,0.3860693326693237
35,-0.0126094861070302,0.5090484086998515,0.24737701670898551,0.42432557406186555,0.2202891853322894,0.4799861828911001,0.33087958485339275,0.15159529263607407,0.26282790233398295,0.2209040150634741,0.022238608695013897,0.12367453949492174,0.4009287255473508,0.26364501198197277,0.26886891248471945,0.1610529491302209,0.5105529542838393,0.20878619189144326,0.1622849364089159,0.010903805686279118,0.5140454081470274,0.6110833817999928,0.20865335651686429,0.22928135326978272,0.2029859484195738,0.4522592541335286,0.5439868577157062,0.3699470795332491,0.3312502066857154,0.12857272923826935,0.29289065369362655,0.6414297219396017,0.3409567270956154,0.5483330528938251,0.3891413766170993
36,-0.019294317292366765,0.37868930363043174,0.1560962393859745,0.4469555303320987,0.18312644107565523,0.3868739985035546,0.2540619418217396,0.2777563934242939,0.25924031990592533,0.15434207966336655,-0.010115413587045229,0.18552124097049763,0.2672388049375742,0.3615142244933298,0.14640038463749422,0.19700325063533267,0.40324246490994636,0.18506350503656957,0.171847343292384,0.13708505293999687,0.46837131291775513,0.5282099654005137,0.2845109156292504,0.24394046798699276,0.3290518001732128,0.4242169545317511,0.46858995060251357,0.35615582991801276,0.22317454398560282,0.22655701893596752,0.3486360226730058,0.47338972243602057,0.43031273596041025,0.503097434231936,0.5104857951992421
37,0.046392059521364715,0.5676459221254827,0.2094770605057559,0.3322582125651967,0.3247455571213893,0.5866124804535646,0.22663579192942035,0.06342149769068324,0.39546615745604335,0.22810180347543194,0.030273951923975383,0.16432239507465374,0.36221677638510913,0.21916188864867342,0.2697258968991045,0.24481467793752412,0.5133930229571702,0.13520367612301848,0.23021084872254532,0.16313134036784765,0.5191293767295275,0.4517589338500482,0.3320825300385658,0.2224013961790668,0.2822932657775502,0.37257703332247916,0.6554996525789067,0.37320195543631296,0.3484434710737214,0.20072262286702164,0.4234148037224446,0.41609726569444705,0.45079023386112543,0.721876131078689,0.4825855691251943
38,0.059446008652268637,0.5162021984459033,0.2897491549486632,0.3675793647499172,0.20904086996054905,0.397935428753243,0.3641426512077863,0.2671289896881943,0.5381666518844783,0.2726089953712195,0.07258701781677357,0.23710830415300693,0.4425362951732298,0.25492560567650446,0.22338695126598251,0.24967480835761993,0.5608913755816816,0.2131543248513072,0.18370522502556624,0.16780390824866406,0.4156043106905027,0.49063993441627163,0.4283527227703244,0.2581055377191579,0.22898555301919246,0.565051604782843,0.4004375777202718,0.3341467516066656,0.24689177516538274,0.19030502439568814,0.38063902993575205,0.644958459880651,0.5179058023578538,0.6103137296780397,0.3918292685303285
39,-0.07758001085138712,0.5978634828822125,0.23247162026251716,0.42763501592980135,0.29961166101604403,0.3284178812469092,0.3606977603581668,0.14366653643197305,0.42599393258330953,0.2980844797425677,0.2123176707303866,0.13172195219577837,0.4795696827434224,0.2617581728107195,0.20387320160264139,0.23572753047997783,0.5566500154196683,0.19391497476371058,0.25617654933221834,0.1697254356188598,0.45643287014850825,0.6741093997590153,0.3658118154224689,0.31475475779831674,0.30744174310540606,0.5806751216173318,0.42263155060561297,0.35529188867345685,0.24531403218849712,0.275832818321115,0.3706813945038077,0.580193806341774,0.47120141474606714,0.7097430789110839,0.5124303429183146
40,0.06792166232668745,0.3664129184018996,0.18439967205320204,0.4101435377578141,0.40928405642804017,0.450961137571034,0.3013966630664142,0.2697313616102047,0.3683376950038426,0.29226425372982556,0.01767016092242946,0.19820071332712585,0.3468267503393918,0.10505616177704408,0.2703850155572801,0.15730789680999552,0.4198586038840401,0.1317175682259108,0.23709403500208132,0.16348846539868694,0.41105149967855026,0.5220363690280863,0.2551152090515763,0.20012455822788244,0.30373276381488257,0.5195716399148134,0.552817433728862,0.3759883951467544,0.21157783436049374,0.2457896378261001,0.41242545438685363,0.4217609704311538,0.4350148251115203,0.7278222157198303,0.5200169913081619
41,-0.03932086055685295,0.6157253921967027,0.2994766057937503,0.27424723616556546,0.44482489830212646,0.5306889785207503,0.2809245483850355,0.3611583180323627,0.506842875608162,0.30494277736983055,0.3354838146660096,0.20884733277247924,0.46687629905416367,0.16563832738404077,0.1504981952617936,0.22488851385032343,0.3938911998323672,0.19621638610357117,0.2907947860995412,0.2451352597969108,0.5021231253836914,0.47295804628242477,0.3493941197913593,0.23702208963901658,0.28823132058477563,0.4739184910608166,0.4655716967733626,0.4725418784522454,0.31627670454952855,0.17826935694492926,0.4062735568728125,0.42019110725607156,0.5764803084798824,0.650805845657435,0.5372806376537431
42,0.10898899609860853,0.34695472803817157,0.2493224658847707,0.3596513280179662,0.30082442264282855,0.5375492092648159,0.3398278360918832,0.3626926603562768,0.272120946546472,0.20974576195459194,0.16558606419281763,0.209604325718159,0.3838959839411083,0.33416871651696267,0.21305394608137226,0.19236941857942874,0.41245300853738753,0.13138839941620004,0.2738072478640217,0.2024225775741665,0.3707553725087889,0.46874989964462493,0.23670128337827293,0.1727879336343761,0.3026507829894453,0.5350867847509027,0.4228682372952851,0.5060246201839863,0.2827405416208578,0.23892442450073578,0.32015293499449593,0.39015657332460923,0.6544093427428914,0.6077885603271989,0.4198241954108296
43,-0.06307418310946353,0.4842227839122944,0.37948349517006746,0.350009372969481,0.41193943413804845,0.5105501057339384,0.33112706777063167,0.4470422289235352,0.37087076764118193,0.3342933078042597,0.3134330021394074,0.1771028099338531,0.372199755790352,0.3294965626661874,0.21428724805696112,0.24699143607880844,0.44532862271842144,0.14527513325228408,0.34160512828016865,0.22716393783376695,0.5280660291311341,0.5333488155843094,0.2905303326690753,0.2478978450925578,0.30196891305303264,0.5144119364944735,0.4416183430018467,0.6238930562495566,0.3021691421252203,0.3089301697552602,0.3198309267061743,0.4546837842712498,0.5195829398656358,0.5622151198934442,0.5201690486203194
44,-0.023356883277712848,0.521676120425216,0.2532277566098596,0.4101174266182158,0.48166144010383394,0.4710509526542362,0.37591229222716993,0.4337924252115233,0.4063294895726586,0.3145123430511466,0.17136254601527123,0.15590225447102699,0.2377921667072711,0.3468066884107846,0.1674626169880971,0.22345741576250427,0.4387284316814454,0.1623518030511079,0.28333848131994377,0.22723181088538036,0.5000825918133249,0.36865485697244293,0.33007809754260253,0.23046927976843595,0.2776977851498066,0.41819801653561806,0.4115698873643399,0.4640389735136747,0.23120607304570567,0.31525878245869804,0.31676641347782963,0.5320821247525779,0.49597217931499493,0.5890824072072169,0.4017678657382431
45,-0.04159261121079636,0.6002257745944966,0.2721251137159618,0.39993464647060606,0.4013192382736864,0.509989789176698,0.25231168860068603,0.3102904491670636,0.1341157105855241,0.2586443688388381,0.25546427825168805,0.11603955499161721,0.25528004846968944,0.3087350948737968,0.18110481978865944,0.16995268905851046,0.4393971226525283,0.11435519322739537,0.25328785178519675,0.23789292800689207,0.3719910113595272,0.6122767059706786,0.3525571925963063,0.20894580703817403,0.2594231566251961,0.4543999084409759,0.4978043934213618,0.575727027585381,0.30545170830244994,0.26931255784861796,0.4406933341360435,0.5267775136252242,0.4999370722307487,0.47196538979021646,0.5297731100281521
46,0.1094968497802766,0.5070553416562371,0.3124439926156468,0.40735236667575175,0.48094937955832806,0.32465753615117987,0.3344015847249618,0.5796747230790057,0.34672615666273604,0.16647724922986235,0.30759103098501833,0.2342669878260078,0.25362250466369296,0.29887496770711214,0.21590126402396836,0.36660461826536334,0.5035663834607742,0.18134824024000662,0.25691708280541914,0.2723201285747965,0.47576739816714025,0.5050110164923692,0.26241999846124886,0.2120164704983266,0.3336370237959637,0.6585786579492678,0.4274215162802617,0.4713335814605558,0.3378042060856668,0.2936848184601786,0.38324122890779605,0.5952246723111986,0.4213027532737473,0.8345984325630663,0.5237381690172473
47,0.1371346623090415,0.5526802256457539,0.23433842506086897,0.48138415017687197,0.5479784291163147,0.6330645184793544,0.2870438507187455,0.5412570602084434,0.3825352681812648,0.24828200074752732,0.3961090098477279,0.264847848004302,0.28369423813713557,0.27636842707801923,0.26117576284074395,0.34879541733267594,0.4671370834865525,0.17826583662534673,0.39193135582628885,0.25255370351105505,0.41497508301901304,0.5897318636969222,0.4976005606857272,0.20548600233984873,0.5264305578121374,0.43637260379424736,0.34267782304883637,0.4807849741774614,0.37988284206648615,0.3692657388835076,0.3807101180273165,0.5885952979294453,0.6036700902950598,0.7756797757224834,0.6802713291345559
48,0.020300547004490816,0.631868644510757,0.2237210041572223,0.5504618650381294,0.37888680867699287,0.6240640264602534,0.33764706649886067,0.5240113661643233,0.38492805328961877,0.26555667025709484,0.4735426861864598,0.1996137940192777,0.4040935560497982,0.25541168348981247,0.1834130415025616,0.3946690699485964,0.4961619714264852,0.04520074499648738,0.3188255905705001,0.3331946793721724,0.44468497016910935,0.6294220278311544,0.43483453942673267,0.24603083457190864,0.3564508117222809,0.47222554931538835,0.424286327898449,0.3507771970934804,0.3654630793339898,0.17433835379461,0.3392457155002276,0.4984104836531189,0.5268426520172341,0.8477168525160089,0.7290227155329384
49,0.179528453946574,0.6099156593337616,0.29499603780170913,0.49707851417065063,0.4037941296109853,0.5439841544596318,0.27416582119099775,0.5073905252973012,0.5055663744307145,0.19537613197667428,0.3360535850935237,0.3373582309233042,0.41282991275168035,0.2681609483322986,0.10994232861531109,0.410346614554846,0.4456141610116165,0.18864846497022497,0.305089618483362,0.2918846261061064,0.4226871778690846,0.6051166971523219,0.35629999930305384,0.24176112486957213,0.31094342183741897,0.41265294967954186,0.4324178656358614,0.3699485427562145,0.3895278072498427,0.22215796300281176,0.38640568442302325,0.5874628070838658,0.4848728317096242,0.6999136634118224,0.6339599099801959
50,0.15954442270852648,0.5457689105163503,0.23033180594280114,0.44803582645465,0.2891230324043679,0.558060967514779,0.28397917698759795,0.5307373468985747,0.38302653606589787,0.24804881442748292,0.19288137503532538,0.22792129025561694,0.269439504926606,0.28808686605431333,0.16641691315111679,0.4867865398501844,0.4406440887287394,0.13604334993374748,0.25823668506345837,0.3121758514488602,0.40834383407335195,0.5295352150437311,0.5040624489820223,0.3187198231140451,0.3235897843991591,0.5093674071977105,0.4652030781021151,0.3434840277790005,0.34508713217224074,0.21473725589672893,0.3337969500090183,0.5218998005639679,0.4753591470874019,0.6902835762683757,0.615950588298515
51,0.06699523077353545,0.6072803366895488,0.3712478419308029,0.5477643450022304,0.5038632739639561,0.672562010787287,0.38751414536811585,0.5782698762049366,0.5144110811641593,0.3238625307768007,0.19613963477354068,0.12770697218342716,0.3717653943758079,0.3076324932091093,0.19315381060818781,0.41338170210841385,0.4289383978618019,0.2787739926482389,0.26972184083238715,0.40101468799544443,0.4323127287288799,0.6845449077746786,0.5082785825608429,0.26964304950722573,0.3948545792433613,0.5317614188714963,0.5222830665900692,0.45888035999712956,0.3471306498582034,0.29868347574480036,0.47452182494672596,0.6226776290746858,0.5345567412463719,0.9085748708008969,0.6659448776548593
52,0.11657612350133764,0.6782804194500246,0.3700165207497723,0.4371285656310706,0.5305971010946452,0.6575202728702011,0.3978016798535239,0.6354535619503459,0.481981034268565,0.24992070979179914,0.24757550149421778,0.16868215238750198,0.33289140908131554,0.3580959053976531,0.18298752648914035,0.46467565787281856,0.43359091700804675,0.21717356973524754,0.25311784864533693,0.43663850795763487,0.4955198174427888,0.5408476338914672,0.4449597087482996,0.33719826477169573,0.46956014950025027,0.4627802453190289,0.4101370029982022,0.48297415955491707,0.33192686818429074,0.16166443314310602,0.3619023601314051,0.5591378977046144,0.5422211924299267,0.9067738751139911,0.7296901960242393
53,0.11682936370906272,0.6020664669445575,0.2959824976649915,0.3958017709297332,0.6588449875400719,0.7476666870936166,0.376663020884374,0.5787618174941672,0.5064699133804282,0.26546685618283195,0.2774133100935136,0.22194063519838866,0.28854560097333615,0.18858294237729645,0.26226043102123986,0.4268695196353708,0.46686316409446726,0.24394178213014422,0.2732874655906535,0.44495319001628,0.653814366685307,0.4663919016062287,0.4658827450929781,0.28576876260823547,0.4260798102761219,0.4148495299229994,0.5991918694021254,0.37413872800921416,0.44345949307541405,0.17682405404416707,0.34070308485029077,0.5229614534523697,0.5507558817552923,0.8419277204698874,0.49423623955884277
54,0.22069589874676324,0.5073728128168306,0.22666621564622702,0.4972121248944096,0.5528846902198337,0.5637701699754301,0.30362669499922135,0.4225712651200688,0.49056128248130854,0.424848706940114,0.20906862378122973,0.17267492407857343,0.2833801922535012,0.21611264028048882,0.15638730728567804,0.40836674574851883,0.5134270667495329,0.21489668732060102,0.22786901696941,0.3652778333889543,0.4836330632192356,0.5507840221669887,0.33532444871657796,0.28253215086479155,0.29746459533508784,0.6052197219589477,0.5371809047532922,0.3166220516276089,0.38694806759223965,0.2210514468514584,0.417551878849276,0.6383007520328602,0.49016879760251497,0.8281226810212718,0.5858403443772746
55,0.1733895309492151,0.7712148059431503,0.18525590603249317,0.36949837910142996,0.5987016870892763,0.4459109422458139,0.407886783012127,0.4111843637181433,0.43415129411766573,0.3244567902605656,0.08413100030082908,0.12176946786285794,0.2548741396893567,0.26482408685734155,0.3212446435948778,0.39771673774448946,0.46115487199875677,0.3200716396877609,0.22698428776257737,0.39793629172584444,0.5538240874705016,0.5450893266479895,0.5368203147679185,0.30756673264290263,0.38602077349281216,0.38637155908687404,0.4655305507079258,0.34595449728789107,0.38966840469571395,0.22222198185260472,0.5819645955098487,0.6114296165631095,0.6215638345701575,0.8556134582805678,0.5624777901753661
56,0.10626369536831491,0.7107885998410796,0.28805577915636715,0.42411876418928396,0.36107483224816034,0.32830779597276905,0.3106495419365263,0.3153821170493615,0.4215873117459467,0.2515584662727254,0.11816595509056246,0.11779096326066668,0.3134066636747729,0.3251628149313324,0.21934667646041706,0.3767466535852935,0.4127029606001432,0.31589544700775174,0.09512834651268251,0.2752381965900616,0.4503950223159239,0.5764794676166083,0.46570453777736975,0.21836415722136232,0.3318725393624602,0.42729971692301816,0.4280181284691784,0.3971187731220962,0.31690889269321915,0.20155904855079737,0.41364840386525487,0.4365150132019166,0.48194923909942217,0.6738103669366992,0.5318725770034077
57,0.1526386454545211,0.6390036920671307,0.3493365353937891,0.5012531060991205,0.5241606558853436,0.4289276623874901,0.464845874720093,0.42222078323551365,0.5386599610858758,0.35460256969037307,0.07326204926010162,0.22689725556496448,0.27596212559375205,0.4076601540571324,0.23803745103116897,0.40228737247935503,0.44835667942610535,0.27271197488780374,0.17399857541917613,0.3924558088835035,0.5101184761446445,0.7973449509231176,0.4085742936237132,0.33511781256894346,0.31551789682675657,0.4443686535289348,0.39196840797845983,0.46894132505358993,0.4233243381764106,0.23680028016585766,0.42901458666311143,0.6257667760378007,0.4773987243126442,0.835110466643106,0.4963909290398367
58,0.19325321638820675,0.655936480475142,0.40160865177127714,0.5072932620299886,0.6078166319785644,0.5631174048863111,0.31664845344296033,0.491701719008511,0.5076170286111436,0.17447479925922416,0.2635313689168086,0.327550273517231,0.26572262892824794,0.27019395777840305,0.3135249774985415,0.3764579098738156,0.3540522881217695,0.25539836527004856,0.1282107837462862,0.43161301407519603,0.5521915855918031,0.575756144338406,0.53379922793264,0.31827265977460384,0.406990618833288,0.5427063435089998,0.5976244902594241,0.43589708007595074,0.34079829787389415,0.2571842785237609,0.3799364544028787,0.5438917154019298,0.4569200898358182,0.6225365736850617,0.6960946827775487
59,0.21240253514717433,0.70106331829625,0.25602359289358745,0.4909194631683772,0.3994817515152267,0.43229659267830345,0.3005888039088275,0.6021346818173892,0.46734175625591723,0.3327380928510506,0.332635415887109,0.24058838076545708,0.346925605260613,0.35620045253021415,0.3494653106485954,0.4120770105576332,0.4154196906508646,0.2512737546995992,0.12892889556958695,0.47702958805455115,0.48602402882317575,0.8436858950810016,0.3690756692430598,0.30307507518671084,0.4506491348483051,0.4818540657718815,0.4368707354233261,0.39010379052002087,0.3716342782491514,0.3436113963173316,0.3330901375331747,0.5665884569615054,0.356664642318283,0.5116652672403752,0.7519113206609132
60,0.18848946015227713,0.5004922802029051,0.2990303523807852,0.5507273749973411,0.39446017573776915,0.5751038753935405,0.3557754483734696,0.4782063782506186,0.39115271715783995,0.34627467960108915,0.3788538733721434,0.1427774227981988,0.22882685621636228,0.2624914822716216,0.37735122074112293,0.3700123644347316,0.49860742933428703,0.23201172410324888,0.07339756708220438,0.5498353939210163,0.5751234556798177,0.5970156842795941,0.49387737965896905,0.28305263399816005,0.5855393986933414,0.5523851860860037,0.5219492056447435,0.44883736489223414,0.44444142397609365,0.26611092138170045,0.352902995724686,0.6684878236615174,0.3170835556460071,0.49606848664354963,0.6383353777718268
61,0.2458481811065617,0.7539610983804872,0.36695138227454127,0.42209039165320106,0.46242136190319894,0.6249430690803893,0.26903794139713366,0.52978063542845,0.45287608972840865,0.36159290600409344,0.5068818829369415,0.3443047980311574,0.3597924338130389,0.32589665942724183,0.3860402149401122,0.41940817815652554,0.4908802938471548,0.28956069523346856,0.07045838442368861,0.47739364941172435,0.5199601111480237,0.9268201312824307,0.544022034778332,0.2465809540893503,0.3956815646789157,0.34037378122529527,0.5033732414132464,0.41112591393417686,0.48065978215124544,0.30853941747896907,0.5260460071653883,0.5323254297572269,0.45023574384326004,0.7178307335404543,0.7421201435934558
62,0.2954792329072737,0.5539618081776947,0.3884346983262478,0.5256361756192973,0.48046948933954864,0.6621904631582128,0.32846616170417786,0.42391933088850053,0.3916029418953054,0.36233999227009284,0.5082516152214092,0.38798587675671414,0.321547208620092,0.42172037118384564,0.4403315818588489,0.3560173464758095,0.4231705608894222,0.2975144300346165,0.19543019348015056,0.3202651700658049,0.5446803371471722,0.6592385636918701,0.5005438391905369,0.2575961849451395,0.4292766710688808,0.46173530256263395,0.543129286359118,0.39626048803159253,0.5821626108695284,0.2057510863049637,0.5457276622624112,0.5123951398755956,0.5250738231318374,0.9813761473957745,0.6320982216924915
63,0.2419993103584851,0.5964985684985671,0.27880972910166374,0.4732497691138586,0.3954212136376389,0.5917482849960338,0.30670936196481313,0.5002082113474964,0.47678971655682323,0.1799642340709278,0.3654740052597443,0.4189770156056122,0.32880195778559324,0.2781268216937841,0.4093870532059587,0.36209117272483565,0.4963511409974847,0.3300992113985737,0.28280913980281885,0.4269944322691187,0.5848506280676686,0.7825304895848689,0.3635070548122419,0.17857583309284664,0.45230645800658187,0.4339315794980807,0.5509497683487642,0.37840435253289667,0.431805286795325,0.22777170843657588,0.40454384432071555,0.5072534217398179,0.4521259658516193,0.8808561481316541,0.5074885198602775
64,0.10684086417319241,0.6133224962188675,0.2508360021002548,0.4680567122731747,0.34265658004251187,0.49873661369262295,0.34829695003669314,0.3229865419362682,0.5208513197655034,0.2925206187913719,0.5108212381930533,0.3325511358588438,0.37720420070768856,0.2534209170090228,0.38265669030838084,0.39040449079676837,0.4653247302642599,0.4163908246985047,0.245932852339656,0.3890061429441414,0.5623725863131175,0.8164841651069927,0.3541202857861374,0.23510915479634314,0.33759284397628386,0.4198964253205045,0.4918609784675577,0.3300531863062831,0.28792217430280775,0.3401155104078025,0.5033798756599027,0.5656266733464742,0.5056794683384647,0.6024659489373535,0.7737582773873213
65,0.313164615690128,0.6721647200314411,0.3020955213847418,0.40099573949575523,0.3704210759447019,0.545601432775293,0.3342560645218551,0.4520539978601428,0.49446738645267385,0.23848647498610812,0.4022816076510032,0.34667067307403376,0.38286539928974384,0.3261241436012773,0.47772553915356064,0.3944303543009675,0.4692204803262379,0.27947864950948775,0.3099819359999707,0.4002505244928285,0.580361465222108,0.7700771017883135,0.4558963504470683,0.24431671848196101,0.4133916882765154,0.4180935120305692,0.4265897469488822,0.28193355061668096,0.5242790174015194,0.30009216952346085,0.5058074143236246,0.5551854063361196,0.4695912394430392,0.8098188487360739,0.5905580099580627
66,0.2669947834993513,0.6454722030401973,0.32752063076028626,0.31901732170005104,0.33699168250783457,0.4696515720432797,0.3062055572610164,0.6657275166276064,0.6182150211294799,0.17314284828271875,0.5958588632986834,0.23311526275093447,0.3912991414351662,0.18567720711300828,0.3569239427741804,0.44205263560158026,0.38489127951056595,0.3743664543224614,0.30441747160659877,0.38742690268020624,0.5577075594602356,0.7749707914460284,0.4222535243246588,0.22965106755360867,0.47257603102431,0.40228072970162587,0.3858236237775059,0.36717126599419214,0.39868917975644075,0.29356264728771214,0.4576801760206086,0.49562059199524633,0.46018387558880636,0.7161984210837227,0.6740922158299842
67,0.29786994060458183,0.6316654601924185,0.33324077803242946,0.40459356293143467,0.31405444994434617,0.718481543860036,0.45268628415394196,0.5571245056399358,0.5574353986430883,0.3149911385511649,0.3047596265587925,0.335198203495704,0.3650260704691609,0.29229447961629845,0.3486143787909425,0.37026050510200914,0.4169436917995625,0.35044248558548985,0.3606372874680892,0.3479300810254149,0.5313709519342942,0.7213811560830565,0.5161490126996293,0.22674973648594254,0.427133219730918,0.4969322089879221,0.58848381248916,0.32374018391030945,0.4328739610958476,0.28109838846385193,0.5020089654803445,0.5293939538092347,0.4349374369241491,0.8434806252217244,0.6732612338514653
68,0.48118933382097584,0.6495392337750774,0.266610061663216,0.5545346645986287,0.33470520768464984,0.47617304768948193,0.3172761589215893,0.40697948552515445,0.602595486673456,0.3154256867372953,0.46859112810307574,0.35999997481247453,0.37769593150914293,0.3339319260400857,0.36760557948256867,0.48763289444291463,0.4606274749841117,0.26236890878948826,0.34558292444375216,0.3311883067783991,0.5444978044991691,0.7606241026714701,0.45837682258704265,0.27145036436196524,0.5052384880451536,0.5854446917103837,0.44224021606819364,0.36470088108401844,0.5272682703561862,0.40523921844549604,0.4942194390925353,0.6393655077067226,0.48040009051663235,0.9024662309153997,0.6490264268314883
69,0.3252574738111252,0.6103358525654905,0.24144689454676205,0.45954449017348903,0.21653797082960236,0.5434087291913468,0.3248889409245919,0.5459440210534843,0.5908387773499524,0.30368456010299294,0.27291138439335894,0.36291356315670387,0.35616808430051017,0.315827685523373,0.40557369068068505,0.41740589553414265,0.4785746499109942,0.24423843141126517,0.2763234910878134,0.29460224145542724,0.4183071267879921,0.7261155417892997,0.3934796149401808,0.25490981079837527,0.4749105457669782,0.5207587624874165,0.34043015416008043,0.4743384748020468,0.3164337600667507,0.32851202262917845,0.3981142115423356,0.5770363778891742,0.5050577162926351,0.666493959738089,0.5709603503681322
70,0.3519141378382026,0.42674237121930964,0.2242621212889091,0.5449385014052832,0.3866227753823367,0.604456094700688,0.3733133936690136,0.5318044884030926,0.6488679896642859,0.31193505303475366,0.2223875068815716,0.2941116616182161,0.269618139845093,0.13604605516867663,0.43189910930230585,0.3192552495603353,0.47382035238428155,0.27753727405507683,0.3668341672620611,0.2951309975721279,0.5593111149903908,0.5061380486233623,0.4229106574734405,0.2310490047060661,0.3861561032597503,0.5653691800234991,0.5113537864654928,0.3149942923071195,0.4779335593132162,0.28401897596367615,0.6576741309769562,0.6395911588940617,0.40712500139030355,0.8769855087052076,0.5758215223572081
71,0.3234094514249334,0.6140332905729707,0.21823439895846297,0.5038777360825168,0.32405342749326543,0.5205612148707396,0.23777325503654861,0.5194660130957416,0.4700972080410963,0.25477314893776903,0.26328784824083845,0.32380613444923123,0.28724545087296854,0.17938167529821972,0.5373297493139747,0.39151812196637614,0.5002949059079349,0.3332317217067605,0.3121066865334621,0.3821378526936933,0.5426719595236652,0.5715090903046735,0.48505147302234686,0.23271733245963672,0.4399516375856046,0.5270658281757541,0.38079209681615356,0.42302655669531486,0.592262345028445,0.32748203145917737,0.6228245788275388,0.6102054908886966,0.4552013958867803,0.9423904642440329,0.5679779745494432
72,0.40297032285361367,0.7331463509705071,0.23271906717652543,0.5476497208929151,0.34108014825164307,0.6034905463081671,0.35178301756224883,0.5688431651952601,0.5590145131161626,0.34618517917819713,0.4048464746427008,0.3029998040215355,0.47317143954829116,0.2716178965857844,0.42183385718671285,0.4147422294066825,0.5546793421207006,0.3873407281282474,0.3761115667450191,0.34985660866065993,0.5260033783592795,0.8026562966387388,0.5719643451978667,0.26310174281192483,0.4914420490994367,0.5178670686069128,0.5191513843043224,0.4066672545196699,0.5468896766874065,0.2922727085917049,0.4709771514476464,0.5638902372971899,0.4959203438272902,0.9326937987403799,0.7159486864943838
73,0.39763401874897525,0.5643760114564501,0.27681777506741406,0.5920412636424957,0.2950711620582809,0.5938162373743154,0.34086361618226385,0.6529744441245791,0.6794528071987226,0.25668168047451484,0.41861922596731993,0.3238386820775538,0.47530901027183114,0.30908217908353436,0.4353262733495616,0.32438021533341027,0.4595467234659768,0.5133596106528323,0.3790023591393139,0.3538722751155734,0.6862581839997723,0.6822901646383916,0.7304887277033878,0.23038480788863758,0.38293483301364056,0.42649202603450664,0.5769812289726737,0.6016098869272717,0.539981675785867,0.20213466369585847,0.6360045061732247,0.557825086847441,0.5280013628753024,0.8964236141146174,0.5295453317623126
74,0.42893925057593074,0.5382045224383001,0.26459186776506516,0.49512215233519363,0.17465718350995457,0.5699224980764821,0.3661799202275061,0.6489285078770608,0.5949943165559447,0.3090183871530676,0.5213163626245934,0.222994891498425,0.44617034223720864,0.3776219748379558,0.36765909641448835,0.47697891640693607,0.4188931695710377,0.43726039040816844,0.3625670977509975,0.4915628684405323,0.5650818861371425,0.6794151148487384,0.4705754694635519,0.29771442559432487,0.520540692818376,0.4478976291615169,0.546491083531975,0.45186542237092897,0.3919586106963936,0.38140493745119247,0.6602086882773304,0.5483105902316681,0.4803429884025924,0.9296140372206041,0.6486044811081386
75,0.31856644933530087,0.7913318719991764,0.33846910237715033,0.3790225982225169,0.30518515306819244,0.5886467249515415,0.3310136723416938,0.6929155359494139,0.688620906705959,0.13695692145007815,0.4410156861844675,0.3539223535803599,0.49575076688052705,0.4287659526672551,0.267847878196051,0.37463269600872545,0.38642488070110803,0.44268654214342307,0.3767239628126434,0.4092509439816737,0.5566218551209897,0.7359630900955572,0.7231516458047706,0.3068788019170291,0.4642225660400426,0.4932136191483973,0.5092050248439466,0.660663981367252,0.49016379924812137,0.18844662251031696,0.5138225492714533,0.5249324422096688,0.6205561501594401,0.9606689752685926,0.5616832845593973
76,0.30447217183768366,0.6176612491199185,0.26643983995168036,0.4703126847413228,0.3847618039578695,0.7078988056036524,0.275436989997637,0.6886114304334233,0.5484197388301266,0.19078209400934676,0.4644766050773344,0.3532798190727231,0.4449154987014588,0.37511127019739965,0.33137354254038937,0.4397301749514927,0.4255637841486698,0.3737437768753632,0.323113769504098,0.3642158213216473,0.4180710773617638,0.6769833985085675,0.8028848943133172,0.31019801293714994,0.4270824111408375,0.4150338390571785,0.4434179931108501,0.46605193446942067,0.4811387694720036,0.3610866001360128,0.6367447500648494,0.5044622141237671,0.5073590440435503,0.9915600075238816,0.4837095891727091
77,0.3758688203449645,0.6926109030374388,0.26745123396166026,0.6797027482756639,0.3884381540130534,0.5046759185473053,0.38421597104069083,0.7385300858417575,0.5244773914189095,0.3202391617025615,0.46222967884109967,0.3770601740242888,0.3484309827592963,0.2742438077730957,0.4073210142059118,0.3406357119371505,0.49181690869335093,0.37383848687529764,0.2387493658368805,0.47968644253850784,0.6954011781004722,0.5684308818675521,0.5201566456844178,0.3375739547047454,0.4763896526073364,0.5213450380302437,0.48061914904151554,0.6135353279318548,0.4781317259039904,0.3558987632307319,0.4040460716905838,0.7151574226742612,0.6433040214035455,1.0103200552861267,0.6800410649710089
78,0.41409643041783084,0.6474976985737624,0.21746986718820363,0.6556295591051701,0.3948357519114976,0.6353033723609283,0.439513978080131,0.6568197703846312,0.6037182905372276,0.19641944969699346,0.36458581517831934,0.34948131411297717,0.41043574017544254,0.331415581137982,0.3786665251739521,0.3503842733311274,0.42644498860701946,0.28240991305562124,0.30735170842868387,0.34432554433493145,0.5017979550539102,0.6316606262419553,0.6618581767815832,0.36246878802252247,0.5730629433138181,0.5637075551494888,0.4669044535016005,0.6530575591937217,0.548481656266321,0.27350535209455845,0.48754107169615296,0.6210781426501661,0.6251649285839522,0.9386833237643725,0.5628272456500222
79,0.32956247231376545,0.43253915735362847,0.22153578619715264,0.43062531056790676,0.41311953826476044,0.6071942312054139,0.30960501452976863,0.5436901976207034,0.49282996172147964,0.05334002038189125,0.4563188493260843,0.33252217637658354,0.3326365643370677,0.40107997447884175,0.3413231503723517,0.3511727173898763,0.4577221383289469,0.3512040312543415,0.2965321313630758,0.46088942910421554,0.5053846511247282,0.6310581321067523,0.5205736926537882,0.12143597118785258,0.5268634805709307,0.555762473737544,0.43238913722755556,0.5306762729147052,0.4843267675741553,0.24342983257486137,0.4345359165677208,0.3962260399594133,0.6784465143062268,0.8594264454701188,0.44807177627325984
80,0.303505187680317,0.5614878730865207,0.2583316966136955,0.5708333177028109,0.35763913331148095,0.6345768953670311,0.3567123168042785,0.6693816901458374,0.4950688817648692,0.19725734924133603,0.3826518499558655,0.30263964429983325,0.38728147708940286,0.3756889693601847,0.40668945612256774,0.3075886498361947,0.41862767687021185,0.28517049717850274,0.3477453373941274,0.22066099983746973,0.5083290678659446,0.5203742296101376,0.45584078010358586,0.2527955179112516,0.45582508345423856,0.5279693357397406,0.4091398195368925,0.5092588911225511,0.47357404049844365,0.3285488132510212,0.4433037811019238,0.5218913511723533,0.5751553321118297,0.8615216353369224,0.46007566808398503
81,0.26382574269656,0.683347506759193,0.2107158112639287,0.6066864367544482,0.374664641278866,0.7045556416543434,0.33715712081767835,0.6488115242590787,0.3827226569604685,0.17317613106483248,0.6656628926643453,0.35448956547354893,0.3146704324853813,0.40315851032110417,0.42631213082572217,0.2268972234527822,0.4897826255800979,0.34562042112640745,0.3144893871643314,0.4286583159198113,0.37070724917289444,0.5047021536578256,0.5428911936688439,0.3809979174763109,0.7234298367218648,0.6271175504065298,0.4245492342075552,0.39789572544206087,0.3933075107264675,0.31856441678922676,0.5289161181394287,0.6107350357363228,0.5276147557654687,0.8250018677133937,0.4653423062601862
82,0.39476897813180334,0.6407232644963503,0.3707078915152757,0.37049496390800185,0.4409871755882764,0.6833557146903986,0.2716121173787762,0.5886538973649487,0.5611949828330729,0.15988381528089043,0.5973405309036549,0.42180733042442176,0.4606030655006432,0.3002528888171769,0.4068890160383372,0.38282177405180784,0.4011692023605193,0.4762226602256904,0.39824266825908394,0.37670106352924027,0.4542410219473146,0.6836413049716772,0.6323212999743877,0.2354309656648386,0.6083694410481646,0.4348202627101251,0.4682148157696654,0.4036441143891637,0.3926663308167606,0.49373121181990015,0.536370697773749,0.5401665214592055,0.5432599139467533,0.9386819779592854,0.4909109711076895
83,0.15390788641085304,0.6097152344248037,0.2455832558767096,0.48816816571102845,0.3511831519302808,0.5433361140350482,0.23574703461019322,0.7054879373171905,0.45958232059973964,0.19804082748545876,0.5364138737709415,0.2865538297056407,0.3011654843258817,0.1931143573120518,0.32671093172599946,0.3046284851603651,0.44624908730143614,0.3434951800756699,0.3363065944969683,0.500802297363326,0.41286508926059295,0.6271396489536825,0.5052614412555658,0.284427873246915,0.53505140195367,0.7181684449786353,0.4098884942296571,0.3262563870294349,0.344867605934856,0.4200817428508591,0.3970104039008653,0.6322253620607305,0.4871495628088488,0.7193075742523023,0.5574808871436371
84,0.4444064696243839,0.6286518757849688,0.23479132767567418,0.630062498809839,0.37414899196252993,0.5270733181216465,0.3587718612251829,0.5587055175835772,0.5286401140277122,0.09898833621914485,0.48084078105809175,0.2999773165820646,0.447670147811053,0.367098419931865,0.32030687896607896,0.24424909080938267,0.4309603451878625,0.3551847636922162,0.28773009463284355,0.30781163570027326,0.3377866350126141,0.8156823037129248,0.3245977867258124,0.31521476829627104,0.5096724310332494,0.690084440116301,0.3418905781937027,0.5011520764366151,0.47166221360956,0.22598730651482357,0.7645162540585573,0.6544512509908192,0.6196466140586411,1.0015404039409435,0.5645241487074901
85,0.41291780015332274,0.7247843939829367,0.23683802609828908,0.49326735703007896,0.38373571463369804,0.6657196525910835,0.4154130071785944,0.5410767720913343,0.579038295887204,0.15510366643581666,0.4901794785745084,0.3480751209037526,0.38790386745182914,0.41433966268004263,0.5295269798328371,0.3579209430300371,0.41411554639579135,0.4470230385797793,0.2812618511919148,0.2993168950406562,0.469618886634925,0.635591718963175,0.5116653359238419,0.3068582225269595,0.4662126846881309,0.5871514607939019,0.44741393416272884,0.473251812435578,0.6007341564923072,0.46511209786897195,0.5842136631259323,0.6180127407896916,0.7029108015560624,0.6217889428315392,0.42515388500217843
86,0.39904348349376906,0.7039577493164151,0.32036132554908087,0.6431964153036932,0.45119834732956393,0.7829780263594245,0.37067045348853933,0.6338744650366721,0.514675825482767,0.20456261334804432,0.43121041719270525,0.36727476668595027,0.35304038824655193,0.39784315356569355,0.5044894000468249,0.27395444835961474,0.4980389500426244,0.36455646918530027,0.27586830402770024,0.1322052372672058,0.47542617819646404,0.6868078037615069,0.41478461112490306,0.36359847554629077,0.3478568790669461,0.4981127959902727,0.4966537884572563,0.4011132955872463,0.494371941719038,0.20047347178421718,0.5224018470615148,0.5069604936334688,0.5090844178667184,0.719389592205683,0.3056904056204516
87,0.3730443793422876,0.6047773120682145,0.3381956157664409,0.722991030320713,0.3858312412512857,0.4644174993516492,0.554087490455512,0.5262585268272175,0.43027313957149294,0.3329173290023052,0.5709161773889759,0.25038799455120914,0.40528490558113806,0.5705453326176211,0.36071872263365157,0.32073054423058006,0.5405476697046675,0.44841118194143614,0.26442214402534975,0.2656423375922942,0.3820583652363242,0.4753516735456851,0.44348579107354297,0.30019911715452624,0.4683667150934762,0.6445518141413733,0.36320325091162176,0.5330601330332712,0.4048846076721694,0.34486527387172916,0.5533314628157451,0.7303578261122661,0.6370949463004745,0.9475042085229262,0.5141743131620125
88,0.34396451099568504,0.6001338052859155,0.29675000971690235,0.5466864113330565,0.43136976635248087,0.5606398891836935,0.4580627699721258,0.4726555846725736,0.4768475132831376,0.2887884324647764,0.635855122521444,0.3786112383858523,0.31687171741747977,0.411404704150821,0.40717082402430593,0.3372288791226016,0.3512104120917243,0.40701348369728174,0.31429163038405655,0.31856217033478806,0.49510074957320516,0.6861296137706936,0.5732897177579301,0.28055960472655944,0.6003059231867143,0.7188036757915022,0.5063342969830753,0.42942111369148006,0.47799570661421076,0.31146228181062696,0.6129361800865439,0.6358041335139738,0.5969997888503003,0.7793414736609584,0.42008270224797717
89,0.4167905067855883,0.6113821429471322,0.19624730355577896,0.5450440364604651,0.44995037284668377,0.5862969287298131,0.4571734615264256,0.5748689400720499,0.5147502329529985,0.26915279704939704,0.5333373167565667,0.29247146068253493,0.3673972414276747,0.48449139882388004,0.42741870609838806,0.30409257221583974,0.38527201342009487,0.5098482053592476,0.3725934023090236,0.33245987152165796,0.5399186344028478,0.6604658962554444,0.4918945699783811,0.31500880628032446,0.3975747256252137,0.6694851837578575,0.41715874610180753,0.46247175210888053,0.46716008782339036,0.31911817399652964,0.46829053475859894,0.6881104597232193,0.5699940346354345,0.8895254575017735,0.44109706663243675
90,0.39708915861365224,0.5373735988360451,0.16693981473464065,0.4866968637281789,0.45770162899508365,0.5087160855149089,0.40690737423717627,0.6148769298375865,0.5124989197890786,0.21393785758612327,0.7683577462333442,0.41023861302928066,0.4190498336815423,0.4040608234895897,0.4872400869731193,0.4939855935537063,0.5323336381689747,0.24162542311781202,0.413601423531198,0.44222964430760425,0.48289779562822766,0.7049002346989401,0.5023645450661711,0.363244625968592,0.5375140271739008,0.4973724632854726,0.42009130699124647,0.4330543634303281,0.4743082547144997,0.4014860245790286,0.6175278577982792,0.6409171272953205,0.6140997922019491,0.8522695851227464,0.714861855743151
91,0.42054593207965796,0.7205416920753385,0.0651246687139512,0.47406434096715067,0.33748261909424737,0.548023697723589,0.27823827916980315,0.5738147875581774,0.5067051567718793,0.26329427498605396,0.5594322325226377,0.26309331801169583,0.37977105178345827,0.4031229469521248,0.3355946114890201,0.44503999983944864,0.38444476856303406,0.4119494644506682,0.41402980432444497,0.4044752852803191,0.46961988312877934,0.7808295279978041,0.5595505051402007,0.4509042274621555,0.5226507071332676,0.3976406465880715,0.3542374588722792,0.5878871663513698,0.39462771436368416,0.30261722117989115,0.5251277851337603,0.5542985861845579,0.5818287882816622,0.8902034430488457,0.4440061850208797
92,0.41218806667648294,0.5794370708886978,0.22111298923009795,0.5326595265444671,0.3882012440093956,0.6631645843343874,0.4579478369640887,0.7694030081175752,0.4982558726061021,0.1638261639689731,0.6694973051612823,0.24733517330415616,0.3481067383598703,0.4234441803012361,0.3856956931116801,0.4780593145283155,0.4849518464565645,0.39954984817542893,0.4446604787542575,0.46108592789648506,0.4225227614752925,0.7740835183365158,0.6076371251057735,0.3518162348672542,0.6941817265597487,0.7089164261532814,0.35688360509440403,0.4535753092810484,0.39631984388004654,0.4503472854142748,0.6158926387799376,0.6244939565499915,0.6422334168690997,1.0500894849019042,0.6820723490927376
93,0.3340834361169881,0.6299507901149951,0.19757578604190257,0.6325170028233764,0.39294681907089296,0.5288907834303898,0.44543868332563025,0.42077737820229977,0.5957092792901805,0.22461389443777224,0.5356502232530409,0.45714472738207124,0.38914346097841235,0.48442573880218603,0.4229159151183476,0.3773433172085938,0.43605485623349083,0.3720565195959649,0.38829861341073335,0.4053396171258802,0.4236013529348706,0.7638882602914274,0.6974689494933071,0.4327718316955637,0.42436067244244935,0.6361954766803968,0.4996552148621769,0.5122828446389829,0.3366664111520038,0.18104110247701405,0.6962513741636454,0.5380274288474898,0.588020834172688,1.0437233207164756,0.6542551997535885
94,0.3889479962734379,0.500980728943802,0.22830577758004628,0.44283950242610703,0.4034242676034644,0.699723700455489,0.4544800332798878,0.5231046294053601,0.5505652002717665,0.27007537790932157,0.5309037180805473,0.26975703881515917,0.41129082081055207,0.3358246632477393,0.45050759602450363,0.4148830213633142,0.3792285315675259,0.4405135819631517,0.4591255308100439,0.4318867217838862,0.3983814947838251,0.7430226942216767,0.4742874277095017,0.41491216984046897,0.39775222483952277,0.7493451271912154,0.3651585586431888,0.5393875111058204,0.3885139901601108,0.21937778326740082,0.6663980122802439,0.506771637003698,0.38713642802474224,0.9938528219273941,0.5338890678519902
95,0.38133334145411135,0.6625899955290051,0.16605482640176805,0.6145520070535045,0.38825090887403174,0.597570824944839,0.5728604027484268,0.43659603624031956,0.7069119409527462,0.20204425908049783,0.4575367021988042,0.23816490291809567,0.3448739003184292,0.42859941263707996,0.4489926551466409,0.42680131544515637,0.4782072855647498,0.37891327571565636,0.38104874167348546,0.37370186670323624,0.4735346998421269,0.7427912257691529,0.6086358045697566,0.33663128344305354,0.5001146515780193,0.6218746808252124,0.42199638784739263,0.553713387096552,0.5093388821538353,0.15869230401367546,0.4960473609914632,0.5931915174849915,0.5404457858776702,1.009552431203534,0.47971489481065754
96,0.43175104371694234,0.5029891258767695,0.21442391651200388,0.592599627501418,0.42108967043905365,0.5581917633161241,0.543017449295916,0.5888444382433187,0.5474751352898797,0.10241850520722368,0.5023098207123117,0.3601106904289509,0.36160792787302876,0.49111572135775505,0.44809597225228437,0.33127803912078185,0.5022875816264514,0.37849305461334815,0.3734979234008869,0.4161347979546035,0.4598354009682099,0.6406878088943686,0.5195536137658504,0.3366982291428895,0.39393417599023633,0.5608814197771768,0.49061753337641034,0.42714121014091594,0.47391683467141366,0.23476205904869749,0.5890864400550164,0.6431331886867504,0.5885878795717883,0.9400255514026652,0.5332808408358453
97,0.4619250444898687,0.5516254270977254,0.029503092374412104,0.45123782279701863,0.31042601131153513,0.6182990277255851,0.2763386128500774,0.5012303856031375,0.5813121159857588,0.13321055618570188,0.44478017641392786,0.29983214107841194,0.3796514868431593,0.4139010960175639,0.40023666087368404,0.3627415728828642,0.40299283992014545,0.4052251659381725,0.3951206920822853,0.36235329130540456,0.5026166471287801,0.6229790812455173,0.6488915784798646,0.3221096986760603,0.398394980369572,0.6692320135253138,0.5752406822436389,0.4449619320206597,0.5474595171772279,0.22371712498121946,0.6840698837335102,0.49811129787130065,0.4671147953063195,0.978638310106021,0.4801026598384244
98,0.3415792287179618,0.6189367472554179,0.23063221583652005,0.7305569301747263,0.31818260980671387,0.5888433940004505,0.5305147172612332,0.6185794360191308,0.4759237172588654,0.12476655265579487,0.47158777033108124,0.3385851197122802,0.37853357154711237,0.3673410253052224,0.4051820363399055,0.4301888430148035,0.4793441177366682,0.4551865970230377,0.37765845405274057,0.43960091940110024,0.4148347667498787,0.5798371007188652,0.630504799148162,0.37076882217236395,0.34669042470717004,0.6895857509753117,0.4805607625354469,0.4986170141464903,0.4716666817588285,0.2157048051767782,0.6431797252988996,0.7724819865807434,0.6499850143893212,0.9448873533492427,0.5523156665716387
99,0.39532056607284405,0.4961934494279039,0.2002248815811778,0.6712890363908155,0.2821256656380306,0.609615110953209,0.6673659539495214,0.5654059490827483,0.462508507414926,0.18461195112849843,0.6303812379281437,0.37881932528779777,0.4299207473835252,0.3357557171458958,0.2925400340694198,0.41551280706471655,0.40158450039901317,0.3301111103878461,0.3584810406161435,0.3472772225534959,0.3596734544250667,0.6265422533406484,0.6232514870743987,0.3399134374445878,0.36470054164970545,0.8054319843475602,0.3671581514684211,0.5870995246487787,0.4737391306968333,0.28368524787865335,0.7025126952024958,0.6208701280851427,0.498812012651268,1.05757152897819,0.5903525082426992
100,0.3866202077103703,0.6453324258937982,0.18651010153117736,0.5772390833018173,0.5289122088309048,0.6300538407750544,0.6492087576120076,0.470111452751815,0.6009191311704798,0.24280469976907085,0.5280145438914141,0.38060811273284767,0.4295432959379704,0.46324959278863803,0.5757131863562336,0.455014979211664,0.4393622279706778,0.3588719108660341,0.4081960477013364,0.4033110946679249,0.49377767432256314,0.5370280884329754,0.6804927876440282,0.2625145692098146,0.43212800317353084,0.7046739453169109,0.5378391544274586,0.5448513790899172,0.5821804043369707,0.40259440132892904,0.6884336083676036,0.6287980635544934,0.44810243714692743,1.0284938724823656,0.5949858954955585
101,0.3316728569828592,0.38183957942087554,0.12967729086018473,0.5146945999177261,0.43611177819197056,0.6636414595440709,0.3542402029941806,0.6761791119160707,0.5519251890112734,0.16332117008887137,0.5886273410299951,0.3646130512013901,0.29300288271469455,0.43154256775368105,0.4318599653021963,0.4525566031552095,0.3596558737660598,0.3069475905663417,0.4055600173383257,0.2999875654098227,0.37523071459335067,0.7115805515783972,0.6434792491187035,0.3289704673522625,0.5518833921526487,0.6279376147762201,0.4712408787337712,0.5225069790305996,0.5365262053986988,0.360138264727369,0.5555593059545567,0.5585223536524501,0.6331672439892875,1.1530223504670145,0.5503769099420248
102,0.4128438575366934,0.4920897024312868,0.19813361552882974,0.5433999564654606,0.3874855820464188,0.6276996109797419,0.49250372477428117,0.6366233833804167,0.5512349280206104,0.13791050276574948,0.5266011239990362,0.36256429716570543,0.4589473979204528,0.48555584121793993,0.41356332397117246,0.37368528796474343,0.4271324018424779,0.21319285400937388,0.5059490666887004,0.31075305743296405,0.29151648743746383,0.6650888049601398,0.714557586305422,0.30005646766756455,0.3351869501159088,0.5822219076158966,0.45739903341386484,0.5800706706621133,0.5600876303912785,0.3213286899581492,0.6696466778297494,0.5146650998524397,0.5535403599311742,1.0137022732820578,0.4787201141547981
103,0.5493211826036075,0.619653834793937,0.21867855868267055,0.5149055756645714,0.3899385298980609,0.5719031914422447,0.5303797264376844,0.7050657774906648,0.4650997704561024,0.27253780612784473,0.533221583317924,0.3238513237338828,0.5067793804639917,0.49240916141056135,0.3959113634162576,0.39611538817994074,0.41631630448545853,0.19565765244663288,0.4759052277828282,0.2904594853218457,0.2560628945150121,0.6515435268332896,0.8217482747405321,0.28921800444903856,0.4185554345277525,0.5353341058645935,0.48623833053834475,0.7031475495288171,0.44767058958331574,0.3191283113495561,0.6783599973981036,0.5092469339310585,0.562275128898773,0.8603689220154892,0.6274777245974665
104,0.49918803428920017,0.4769826128135402,0.2270852437274878,0.5394667974577152,0.4158268198592644,0.6790417880303942,0.6066900064117771,0.667758751036797,0.6234585177049347,0.13449403615784986,0.6120137918560753,0.5108036273005808,0.3779364838378807,0.4231189762340296,0.5729597296528727,0.473952835476526,0.4748611140750661,0.18801583675674066,0.46890263763040463,0.3837865047155928,0.3593364905944509,0.7546172345808324,0.7043692942716315,0.36514067460181654,0.5128690435723091,0.7395750369294785,0.4996824595551098,0.43422296834379365,0.5533594308863401,0.4916103396512728,0.6700939827497713,0.5966012837817241,0.4537878552321407,1.123452536944672,0.6970212657158442
105,0.3377747863501387,0.4400958451949405,0.30735532040551494,0.552805117819273,0.5136976965517805,0.7038004610301842,0.5187007631051834,0.46143013840511515,0.3709959679201368,0.24846684134199906,0.5039239175750436,0.3414324890984489,0.34885370854288,0.38252459733941296,0.5188761768705008,0.3782041958005191,0.4888086576395331,0.24449627506340893,0.488212818141519,0.36673403303148255,0.49198881406771583,0.5385230365332868,0.6750557305847282,0.37586410655633473,0.3664595966457784,0.6556599031682766,0.5772656853783148,0.540488691387303,0.6198347633160894,0.3835230597318241,0.6670045049644231,0.48344308691862947,0.546003141558491,0.7470072104985417,0.5329635686953271
106,0.5068510777371994,0.6781857443158152,0.30957053262086576,0.5223855898292685,0.4342700117813165,0.7030189752230953,0.7133735760919083,0.5240319732694496,0.5324110121507732,0.2876954088172554,0.6519026873624294,0.3693068212198244,0.555820089133204,0.512667315554031,0.40676878538401434,0.37451304470097563,0.47927324998487053,0.19821781728517165,0.5207296801933721,0.3778770873427547,0.2134147874934781,0.7465374234291249,0.8366434441320558,0.358779888857144,0.4186975939593261,0.7140938834058889,0.5597686589953457,0.5900882650172069,0.5542723305587216,0.5608909216196336,0.779082771493254,0.5064368273935786,0.6453019733780583,1.077322474126329,0.6058682726926685
107,0.39582869484637323,0.4011710282099903,0.21365686828738112,0.6068335655917807,0.3704592426624667,0.5456915779434826,0.6903458325157762,0.6049246155012125,0.4780015722005575,0.35169543518142726,0.5887374925233443,0.29252505411378005,0.4075574727525243,0.38101978381742,0.3569676903328296,0.45889909669404627,0.49471061136954964,0.25821008372777765,0.4173498733627633,0.3826785202467141,0.32463311006039874,0.6697809242837112,0.5359603017649991,0.33860589321711276,0.3911748744854437,0.706302610567473,0.4376710830904816,0.6866607679616046,0.3919117629679162,0.45931395953192716,0.602026483065556,0.5217673335223794,0.7327057895148135,1.0341000585028708,0.3563763503620023
108,0.5788838972377892,0.5029049460002453,0.24435005487040887,0.5976715301118454,0.5221791913832676,0.6595710395532369,0.5348233442985348,0.5557358730821336,0.6381136219052408,0.3317023151896882,0.4719337011541762,0.4304359721688369,0.5437591634041194,0.47088342899885227,0.5259380564890479,0.3939364463846211,0.4615066892953734,0.3278420379360214,0.47069862865989753,0.327260300346523,0.3586482952548695,0.688522958928212,0.6776961527580027,0.47660172628426667,0.2947701868945857,0.6006185260975309,0.48973391412826617,0.6453882498105947,0.536950658794897,0.4547848283499517,0.8281299138137447,0.5160442942037419,0.6263048722365547,1.148088942934905,0.4124717209457219
109,0.43566434591467884,0.5000198168296939,0.2005827172623605,0.6169161070207096,0.46685052329513976,0.6612926278590152,0.7651634768781619,0.7485116758996253,0.6036220547896485,0.2323843600460987,0.7672086040353263,0.2406974253569742,0.4676274353292863,0.3631613701295674,0.418054161244761,0.5835250856147896,0.4232732043039047,0.28638542935456424,0.49003052352285825,0.41498348193826584,0.31321103300048236,0.8386497822193879,0.5719807663264939,0.2729422519812099,0.4106209753301471,0.7414725500456066,0.5495157633540118,0.5407932028893807,0.49383882919992533,0.7490539041612072,0.7740013324934022,0.5751583446275257,0.5325757445769341,1.0912103944339693,0.5824859324398781
110,0.35288499537666407,0.4241933620640207,0.23397518539653805,0.5500219899979415,0.4058932767826703,0.6088573184141118,0.7706355646701039,0.7129753473950309,0.4744448067648115,0.23055314049215103,0.5241071104820362,0.40000943799345196,0.37483528131699134,0.4208009313908768,0.5350577071720655,0.42354516252489394,0.4780041605880657,0.33214481955769504,0.3891101764107622,0.34666547369666456,0.3165344992774265,0.6699173277135632,0.6427599553676019,0.30458145233221867,0.46479145762439056,0.670770703900248,0.5265902160280387,0.664757225602606,0.4936590257907158,0.561944729592547,0.7471754717066637,0.5559227510335384,0.6315099039950538,1.0296287901215464,0.550302115324438
111,0.37265300666407275,0.5044743124418589,0.35634811103850716,0.566676488736519,0.501659996972578,0.7456688829033131,0.6124479102657131,0.7446454602251733,0.39170591298796187,0.34119829223643455,0.6093925918242173,0.41312276030464556,0.4126426774237088,0.5502202002160006,0.429356810442346,0.49929930614183093,0.4431045110616695,0.44125619738800503,0.387340526158626,0.34547368550362856,0.41163618668356244,0.4830443220410193,0.8776849607961641,0.29066761429888194,0.4972598763931533,0.6010651825010895,0.5685372116645095,0.8088919951078968,0.550567144241906,0.629373495047187,0.75048389629487,0.4787066015814274,0.6787608857931084,0.8951013932579244,0.621297917685525
112,0.35975758911569045,0.737176538374333,0.3282534984086993,0.48191644802974976,0.5602842640270285,0.8029752880294763,0.5993652701412885,0.6521700256781258,0.537664980557812,0.24265652429902526,0.5068577362018538,0.2538968630552848,0.41431893410676196,0.5353971666514004,0.46042271649979755,0.4501513732487771,0.45248829101924926,0.36790438613471355,0.42994927322365445,0.32016612726213156,0.4208517610743935,0.5320211304505891,0.6350280302120839,0.31102123386560954,0.4532701084654076,0.7062678711710406,0.5250056483442902,0.8742477151450245,0.4506285849910728,0.5356525360179445,0.8323877334935504,0.3897344137773266,0.6121529964876133,1.0077425640823527,0.5466549464705914
113,0.3926306501765079,0.579574666647747,0.21143365830017863,0.5039568798897872,0.503621681945623,0.8353658706579092,0.5476935129726206,0.6824042941439942,0.35592329853792454,0.25160654398903115,0.5877809160739641,0.4171141175222246,0.3841520472580251,0.3835629750471767,0.5174542605366006,0.5311228288898692,0.3920583359659924,0.346746054786974,0.4719366764934875,0.3236257254550005,0.3902217563033116,0.7585709619187984,0.7388547059581039,0.2981425993827903,0.532449890894908,0.7183283576817384,0.5798839722044629,0.8704028602447711,0.5209733021958995,0.8375984208966809,0.9499411328637013,0.48831913589215836,0.5127724694656808,1.1322007133870142,0.6090722981591066
114,0.48617611896881663,0.6503201375692444,0.19028121421050123,0.4919324726875936,0.49735891390913656,0.6804180719890114,0.5877405275770197,0.71626357616007,0.4469584303776443,0.10963482664826485,0.559168360509507,0.21189837907655684,0.5641321375736918,0.46632843697775755,0.4558695139946043,0.3073369213645475,0.49808265994885426,0.3859939370698897,0.4492542004317138,0.17953413129494133,0.384226521963157,0.6763572236576075,0.7028786092638898,0.29324853986282495,0.4709873049053712,0.6137596361225968,0.5888752304145757,0.7881258555936121,0.44088913656681744,0.6349264646952069,0.7987211982336427,0.5226572097895521,0.5546866245564258,1.0112286642465478,0.5428806002634177
115,0.4233985333257648,0.5180508618555895,0.31050331017607846,0.4855131986316579,0.49771297979290186,0.5387037996294496,0.7108532296699286,0.638465482591075,0.36439888484146943,0.21493354704316048,0.5488118826671462,0.1511398558058059,0.4436314055554926,0.5104143734223532,0.4220584511388359,0.4208355083137886,0.4291045412734059,0.33040437867089967,0.35409215978750863,0.26543496949923595,0.25445162642185293,0.44230813708624084,0.8017267233797118,0.30654924623319335,0.39693919629612806,0.658670162978938,0.528662892803984,0.7982765153080388,0.4559496641957871,0.723690225352422,0.9862002368602183,0.4667906322557019,0.4432546571597181,0.9250617843189817,0.46552001995442294
116,0.5048553890214396,0.4673997191609387,0.10729327234120511,0.558496249700252,0.4304236925344577,0.8156321270165501,0.6605543237871379,0.698511290090271,0.449954341211436,0.06471254256430174,0.56497671157787,0.30582576793320393,0.4832851350507946,0.38348800170660347,0.4924432468737776,0.4767473059976572,0.4690507167751693,0.21895935268954386,0.4396158687621008,0.2772810007473711,0.38008498844671496,0.6235268330362942,0.6358772024261126,0.3031374807943821,0.4402864637034985,0.7506075030796738,0.6671731806892605,0.7245216623734825,0.6517842024837666,0.43577979170075404,0.9613844498379508,0.5623800402745722,0.41773646939813974,1.1299640675586167,0.4293500641912244
117,0.3505730846096599,0.3921657855440932,0.1734543504038315,0.6624173903314728,0.4087121811960647,0.7376247695353242,0.6504956992904911,0.7136294186433945,0.4107251761477645,0.20453094931158616,0.6502658585925349,0.31649704346839147,0.420740216246109,0.4208227106083347,0.39386087971281336,0.4318905605615133,0.560134099660935,0.36521210815508676,0.45021464253418636,0.3360374811961719,0.3153658787356603,0.6298570430915316,0.49605355615743313,0.34413593427182587,0.5288454779451146,0.8058010436926013,0.627585698945951,0.7469308385765394,0.5950071371550184,0.7680723121669892,0.7513669910010273,0.6359269474619136,0.5079315412564823,0.9118588275410868,0.5709276436585013
118,0.4452085305407417,0.5493145372043702,0.13165954463651264,0.6007794444985319,0.4923507206166471,0.7596257585541977,0.7189839509243068,0.5874007310128089,0.34065169671359097,0.31034401799939826,0.5541735103629343,0.29381759644001754,0.48183402832632527,0.43362381853988746,0.48543080403406164,0.4109033436549116,0.4958332133116231,0.33892112039717626,0.3991945050451926,0.32219764664225603,0.24710373223385684,0.6157199190558883,0.4118554290416647,0.33756691835970065,0.5320791572933179,0.695254094469798,0.6809928622559319,0.7317201047801294,0.4895535872535588,0.5639937159976178,0.9328169497331616,0.5747078679746278,0.3648358394828165,1.059205525422037,0.5639505379763081
119,0.46037529608564454,0.6568428695784649,0.2127952711694407,0.6303814442343024,0.4985929291001453,0.7176087471914772,0.6409627410254743,0.7073345951047156,0.15747231701572761,0.3121247837326577,0.6019739555415206,0.4027956702559791,0.4531841936157004,0.5196672004741939,0.542050124179552,0.40664946076487596,0.528895966726199,0.39225721261016766,0.4406057495701589,0.3680737511636105,0.4500765585581732,0.5975271074054587,0.42193126637461287,0.3005390136180146,0.45316714089936405,0.6384598962750896,0.6959254655411142,0.8550994039727882,0.5650636607841258,0.4717080016347477,0.7522650580021141,0.4797879381182959,0.4567078117764229,0.9042704394598199,0.6708703378401181
120,0.4535276740717715,0.6965817173270714,0.22501549892899325,0.5815436921232583,0.5790250565474069,0.7797228613577027,0.7124934943627612,0.7756197871887845,0.3745245070177728,0.3230005864598061,0.6746932582361096,0.35316562534449636,0.570905931938539,0.5150533564318338,0.5008979200116144,0.4075107064017299,0.4874021253195792,0.3854539716928815,0.41706658852537515,0.331574628468006,0.37265195401251805,0.757912473257008,0.35482139116936307,0.3530208688683599,0.5430661143383733,0.8932496195452395,0.6363926499595284,0.6982521711946925,0.5420341930331588,0.640189541229236,0.7582915303416888,0.4835809392324915,0.5078125358701951,1.0563879375240375,0.6638800528620924
121,0.5279943552028704,0.543270773665014,0.25361443407617,0.5493554876866219,0.5089782446090046,0.7363387559351458,0.5910315546398023,0.8067970518726904,0.39080725544871403,0.2955030045379075,0.6518815290879434,0.3501229740346099,0.3950833229256113,0.3684094122111544,0.5019907888834869,0.4191371714458605,0.5015933685239492,0.34357005942820773,0.40367689718948296,0.36352108121454046,0.3623106167160411,0.6121386162324631,0.4566391059260662,0.4131001098290972,0.5161294874958361,0.7284948310232412,0.5419874154647393,0.7076961533837982,0.3952368134067463,0.6529578061216685,0.6785748604114397,0.39286955355558134,0.5173121013748234,1.1195914616258995,0.5715747213987139
122,0.4015467838375979,0.5461381803277087,0.2626081413501373,0.5750286097713755,0.5134259985735704,0.6638616867527569,0.638676547903806,0.6692307652934719,0.37171348781861535,0.2870354945667104,0.5167585406447197,0.269799497136595,0.49040847701075957,0.496465486719917,0.46540136357421313,0.4889307271677724,0.578957640993266,0.45901293190543513,0.4755969327623046,0.3371041865169706,0.4044624878998867,0.5912360933134408,0.6815215253119526,0.4278824046319981,0.5442937577261543,0.752840212895488,0.4663178305540909,0.7464987045080871,0.5223042252347517,0.6824549658840702,0.8204616107870877,0.3576550671976344,0.48260671871199506,0.9679426335742373,0.6330892388087986
123,0.4961741110929711,0.5941536824904787,0.2568754958331856,0.5244249621165858,0.5140646430178686,0.7984196559963828,0.6535703531338128,0.6673324128358942,0.2810724334031309,0.2688573349236921,0.5490333535374434,0.2859256806498623,0.4571394722097018,0.46321096908758813,0.5405494312741651,0.3675904709709644,0.5100465805935244,0.41413649278707265,0.46700070115507364,0.3083671829381217,0.3526644126192467,0.6589097599460996,0.7284835770014366,0.3983899748164037,0.5696429193640073,0.6443094049424749,0.5596989030818407,0.7017616870371628,0.5352514298698603,0.5411948716685391,0.8940370828351154,0.38647526801995674,0.5707666420290356,1.2203968577295599,0.7179338056501705
124,0.36838569914076735,0.46714454382349807,0.299074968149183,0.5187222739660377,0.48116619853924236,0.672565497658125,0.7632114611589417,0.7811895278250423,0.3327695794226086,0.38928321426508483,0.6651708077519646,0.26526074698266,0.4141594216643094,0.36068214640531937,0.5223162751795051,0.46227997913962304,0.4345871349866257,0.4959573245530845,0.35511365341276774,0.3690787081080691,0.4212002821634022,0.6992416920038236,0.7727660071871114,0.33385724107982306,0.49033017497457076,0.849538662201523,0.5739749274634727,0.6233501197962932,0.5418783550419517,0.538998454001807,0.7233269880390609,0.3877490175029079,0.3944334614169216,0.9077045065553944,0.6117664151430773
125,0.38033774265916087,0.7173650323309048,0.32527294151309954,0.6117774607698871,0.5121752047756256,0.9053516518224498,0.738449863497378,0.7626860136042772,0.4235433086619681,0.32850185012848004,0.6261784379031834,0.3729616759660664,0.48075125597929513,0.4276316316205253,0.5022043378365846,0.3605018441281693,0.5095847394942143,0.46808718735123367,0.43832558229454743,0.3448196086434718,0.4617571201686833,0.7257046803607379,0.6492634280128345,0.5111867239513785,0.49067894357333375,0.9010884470329218,0.5690561765001042,0.730230578470573,0.573829679615455,0.5867027404558061,0.6688011718960831,0.3678588331438716,0.6184339727219346,1.0225213411647522,0.6339709297004785
126,0.3621314198573752,0.7924532039258672,0.3264613170985084,0.6172736886606842,0.3629801703767771,0.5922286146594138,0.6292579130891129,0.5817640627716576,0.4869188459935748,0.3248084707882818,0.6434829515545609,0.3235061195141785,0.4815474731075654,0.5194453151709431,0.46463173626953813,0.3943434181359748,0.593847064351023,0.4130473784382482,0.3618406489715519,0.3422430254348166,0.4833072457740888,0.7733028132473088,0.772977069835894,0.41985659195135205,0.509191428567461,0.8733429877026158,0.5128826343277932,0.7437328075479932,0.5097193000826248,0.4638304047600779,0.7471342612700298,0.3146165054788569,0.5143094844626999,0.8024547074501713,0.7777217528229555
127,0.3542720129750647,0.5152530626228788,0.2023129181096913,0.6146225646794378,0.47150365413860273,0.6010396824887221,0.5594544212656223,0.6147407430670901,0.39836334605558915,0.2349020772324876,0.5720503626371967,0.25242040581064984,0.42314005899571244,0.40692448205213794,0.4072588056657307,0.36691866305584153,0.6120913881845157,0.31678371738001676,0.36017181476164006,0.3460085764984838,0.4806009047729823,0.6501572851073709,0.6237701133407089,0.3036681194780074,0.6180173237074962,0.7478897200922219,0.46393395916848085,0.5932286776412339,0.5038644626217031,0.5352036082470715,0.7994593978211283,0.40918840711913074,0.5945859741554423,1.0530924684230119,0.6992658476739706
128,0.4627079233417816,0.7603949229955181,0.44189365968863126,0.5628376502597559,0.5061262213937086,0.7499764014132481,0.6802139146514801,0.6467510132598098,0.587058800063657,0.3451157922984088,0.5915538728532461,0.26842559907565156,0.48635379521753364,0.46041924868261214,0.5158642731712624,0.41876722232251035,0.49607548370276966,0.4457194071370274,0.4447958327535404,0.30584993333477,0.3191465746075846,0.7663383965236785,0.5832601459489689,0.4565694809407384,0.49085504353852605,0.6754972713635075,0.6506276443808011,0.7825485545318647,0.3830608759120127,0.700157426793433,0.8874406182570516,0.35237953241382247,0.5160987187257413,0.9688813124000607,0.5470999559947003
129,0.31787470523449657,0.4839299725425963,0.32195863584223283,0.5070739656398512,0.546013489812754,0.6290143597972784,0.6136844915786803,0.7095811171632894,0.4668563810305534,0.22463857826178574,0.5428510150724292,0.36296674834051423,0.4246019434010254,0.27728158531013636,0.4890576555540931,0.3580934836374503,0.4383754900784276,0.43411462194928163,0.367019915195489,0.24042260501254636,0.4700962056708532,0.6452063463923017,0.5590853287412901,0.41686371385740406,0.49540655138801176,0.782019557900189,0.5394239996897578,0.6740338993762265,0.49109453448275475,0.5365136942665837,0.7964964634221188,0.33144275878169305,0.5596060674644712,0.9653692439300673,0.6042356199916252
130,0.4191873335118487,0.7121327844809586,0.3165090232956165,0.5874328162390436,0.4987331200536373,0.6517985304791853,0.7468064850793541,0.5810297114557685,0.566772732567854,0.3047818978108101,0.4328851291269372,0.4275483676249509,0.36268869344101473,0.38886627205772306,0.5311885815789286,0.4137373140395252,0.5396465652529745,0.39100385463122206,0.4594852731600986,0.25866358756025587,0.43316375757384007,0.7622419344065061,0.7029190149468572,0.48866912903401716,0.2568355668600974,0.7307167754276813,0.7178895508950787,0.7216425430620051,0.5666381058666782,0.5107944302786649,0.8698604260563662,0.44801904344655397,0.6552077193211461,1.0430182476266745,0.46502633940951404
131,0.45426053458104076,0.5336863904005416,0.11566079793676354,0.6124234315810605,0.5867731227317682,0.7467045610991474,0.5554699111289754,0.7551259228868848,0.6430665420071491,0.31047495699571726,0.5316345756334774,0.36136733194203224,0.42830650613422094,0.372551010777931,0.5420548487883359,0.37848451540357336,0.46174828126849177,0.406540017360475,0.4002140891137843,0.40167487090866694,0.4169024317150598,0.6169569425094892,0.6799040311107847,0.2778894076700783,0.49944606110271184,0.6975474925795944,0.8576955857712723,0.7141311200076259,0.5352134049523972,0.7856729648589891,0.9311848206838285,0.33531788932326567,0.5138405137040689,0.9664903466040147,0.6668885740390607
132,0.4331107361993948,0.5929368040215153,0.14606645093421627,0.6506662452914638,0.6016354511098174,0.7583617318765574,0.714460633783615,0.6545257638683745,0.472055389949646,0.4274120290528042,0.5512338589870982,0.49006365460226436,0.4317423281866634,0.3554917917917424,0.6050598630681469,0.39523425576219073,0.4913598270281252,0.3328881804067393,0.3515136008688286,0.38882212808629363,0.551953850068553,0.8673690798259848,0.8059724418772025,0.4359393742336506,0.4093137392889358,0.8832541190867944,0.6552133993921718,0.7766426788657583,0.5571584824623963,0.49382885545705624,0.7697176641512349,0.4172294734497114,0.5756586853439654,1.0657667609102934,0.5129195215455646
133,0.4433870060590923,0.506390386278431,0.15509536469116988,0.5659312115025578,0.43626915754982265,0.6735871064956713,0.7225392752797547,0.7806642888776977,0.4827644428894257,0.347648228715589,0.5261929089087269,0.30827156970120495,0.3660929446713226,0.2149403652579035,0.44271952430113115,0.40872167034299267,0.4411921387690474,0.22898587288845257,0.3367540014461007,0.21535511380743783,0.4464440178897574,0.7460849985166818,0.5474819042821696,0.499543330155625,0.4211470245971811,0.7110256435276661,0.6126827774265697,0.6582735199362517,0.467920428931025,0.5298773547269876,0.8411696641635181,0.41345431823524703,0.6218442785604934,1.1110130604972057,0.5356767234575803
134,0.3648500952278198,0.5719904919183412,0.1513013532748635,0.6883906430346689,0.3718180109755045,0.6411294586799787,0.6318750782402782,0.5764178719482922,0.45908956451533484,0.4014416216779584,0.5177003593862581,0.4045657706109443,0.3141840607287408,0.2884129823829729,0.5217179375979104,0.38158975741108375,0.48622984149101955,0.4364724242476621,0.3325631825870257,0.24372925257570976,0.5487252419400181,0.5435704549180471,0.5166698250481537,0.48898433111392403,0.52396710807382,0.7949423497510748,0.5138502571896383,0.7443752266653483,0.5151540208851308,0.6092255910831055,0.7972696022521384,0.40212263739937304,0.607376644016063,0.8940358300027897,0.6379383569944903
135,0.3778425464139193,0.7767320709608354,0.18355964638423272,0.4112478933645351,0.5018869065288964,0.7570404416688306,0.6920003505375978,0.8825373594269679,0.5369516100582772,0.25842338563483824,0.5635534162828288,0.3488361239718436,0.37089979809673285,0.32580469171518406,0.44351201756830866,0.4475971341087205,0.35747556484936166,0.4142666241287307,0.4175160218500644,0.28164595168208173,0.5241661495781685,0.9004983617270934,0.7732142044011796,0.3875601538268234,0.49800379402000544,0.6933690794831731,0.6553653703607224,0.710692791564548,0.5905124211489441,0.7640100184575149,0.7653676699188092,0.3961488909566275,0.8213317290135965,1.1510148830149807,0.634845603942467
136,0.4341427465539426,0.5639331871384607,0.22521627928206983,0.4858259588843308,0.4730690268054988,0.7482926769138036,0.556491639771731,0.6078408985132736,0.6511831570605866,0.3382560246660938,0.531035100730237,0.36597548571132976,0.4652437078362963,0.29595639452887285,0.541544317013039,0.28881578302335015,0.37647566808331434,0.40739391023904614,0.4622393998109268,0.273429028365713,0.5796058610143574,0.879618978290709,0.7939471402254381,0.242156469582781,0.4843134947009987,0.6538087570397911,0.48598350284302255,0.7510617064909585,0.45323894104148044,0.36586288868893035,0.8181127801431207,0.30760964997294393,0.7524348866899522,1.2445685936191326,0.5582527190290174
137,0.4460810203637419,0.6161630687345967,0.3215289316106337,0.5167415269030635,0.45371088785108993,0.8107242031150017,0.6600892108703629,0.5553770714387236,0.5964589462165804,0.4958012956438082,0.4569354175101006,0.33392168699659014,0.39907619133411554,0.5274521695399992,0.5007218037366185,0.29117122634975307,0.5004711632771823,0.5332344843349289,0.44573147716489603,0.22393687838650367,0.6205085880156287,0.7673742972694924,0.7178568384311355,0.4099500804189393,0.48792367364455264,0.6453199766182981,0.6510880891601993,0.8396075594943487,0.5793261692861267,0.5432551629225224,0.8314412622171632,0.5103576544073491,0.7612133875411198,1.1330658009719008,0.4744942059275624
138,0.3686298794783551,0.7427734333400537,0.26057425251622857,0.5563434191135035,0.46371997572797835,0.7625777825093861,0.8393893129960653,0.6234348000322326,0.5178388440593623,0.4565155516390103,0.6058725047436778,0.43564187032043844,0.3473666286526722,0.24223229194437093,0.5582827391892837,0.3811996192162704,0.44002516313490575,0.4502354603751497,0.36165931053460354,0.3182752480234395,0.7761702706177263,0.692786145074831,0.8668061991605334,0.4980683853707786,0.5966665154446045,0.7537131327360028,0.5857002276146189,0.6496285525940088,0.5751499749801992,0.4765993441479053,0.8156004673368288,0.43436196586766207,0.7463740581809787,1.060151954593214,0.5851691726161152
139,0.5867418497051508,0.7063833946928062,0.33970491255868196,0.6402757730883271,0.544492942570153,0.7372083238839199,0.6822626811179616,0.6536675724142095,0.5137792220527859,0.45008686767976935,0.6019012024630142,0.5054145260163313,0.3697923182697236,0.5084932758694503,0.5698441802557316,0.41645823109042734,0.5250876069188983,0.4818006853718473,0.4781764935724364,0.27023570400365987,0.7031684183077482,0.8247406972671864,0.7597143426560632,0.48173634282800754,0.39093275242706665,0.7272149785215951,0.6440803981117104,0.7281682725222326,0.7040494278372967,0.644554207886586,0.809693704814475,0.47474458694396604,0.8403292008840867,1.1470303695492567,0.5760217801040892
140,0.3086510791969056,0.6897230891023327,0.29258315172716154,0.6247232208773954,0.4769504371663196,0.6894342923076023,0.6232178015412083,0.6626152786104352,0.5010688601042392,0.4249699459114651,0.5210314909962983,0.5008510845118621,0.3788583112964564,0.46030225552515275,0.44689129386182724,0.36335370726971555,0.4641632404330654,0.43987932002974794,0.4339618852687106,0.34723694865436294,0.5734850564336731,0.5223074676188838,0.7576778981809584,0.5104834503484826,0.48666643329111986,0.7947928627018851,0.5997049140418895,0.7521223192946984,0.6073504196175559,0.7022932451914188,0.835358989168018,0.34001959088989214,0.6811555825021554,1.0258945472879195,0.6381872075349042
141,0.3396494277946942,0.6230917233446879,0.3710893656667522,0.6517757034457985,0.45359249835798765,0.7122610832954113,0.7147202777549388,0.536191610926473,0.5584668833923483,0.4841587039844393,0.5308719369581507,0.42657152297258216,0.4116813832439914,0.3490769646614419,0.4000504034203144,0.4016179263339174,0.5475268500443665,0.3784603233270127,0.4763815123937465,0.2699809173363883,0.42051378833118974,0.7735460473879383,0.6691644192299292,0.5749925921817072,0.5982266547977808,0.7639253038235165,0.49394367946175544,0.6712416348621613,0.7490340007213914,0.6396786348638461,0.9387745353100891,0.4696652540684768,0.7372130448575924,1.0480609920701145,0.6182966008909048
142,0.46944637703654174,0.5828705924364067,0.4339980914547277,0.5616476344273273,0.389043089280483,0.6106780924149944,0.797677642990896,0.7825583713039259,0.3962342830386458,0.3836133361592737,0.6315904480272494,0.312800013673937,0.3225535520770798,0.4465384927822405,0.4446269190701315,0.47590366792370054,0.53468765639152,0.32978264861082396,0.39826284915549853,0.358295621319875,0.5334817448228721,0.5302790288225975,0.8327207120497522,0.6445874944279038,0.5662908104230675,0.8149419968430638,0.5279440141387924,0.7057143230703687,0.6353023777477675,0.7412190345834182,0.8115233088218486,0.45845079185921334,0.6553429022458614,0.9212875594671911,0.5790871952693728
143,0.43703130734896695,0.6052736897981315,0.2012851466831413,0.7342739579377169,0.4813314118503996,0.7729569658307354,0.722187172536861,0.6996659705899546,0.5030909144395428,0.4169150593534082,0.5068682156606303,0.4507573474901604,0.4890136276453969,0.4519830103175463,0.6528828721303845,0.4172620651978566,0.5020266063434916,0.3964807732073279,0.4750314302750421,0.28282441910355655,0.5882518759103679,0.6681582815484259,0.6841557980691662,0.6139802148545034,0.4255402610314895,0.79942920715955,0.5173677278425615,0.7796850642179272,0.8765802665242357,0.6461406826800558,0.7901049514904227,0.4856879897567242,0.7104438021074404,1.0928057581756505,0.6084538398517081
144,0.49794705703488684,0.5220796671794663,0.28634357441448355,0.656808084589219,0.4744542889038389,0.6926723054495106,0.7065315727137105,0.7067976787334792,0.5799037437500851,0.40089633733313157,0.4952749085031338,0.4356286326960063,0.4571152965865805,0.30867214339429616,0.4905395167965907,0.38433820725790946,0.3781996006881464,0.3467159705618651,0.5356792671605699,0.23423888663825124,0.5357796199075747,0.8757095752816081,0.4957662576476922,0.5065979762162296,0.4380116485480432,0.7784642295508463,0.4858333375617966,0.683031633236941,0.7803939557146817,0.704288404861251,0.9233441769538808,0.3479245423692595,0.6347386207736354,0.9776035507056277,0.5186147032870534
145,0.36140299696327555,0.5935355316122386,0.2592276505890164,0.566251399038571,0.5536193374991004,0.6482529059626705,0.554493091180842,0.7109989695082415,0.5476803955854825,0.4446232794826074,0.48386722003163823,0.43032783536346264,0.4495167260256817,0.4606234078633782,0.5848887498347934,0.3975119918246029,0.507054606251129,0.30967760812938744,0.3266111286782047,0.29913930082211904,0.5392706737265188,0.6810331917875385,0.4636365511393452,0.5056160816099939,0.3538930804000866,0.767939981463919,0.502427390161526,0.6021572726677807,0.9327344137700976,0.6216483162395126,0.8380656244947448,0.37265688741972525,0.7295873434553746,1.0981159855099345,0.5333632197874127
146,0.515153947350204,0.6251618172744966,0.29929414444482744,0.5332484477968613,0.5048227386964799,0.6849028700477886,0.5922792452173294,0.8157114271494047,0.49152729847460663,0.40454075485436863,0.6180207732667691,0.5254465191718328,0.46801171348254966,0.4553407002552826,0.5746892296217766,0.49241706817590714,0.5040583382426833,0.3542940380095746,0.5784546593121236,0.48498851848929964,0.6399234563761842,0.8891529554557362,0.5410919254803833,0.45050143787841224,0.5030096228516845,0.6796303074625369,0.4973794821708904,0.6992098108463449,0.8871780685241041,0.9588727513829469,0.9724677352856557,0.4182997054448081,0.6194089560719152,1.0680500250230605,0.6128146852370968
147,0.4691075594032513,0.5530855890618304,0.4047137702296244,0.6325047283278749,0.5732841717642636,0.6975807553734417,0.8012166174287603,0.7480340644695379,0.5840069264306891,0.4122285549636161,0.6255157283472056,0.5476438815314457,0.48454911942745205,0.5266198493236149,0.6194177039628764,0.515834772519364,0.5154980491248593,0.3980433610733402,0.615259150084629,0.40994672521246633,0.5069305547220662,0.8408405961999744,0.693902361445377,0.7118281154302653,0.4087323452775261,0.7330296278717605,0.4796320341113838,0.8709978794721066,1.1606813270090788,0.7847227135578004,0.9286736844328769,0.3568860918950254,0.7710686018139703,1.080406322849361,0.6610102264885755
148,0.613346695798588,0.618867182474268,0.43322169460596827,0.5132368092778641,0.5224477218772161,0.8190971561475874,0.5517565220226319,0.6388832182185247,0.6427198721019841,0.3363287144241623,0.5298928676916745,0.4493890372951082,0.5677897694461975,0.46654815074852485,0.5763576743607468,0.3734290184918355,0.3730865820249352,0.3488248447437845,0.4994601672659311,0.35923486545623595,0.4756119084604275,0.9671117965190946,0.5220439496104772,0.412280847299858,0.3958829538709919,0.755580870041961,0.5106656163697147,0.7996548167029514,1.1212943726914164,0.8678462690759974,0.8542452466409904,0.42381509008644175,0.8709872233296105,1.0378529375303867,0.6304903675102252
149,0.4194393436486705,0.6649264711155825,0.39463073803247417,0.5830954274389916,0.6061037025313842,0.7447329747376206,0.599940399409708,0.6720805994738821,0.6774863283839326,0.40349648817987027,0.5535890657758393,0.40889121187204464,0.45068136547204424,0.3941557151850501,0.5717585459880122,0.44147883619689055,0.4707355968545626,0.4572006427751679,0.4851665174941444,0.3535345907277673,0.4232052524773838,0.794354306901258,0.5230687951061375,0.473230742920378,0.44981058518420575,0.6067226190714339,0.5250327797571888,0.7910232287091044,0.8379805117845054,0.7397096570508725,0.8669065370777684,0.3701349288916186,0.7908802450871077,1.1567602438494542,0.6758175030123099
150,0.43424151765800023,0.5954139827878295,0.34194103328186076,0.5313974299937567,0.4038658438045425,0.7082176642231812,0.607747133015316,0.6063861819480705,0.5886706013817207,0.3889580581405878,0.470159147144858,0.46374812031663387,0.4323958202425918,0.4329643846648355,0.5362029479440032,0.34542034149032785,0.3948142717060543,0.36738257575452926,0.46000153759451456,0.3542321966086279,0.45123487000855267,0.9113213942357232,0.561709909590763,0.5154115298203652,0.37098080545340395,0.7211821999215523,0.5134496394594736,0.6529821450968056,0.9675119573356992,0.7129590094919592,0.9137566705791645,0.36103576041573043,0.6706709157472306,1.0330763632298643,0.6413734710723279
151,0.4210057311062352,0.6647439274589328,0.4374256067912804,0.6347717090591833,0.5392111332133026,0.6943082365454516,0.6930316707505104,0.8403027006223981,0.5984650093609114,0.4523315757186953,0.5699929353033067,0.4676226620730878,0.39733320956630275,0.507618835654226,0.6255078874676483,0.39997586559310216,0.5574661240745367,0.4938049295637205,0.5456108686292596,0.4349978690377918,0.4833952927690336,0.734326594409406,0.5787576983195104,0.45957148609939263,0.2834856280802291,0.6319559450664058,0.6299523074204234,0.7772653332661223,0.9934282229605286,0.7484755022367637,0.9681134072138067,0.45489416800999094,0.7637860927292068,1.046018107324784,0.6850121665549151
152,0.44501873758961163,0.47210297762148284,0.3790555274225731,0.5612905578953362,0.5201250186101901,0.5983973253090363,0.6829101612760713,0.777521500930487,0.6870837738669089,0.4303239803536737,0.6469339067539842,0.47471312976223884,0.5629545557365461,0.46942817575991136,0.6328994004023724,0.40254688301707875,0.4514514973390519,0.40089143201157124,0.5494598221924079,0.48972340000474457,0.49542042727353597,0.963109790911884,0.4632292322631224,0.561704313555728,0.33802818212345753,0.704303090350214,0.4648254123963284,0.7028023026232834,0.9037446415343938,0.9534926107965931,0.9040441424394923,0.5377196723311077,0.6289155913259201,1.2019278126219328,0.7453142372400821
153,0.4216511831796691,0.5250151594532091,0.3074295661392302,0.5222011511723409,0.5348088839076952,0.6835870498156227,0.580633121546049,0.7082032510284655,0.5160985816793252,0.37308192923555905,0.5344777589577822,0.3303319057063925,0.5605950248993908,0.3956301972827099,0.5551740796850644,0.32734796403500005,0.39446668116934697,0.47392485617690605,0.5432916714462728,0.38755789705041194,0.5680634954253538,0.6454786612266664,0.47433163760335517,0.31514694004617155,0.2249946525866104,0.6022502370150179,0.6542089731250648,0.7058935584609607,0.911555748640688,0.8201210287121323,0.997572655408728,0.3551780567910652,0.830460271069351,1.2776700049722143,0.6400215247961794
154,0.352610209267309,0.5696311232692262,0.20080737390576173,0.5422767139497291,0.6618261044184353,0.7729838706127892,0.7241776214941553,0.5783200557902237,0.5109481009746625,0.4296484132641816,0.36941226403111493,0.474934686831378,0.3646512298032222,0.4703846525204265,0.558808656545638,0.28401711627214893,0.46709775262253617,0.45983515718776685,0.43227980828026596,0.2668759363508265,0.623267773976428,0.6570779775044426,0.5684611924572013,0.4907305109966368,0.2598452025096718,0.5803408719541385,0.6627505793113976,0.7885363812528527,1.0022886263106234,0.5160816520472149,0.7239706124681462,0.4204805810130302,0.6837258329377511,0.9334235871186569,0.6637825665112541
155,0.4120955578150979,0.7109238678097944,0.3735982967262709,0.653429834983634,0.5573254061237127,0.6802712638989146,0.6884964977237387,0.6184587213923736,0.4611910719185479,0.4453630561232027,0.6403489998897232,0.5172453866164735,0.39686694329117,0.4267943105043168,0.5525236908834257,0.33892261785508204,0.5860210890021337,0.4401614919615636,0.4451956005676414,0.4184757280907759,0.430885326176061,0.7010676028464999,0.5697335580897825,0.5182541306765753,0.46340096568676686,0.7486168048997357,0.5717501299358217,0.7710170120395556,0.9094742305207314,0.8335630524542755,0.8548766685178448,0.5763912260003328,0.9206623512139546,1.016580508855013,0.5715575889915333
156,0.3376510268255414,0.6260120718371509,0.4055089346362085,0.5992317953149698,0.6427734295831107,0.5524748184940609,0.6670765359479466,0.6999191347001337,0.5004877794008443,0.471753509845795,0.5756196575721877,0.38285004975202397,0.5115185774819023,0.36092714003977194,0.6306256846666302,0.390607339702863,0.45936778614590407,0.46121708473316486,0.45334822839554256,0.3976197925995792,0.4182047645919347,0.6703066921962191,0.43973788294148536,0.5047914075459099,0.4478979396036601,0.7868154223870953,0.5737528738703691,0.530294377556222,0.7120651834424446,0.920419448365436,0.9149370898997551,0.46467925382513353,0.7004406953006743,1.0397780496021984,0.5106591290853763
157,0.27601013391131773,0.6049535471236547,0.36609605402326706,0.5534889776798588,0.6237716170136847,0.6983465168763304,0.7290244587908765,0.6857472698700144,0.4606893987503287,0.40515757274758085,0.5759462187140404,0.5663167101916011,0.3681800975055295,0.46035628970996334,0.6154529055260883,0.4467212575171984,0.4895214248814598,0.5260942474812087,0.42411963920791107,0.40725198928311906,0.4248093988613423,0.7620718559114428,0.5646471925203455,0.532704527777796,0.42766843735094584,0.6672418627689598,0.6171749796230683,0.685346931392284,0.9589514277266138,0.8005177770464555,0.8118848845478651,0.4090228256275148,0.9390174857212421,0.9308070113368221,0.7232101846668451
158,0.44622941068563104,0.589947787886639,0.14874765400911574,0.6178730934411243,0.3094992213263096,0.6762272201100362,0.6723028421184546,0.8100195915359142,0.525877392916255,0.38062286671865087,0.6221316611193167,0.3844019687780509,0.39210453771474185,0.39690567975615093,0.516403323798389,0.38340167531580194,0.45310516498622966,0.3117136961841573,0.4089920050433834,0.44525539743846765,0.37519887767808535,0.5930658974854607,0.5466886751798979,0.5310765931771878,0.3872650293614657,0.6070167154357025,0.5564234730433815,0.6783774962529375,0.8082078058192308,0.7791677869911824,0.7610058877511827,0.48588305439881296,0.761734946106357,0.9560025436018977,0.6987514325349795
159,0.42062619479050983,0.6017476032267656,0.26322400582767647,0.5909877206989227,0.3960881346875802,0.6929997706391222,0.5794258234258004,0.7069331797844044,0.7041984650640778,0.45861771099006127,0.4203386154090959,0.5482496837478341,0.49061516338753575,0.47419746030443954,0.5816497102064245,0.4072522988598877,0.5238334509159323,0.5754244606594399,0.451750661305154,0.39061851215601107,0.37764823517936486,0.8215390871918435,0.5623165948612082,0.5530416875503531,0.45054508861877407,0.6578212313884778,0.5535499322077502,0.7529741615552212,0.8772359809917675,0.9677080274152557,0.9580686867845956,0.42405587946155143,0.6926001374356964,1.129034370310153,0.6070370125597986
160,0.47981663713682443,0.6262692204216163,0.2394868925485106,0.48915496775313905,0.6441026831688978,0.7549350622152045,0.6162129797721003,0.7077651744375247,0.5647351309021111,0.41078746172278285,0.5467086801784319,0.4856891211895782,0.35392399509074096,0.2582485113432432,0.6901108896348431,0.48667161842403694,0.44050122410723414,0.46713890396358515,0.4583835786113831,0.3636400209061462,0.4078265571983841,0.8304531391756145,0.35577356278860883,0.5083555725070192,0.4370920711269573,0.5273338477478811,0.594636409047073,0.5669268707272413,0.9092515798896341,0.7240212605039671,0.9035570502967758,0.3925082126011095,0.6169395462696017,1.1630097315541237,0.5786857060251998
161,0.4166081633278655,0.5896649731000629,0.3359357507085825,0.5953489882760872,0.4275510181413439,0.5835349329079133,0.6974029855379354,0.9151316172232413,0.5479483609460261,0.4606849615585906,0.5953279508841514,0.4761763515665026,0.43969109161837305,0.5240725409355087,0.5140104262709853,0.49367322547959,0.5766338844420202,0.5115797852085275,0.5250130197205075,0.3504864389087823,0.36677303539872685,0.8767493697782287,0.6777550308958835,0.6552706360342041,0.6069850598937689,0.7909260053578205,0.5387247612323699,0.7964148913577965,0.7760847157251226,0.9523105674785602,0.9752491240000554,0.5997280681912035,0.7364523807566001,1.2615734434594446,0.7043439274383676
162,0.3812310190377049,0.6941564066822343,0.4557118737516709,0.5809526232667095,0.5707842929834204,0.7294601262227609,0.6592285091505585,0.7143714486339254,0.5741593811992485,0.4361235391250944,0.5068425024440585,0.4911912265184707,0.40136625661995085,0.4437409337320899,0.6176352869364954,0.3231884052253704,0.5644296782967116,0.5841933969530623,0.502715454497421,0.3903451878957713,0.5092736828932072,0.5824691579725159,0.6458289594400966,0.6122610443366937,0.39858346045610943,0.6788000516011103,0.5303429960123351,0.6843510157930104,0.9198460833486916,0.7557260233679473,0.645694516112635,0.5797141090425015,0.7539418823396575,0.9252873694780194,0.6479443196827901
163,0.40105808038947455,0.5956498723178465,0.3340847629052815,0.4703588083127322,0.5803275559595535,0.48411844455962244,0.6136438752458505,0.7226745679912959,0.45486535147405976,0.36262708895486884,0.5068793510690466,0.4515018292025532,0.4381577036944605,0.39558220033845903,0.5427438249375691,0.2743597184857115,0.4867023336587645,0.37036908768383436,0.4698116600686052,0.3944543307352061,0.3558346357744104,0.7058863952055916,0.5914993688302953,0.5739704952025634,0.48963315175399286,0.6205808958795977,0.6039336627682279,0.7090542751746642,0.9280509663371935,0.7783495148849424,0.9135320968410188,0.40882387145705,0.6536181884850217,1.0061218732466775,0.7469702449219313
164,0.4108703725487615,0.6247146301010382,0.4013737151988367,0.5841250616362398,0.47366612727667107,0.710211038197029,0.6951128258687677,0.7325396823627269,0.580633617326223,0.38625982011605753,0.6207084322322043,0.4479224709509221,0.4100398734350517,0.3450723788131834,0.566752198382785,0.431832230334972,0.5778206883504783,0.47937058929092896,0.41762849277299663,0.4594800015193959,0.5035375290407464,0.7748843319348525,0.5000036352436519,0.4417525358708944,0.4686150802656952,0.8556672074071178,0.592469741369,0.6666638719634568,1.0562973987726094,0.9360758833457643,0.774657681197041,0.45225266420946963,0.7331599093419141,1.0490526779142793,0.7226751599004495
165,0.4174482598330363,0.6713245983587697,0.4892529037766733,0.5303843818554134,0.4680310173898664,0.6216687309085501,0.7054626036993623,0.8654079111070779,0.5948267766464529,0.4563680929233146,0.5900496401080142,0.5140558332171294,0.39843535784389683,0.42645597757397885,0.5961753113549192,0.24786544509809685,0.4564373832003179,0.5315332885731073,0.3707553965750592,0.49888798119917976,0.47243095321340034,0.8900279339923991,0.5209672309226717,0.5156879051852062,0.5272556388867515,0.8343434007224533,0.6149579867234842,0.7574813497007375,0.9092402518161278,0.8108465316449958,0.8319957354901619,0.3579857697494597,0.7724607862524224,0.9087492247503166,0.8296067754751324
166,0.3799074381857111,0.6320243408300796,0.45798063062461053,0.6043678940991297,0.46852426596620944,0.5431205262108173,0.7022403994803347,0.7367420521012509,0.5680628377017535,0.3869076550773141,0.6621877531857985,0.4621744819317955,0.4828563320639106,0.41826716326674873,0.6780042231235817,0.3618385254571191,0.5626715502466064,0.6294080258489372,0.3914806884414209,0.46843495489900144,0.4644411535791513,0.7424288786434133,0.5120949454272998,0.5016555526130211,0.5355277432146767,0.725659876993767,0.5286046245005667,0.8290256353028175,0.8545551103960874,0.8119215755414322,0.9258558983993312,0.4457898869267469,0.7576256246583138,1.0942618292511694,0.8592929192410277
167,0.5308783049450202,0.656643604363262,0.373130859220428,0.7069392220397566,0.43466732205462955,0.6796920282963259,0.8091255532052646,0.5583245939652772,0.6830707440113888,0.43850060504198723,0.5524466648656012,0.46251033108949297,0.4599656676482523,0.5380236940448048,0.5844469304582941,0.29352460440947536,0.6404141856415935,0.6388030606663087,0.37148512410126344,0.40013921472528363,0.4677603853080783,0.7694105266722913,0.549079894116573,0.6085390421539336,0.48083201638531253,0.8366245824238434,0.6000816730788472,0.8132033035270247,0.79620633985014,0.837608812437211,0.7862650538486593,0.45684204635672115,0.7406591766530238,1.0821623136689356,0.7246354002320813
168,0.4083106846937806,0.53660179202603,0.2631810612303066,0.47554065781503546,0.5524225021120592,0.6838520618779944,0.5929353990021314,0.635187555745705,0.6058627757910784,0.3270649737315666,0.6589626447908495,0.4397760542850666,0.5374927196289023,0.4860394673481882,0.604081018416422,0.3647768789963918,0.49362948293357795,0.5987535067042934,0.39487676726549537,0.45346815460097195,0.4851585853966228,0.9750532079657444,0.6512282059496783,0.44689225794545384,0.4759956793691724,0.6952338624489987,0.6872293918564161,0.712491045468526,0.9743782224087696,0.7898384549096391,0.917714319850972,0.40676004759699674,0.609768538028882,1.0881700082682946,0.6780416788974839
169,0.3917742148865184,0.7159883601821795,0.3655482131845895,0.585834832591021,0.5681696722012696,0.5614455750882243,0.6314818249753228,0.7893217541137078,0.4404568684594893,0.4828053373769078,0.5865360802556225,0.4551839762674553,0.4517061166593148,0.40868994994594243,0.6397419978729186,0.4026892668235568,0.5141579223046341,0.562920674683342,0.3534454691199508,0.4664153046971882,0.5171918443858297,0.8333365990546231,0.6029157077023841,0.4072344757316766,0.6393345614315115,0.6860869729055125,0.7263118627054888,0.8006550183102981,0.9410827343663608,0.7823476428414826,0.9797222986018015,0.34275155288872794,0.7603766331528952,0.9475308550383581,0.8995976128525773
170,0.359469958927699,0.6434879208090815,0.4599074038683413,0.4828597733055481,0.6362538768286305,0.6873584835810574,0.5224268579349366,0.8021766969659756,0.5776497510249026,0.4270021494599287,0.5072346375249674,0.4843900796811076,0.3496875062078511,0.43115761299142985,0.6286181854572248,0.32558270347653745,0.4500804137080152,0.5474002599043979,0.327395686284616,0.4176548488138043,0.5624695266974058,0.6226247282059023,0.6440088707863372,0.4541505191499935,0.539041145673149,0.6021776737397827,0.8240809195205546,0.8616956052624537,1.0277820725983435,0.7878247627779382,0.8529633664043009,0.4880667781859155,0.7554923101608098,0.9309037614894486,0.9172030951135712
171,0.48597366314316826,0.6661827103528605,0.5294832223232954,0.5040348562051051,0.5532231076959464,0.7490579712691212,0.5751350183255468,0.696897403747126,0.6332325041813263,0.35342949754449793,0.4058627853280864,0.511146424749112,0.4213472948920625,0.4123787706789048,0.6552338063371428,0.35306133554478947,0.5521490315782821,0.5475659695433676,0.43463828717294173,0.39633359268506974,0.5386465286443132,0.7442332358641867,0.5305793610052387,0.4901052982379491,0.49639122167719796,0.7948786087997137,0.740946636362752,0.6524615806879919,1.1113548119596857,0.6310190262007365,0.8674363463899669,0.49432701296720416,0.829042575570414,1.0035252288049468,0.6553433648849102
172,0.41515808119422654,0.6536146121818803,0.49889218620354653,0.588683983666588,0.495789986827847,0.6579369491106923,0.689662874101441,0.6673122096366462,0.6480195672671523,0.47101556717063464,0.5975969217973521,0.46620966344114245,0.49277787442949283,0.4714393450079328,0.7625773054592299,0.4349963131106964,0.7061537349303183,0.6377786963543226,0.5040534312375765,0.5522049600713643,0.614693655915579,0.8846882595735238,0.5629188271154031,0.6028390042456107,0.5761225289438381,0.701074707855553,0.6453101929304954,0.7070037719258384,1.2171755531244566,0.9068269791698373,0.8837936408480086,0.5804734150014954,0.7897145188686936,1.1032724416888264,0.8614124274654782
173,0.5166793134616245,0.7278473213800492,0.27648212772636227,0.6421407951782626,0.5560145016927249,0.7231466185066611,0.737157513055281,0.6697812453400283,0.6438165967098227,0.49094489234984284,0.5875742477582975,0.4417351375405695,0.4610488294234881,0.4829116845245808,0.6802642523480367,0.36540703805788677,0.6166089422336575,0.6230489804541004,0.4776256302431543,0.4349985688589426,0.6100920381748706,0.783529491802333,0.6597278625687224,0.6166269606402148,0.49843562687668297,0.8825145874608058,0.7688391135254438,0.9460006192097095,1.0806768479977806,0.7754223878440688,0.9325738936306185,0.557155873508681,0.6796906102172495,0.9096471440546591,0.7107036656342152
174,0.4851416262530542,0.6520815208498526,0.40401220150907535,0.49499272113082815,0.4500778424428474,0.6025503576841118,0.5871425472412382,0.755727467926343,0.677498027055293,0.3811972493209683,0.5020508165887485,0.4455745706192039,0.4862288170201857,0.421814387261104,0.6006292138298992,0.29681383452583193,0.6313227693980314,0.6487877382788799,0.5327885614492682,0.37165555616541757,0.5079895197905822,1.0271128940297298,0.7680538042019303,0.6260848275396951,0.6033577272055131,0.8588064032369243,0.6073007170336323,0.9750426605904171,1.0367150627122825,0.864769869801451,0.8992267945533288,0.5832889838534494,0.8179931622631209,1.1834474395164238,0.8656805420851112
175,0.4612621336908647,0.689191690348087,0.35804344558591467,0.6729530665296359,0.5468448523945446,0.6097134147750833,0.5289928425035471,0.8285820374464088,0.6368512779450903,0.43024179800642093,0.4910912311052833,0.3944781665457261,0.45456419885442534,0.47361898753556386,0.5215558537588854,0.38647830808333816,0.5012112348236821,0.593804791164618,0.5311188280884205,0.4178590268191792,0.5091638065098336,0.8568325582737857,0.7389078342449138,0.7159879210805689,0.7214648819320073,0.7114052206192322,0.6051143271994188,0.8668367332543703,0.9312441944172278,0.7482512756526236,0.8262800372731063,0.5503958247517927,0.8176597099824674,0.9403567654163072,0.9103127142287222
176,0.5177552912029451,0.7136275827038572,0.5132844274878676,0.648889215106759,0.4454794781856726,0.6083837223244257,0.7011325904114867,0.6243997236094163,0.6086994999985043,0.3693360112193624,0.4092338968418827,0.4000749137515832,0.43615616623079145,0.48517848978457523,0.726647371099283,0.3640153695523969,0.5544144156722438,0.5616168500511663,0.6454979913691856,0.42402300214516647,0.535839453504121,0.8325329423410736,0.7116610354975728,0.5593204119038078,0.5234803285134254,0.7590877140546028,0.5781745361239423,0.904890158124718,0.9376862501531786,0.6754852541979344,0.8651289799654798,0.5647332088895844,0.824039728339433,0.7305279484884168,0.9246301972542122
177,0.4199035709407758,0.6242991486198013,0.4457876906874717,0.5201959464203313,0.5921795014256733,0.8547279066223663,0.5903698652458447,0.6865724398507036,0.64521317588218,0.3844096046420944,0.5834834248074201,0.4884731974083447,0.5716252388964427,0.3530527505654093,0.7442667848624639,0.35728108930770736,0.6198375103524114,0.5323467940874027,0.5376661877385354,0.4897324630902047,0.7421115101250917,0.7975293294096277,0.6029501881926396,0.5861661611450741,0.6127232131298324,0.8756671049123725,0.6666636082312266,0.8089867930649606,1.0117359629646976,0.8156282008227507,0.7789171962829716,0.56147223096687,0.6373452454550972,0.9476491245033719,0.838135828759224
178,0.38486821868705334,0.6540869695554199,0.39277444465821054,0.5249211437782715,0.5859401813529954,0.8315389425926422,0.5295812630039229,0.6745300162184109,0.5063858330552027,0.4948981639748734,0.5074234219166796,0.4829439500257232,0.4186214789164314,0.4411036946091104,0.6812108073668453,0.4207462954565844,0.5536049372108974,0.5020581923827699,0.4137941368556558,0.4698778571557614,0.5797185771452784,0.7487359272526966,0.6746428863978269,0.5456455408794351,0.5609161680319237,0.7354696261227835,0.6440556038730795,0.9009965866342424,1.0938910105420545,0.7549579241286226,0.876518905902153,0.5181623195228185,0.6334189055854605,0.7509835893839871,0.7418796614137033
179,0.4854648499456714,0.542384842970939,0.45773735179852076,0.5749853126514051,0.508687130837534,0.6136562545275497,0.482816216488996,0.6154669479600863,0.5167098712700791,0.484677459344828,0.5458588410050472,0.37625239373017294,0.40279172247033623,0.30804379358797196,0.5887194417610802,0.3340881677495531,0.5763993268518623,0.5156816268706715,0.4410378761295495,0.39866277922478044,0.4480805965367951,0.7030508952212189,0.5335523726971496,0.42890005456105007,0.6822010711831861,0.6734948608343604,0.6067878199558113,0.7404270912828965,0.7460513678723615,0.7520639729313108,0.7406693655816932,0.48102140068415855,0.5618501886824062,0.8682828530840971,0.8113937767639253
180,0.3609268118135195,0.49781547512186525,0.4312221125566791,0.40919939820050066,0.5812433795188278,0.7823308796104702,0.4716266402489961,0.7400564796490888,0.43834479094537276,0.4384879618766323,0.4900748241731351,0.41757404610857607,0.37817523102522055,0.4059616421627376,0.7703567246227663,0.40595989003108135,0.46003866062148635,0.5740925920841133,0.3809167542568184,0.3935074790276998,0.5718152110641297,0.7237343347712506,0.5337316639476438,0.5864629369223477,0.6417436886373702,0.9231108347005199,0.746585863877764,0.7920013046554613,1.011354326728023,0.7169149672941061,0.6447154159514437,0.5606369624760995,0.4816144578439712,0.7641215355196072,0.7981013643527747
181,0.3442535365749032,0.5525649507731416,0.3395335910040783,0.6919013926797053,0.5566774792019688,0.7160779643098394,0.4670164920933991,0.7109275661050478,0.6899341246956663,0.4955118083860142,0.4705877449435497,0.5085384633614485,0.4111989033523574,0.32695906884898446,0.7738137822274862,0.4143787431801803,0.6025686540997525,0.6324782732984794,0.5580330623875254,0.5189358676586786,0.5730018970115486,0.8677837678195905,0.5554423115447757,0.6577454581092144,0.7237367810520563,0.8185861855483326,0.7306851856279584,0.6576551157867784,1.141875200010363,0.9126723430506785,0.9710848270326309,0.5174111506925857,0.5599558995749504,1.008002650357861,0.7512804120737913
182,0.4040090105402568,0.6905626624743393,0.4573324864313666,0.6115563800009074,0.5099797323843744,0.5970681161056399,0.6161779827650926,0.5424297089438415,0.572278130102929,0.5090031996282909,0.39905113414235505,0.35449456588340666,0.42466002628993255,0.4700086648085323,0.6154148916011484,0.3633035771810972,0.6362134496673253,0.513824297945034,0.6346885241366911,0.38278703453637253,0.5544503962840646,0.8623343355718969,0.6909461330532365,0.5761819169840949,0.780521895000362,0.8915787707751972,0.6605620057256056,0.8652638706245495,0.9559243296312654,0.7572788915893087,0.8742710477331471,0.5502471631276811,0.6056130031259562,1.0029798021614438,0.7373912966185721
183,0.48129526849122256,0.4633342012762791,0.43750392892602474,0.5987565808668414,0.5299781608318024,0.6667592541937202,0.7129009666966276,0.6278234118000052,0.6402013474749078,0.428139380685432,0.6276571487689204,0.4611837563888689,0.44800954276948024,0.3488225200231526,0.5876821917789843,0.47804023566057324,0.5845715537384386,0.497539425556876,0.5283473617389703,0.42989317686633044,0.5371603845044386,0.9994361295678311,0.6321882276114583,0.5026163796282983,0.72199620030238,0.7721429906755725,0.6794177296052306,0.7793519404852007,1.0155207469999352,0.9157988090027339,0.8390484476837475,0.5152716835559976,0.6317304443662242,0.8589496334157039,0.759273165808575
184,0.3746812080071467,0.5688785101491697,0.48697553206407074,0.5843359044275067,0.6171769666769854,0.6749497231944812,0.5669464607370036,0.5867665225293672,0.5298719280632413,0.42650040514871235,0.46436700484070614,0.5284589586404691,0.3703487264224421,0.5054916634831503,0.6246873894653083,0.4209205552289366,0.5426318829843324,0.698914700375893,0.47125082637366167,0.37630450617884725,0.5546943890438429,0.8460090271012655,0.8285886355675708,0.6058903565327085,0.6594375946641371,0.7223403921833136,0.6167127781943599,1.066469274982829,1.078668358070328,0.733118315606393,0.7286475524742417,0.4972858987881286,0.753450335984642,0.890650088533639,0.6986848636480097
185,0.4148180848899359,0.6402592578606379,0.5222237738043851,0.6138364035649378,0.4705329073780019,0.5918566729881305,0.6896996160489415,0.5593331944102973,0.5298356200847425,0.504274440244497,0.35750442427904483,0.45487221614612594,0.4775256650080116,0.3983541118783974,0.7580576781943793,0.3897950115503236,0.4999675108156629,0.4815416695346201,0.5085370893051768,0.3180965582723642,0.6546740331528561,0.8046419995637343,0.6359131623230592,0.6232016056912641,0.6804574434667867,0.7591024242125632,0.5905206957087893,0.7970190533213687,0.9708436104793526,0.7172647160531506,0.8857974573934316,0.4367813967786601,0.6629758029470465,0.8848104328800391,0.4903234967989346
186,0.4229577977941568,0.5635891372149228,0.47215667301039255,0.5584644007265831,0.5222694569016985,0.6913644843132865,0.61253048892616,0.797101883465753,0.3627455274541749,0.4393937899063032,0.5842102010577228,0.39496453272955134,0.3435934646569014,0.5036252958658423,0.5495077447371739,0.47312095563836987,0.5290888864276164,0.5955920888960664,0.41768336669080386,0.35006541421636084,0.5133050679066804,0.7491052807203483,0.5523081371538161,0.5834897531680376,0.5364596797954403,0.7993456951402735,0.6377280740868607,0.8203179636137379,1.0659245955818362,0.8694808798602056,0.731291413690187,0.43960245772408113,0.756785599542994,0.6944491957794422,0.9231129450830458
187,0.41818104091469976,0.42238777572280384,0.5438866457109924,0.6515646729164135,0.6574099803959782,0.8363367053569801,0.7069723898734405,0.7495169851822333,0.5311561191409696,0.4550757228908632,0.5910813715790131,0.5292171527010481,0.4748472798657748,0.3741781126598486,0.6879629430513481,0.40786088292038786,0.6598040274491006,0.5392033356859154,0.5040015834381479,0.4263717083968921,0.6337539344264674,0.8438773943875348,0.6623668461549393,0.7387983334301575,0.7693835873922873,0.9229644964738875,0.6652713687342495,0.9105370154843933,1.2521076364657835,0.8917748298925154,0.8052964117762554,0.5451808064378116,0.6626456349680572,0.9872211496393289,0.8293389999003903
188,0.46951352391415835,0.5720587603896422,0.4943936194190669,0.5722288496429709,0.5067510564420861,0.7601310586308077,0.6434902752835419,0.6637579887918454,0.3974452103899895,0.43744584013151155,0.655925270719961,0.43213260351366484,0.6259016182615078,0.33328575971918234,0.6224859812262162,0.4933104103811944,0.5387368062406342,0.5723525772681457,0.5879503488374108,0.3798756110034216,0.4252475951002558,0.9349034604354058,0.5869189587604374,0.4499256185499779,0.5912748286915861,0.8738288405881729,0.6098479444269433,0.8083780920673715,1.0040205528962867,0.8959994109914251,0.7551451759956215,0.49494547904343317,0.6701898015088379,0.9137589132512176,0.7429110345973989
189,0.3615043604114409,0.6182726988476123,0.5460766271029984,0.6128839366173016,0.6110743555424505,0.7600585579755907,0.6686215342659501,0.7796779670580679,0.5445257274216586,0.44760261220569425,0.6620664151711049,0.4596331010787793,0.42232727122913527,0.4049331238245829,0.6085577461443603,0.45625446589631935,0.5867176712512607,0.5700558255009464,0.5068436236481466,0.5160374230489937,0.6176453633430813,0.8550486451110952,0.7147165039350748,0.6107153217842367,0.7405377432952426,0.8022232933870044,0.6333373098939085,0.8211320908260137,1.0993729232937928,0.7570780002249214,0.8654676904574611,0.47444402364532207,0.6866252254613054,0.9314893061957971,0.8411239337177048
190,0.49347281644950347,0.4286183740301606,0.4871012144561446,0.6095460103001196,0.49893077691573673,0.6768016818808678,0.6822998677924392,0.5488081947638839,0.5729178773607042,0.48189655052456243,0.46183466615996616,0.4374407203572107,0.5225192489284041,0.47543669565601415,0.5553247407234596,0.45329177572542567,0.6111224708635146,0.7082799170894163,0.6126468855578144,0.390352384450843,0.49283092487505026,0.9468480146332825,0.4885299216237168,0.47383880778424087,0.7502656324907218,0.6292672955496635,0.6310760992388653,0.9163209153614122,1.0081016713689412,0.7682461286551738,1.0597338338603084,0.49708232712283584,0.76343292695299,1.0084787181122328,0.75559334803119
191,0.4019629310205687,0.7196310423253953,0.585268070498893,0.6470635994473921,0.510161433153761,0.5505894162075664,0.6581604874233511,0.5894407246924811,0.4548005637794311,0.3748820438570929,0.5764501089200669,0.3969131526705449,0.47330530894498046,0.5362367454362856,0.5717790502332851,0.3859009259189807,0.4580256924894913,0.6388521394344187,0.4202883721809384,0.3634679944600746,0.4793080429936945,0.7976427262451602,0.5701421085097524,0.7649349232216877,0.7270598546020356,0.9135820304631133,0.4690155239528335,1.0476766220133387,1.1502717157227396,0.8563949169066194,0.922594715043598,0.5721604252850601,0.7514155033570282,0.8722219114632725,0.7225563363908263
192,0.5612163350958446,0.5784772363334656,0.5445662024831419,0.5829185053972523,0.6154837114146647,0.7039746729147012,0.7261393756958239,0.6104500518640377,0.5972083063145592,0.48909108358339726,0.5499951647221771,0.42605462648386355,0.646548352931079,0.36532356492315565,0.5770453240713034,0.40981905295432697,0.593572444257602,0.5881516603229385,0.5189598615836314,0.4168813855594496,0.5679358355076083,0.9630831082185362,0.5324621065237425,0.6967996818398858,0.7312890673005823,0.8346310641044483,0.43177073390699705,0.849937723221851,0.9899129335670609,0.796036298325375,1.1037301295736581,0.5526705157734009,0.7306575967956501,1.0940889091275856,0.6786798868880501
193,0.3546406687221644,0.6071521581108625,0.5060600698188781,0.7286768210181364,0.5457471512039618,0.7413782313619188,0.6917015220249566,0.813638184790721,0.47065643900452303,0.40402152791673407,0.5565361710485239,0.4645446265148746,0.5100314278573441,0.4583430282185352,0.621101061249818,0.45937293665784806,0.5415188785680982,0.4975272445532734,0.4640486259516923,0.4241927744623929,0.5834971636780206,0.7436956328620248,0.5838799366461185,0.6110068918999012,0.734472973675813,0.8546304678307377,0.5997984440452007,1.0197210125450318,1.0011318328844454,1.0520372049142097,0.8356461230019976,0.6003657697569843,0.846307029888377,0.8164573829590063,0.8866906391021829
194,0.3879904679004108,0.6060845668956536,0.5922044562081513,0.5833874621034252,0.4859786332825431,0.6543679091930391,0.6597576266640524,0.6604748455908882,0.47167557243559277,0.4254278069506276,0.49433788568882064,0.40615337418593767,0.48467159447248775,0.3810042574879837,0.6179548135062974,0.3941122893849015,0.5013998433379065,0.6694852911277942,0.41129007734224987,0.4770041853451228,0.5174255661375542,0.8569890798340964,0.5994567853071431,0.4504477005256803,0.7471369793700152,0.8707743985699812,0.47091838696782107,0.7471472047735448,0.8814827624227637,0.9519654593754472,0.9502218494641916,0.5035898882980903,0.9886552016340502,0.7684982359493482,0.818402333350353
195,0.3936378583238459,0.5888551514444603,0.5345708126832786,0.5805993122337818,0.500206907602014,0.6328925033504382,0.596051900336351,0.703651337155216,0.3943063369467742,0.38903362043763295,0.618677004076489,0.4336316658581051,0.38308500308038185,0.4806527961442533,0.5973766371023337,0.4150551543270314,0.4977530430224113,0.6597392844649431,0.43457870333550097,0.4919241895051473,0.4487834210515509,0.7170802116132211,0.60134726046651,0.5165822826461768,0.7409329255894853,0.8889861929043934,0.4303791369941881,0.9979723906373895,0.8743404248728464,0.8926803332335446,0.810877139502919,0.6078032501377069,0.8818518475196625,0.8401584905541046,0.7962837028313202
196,0.3672525381331605,0.5316651069300492,0.3832113918299277,0.5601945832100066,0.4888384177078903,0.6713478806326582,0.6654244177004371,0.8042757043763413,0.44390720801125083,0.35248820209961723,0.5859875478856946,0.5203875621855603,0.49119366850718194,0.40179655211164766,0.5750075712089768,0.4582617814923525,0.3929348919206151,0.5059779717193066,0.41329521664156005,0.45683171930504163,0.6186926050075934,0.7454935316143116,0.6657817214130171,0.5410398391215898,0.7678485791428584,0.755715385127429,0.5981430114422026,0.7791140849135028,0.9113753338595825,0.9163364148203896,0.8083788784327639,0.4473856838868819,0.7133364402920463,0.800034426034363,0.8405167372197055
197,0.46252449984378174,0.5150620374467277,0.39021145839312593,0.5948986474585056,0.540157183868096,0.5973378359080586,0.5605844028210576,0.7602808329568622,0.42790323751782006,0.5152384800081274,0.619004757206647,0.3575850248984452,0.42808655013454977,0.4024435631776534,0.5308214265860796,0.4636821332181636,0.4400684795567227,0.5630543899455946,0.38513988722089776,0.44519142866238653,0.42712827772278794,0.7805890481706618,0.6085777077934527,0.48922599441028214,0.7060677122887649,0.9710389672087076,0.39493161202733695,0.8510176423175723,1.072686542155822,0.9092554464329097,0.8126248733658825,0.43684002093892904,0.7141343402550264,0.7450114372078513,0.9875410958322748
198,0.4448507117754189,0.5649348702409215,0.5069090531743616,0.49415966325509236,0.6648437971332074,0.8038631332450681,0.6242402369430278,0.61288662373389,0.4555321939170032,0.41459053701095805,0.39779428458278887,0.6372500385280312,0.4429554286823151,0.3905132708933535,0.5631976528568472,0.3469221884497325,0.41891956229051086,0.6500044597122323,0.489808083127758,0.3660496024385403,0.6347457144859128,0.826890553374929,0.5403359251698752,0.5531687576286434,0.7097426809898868,0.8899873630540198,0.6828483084096948,0.8366352996150139,1.2098804222612378,0.7723167280857337,0.8958291605816048,0.49807505735559365,0.7449246553730422,0.7804539499112373,0.6888264950980671
199,0.5026852672122893,0.5896221294316023,0.4793799411577235,0.5719731320192071,0.5890119539858575,0.6355837653419119,0.4495777752230067,0.7933352823783704,0.4461754972004255,0.4330751074533455,0.5470315667361949,0.47990843162753477,0.4429070395676994,0.4309368522301255,0.5711402507573227,0.45812011177712936,0.42607776698037336,0.57888325587603,0.4946414382143042,0.5010219480649412,0.5474811742651571,0.8707479118616566,0.5304138911039149,0.47181354473914433,0.8307890504935884,0.8765505428432713,0.5369209522889054,0.9200531438327906,1.1048908161906261,0.824298066348012,0.8365829247955957,0.4721784321539061,0.7645773975502137,0.966895694380066,0.949594757073531
200,0.5134658886338684,0.4457381974969843,0.38188338325997084,0.6390510862569858,0.5929765641123179,0.5932675279049164,0.7392198291993223,0.7472349505718763,0.5211861425026796,0.5127900298036072,0.616990890541774,0.4740345845223429,0.5132359294575082,0.43894171320126973,0.5845799418431836,0.45236615109621314,0.4644463906308147,0.676112157847564,0.4143980123941077,0.5223336219439777,0.5294459885437438,0.6353463999399835,0.5548935046763381,0.6237925618373098,0.7898154240299422,0.9583156970586235,0.6112153671761567,0.8624422785265251,1.0572154815143024,0.785134659416612,1.0053127226614937,0.5103608295338957,0.8398993374989263,0.7820385194180814,1.0275788415373217
201,0.46758328949080563,0.4310839307266885,0.5094584748478159,0.6341974031316938,0.5440440516878857,0.4940389991782388,0.6041698678463489,0.7316486910475558,0.4297872614531287,0.41365769239767425,0.5150118699042379,0.3899967979845147,0.4792279641060838,0.46647647991911245,0.4664639515311497,0.40321051545613773,0.46215073994644806,0.6251460764704162,0.4370371388139068,0.39639741356782876,0.5252064947629279,0.9207084597723401,0.5965240640188185,0.5583218388851332,0.5390857117443649,0.9065798901050519,0.451864275748485,0.9640966457086766,1.0222620419392756,0.7268937855747084,0.8544105709863459,0.609968156821023,0.7849499379801199,0.901292755060439,0.8148684563683568
202,0.42223402051464987,0.468302138577084,0.4441067084992142,0.6259114452071275,0.540884710408673,0.6404926611297459,0.8595192906998275,0.6033846166467544,0.3729261303166076,0.5276618436426028,0.4274004110823651,0.4613069642799805,0.4674655433729627,0.42731499415402774,0.5276382995988664,0.37732758960056956,0.45851278427823716,0.6455387684001329,0.4241324015141766,0.3853265831108462,0.6322119345286908,0.689898696599527,0.5050502936922217,0.6944145743773861,0.6019883164743515,0.851518861417662,0.4472563220598292,0.8231690520311818,1.1060895250648584,0.5994060868607316,0.9784588751333503,0.5718047880470642,0.9504458344734423,0.7797031987217253,0.7088669280577828
203,0.46580127881975103,0.49681415363826026,0.5506855760376437,0.6836725473620431,0.46255914445863117,0.603418306810671,0.6536773792780737,0.7368922695489111,0.44920192021196154,0.5235266642771688,0.4816726819247564,0.5013013793954135,0.4597576628343987,0.4562120311326175,0.39316776018378097,0.49888987336109786,0.5240765931810967,0.6312805288279603,0.4747225416140848,0.4195916638682522,0.6152276971447996,0.92263398540844,0.5921698307978618,0.5282746544265504,0.7708716080759839,1.0656639615587773,0.49089952003650167,0.9608298555018842,1.1075277376348724,1.0278206192248123,0.9872629697422993,0.5883146118844433,0.800878170518188,0.891257332250748,0.9935704100221017
204,0.4169334840198156,0.46356092129213283,0.3982009120350416,0.5975095921470858,0.5380249121806557,0.5843707038500063,0.49577708636761175,0.6080196945772574,0.42253654365436494,0.31747787846038256,0.46191591627610923,0.5409426475453262,0.5939099563545982,0.38099265235248103,0.5944954774326385,0.3511524874640126,0.2741312900814687,0.5719552293436181,0.44371794055191405,0.39350142392163756,0.6867722126094236,0.8869726612517648,0.600868107834776,0.44482553559537935,0.6950836320989942,0.7155780067934037,0.7072164255475747,0.8208239328003095,1.1237596818896756,0.7865018368671617,0.9222282401207823,0.41320933653871084,0.7301721745828876,1.0146099904467527,0.8460855393820199
205,0.39269693552070867,0.2927975384294263,0.43950572667427434,0.5918557002822997,0.5860414850886511,0.5231333892627426,0.64777792351374,0.6329678709698614,0.4864624957437474,0.47947991807088564,0.5622584292713839,0.5359953440497291,0.4668714035864824,0.379406605990785,0.5269361919560714,0.3950787326231233,0.5760405554411832,0.5502223517990605,0.4329941204775438,0.5279998555133466,0.7370076671625715,0.785724306452553,0.5185116293800949,0.5296999035667048,0.7056401060282405,0.9522155566745725,0.5272674109923479,0.6915749397263139,1.1162546113791583,0.7850316518488751,0.9000722836080691,0.5400199479245513,0.9042560503292385,0.9112303214896174,0.8104556387174351
206,0.366111327731993,0.6622123788729565,0.646374179901229,0.6300414124590759,0.5689659112358949,0.5774182520714544,0.7651497237288288,0.6727897709054836,0.500819760383981,0.45159389902837627,0.40843622601531054,0.48651138517264503,0.47594058290793606,0.5027075252902425,0.6597921003518987,0.33905758118045437,0.5048270932428527,0.6218024807725901,0.608575352504501,0.34654218727867125,0.809681938890364,0.7812478820464029,0.6889641085997199,0.5239181613980652,0.5533020017670853,0.9850478727455853,0.6950719321292194,1.0342986164335104,0.9968137465278524,0.7941538279471141,0.8620249570322245,0.5380101798299866,0.8110871677504097,1.002566597602551,0.5676751379241117
207,0.4753291542780385,0.5872174811531123,0.5862556967855999,0.5605815048406215,0.6236486315436758,0.7181763150793858,0.7032028265029682,0.6701205431558281,0.5051834223678591,0.45381944925029477,0.5317600145234663,0.4547671906540476,0.4857687703121278,0.4437170040496209,0.47297666051435827,0.38367959432127224,0.43520314092322043,0.5489304502959811,0.5113253449828197,0.33763047987228034,0.7118702510912192,0.7247910186753558,0.5447561718049665,0.49396899413155837,0.6246310749945352,0.817538770302219,0.6093437571548965,0.7552568707574856,1.1480504589262,0.8122886155264482,0.963200112908726,0.5069111437428837,0.7034662955042172,0.9753416314201453,0.6381679380176659
208,0.4910767607688564,0.647327137481627,0.5587108357486322,0.6108900106438313,0.5944989367581401,0.47866311476069323,0.599113532685291,0.5915612263896142,0.6580870170775335,0.4271981953218783,0.4912952781464539,0.4418052634819143,0.3757928145234658,0.5156208279021897,0.58001571034962,0.32057377290500355,0.48375281952528776,0.6938526961177939,0.5361413541176865,0.3725715292848064,0.7122780070115934,0.8008807751581529,0.8224450202877633,0.4963596329325903,0.5702283287258285,0.8531410858653868,0.5895947064577105,0.9194477529793381,1.2006618305042394,0.7167060895565278,0.8346321721645629,0.5356531801510225,0.8341942236672886,0.9320180763573208,0.7621452450687319
209,0.5149390757239164,0.5659019269775005,0.6011676096329086,0.5277393965986003,0.45019415729147416,0.7016889097811876,0.5952056785243445,0.9570446576786529,0.6944801243470428,0.4354363403283596,0.4824696625987872,0.5040648953125255,0.5251518187601286,0.5352592462685656,0.5052882094234747,0.571204902577276,0.48385301539348063,0.6729818976126167,0.7511199458043227,0.5254328030376254,0.7209009439114215,0.9862790606082306,0.8421449339554099,0.4715407177237223,0.823601896259307,0.8581255489715741,0.5875013269876366,0.9711823991552979,1.133048020581646,0.8985259354470244,1.048824254939801,0.47226881616777344,1.0126635988901165,1.0802514997347958,0.9565940043958048
210,0.3990262572690001,0.6377842212188071,0.536264142547179,0.5844666560003229,0.6170166276509821,0.6021879803622929,0.5194919688675783,0.59505740660851,0.563923884278749,0.5045145102045299,0.5189609254351527,0.4543037537558468,0.6192865343060232,0.39863962132757064,0.6912621829091854,0.3484971589083795,0.5524179301833642,0.430365490228286,0.5839416244941138,0.3860721815600085,0.7263161241856337,0.7627809909810453,0.680973095819668,0.6033477175744717,0.6086991380619687,0.8270017596424311,0.5822915142480447,0.6937580546010419,1.1063622551619186,0.7981328740075653,1.023890030241547,0.6773554689917447,0.878704456092141,0.9648835541195467,0.7364827308968611
211,0.4828456503077717,0.6808477631181639,0.4612889091526787,0.6582147506628597,0.5308221563586732,0.6101244808963465,0.781785641023291,0.6692536190340099,0.5486373332659926,0.4961075475430393,0.6545725164840941,0.4551064366942935,0.45491319898545907,0.36303011014955544,0.6490591041050795,0.5001261013831088,0.5379041523360869,0.5058167874969455,0.5782363418235248,0.5256177910920099,0.7561996833822155,0.8853443757488875,0.6200584169738022,0.6852812750482723,0.760373281503991,0.9917722374962163,0.5513800110309006,0.7124222370286679,1.1187026944472211,0.8419072155410886,0.9495198821023219,0.5140072139881919,0.6766223989699511,0.9759744333963327,0.60894395617614
212,0.45621002256960796,0.44104693102721837,0.44156709606792877,0.5660222662491414,0.5677657434586645,0.6548416014989208,0.6978822027183582,0.6707553881623692,0.5747965677224733,0.5077704079214682,0.51126656462275,0.44169454212336123,0.41401183055195967,0.37680725185365666,0.6430756562363569,0.3366997624041611,0.49036946603184906,0.48525356185196805,0.5318953083490524,0.3904260824786602,0.6911640706159349,0.8054830900876113,0.7166076047766243,0.6070782674543425,0.7847194324768552,1.0288907079977196,0.5391824206924942,0.6231161069114965,1.0607805640479144,0.6254794203463935,0.9087641422658606,0.5403580765283985,0.8210611130232628,0.9334169120789427,0.5906695051751565
213,0.5677056918876289,0.5393971045831203,0.5743544747453475,0.48821133147780305,0.45146740910401806,0.6408642367516543,0.5900413904755313,0.7129075728792237,0.6070630427422884,0.38533497874429906,0.5749704141364904,0.38193539222150186,0.4980398352029592,0.39631307862344467,0.7180496916978643,0.42950400067167194,0.4275098040580815,0.5737638915945731,0.6743641032959149,0.4846350132253776,0.6539959398317103,0.8053287923068329,0.7521724312618339,0.4724894094026875,0.6596433634005652,0.8762230366038314,0.40116613402662804,0.7522754349712935,1.1001200160996998,0.9000144363397957,1.0663481300295816,0.651266492344866,0.8745929692690981,0.9549887265994705,0.8066332468168094
214,0.38266104795862643,0.5330654113486656,0.4978364891338244,0.5842582417130197,0.5539290403515889,0.6080719501882305,0.7448996778401881,0.5987847556801381,0.4670176360011782,0.43455547227370134,0.4290208397644025,0.40829739668062814,0.29392149779187937,0.4859720890885002,0.5816387459018858,0.44918544844562225,0.5421492471992035,0.5494546999610141,0.3911462332647516,0.45591204978435484,0.5117464161575468,0.6945182559195827,0.8193320413899694,0.7120537153284262,0.6840984006758931,0.8374348567283835,0.4371312892333441,0.7688327592313525,0.8210427187859662,0.7374789843558076,0.7398282079905241,0.6006291219167464,0.8827706330880768,0.786249781457648,0.7958078786299068
215,0.4389508705497902,0.34387522847334734,0.5088658852529795,0.6936432386254524,0.49205231785252357,0.560628254164872,0.6811650370005271,0.8461930925675241,0.6198688859029324,0.463063533224528,0.4671971627144168,0.4641371472332105,0.3580598530044061,0.48126393818600277,0.427065060572114,0.44368831806689163,0.49667699497860174,0.6642422800831919,0.6033873556137881,0.5707820918642924,0.591767384359383,0.8042019005615646,0.6726567141315426,0.7422393619456169,0.7912830288247216,0.7878743960028824,0.4302015729258176,0.8216156665422014,0.9155504344772325,0.8094985618630774,0.9759014068991873,0.5831097912017444,0.9662058823422998,0.9703931323497613,0.89090995275609
216,0.5621703905629449,0.6001875441447515,0.49002537453678247,0.5951439720755951,0.5106430272429774,0.7031123765835392,0.6936188616734181,0.7149804487694537,0.5696216706844291,0.38117072861048096,0.37904041789952153,0.49406314154279984,0.4527353696679103,0.48132449617826445,0.8151204327702318,0.3323639734236126,0.3864032526223646,0.6538764159336241,0.46488216218342665,0.40220966563855776,0.6968000877864271,0.7590768910778937,0.7475016750777926,0.6428731008760372,0.6122969663172508,0.8771008811056015,0.4840083311736954,0.8453252197975076,1.017239163156264,0.7726390418726456,0.9594295055892759,0.8293612160458297,0.9732868327292701,0.8067520984206111,0.8178221872051922
217,0.3571828259510722,0.4378670043301791,0.46232533040374474,0.5970620049986199,0.5740489758268854,0.7836837347480485,0.6737320634093822,0.7896972324282981,0.6284931122121704,0.3935711724546354,0.4896331485242398,0.507928834195546,0.48633651548638246,0.34235671282854796,0.8110685544056215,0.3923095819975347,0.446141456899189,0.5174068983073647,0.7161596066506002,0.4317046182352385,0.6758209260267762,0.7415484339685456,0.711916844969019,0.5895374030766461,0.742917739938138,0.7595813935519871,0.5190677964067999,0.884098209119133,1.067194159768158,0.7356249204839351,0.9747863944215767,0.6167499327529534,0.7739584254297901,1.070460782540822,0.8386253713821208
218,0.3743067465561486,0.5966334444138937,0.6060360000793504,0.6467060799755948,0.5707558515837959,0.7106608264361103,0.6277882390230769,0.8166947576338405,0.5373998858658608,0.42246063789132204,0.46488969336191066,0.41840414898218387,0.4409171936130642,0.4833858200062592,0.604284269517086,0.3396177051529595,0.37211651822011377,0.5630805519016107,0.6272419552473487,0.49840290519167224,0.697786522025093,0.8727559440495157,0.7399022120297895,0.5492565216815002,0.7167697569199503,0.8706563669847327,0.4480618259287656,0.8036132698256198,1.018199775272618,0.659581241959383,1.0090053752997277,0.5820978745867881,0.9161986906938143,0.8424689104648955,0.8757289585104345
219,0.5121929262117613,0.48197754431434914,0.4076290966943092,0.6354941126178365,0.4769527563432578,0.840158481995493,0.6255982594363753,0.656165886978519,0.567873540563777,0.47905557078207783,0.5315437548948312,0.48175853827610254,0.4761521315911238,0.3846167397386617,0.6184219235256675,0.4302402662443463,0.43147751848538884,0.5552492917931873,0.4931250014210069,0.41263459012711234,0.5657686108597627,0.8388785651946851,0.7766584729819751,0.5188494621874102,0.6323896300933544,1.016568107490594,0.4437668383990325,0.8141551657723023,1.2166859401852104,0.7605058385781092,0.8733619280758359,0.527823548425933,0.6850793953687739,0.8951275244142602,0.9325338231400726
220,0.47187320075305433,0.5727292672601791,0.5513304689038785,0.5744600826529825,0.5839327256549472,0.7607960130214174,0.6058006664807978,0.7845122341359075,0.6122550980816795,0.40887458507350033,0.3810040025367591,0.5163799499302159,0.46499100098187135,0.48925786523550896,0.8337787396346856,0.47360890860119437,0.38826685671341976,0.5879276182384534,0.497134872003811,0.4957789668447939,0.7792662495850113,0.8317905916748424,0.8119306200506664,0.42794584063000307,0.8198414073040647,0.84201923196326,0.5788039536814256,0.7126645243861949,1.0722347934148084,1.0283046428860647,0.9013909172594026,0.46633725772389095,0.8756177730781834,0.895230221565685,0.9745750211796298
221,0.47793615967655556,0.6336043019177495,0.4625525410600775,0.4640735027245507,0.6466893281673711,0.6169213865831473,0.6111044855012087,0.5169614038495454,0.6284926887440855,0.43391721322702287,0.5711325158507125,0.4634873615580457,0.4472954371475713,0.42897679617001205,0.6442964506505644,0.40049151729528826,0.4212202726184443,0.6976682565860186,0.5067655591028983,0.45158862350893925,0.7303651239481403,0.8302316336696877,0.7797218381801891,0.501465461737997,0.8576360622942276,0.8182324640497117,0.5804147458726259,0.6794089197915173,1.1327670465295054,0.7957705087584552,0.9486266827223797,0.5578395007650649,0.7746821700856505,0.9629470471986824,0.8555579780732032
222,0.37111873645239274,0.48473438302910127,0.5195676923015788,0.5835551580139786,0.5026280679311418,0.6153546710602471,0.7809341029632384,0.6748369824542189,0.6311588927656069,0.4141376757977432,0.4385814948799267,0.41329496102903224,0.4629111353951284,0.40318288504418937,0.6413842899226394,0.37577014517870705,0.4284704635635115,0.6209294587666028,0.506594150330564,0.424598193976907,0.6794695498909296,0.6951982596039974,0.8306858309498636,0.5870137963026756,0.658060837434551,0.7973571755723018,0.4843555695832416,0.8689971506964431,0.874443412019797,0.9376933662169218,0.8389716576048762,0.6483078137768892,0.9537934853451665,0.8955918882273479,0.7763264919939451
223,0.3754513071639697,0.6146219123857267,0.6565507898192932,0.5147521667121866,0.3873168061283838,0.5552273911294379,0.5856114171720745,0.6847834169641557,0.589222725719224,0.4222953552610772,0.4709331871873754,0.4249654351055753,0.5025817557461074,0.4347822892228793,0.7871550615569264,0.3965703256371118,0.5289208005672627,0.6922637388973286,0.5093927486168801,0.48354095557333426,0.6513262688085473,0.7918086477160098,0.5885622622903911,0.5715256120682991,0.7870894191812083,0.9340660719701295,0.46760461910718565,0.7868849641521247,0.8897813713298938,0.7551494303699595,1.0039597839405268,0.5727155472469059,0.8909584613227954,0.9666539555244952,0.8682804693935651
224,0.4376678449239031,0.48736802995276773,0.49290997287963295,0.5193449213040401,0.5035743868059099,0.713957402586324,0.7033785946214539,0.6838687953527492,0.652994893153076,0.45974867851631995,0.525953025008987,0.4723497545706261,0.5511169565270271,0.33723109312792254,0.5644410105249748,0.3809475441156429,0.3630257548629074,0.4481012863429661,0.5492342937075035,0.4393026614140826,0.5871281587869213,0.8603169851110195,0.6912001763868938,0.6428664795245778,0.7993617829384235,0.8939272287111985,0.5583457255942942,0.6478376789192825,1.1270860663156972,0.7984969281251497,0.9231864568091319,0.7088329874289571,0.5800969995418428,0.8764263269455415,0.8576886923245698
225,0.47307666693984257,0.45548837466704206,0.4780254906789792,0.5336169682001258,0.5715998179585097,0.6399856698562754,0.7383829628918455,0.6944397127128883,0.6330049113080951,0.39161872290513955,0.36532421992158515,0.5674416155996193,0.5215098741120057,0.41605872537423366,0.6774829294675626,0.3329839298962651,0.43781921076878444,0.5838592405512932,0.5471795757436964,0.4371303877240126,0.6864106773803176,0.833250973917001,0.6462427485555179,0.710416102329015,0.7168206177746904,0.945979001913656,0.5954269061104096,0.9467674063476017,1.0143754578944135,0.7060838693831637,0.8015794696130107,0.6232732326423307,0.6916692499005683,1.1303015016400042,0.656670489808926
226,0.4448025142162819,0.48076213520283445,0.5210135594521574,0.6226960112064372,0.5088575494166159,0.5791514070868281,0.692433035678589,0.7681519674367083,0.5014910326931066,0.44762902065174126,0.4942233651603868,0.5608380936307931,0.4957573098688908,0.3800270999229763,0.6056056068578244,0.3676273425401687,0.4236730511195122,0.5105945484787408,0.7100853024745594,0.4619731373696465,0.694662299775912,0.7533776611544236,0.6972276393360981,0.6537305463478051,0.6305823332822027,0.9577129861992931,0.6530912591926362,0.7439814452221065,1.1263688079847152,0.8798740755524195,0.9667112387611119,0.7024730548106785,0.6997044171969689,0.9953186692673678,0.6931942107061548
227,0.3299366171909655,0.4535019418297004,0.5272292967720962,0.42141776021959976,0.4735359504534157,0.541380826503438,0.6632905609144504,0.8697971693280946,0.6053798596598161,0.4184350453819733,0.6140449608604504,0.4468310881396174,0.5436990175431278,0.43528347477569596,0.6319766659106798,0.37478931103714314,0.40550456752792446,0.5020389199983906,0.7017575883974994,0.46228656067826635,0.5877621615637987,0.8357491714924514,0.612294477063422,0.683408643114585,0.7927342039720147,0.912160960241023,0.6341074145434322,0.7865720419965792,1.061391313193889,1.0100691464624145,0.9258668972562253,0.5240064623104039,0.6747355792749159,0.7970723580128891,0.721481655265181
228,0.4349694460214409,0.7027719457105062,0.6539302775952388,0.5217702455576091,0.5994006742968556,0.7717046658172451,0.8781291632835762,0.5558836375796272,0.6189874180675203,0.38909709064229225,0.472418232443696,0.43558383962554015,0.5223762991490019,0.4892718958579817,0.6507149278906417,0.26371216804825226,0.48235145204431673,0.5689139279286185,0.5348710691877392,0.42352698247077825,0.6270076877508548,0.8559124579627186,0.7262082509404875,0.6369997729632066,0.5469850376524175,0.8775537045423802,0.5171593557603837,0.8723057202020359,1.0787234765323754,0.7928427038703757,0.7739431332941177,0.5654175981678717,0.6136630889361576,0.9853169754635107,0.7603331906463138
229,0.3126838448636172,0.7139783628126956,0.5885393184751495,0.5268146145577408,0.4649003060640388,0.38805518386573834,0.6242420749303927,0.6768449450550545,0.5572468633284959,0.3807975876576055,0.55650679545726,0.409860044518282,0.4264987631605973,0.31556306002961837,0.5021650006833213,0.3115339595755095,0.41155884066747234,0.5505444596492637,0.4719493227035765,0.42258762569032504,0.5100192165495914,0.9388350710833433,0.7786549018519057,0.5009190298624988,0.5956434023961995,0.5770612338615573,0.5176101569032685,0.7871345972492751,0.9285125323931421,0.7667462210725126,0.79659063954893,0.44063231479984455,0.7300679202620626,0.9409366254741758,0.6229202731424626
230,0.3972508867154115,0.572692879811254,0.5850501989012711,0.627280919205083,0.7053686140367585,0.4978748369497137,0.7121551539174495,0.7008382631909775,0.4412401198860115,0.399189079986099,0.5001163940518485,0.4337320129189667,0.35241958898087944,0.39753690539850206,0.6707313606615766,0.30956586047184986,0.47187538336831314,0.6650530395690609,0.4658814327680091,0.4347217723539037,0.5951832066213949,0.5886718957729594,0.5894642240805597,0.5949676088056769,0.644645454302835,0.9187191822864902,0.5565106038926215,0.8336507834174195,1.0365072277717955,0.9980019948688308,0.8085576353377484,0.7114934898508436,0.7174925094532355,0.8488492263993161,0.7005419676193276
231,0.431343453517798,0.6752317973703674,0.5595025598046792,0.4908440377999369,0.40785746238758724,0.44996995653748884,0.627071889687825,0.6871294689065908,0.6261227255251371,0.342005063215176,0.48258432991732536,0.4005952827975586,0.43388917331918575,0.5173320318325481,0.6015728611564428,0.34908487145799694,0.3764444189261842,0.6087450097392941,0.5593471329286923,0.41363124209340046,0.40025799582741556,0.648433804368274,0.6458861646176672,0.5849730006111237,0.682301571017264,0.7244319252989981,0.45216032213302537,0.8690081880008773,0.8806669023187446,0.8201912280240563,0.9022560327130575,0.5395787369778549,0.9928444063763311,1.0720365223130446,0.7021818504069421
232,0.44169800122411773,0.624903023746278,0.4609555941519078,0.631039216371555,0.7325093804316102,0.47825742056049914,0.5979208889769448,0.811858693812804,0.508682772085246,0.3465866907743713,0.5315522655945015,0.56910903527542,0.5643499864865713,0.3335664965416776,0.5840645749515417,0.39190190501367794,0.37047056435018066,0.5457410963999003,0.5394686109385438,0.5336341576548875,0.7447234610557044,0.8192315780166107,0.562472822815808,0.6607279720724045,0.7708084459806025,0.7446342014081236,0.5812252875890038,0.8531122628296443,1.188988652376815,1.091185763434157,0.8127420956402114,0.624205749749044,0.6544140964416811,0.8262492664843454,0.7892638252901469
233,0.47592221867219375,0.6504449434898137,0.484971486113372,0.44875337165101803,0.673278265371632,0.6640673135869601,0.7158746843078705,0.7104727007449267,0.41569795921133035,0.4770831838570522,0.6184147467858985,0.5035236550160276,0.4678557778864835,0.5064326812957153,0.651919722531066,0.37056751577724295,0.47245078592013545,0.6115538498868223,0.45287099851667906,0.5135373180241064,0.48047671354758464,1.0009638623976078,0.4339548750427917,0.6414028534594938,0.45991797704737053,0.8189570630398573,0.5511387554089242,0.7876712241745334,1.1462699481422476,1.0253752857027132,0.7525316794915883,0.4103273057828502,0.875948788216675,0.8610057118950958,0.6182342375670509
234,0.3740901868204658,0.5176518434234245,0.5387528227931342,0.39320724921037287,0.6532312135880363,0.750783962777914,0.5182971656239576,0.653664037899813,0.5488758119754228,0.49331923073851025,0.38291361444503047,0.5273650014291756,0.4503038212849829,0.4016957956283842,0.8249088299239851,0.19874306597958377,0.4581526779066607,0.5719817609568162,0.45595045188679806,0.3883283505577694,0.598717262741201,0.750875416342994,0.41387199591792234,0.66589807680284,0.580184702445437,0.821185605603601,0.7176309678644273,0.7315562357664203,1.050342815560329,0.7177565058920106,0.7743569008030657,0.5556278462357083,0.8580736134547422,0.7931418386641396,0.6189152191519267
235,0.3750715539071465,0.73602827312333,0.560760301055167,0.5690518129605153,0.5175177404299379,0.37988901876359027,0.7072212849016055,0.6321508842897788,0.5488967561673139,0.4950449053526154,0.38960500895243577,0.3631283594367272,0.3826019090381605,0.48231582616875296,0.675757393463193,0.3135552551419966,0.5359478254002825,0.6405946830608182,0.5683205582933436,0.4530930059914106,0.547853274375404,0.8441672800105662,0.49964052378187684,0.6223862046926844,0.47407306356751155,0.8332557328378563,0.4649146560111187,0.5376888736051709,0.935329005506104,0.9280301320259228,1.0676710678780301,0.6643668493318944,0.6502129028730728,0.9648332705163165,0.6854761673846279
236,0.41653511739294513,0.7752184930189092,0.6478020692809183,0.4992098096210811,0.43639945807757174,0.5313529052587425,0.6872859004942152,0.6791064048574353,0.44277245074191435,0.4515113162993212,0.5061207391359274,0.39487543959904436,0.35663946697968196,0.4467998694283849,0.5541209205871418,0.3964420479706584,0.46589314988839137,0.8449672027773546,0.4799466655711707,0.4767573869421193,0.4729490258527113,0.5487379970543688,0.8293498769559315,0.7252632863354004,0.6239732917310239,0.9875908203040022,0.5314386723420836,0.723557793789313,0.9185139472002888,0.8292886759016522,0.7792991103079318,0.5495645050604161,0.8911813144221937,0.7470396918475251,0.7406351542966385
237,0.3616344756432437,0.5888630800339512,0.5437980149171897,0.6382498050662787,0.5596283735547936,0.5772047925354779,0.7961832567878779,0.6228242280506902,0.4493821965439013,0.5370387934149421,0.5074342267544456,0.5002172712772599,0.3501820451921744,0.387218580232034,0.6321449009134695,0.33829397913882286,0.5428151089563211,0.6113600695045478,0.5362638020464289,0.4408808781557034,0.5004081033943063,0.7462902990324158,0.519889660546675,0.8186777678668704,0.575008668335039,1.015044763451817,0.6192301845260326,0.8319542911210678,1.0574134779839688,0.8617449693910277,0.6105794260402598,0.7325602385688482,0.8093940724962558,0.6971946661764508,0.7421857012832923
238,0.4788543261391258,0.6655449792796176,0.48054058097378466,0.6046642798600536,0.6508401371100022,0.6339972146187711,0.7975168776482426,0.711269515838088,0.528355309454071,0.5496613913197492,0.5284510044946706,0.47596626505372625,0.4767392805129413,0.47957858008147625,0.7662998785540331,0.3354063257696227,0.5613590353751146,0.6552988706815279,0.5049761619216233,0.4731260245469643,0.6705409715202528,0.7413508751143819,0.6053382316395814,0.7006420770256696,0.6966162114386558,1.0260106274997742,0.6784123566752838,0.8594751044680253,1.077030210906406,0.9520403615780112,0.7309593980154199,0.7359621881642231,0.8576827273855985,0.8675955120061828,0.7589291340963684
239,0.38662307203754614,0.5616131016460733,0.6163591242898077,0.6645545574518923,0.7319946467537128,0.7300865942600872,0.9496529191049169,0.6298362989391894,0.459402490485392,0.5297370378387335,0.6102943859772754,0.5132002339403839,0.3324788959674324,0.4917458140159624,0.7269977533264074,0.42572577717449267,0.536215533088884,0.6805265806617414,0.49247881688354017,0.45683456694370506,0.6670599604782823,0.6794249685560234,0.7154847382998513,0.7709503581272594,0.5062208233443131,0.8947532926618238,0.7583888124646765,0.6790386576216929,1.1348743113713826,0.8988024850949314,0.7524322090339381,0.6908009143373219,0.8127877167628001,0.8533022377475323,0.8147912747290658
240,0.49067903955295544,0.5693168609038901,0.4323007293839363,0.5396455552125308,0.5007261485408484,0.7110539156310907,0.7087693990543262,0.7027206505636172,0.5228231368366576,0.4833082052237104,0.551846026794268,0.4160031096053151,0.4156291233909662,0.4239485817968791,0.6272869619141643,0.3566054356315669,0.4526989670204785,0.5360050511786776,0.5236532751369422,0.511973810217647,0.6307286792904306,0.8471036106337214,0.5316177211627715,0.5809405894732178,0.48818357740695395,0.6933173287578995,0.6715254721256876,0.770769398714477,1.0481271575604914,0.9528212640823921,0.8421094282702349,0.6678295010226659,0.8221375857558828,0.9050971664643235,0.7198083194119169
241,0.31824727689085225,0.5587546345075483,0.5661122551652013,0.6011170083397606,0.5793129476096209,0.5817593662373911,0.7146769761181486,0.6031099266180013,0.4310599943802603,0.38751489154187124,0.5108134409166715,0.49701886940781337,0.4147964571877733,0.44221632350951146,0.6669766215428475,0.3640265654421582,0.45910891417139077,0.5962839874436687,0.44297902167704656,0.46340043525323965,0.6646988240286513,0.6577751695461952,0.6534100137499621,0.6959126308767223,0.5545395453625437,0.9565927537832037,0.6406942050176845,0.7194861180904111,1.062298955213461,0.846941005958715,0.7577007643297271,0.5011176532433753,0.8601371086413515,0.8333772078871007,0.6690933190567183
242,0.3967483120353757,0.5390506758785718,0.5539280229684242,0.49229943872971255,0.559290370281299,0.759669292054782,0.6698979327356942,0.7109768813403875,0.5360728307187617,0.39359803298006896,0.5341368884591866,0.5078964748020565,0.430579502236494,0.38888314802596097,0.5662672790167929,0.42756740176938435,0.44912169655107914,0.5105843434677269,0.4551244075547589,0.49138247753058756,0.6053268173386289,0.9286703202440431,0.36783028158958897,0.7646335343302766,0.6432526623096839,0.8756123132567524,0.65389515616241,0.6357827716376945,1.1623632611106118,0.7816898850369314,0.8379888699336985,0.5502511146299487,0.7358340595167758,0.9943886393568702,0.7102610213985887
243,0.3173692767561746,0.5204265825911717,0.5460880933978274,0.6047405602274503,0.5495600567254205,0.7518698217963427,0.6574168286293953,0.7082251947797551,0.5597461576374254,0.49333044137608373,0.5604491230376014,0.5517384600999489,0.4213761875601931,0.4894155807753582,0.6823028086081846,0.42985915758331983,0.5333918490625665,0.46633682086436645,0.45367927367428795,0.3677526380465159,0.6714974539797015,0.7826863655382026,0.5441912658288213,0.7927962674726396,0.4619459083097729,0.9188280101065487,0.7261160060931735,0.6591387290641004,1.0809314703627977,0.9310355366314627,0.7645825425134046,0.5747159486892011,0.8284370146531552,1.0088501432492707,0.7779714710084505
244,0.38208404066550256,0.636373619200811,0.59181588348329,0.47265825991528626,0.6200508927584594,0.6319056998674637,0.5946338829456352,0.7651537533132382,0.49738779185380266,0.4633630249931503,0.6327620090207184,0.4995584124292969,0.4542368297180669,0.5077948748626169,0.5590557644512432,0.5283094110945048,0.4601400566290682,0.7683323875681314,0.4427621018043816,0.46217162087591923,0.5949342528191632,0.7184453791307835,0.5934193123044849,0.5918623139006953,0.5148848366601783,0.7291991329941041,0.6971263518622561,0.7153041121554511,1.0009753427422192,0.8661772398233505,0.7608334646278976,0.6341320772501715,0.8614765990778875,0.8543400917387451,0.8674615009909238
245,0.4427747593159061,0.4430226387816866,0.5981300212978719,0.4312801700414288,0.525897434955336,0.8229379400532831,0.5990130977695571,0.5494738863227873,0.47757739110261854,0.3724900637145236,0.4652633345470826,0.5470684659675096,0.46952703125892026,0.5269001112806626,0.7082233293156348,0.3357643014419388,0.444626378895704,0.6420055772734065,0.38739093775475686,0.3487535017100438,0.766796303197506,0.8142896534176561,0.6157965225614724,0.7711446173790327,0.4404045293184143,0.8433079795639994,0.6363797787486465,0.7635577013479524,1.0999267574711349,0.7940286179468725,0.8343646217996138,0.6818535469325223,0.8733459791878062,1.0150599274708774,0.6677394814955575
246,0.5445802158709637,0.6032180605820878,0.5645492767878171,0.5423397058638848,0.5422388509814975,0.6901503367101136,0.5759350726752975,0.7577316813742365,0.6414007915854291,0.36305105639726465,0.5708093909857355,0.47386530811843725,0.5203425014980614,0.4080022261050477,0.6202622062958225,0.43837033843836914,0.4332915276513971,0.7566986995715992,0.44882646001101584,0.4824971269318309,0.5785418943020665,0.8353813451890517,0.5861829260584289,0.5372730405543271,0.5085770938153038,0.8301992798441906,0.6502753312380416,0.8615184939736366,1.0934981154552017,0.7799170017922827,1.018701991651591,0.5643951171462587,0.9164949376223633,0.9473854719140511,0.6718709466914038
247,0.47751363534554053,0.39128525070197917,0.534399085853597,0.6532463139423281,0.7372423318093471,0.7467972296682107,0.810351730701995,0.7404549408251067,0.5663488149517786,0.5020374301435674,0.5498776412258685,0.5598888257620122,0.42428846327498626,0.5316115695193355,0.6846341999593805,0.4461108276905608,0.5160864959080111,0.7485092677375744,0.5077109610109742,0.4054497014962968,0.8197832414407429,0.9224782107975187,0.6561436403220675,0.6966149531738887,0.58529311335762,1.007219067316871,0.72783527531024,0.8876668027084331,1.336243833151098,0.8958857565517551,0.8441725603213464,0.635482037938235,0.8281956539949864,0.7515970781488552,0.6197561647138077
248,0.33643058002925685,0.537976764847899,0.6795077011159701,0.563804377195019,0.6328919584483679,0.7076532810019818,0.7393504677709548,0.7221572153245541,0.49980374337453853,0.49670907784305407,0.6020563358776141,0.4626878340726102,0.4670555458078548,0.5180005316483431,0.6011527100352081,0.4731177210582225,0.39648629152885456,0.7850211142459267,0.4492163241781746,0.4693273448223181,0.6166338266258607,0.7977721714498526,0.6671131817298421,0.6785683254332643,0.6068571023031797,0.8988238555281524,0.5649168741905746,0.8686157112504486,1.0350274487613806,0.8525284603331882,0.8321926121901475,0.7657913763397561,0.9821172644531988,0.8278710047677803,0.7953416251841722
249,0.49148406673596173,0.35300720063513036,0.5242025834154356,0.4635929674524914,0.4918574564287225,0.7269359374764819,0.5662256192850077,0.7673787131283836,0.5454541815046119,0.38326525472979156,0.6434323139826494,0.4556113745810584,0.4419348488196292,0.44058405627743435,0.6115020266691971,0.5337612048632824,0.43434101860059754,0.720918655621415,0.45804465149963464,0.5143855613538059,0.5841070461496944,0.8146917049906239,0.645886765076125,0.6095275245829318,0.6593725594401114,0.7512202695172834,0.5999601131351062,0.7795709777553264,1.020592859487007,1.1295613112099319,0.9267430458008142,0.7855844115383601,0.6332852446183959,0.8834622671380481,0.819526163900902
250,0.34486354922385176,0.520116429100864,0.687222803057778,0.5328661838316013,0.5094890217784767,0.5573198332288732,0.7671313972785703,0.5567782759791885,0.48620634237240706,0.42644685857386544,0.5350842920242375,0.41131605437436125,0.4726584287209472,0.5337111707971105,0.5837335601770743,0.4094557595853937,0.42378088978091244,0.6255472901375543,0.45618090163515385,0.4313760776218336,0.5579012852233187,0.663928174786642,0.5669872328276634,0.5346043523094837,0.4619940891182323,0.7577047589714662,0.5849463827266386,0.7463536693393866,1.008399033121972,0.9550650292366929,0.7700003503354873,0.5831182052099276,1.0269483504542238,0.7340428428331562,0.6438900355666737
251,0.5138901766279023,0.6566696432407124,0.47816525479156197,0.6629128844010584,0.6284091301846881,0.736809414006321,0.811243054331572,0.6632688180856463,0.5333835734361275,0.47982783287681174,0.521715150043198,0.49699383213845494,0.4448629290411453,0.4903254196355694,0.6704661333582451,0.3924873934577219,0.5120690825604276,0.6093476307078425,0.5168924658513755,0.4538188218575153,0.735589271097503,0.7474316835407335,0.5159548874269801,0.48373113766922654,0.5361329048758728,0.9595309427540877,0.7042096506502352,0.8360267076469767,1.2173746159775594,0.8208493379459687,0.9440911101547145,0.6298985430181209,0.8273138216454037,0.8501139354383733,0.6425394235836523
252,0.5015845645744195,0.5261445729702644,0.6175961332235281,0.5374435783022441,0.514976325402049,0.6891576843339453,0.6169240618524798,0.7462029669604289,0.6857289984696268,0.44184961935935096,0.5519262340602769,0.4501645832360315,0.473285558885475,0.5662196690267951,0.5820796834181702,0.4261002722316567,0.29096420143609103,0.6921768170006188,0.46518982811183984,0.4433843583397329,0.6563565226500334,0.9155538217718018,0.6556084074513948,0.5834539662274267,0.5345206004485642,0.7228449623859696,0.6831518534900427,0.8880465702669317,1.031739428270937,0.8722496050238451,0.7569328417864676,0.6292056029364514,1.0540214942657773,0.9229551869120765,0.6463100230348331
253,0.5029389108489388,0.5031090050029586,0.6411155875180073,0.4866411160499523,0.5707912673485852,0.5767514854776121,0.6941292308188882,0.6553845678869022,0.5979338823341526,0.42980772939620204,0.5318035312405095,0.4812667224113983,0.5196564800787824,0.41212664291000906,0.6222423937081751,0.32428818443995044,0.4693282736093092,0.7395146714293321,0.37123198785175904,0.3746731928676709,0.6244280342507031,0.7563030688615839,0.8461299464129907,0.5893183689474595,0.5646025262732388,0.7994268358401688,0.661358048395122,0.9597484892082092,1.0915328268650801,0.933878486505818,0.8756541182230948,0.6396973011803768,1.058835075483172,0.8504793222634623,0.6470539948744995
254,0.3772161446723111,0.5029183735086953,0.48293151587390587,0.559098687490347,0.5829635438732971,0.673294586339609,0.6791303857930068,0.7774048433416747,0.4411418078315139,0.5133052902959622,0.6069656943094963,0.5142307336924457,0.3858984038226464,0.4580379301983231,0.6243538732123111,0.41253600405327717,0.5376427819378929,0.522978040626424,0.40138232821617703,0.49989088483654154,0.7121990845405248,0.6373889141116593,0.5558855732773136,0.6305435764762016,0.45158617447318516,0.964226629712575,0.6655116599190549,0.6385540043697276,1.1084602930688674,1.052840924716899,0.6544459029085365,0.5859303932692584,0.7868152171367616,0.6234901036108549,0.7716899480356887
255,0.47796799380170213,0.3288510358379666,0.5018872475991492,0.5529370799463217,0.6050827942796495,0.7807207880917292,0.6823738312138763,0.6341051448988464,0.6856063825948009,0.5000580874057128,0.5518417484241387,0.468476659364964,0.4442693902847572,0.42846026737012427,0.7810813754591586,0.30866438718013733,0.4771631167433829,0.6351456996572181,0.4902773706564021,0.4161389768772211,0.673609536546837,0.7889261079804725,0.6298282715040893,0.6997831231878642,0.2939320758846583,0.8371735956667412,0.6822030730407895,0.8079285321896256,1.2106988033287813,0.7869170083164357,0.8263818068044163,0.7597580149876312,0.9988213494179758,0.8381180207720794,0.7556281565265917
256,0.5023228442511354,0.18233132186893608,0.4937193174515561,0.3961761259038053,0.6273108115687935,0.7300181662269893,0.6808953230188216,0.7578561971488131,0.6628696249753332,0.4568789627744194,0.622314882869885,0.43538390428366935,0.527156421276565,0.3673970743313806,0.7014497405871423,0.3609249713127728,0.43475646909525034,0.60185789833335,0.5107786110013617,0.41056788123984794,0.6495050145971751,0.7460946627525236,0.816465945678268,0.6100518352082658,0.6435177833916801,0.6963468819543285,0.6699138875171056,0.8164780337942815,1.293672290935046,0.7441172375379715,0.8580961715405329,0.6279998242569007,0.7334327367117669,0.9530918670008613,0.749290799064469
257,0.25226284376406266,0.1209275739467652,0.500931408515471,0.5301495238936496,0.6111875603003115,0.5460982739373015,0.7371764916422868,0.8022991784795195,0.4979676432271841,0.4935096094886598,0.5869426007464791,0.516783053261958,0.40393537147488223,0.40090954092516107,0.740097046657322,0.4423085532725698,0.4484981742085695,0.5695893602548165,0.512781060856375,0.49667338569911995,0.6815232966346527,0.7030943256892664,0.8264265509424226,0.6543855418844371,0.6862222474707922,0.8866486473586954,0.6263064403627174,0.7451830963489117,1.0071037991114475,0.9026862401245375,0.7927255108490328,0.7325140822407412,0.9038315297754107,0.7969313848569152,0.8928743098607475
258,0.3926660160662282,0.42387330735441986,0.4590427254783544,0.36375317367374205,0.5793059125439377,0.6688602481677371,0.5398050371727677,0.5705887241673027,0.6339967133372231,0.3985639811085969,0.5271547419561299,0.44670739313812435,0.5317064072682351,0.38340676179195016,0.6916093382255482,0.37664690808865003,0.305958878516548,0.5400844542422962,0.5205357572380453,0.44134926161775956,0.5881156337852281,0.9631176788740304,0.6743814660851882,0.6520566387250675,0.6142782692417387,0.7933699509538829,0.6238159486470719,0.9238647778298806,0.8903099458840912,0.696409223471507,0.7680525994101753,0.5844495157281901,0.8965729826002232,0.8625417743428044,0.6641094329132985
259,0.4459113136328081,0.3599907807522105,0.7236337171289373,0.45310562808167515,0.6217383019451894,0.6108124824323784,0.74986785051219,0.6439218599945453,0.5810684497670038,0.45295091613967964,0.42733112926516886,0.3750277024491112,0.5264100130789046,0.5322437653349867,0.6996851202610352,0.40801522129864415,0.36196551462492693,0.7097661710635133,0.5070249367496014,0.40711461486938433,0.5680495085970115,0.8494121529423804,0.8107238967725287,0.632927359136644,0.5775707188822008,0.7565558776912813,0.5237898107883793,0.9072310272799846,1.080262344929507,0.8658064306554081,0.8916204706965845,0.4835723504372817,1.2091115651896114,0.9859263777838436,0.7086463032071275
260,0.42358570527857425,0.5356915323711484,0.611559118050806,0.43557977333816245,0.5084287846298237,0.5495492818222799,0.5224456140562004,0.7402270775149256,0.583145767272321,0.3694507746466117,0.5142765590521212,0.4412179030229496,0.4297459077116014,0.44571598211534047,0.4918162918315069,0.46056530120653266,0.26561192573374526,0.6020150704953052,0.5234232985107882,0.47585718153149387,0.5064832512149322,0.8120029139812803,0.850249852349661,0.567358022106891,0.6633203280294144,0.6065549925325395,0.4807629291111658,0.8232298548607103,0.9928905122152691,0.8975810062979555,0.8355050388120981,0.44346095395671514,0.8027269531662509,0.9908704591516093,0.8541776705158008
261,0.4565319715092896,0.5658927873803755,0.6369034984528383,0.35510819301070734,0.6077267674915315,0.7764280865403224,0.7668161406754692,0.6792512642817934,0.5967424722781199,0.5498198439572839,0.4322496754942743,0.4861415098515403,0.45638113034571787,0.4601278145293512,0.7745821858563755,0.38734484993658713,0.35508253911434373,0.7787353631333288,0.612239896997378,0.4715102731245594,0.6091955657036257,0.818242091780964,0.893568135684763,0.7138121574645486,0.6805110912234891,0.6730772930206548,0.5187245194949959,0.9052115064908448,0.9930929728028146,0.9899784602800361,0.9832315972321001,0.6215619453020238,1.0105378565328906,0.9830461383880011,0.7524123636859157
262,0.4119503204420606,0.44363303107899354,0.415844073773429,0.45492318491983075,0.6239257597965475,0.7695588152962709,0.7642321741620353,0.6787361037247337,0.49001968937744744,0.5179807200546966,0.537785031911664,0.5048057862851304,0.4648598939204543,0.42802249025558714,0.715000930147423,0.4791394867061264,0.19997006201979062,0.5634939354108378,0.47028286155053656,0.4191392775665206,0.49845481691008153,0.76309454149338,0.747427817135821,0.6268451896416294,0.5020260551925826,0.7687439036892604,0.5804225840711357,0.7675106111875876,1.2663927139748723,0.9454011452344058,0.8903152712989939,0.6741105933792859,0.8322875174975196,0.9500584994751646,0.8794819270276785
263,0.4480373570293139,0.636287496460487,0.6509694274333613,0.3758651563264025,0.4154784767859194,0.7066970797146863,0.5350503236237305,0.7730931411148284,0.5721231576032694,0.41375562059319343,0.6491278323358761,0.3753681717025385,0.45693651815262243,0.44466164830462585,0.5969827314587863,0.4014778115542444,0.24548520484581948,0.6626693449655936,0.529055204087125,0.4808734780444266,0.5480828575799875,0.6358368655507292,0.6348834373235401,0.648124460188562,0.7319462391493228,0.6466323757930754,0.5372762278134243,0.9012131289033696,1.0757826864900566,0.9276520635349101,0.9332990461502719,0.5899221890810049,0.9552291377653932,0.8724073308712578,0.869601024078218
264,0.6032212425356941,0.6051251160153742,0.5538955445427542,0.3058626509151548,0.6039419218110307,0.5547438167499464,0.4554219171680992,0.5636782344870663,0.6315725231437099,0.4375194797045262,0.4714374929702355,0.4697403314062415,0.5844573794736435,0.5163625749547921,0.6847130498183653,0.43101907356669716,0.3375729398167847,0.6097273410586401,0.5205612999827783,0.4341721719567776,0.6650653239208135,0.8996636331592639,0.8315093362395161,0.5854129364424205,0.50872093170205,0.7837956130696833,0.7839994986776617,0.6546310681600367,1.1909544837282184,0.8242126016044381,1.0064853522167003,0.6748216542412864,0.9994363143606508,1.0615542625087797,0.7390390327192526
265,0.5774148749436114,0.5977544161336956,0.6489962451088489,0.48692627224224516,0.37742448138335205,0.6863326618048484,0.6030223248461574,0.6012322349920428,0.6473941293215597,0.49954539079808147,0.5909232125948038,0.4541523749504378,0.5059494302934382,0.4865365915707524,0.6941939355833995,0.455149452705308,0.36274589043103384,0.6685220472599509,0.6137278984199022,0.4799909300395064,0.8449808859504468,1.0077269903011765,0.9106207454308265,0.7639018771312871,0.4281866711480029,0.8297526480221241,0.6142219381795002,0.685519677240807,1.1379671696046547,0.9613013719915897,1.0930749177173107,0.759208859780207,0.9758842776537883,1.1148748165476472,0.9333172752220589
266,0.5385467687083834,0.6946413210719402,0.5747154976822099,0.4432448770999884,0.5301452213215143,0.6504647987251093,0.5839853747994428,0.6723499358402125,0.606090381879414,0.5165724058796639,0.5824794726677379,0.5059263938091723,0.4954433351969201,0.4727212471372887,0.690404700515836,0.44628321102214225,0.3441648562564501,0.5950961131929128,0.513042827100054,0.4336000833708845,0.7260005593925947,0.843499791389656,0.8446229367495017,0.6683775375003185,0.5761236454355695,0.7819014419731409,0.6410320951331796,0.9888634974264411,1.0817977212535905,1.0019300994796967,0.8017861169695033,0.8180783679159012,0.9629019036422387,0.9775179216220296,0.8615577344793673
267,0.39313590409172966,0.6386355937699182,0.5891755024264731,0.484027545070169,0.6066940350843102,0.6768839549634413,0.6731974424743372,0.5843340297017094,0.5565082367966607,0.3920329175579605,0.43751838954762146,0.5870594486413553,0.40511134622242867,0.4661367881367196,0.7002498034315561,0.3768408598210794,0.3819304372783917,0.624641646279529,0.4895637824322828,0.3943767561290352,0.5593825424297012,0.8264466792391374,0.7770899527981786,0.547185073710665,0.4464193392367615,0.8134986751143523,0.6788722867293226,0.9786591937630467,1.1429961068318688,0.9271941685563618,0.792456030917097,0.8318138085502129,0.8542379531004214,0.892083974891779,0.8159998506599353
268,0.4512511261694129,0.6107344046904505,0.6351784889675207,0.567266296359999,0.4686554434397675,0.6466084789770943,0.6811702113042,0.6702695012375688,0.5262844242277377,0.4887878600213523,0.5585712483328515,0.3491214125227362,0.4088914071033739,0.4614238834302131,0.6412451223582422,0.5010376321674367,0.2841353168001909,0.6178461818816263,0.5168822775072421,0.4570394908379458,0.7572593225688736,0.758173734212793,0.8386184904466112,0.6030124864415685,0.631056628604091,0.6443812332580345,0.6817121200760143,0.9581517167034685,0.8600004516260684,0.7636788034586627,0.9087348005172851,0.752604900803933,1.0252595215789904,0.827400472688453,0.8344239647071923
269,0.44863185989029053,0.5493895423225972,0.5928937144136114,0.49276229627679297,0.6192144341548022,0.6723980601604092,0.6520899844563459,0.7941952418077198,0.5689503594988148,0.4522978132393094,0.5939875038160898,0.4812534207487322,0.4855481572554391,0.3851006891116099,0.7679029092825636,0.41944011351069066,0.3574052839555888,0.5613194745703348,0.5762453512350949,0.5246826858352249,0.6039423922017246,0.8870515572512003,0.6810368823780413,0.7219266328270788,0.45977465188460354,0.6940242783940764,0.8780926321985864,0.7954760725329801,1.18153758196123,0.8887148857296803,1.0409511830840024,0.9622444214557414,0.9351693612545006,1.0889809999258042,0.9880062154601161
270,0.4296550533144363,0.4381024838200217,0.4992296844663757,0.23797618254155564,0.3811461816766382,0.5744680021518037,0.5911813939800344,0.686021791046846,0.574024459819413,0.4612955111356074,0.5351666549817606,0.35362607727177453,0.4928457800847086,0.3674780157975889,0.5985636049254668,0.3991850734153065,0.4685961842664895,0.5690682258109403,0.47106464970659756,0.3783674733082445,0.5937291758891148,0.8186699353824629,0.759256620027487,0.7257349637578161,0.5551341071507471,0.6102379917611201,0.7366300052410757,0.7492902173865289,0.8655946489058899,0.9752314289018965,0.8249465214415245,0.7888175499649814,0.6890922484042699,1.1115110377743018,0.9389673051961325
271,0.4244158767149605,0.47264184288742006,0.5079470696810506,0.28077390474114006,0.5339799846520417,0.6381938822466602,0.765288195443705,0.7169738599833448,0.5269725946539909,0.4014402807671982,0.5959109517349115,0.4144494307890466,0.4564846471336383,0.37398628552370594,0.7149464132218215,0.3539277826470718,0.3429470721460241,0.5881105251490031,0.5266467517723608,0.5868867607181296,0.49347697505205596,0.8517172135608326,0.6321096020691934,0.6299680655203769,0.8006881060543676,0.6113705527060085,0.5807901079921438,0.8018478222433981,0.9144381937579956,0.9107721133724633,0.819681553883683,0.819282779178336,0.7631079249886928,0.8934751243210741,0.9969906525955186
272,0.5343217142375762,0.5824933098831329,0.640622641561501,0.5581736614778912,0.5851387404051414,0.6965910763427747,0.6477099608307768,0.7380963465020831,0.6816671449160693,0.42546689598794285,0.5583297134595747,0.5707278032081035,0.5624862993659722,0.5218507799512628,0.7168604980655802,0.33242695849306436,0.3286841492499555,0.5938935149258822,0.5547523847602065,0.4924127775243013,0.7141684784470285,0.9081213882187643,0.6848652842291747,0.7587656372772295,0.3874330748009485,0.8115446632861475,0.5704435564023551,0.9522294863749006,1.1070037944113698,0.9547290055368214,0.9726576633515154,0.8043866222732651,1.0441193441734669,1.1980014061470814,0.8856019923855414
273,0.42260656379936073,0.5968864923150318,0.45723895972522033,0.4822071991577858,0.5977624591137064,0.6911702610377639,0.6716598435184586,0.622422359567372,0.5686475881362358,0.5566313203965385,0.5107162533694019,0.5100537678956113,0.4292693680883265,0.501486397063618,0.7282617625203993,0.39499125637100485,0.485414158563855,0.6486530635856289,0.601058604781163,0.34222413744955943,0.6551856481916061,0.6711729705772235,0.7880336294020335,0.6113884084427612,0.33988373451804543,0.7588487099013566,0.7493130135606572,0.9650912380845655,1.215930469298101,0.912388541700195,0.8847558827359332,0.920088187857072,0.8738634373916514,0.8479340180275863,0.774168437810247
274,0.3749502710201029,0.6078044327053251,0.7258125944749834,0.5554859942132482,0.6231383263540327,0.6030361868018754,0.5869977061274492,0.6219344301845475,0.575620662733501,0.459712646871269,0.4936266020142138,0.46723416038236903,0.454209075394873,0.541054841373264,0.7042523163495159,0.41154592768949816,0.44327337005109513,0.7991659084503249,0.621490850348103,0.3730253028282061,0.5980200355310721,0.8940625638866414,0.8257775557793856,0.6238251894634854,0.33158833417733047,0.8655952033824987,0.6093895027956158,1.039856537727394,1.151199789905995,0.8866617723493206,0.9770114279162632,0.959179117185209,1.051530937973379,1.1306142502423389,0.9618451347044119
275,0.536523473433033,0.6293089154755704,0.6099580340874109,0.516201057576525,0.6411242529661773,0.6925303465727635,0.5853204254686741,0.8733600919768587,0.7166465493169661,0.4475647083377787,0.5912058998698302,0.4713005253081626,0.5141761154754647,0.46485102595961336,0.7484972557265541,0.3817044644678171,0.5276391683870381,0.6434050826084003,0.6925282607400897,0.4539808682660527,0.7325724149757276,0.900189310018518,0.679016093798018,0.7968071942667612,0.3909372758778429,0.8241583169999889,0.8577546286658672,0.9254216033620516,1.0522023670753466,0.9031314362493874,0.9327793653043879,0.7761990738904725,0.8748717563083582,1.062071078274229,1.0722049605277302
276,0.4250641309078494,0.6385084354488303,0.6098420598068144,0.5195383281422933,0.5689323089725329,0.6739237893364114,0.4799920966943584,0.7633409324763163,0.5569326388924682,0.5652854936461631,0.374262259285064,0.49660635962040334,0.4339662054155097,0.5577611791461214,0.7050132012746153,0.3442248990738134,0.438132243328186,0.5615744878493618,0.5733195486057483,0.42534548505445235,0.6877862120432964,0.783262780499294,0.7085344700457887,0.6698275218771801,0.39649004532401866,0.9579518920350658,0.7830755758632694,0.9678391220448062,0.9860045736408121,0.8207435746973231,0.8436266753576636,0.6457563714659833,0.9924395836829891,1.0118772804766896,0.9492601226319076
277,0.5217811617812365,0.6594054028187549,0.6010861943467563,0.3507837200948133,0.5299295574943781,0.6284947907893661,0.44301398187548646,0.6971220057720482,0.6130111873391259,0.4433940141879258,0.6490327363997304,0.4058718690530473,0.5261128456359988,0.49881261366884033,0.6962028499128453,0.39725586720168216,0.37826830855725757,0.6985950493269883,0.6068743622966102,0.45395766719733044,0.5630760975568031,0.8745380042733445,0.8194462244756596,0.7515117337606073,0.6205115339303281,0.685306307434224,0.8111308757981674,0.9110461800924097,0.9283853119805924,1.0703827954181002,1.0406109025935109,0.9710710856320107,0.9423297934742442,1.0512385969188767,1.0316933150670686
278,0.5678813557620163,0.44048266773657635,0.5927929067290139,0.5206749655352083,0.5259386812343272,0.6728177890965867,0.7127518635655747,0.7934653136576275,0.5707748699601229,0.4930924310023601,0.5950104309512467,0.40661103927968,0.47997497994842875,0.3859888662164515,0.6901739168201175,0.47914616468666993,0.39694873934960273,0.5837507925059165,0.5446912032167777,0.4292794845237852,0.6749310002843678,0.8726278881908492,0.6660152879882728,0.7218766495986547,0.612687673458856,0.6741859082426123,0.6979726143853389,0.8973979119501004,0.9304415777343873,1.0952501542601103,0.8687520731435437,0.6677149483619909,0.8516754040230656,0.9991140359492476,1.0035308830535856
279,0.48703324277062576,0.6325876592048589,0.5473685764761612,0.4556505836428842,0.5233620876625079,0.6985508215323855,0.5616340543100318,0.7370879590599836,0.5594527731562587,0.3765606338805443,0.6395647333157977,0.46220375018603854,0.427044157482387,0.41789346650256853,0.6939802229176768,0.3705559635605757,0.30987884599532245,0.5266610944639902,0.5436077511563665,0.4054737988673861,0.49425233334561336,0.8807925714133605,0.8022976756733237,0.6424110244940626,0.41011755588125137,0.7303878845543469,0.7210585645148887,0.8562938101172535,1.097447757515572,0.9075071516212594,0.8545902921262094,0.7009445240965372,0.825273258592925,1.0027477452850717,0.870689394428644
280,0.44741068726510147,0.45745244963109866,0.35430952719452435,0.3659537705490762,0.4229555194938443,0.6325889498821566,0.68070773564607,0.7261063535587762,0.6526252666412695,0.42203177871952463,0.4648295467316657,0.35255318429391846,0.5873417149114502,0.3145602040510521,0.6190702167940454,0.3842909940298435,0.3765058615964588,0.49545792498963326,0.63416062069787,0.37207333625524014,0.5604810362285443,0.816539405589299,0.5599318477955894,0.6811300659414883,0.5160715133886485,0.6742705370505049,0.7749289058636393,0.802160949958524,0.9140765139645788,0.9251568427897265,0.7055683051946267,0.6940418772927546,0.9876611611305618,1.105253125750815,0.8739429727620747
281,0.5884856576077571,0.6981562636158403,0.6073407845181372,0.3883681725709064,0.6036825759664199,0.7329653716242658,0.4791565578811593,0.7185445013198025,0.6363361337736504,0.3778146573241825,0.4878823081315796,0.43952298945460067,0.5438202160927728,0.520041645024586,0.66038059908645,0.41459485608846197,0.4391703930769413,0.5868938527813464,0.546154623278069,0.3517207722868409,0.633746960041782,1.0099092688415223,0.7815163923491011,0.5536765630448199,0.6026241287434786,0.695736278406899,0.8624425558898002,0.9627280311794677,0.9226786753522521,0.8878066773639374,0.8181456895872574,0.5311473134886797,1.061402998558603,1.0489676968681763,0.9697029875876292
282,0.4774188951994719,0.7486082414457598,0.5201168052198184,0.5030785786620227,0.568169140956778,0.6495233316065012,0.6748410987892328,0.8052571859183721,0.611374992843297,0.485428259976155,0.672095464917269,0.5081298993492123,0.5479209240080143,0.5552107311717966,0.7003008898854366,0.5252644679172145,0.43774005261216675,0.6611721855376863,0.48575875765973864,0.4933413142655926,0.7421058731368515,0.7248058038134236,0.6183026875138353,0.7068315114245473,0.58238223073626,0.7932801854858655,0.9199642710531538,0.9882803291508004,1.057235242525989,1.084314869548459,0.7015309751878496,0.9197713346122792,0.98358135390583,0.9315841028181485,1.0669716484607503
283,0.4620050182946344,0.5522408682445956,0.6020841089383664,0.4287915693713962,0.570313972071481,0.5530971120420337,0.5094168174138315,0.6188497063640945,0.5448795488153906,0.42470610073009074,0.5022447827998708,0.43084011989762416,0.47459238882635246,0.4322970555959289,0.5428860666705021,0.32266919141321193,0.3832489133443696,0.6570896124633081,0.6005637779521558,0.4207042918854328,0.6639800206354763,0.7732979473729023,0.8019633543373741,0.6037048102435308,0.49122698003328147,0.6687815958069574,0.8673695517705742,0.9732568984992879,0.8493453800453177,0.8430833314257054,0.7885182232593915,0.7913067731247214,1.0333211807420586,1.0316776487127075,0.7977039193239019
284,0.4338503251098802,0.5586675349857407,0.5866764240401636,0.6938028775838637,0.5101648101758064,0.6418830698096158,0.6873441721926339,0.5531407246659203,0.6019154052302225,0.47758899503105434,0.44409025929447193,0.4408798958156003,0.4269807434779627,0.4355240583251105,0.5470966497579566,0.2652509591667748,0.5671794675488173,0.5744276023188916,0.46917653835242834,0.3313553283359231,0.6987101749053881,0.8818347403529465,0.6728459125112429,1.0255708451360375,0.6002286757188446,0.8717234904876465,0.7775618274963298,0.9368142371857711,1.110620321417391,0.7226051345049023,0.6711439496333228,0.8825623550575591,0.7292872876932883,1.090856133593347,0.7918008187513627
285,0.512127131889431,0.504941349822486,0.5885706809071438,0.4494084729709268,0.5597301433941797,0.6309537844163675,0.610402779334625,0.7108858528387878,0.4504260573477594,0.43631166727078685,0.6340381501583965,0.49595190199361544,0.45871246580503444,0.44786925203197586,0.613663111653736,0.29810361695745013,0.4923027451032168,0.6608452666619942,0.4642461510601524,0.43857396401787985,0.647540495776031,0.6256657380790107,0.7367533977614878,0.7762623160614099,0.4887512152700541,0.6510043422397853,0.8623823453080912,0.8594525272633454,1.082864748994108,0.7290151070847566,0.5718017618865349,0.7854823828385439,0.8106352226185517,0.9901964237517262,0.7635982555476679
286,0.33232366335861996,0.38173142029953844,0.4451206901043425,0.5128418083422179,0.5249287451178316,0.47439770248444013,0.6253413396057023,0.5375783578201921,0.5427264079322389,0.4116717302602092,0.33030263895112844,0.42957607710329854,0.4022868774982479,0.3925405067355441,0.6705000750365033,0.35567717216899875,0.44000819829318405,0.5161042235533462,0.5185948372290359,0.39069597432184,0.5612174223354833,0.6810287214790989,0.671761475726777,0.8182948601156792,0.44927651610175945,0.872833428770439,0.7043975341041309,0.6947088197605445,1.0360024895121458,0.8169449946217293,0.8841835760788067,0.739830317797049,0.8575227617017204,1.0301759967690058,0.7796387149027433
287,0.5805890447150572,0.6697613283798469,0.6369572886579513,0.5284162121569489,0.5742193089924792,0.6824248040076656,0.6634792629569355,0.7184858479432827,0.6149245471442888,0.42371712105478276,0.5588627374046199,0.5426519174083382,0.6544117010355099,0.5004689044277524,0.7481894031982328,0.1676873825264482,0.3978148876648156,0.699166587934642,0.5940627702904592,0.43213976824404293,0.6785117545474331,0.8082414029887258,0.7256509275012892,0.6120403284509208,0.7033270997710701,0.7854384791885779,0.9246992216332426,0.8515508764329612,1.13037589534063,0.8949553015260158,0.8389919559657851,0.6045599101706672,0.8898855791075851,1.0939091229365927,0.7352441501388747
288,0.5033335341990269,0.6866904504094531,0.5887624304094112,0.5956941089692261,0.4993951961669711,0.6178053836109503,0.6381158404991802,0.692603455660472,0.6552202471892405,0.5024660201403186,0.5438349958727984,0.4236246036911768,0.5770859718540227,0.5117790924323284,0.5781502483700452,0.3060970393714728,0.5608000421271253,0.5616420705277325,0.5480031348923429,0.45972322560133727,0.6725993415278935,0.7537095795285182,0.9487121772898205,0.5921266890292302,0.6340571307831581,0.762819320669446,0.6491954933585586,0.9410271024207371,1.0200595199943567,0.9766860935763723,0.7993704857274766,0.7845209850460079,0.8766284854443607,1.0739076592927819,0.9216869347200796
289,0.4699684835886375,0.5835715435895276,0.6147746892598436,0.5236233300886651,0.5035241647398823,0.6344399480032539,0.6125053001222807,0.7730384404968382,0.5942063416473828,0.3874743649296633,0.586177350430821,0.39656105562863503,0.5271151056150949,0.4531426759029319,0.574690413145575,0.3317787971828488,0.4984778193267418,0.5592508791165645,0.655079427100769,0.5041635033074268,0.6353141414652133,0.9236355272009444,0.746220058900118,0.5631992498559095,0.5254513910312009,0.7847664765716993,0.7787062289614974,1.0039946861412945,1.1774540314951758,0.8858505357542032,0.8293737152837031,0.8590438491901183,0.8493213060696476,1.177852513645858,0.909389053880741
290,0.5020565168051425,0.6605617880006109,0.6840722216771352,0.5453969449908187,0.5775017959515678,0.7944988860672827,0.7436191900537628,0.7529852174984755,0.6024163995638171,0.42964249594952075,0.6084453240687261,0.458638200809449,0.5256816731514045,0.476168765392028,0.573892393209957,0.386970781182177,0.4482848340005337,0.5928435788626794,0.4820480182850503,0.380793021237867,0.4442524371594828,0.792771045390732,0.952057798830623,0.7685906552111144,0.614002504626094,1.0024249817967548,0.6836034705592002,1.108203853678465,1.1667313051447086,1.1253895559530753,0.7623578210332458,0.8807007809857754,0.9705791860746478,0.9014360680497704,0.7884301632525419
291,0.4157682297092822,0.5807550182702025,0.549708273136714,0.6519240988876247,0.5029185014502271,0.6558099764339553,0.8438853148049305,0.6577588414228012,0.5770642039879965,0.5869812288859388,0.6203967510341912,0.5096179376877372,0.43083930126242376,0.4900229779839931,0.5995651453905406,0.4243874287106316,0.577456130550791,0.5771111708291496,0.5225463463732836,0.39905658627000395,0.5373242054172099,0.7888274202483987,0.7104976472796003,0.7495850800699573,0.5848804102088473,0.9679386348404061,0.7211535217602587,0.9024222125914437,0.95386546570425,1.002531933287801,0.6903869931642505,0.8237044742639587,0.7968085171099091,0.8893422313951795,1.0180853042971503
292,0.5310580619442306,0.7527949018571889,0.7797402455633047,0.5327755916421653,0.6203631675705606,0.7342436299532702,0.5211687717885497,0.7955979459109126,0.6578705951714457,0.3266910262114664,0.52057248880516,0.5005608281304106,0.4678783578502376,0.602491696997568,0.5701460887879635,0.29687859544824813,0.5060578410030615,0.8036678359466981,0.44277902618273735,0.3573857122511818,0.5260577308851844,0.7839102864432103,1.0310822072635206,0.6641043069358168,0.4944232209004047,0.9255221313994326,0.9524669037814806,1.1727556940397967,0.9578475153027192,0.8593092212924776,0.7129928882824687,0.9189105506516584,1.063894706493822,1.1200156344251984,0.8640221705297416
293,0.45291205637490195,0.5806161954315521,0.5952368427496159,0.5419272641469485,0.5770111686313735,0.7330501241274644,0.7052452189190092,0.6651053171609567,0.5910288493061338,0.3782405797884312,0.5575142603017631,0.4400302346373102,0.5883090931440743,0.355320260810603,0.7091772507525779,0.342266960543527,0.5612177007473653,0.6624648600056092,0.50872539173159,0.5666815173659989,0.709165478016985,0.7562435861867349,0.7406895562028657,0.6969240433958199,0.572272103626476,0.8406863780918681,0.8735357304552567,0.912845483352819,1.0846950196899865,0.9115958058370515,0.8770795436266334,0.8431348007946292,0.951484831236557,1.0090171388061586,0.9514237245856874
294,0.547831051679315,0.6099841324429958,0.520479298223389,0.5578983463547351,0.4584406397498442,0.5317036638603453,0.6628755524960832,0.7049532390773128,0.5496922573174445,0.5501815289878126,0.5405758298461513,0.39170880675017783,0.5448024209377367,0.40002012984255264,0.4343500118654817,0.36664836206581297,0.6551915875738086,0.6518774278256614,0.451231525675114,0.456666082621611,0.5145913314211864,0.7749786751501812,0.8298941026245139,0.7048704188919859,0.6267926775198778,0.7914767852865918,0.6608194952180791,0.869850726091328,0.8011373330577581,1.0673950663255607,0.868382440682008,0.8283259992722786,0.8472709212484028,1.0816586888162991,0.9587364218726968
295,0.457119006671852,0.685117503082669,0.5573311046250133,0.6529683334428344,0.4978033733441339,0.571290263098376,0.812697924773886,0.6816099498083124,0.5805618763136415,0.4471333353340706,0.6126736714488719,0.4263451454137676,0.55074714071725,0.398487463883604,0.5799713617517464,0.2403333821580066,0.5586346295081587,0.4924521639583291,0.5601186782537992,0.4476586127253653,0.5453278951873268,0.8812471176235521,0.5858401877091703,0.7633939357527884,0.6466221297969803,0.7997675902386668,0.8303332774750091,0.8975539304646081,0.9633034314934952,0.8198446088951856,0.8335647319381199,0.7116555643209332,0.7937188495569447,1.0605444377748139,0.7635266445600138
296,0.5166455370905123,0.6745240583799661,0.6096635243301634,0.6670571480420391,0.5651802525048293,0.7529251103495,0.7437111707984093,0.7469276309335943,0.647335123120683,0.4572795910487403,0.5956498510603256,0.3905142679184394,0.5332853380709853,0.5310587395312705,0.605351878886501,0.3432988701245475,0.4381321460865311,0.6340829833271566,0.5364775012871876,0.5173531373584426,0.4907068775466603,0.9862354532739419,0.819322058437457,0.5406996056688866,0.588009562362729,0.6354991190669073,0.7572431403656874,0.9511289590728402,0.9732026303485843,0.8899308003636148,0.8945614565835991,0.7251127838516123,0.7990208650275751,1.1664504851902606,0.9381694196947139
297,0.5530832605468281,0.6204327125298112,0.5404905789970453,0.5150440534613574,0.522741584491219,0.671254413248426,0.7399379639802213,0.6944286706330229,0.6843066450979087,0.44167877135075395,0.5731768148321605,0.48130521183498076,0.6480294162450104,0.42148116293619614,0.43638715353620583,0.2692747919082428,0.6175153598028031,0.5911579102164162,0.5904303782557461,0.3905567015276138,0.5422174502756268,0.9511885989820098,0.7912609611403976,0.6228142860002983,0.627112680619248,0.763580431733664,0.9440326490905833,0.8456777830862352,1.0109089767870703,0.9125894150363036,0.8430811336940736,0.6903342059063315,0.6978155974090433,1.1610056984167878,0.702344502272932
298,0.4767885837135179,0.5996185465551982,0.47134760946165344,0.6317960043454911,0.5292974420632065,0.685498667732584,0.6501717561665448,0.7747305735677692,0.5199219183444221,0.38688230260860423,0.5640449327690825,0.3309875510773835,0.4123260337534642,0.4668910336276382,0.7343789064801893,0.3000553814553341,0.5412187833799305,0.6110216229083624,0.5314209948753561,0.3794297271188716,0.4718168516179305,0.728229294775827,0.8680027842984226,0.6551403484754075,0.6751795563215149,0.6984798110849757,0.9172432484058908,0.9038087652281057,0.8884452323326759,0.8534398530151981,0.7696255942981746,0.6179498879038603,0.7890715602509678,1.0479566045046922,0.7311630485249289
299,0.5444368771048906,0.6766693806556678,0.6002189721558076,0.48572722323410883,0.564869556062535,0.5440311065318264,0.6186700486747345,0.6225710413120399,0.5840431653524552,0.5354159185812274,0.590657796908402,0.4696059267206941,0.5564375616455868,0.48776335462093606,0.6727076262499755,0.3579113766204416,0.574561635811316,0.5997221203347474,0.5394106934299956,0.38096275051156847,0.6168983489413835,0.968512442999572,0.7935176878540343,0.772350379567954,0.6631349261970748,0.8154388244552682,0.8484956278803195,1.1457506657463268,1.0322206545970776,0.86054006381919,0.8469928603559027,0.670033311173939,0.8140334306974149,1.072397162962556,0.8069972087440103
300,0.5944814603575891,0.6875771741497078,0.5457370333628351,0.5835839241570866,0.5232823249471035,0.7188499410840667,0.7573421804354203,0.7268046152348505,0.6898544509227211,0.5141600319774957,0.5814229501619366,0.42887282969300844,0.4989659175164491,0.440650221257353,0.7483083539591291,0.4804840108921564,0.595034363699972,0.6733215964361151,0.6060944736615106,0.4791236187680501,0.5860927079838025,1.0421931235146666,0.764594003241952,0.6060100593873747,0.7708161272362226,0.7453777885302192,0.9405776944824045,0.9546388977335585,0.9655108928865624,1.2501913493849917,0.85557523998764,0.723167222539526,0.893538979604865,1.1047795362592145,1.0215235015070527
301,0.43851830396315555,0.6767688753354558,0.6067956020905526,0.6407719212710533,0.6007062333645083,0.7592438229695354,0.6934358286232803,0.6121649639517874,0.526239007084091,0.38921253620610907,0.6636018974879374,0.4376926199849993,0.4447094726231803,0.4707377104961835,0.6012767844079919,0.3781513664775758,0.5461786574592693,0.5971629605681043,0.5437600115974097,0.4249307577220639,0.47184951158877225,0.7308643938630639,0.6490623842602035,0.6790343615130363,0.5868564801941338,0.756013564667996,0.9614076016720189,0.9859079546931067,1.164825009256159,0.8521493979896578,0.715608689208977,0.8521109550425969,0.9152221428369728,1.0411899253703534,0.7969479032833008
302,0.39125031573087965,0.588758629277359,0.5850761970075476,0.6104094945982885,0.5687491546137532,0.6089640829964348,0.6680266192656379,0.7326221642459088,0.4486061084718148,0.40430656493940575,0.4910878199805543,0.6009862177452518,0.4677946919350475,0.49603896628811733,0.7073554530164549,0.41323541526098745,0.5170921473152352,0.5938723950767152,0.48794904956250873,0.5036360781310752,0.5724535368083221,0.6020958834403991,0.8300320250539948,0.703999519587293,0.7008992095672362,0.892889232718613,0.9870173979262853,0.844795314259619,1.0447049530653305,0.9993498088629179,0.6502555506049903,0.8383647169268869,0.746080566984379,0.8700533631272119,0.8104799245770511
303,0.5057558660246689,0.5535502682518033,0.588982484060948,0.5769773338362415,0.6311480143483597,0.6515771928345497,0.8042124152008585,0.6949085214396067,0.4791613352429141,0.5218164756137597,0.6205386056448059,0.5446526120880331,0.5353861010850546,0.4502219043504776,0.7640960359871098,0.4681414397372092,0.496971135043518,0.6391677384550272,0.5038291919375901,0.45646577073428907,0.5022487090617759,0.7219352444376418,0.7955683194517497,0.6422362925855061,0.7184804049890514,0.735517821519145,1.0161912109119906,0.8944347353404547,1.1009780781053375,0.9519507006517932,0.8496176410769515,0.7668721617218915,0.7875351967143167,1.1865600295798613,0.8897451518947618
304,0.5657952269900475,0.6208242845073932,0.6022389361066501,0.5955687340365206,0.4457376546759588,0.6565506499504021,0.7864804778826047,0.6728928917826953,0.555207961621519,0.48156918515671554,0.655694667799082,0.3490664619190439,0.47850598825043017,0.44945928896953036,0.5102472111617882,0.41735720274848753,0.5199252743336035,0.6490336162497019,0.500454498121582,0.5321822652485785,0.32857383190395306,0.6748446093407664,0.8232276137453638,0.6750169478213427,0.6344515097618901,0.7709737515901698,0.7417613453153692,0.9881544581564292,0.6884673235317134,1.0379554536909048,0.7188067283436598,0.8337057507425716,0.6013282828812532,0.9581438935482894,0.7350407510398673
305,0.5361041694863627,0.6230271620808945,0.5434947472601612,0.4525312548811402,0.5510051374015759,0.7631709936301747,0.45018105254111207,0.7126978254635945,0.6203774045545238,0.36232904920127273,0.5683724530175943,0.4681301840472598,0.4873533978970687,0.46304342308483243,0.6322735415376904,0.4815273368283464,0.36357472205770813,0.5537001027114077,0.4895312596583161,0.5039293609382,0.3903041649635946,0.7340452326053108,0.647029998981949,0.5811624695654134,0.8164187944215818,0.7622045784321236,0.9918898619467549,0.9772713245520739,0.9437283618492103,1.0991088274560517,0.7710479482322634,0.6847841583791674,0.7381325155206195,0.9465358987702754,0.8704014367988897
306,0.36747629692709316,0.5558368035223172,0.5375725178429664,0.5470903586607873,0.5982103423667393,0.7920929064871408,0.7665494127574278,0.6003884914614792,0.5576487879365549,0.4932281876886079,0.5185345121238116,0.555731339672249,0.42859919463939,0.5072771333687657,0.7218205176353248,0.3684836588436017,0.5290451162141367,0.5486338356289323,0.45052551119165263,0.5411690936178999,0.4794484260794406,0.6934575060991324,0.8552695209795314,0.730664095276943,0.690908544272236,0.8403736550036931,1.0302444146591798,0.8973254006346677,1.005114956895359,0.8710806063958684,0.687716010041193,0.8038309136199377,0.8841964289380598,0.9476506629908517,0.8101912281957128
307,0.47756457845339284,0.6516850202715545,0.6077105670377745,0.5707287369346659,0.5306715246816379,0.5861144815746189,0.6526541006233004,0.7537690542675981,0.5522208982631023,0.43333735393211975,0.5655854264377872,0.4543576700093212,0.4154392906748538,0.4688207882296178,0.6040657962909135,0.5163869464390523,0.3873660798532662,0.5806542851057173,0.6075250617190151,0.5086530173308472,0.4575364993739806,0.6011552123029107,0.7556325270638324,0.6039265112920601,0.7551053350361988,0.6905732877188873,0.9629769857539964,0.8877173094498845,0.7594591252718111,1.1153815381071701,0.8579146944929031,0.6473429016112993,0.8822085719662762,0.9711134913211453,1.0579560201190445
308,0.4505991479329473,0.6071461731579458,0.47009268187742254,0.7968573999679238,0.547920148282044,0.547566094131799,0.817439618736437,0.6659041987506465,0.49072005035973604,0.5595029835643445,0.5958916396095504,0.45707251610442196,0.4857325170738178,0.5186307470962983,0.515247563962061,0.4317854285420057,0.6473556004957672,0.5054984464349018,0.440676590436339,0.4846632158545199,0.5262607942985458,0.6834701824696752,0.7220912633864761,0.5551211858738496,0.7642384798899328,0.7396410189378816,0.89710712513682,0.9097917036566454,0.9466153875494022,0.8885338142505093,0.6144169918230984,0.8751500064071062,0.8029045945502374,0.8603961431764435,0.8836548189082637
309,0.5801743773293746,0.70523530029799,0.5946433048623034,0.581814156326398,0.5219388376171399,0.4963359442808921,0.6803980847755766,0.6439228616129037,0.6627107407609975,0.5468955751421204,0.5561665297593551,0.4247804335155232,0.5197828237807042,0.5747995441367102,0.591065619115221,0.37665941178377677,0.6488893511675797,0.6697074663956353,0.6778050176346173,0.36369340044636755,0.3880367568452312,0.9200640899041101,0.7901730289533597,0.6640706761551722,0.6984256435074016,0.9405701342059258,0.822954872573062,1.0865379569365576,0.7743756729306459,0.9370120586867812,0.9761935303581997,0.7606909012264295,1.0378859664101627,1.1153690486321326,0.973432436971714
310,0.4030364283794258,0.6178494910957015,0.6019352397692399,0.6053035652093304,0.49681682318964027,0.6892763007459797,0.7820189362769772,0.5694292718718269,0.5792392003664474,0.5575970207488952,0.49563623746302543,0.567691384090308,0.46652354369684607,0.49421302774693177,0.703148016529628,0.31524702660225745,0.4591274921915245,0.6054110469948188,0.6296526727425287,0.40627858971764663,0.6079623534524561,0.6923451916295124,0.8943876367334426,0.6551537862326942,0.5772946713083145,0.826458833264321,0.7774190693139369,1.0294186508728842,0.9246088303149408,0.7961338497498991,0.8862680538090769,0.7537938372058319,0.6969490206926435,0.8477793144338472,0.7980080949614675
311,0.4467072388911,0.6500993145248263,0.5727791925737166,0.559992882925487,0.5617378828725641,0.7194897495005073,0.628416023753367,0.6130044228930566,0.6537986537330932,0.4101605624411877,0.5137442919903656,0.5794323062780642,0.5218166446110433,0.5088694265119111,0.8322527170142259,0.42288293147929035,0.502234507248184,0.5986298494933615,0.5350647368823619,0.4668906062872812,0.6714005211159674,0.9265452197226046,0.8742856793920325,0.6793699450164735,0.7072143235890409,0.8716064446909907,0.9365349554024689,0.9993487717367118,1.1142266364448767,0.9269958258814853,0.8832763464364908,0.7906697708808865,0.6778465366539319,1.062044813487487,0.9056915552744265
312,0.3755670132277723,0.5328754466216366,0.5054330689861766,0.46840984990727275,0.6785477431766237,0.6276887522105631,0.6626064781704832,0.5638576654885766,0.5646606080450227,0.36967157915874793,0.5737266817483024,0.42022998331820477,0.48318029459135314,0.45709892420690645,0.7722065207362852,0.37173724370915107,0.4672687692201899,0.6761774077476425,0.5775596113684643,0.41453197574766387,0.6638330282561165,0.8082625743907019,0.6711564512773457,0.6206822784513333,0.6830315595422168,0.7048191850253788,0.9533632636072605,0.8669099024321274,0.9236509170121527,0.8283838871356146,0.6723398795916598,0.7420548778977172,0.6118417307982713,0.8064352695369983,0.8188944824538318
313,0.4509974229885809,0.7344341080080855,0.5698862898462382,0.5845008521892405,0.6612269590561173,0.7468059295390292,0.6520455422228498,0.6511021682330438,0.5627348598237358,0.5090828018003436,0.5911448204091521,0.5009460365483792,0.532399549192046,0.4345926494696795,0.6555914605027614,0.3882779171610908,0.36899696073099,0.6160077139960235,0.660920298221849,0.4693691791056092,0.563545126517711,0.9757130899017236,0.7588012205175073,0.5345638269142023,0.7466820120988209,0.8720563043579561,0.9077283265927626,1.01380211038138,0.7950931292605341,0.9874314594367195,0.8774629141652661,0.886975927375943,1.0161992388649757,0.9741785108067431,0.7807687229585484
314,0.4628995140121327,0.5433678411288605,0.4335447849114662,0.6222046014478794,0.6608252502984784,0.7403897438178723,0.7845898559516375,0.632060595795506,0.5015600032362364,0.3994012014200303,0.4844315445505487,0.5591177368009851,0.4084751106479611,0.4249853745240332,0.7029002912456042,0.24489140990425978,0.48335016624894866,0.4383932875736607,0.6716947038410461,0.5287749803397999,0.5907599621260942,0.738271527787865,0.7203000078262519,0.6715962595338205,0.7650590837680715,0.800574224006576,1.011010889224448,0.9269629299983547,1.0422426862597125,0.8468376562841853,0.804755196935481,0.9046930510218028,0.61407268726339,1.0078293995951622,0.9362772584969459
315,0.43760273607060735,0.56589546178952,0.4923312703201957,0.5443988695582624,0.6033860968991507,0.7626821419064767,0.769246551579555,0.7672503259317427,0.5823443637303808,0.5260704097237199,0.7408977363466945,0.6118121938843891,0.6151884440560449,0.48945544944736036,0.6462351664679813,0.4902510522113382,0.48109958813518583,0.5724129424507671,0.7036976030487749,0.5547341759086201,0.5893738593214788,0.8250608077825572,0.9111095481004642,0.590202793911898,0.7324309966462319,0.9006464972621957,0.8812262784565927,0.9042578445340741,0.8088353983470892,0.9621104821841846,0.9336066334847613,0.767932112088326,0.8291855494890443,1.2137607948803337,1.132725017036727
316,0.3673015076709306,0.6752906988332879,0.4494057779644674,0.6960510836486753,0.5506708061684398,0.6240178242330607,0.7545635307640248,0.7136109323981246,0.4088237986520512,0.4602715658442184,0.5404251398384549,0.44518234727255174,0.4365924876919409,0.4564134487338407,0.6635164621864855,0.373587363335412,0.538679316791586,0.47099693400425857,0.5196021034149811,0.48398214098845854,0.46881009063189627,0.7496004017361905,0.8635082497599009,0.6336950358275684,0.7163284191635663,0.9761208167168276,0.8633233070514421,0.8647424307525562,0.8248346456828397,0.7161682465745915,0.7930233208167836,1.0496497147761588,0.7141772067543102,0.9833762045737576,0.9529365881007015
317,0.4631745554255506,0.8422336407618585,0.6360778303974859,0.5567055097130981,0.5413227456485041,0.6905559824837653,0.6445701835256769,0.7570352834498009,0.4139837515168631,0.3928015535428533,0.5669170662610551,0.45323029028013406,0.5436376069700402,0.5032760546906587,0.5596557860417734,0.3584723636099505,0.6258950117014944,0.5902774960296703,0.5983915285039731,0.524545108165369,0.532178912191959,0.7502749992117004,0.8785736721438195,0.3501706232937527,0.8600831099125347,0.7052951858552284,0.9023888033012732,1.1434325357024928,0.9492195162602551,0.8896965322106059,0.8933357685506055,0.7881413469353665,0.9744846713124788,1.1622525473611274,1.0174264857957178
318,0.5052564381517952,0.6181343301534235,0.6053767748080718,0.6322370895267648,0.5416192809848299,0.7230541759546566,0.7244316867732106,0.6942119561910922,0.4758939187355484,0.4389771188940714,0.634903470974236,0.5224992643191897,0.5474663461091958,0.4255971915234436,0.6472494448840618,0.4288651000546549,0.5378804491623341,0.6822375788906587,0.6386811818578974,0.6810365836376284,0.618335448344381,0.7664017425423186,0.8972141396396007,0.6311515433792203,0.8141584210795263,0.8183011222227147,0.8244472577953292,0.8789822116101513,0.8598427970555531,1.022954113291021,0.6986881760335439,0.9919780734875363,0.8301173894679509,1.121396767957605,1.127086064548003
319,0.440553623092094,0.7166100441017182,0.5597995504526074,0.60142652054559,0.6295555712963667,0.6482243924878994,0.6103395351492811,0.5598381857826287,0.41199768308037765,0.4136497027208138,0.552045394060769,0.538409623754173,0.4102561351492,0.4858289228780647,0.664683363879951,0.40029248813708673,0.5412779213831529,0.6243621140827993,0.7111868545973424,0.5408829577672334,0.6551523766519468,0.747156678069514,0.7857952098644491,0.47056951222028814,0.9007211435152953,0.8160358553425416,0.8611450575806562,0.9298565173073342,0.9793891381016762,0.9859712599609257,0.8226206419006801,0.7822073232434801,0.7740084825320216,1.0491883684427632,1.0122107081766458
320,0.4936726662353384,0.7188250551728186,0.5842833266729064,0.66652232609287,0.4485435906910943,0.5155118433183941,0.6956853091919435,0.5926841190042751,0.6299314014286271,0.4704034537647836,0.48682346312814034,0.3322886426649321,0.5695653524718809,0.44741268211259,0.6215691050885428,0.39664904154744796,0.5618815205670553,0.5670843303631145,0.6841743645189761,0.5421102912738518,0.5308355941199863,0.7166060464781634,0.839000776088209,0.5488285065127396,0.7430573937264966,0.8987572708914757,0.978180503230256,0.9607101164363763,0.9226189847735787,0.8076714586879987,1.0454323658615046,0.8071476513368924,0.7843464571575565,1.2163270447811043,0.9604058735394538
321,0.40602076370665763,0.6771273442436583,0.5755571554130294,0.6103906898075762,0.562167567382869,0.5795820208923981,0.7322305390289827,0.7134126273882517,0.5796407163869437,0.5322654516478325,0.5656009408212257,0.4958439135211117,0.5178243273216939,0.5492644285145167,0.6484442310075872,0.4809330824127691,0.4957786370383639,0.7047129279681947,0.564353043204656,0.5863354113891033,0.5863154590063877,0.7577903422410606,0.8359693116472464,0.580104015465873,0.8183493012208212,0.7901451100885201,0.913740180460166,0.9124027541733397,0.9788707917261791,0.9470836987459561,0.9916024069230357,0.9211618425372796,0.8955248163989987,1.0706799100076587,0.8697702377901271
322,0.4329127527836416,0.6158333682960672,0.6157037287835123,0.5375025356300248,0.6206680856532163,0.647628578283946,0.6990632948605529,0.6931125920755247,0.6149391293820172,0.5311613428992965,0.5727026737875183,0.46778003911421195,0.5968116101101131,0.4598154001646295,0.6363653559116287,0.3983206167606177,0.5910910992126853,0.5349066099694708,0.702835370583879,0.5792975317915454,0.6509310770722911,0.934578095010811,0.7094863381049409,0.6487444928655464,0.8527454227628772,0.872071221747564,0.7537380807341156,1.0021856208316213,1.1073029289431597,0.9651916573126378,0.8352797524543377,0.9710497795799029,0.89056478556031,0.9905495373603316,1.0072630931722262
323,0.5364434090879857,0.8210301928555754,0.582410067938833,0.5825679610675086,0.518263190754287,0.7019837963944265,0.7619683133865289,0.7058420023121151,0.42664242598589835,0.5209649622863901,0.6202642847706826,0.43456282964802945,0.4867843647893426,0.5290147667742423,0.7449243879408802,0.458401560538282,0.5522355880725605,0.5068235610677534,0.7137733006570388,0.5635033675713174,0.6751091052104097,0.8035824008731034,0.9217899196181552,0.56431692495445,0.8539726107567743,0.8449702383844988,1.017400703522916,1.0119817204247004,0.9192232145894399,0.9265711506096905,0.9405584948816446,0.8279435763870775,1.044842895914133,0.9600238159329753,0.8931375162756454
324,0.4259942444342837,0.8832313899378893,0.6589090523905146,0.4741182928171779,0.5029905843987708,0.5853129750430861,0.5163979879630372,0.5141049262613504,0.6182938756860122,0.4128782755627576,0.6077614462514985,0.45074979757814104,0.5095503355197363,0.4617101861030475,0.5726008162342293,0.38192599395146387,0.5726074730252396,0.5849696762690311,0.6057972159311805,0.4703593802208159,0.6166639880658957,0.7390953774826265,0.7522487368313806,0.42631523766552776,0.7865100254878654,0.6959567427472706,0.663399949909147,1.023662484588461,0.9277123314165385,0.8292902236853625,0.946198001556522,0.7402643231381444,0.9579194710683805,0.9688319080118677,0.8779436089764681
325,0.42867966267686136,0.6651502407258438,0.5212571642870925,0.5693870543351707,0.5950420007903902,0.700978226965072,0.6847747439989935,0.5320852411078272,0.4927147104687784,0.4215083207785286,0.5443520659523478,0.4172900512781743,0.5378858430726212,0.4962959761267735,0.7207594020482124,0.3611522229125985,0.5932745709946734,0.5705960694806129,0.5575687127796196,0.6175170770808368,0.6511833364558546,0.5183769214354559,0.7499890614724998,0.6504962315574545,0.7823864341710082,0.9195607145130539,0.8881358087778075,1.0650400281410226,0.916799369163571,0.7780861175347014,0.6987952816488807,0.8055122899250706,0.9460535908837491,0.9938053598154403,0.8305557392369789
326,0.4146777354587257,0.8041792221990496,0.6862246302820276,0.4381402690584037,0.6309716214955458,0.7269562116167128,0.6485103139547042,0.7010142902182726,0.5065014089643051,0.4899443610703689,0.5177116991819606,0.533830704970075,0.46497479902711236,0.492308172300105,0.7353785311629413,0.38884682761868655,0.33167495922861917,0.5928803704017571,0.5932125963180659,0.5607370582429815,0.6450996068093915,0.7229721207050379,0.816101138259298,0.7062144717009871,0.7570897309293819,0.7318359527524227,0.9541722579104192,1.0562952004627366,1.1018069776115527,0.9822451250172097,0.9354134381752621,0.657738193282327,0.895778536821108,0.9207261373727085,1.1156000440829026
327,0.6007849048802607,0.6489725907920754,0.536361444962006,0.5175692060346664,0.5353915670902647,0.5714475241144885,0.6043351223139318,0.545207100709346,0.6261314441986972,0.4389710242620655,0.5406938440564659,0.5051531340445805,0.5556574165741783,0.4605415265472935,0.6530578142558622,0.3644928706395716,0.4442016475915354,0.5147571300081185,0.6991618761292399,0.48631040373959156,0.6490165924470259,0.8313276701928368,0.6914383830103799,0.5460312165014187,0.7614012638585302,0.6697154000307792,0.9007123587448602,0.8970903701397938,0.9309970330520371,0.9091420715656934,1.0170965217961878,0.6956737441420549,0.983512945820955,1.218922684944105,0.8187770205113892
328,0.3885463770243502,0.684211994422476,0.5642104182580616,0.603857332299545,0.5805053211954605,0.7536458960599544,0.7463714386295102,0.33542586668078955,0.5711357058972684,0.4836086981026652,0.39052954160209374,0.401717641867699,0.49637387198653754,0.36486484886862214,0.6493522380572254,0.3540220951856447,0.4809277087956303,0.6379692493488758,0.6466902854965063,0.48876137028633027,0.550793854738981,0.6274888852124977,0.6615259778633389,0.6236792661684465,0.629491967417249,0.9169434253456421,0.9429190198172105,0.9209924660040738,0.9897209789402319,0.7460766476525211,0.8613265188291873,0.7679427581884312,0.8772443663578253,1.1217965910637182,0.8822253168365934
329,0.41977296148139365,0.7340216261519117,0.5810906814348737,0.590971669112912,0.5231270866455984,0.5591464126862866,0.5399403243578177,0.6573184102855483,0.301886525478979,0.37739952847369174,0.5319858936210943,0.47562485696181545,0.518854062745185,0.45399211337087775,0.5354238475308518,0.4133289689638056,0.5034243789942946,0.6170429760766419,0.5981643826578883,0.5297326520639968,0.48058784126285425,0.726939387400531,0.7602243609400682,0.6503207966993775,0.8343128393971733,0.8535175132501462,0.817711930298713,0.831338352689529,0.7892114921381655,0.9888523288718449,0.6964008950995326,0.9043134704723785,0.810535715545032,0.9687914719626984,1.0589161920519095
330,0.40087933049734403,0.5383294859568226,0.46602949356731893,0.6618617804018423,0.6880868070243635,0.8009446586940487,0.7394929867436879,0.6583572338453113,0.542406768104226,0.42354735433349056,0.4745620798012639,0.41349216940253564,0.37613949881915004,0.37665234353729227,0.6520808721881224,0.33648423061221644,0.6327258542936001,0.495620487929379,0.6722770021547637,0.595994785893974,0.5012491630727447,0.7006081704437737,0.7787913105323142,0.8070764553980623,0.8857124130929649,0.7680970083997775,0.8045480492892606,0.7547216350500523,1.1338934710977304,1.037292558995513,0.8927230054177875,0.8167119027885127,0.7456338777234656,1.1797087433643023,0.9909027159408641
331,0.42904654043963586,0.6143653836183447,0.5791918701462214,0.5977587131366985,0.48686898059385436,0.5656218333652856,0.8421658254818295,0.5896296835954031,0.34719256286037986,0.5211837440265707,0.7092230048694846,0.3975791688347726,0.5599155564308889,0.5229784997142168,0.6257333273859098,0.4012980622635046,0.7199202606102132,0.44313799526305325,0.6236661095399543,0.6118527329039609,0.41810897716224854,0.7799283927402405,0.7107974707511726,0.7305596495469178,0.8161514526526702,0.9200929814173991,0.8314964881723785,0.9158910630576043,0.9190039716764073,1.056981889175908,0.95496390643771,1.0192817960148974,0.8845507290631333,1.2147158837029046,1.1391330575005176
332,0.4399617425609125,0.6005998829576876,0.5045217745992955,0.46817238713603354,0.506355423261488,0.5886914900811238,0.6544338287350512,0.4502747502597426,0.6311068948323959,0.4876631290497593,0.4337443003936061,0.38465352784336226,0.634214675413441,0.46108922051129275,0.6113322837246657,0.3105264349307943,0.6026784113626886,0.4676959097944992,0.6061636796580139,0.5892885452162797,0.47973022053050696,0.9682250917832346,0.6113730116407696,0.7231571091626632,0.8210196189622463,0.9232035087895342,0.9156262915877855,0.9137162836244169,0.9576612364279384,0.8607388019797981,1.013920790386265,0.843956411289946,0.9290926205381083,1.1833131621891622,0.7443509590144618
333,0.45997415503501976,0.7055966518149357,0.5640566087876631,0.5857477522955682,0.6250175803737825,0.7072102227865082,0.6549559574175908,0.3397511990341283,0.5893958126310542,0.49499496902693013,0.4859403731764472,0.462867960376407,0.571814310092857,0.44654465343736016,0.5606304741003592,0.3881100938556612,0.6272989630091792,0.5780411581193996,0.6552175149968517,0.46287985588689373,0.5284687515536547,0.931075378212455,0.6854685584601645,0.5968099608132821,0.6965438301032176,0.8492029542601951,0.8232011396752983,0.9735013804893653,1.017533437439405,0.7295755490801854,0.9100228714025842,0.8674787571441509,0.7463749823740651,1.1133109802222643,0.9017904890635234
334,0.3324569503646281,0.5020043310799396,0.6042800547420218,0.5229781492752353,0.48406849610877883,0.6953988857281997,0.7852636877864951,0.4757345593911507,0.4896252379339645,0.4741665897183431,0.4483130282339114,0.4583915355195728,0.46089450460400094,0.36092018465687015,0.6913322252044515,0.37792123323127935,0.618371738977873,0.629144372786054,0.569447769137434,0.49200395330264746,0.4996131585793411,0.6350567308043812,0.5916964052401967,0.6326702446803621,0.7720793859472082,0.7555868738376681,0.891118701207738,0.9447324731291529,0.9701274234185716,0.8589646834203658,0.8576896233305142,0.7351864130012887,0.8186176927408199,1.1134180851979123,0.9770081831308618
335,0.3758828229055885,0.7003621335957387,0.557874083545831,0.5825125722288526,0.7521862207642724,0.8503264520363454,0.7517186793069344,0.5483339336020835,0.4806023358137274,0.5403312182978182,0.5431566257495644,0.5532910678331506,0.44730554839030884,0.5180085659136877,0.6985000923520591,0.36857452015193953,0.6922139841886621,0.47118059321436967,0.6176093176112475,0.7038209198516903,0.6542447053529281,0.6311465010392484,0.7247240378129345,0.7042611928641004,0.8091514197405512,0.732923794753039,0.836024231696825,1.012698678283963,1.092440869958741,0.8872913438179133,0.7789771467720552,0.8507992974655838,1.1284975027501556,1.181759026511721,1.0252400681895382
336,0.5267790074421201,0.4446400690425435,0.44078193068654864,0.42183003394954566,0.5671681320218634,0.7175436571643574,0.8115248813652352,0.45988632866891643,0.39877580562756115,0.6859389695048392,0.21156289566029116,0.4969308936113572,0.4554140267667821,0.3514966779467845,0.5649596403874118,0.2673381991154111,0.6629004723374381,0.4001961887151717,0.5368191673878425,0.5766885151271391,0.6788010973876173,0.8642045408752035,0.5948643294287259,0.7098365805070428,0.765192022517012,1.002408160914929,0.9696968258220409,0.8654560770865869,0.9419413832187051,0.8316591184984093,0.7339153843409508,1.0054152116369,0.7349137169900117,1.147967560272631,1.0308413368950529
337,0.4536921510066163,0.4788921093974817,0.4195793946500467,0.5981070163788518,0.6852139400541679,0.8475440415907334,0.6140272594213088,0.6470648352256749,0.4872721620235858,0.45579813047502105,0.69663672048131,0.4855226588513595,0.48810905921612957,0.47971103276954286,0.6992948288024552,0.3762745576551481,0.6154539887065222,0.3553660084777187,0.5528820499809619,0.7502363144095553,0.7057501997851368,0.7992905158345748,0.5101035370886865,0.6552982851269223,0.8568151333331624,0.8564274948477335,0.9935952478515369,0.7718760679495235,1.0828855125720425,0.9718684962226545,0.8519046288175979,0.7785004803709237,0.7903064856686748,1.028106730557602,0.9420256739079655
338,0.35060933358120316,0.4714733503277764,0.5641042876476249,0.5891308290151129,0.6686707786150177,0.7910500808867232,0.7556780579955223,0.6252235704778104,0.35466136234198686,0.5023868819251182,0.5063550313418845,0.5809490762883139,0.40321006269405707,0.3937511339987286,0.8048363298672816,0.3653717795059925,0.5559501009678718,0.4290664694176431,0.550870490124131,0.6264075312232493,0.6847244804200237,0.7506215808499885,0.5374635021800389,0.6069255711691777,0.9377882663676079,0.8106679813403914,1.001318078613168,1.0230761654659375,1.097932888953922,1.0381535261085424,0.6653083394795106,0.941202405747245,0.7223406899405475,1.0554653037727864,0.8711371907815457
339,0.5100804940746352,0.572071352357548,0.4819826726580784,0.6741555585841827,0.7073667728766302,0.9201475297396022,0.7563309249233823,0.671585454129466,0.5002730914998477,0.5567704619066681,0.6489427128526666,0.514352544429491,0.4922803151647842,0.3935900131008452,0.7699005768391467,0.24047604605178527,0.6841984265606472,0.4094064436605848,0.6078351830478385,0.7737254930622981,0.761677568192922,0.9639557888817363,0.776456948435769,0.6615295619244334,0.8949320709811702,0.7281071551889167,1.0078453847442819,0.8672021449201999,1.149581499703685,0.8983108632359382,0.9106889324092153,0.9389530372487415,0.8098163434390611,1.0226601084368763,0.8750636084420745
340,0.38920035660707525,0.6510897235488178,0.5968496918235378,0.5264749655295291,0.6157195486773707,0.7219827448524123,0.7266142394324506,0.55050227498486,0.4958919396534326,0.356117942310911,0.4896769949920682,0.5165786605757987,0.49696047898992135,0.3867039884968072,0.6858066073535577,0.3375088938720355,0.603836616830212,0.3360515918638198,0.5963962307175377,0.5043115510212044,0.6094770404134457,0.8988798324494811,0.5511953041957625,0.8031310937658224,0.7891166439409459,0.7078292880964525,0.9159642813785753,1.0466593944298903,1.0324408854857867,0.9114001545623607,0.9308490079976977,0.8536816340323399,0.9291156173338073,1.130652593694809,0.984673584509493
341,0.4797636617701843,0.6422380413474761,0.4977992740686689,0.6776398102772871,0.5019318653500847,0.8506822041933726,0.6987005083427874,0.4414190436325597,0.4901203036086549,0.3834039888238443,0.46117820639591156,0.46455054816096486,0.4287210831248807,0.39817318536739044,0.8100783591326093,0.350720027657432,0.7794753088591041,0.38294804841047114,0.48355934713854754,0.5394749286081573,0.601634191748015,0.7074346957662092,0.5742344813828562,0.6680114936514343,0.7406529607610418,0.9352705685200224,0.9905128305915061,0.9335915513029115,1.0226267142119074,0.9661137212852261,0.7086592186493414,1.0240150789453275,0.6922716377824201,0.9454689060093798,0.9159908765291589
342,0.44644583431352125,0.649523723856547,0.6429111093416269,0.4561237638294431,0.4827693631709632,0.7661333757051916,0.7057896138889038,0.5478176880039857,0.592774910150397,0.44986254533909975,0.5123475477255385,0.4393918172311936,0.5346881129520564,0.5791605621209404,0.7126823028156759,0.3492874879445572,0.5115809859469265,0.5889667673191596,0.679905226162544,0.7285950212741449,0.5814090536408754,0.7933788073716578,0.6113590310636591,0.5584331947090937,0.8667822286071551,0.650611353267482,0.878451167297818,1.1228053946512002,1.010993388907703,0.9997326104998867,0.9383778061284352,0.7968082039265064,0.9993278527970739,1.2252305303316293,0.9885184221507103
343,0.4107311413934994,0.5924697021034413,0.4808738372320027,0.5975054407423175,0.595384882631472,0.745399495173771,0.6964760245098761,0.5713254708491239,0.5260643809620055,0.4198712214351923,0.4696862583815114,0.4406978242673433,0.43692613695181837,0.38664930420297,0.7358401701440958,0.3924580485628906,0.5776654446898514,0.4616751306232044,0.5551326832339534,0.5831684394210297,0.731464279675536,0.9113125446816546,0.6090859072080517,0.5421580416171876,0.8950679371518568,0.7697739753188133,0.981987878275411,0.9145560268052229,1.0587585949211449,0.9042939968360435,0.8854472589300344,0.6517638671823296,0.9724146004467913,1.2113122653803312,0.9086584184791485
344,0.5635397914409598,0.6254816297564078,0.5060866708337763,0.6114730463997872,0.5238838920408284,0.6516518163660762,0.9291730225928267,0.6128314867486924,0.5094177719129525,0.5145435678355106,0.44221845966450285,0.40843748658731094,0.5279838868224827,0.3785664790909217,0.6659518554311298,0.3988234449769085,0.7294322617764927,0.5121098613788931,0.5672032618090908,0.6763158309025571,0.46267123972411445,0.7684217825197281,0.6481786411806454,0.7469478550805575,0.864146350129444,0.8581612060648998,0.7869270424412295,0.8333860471200114,0.9877236969883879,1.0564872989372407,0.9396549111324634,1.0247165377999439,0.9533603829252204,1.3033251521665226,0.970794553948191
345,0.497534207409617,0.7360992822385278,0.5304860319838014,0.5363261772169559,0.6012792483269057,0.6110924712378226,0.6078694646076996,0.5408868411049919,0.41816848265456374,0.48881216301327307,0.4329059124463045,0.3952701937352119,0.37822621612099167,0.40972926719521485,0.7345617166557163,0.38088052337327,0.6078935542073796,0.5418257689832409,0.5618857579956321,0.7880530237309487,0.5707345737277607,0.7697208721022823,0.722957117191793,0.6270327808116716,1.0374841702978304,0.6602533936304653,0.9137017940231276,0.9878190545400269,0.6945751735006142,1.0183444581849603,0.8640245747817479,0.9549217718335868,0.8756169417248576,0.8570881478967816,0.9638379744347536
346,0.3997973691703219,0.7464701172193341,0.5753861537922067,0.5681839409155891,0.43855533487939935,0.6732893448620606,0.8160743653763359,0.5972339985774927,0.4684626041108335,0.5301693672154645,0.47677862013921934,0.3675282912612363,0.46353749299288716,0.4840460259832099,0.8342535568136817,0.41084272198423966,0.7122659983320894,0.4018087097448852,0.6064356248969884,0.6334887668997173,0.4862653445365398,0.788888300479553,0.7537493773579713,0.7273078506341832,1.047797844355415,0.9748593203877509,0.6779489017419988,1.2004730851973373,0.9443085037948888,0.9142371299704128,0.8858671592055515,0.9088222237319571,1.123572550991431,1.0797181868388976,0.9744001964866589
347,0.4462701104881587,0.5459779503874806,0.6444187288784025,0.6338002537204385,0.5942745651329304,0.7237677358460135,0.8161211537274577,0.6253630282917517,0.543020638278536,0.5037680831348024,0.5157638352693228,0.48940443078035334,0.458663803364886,0.471027553601168,0.8230657253255509,0.45382807112501594,0.6927351387589766,0.49867741859802617,0.4751259717874966,0.6737030474102697,0.625051001335858,0.8420023510448991,0.8266788513205445,0.6591982626429652,0.8555275421827564,0.8510785099759783,0.848437270439098,0.9104503567090309,0.7551524104079981,0.8937152842958378,0.9184970566681585,1.0844644614005086,0.9616710189000848,1.1054620150411731,0.8281581830361553
348,0.47230925118097433,0.6523368812343939,0.477161858204202,0.6667657903291464,0.4749470684859767,0.6526034919420391,0.8745980284149956,0.6395278716071732,0.5473756314987032,0.6196373849731018,0.3988886914521071,0.38289821822714476,0.45746564544816465,0.43581032849962825,0.728602435329548,0.34955684361125516,0.7487042772459427,0.38241801635466277,0.5530435052344893,0.48723233234500124,0.5305870673449926,0.8247188891810563,0.7985067911610384,0.621199011404525,0.8364616812590845,0.8363460119108446,0.9681480065080441,0.9074493831636892,0.7697659464438757,0.8204385595298009,0.8417672183261401,1.0414004970531117,1.0046126429136628,1.0434743009939003,0.7105192623497524
349,0.5063868567538437,0.6472281598826496,0.5922891029435726,0.5353003372575263,0.489421279857976,0.7255784429807035,0.8386903544415338,0.5663383385424561,0.7052581370174493,0.4761426195238643,0.3555380815408944,0.4468789368947433,0.542497839815573,0.40673999157985796,0.7452236703003907,0.31352034753900304,0.61984335492791,0.37640981091144854,0.5099285455316532,0.6263252814208358,0.6368320774407491,0.7726858028642394,0.7852959892441953,0.7258767050480563,0.8682273978132573,0.7745463590505429,0.8857986664565239,0.9244201455601906,0.6965778121818549,0.8846456475746134,0.9713798344453631,1.0322413298048065,1.0071451343472944,1.27427426885669,0.9435529021479393
350,0.40029851531752286,0.4439197722703994,0.4626885012937454,0.6182148223478963,0.5404433306437517,0.8314409176219542,0.7919422588069881,0.5238423310095799,0.46294381907338567,0.4878262360133491,0.3375424494099833,0.4095320130191545,0.5207477461329093,0.3476686323288352,0.645646717711472,0.4136386754672753,0.6482506646920935,0.2567247969173909,0.4998794785451472,0.5253170834636981,0.5447122940273532,0.7056116381475795,0.6602660078904092,0.532251390715846,0.8967537473661833,0.9249103746377056,0.8842694864834245,0.805933761035424,0.8864653493453583,0.9042848695299817,0.9617843006545095,0.9300629058550374,0.8573875880122052,0.9772036458853766,0.7956788273831215
351,0.4080248399256595,0.7403941557349785,0.6480904993372334,0.6697359656753719,0.6827469047831112,0.8352200274155959,0.6985773971901581,0.6373262675699286,0.40990937404821715,0.4187949676505598,0.3951826220695134,0.5347336490661467,0.41376056904946196,0.5723040358824669,0.7664692636624979,0.47478625497510707,0.7314385409559956,0.4250839392041733,0.5588847283464311,0.5806658645086015,0.49714930971538634,0.8103009367631568,0.8022475201336546,0.6419197252519802,1.00857953665566,0.8604399613964918,1.0284500625528632,1.017011680791525,1.0457161088479459,0.8760883521636054,0.8346464461650804,0.870932205241066,1.0681318831500206,1.0911029669201469,0.9043060370520448
352,0.4471366972226846,0.7235619368691715,0.6224382096501162,0.6527158387083776,0.5792325001900905,0.7411710099322488,0.8338196692800013,0.42105299574608573,0.5032944279467728,0.5142038324345015,0.4398722697355375,0.3719997487229234,0.4526171522803383,0.6009157104161509,0.7052843171204599,0.3961283345917913,0.7046063086360841,0.424027088283202,0.4775091786834557,0.4979443285823821,0.5193908774039515,0.6815932330519288,0.6927199401334025,0.7011997110049026,0.7824804209542182,0.7723397906493994,0.8030394500294739,1.04058862476441,0.8859963637907403,1.0439083861164675,0.8198594002532917,1.1099311806429535,1.0928254009447746,1.0731158553226323,0.9378709830541553
353,0.3890819797096084,0.6403486818947912,0.5947436465644758,0.705674462495226,0.5724391100373534,0.6151205790885301,0.6697276755586845,0.6340418585559471,0.5708267039314887,0.4924217329124274,0.49853804119213757,0.5001561097424883,0.5032548156084304,0.4548367002459869,0.6604971810235591,0.4221670893215689,0.7833443246727773,0.48217044729730296,0.5239408382692403,0.5652890374054944,0.5402196646943829,0.752216483626756,0.7537584851747445,0.679572936752278,1.0196450213893653,0.8558585623992755,0.8346573580543811,0.883537691943235,0.9083096444921464,1.0159605029864682,0.7590820615680329,1.121077203497678,1.0035804507571564,0.8973699740094875,0.9912774212173425
354,0.631024138365307,0.5965049554996995,0.4842254664186557,0.5551264846321805,0.577786008675977,0.6759514659323356,0.5269242508225467,0.5758829664892596,0.637795352556664,0.48453932501693486,0.5221200545378238,0.4085955513793491,0.588305908070325,0.41090574444721906,0.7526470426377305,0.29057171650837055,0.5538664774541371,0.3242067758011961,0.5326357006383433,0.4799316559276895,0.6165626774183612,0.9751029530375179,0.6035274293376485,0.6008320211404818,0.919329015194133,0.6298797516735578,0.7265920879533725,0.7695162965780487,0.7239174011738514,0.9654835676772084,0.9037822238261506,0.8222732741426639,0.8331086253586075,1.1371462577960139,0.7981186983873441
355,0.31209525829542384,0.6522484348393097,0.6039302690704583,0.6004969887462157,0.5222298137502783,0.7099711663339092,0.5961490091191901,0.6956508448630265,0.30093890036401166,0.40123374947691615,0.5718434491008502,0.5472568951699062,0.3950840249995312,0.42054677255724043,0.7615961620583361,0.40840053842105845,0.5633208994302392,0.3630218440835741,0.45277886071529333,0.6020217690688152,0.5771934016040778,0.670789498461182,0.6989125024270347,0.6020716376523825,1.083549709815584,0.7305899176944373,0.8445336278622304,0.9290355070673605,0.8763406369375445,0.9186205025541623,0.8342760881772306,0.794204485446256,1.0351721927206787,0.9061364702040673,0.9698453452425371
356,0.43691637519200044,0.6456035667955466,0.7030943939191512,0.5771703359353377,0.625935156724621,0.6656468102315318,0.6394753734821326,0.5605046165829264,0.5352731966795797,0.4238474246850655,0.5555310460148698,0.4642053342944381,0.5189938966515639,0.5230473842147709,0.7228486700138265,0.35027400158525174,0.4571739500019389,0.37247429762895234,0.4952163076333001,0.619014197056613,0.6414600998390729,0.8224319217179072,0.6544960055788223,0.614246131629426,0.9204602586638875,0.7100084728422791,0.8342936326882806,1.0235862253341372,0.7464746771771594,0.8088805070668569,0.7266849212402997,0.8676321258447666,1.0405947285932045,1.1481246285777247,0.9422938975861681
357,0.5811962859249695,0.6725285682137342,0.511925299595221,0.5257443573684193,0.7137763950598617,0.7963472049292548,0.5977133055549106,0.5205123649119462,0.5912208414384923,0.34250052346149007,0.5420314239770838,0.5280102904533844,0.5375278107236834,0.4879529051082367,0.807659163796393,0.38816575441660933,0.680208220876996,0.494277662878699,0.664582627430079,0.7204157065353703,0.66961862775426,0.9826503221010023,0.6113035017070532,0.66717272774518,0.9867567428420327,0.7130199288879057,0.8670634877472494,0.9458356076296651,0.8765364840342955,1.0031682721431452,0.9586234559097282,0.7105845979707899,1.047037753964052,1.2137569525271141,0.9756236413722603
358,0.32245944098315144,0.6029668364590507,0.5712657854927932,0.5111229960932179,0.6481305638637186,0.6256573736645924,0.6863510337888806,0.37014982496525295,0.4131196380851637,0.3768570128437641,0.4345931510786246,0.3885984181733347,0.3518086720254869,0.48418506029380237,0.5332648649351175,0.3318948389874451,0.5025945505282411,0.47117071978828173,0.5109315883126286,0.5248667204190138,0.48258871007798,0.6660959633211196,0.7200101027928719,0.6622716470425712,0.9548892490243035,0.6578423547004961,0.7822876031934376,1.1930738844296105,0.8614585868887379,0.8364318475632926,0.6469472435759538,0.7298317641865555,1.1158926538683402,0.9246268344597062,0.8154105334251553
359,0.4423896789336957,0.7779767478310072,0.524854944877365,0.5674697677674341,0.6119129239880378,0.706493743893495,0.6647782742302236,0.43710082264686545,0.5510727989325603,0.5527644607832245,0.6667049409269017,0.5306934576617475,0.4926522845004904,0.4705554231885424,0.6480310258233506,0.4427031137334874,0.7653438487418096,0.5016744490485656,0.6577923123107514,0.672576498089338,0.5590922519501269,0.8208412421838478,0.7290509235780027,0.5777787222680577,0.9743036806132377,0.9149748410735633,0.9727014766352675,0.940388346771468,0.8224497629446347,1.0633406427133392,0.7954604293127093,0.9341402100423543,0.9525910913252388,1.0555305039824796,0.9892873623465188
360,0.4431800669733398,0.4677001128875608,0.5573977788527251,0.5276392382527932,0.4121733024589478,0.6206334748965849,0.5443990344122102,0.6211864471776791,0.6333894170627449,0.4731612680345618,0.5617503567741162,0.2697558717021986,0.5103021034653348,0.4865040482842825,0.5783059951289158,0.3590096829348186,0.6807697379863353,0.502179468279738,0.5322150957884917,0.5363714973855019,0.46264147546721457,0.8416822087717051,0.7661710232940139,0.501038961242366,0.8363557808526672,0.7146084902845219,0.7000121545035238,0.9338449505360307,0.8150725077431974,0.7564604798171605,0.8185359744887584,0.8475370932897699,1.022218193646556,1.1378591148575192,0.8554325869648228
361,0.4721773872269249,0.730640364851121,0.5488128511497938,0.6427318827677679,0.5281600151750613,0.731043489542864,0.7906664616988575,0.6203304119757489,0.5718990823717925,0.4661443717569672,0.5326165604253171,0.5772520024763981,0.4716861411616883,0.5352182792747228,0.7298217620183289,0.38397024262264356,0.6758085150611626,0.4859829724909522,0.6270800381062152,0.5944761031658445,0.5871523538378642,0.8819383440996945,0.7371562485263852,0.5820404566761154,0.8649721928229248,0.7651416983915325,0.8970504977449135,0.8919672911832881,0.9888080311350682,1.0125006251196937,0.8141034218263896,0.9088797204945919,1.1176133142628009,1.1440251333593885,0.9607425979704031
362,0.5352128766828327,0.5497543287362638,0.5605145373038761,0.4511555898885693,0.5264446709930758,0.762879822086924,0.732407841545188,0.6427209289150149,0.606005893806655,0.4451540165810674,0.5079698238509474,0.5071215236437695,0.4584155366759838,0.46388512938705706,0.8144362391640287,0.37386402050803613,0.5389141857389057,0.5996018215833725,0.6652519714149289,0.5534825670272752,0.5807302655385349,0.6649700945654293,0.6405529311432756,0.5262835121445044,0.8697830933535053,0.7390903039803549,0.9216357709584212,0.8590031061990221,1.0800518738284728,0.9004828444968123,0.9884223247515158,0.7853713351701624,1.0164510259246278,0.879187054105561,0.8765913245592759
363,0.4991168779959615,0.6574448422544481,0.5340653467701035,0.5823776221080659,0.44556840356306726,0.633473492431577,0.6443186039045699,0.5196130775298481,0.5046140929070818,0.4270612627294484,0.5378157305145207,0.31626661071752993,0.5632234664083469,0.5134136138294756,0.5955150004362092,0.3740526220531879,0.4589197580496547,0.36958226462942734,0.6223280975378377,0.6209014655636692,0.5285008569295786,0.8881464710907341,0.6892030998052435,0.5911192589805865,0.7318597234824871,0.7668200458031846,0.7967259219282534,0.9980103301496074,0.7519136386076666,0.8106983026030952,0.8503613389541029,0.7677614911128265,1.0698638127108693,1.1570953140121405,0.8106402649761855
364,0.4513061315508385,0.5720590979173474,0.7485518106637201,0.6062261612383482,0.5458773512831921,0.7087468740489219,0.6609354118662024,0.5236223007431824,0.4969793523815802,0.4552176153864217,0.5695409693407905,0.4463969212498428,0.48080924970905803,0.539224525965446,0.648076197109513,0.24303111640495195,0.7518806701647951,0.4957146927459519,0.48791528299950376,0.5763904015243859,0.606450829481179,0.7853794489715356,0.8209584634542221,0.6567424411314581,0.9435848823022094,0.8646834572535137,0.917285189261811,0.9859038561945259,0.8271131013635354,0.9760861881451413,0.663890169476359,0.8504167878054392,1.0672347399512745,0.8367738238645505,0.814164642312396
365,0.39273705983889395,0.6411045230777008,0.585169166554647,0.600587375414996,0.5933865408395649,0.6637342497629508,0.7105939931725498,0.6746468170131146,0.49232456708388506,0.531451602167462,0.5237970672873213,0.46260565632692924,0.4994544911211421,0.5870961389314421,0.6497526940152327,0.43702771014349595,0.6267933514557831,0.4580751677719038,0.6207806852288091,0.48372408750640766,0.5428876802919405,0.8794058819082742,0.7258357905295054,0.4913782882290514,0.9435158315928251,0.8163544605316272,0.9547529705498174,1.185375956205083,0.811730831518751,0.7899327753300303,0.6853487265071294,0.8294159842354101,1.1779624105070046,1.104688598857715,0.9827146562564302
366,0.43358143508957003,0.6558705238008118,0.45826819588438283,0.6220888115590422,0.5574324383776237,0.7452620747530535,0.581630198185391,0.6240571328378504,0.6118772833684063,0.4912354594710007,0.46911900776446475,0.40882291129559084,0.6531693926552607,0.5107351252233403,0.7970742830980088,0.35888948727036535,0.6834972480076582,0.4899204606701052,0.6009504685123875,0.6292721871441815,0.49087072451561276,0.8545722321401361,0.7179988921851272,0.6227664515764053,0.7399081944095878,0.8371083153383476,1.0389849482329574,0.8149665943751911,0.7001580858592001,0.7089429934400615,1.002953435519979,0.9765352300120576,0.9286239294351268,0.9698950586798651,0.7531713337682981
367,0.30614628254724874,0.6642170513288165,0.5005055177864997,0.5853845987239578,0.46991412368336116,0.8030273103395088,0.6533335576811364,0.491004839525985,0.477355623780657,0.5400962354973597,0.593506931675804,0.5447287261942393,0.45805822033090227,0.4252100252559528,0.768000466995241,0.27430531057315855,0.5144011153872583,0.4946347194614016,0.5575227627506856,0.44231726957246303,0.4508199179777189,0.6050003602652916,0.6331158612561794,0.7229651258934586,0.7370321212299157,0.6959803030548868,0.959442684972975,0.7929421943887005,0.9595947106638685,0.8491554467603392,0.9041323484613345,0.9201229761189396,0.869907437823952,0.8545838786374619,0.8677628963893727
368,0.44727732951932087,0.659599201963391,0.4579783504625266,0.567094973309383,0.5855077205488871,0.7090349496222573,0.7761997504241547,0.6309415088774517,0.5848454836243759,0.5194113207082269,0.6776878182108326,0.4671174954928697,0.5582240090111197,0.38103174709208315,0.7185052224420571,0.4221861626669851,0.6978152733237655,0.3857693062075829,0.615015116312231,0.6089577259271712,0.5505186536704482,0.9317102194656477,0.6485959779898582,0.6330730747632217,0.9244100438301527,0.9341622514523219,0.884507970518895,0.9627422930057747,0.8577637006452389,0.9827131328379628,0.8189999009011043,0.9293184889511009,0.9216241865440393,1.0721523857621924,1.0263753294639089
369,0.48393365966222057,0.6420406351804993,0.5544561025748769,0.5457870526447468,0.6353707241729527,0.6616168560110416,0.7352217076354299,0.4770666099732473,0.5731144525897933,0.4659330074381256,0.48496160931551646,0.4737146888839856,0.6103173644131379,0.5587756835217057,0.601046972356631,0.32714501074340907,0.5559785387856216,0.6283891015480232,0.6448309215211366,0.509495765280952,0.5208843835791254,0.9024781063067209,0.7794161311509591,0.5675051538729836,0.7561442315470797,0.957047752233591,0.8454093847523683,1.1374702218359771,0.8547014360680155,0.81193342250306,0.9288994705520544,0.9311669812836354,1.0818231621741992,0.9504625559091195,0.9225525430249943
370,0.3471401861750031,0.641265855121968,0.6063795606895406,0.4710864484916586,0.5390625579038634,0.8542472415480931,0.49886102179800973,0.7385186200608687,0.3825842404188481,0.3762656493681172,0.6607884840543142,0.39983462492387606,0.4489288085329991,0.4620086703844999,0.6115310368472142,0.4408375684679723,0.5843029287158252,0.6440923536608646,0.7156603582302334,0.5663969132473167,0.6435960093586155,0.804502354920366,0.683228017943601,0.559013188911524,0.8787316473878813,0.7484843903810878,0.8737076441983407,0.9666326329666255,0.8936650463128294,0.9635164660128754,0.8097994246982251,0.7646887147363631,1.1005798810029859,1.1797838623220311,1.0374268468618266
371,0.5619315525630909,0.5868387644239144,0.5318647151966261,0.546755295719701,0.514665499297348,0.611231593905497,0.6740241580784329,0.6911506563357654,0.7033119041552023,0.43253038908642827,0.5650155746453627,0.39987732844552204,0.6309735927687558,0.42025461628478955,0.6057650350107093,0.36343329041796857,0.44143364199033447,0.5771965096806497,0.5935639607644738,0.5891791083228368,0.539595506216431,1.0816065111159223,0.7076853445242397,0.6492538569688948,1.0482162043964678,0.8178270550853369,0.8388659516383137,0.8291035194869574,0.888120181944406,0.9199080963105717,0.9369511633564017,0.823541307852941,0.8446378057467454,1.0439838671723873,0.9662698490788539
372,0.569171051811068,0.6368831387744905,0.7387961894191738,0.6451456675014093,0.6428321320240034,0.7661292033678804,0.7952872862214927,0.4923210319504058,0.5655990448195931,0.4910983527078149,0.45552584905244964,0.4398996583584116,0.5189010017840967,0.48583953101477534,0.7009196453663193,0.24451227464705705,0.5759603600805495,0.5143194064072787,0.6311792210098826,0.5546405383818562,0.6592277642818618,0.9037137175316636,0.7072608329037702,0.6372878717837037,0.7677381436606612,0.8419645549444998,0.9000940260794361,1.0030049778947014,0.9528932012236289,0.8667930546272801,0.8190036738992288,1.0136573991560682,1.0145579212799267,1.007079214859583,0.8162488141258928
373,0.3175801292418693,0.6195482526353684,0.5440108667219441,0.5599837772941922,0.6645069369202692,0.7282160122500384,0.6917534868430758,0.5382727467909982,0.4237568390466151,0.44232625837950296,0.5940248055718038,0.4956625330853282,0.32565135562490033,0.45199488827962864,0.6430414568381897,0.36307202459959703,0.6071941435337911,0.5594512136813437,0.6122450559242854,0.6251015826852416,0.5957049007992317,0.6237546277365427,0.7130591852687995,0.7208928657387335,0.8937857928693462,0.8612545231908078,0.9576941713082545,1.066417991342858,0.9853464744401572,1.0130560313630468,0.7806914144482557,1.039291359325194,1.027276457314613,1.0170578582693375,0.7852663413014469
374,0.48663794963211904,0.6196156456271464,0.5165344364238766,0.6193885550042325,0.615229086581997,0.7638351135158408,0.6980338113974623,0.6755114508378063,0.47757982385812325,0.5247719326102327,0.3781362170190945,0.5630743539711014,0.4386156242182245,0.4350673342632957,0.7982505300052627,0.38564101775266885,0.7341647291615276,0.5702394848649557,0.6915560953348432,0.6209688001103593,0.6467117979484645,0.8089192162932064,0.83768622436484,0.6398640019589821,0.8350884983142965,1.028695557002709,0.9518845471229709,0.9283255557729315,1.016188523994864,0.9828407515496622,0.7849731051234208,1.086423525256972,1.0814936663176153,1.0544284339598338,0.9952592614063951
375,0.5143262794845253,0.7887572230484026,0.7172281940793506,0.587275017949664,0.5814800070945632,0.6426526156866519,0.8515278890683807,0.6113242813185299,0.5854057892407338,0.5295611581935862,0.41475540545053413,0.4490084401852735,0.4763859570865331,0.5362214254406749,0.8854132057060524,0.35148397906795237,0.6512524438314388,0.5508769100865618,0.7509887804918411,0.5924626109195389,0.7480030725906145,0.7161007062231323,0.8015390347922533,0.6485947587063867,0.7970230807613206,0.9188386588948412,1.1415687029439203,1.1524234425580904,1.1771283945422586,0.7373728876430865,0.9041807681678455,0.8801336028815774,1.0383628631825157,1.118522715597706,0.9215684187842508
376,0.5178777217059891,0.7398358969299346,0.4898432658476528,0.5114113691921482,0.611895532684214,0.6239179401003602,0.6976434368731347,0.7697870902366306,0.5501408480789951,0.5751233998939713,0.5780050969482501,0.3553567593925777,0.5276812249349981,0.49394329374727663,0.780445468270465,0.47684046983633316,0.6151533821133414,0.5084209722071582,0.6904900818776571,0.7456806151502263,0.6924038371052467,0.8872067506839544,0.6005690434803852,0.5763474334923746,0.993001994980779,0.9670537064219233,1.0170378633925394,0.8288627261069101,0.9554099384253921,1.0743058202681968,0.9661653198769606,0.915020781693933,0.9559175297980238,1.0731614412851769,1.0984945271151145
377,0.5183131613547657,0.7197556519717276,0.6498590885630671,0.6975625616150056,0.49516219000989636,0.5667544346722282,0.7851727779389347,0.8085880011418518,0.6508089788581058,0.4767486406545126,0.6680265295243883,0.3914748547392278,0.49341104236502853,0.5449960314457988,0.654481933853805,0.3942444357360859,0.6147384343842153,0.7168303455737353,0.6500137387688657,0.6810618028722966,0.6767761399206749,0.8847701741298839,0.8729108737177711,0.6965992791060291,0.8974732653376232,0.8154594424138678,0.9698322149574158,1.178558895345835,0.9666462267685384,1.0759669450463192,0.9454004012057134,1.2204299421031035,1.0648455609472078,0.9917881658860186,0.9930004328388005
378,0.4796482733392775,0.6331306986438969,0.5851693018330452,0.5902699583926624,0.5848428705181969,0.6121296931399456,0.6910305959028276,0.5558883832336952,0.5999073085222999,0.43904480577851224,0.5729028712132619,0.5073537089137485,0.5336025583664648,0.490383489364758,0.6632698984373964,0.3971899294349064,0.6554881309613552,0.7277599314620304,0.7185956172043843,0.7604083130898428,0.6404812891537797,0.713302242517414,0.8147294171454966,0.5586166757667592,0.8976789966871142,0.8293260449573561,0.9230379061560166,0.968547583121631,0.9517984137024227,0.9242838681805957,1.0467773484260767,0.8391518476842299,0.9213358606871199,1.201073232082778,1.0652344703642376
379,0.46613635510683304,0.5787537273587962,0.5632238099571372,0.5644646791655771,0.4799797457072543,0.5850146811677011,0.6535891704817862,0.7315882291998308,0.5543684945837695,0.4160592205234831,0.6926800481128894,0.45033931987206444,0.5116985730434803,0.5067730142379437,0.5372357958774122,0.45979851376514036,0.6192285042849759,0.4263092374327118,0.6640120083207846,0.6699363880479846,0.458689303822992,0.7554366911324668,0.6711660927275136,0.5358196852221471,0.9617986749381191,0.9144553336254913,0.8756790439183958,1.0006670674820262,0.8806493245078277,1.1041293199387798,0.8258116585299458,0.9260702788022449,1.1054339290552146,1.040399971970808,1.139536340289245
380,0.5457269488379874,0.6733313830482971,0.5609019373391385,0.46618973704906697,0.4967185183282582,0.7092307504239869,0.7183070941730945,0.7420017754974846,0.6437136412673534,0.3649955659380036,0.5496168242901718,0.37514413895349297,0.4636723070181781,0.5342396041806771,0.6284463388536062,0.4201755025276974,0.4620910212522496,0.5208262041164957,0.5976660566369901,0.5296907045187911,0.4795791449982869,0.6709064612212294,0.736230569166241,0.5571012025459479,0.6721437352110051,0.8098438205421967,0.7537058825825038,1.0325733002438582,1.0800725334241048,0.8823577732965175,0.8794772717992618,0.7327342165427804,0.9556191662978961,0.9789772713777746,0.9421337717870335
381,0.45818023559997056,0.7292002592077196,0.6371721956730868,0.6561161524304173,0.462689797496438,0.498319477452609,0.7871419539466225,0.4950783674791726,0.5503446118907083,0.5611457293052865,0.3216156740985391,0.34166539838416665,0.5494136834660881,0.5730141235776295,0.5683812139254026,0.36267400066731403,0.7038142095457897,0.7540459104564597,0.5988843317002113,0.43808875399098834,0.5825193248755023,0.7159057169826197,0.8803892077193729,0.7175474205698369,0.7654298834975367,0.884694378576885,0.9272946296129503,1.0726233221732,0.9086760543535102,0.6594829457993865,0.8656115314119228,1.070487351987935,0.9994969071073176,1.1004468210608205,0.923164317919211
382,0.5727011476439754,0.641587301661231,0.591085729580934,0.6211345619557088,0.6120097760272964,0.6513928044856692,0.7678696575731441,0.603642752961234,0.674584860803703,0.512089550900656,0.4055642250374921,0.4561735968191439,0.6155802165552746,0.45955605299307123,0.8063119150989674,0.34170221171032367,0.6157380350618774,0.5354413260369943,0.7050037207177771,0.5325792735187265,0.7030367414326957,0.8084670438453804,0.6825871259843346,0.7486958103145929,0.7126092271769765,0.9054453444059087,0.9641637344871941,0.8577272408846496,0.9005591072801635,0.7261646374166424,1.0599281834768277,1.0150693647253581,0.8397866311995417,1.2138955887469818,0.9159175658969685
383,0.38622154788176744,0.6768404445751053,0.421528937446657,0.6802177359464299,0.48230025032042523,0.5676442335829625,0.862239746973378,0.617026131217832,0.5063599443518999,0.5177308449409326,0.45016946528008495,0.5047625953881822,0.4877480925149179,0.48990710157587225,0.6498076785430953,0.42082050420556905,0.6587067864323661,0.6033208187125738,0.5164372941117401,0.5481711188644545,0.5589832686443655,0.789628070051748,0.8175026999201702,0.741379583942565,0.7947852075324331,0.8543444132537972,0.6473747709124426,0.9375496545039338,0.7228983842862604,0.8911108995518173,0.7851256773399584,1.059901450744642,1.1007360523016783,0.9259289154993802,0.9313054543325732
384,0.3973872259137802,0.6210222382483466,0.5921087058769998,0.5429071408704323,0.8479114901401035,0.6801864392118138,0.7137333562618917,0.5619811570915412,0.5203226531672736,0.40399123872828413,0.4342882970350717,0.5502648053969253,0.5072205039915696,0.47657403141932597,0.7726492726920697,0.40271588706785494,0.6788586508631276,0.5625003550029734,0.6046790607043606,0.5416569499517683,0.7606201743393389,0.6149596738958035,0.8070404399469301,0.6436175981458143,0.7343001971866776,0.9131996231606974,0.9172021179456535,0.8902308112972701,1.0828759609580443,0.8298719164725457,0.800968155188406,1.0089315004377044,0.9377725314415878,0.9485651646965416,1.0202031487237282
385,0.4802771585526965,0.49012083652907934,0.49505017584072075,0.5474915207346487,0.5334912093363866,0.6023894954972879,0.6745706006964384,0.4538428429395137,0.5379915847455317,0.4344502780993694,0.5396101127940416,0.40546899067146025,0.4355874861602991,0.3876853440771749,0.7039454748623074,0.42467514133881273,0.7437235969732918,0.4954431823461959,0.5672650803254922,0.5549897785871363,0.6876117217809586,0.680329169196865,0.7808209766492384,0.6821760350270403,0.8300799616541866,0.7059845296781702,0.9568138838728353,0.9232096170745997,0.7947394199840749,0.8235278882653818,0.7757087186271259,0.9670543766033405,0.8946886887496188,1.0757061051567156,1.0781936919774056
386,0.4307290291844894,0.7985312544638549,0.5743680323158753,0.46950036350237534,0.540999123153626,0.6176471253072964,0.6482786397827573,0.5686548283734738,0.39007359908894845,0.3762649750067169,0.46740622768062223,0.4182026813710817,0.4088322950701131,0.4786128003880311,0.6969818838632313,0.49273352362271194,0.45573807213281353,0.5205289922445818,0.6081901449671588,0.6132266060251861,0.6068427434996281,0.617164686825481,0.7507413956000725,0.5932520280041376,0.9398274228677727,0.6760596645021829,0.8249062610105601,0.9289851187269393,0.8827751612859229,0.9227626499799109,0.7146117793537745,0.8052221354258633,1.1365321560390795,0.9056470935476617,1.0734619153830136
387,0.4933152381398034,0.7476279719199432,0.6077277030075177,0.5708448561238639,0.5171113010125629,0.6163088978978982,0.656421487629488,0.6832468862642783,0.5655261030150909,0.5625397759490371,0.49573011946265155,0.4266970270516055,0.44931296682443345,0.4998127273806054,0.7058580718770573,0.5084229156400857,0.6753866977385198,0.6301451891954113,0.6409843412855442,0.7018660064374054,0.4962268634084213,0.7454533434381823,0.7865690685307111,0.705381440558813,0.8007627798536973,0.8571944425221839,0.8162368119190376,0.8732531400413647,0.9721190338826903,0.9646482727341755,0.878617681869456,1.1356020277846124,1.0748197594816116,1.0262997039049115,0.9551850525281358
388,0.5672771383320834,0.7081883785162655,0.5286823931463868,0.6214456656507003,0.5757029629753498,0.634302883603659,0.6844989325310425,0.5628573075131831,0.5538610730897086,0.5491132901364617,0.42791430304343525,0.45460089627201516,0.6075198446218668,0.4581020627192478,0.7060367874893804,0.3945994708518634,0.6691461029912651,0.5529477821377327,0.684940873344564,0.721658468305336,0.5796947924550644,0.7321969723968231,0.9660574219041491,0.6722677251439824,0.7808830614276481,0.9066463409207886,0.8648100346284261,0.9337855030367062,0.9134457617381486,0.778947251597518,0.9699211889365388,0.892974334602018,1.0724608968679865,1.1828401486995526,0.8580550394640658
389,0.5668366296640532,0.7930566646234212,0.6837269074136177,0.5025905592898692,0.5200398777635747,0.5654469938352937,0.6210176224503927,0.3008890200826605,0.6094270069872318,0.49159488903263693,0.5772081698713611,0.44534927983678924,0.5548278308796337,0.5109384310914257,0.6364553483725782,0.532225080778955,0.6635121666418258,0.643369578566956,0.5193917690492874,0.6907968905205362,0.5918045525689746,0.7075616202009556,0.9683546507800357,0.7045143336959262,1.0403804580398237,0.680559478060375,0.7131679467145031,1.170474106905234,0.9236717213846064,1.0180149293571523,1.039832225872627,0.901356404187022,1.031101921061235,1.0481826524629705,1.152007288461126
390,0.4595755192114807,0.6914091756526444,0.6828470757490882,0.7353586239975589,0.4617684233506245,0.6263388262847662,0.7813107710243524,0.41987614466525847,0.546063347972386,0.4820364338615418,0.41416075147155174,0.44755167816155067,0.5247370856965057,0.469154980892596,0.6476536314354571,0.42134003595479697,0.7869793834555863,0.586653023295311,0.6316780266517799,0.665398241463468,0.6507564347188299,0.674161778793293,0.779451425657168,0.8440817359969512,0.8912012941925684,0.8409578871852043,1.0148471092842277,0.9850104269486525,0.9742522210141795,0.8763541865704069,0.9177128050577321,1.1187558469025043,1.0929459034287785,1.1446844616324374,0.8275963803599491
391,0.5074359321078239,0.6298070613096632,0.5055021328024403,0.49614799510974844,0.5920295159765206,0.6834670266801111,0.5658900395951193,0.6271351612472464,0.5289954364842993,0.45441013946400277,0.4520134718130545,0.4600805617320375,0.5131460936113897,0.45113276651409634,0.6879788343254738,0.4290340765376224,0.5919240819694833,0.49600167271362533,0.6605738565614828,0.67855496220635,0.6045139675849056,0.713595982621052,0.7805223657335443,0.7242930847689273,1.0324428097631588,0.7223184493128265,0.940030590752809,1.0985644858506878,1.0533114794448881,0.9248839568405325,1.0284129958240547,1.0208794960138718,1.1056388927408898,1.0238179202033726,1.0597020083491198
392,0.43505737839361824,0.7276553514196265,0.6178867483579535,0.7343272688465345,0.5197439215711425,0.6577367845917977,0.7624641842887792,0.49634198121089856,0.5477154760399514,0.6000416986068401,0.3388227764096692,0.43767003309909636,0.46004419495474763,0.5377808544350768,0.6601036336113776,0.34986130735162285,0.7232714576057091,0.4993586292437066,0.7379339067150974,0.5178902114170232,0.7828609937720147,0.6715362409619674,0.8665854623676201,0.9343357641521657,0.8159813217013508,0.9504704373214211,0.845127311819267,1.0029410402020051,0.9520180762504248,0.6681474874952651,0.7835756427683336,1.1253257764416587,0.8794301008640255,1.0403352968402995,0.8546045958446533
393,0.5357708586801133,0.6235067385769384,0.6605687209489388,0.508570615060324,0.6075094529335754,0.689670511313,0.6579471104702627,0.4929510748661853,0.6277967676502483,0.39986559618705786,0.5025205726541173,0.4210873124571095,0.5835754395888546,0.48188402121114704,0.7686812976683886,0.42824829924251995,0.6467943546030096,0.44033932368205286,0.5263738924259848,0.6369503670202024,0.6635125679285236,0.7986382657665647,0.7272581683694498,0.6201785857855011,0.8900205453143675,0.7942443945451665,1.0130135925411565,0.9911039489420153,0.9149918347263546,0.8279708580540545,0.8572489181132447,0.8324761524503064,1.0647519264930074,1.1606240523720024,0.907082277515836
394,0.4771312364572404,0.6380269634382758,0.6504525690391169,0.5434471267429719,0.5274476260918797,0.6596437763016336,0.663672010847899,0.48933417620508385,0.4856294152933423,0.5244956558685173,0.48807290871827164,0.4493496682442346,0.5377825384141227,0.4611825876546517,0.6915499299039889,0.4165954649574841,0.6067515304952936,0.6039128323477488,0.6955909899575139,0.6009647129492568,0.688054973754598,0.8038315526078261,0.9184323176546276,0.718425834287006,0.8905452988099575,0.730162692764309,0.871351677707302,0.8523530409973216,0.9228734788901575,0.8678373417923367,0.985852781084398,0.9870738037974844,0.8541129098185543,1.0825005980844016,0.8755854022196838
395,0.6009307055216966,0.636772930197778,0.52986837782179,0.6492473071051953,0.6268540681659672,0.6211330779200751,0.5766709007911422,0.6730132216403915,0.46890951290360344,0.39445366015111294,0.562855339494784,0.4290132287505564,0.5141544730264941,0.4601098418002081,0.6963581508303051,0.5176271067173539,0.6045138932492774,0.6380316452792176,0.6100478305799023,0.8121813828720224,0.7331304855735874,0.9583261003834646,0.7885823802134568,0.6936473259726192,1.052322080130352,0.770100048613945,0.7986958093685552,1.0309793161922032,1.105596125837477,1.055213989854396,0.9376007986509973,0.87490489307062,0.9726124600434694,1.0107468028571458,0.9368551896588027
396,0.4731305787852854,0.7321931642796622,0.6815167133456924,0.6075198488734463,0.5834830732869978,0.4751196492211521,0.6909490105402041,0.6081747380013298,0.4676150660444329,0.4663157750717536,0.5006137560904587,0.410736263973565,0.4974596207296334,0.5596902150860867,0.70508151481868,0.38833051618316383,0.7753513896419233,0.5969430818903836,0.5378458164303447,0.6867474163726625,0.5416822146331668,0.8312020201517089,0.8648926348172415,0.8036326125956261,0.8720429680555293,0.6002295574998323,0.7694565503043123,1.1255384854674562,0.8324077381784674,0.8334676248531386,0.7875953739478166,1.101686795827458,1.0777060615287513,0.9816259214108529,0.7797481096182094
397,0.4759684634326834,0.7753014560868522,0.6185460476591327,0.5337746871677449,0.6000253199375823,0.5171954341251876,0.6878301946834875,0.5460196812086481,0.49937006408725326,0.41616596898836333,0.5698708076573314,0.4304754380961797,0.4942942981181686,0.5923153251628669,0.6765608348906094,0.37650084882875945,0.6374712858310843,0.6466491800423722,0.5465704197610213,0.5473148955391758,0.6381492045482573,0.6014882868305608,0.944241787455534,0.6902442255392564,1.0616781558146187,0.7005832830328143,0.7581944449596131,0.9734466117778621,0.9183192807663767,0.894819169814075,0.9257069919196009,1.082592371459837,1.2421598089125798,1.0977364300631895,0.8417784119456792
398,0.4861633018666523,0.6156102227396962,0.5348903074277551,0.5677560750377424,0.5986646176787631,0.6012148734156458,0.5541005269452497,0.74806789441042,0.4883787661498499,0.5376224330490873,0.596258677797303,0.4241688291636691,0.43223248318960483,0.43874497163717435,0.6223899753243548,0.4781857699981158,0.7264219823208675,0.44840970393148766,0.6148750903192254,0.670144316645913,0.633438897009106,0.6836477396375285,0.7199675708973183,0.8521474742466862,0.9515146816821387,0.8040263332462239,0.8160053152254324,0.7848992587545337,0.9392467728621381,0.9667874352681383,0.902475655658559,1.0272133722916008,0.9621135281335739,0.9470486143261021,0.8131183161435229
399,0.44755268456149944,0.6917017896137145,0.7045216147602084,0.6282681236379821,0.6139597415760977,0.6080767701694697,0.7402045921802621,0.7172957686653417,0.47528708310677426,0.43474711201235283,0.4206031700247164,0.42219254260329514,0.5646681980519219,0.43548323273461814,0.5717639511118164,0.4387885682961493,0.6758232172125038,0.6832133474748774,0.6288441974553568,0.6381340994930282,0.706667367856175,0.641891482472175,0.7398939012878172,0.8501785582743336,0.8795082289181322,0.6197235923770272,0.7948155607388501,1.05854741273331,0.9060891471943306,0.9003844808227415,0.9898178445701031,1.1075383831256862,1.0633711798828143,1.0167381669315416,0.6148886950035195
