iter,a0.7_s0,a0.3_s2,a0.15_s0,a0.15_s4,a0.7_s2,a1.0_s0,a0.3_s4,a0.85_s0,a0.15_s3,a0.0_s3,a0.15_s2,a0.0_s2,a0.85_s4,a0.7_s4,a0.5_s3,a0.3_s0,a1.0_s3,a0.0_s1,a0.0_s4,a1.0_s2,a0.3_s1,a0.85_s1,a1.0_s1,a1.0_s4,a0.5_s2,a0.85_s3,a0.0_s0,a0.5_s0,a0.85_s2,a0.5_s1,a0.5_s4,a0.7_s3,a0.7_s1,a0.15_s1,a0.3_s3
0,0.18353060000751087,-0.1791677551830487,-0.35453978628437266,-0.24330718142874247,0.10929523804899907,0.41305712842572695,-0.12376352986103753,0.3028843947849833,-0.18209471224108367,-0.36949878582987555,-0.3068480964496928,-0.44773674888185183,0.23274220436976265,0.14631657182896257,0.19087614009739445,-0.18945000867209025,0.6075651875817747,-0.7304260910412786,-0.37521741764138244,0.2868109261917977,-0.28556898170945505,0.34513954218766385,0.4862771139688372,0.31251971133050105,-0.026452052883729274,0.49422576666602336,-0.5367078167530981,0.008010313570051567,0.2016033958832544,-0.032611017579594545,0.019220053386609592,0.3714413940072925,0.19224050609139254,-0.49705842712950227,-0.01225977055124098
1,0.14998327979204853,-0.038473052811023936,-0.3485618862594584,-0.23823481488529444,0.19197515936581594,0.3251693126921236,-0.0676730765928104,0.25883570289976676,-0.3008002603973513,-0.3009759643582103,-0.23505389283304232,-0.37629994967630337,0.2620626495439332,0.14028424030901224,0.062379954716204715,-0.04921661623568124,0.4300274938714288,-0.4351776872815263,-0.3564943373767066,0.442763844886029,0.06418910750570532,0.3247383308109687,0.43249641446116327,0.3666768874160142,0.17784717377243406,0.37333828254109513,-0.5315220309036544,0.008454198531254786,0.3470481120056825,-0.009131581413459322,0.07373279792259226,0.15692802977951167,0.1973816136861255,-0.22907511679629905,-0.059054453389930664
2,0.21062694674251095,-0.1268583810870258,-0.08570094528402233,-0.17182781165825037,0.2706959110604249,0.374798965638116,-0.1950551710085052,0.33815200404523105,-0.39298426203779147,-0.4490837419197695,-0.05195292132309323,-0.13802429782420583,0.20517510438885592,0.15825198286750092,0.17526562386162087,-0.06062620776612733,0.4302184210676901,-0.41072177221252615,-0.6506269841568388,0.3266191590046645,-0.040316710934507824,0.29951077704515705,0.44518107989085176,0.39771581627705704,0.01648940011347603,0.2699525297777819,-0.37017543154208954,0.09559248915851015,0.28992130686715056,0.021168334029964424,0.014462762860171448,0.29967694833076397,0.18971633088029108,-0.3844476584822122,-0.11746412095403186
3,0.3071884730944616,0.09321959159528095,-0.2640712596429974,-0.4134007749931577,0.18573555660637253,0.32025184104275944,-0.06276427358628278,0.2891021905760819,-0.21835815975355766,-0.6263233151724339,-0.29855013437131894,-0.3917594619119555,0.29473784745520465,0.17030926185681106,0.27754804835026037,0.009614503026231354,0.5912340127778349,-0.5147099488985895,-0.1624892314702728,0.3182427668397196,-0.10331606918672138,0.19219547249268876,0.33977646399131145,0.3354191882618972,0.21888230510849305,0.3516121724043685,-0.21821501653576866,0.20300084446402436,0.29147704031024,0.061965077580329486,-0.03308042736522118,0.26199975970479583,0.08413048423128466,-0.04997499887727817,0.033572368844191125
4,0.29559668495633235,-0.07158023112061261,-0.06789941932769566,-0.1573905385663475,0.24127317122108036,0.48825339682874797,0.14060583783082342,0.36098071189080166,-0.11411665265202442,-0.2954432181656186,-0.16957473662373493,-0.23866562874570446,0.35221606717556553,0.17284378975499481,-0.0025435252578326698,-0.1145961577617794,0.42197969179925315,-0.2597876264943465,-0.44502460102141894,0.46980052485521084,-0.021410223481115032,0.2932695769678772,0.47321505199147895,0.40045045560637216,0.17366737581396133,0.2162642686845466,-0.2983540641335153,0.245176209458703,0.3774569401348306,0.09913509949327552,0.0322213193817323,0.21192793555288175,0.26896055854270007,-0.2125838059286213,-0.10474279249732824
5,0.2659512914163054,-0.39777129250293286,-0.021769954593960264,-0.11077359543008167,0.2389235595868777,0.36659203587236233,0.1144551240049434,0.28327957530028375,-0.20297357638676494,-0.37529620899284555,-0.19121723269922597,0.00740474338170663,0.25346731674895184,0.17567856433922038,0.05578915711147733,-0.04976129747460167,0.41780850616582116,-0.36499088087532133,-0.25573296495108144,0.4283470775111964,-0.07488856360204646,0.36302702302892575,0.35271148988060863,0.3606885302321883,0.08014007863115993,0.35393808742172045,-0.12245118531415472,0.12802936371761087,0.3733874576464816,0.08994631160134098,0.04595808165689782,0.2163934852266548,0.24326199308763852,0.13823907259000928,0.021854621747090644
6,0.5426421234661214,0.03305113360419516,-0.06430431044240349,-0.09908557496964285,0.29797466470213696,0.5419587002662603,0.04874632394612465,0.3551219851681048,0.17967373581796015,-0.2917798828551634,0.15478725153138895,-0.1385096599223002,0.30564476516306655,0.19797489691211823,0.04220016527982649,0.08771178467147027,0.40385578028137314,-0.3522132223607245,-0.1483026562121428,0.6255695975526205,0.0311760694853553,0.2975703454012022,0.5038242927354158,0.4384116492943311,0.2729858232296254,0.4506224766964443,-0.0015470404938350696,0.08791507352176103,0.4899546638749028,0.08954241873141866,-0.02731743896649614,0.26847686918703745,0.25329428075651705,-0.15449097786359528,0.1317952524469031
7,0.38152423356957843,0.04277646167358534,0.25294071154914316,-0.16386505890285522,0.32943126097180914,0.4057935771470893,0.161219977732172,0.4634858162173986,-0.029379087996072584,-0.19762172084165117,-0.1074421859250407,-0.08967261725735722,0.2528271681961491,0.17628365356034678,-0.009738577350427532,0.053957455353849285,0.5238962192915441,-0.4106879950040824,-0.08901185457799778,0.4626676179433226,-0.09675556073524534,0.21262122306705009,0.3020655384571339,0.43962937170826677,0.3105296057005076,0.34599054620404984,0.04362839588933352,0.1237989436880707,0.412258408808804,0.10009761248684133,0.13509619942566237,0.2565212127633488,0.15079962930447138,-0.15239380026554497,0.05486347661811898
8,0.3338272702727992,-0.0042456309278602195,0.017078359904950526,-0.2692691533627358,0.4316429705719778,0.5151380785968781,0.07866706887905983,0.3518079607303696,-0.13829043620566922,-0.509102953461439,-0.05865108209039932,-0.275051161246568,0.35418861677302094,0.315114507481985,0.009297662484253157,0.16539236044915773,0.4672765433749646,-0.11903264836289873,-0.34862655853713065,0.446044360278375,0.17341728744844176,0.4159444029236773,0.4314751868645029,0.4023924770412397,0.23362077345133214,0.3548490251476331,-0.21018640822379286,0.1634479720574299,0.38711465546153245,0.05910000843236614,0.00909707166060646,0.2590548298545017,0.3414442118943293,-0.01933077082713595,-0.09373177713037686
9,0.29958521735944577,0.03681159347086458,0.14893338626557687,-0.08519111766571327,0.4164503687783657,0.5349639359554803,0.11662926885188478,0.24301769616845728,-0.1675325217892905,-0.3528740045895534,0.25095301708945456,-0.024245355493083827,0.4939829654736289,0.2563833543027035,0.0725945162641985,0.062481382622690415,0.42670303155468203,-0.06485896869753272,-0.43140648182337626,0.5323315816575103,0.09555463866732988,0.42122629300447,0.5187235419167942,0.41837612371222105,0.29472945356342906,0.24003362554069707,0.2038344863837965,0.023154545355036506,0.3912155318766607,0.14391384857268513,0.23828971030063878,0.19557148963397727,0.3172086356819112,-0.21432276340655146,0.14481476301408638
10,0.37560871649546906,-0.14052262325978238,-0.060620275557731904,0.09908575179487332,0.5646587269354923,0.41247094097319803,0.02904159997606563,0.39778421722054497,-0.008461127363940437,-0.15215143201634385,0.051837728004400736,-0.34401231576885605,0.23865472018497033,0.26246128784132455,0.05703183945880854,0.051920437971514355,0.4261976902601202,0.20660035083206732,-0.07675816916498208,0.6837366020977774,0.0018405061395570105,0.4034278003614719,0.43266192900791983,0.4478383958301253,0.3104786186889214,0.5408607509062304,0.14444542382562728,0.18326876828084004,0.41205155417665085,0.1318377689777817,0.16151548562714094,0.28784290186353556,0.2562052741593696,0.02250832614854356,-0.0412971240807826
11,0.3653901712131986,0.10667404373460018,0.08492633055336561,0.06235311481915175,0.4304278424155198,0.36972514790881617,0.1257630428019199,0.32437433353767753,0.1115077401665319,-0.48630303666441355,0.18408127760595633,-0.3695706291027693,0.3227526454714489,0.2357788074756586,0.1249056006785551,0.06679443968772478,0.5388156846445813,0.21635350811530157,-0.28225446679312066,0.38967590739367874,0.13873843935507724,0.5383147254209669,0.4796412322733288,0.41513029063873547,0.3365784237396324,0.4851944761104896,0.08837156834583221,0.1831720137474446,0.32579547775628154,0.2508631629800734,0.16883394464567134,0.28027004319048754,0.3191707195773681,0.1101215654878995,0.11208053633489541
12,0.3204852126106535,-0.06926511365184779,-0.024642112170163665,0.016665084725503133,0.47403937751061576,0.3900881398130419,0.2553340274533699,0.32080950233732985,0.06611724088396119,0.010945324293491043,0.3195236365673567,-0.2335424605200407,0.38921028307445993,0.289637809239505,0.21821838453875417,0.06994986681952917,0.5103880495465541,0.1740925225332328,-0.45038469725896335,0.3997532629255436,0.14060144353751994,0.3890555849427413,0.45271011803045436,0.510377922215965,0.35697180563465586,0.5351769677353413,0.4084319742766278,0.1489609651245709,0.35084063963565537,0.07884638933461591,0.15444903595108855,0.3201790242670835,0.3023331884747283,-0.0729431693741279,0.02952707674315076
13,0.45030142172728493,0.04009657340867003,-0.04523930080236168,0.01806675357309738,0.4513594636807271,0.36349242486091693,0.2711843730535872,0.5069562174910712,0.01417661969177049,-0.34020635488734907,0.2519188108950356,-0.4258624063980348,0.42099664145067883,0.3031547262224302,0.19128653418734543,0.11561785025509697,0.44459937635925484,0.3852549187886252,-0.13813637483571936,0.5387638311771672,0.33712157012215116,0.3327823944281576,0.6255378540417416,0.41964209161122373,0.33051032483195175,0.42982970408765203,0.5836951661746311,0.2951439428844555,0.48242001641881,0.20039040175153333,0.16627585916478405,0.2924613265204591,0.29317876150590716,0.1925358544476078,0.13815729242077768
14,0.4710400612547891,0.057400654149309616,0.16094053324314944,0.10504101439099592,0.39947691788144296,0.5301595904349432,0.3524553552882359,0.48960766713682724,-0.0991973145251129,-0.09944187894733267,0.2967362056250985,-0.03088619511592696,0.4167091288252761,0.18914362845422822,0.16496298320914754,0.1718556559950024,0.5402018188001675,0.29679839736476527,-0.1302458363819455,0.5733423440745086,0.2806691466697585,0.38238433098887936,0.49817439208712133,0.3935451598788719,0.20622443572848015,0.5609714410601596,0.5723330203776473,0.29245468477020253,0.2673621352034728,-0.041979866268753496,0.21242831322390626,0.342276540208623,0.19625290181768518,0.15910763172050352,0.08678293024385199
15,0.4633310535229148,-0.04384447371784625,0.14611520556425714,0.09368510025219612,0.46125845154718026,0.38498454694464856,0.28785673278900925,0.3446940264033643,0.10609835334780332,-0.23498643603938213,0.2822587223750675,-0.3531924286911897,0.34612146874407657,0.32636818388401934,0.307425569121815,0.21954822453384482,0.5273599640000767,0.14315314484568545,0.07996068473525292,0.4762102318564027,-0.005582559382542363,0.3545121768352477,0.5320581626630009,0.4619137531098465,0.29573908705719265,0.5912037164574424,0.6549998353354849,0.2220411584689176,0.35039059796425776,0.23385876743409434,0.1552340673778808,0.3399307326921506,0.16817930593356184,0.23675842477782325,0.06595424971131808
16,0.30506001369117597,0.03752789174278101,0.10132371615074147,0.24155342482848383,0.47270589429608,0.3608820101835245,0.4101879215347443,0.36554287989103185,0.15703022828076849,0.036928150810424845,0.08818154995430305,0.06257994836499103,0.41722702932921396,0.2810156171595794,0.2997401442173091,0.24996365064927345,0.46566940747916535,0.36426460930323856,0.2730504299365207,0.605172669218975,0.19815135072023565,0.40103913163779487,0.5361780571543275,0.33986648282508897,0.36785183626632667,0.44347062073526694,0.49089506917142534,0.27093136036921917,0.47851762397661723,0.13726456516208085,0.058951474426910275,0.3897629040762098,0.28432443127530893,0.33348779321606675,0.07489826844555236
17,0.41927687168487504,0.16195115021309694,0.28104712851759706,0.09980105246621618,0.6220456984746803,0.4481782385167361,0.22369680025616906,0.28825905685105546,0.20719939272197985,-0.2489268707922374,0.37110949368427143,0.10981642876506517,0.2848272022225083,0.18838812167136487,0.22955644516812884,0.26721992905301567,0.45526731799412823,0.28281195832722617,0.15326485514686997,0.6634022857026721,0.4294582376793354,0.31267133822724813,0.48176575759000484,0.44705267851541935,0.4158865478049723,0.58993554810409,0.7307470912807781,0.3145019342455126,0.46374610577133607,0.07719159553133856,0.13622404611675928,0.35682648393712924,0.22780205356500843,0.37101272350550857,-0.02946076017882742
18,0.4901716911502443,0.07535785187480276,0.0954009389116903,0.3322832090568818,0.4695485114594626,0.46798080750094107,0.30855011452686276,0.5244546473877837,0.08835976292187539,-0.2103307568753929,0.31971386160612153,0.09622618757451135,0.4470562836228338,0.31256505709387317,0.10339160056156516,0.3757997066780233,0.48486516270450325,0.1682065720335737,0.5008414074236904,0.458019918718292,0.43066483431464153,0.3935851434347999,0.49168278409284516,0.3752208010031477,0.31414151054151707,0.5806865138990605,0.562083312546312,0.36243958586702396,0.4348473209144269,0.2023680324571545,0.28003296938388517,0.4830612497113725,0.28213250335952544,0.3517302511191348,0.1921179018172651
19,0.40632752162295316,-0.011721668727629428,0.17129072588134542,0.3546014299027844,0.3827949409715864,0.45354864467932704,0.29593092207125804,0.4402618890742097,0.06244944994607101,-0.1666252661266321,0.4628437182450892,-0.01618654815193299,0.4153153567169808,0.26237802959161255,0.34197767640620746,0.3017818002356075,0.619424377216562,0.4352214578205396,0.5056644601711313,0.469652531290611,0.5964877300597946,0.3862185132887742,0.5973934559865474,0.42654300395292544,0.2416715595481481,0.6871840354881292,0.6768005849663493,0.33697070374497806,0.3869163171644493,0.3313969493979842,0.16589376235769748,0.510916624126572,0.26094109079617805,0.2681356224729546,0.1768978085136352
20,0.439583705822649,0.18298170626279486,0.12034929137689035,0.3342093331601553,0.6200513334498607,0.3487416248900599,0.2868214332721173,0.43270102573644487,0.07197249047694201,0.06999142223543478,0.42480807027577816,0.19597132595261385,0.4351200741594375,0.27317604885747904,0.2362889472886412,0.23553714858686395,0.45820756471905116,0.3613001040114715,0.6300521469317582,0.6032821128112948,0.5685063114522305,0.3854416568697757,0.5856619734349753,0.45124450374118935,0.3028695856178102,0.48873332338689235,0.6710233748258183,0.40309894561459403,0.3658250753239081,0.324674485073318,-0.004351643911888912,0.3427982776771844,0.2808557351950924,0.32593712631086413,0.21362133518970808
21,0.43465765348330565,0.1415967980096272,0.19062716678685668,0.235626309249988,0.5732415152472992,0.4904500321233204,0.3717620299764906,0.4787026048583727,0.09442407727223022,0.010741403076959595,0.6259779992346605,0.14130685357351408,0.324482096394266,0.2826009108266496,0.24195980990695043,0.3832027078078122,0.4563390672444284,0.5847848556109766,0.6030302703108891,0.4360413586835578,0.31519850783446085,0.2738748983418099,0.5867234994738268,0.3999057252888308,0.34482780535648333,0.5095456248975775,0.4563917472730341,0.398958344035381,0.3504650351703222,0.21977339737954182,0.1369969905842548,0.4864681719529044,0.2261348723771981,0.3231265831546948,0.27593729797466965
22,0.36864130912910187,0.06863796771844974,0.0660431758765393,0.2875686954667846,0.5695932581827503,0.534916663616178,0.4980300222045444,0.5116590439956761,-0.020789626825031667,0.18893904877728881,0.47322371136529684,0.12919968545451704,0.36902542215214107,0.39160669479521293,0.284340958176362,0.38338808207395036,0.5088189058282107,0.4104830562484583,0.5152661769686124,0.4792985253238499,0.4142475663132601,0.24789645894516998,0.593329101428564,0.4431671259141031,0.276477988680908,0.6529109991622885,0.6393113864076166,0.5897484123729946,0.3594565421051725,0.23953181637100002,0.3556922310252612,0.35920045578934995,0.2118647903906061,0.30342367112517665,0.06436748238307818
23,0.37412038299245853,0.027858413645275394,0.07678998722239494,0.4078670939677158,0.5542673235465164,0.5545029354224924,0.5255595513679923,0.5032208026247083,0.30426913838998815,0.09111946495379974,0.5486360689477572,0.17356984895809685,0.3381136755965385,0.29184793770872997,0.388189278798323,0.3806616352771036,0.565379924629433,0.5093395158309648,0.4914584631473171,0.6257235681898599,0.5089124421262722,0.3357607908612475,0.5682623504857192,0.3654221544968824,0.3935799665167292,0.6944437583646417,0.7073873068534177,0.32625817864979767,0.3433138115012037,0.17849655684842347,0.23432403674007965,0.47525406292407824,0.34084339141004244,0.42002729757192336,0.12639784785271357
24,0.2737836848020774,0.08529306794666214,0.3195916315941859,0.39148580631811375,0.6505031796948157,0.5155396949612878,0.5951963798444418,0.4344214716973398,0.1963448971523935,0.06144224003785657,0.7263138599663372,0.4153851149923353,0.31626235175906314,0.32480876439951534,0.2867447030980391,0.39703976428145826,0.44922382588237286,0.47581613467513223,0.6706439666033022,0.4776009238183627,0.5424711520158336,0.4369644784271013,0.5271512905823644,0.3713651715023106,0.4769277044297143,0.4768188794395259,0.6495209512248599,0.4948302750218501,0.467284919490625,0.1858659003004809,0.22169859494962596,0.48110733135682165,0.24526581674805115,0.3433822283405732,0.13662272795500396
25,0.3830550488923234,0.18350681697178645,0.1004918612079303,0.2321026576447454,0.6462668058723564,0.6189377130694395,0.534992018451313,0.6197246666866587,0.4174166398841158,0.1757854094795815,0.7686513719493633,0.4847752084075463,0.35848208480078103,0.35849326354109773,0.41052507883765205,0.6409589471200541,0.6599108383487929,0.5645649683018414,0.527181101213227,0.42938284803113363,0.6282909343951466,0.4092438017899488,0.6114106117171415,0.3418276778276699,0.2642641003189879,0.6103843332424219,0.7191253915281332,0.4984512850178609,0.4303773363222094,0.21422857378838034,0.3787860095862176,0.4351767990168588,0.2586070594726174,0.26004785244063816,0.27680151896076965
26,0.3584530553603543,0.12416784723259493,0.41057641478448026,0.260479390033109,0.6061965069226178,0.4536807186735049,0.41788273035403156,0.6068309940961253,0.39493215151310007,0.1760112123823744,0.4116819476208655,0.3872526648407163,0.29343153708726943,0.3797512044772207,0.39204964274363263,0.4124818094914532,0.5761379836119953,0.4588249559210037,0.5151742662550203,0.5236976288390507,0.41939038524067507,0.3846637811097774,0.476091849348511,0.3165051465142251,0.3572421506426586,0.692291462467145,0.6434720809519843,0.4801721284087764,0.34034534783243653,0.11093610881062725,0.17907652787330908,0.613408859978673,0.1567963129648542,0.19196416592227133,0.08999146158213049
27,0.37614459745305373,0.21055912286305456,0.14025791986202854,0.3785482469030122,0.5507871496194134,0.5206411953668718,0.4971959295224435,0.4997647027803893,0.38065343912289157,-0.05523528954693432,0.5693156196837905,0.4993071593078582,0.31361546531570905,0.23486755150642377,0.35838218461688054,0.4623359565826243,0.5113437054044625,0.6851946581565254,0.6540629718707813,0.49397392711336724,0.3573021550228439,0.362337225913054,0.49332492779983333,0.34066196980627106,0.34892916321831874,0.5511902530411047,0.477983574160927,0.3583050930695779,0.385147135114792,0.09217513281014914,0.21533110918201367,0.4808720945469799,0.25224454016882436,0.23773750067313715,0.08808437259989463
28,0.4740261031027705,0.005919258897688125,0.3858301701647108,0.22162194336984722,0.5886072091030499,0.696971444686246,0.5859904189425305,0.6156548680011621,0.44425460487774715,0.36892080021482543,0.5037388626128343,0.619411969722631,0.29519666734392447,0.2516882073255516,0.3751409086696169,0.45373481747360306,0.5836396096627223,0.5012742192179076,0.8088053605978317,0.42181206530451093,0.5364086945962587,0.31116427613219144,0.3076217092048751,0.3370470807007724,0.5012152141478919,0.6355475236073831,0.6857235349865869,0.5035935463309751,0.5480076176281498,0.10473222230673293,0.211248476802934,0.6139285375423067,0.2666280596185995,0.2707680442556495,0.12827296773109845
29,0.4261956911887073,0.029364884633044805,0.2764754967961078,0.3225127771428282,0.4735535215868958,0.6767296405360996,0.2380481866381568,0.472342825298676,0.23409423169271176,0.21929248288774633,0.5318175849804572,0.5744470791459656,0.39375029985781806,0.35093513703345913,0.27233244386843714,0.338610240781697,0.551515082201304,0.5256038648522663,0.7283150459812844,0.3944855444175167,0.580604407724109,0.4350648562210415,0.4692338624201986,0.39739022143991454,0.40550451619341793,0.4503916553938222,0.762336428784254,0.5601792866261713,0.3838353695996556,0.23309705766010208,0.134049728625981,0.5274078962888024,0.1080918067946784,0.08846625228162297,0.09812316866272987
30,0.4598148739574571,0.3607115166540745,0.13500144232999767,0.33103718765931134,0.6954017468867169,0.6886760804201362,0.5646328092148291,0.6735920799544688,0.23299667854980538,0.3700466349604304,0.1938972884596956,0.7479149186023765,0.287967785464176,0.40610892612716254,0.3826550371001044,0.4637343257344186,0.5637159626857897,0.5130394695144206,0.7607723754494777,0.5419657811250467,0.5268959583367699,0.38053555891801033,0.3411953156023001,0.4958369384932142,0.5567947550816471,0.5189620134007737,0.9567113179304291,0.571936612073723,0.5248506146562928,0.18808849278709316,0.19127894137555662,0.5592466283227118,0.1328683861817782,0.3835467203850779,0.22915289955866563
31,0.28959096285904184,0.36248745566051777,0.4254161445579613,0.30682343921512467,0.5615226553474022,0.5033772263178633,0.5084047671982276,0.5142395140820109,0.46048308510586705,0.3650054665971385,0.5496074792536929,0.362081411797204,0.34709054780844273,0.3694815211207173,0.30468268939435605,0.37131079936104194,0.5277123778579046,0.6777481625101098,0.7846598261028215,0.44878698471780776,0.6460566857596353,0.4363285026631596,0.4668292414112868,0.4565158187708941,0.4708574402812241,0.45310332582478885,0.6216035875613213,0.4299364534861639,0.38002827398895067,0.1195733441412112,0.3882550350539024,0.5025549941436394,0.19713652262045092,0.31216652730420197,0.13022686101314312
32,0.473578504400213,0.5156681616780292,0.3126371990070296,0.39438961843403103,0.6162953091880872,0.5978756867212254,0.6186777404162944,0.5542232207757367,0.3495454747784348,0.357963922988902,0.6034770320110887,0.5580287227891119,0.3358654707236887,0.28624541875325904,0.4040389743715881,0.4866803196030583,0.5463489948782074,0.5264230711477524,0.5653740352111312,0.3601554240704067,0.6437019136786095,0.42033645633244465,0.48487673037542206,0.3835465041488606,0.3882726249788612,0.572542720207576,0.831400627625625,0.4845522588147882,0.4691728943776356,0.14960452611992672,0.24189251417200816,0.4924152062655286,0.33201613907711713,0.34537533155460337,0.1272403953893068
33,0.3810367111703086,0.4038497843098688,0.22971409753495164,0.4918901634896253,0.430756713340556,0.5804276199567246,0.5207562342072378,0.556435842389595,0.1398628100058652,0.29503819774091034,0.6454903041099469,0.7022747398122458,0.37935981457011003,0.24712817605184711,0.305922595711012,0.24478329996081644,0.4480814210503298,0.5926089179899022,0.7868665798722829,0.4726749422910404,0.6988852554742468,0.2917147269532938,0.46031770864568916,0.5009455753767185,0.3031175459550466,0.4517938824567432,0.898795692626602,0.5443962515290185,0.3407851030218166,0.2826858022341411,0.3188976235662728,0.44683853011896274,0.12805803947016392,0.18735849388338832,0.18946717346613023
34,0.30505661890408575,0.4390080462070788,0.3830761283616433,0.29133074911200535,0.6871368537107847,0.56461840227161,0.3614499532353056,0.5607389303941855,0.2635929417758003,0.3070157742897611,0.5961144396790983,0.8279344944087721,0.34607571335991577,0.2722966782367794,0.33243653255939737,0.4320055514878844,0.5033817464577678,0.46577679928805304,0.524844403376597,0.441856715739598,0.5608953016228435,0.4761205707552386,0.4073761489589326,0.3220485543942467,0.3789634205395808,0.6049554010801264,0.8414161166735965,0.4374697320870596,0.5141765928505901,0.2816186457660993,0.2708711202475538,0.5666662365098138,0.21719959428310354,0.35642359636328236,0.12761681767151956
35,0.4505883624080284,0.32632267098089646,0.46954278033311103,0.43443119181734335,0.4538757927459922,0.5397320883308225,0.5283493471144365,0.6459518340027757,0.1950194919334938,0.5082561138163024,0.3919387878898572,0.6148595108874053,0.44551675027430226,0.4753342044433442,0.38682484300026565,0.5529890195900341,0.6363223775258126,0.6997449163433804,0.8263064649333025,0.4397433369350102,0.735250855761157,0.611741969459135,0.4388292040567869,0.3585234553440958,0.34035026442828165,0.6257774815584091,1.013635509531827,0.42647048211012656,0.4075334511651211,0.2937359006077229,0.37663168704761835,0.47740534510201427,0.24362968654856357,0.46937826766605173,0.3081019484718126
36,0.3364092872418969,0.40337541656446396,0.3597549465707834,0.4677239277437011,0.5671356322370019,0.5623159804429854,0.6070153278643773,0.5968867996389359,0.22360706886968207,0.6081331133824985,0.2883652727046608,0.5945806192351638,0.43042712365715846,0.4952762530861142,0.39366681826810584,0.44688356515814953,0.6704710436159229,0.5439959425467209,0.8977011366668136,0.39588480620529765,0.4696847947243226,0.46619560448406455,0.36993867483227383,0.3693943177011654,0.32419459273422796,0.5557234673603788,0.8149752063436017,0.3443227850184597,0.31306610404646185,0.3004328280500127,0.31352296531148904,0.42506923779342676,0.29587125324548225,0.4745064658483425,0.252509316870975
37,0.3685690902240914,0.48822769464046395,0.4029506416759164,0.2805587026221954,0.636504907440404,0.49416166211088364,0.45422009608178177,0.5988219809890265,0.3422734909774722,0.6064836582795239,0.5144144402227466,0.5998654673082067,0.2904537381066248,0.4429871318124425,0.5225043206928068,0.3500228953827059,0.5785720560055208,0.5639867275615595,0.7783849473521555,0.3993463568680409,0.5410622092893004,0.5738353287416326,0.39995936911985663,0.4762381545956323,0.43616017464230733,0.6845801742561475,0.7514992166027235,0.31772642017822794,0.3766135474885732,0.1920047072344968,0.3918547623415676,0.5932792504155334,0.21933296555246004,0.48827101053953015,0.024494575847378543
38,0.37072092599840467,0.6048007812273594,0.3829214635016546,0.272350190445121,0.6701239512875057,0.45847670079674646,0.6820011396259501,0.5538704488707716,0.43132794828155224,0.691676362422114,0.5582552802692323,0.6700548213953229,0.35395805309798,0.3666049246799803,0.45726259221081667,0.5146210164524947,0.3581062942309936,0.6766782382776754,0.8917120940473695,0.5407955018552245,0.6551215759814986,0.5529672356656021,0.5625123650434412,0.4074592978803318,0.5537339347755528,0.7320011711139167,0.7740719034741814,0.4208467556040738,0.43695731952629174,0.339034506707841,0.36253537439978006,0.5384013516905599,0.26670997883929537,0.6305567798881715,0.09761210280811043
39,0.3194546381484745,0.5552865146304764,0.4584092799744155,0.5260491068041893,0.7684285981849588,0.5183334010492413,0.5776403202300866,0.5399729278212203,0.36782355171480374,0.9216922836710297,0.4976785275772547,0.8743999248313694,0.4268367811271902,0.5340082632540974,0.55337951035841,0.41360546808945386,0.4915305770021402,0.7008189797552995,1.0147977251598337,0.49859688633493193,0.7783646609584575,0.4999346957757574,0.48019859501725626,0.4231253036155128,0.5362171836659768,0.7550334140640451,0.5717289404487862,0.31331020221459005,0.4466383228232086,0.4160487864109331,0.23603842691069715,0.6198879781083277,0.2753455955299725,0.6605310023435116,0.3639747854915323
40,0.32010511658388885,0.4424413013446845,0.48165754356355606,0.4177411196142708,0.659527308376317,0.4819509576144949,0.469289055868493,0.6287310657955493,0.5287406171111124,0.7211920735211828,0.3327362591584757,0.5479283405001107,0.40238638752944816,0.38932987598265845,0.5156520669279565,0.36466279246677635,0.4779091786501505,0.8273574532176543,0.6955157277698724,0.5142637779968702,0.6708149917885844,0.44633300358147404,0.390177718625529,0.4448330029716465,0.4773403078084445,0.579152656291622,0.7740982929043527,0.3319342003433683,0.4264487435943385,0.309041702961773,0.31403273054248493,0.5065978674619913,0.26863790657092357,0.5345239213529713,-0.0008247363760322951
41,0.3781395658498514,0.40294740598409423,0.5011158987908662,0.5962647499071208,0.6945814740316517,0.694403097542321,0.6080288728618048,0.6170403526949579,0.5310505880553982,0.607525865310553,0.6533809455879118,0.7535155540750682,0.49084460852325135,0.47920001329897044,0.4482395015291348,0.4408614737260512,0.4365259367387987,0.44408014925949957,0.8728405640607984,0.3609928662751019,0.5727965065954037,0.5591908326816497,0.4431832396665933,0.43768019392332214,0.4344030297718744,0.5631906532624729,1.034658037959268,0.39983699199872824,0.39088921909171864,0.317772343716591,0.4328987183269261,0.5028328160518936,0.18795063543906748,0.5454641636548508,0.146857276819372
42,0.2817398134656459,0.5725438626100483,0.40808083121759153,0.4375232542676937,0.7280315592997133,0.6599723265699458,0.5155246289394874,0.5972051990318268,0.36835328013063784,0.7455779763316118,0.5926768407363997,0.7119203378268082,0.31838760532115884,0.2599556278167783,0.42934888615296285,0.424725938724684,0.4684572534795225,0.5864953474734359,0.6129641224404085,0.42824266614105005,0.4410085449459331,0.4295656771493602,0.3329278582765328,0.39081805133607295,0.34087928244140453,0.45491703832536123,0.7060818920229515,0.3704772279638283,0.3248519595794689,0.2996410669562188,0.33212818608948885,0.5506171369243082,0.2489024517957456,0.5681432681515796,0.39310438527525415
43,0.35034264339669086,0.5393161376455785,0.24125212635575488,0.5781906948346477,0.8697696758509806,0.6080078067762311,0.5530762377294435,0.6515346996536651,0.6121990068731396,0.7009798410284258,0.8073755907696502,0.398166333531629,0.42335749763935715,0.5344550130100821,0.42270543361074575,0.5452035903197756,0.49409310971793,0.6321518222339076,0.8433392156915249,0.5302334059069922,0.4821883245912373,0.4319069455318031,0.5694885423301721,0.49777445009274457,0.48847341509284625,0.5186672842418076,0.7400003036510815,0.32138313219355696,0.4725996142104348,0.42016406722680427,0.28155098003732537,0.4764714921914951,0.39872245442170257,0.6831030133184611,0.27075531894014376
44,0.35825631709871997,0.7281963488633258,0.2581357432237559,0.48978132048418316,0.7714666576160158,0.6457442281988887,0.6723956139882479,0.5368557343781473,0.326263634973015,0.5220259399480806,0.6432904399916249,0.7317196956445942,0.37915083953694023,0.42492839139653515,0.3092969818263206,0.5188624410096159,0.38053113828163715,0.5928944545021823,0.8169416677181114,0.3375823774877468,0.5945980293346287,0.4560969372976034,0.4298603793895071,0.3968488145575435,0.4199910289672514,0.49423306857441907,0.8228747239423169,0.3676013889986932,0.452501918763332,0.37764947278847133,0.519516630201083,0.44155333128988195,0.3583119379040587,0.7362754187858158,0.21466409315193008
45,0.3695066063535319,0.6849951060193842,0.4839607949806738,0.43372473421566327,0.6634722582516328,0.5161040584467381,0.4549956022633483,0.576992606459213,0.4993259229014773,0.5971653023802557,0.6721377245050689,0.8783436371268754,0.368327343268,0.5116010237854941,0.3768170812065337,0.4453965335583805,0.45153722143402886,0.6038718765721216,0.7435261647182554,0.4085954282215407,0.5230253376599951,0.480527386694429,0.46739009028124223,0.43805138966287116,0.43779540294341746,0.6158989664707393,0.7195028629932535,0.4340146467248209,0.4724578135113031,0.3134555114527595,0.4207875569197974,0.4679249171394529,0.27646900592632123,0.6696362510261142,0.22628050591449078
46,0.3657336821717234,0.559210038705761,0.20729383790038608,0.4855250887549839,0.6884395853155686,0.5782726666394045,0.5790222745464324,0.6252772777079656,0.48055484477760235,0.6734794739052348,0.6260069898643538,0.8298970486200408,0.4071118379608869,0.5189167188645283,0.34712171682204657,0.5403737057053968,0.4186483592817551,0.7336050293497636,0.842454273280367,0.431266848345751,0.532620181133795,0.46655679151174767,0.4430753283826379,0.42658815204419315,0.5818729686806612,0.4926219698576537,0.6995569244684791,0.5719609061956118,0.48537489336196304,0.3067008301275169,0.3929696554559577,0.28820814678692686,0.3305326740914829,0.678791258833574,0.2537380093874061
47,0.36488107011897364,0.690599209732573,0.4399559508808357,0.49050878117035124,0.8759238621821059,0.6059331543860875,0.7826883077896332,0.6213342444389764,0.6503618107660506,0.7255628558956719,0.8069387392044352,0.858541684591172,0.4359104942477478,0.5903905570526556,0.5535784573685247,0.5411465219062187,0.47953255378250825,0.48336204547369155,0.9772405342904622,0.6054965254546656,0.5479409429660113,0.4810980242386445,0.48618755661506596,0.5437815736419274,0.45028124066661157,0.7051550360369299,0.7337587659326967,0.4639495462928091,0.5094090428694265,0.371423672807037,0.45966091461714464,0.5286463658830987,0.17087100986939385,0.5204094006668663,0.3955712271031955
48,0.2940109696511771,0.4776879289331689,0.4126826574685568,0.6537175580690202,0.6644163667970368,0.7125451995739402,0.5668124287342697,0.6465712722807285,0.5422678901630961,0.6677788455740843,0.6022663636609162,0.7139456669826348,0.43215654615815974,0.4429228460770291,0.44450547310192406,0.5143573419371108,0.5408695504543108,0.4858135516913591,1.0181195158828593,0.5519122517384786,0.6724834815245309,0.515502127438395,0.6414807172222217,0.36265917392670743,0.43682769572230995,0.59035355186284,0.698649171384867,0.4880270152746825,0.3374852135968001,0.3589397852453218,0.29999811976227364,0.45146752469391477,0.30016386889358604,0.674933182596997,0.3193193538237797
49,0.32362630644959367,0.46534679288047065,0.28415120556707735,0.5053262464024411,0.6704446975395102,0.6261112098501999,0.5556709969501239,0.5560835557865895,0.48954906398252757,0.8078057716762103,0.489730929945929,0.9059485910680736,0.3368845667350908,0.4094026843037822,0.44433620052194217,0.5042558803966881,0.5622033516756588,0.44419490314815013,0.9501539200887865,0.5075028835532703,0.5534679280313544,0.5753927415710713,0.6107222741270908,0.384605344015041,0.44202894644583635,0.7818597044941525,0.6725826388246132,0.38886867975102113,0.4075268089322737,0.31606464153782543,0.17290107590930193,0.5122642872075962,0.23391828100840556,0.8921630493113419,0.22176203093016567
50,0.3284224960846346,0.5437596805744673,0.40683741591225997,0.41920902344301125,0.363760305427577,0.5739255919203095,0.6559009699456362,0.6598822761732894,0.3052699156136137,0.7420173047362901,0.6872105750451638,0.7701884999877878,0.41985331705162676,0.5721933007819658,0.44915230493463326,0.510199789464899,0.5440783741255959,0.6050168309317446,0.800643331580368,0.5467880955220665,0.4915359267733349,0.6595651577841073,0.6023819815053282,0.469242026671372,0.48023962864842673,0.5617423502426446,0.7469121402556853,0.4151759304797561,0.37626291541369317,0.3016888986779167,0.3287484758846783,0.3495112872396269,0.38673072166662026,0.5391366586762272,0.2616752350850307
51,0.38426765373453997,0.4855499053406054,0.4558763848788183,0.5047644217321371,0.620884902718367,0.6860893337896297,0.7198670721396774,0.7158669214524966,0.7009820020205277,0.8151217796899441,0.8806758346485134,0.9761666170578349,0.48038960381291346,0.5135510993460471,0.49322692992510947,0.6016055603901521,0.5732896423319096,0.5305792974410806,0.8957731314151445,0.6494640047491209,0.5312635866758322,0.6251422915186959,0.6327845471219871,0.4173302201942246,0.5362244687952056,0.7039917553958164,0.8613493887441018,0.3492878439096939,0.39452898701458045,0.37636887650546125,0.28566035936276113,0.3804195125610794,0.5169269826782892,0.6689924572917987,0.2613779482342705
52,0.3270420844262231,0.5581182455904021,0.29511848150860315,0.5327822798851254,0.6727450273691302,0.6475296924404381,0.6777294198855318,0.6002389244965045,0.438503417541451,0.7648002671764735,0.7794226627010801,0.8660160609164833,0.5034046602478259,0.6490282178693307,0.44253423257416197,0.5781215275423184,0.6056856946950679,0.46350062133170766,1.0290209613761343,0.6351014097477803,0.5237247555682112,0.40206699690810355,0.47299839772293034,0.483169670944688,0.5621443785267654,0.773059524657995,0.6829567002696253,0.3467345909080351,0.4847317316859242,0.4510346566095673,0.2946635233995438,0.42119784038554164,0.3532194561228376,0.8060245547381986,0.31817398857347945
53,0.4112884445142132,0.4448591820219364,0.5064579472865762,0.6238491204021013,0.776831826536273,0.7438938645122237,0.6454953728822042,0.861483592850935,0.6951589517000237,0.6979878356927764,0.726024782834648,0.8486365622818094,0.42613104210992037,0.4133031740446702,0.4961656085576215,0.6886534924502115,0.5527002541697664,0.39766466322003646,0.8679248289759938,0.6633148878697799,0.4423145884426227,0.5283283542829478,0.5540252996959432,0.5555110318080019,0.48634869720880847,0.4596559625856202,0.9057940600606538,0.5311709596205864,0.32359644710482144,0.26877720975270303,0.3165775411140593,0.29382500035697556,0.34199873324436175,0.6982119962983525,0.2550810808099393
54,0.33501736169681007,0.6034067705826454,0.26400938059357015,0.29723238688724385,0.7469951744359263,0.556669121677851,0.5161237032299093,0.6395221878398751,0.5091473241563087,0.5457533337110582,0.895459065692152,0.8849142365595153,0.3034966632730963,0.4321630761256213,0.40554940137762735,0.5491140482240227,0.6046706705344453,0.48617795920833173,0.7643215214704883,0.6686978241451536,0.5573958633999183,0.6122391553810321,0.6120275755754858,0.38133004070307175,0.40330757574390164,0.5101888400473669,0.6394918588142451,0.5550881040696872,0.4116916918266237,0.4855664733244318,0.269309535837562,0.32901790601223524,0.45414993960866823,0.8898504768253002,0.21582851302868447
55,0.32269217419412866,0.5011513844838317,0.408165964164782,0.3930987105016897,0.8357063493824541,0.6132084694331632,0.5476953767262793,0.6521826527132827,0.6677112943454665,0.7750937688648021,0.8481538061526517,0.7366212138918276,0.4294109580745151,0.45040189722034585,0.3859372352244206,0.4428666445603309,0.6709062549028997,0.275768112911987,0.9447058969146229,0.8388208262110229,0.7092937566898674,0.5855410724378894,0.6268969443952075,0.3988603800136806,0.4412158669180474,0.6111113917094456,0.8184024885449135,0.6095662631871344,0.43278218387107037,0.5004381906130211,0.3829720927410558,0.43874125231178934,0.4396649060964528,0.9092988359252261,0.5035820497269348
56,0.2836306587785133,0.5073699619143797,0.2610567974357184,0.4296994312312223,0.7877163041299138,0.5435694481179623,0.4328946510735461,0.48127153393639405,0.5780400153979636,0.7701630485591306,0.7648508858980909,0.8297010803222098,0.3987570521789051,0.5653791833127216,0.4435345458181512,0.43229879111597125,0.6107507301027835,0.487332985002269,0.8414574522554851,0.5453567377855375,0.5466194173040723,0.42040410770335546,0.4279881665215481,0.35885370685412865,0.47988282964148227,0.5534522849773411,0.6092657092318046,0.37967943346430766,0.38343063080698747,0.3774185757257205,0.45137646382402985,0.32876174476964615,0.3484886718285706,0.48933496999812925,0.32539491248690394
57,0.25730882106036057,0.5354023804911838,0.3844578918746965,0.24479581590985816,0.7338536685584729,0.5258877610783392,0.6091369635638715,0.6186470119734182,0.6639048413633597,0.7524215072216611,0.8412390537573876,0.8854549778267311,0.3325179801680994,0.39722208038575724,0.6158266041854166,0.5254693147548376,0.6049112566742305,0.6158817614833493,0.885492416261443,0.623376750651529,0.7044375891546306,0.4382372532499321,0.6031751002060923,0.448468095382122,0.549142009674827,0.7223406610550333,0.8568765126070198,0.5403909736841309,0.3822740016857684,0.5616442676090977,0.4406956586532671,0.36931814691974796,0.5180851083283531,0.5503630035275915,0.3946553232508226
58,0.3637153315016093,0.5210031508795238,0.5865870506647204,0.4368928905301671,0.7293884056070657,0.6510741029139674,0.5776373492072608,0.6169330894125253,0.4883791023073282,0.7472287949776912,0.7641294485001604,0.8137733404712747,0.5363725383345832,0.42497943823908446,0.5062137319173708,0.5590542055028505,0.49409856660146195,0.47400994865435925,0.8291463746520358,0.5594665180340339,0.41968780205251977,0.4979258535152581,0.4790174293405234,0.4702074321185679,0.594182370601215,0.614855111018132,0.9005232083354846,0.6317880899409485,0.32792300790758144,0.4026082485310425,0.41450995258155643,0.2597177066227476,0.4167699002551132,0.6174953479973806,0.3547093115780301
59,0.4237647534841179,0.5982148388632618,0.44958495462002745,0.5731765184404369,0.7408489809201619,0.6036160420091321,0.6863385604776453,0.6212794244352158,0.4800210136676664,0.7705008269295167,0.7348038282116289,0.8643678748651589,0.45710413117385906,0.4927294767188416,0.44793820386643446,0.4648127731872508,0.5179377738341573,0.7582730544778904,1.0267356843075186,0.6050005585765117,0.5674010837192784,0.5564691322140298,0.6406718335413689,0.5524577140906042,0.47259609079819953,0.7724178659702909,0.8258696964568184,0.5993274518787975,0.24577165637058346,0.40943282498612954,0.5215189924873944,0.4026895621758323,0.4225275541008945,0.613499764575528,0.3804907603930726
60,0.36709910016363667,0.6102088465641944,0.2852399430443461,0.5749750660399076,0.7325256604174439,0.5431052845259228,0.6128806845194549,0.6521572952244827,0.4482577628125418,0.5763278598130082,0.7111871731881838,0.6796737971054052,0.4179483786668128,0.35913714760100846,0.3582835559586712,0.51608546792439,0.6236123072008808,0.8381925186193088,0.8360062381362885,0.4125072659895501,0.6255543248646119,0.5875947653729732,0.5636844368702956,0.4218576666009806,0.492974091260584,0.547189433720755,0.8223850165494946,0.5608822355150505,0.22832692418316256,0.42608204181065595,0.3858132293844301,0.3775901700442591,0.3377594055008805,0.6481709642948033,0.22742479137463764
61,0.3682337172828788,0.44541016141602985,0.3777739104107358,0.5780174705976819,0.7258683522626985,0.550506536744256,0.6990032825075736,0.7106024705558881,0.7035161771767245,0.797728822092744,0.8793619409131483,0.8416877013130777,0.377688672558918,0.4922332385360637,0.5645061286784737,0.5812731126357754,0.7028998194786191,0.6547641254699877,1.0046931475526257,0.8046718462205859,0.4853130856347484,0.4265870030637424,0.5497414558849787,0.3985006491131922,0.5039459981760004,0.852171082259107,0.6841153174204893,0.4589693334095448,0.3763558747845598,0.2638196105555669,0.44436177791166315,0.37173289691884215,0.30554740909844025,0.44246663436325734,0.29988027195296846
62,0.4354116326441435,0.5009789533114284,0.3009284205715723,0.5116105948852514,0.8256190579496197,0.7066868738961003,0.5595135130364097,0.7339590669572935,0.6635516892148003,0.9104085316442079,0.7770744217751496,0.843994634044219,0.3520705868439064,0.37508910076348134,0.5792432340860645,0.6707138951136159,0.6439348460114556,0.5842855616234401,0.6756660516170645,0.6634294482147198,0.48028659787493155,0.48290217983664196,0.5432922550421317,0.4878444808621119,0.5467489150799655,0.7684806954686443,0.7944591109336777,0.6308362475159011,0.27370545706571825,0.3375513859388949,0.5030306764541181,0.44923206923824555,0.32032053933446725,0.5478262566000425,0.4299623277652873
63,0.37207281507818873,0.5211472528568755,0.3809177634076186,0.38496892916411457,0.7888954621321149,0.6536228635522883,0.5181954174281288,0.7896798182223039,0.5607093385511475,0.8212666888532719,0.7954871486154266,0.8996427113140395,0.40868572239069323,0.4447838122799266,0.44121220491947105,0.5439834865695665,0.705292846271214,0.810003562546864,0.884294216356617,0.6314245173437714,0.5102559140944027,0.47024107972995327,0.49180941705585796,0.38461017927686314,0.3742344076387366,0.6898041980775487,0.7807862784754532,0.5166707802583899,0.24906277403898774,0.29630314665240753,0.5175605858869645,0.4616682718972014,0.21664859911567524,0.6086297845670238,0.4759617064386613
64,0.31031246373370136,0.5429631518759177,0.37545341937700827,0.6111829325745483,0.7417089819650164,0.5853349149466337,0.6223966203710644,0.7769808332807663,0.6697617229750177,0.7120036805995116,0.793151638883207,0.7706095136738945,0.44712495870491,0.365016620632957,0.49064699357043157,0.5167028288542986,0.5748082111704802,0.9578587768958643,0.8452840250638525,0.5545773962535836,0.527754565403483,0.6040558110389296,0.5602746406652469,0.4724901447935583,0.5086226506049906,0.7106419863800962,0.6254072932958319,0.46209806946320325,0.360675544864839,0.3458262168792824,0.5039114698056031,0.3419733505681839,0.36554331486853375,0.5338236655707734,0.44129019269573905
65,0.39262835996789924,0.466380486476362,0.4145259164730457,0.6476471328131814,0.8377403623423743,0.6948965373721412,0.5998069169955504,0.6822323665569633,0.613484250127843,0.7889455743126941,0.6451920516953353,0.9742965121339593,0.2785853162980262,0.43215069289238683,0.5020866501470285,0.5577997113355291,0.6411599454757112,0.682324875327831,0.8093756534227159,0.5714237393766488,0.5526592178660243,0.34237953798927157,0.5173454431230023,0.39481345808573354,0.6018945713087742,0.7744570629586072,0.8383199013480829,0.45684416591211613,0.41582600362629285,0.32067346243275274,0.4028724082121101,0.34646963113186835,0.4078078278432716,0.4123402839757391,0.3728083099277947
66,0.3888892063803423,0.4906513537722348,0.18698201035106748,0.6047495266301454,0.7616313222859733,0.5817383482979167,0.5722133151301639,0.6279169280303456,0.6528179294082984,0.5926555170326742,0.7694889763117154,0.9153500546692139,0.44991329287324905,0.5294740943321175,0.5108454701799359,0.42014288508760245,0.5918812813837542,0.6792171620363228,0.9757316272283492,0.6674686723556948,0.3808341484575489,0.4047421925151826,0.5346340497878221,0.49843543614927366,0.5575617089101566,0.695856640817305,0.7867626415778306,0.43463937049095897,0.32886053985300817,0.32443127082601747,0.591578679641521,0.404831099245754,0.44315162537918384,0.542526381952428,0.47063978080001445
67,0.4066970209411577,0.5409301524584429,0.3905431648232265,0.6038552455260192,0.6993208222145675,0.5367161545399491,0.5578195599265029,0.5492721664629446,0.6169402406380571,0.6441305054662508,0.7359571107865508,1.0491276869327693,0.3757890919786733,0.36146941852720665,0.5219381616377781,0.5441524293890265,0.6299223424907324,0.8687542720518242,0.8511194871423299,0.583038589598287,0.5134615149227839,0.5293447493392588,0.42472866667035736,0.4519928055615892,0.6188871856848768,0.764345548246022,0.8601219865398471,0.38183918324185684,0.30062857146968125,0.32776087965883244,0.3850945956490958,0.4543510581419515,0.2991439712158167,0.6268143323927777,0.535265706028025
68,0.346887098847974,0.4493571445288531,0.2222172479596468,0.7591587032156639,0.7069185483374599,0.5577882169243749,0.5028804991110716,0.7808216911999346,0.6944551809652084,0.6983503400146782,0.6129813649018743,0.7103092294319309,0.4341070244671802,0.5030925067809688,0.47011834646084305,0.47033876077298253,0.6783719187663007,0.936484134436282,0.7331703149010569,0.5779597079550752,0.5783089683166062,0.45994998648106655,0.6157741329354834,0.4698286565014843,0.4442736642682298,0.8292915805808005,0.8838251427204139,0.5031203518038148,0.2987836595279063,0.4533143129443541,0.4260477365671416,0.4737337435012101,0.3684058817348324,0.7615657892721068,0.36620174093208047
69,0.28201354153254,0.4323427327175243,0.2687343075023147,0.6148005760567923,0.7572165863991744,0.46601480337133555,0.5914483787554026,0.5902969584396116,0.5556414557060039,0.6447547776952764,0.829722709414282,0.8828965961143295,0.38378314447062667,0.5668698185256513,0.4979086479835263,0.48070748306650457,0.5566991991629084,0.88519271522767,0.8906285570439398,0.608988688610522,0.5067007814388155,0.48751305211157064,0.5995608452053421,0.5695875320006892,0.6020964199180863,0.8427857603229196,0.6698816178538827,0.4467429193969412,0.41301160271095483,0.44691093346641064,0.45290796832401503,0.39553500342863324,0.39965904428199217,0.5289490600947104,0.4369865115255932
70,0.26610524475305436,0.3745103153637014,0.19830618276956574,0.47902865177795295,0.4468485857659127,0.6004223323891555,0.5102240955748196,0.6801447621828562,0.7012930509185735,0.5607429431369223,0.7115618793268332,0.5636908304682225,0.3863006527610737,0.45277858824281925,0.5463928492409839,0.5976999347439206,0.6674237258516722,0.8489786757159716,0.7965772189361817,0.5518306540127533,0.6019010773519429,0.47490993089557104,0.6606626739909539,0.3627547321298117,0.5451232400759719,0.8737170383176409,0.9113369708681489,0.503071103359598,0.32657644812149483,0.43564840542502103,0.4665542440067112,0.32328474718036704,0.4498780391081899,0.7109104843936276,0.25974149710183947
71,0.34525613049616366,0.4885692432408102,0.5097301643329204,0.44697854747827215,0.6806705951389884,0.5516084290367014,0.4454945933086384,0.7516128861358283,0.6690491182164178,0.6337957592742895,0.6469383107218425,0.8414279586926202,0.3536221191845647,0.4677421158801217,0.5504617673406367,0.44338804461508036,0.6081058515854867,1.0160901556983204,0.8498107503880573,0.749981754640294,0.5755532690475905,0.5171697498843872,0.5956841256522485,0.35590877988521274,0.5313161063571554,0.6763866422342493,0.9404466216179833,0.5932488000605113,0.437353649818247,0.4135604128643694,0.3231851210515766,0.4404425002407372,0.49360933370935334,0.5466765720829674,0.528666425691336
72,0.34547977585800266,0.5184537999992066,0.6199287751096769,0.6358650339668505,0.8234854136278451,0.576002055506663,0.527877906081198,0.9589101065527107,0.7177140965161793,0.8744480035762267,0.8316248191883076,0.887054257739454,0.4022173538274809,0.5630140963211666,0.5630497760988651,0.5318962816891157,0.6503691473490353,0.8757177855842305,1.103555919673091,0.6911131090630493,0.5436940785955577,0.4947114282903297,0.6850756335267344,0.4441778449630902,0.5282875930558295,0.8675929489025654,0.8471409586259706,0.4555270576402982,0.4344097995493419,0.495358793598741,0.28606465281684446,0.39541035154690096,0.45877521741011984,0.7512797641524616,0.2958610844665356
73,0.3991538334702105,0.7379456074505035,0.5079280248975904,0.5501802179115804,0.750347574937462,0.5254055741575767,0.6020209790877167,0.9336702168783229,0.7923106361869796,0.7221685769503013,0.9117623949849507,0.84491740615903,0.43201621750719166,0.6983312229781443,0.5339082549191837,0.6205506019670506,0.5857328560848796,0.996395008007382,0.82808785678391,0.7780528829422346,0.6937808624907298,0.5501374588192515,0.6259038296387186,0.42359007593473574,0.6851098088513092,0.7286700278827299,0.8269354117000183,0.5227350669712937,0.5309358958397956,0.4782876531216275,0.3126402168840367,0.4311954367311236,0.4933689695143726,0.6181023361667773,0.3659930950485004
74,0.3156088824825575,0.49343523493935737,0.6449163041143813,0.5726228003755396,0.7959889273267666,0.5305075981699553,0.756929402302272,0.7754244665948709,0.6392158581409141,0.6200869010792804,0.7384790883134205,0.8132649545393923,0.46772392078569264,0.6532938831678445,0.5258087841834731,0.5652756530512346,0.5152536795523865,0.787701584034374,0.9667696787330191,0.5502613757330587,0.5911053755550312,0.5278184983018938,0.5557672758626595,0.49867680666724323,0.6002724147678008,0.7908177046739356,0.7399815477748759,0.44225675515441865,0.48170941467570855,0.42363182019474677,0.41226382753469,0.40905582708711485,0.3787585581835172,0.5570784784048632,0.38282521244797285
75,0.3009783349352293,0.5385546923242575,0.4074360695494551,0.7416664785317943,0.8337464921188698,0.4592433858575198,0.5607628523731318,0.8306737205757362,0.8265259028636203,0.840236699488741,0.7339937492882794,0.9599366371528226,0.44194475260099353,0.6393856400996671,0.5280056246256635,0.5693782245116907,0.6441855750599768,0.7924843049167838,0.8788133574015398,0.7251078836108564,0.5215121191811487,0.5738251919369559,0.5902537313881943,0.5647008455331761,0.6114296622722875,0.691969587931414,0.8029929582891491,0.603668726013076,0.5469335260359616,0.2526768099551991,0.43476269123061967,0.4669320572951901,0.4567526768291652,0.5503718006530274,0.48019946416335774
76,0.27108273468523825,0.5329989553437204,0.4929740890509785,0.5991313837023207,0.6544657309097649,0.5603071522636672,0.7011852541988466,0.6997888885793795,0.5446195902933584,0.6270731943960619,0.7531645725543314,0.8912581988403838,0.43745730016568196,0.7462889078140376,0.5524258660677803,0.6159441254652979,0.630554199690134,0.5750650169417955,0.9019024092471966,0.5867220829113597,0.60250698207765,0.4731786118208931,0.4932475692198578,0.5941172610929255,0.5651128198890216,0.8122588034943978,0.7850615518224323,0.597454324903369,0.4090725260348697,0.4183270989260068,0.47894823360163286,0.4008270780172597,0.3614788648988694,0.677364700096754,0.37973642125558105
77,0.3437110531630603,0.4067589313707282,0.48804497983853323,0.7010566444327679,0.6298342221456887,0.5868898247367574,0.7058713637120864,0.9231845846605405,0.6041416613107322,0.571458154818367,0.7963468428358677,0.9588474156153871,0.49276212235216255,0.550632982470696,0.40729298598284785,0.7506505428579517,0.48857709204108785,0.9917836642957273,0.7845636096593724,0.5823833072726484,0.7009815144429673,0.5531593828744215,0.5916874355598105,0.5600959846024041,0.5062022231104583,0.6868112568007096,0.854331871854539,0.6047343071605342,0.4509277438881257,0.5822314202115273,0.3562475985734408,0.3979221752043567,0.4835701026554171,0.5273503176919461,0.40142154757097076
78,0.3807714891398863,0.41470559172567034,0.6752492252132603,0.5805010059129272,0.7620787427780209,0.7234827392541364,0.5678195616002517,0.836621191733682,0.5404209036439127,0.5312063303658484,0.7393900162549889,0.8591243373648279,0.3572700944437879,0.6831401589391833,0.4229503787708981,0.5040060039508257,0.4434865949110709,0.9301641550928073,0.7647885715890533,0.6062832117175833,0.5998566519114763,0.5204032326863505,0.6051020804296676,0.5663292653130978,0.4445136181944994,0.654560055752305,0.7414454259001476,0.4359369390314987,0.4502605863115312,0.48926480746036144,0.3012706792529111,0.42707342045480373,0.3329265783100112,0.5282237620944401,0.324560035644225
79,0.29540231591066946,0.5521864018669488,0.5359189395338333,0.4722279323240312,0.562751758693274,0.5676393869615739,0.6072985381818443,0.8475666152447345,0.5729351388658669,0.5371463656370372,0.6677710796503931,0.7932883075684881,0.3705314099740303,0.5856750456029854,0.4008466644037983,0.7200940843891592,0.3964653845333822,0.6285656839155145,0.9353336935120566,0.5959882235247004,0.5445606701445017,0.4103019228384286,0.46000343365927254,0.5021435107240603,0.4089010085950995,0.6281431806704361,0.7491299210384256,0.38394462814270364,0.42615150018089676,0.390949695725322,0.37098664382284063,0.39593086892194734,0.3314692134576216,0.47131607696043304,0.32150767060708174
80,0.30900273256417987,0.48737225706459414,0.6276272702073848,0.4983233896175122,0.5915800747052878,0.5627925517351919,0.5773923500414873,0.8747678758853403,0.7452974347696294,0.7717669967251711,0.5456886393797216,0.7079761044818934,0.4254170252459372,0.6474064450566294,0.48070224250533405,0.5505614152903978,0.39000118107137327,0.7611738942707857,0.9015179918347529,0.5494790945040876,0.5955920106830881,0.45541234286139065,0.5123257183459902,0.48562606058104735,0.4110487345063132,0.6434767670218386,0.7985019604211755,0.6650228686987961,0.5342938264298263,0.40437190729528316,0.36163817726965763,0.3543989902785797,0.34095919997694435,0.6116401164166234,0.30446988549064286
81,0.33960589706890754,0.4756497642355801,0.5954609586312738,0.5345043735156564,0.6674011235016395,0.6411446412783987,0.6994127186251204,0.864878534035711,0.6417290176458754,0.6340815339539025,0.9193563151923461,0.8309211139693673,0.5103284787253963,0.7178828217580813,0.4707217075712674,0.5539635758584843,0.5709466581734308,0.9510762344178971,0.9580677564895561,0.6104114925535953,0.5758136566798495,0.5674161401690309,0.4928693278471831,0.6878135162700039,0.5401738047764099,0.5988794165346704,0.9355068446568506,0.8041480735083886,0.5390057026483501,0.32493401621120366,0.5150877126923752,0.21653623829891164,0.39565680238410184,0.895593148173954,0.42644475062639453
82,0.30586927058818547,0.6651689452874272,0.7449438318809183,0.570181828007958,0.7519110032329586,0.5996745073987942,0.5587102407685167,0.7865978420191039,0.7797635560989542,0.9827846236901833,0.8120733970270532,0.7496203121915153,0.47437129081959195,0.8684402045548603,0.5697442714048859,0.5948038201760122,0.6360854019419281,0.734755035645148,0.9653786308490009,0.6785670751317181,0.4453191601710879,0.43020136315290003,0.3845483508801454,0.5143578336086101,0.48434122507537836,0.6556439959916528,0.7305311013403258,0.5716735197458183,0.4764175818465839,0.24117215781752005,0.3944529952764957,0.3195128873869371,0.2752360937233816,0.42415754193919375,0.45670561082259536
83,0.2854439211287414,0.5674401652164218,0.7480669407705329,0.7469279924290189,0.5698689019135638,0.6113066621383161,0.7322437702565802,0.6656171802204957,0.5297997851888498,0.7160725327505292,0.699773491589547,0.6939540280311092,0.3658584151037138,0.7832572024102444,0.4187858050491266,0.26453219066313155,0.5234330046609499,0.8845106556984277,0.9671168512889905,0.6194209029852888,0.6023461090958131,0.45619442930870024,0.407064528136065,0.6666328392305568,0.3694664912430982,0.6103182914046269,0.6420764659485011,0.36935860427555056,0.3924744318468653,0.3335161085298257,0.4204184078961001,0.32183188452923017,0.33753271846290567,0.5906646603733077,0.36482230325328313
84,0.30840289913393093,0.5404063447153702,0.6196506874805828,0.6392659274762136,0.6311779727307907,0.8729964425235497,0.5735265782900656,0.5639322699748983,0.7593498066686702,0.9415807618589099,0.7540550880921681,0.9043016770596646,0.37671321675021463,0.593497006917875,0.5701921881867151,0.38613068328426814,0.689306295448527,0.8242236546555415,0.9591987390164377,0.7066844211880576,0.700659888726851,0.44037459510837507,0.6084556976281661,0.5392554156320911,0.5204484757410845,0.842285226330876,0.5969154877579788,0.5241908646436154,0.42744304916606346,0.37572540399394944,0.3843217763776382,0.4249945752943053,0.44205550607849364,0.4916624092087365,0.35310256888993563
85,0.3770087693299804,0.6198366507704677,0.8425855378989073,0.5983380930336464,0.8091179489154257,0.967013962814802,0.5950303445199303,0.8319833508453267,0.703712270743605,0.7809743148043615,0.8793089559343665,0.731330399975565,0.3976386512908894,0.49144850234355597,0.5077830868626854,0.5677544053397939,0.4379700756793543,0.8602081149749035,0.7430164794863049,0.8300304727546348,0.6249370024121038,0.4922115448601003,0.4954449772124297,0.5497733034066788,0.47713744208132325,0.688396362936901,0.7384970205636925,0.5462034469486163,0.5078826291726433,0.35202676083584183,0.42171084293573613,0.37624723961363044,0.4032039639484556,0.5653303451824403,0.4388541275052964
86,0.29865962881238983,0.5341210706858722,0.6828137013652689,0.6895160896207482,0.6817488097604342,0.7895062323214956,0.6275365203199478,0.7652787053034148,0.5686187785407155,0.7943358565362254,0.7489936541636353,0.7304876597734934,0.37416953203798625,0.40968074209683214,0.46879493430035446,0.4486239095856006,0.5660594901115228,1.0169707148169125,0.7653709146274974,0.663230821409516,0.6045030607746706,0.45469398379990167,0.5055733434886354,0.46938069469439614,0.44292342100116344,0.6361930309738215,0.7081671371866709,0.5257964971267942,0.36516376328414035,0.4049217284747121,0.31146261039589557,0.42003756742001264,0.2620247353135735,0.5697621177557121,0.36474776395525127
87,0.32475630477186845,0.6269609403236798,0.64845100120822,0.6392772341366161,0.6059552077926853,0.7426173154924668,0.6569894197318387,0.6788098949898034,0.6646235299169612,0.8770219619810682,0.8221850114921425,0.9214333214661041,0.46190601024682754,0.7586578856311599,0.46846394394046886,0.48754566812777833,0.6326984543529648,0.9369532353779998,0.9357088043686695,0.7408415298154909,0.6181552056320769,0.5838201692796297,0.6323390281147088,0.5270696915445401,0.5620192456306797,0.782268316461143,0.580814290007653,0.5870303989854815,0.5047351058505205,0.4074738591449126,0.4864476355430449,0.46448845642732994,0.4877218056931595,0.5355953798199666,0.3250970687656824
88,0.335778736799549,0.510530190030815,0.514410703966245,0.7024080693772647,0.6360700054222729,0.5793885696715857,0.6837124495030047,0.8431963613639794,0.765184622047284,0.8489932720925306,0.7275493131335958,0.833832977002686,0.3535882158171052,0.7697441537432075,0.4663813016208804,0.5974613980314358,0.4461406968777249,0.8729740920244697,0.8938026299454098,0.570031229243821,0.4657805359052364,0.5735429180661413,0.5907725697265873,0.5977801446650424,0.5674763280766916,0.7378007927602728,0.8478839690550197,0.44808885425735806,0.37468810301733557,0.4405324368035137,0.35422186363531516,0.39792878180854463,0.44060401470143445,0.581634222753453,0.4140469194302119
89,0.23800407247116523,0.5419105890631216,0.6767360149941883,0.6209512507774992,0.7007408986444492,0.8427774081163215,0.5965013933732075,0.6783772266292334,0.6917804670340721,0.5327230642173852,0.8203027576232313,0.7642931488317676,0.42848703769865737,0.6529638920854084,0.5656189369193088,0.6013308240970561,0.4264394731140488,1.0663536194947727,0.851271059585003,0.6626991688577527,0.7323812619376577,0.5324734463189376,0.4814805676596276,0.6832826118550367,0.5249173598503355,0.8506385693943281,0.7722837652828138,0.5176343002247202,0.43124968222544485,0.43274172710117365,0.4422716944898626,0.33234869607550066,0.4667488932738466,0.49936514360410517,0.4564934109220823
90,0.29966468975727706,0.5992308348107088,0.7466956830522198,0.6419754621940916,0.535080841727746,0.6854920701227261,0.7595997304537003,0.761803482337978,0.6358874807419175,0.636837975351833,0.6919267724937188,0.9019493141784064,0.5253793793738337,0.7659891570784902,0.5035999930515334,0.3738403447437335,0.6250948473434438,0.9122446603926837,1.1013853845374926,0.5199763086256949,0.5261667331898832,0.5516439563362862,0.4359115732464152,0.7650181824588584,0.4170297363083729,0.9388209304503683,0.5529719384964563,0.6986099339891562,0.28508150128038834,0.25667309742671945,0.4675272366375033,0.42270052478125664,0.4669439021453811,0.615895517907507,0.4916693127811582
91,0.377434269133471,0.569846933561291,0.5819503745070405,0.6804035025258597,0.5426249316249636,0.5291383297532705,0.6263459269926115,0.6901803800369778,0.7078249696670846,0.8160454140821908,0.8444357491489098,0.7826906324293383,0.40123971746278775,0.7684393708315159,0.6702677575634182,0.5047968862752492,0.5700497176217716,0.8074293990452307,1.053612372650972,0.6333940914431772,0.5438094083530904,0.5730446725825563,0.573113478917861,0.4773683418603802,0.49114802495477117,0.9682957370423579,0.6965672087287165,0.5008161775798547,0.40311810363993794,0.2937021653850672,0.3245531603053099,0.40123430372928426,0.39445557307424084,0.47174488075427995,0.3762834577302
92,0.3327972618707211,0.5362179365324102,0.5596089023553341,0.7498334124043109,0.6383228092955273,0.6624566148119131,0.6198472093832719,0.7494785195762614,0.5766536313595239,0.8433708877285958,0.8048076544535275,0.9637412595945656,0.5433712463813622,0.7541116757364659,0.5056270032074061,0.46580639476506697,0.6285367091387647,0.9521412979466655,1.1553568465197572,0.6781060825659108,0.4309968640797017,0.5826713852097585,0.44934436271588485,0.6847630855198241,0.572266554517295,1.1051738669629625,0.741744839855866,0.4917766833270195,0.37378444051219284,0.3649845487937201,0.4739381630568957,0.49639503817431635,0.34814860109065626,0.48847478617169104,0.377535281576155
93,0.35748159063834106,0.6151395428930457,0.6017250519359116,0.5897822605411646,0.6682467835949978,0.6113531460731563,0.5185613072597504,0.8713467165756825,0.7289221352877457,0.8214245184195685,0.9572850303272296,0.9805568748712152,0.37082232809585347,0.6265353350172571,0.5576566201614765,0.6186219816467929,0.5967826864574425,0.9340566256049081,0.838572569836308,0.6552334874305931,0.6604312733972406,0.6856994417049734,0.5630366183782756,0.48263114671746,0.5800808455063686,0.9068974681791103,0.6592995180493983,0.5793724478834925,0.44969261716015885,0.3684411943634633,0.3598608189294744,0.45622503022130667,0.44990429066613147,0.5344112573636604,0.4997295820296183
94,0.44237788945743917,0.5400098696908783,0.7757350711188681,0.5847678363991851,0.43593923850423333,0.6517671526963933,0.6542036074673079,0.8974079666150189,0.8016675256615142,0.8874494437718097,0.7948245490741699,0.7691403253129716,0.41693084916988177,0.7182418872725895,0.4617672630271116,0.5982156485078457,0.5850684740794627,0.8049764217553144,0.8285652672921745,0.6417089025648546,0.5573795405900783,0.42953758321926183,0.5181262158200144,0.6279030544707711,0.5243310264535542,0.8639983452000811,0.6336206708067635,0.5690527000257013,0.25745759261694,0.372424342409834,0.34890675235497515,0.5017144589583683,0.5045659345669868,0.49981896282315175,0.28178648231204695
95,0.2341609006240642,0.6262637618087423,0.6143055058332794,0.4877306120383018,0.6428923523326575,0.6169389578631752,0.5721986117623035,0.8199230517350573,0.6451987042359177,0.779684409563736,0.6643827837902534,0.8830447441553924,0.3926464852395487,0.7333564297225463,0.43709057045401734,0.4338969815496089,0.4767390877287951,0.8858336191126691,0.8013107849179174,0.7199760624717542,0.560194579851126,0.5803574627804663,0.499067110926247,0.5329961522247725,0.5550467695189014,0.8932216073857293,0.8188736170964559,0.5449832934221246,0.46748566558821364,0.28041634488669676,0.4476642657678286,0.47011831003675286,0.3841128287243366,0.585917878854657,0.38174829214026207
96,0.42064588810394443,0.5736659810389559,0.8391662601629144,0.6238205753876352,0.6298393150377044,0.6606278775661047,0.69108732262518,1.0757188096208246,0.7388101121017163,0.7699255395342101,0.7902694222378286,0.8140274057345023,0.44580814212651304,0.6140160044748851,0.45611732732593424,0.6813726598423289,0.5040995880424095,0.9126757149315456,0.8213250692675098,0.6434660143947759,0.6725896003127046,0.5146838939012175,0.5141551848720979,0.7683488962820947,0.4797116341819563,0.8564883956363573,0.9822527319421753,0.560767938397157,0.3954309538662546,0.450407290617007,0.4964753211447129,0.3812949836950882,0.39769337637447044,0.7576053567218286,0.32510703187592194
97,0.42652253084066366,0.5360056364651418,0.7946419674297566,0.4972839683879694,0.5838838284342136,0.7130975253708882,0.51531190009937,0.9030008254053179,0.8080559325436854,0.90207821448773,0.7998458363537868,0.9254025397408037,0.3267931308374502,0.8211515339938189,0.4739073674840075,0.4319710767877456,0.5173007314562152,0.6961155474094182,0.8163547312005996,0.77869815740087,0.577841730324182,0.6114189339940251,0.4507662680982702,0.5332997858118629,0.5400983755947932,0.9573340160124384,0.8418659274684414,0.5515586819908644,0.3801468257577575,0.33685920431989796,0.4352116987164355,0.508609884473186,0.39901209505423546,0.6196777786364953,0.29578758778971614
98,0.31036369559453875,0.6431056241802134,0.7438597377267825,0.707817900129253,0.5633027873953604,0.6775571181739104,0.7087895827506436,0.7799224756783959,0.7636263634061049,0.8492325922769848,0.8656560454219933,0.7766218488695049,0.4714212276478834,0.68394372971876,0.4987650596965981,0.407297689273591,0.43184058011093174,1.0947020709691235,0.7640439621425459,0.641908868086644,0.804033770010053,0.5808556402368363,0.5571377495768248,0.6458529876086491,0.4786693013266747,0.8652463747013603,0.769277201710045,0.4775876850863339,0.3745520831825231,0.5569558081036305,0.4319677496700124,0.41401452352860224,0.46500655973915517,0.7130656575351576,0.21029801661741143
99,0.38455396487996185,0.5093713203894774,0.6313052352071028,0.5874863943752218,0.554393529490271,0.5457397050579897,0.7699424043735807,0.6228260179504763,0.7875640169533117,0.9862949074406042,0.6346034402369548,0.6144376402762597,0.4245774109484856,0.7850221985543708,0.3662740539936868,0.4871787215143796,0.4489806105324792,0.8313644718309684,1.0284010338891059,0.604599797402342,0.7970659031336507,0.47791921342363197,0.6280951240202755,0.6950262735943998,0.49887336291915807,0.7251077152276808,0.5534283975383132,0.4586822987734381,0.2985976761673932,0.3539097318774719,0.3879503909165301,0.4969206802804675,0.596079826302903,0.6700728666244172,0.25111487000063304
100,0.44490219873708203,0.6483456315771288,0.7626443270019289,0.7280915994015122,0.6886246757418161,0.6793533574213125,0.6499028105724379,0.8147507323808484,0.7853496567722387,0.8297623528047737,0.7434961038508293,0.7263062384011527,0.48143689765578224,0.7744949509284698,0.5014766185427809,0.5224079093852014,0.5389369284437038,0.995289840894946,0.9705182465709057,0.740326868365831,0.580389024242681,0.5247829332853813,0.5717263537869116,0.5194571400267002,0.46607589792568427,0.8963437082696488,0.8774028084803056,0.6370233887933823,0.4136990191953135,0.35530001632163233,0.47269908461182397,0.5522862902755479,0.35196607730580265,0.4923729134651127,0.29056735810721385
101,0.2923684834939546,0.765577203853389,0.6854142407998135,0.6216663718141637,0.5444052306184414,0.5912666767278992,0.6132527278604314,0.8187855884334188,0.703416636758704,0.8201968266051232,0.8948644864348329,0.857705295636197,0.3881367741326359,0.7010989333383297,0.5464002785269332,0.4693697389801036,0.467698210919778,0.7666201511505752,0.8564105705426311,0.6943983129595126,0.6666568424372956,0.5175659442578673,0.39982966963878697,0.6501724829196076,0.5387799116436996,0.6762693597512655,0.8794829609049497,0.5581394629279368,0.32276052806025596,0.27376033135048905,0.4972828306267557,0.5225644411098594,0.43345275662767224,0.5749470479144841,0.194131888105548
102,0.3477118113372851,0.6663967066746442,0.7821278345783512,0.563234512600576,0.5600043537187561,0.5965937687854599,0.706832697063842,0.8502293772304845,0.7106188234128443,0.8731577585563017,0.9038143856504013,0.9085281762266622,0.43926791272190285,0.6179460392400686,0.38815764726212587,0.5693881046148048,0.3942227231754195,0.8695393167912837,0.8173326405462962,0.7309077002892148,0.6058210380220317,0.3893240647197529,0.4267683730250031,0.589447534272235,0.5339606217991736,0.8856287416808163,0.772720881225341,0.6249536665462327,0.43250381228268264,0.41444034249019457,0.5123633628499957,0.6057523094373074,0.46393750594325983,0.5003768401238657,0.2798915574840486
103,0.3165158380890231,0.740044786899408,0.7456444650770877,0.6758592311890423,0.7432361835240157,0.5639440225779833,0.6083033022661279,0.6456672709985904,0.7161661673753985,0.8561667762182614,0.8587984481611602,0.8148098364241152,0.4944045562697833,0.8777933184603303,0.49714522775522996,0.4988137168650477,0.5044177152570902,0.8186896203639458,0.9052954981866741,0.7080642316939945,0.7161914452551095,0.43788136254075216,0.43885830586982705,0.6420000578719344,0.5986659878932128,0.6791556739989196,0.5534836016199834,0.37460723951277974,0.4371432557174536,0.26593129828809875,0.44057762112500476,0.5444500224717521,0.5355634238535133,0.6040203740985042,0.4559056725618029
104,0.43167177859774863,0.48662614469692417,0.6151800227308951,0.5124371620930132,0.5159261031751445,0.7819089024631608,0.5613755242870747,0.7901113500290456,0.6215184365828044,0.937871958523639,0.6108643621685872,0.6463336676957255,0.5261752806432747,0.8527400200247818,0.4904922221658587,0.5015505864231735,0.5980422706618328,0.7746218572607326,0.9352050373501413,0.5996678894749339,0.6325799941385822,0.6182799708341933,0.5386142817110786,0.7983221999104484,0.37175793683625413,0.6601386593696315,0.8419402389028189,0.6445129296099599,0.3960073579972099,0.48960654683142313,0.5378270246618706,0.5138543163270566,0.5133795650974878,0.5922806086112097,0.37803090831424246
105,0.48520330757791996,0.5736422232776821,0.6747734289706153,0.5572505339284968,0.48609808399820764,0.7127792017193526,0.5984561727364464,0.7828693639916673,0.6228294166982069,0.6549398342400337,0.8075618972279627,0.8130319119940137,0.43931966330548766,0.6381387194884915,0.4541877249643713,0.5487680283873012,0.4458491394801072,0.8776384883621177,0.76366718147641,0.7622322242656847,0.5951693400695863,0.566659394767204,0.5912902146683169,0.6081274073682612,0.42761732783397943,0.937313096938266,0.9121400104760378,0.6331583908116846,0.320025424730803,0.44567133604053666,0.39564602606348975,0.45220167917304904,0.4000660467572385,0.550363399030344,0.21752226370251693
106,0.40295848212652485,0.6801740023174926,0.7355239424556455,0.5325219555868614,0.45126168237661424,0.5415565465367391,0.6510213637820612,0.8283180636309591,0.7745907413157334,0.8878602312026892,0.9818166692321348,0.9263389315484398,0.3582265417463587,0.7671378787851815,0.5511324919057732,0.5124655879573481,0.5895390922151966,0.7231202942033366,0.7850257448895681,0.8079291894938572,0.6750267053406052,0.5237959859720513,0.6549873818844395,0.669161736168334,0.46736467068002713,0.850026284271259,0.8031948539193874,0.658275010559233,0.4680461761563378,0.5415288474406056,0.39911069406808786,0.6900721535692997,0.5200327864198401,0.7021724018365303,0.2462327402091372
107,0.28419483625288633,0.5040625384937797,0.5346221634711797,0.6889921595130064,0.49153144911773383,0.3703368417663533,0.7044974136958324,0.5862169413646275,0.6856137831860718,0.7572928940232002,0.7781068774330536,0.9293712412380619,0.43157908966227493,0.7479658886099948,0.44473044874161366,0.32652169318578156,0.48849143156672004,0.8209266649375954,0.8766512416445362,0.5974343699949761,0.6877311284076907,0.4983930096842234,0.45573028240370334,0.6289125143938586,0.4779028006397523,0.9218404802318454,0.5616307349125544,0.46688519763126235,0.5031577316841896,0.4537617231754084,0.5074590058219242,0.4623499777939009,0.4097744871199276,0.5421850847134952,0.3971536042164998
108,0.3496158438274153,0.5384618382772582,0.7875717467394484,0.49550197537146623,0.4607912675798814,0.6269461329036137,0.5137257210611967,1.0353986654107876,0.8347225043710341,0.9547020023638382,0.7384422067560236,0.6978804199199103,0.35352159084296053,0.6606143258820922,0.49356811081646523,0.619357772933018,0.7330812879564276,0.7567319893509051,0.9393736828297804,0.6214985485484752,0.7385991603475835,0.5814866450021138,0.5812549773972423,0.6796791073070081,0.560608791717494,0.8981739597740279,0.7932188281269463,0.6584798178344202,0.46472027711189656,0.45101189506046696,0.5625441239593014,0.6508008790877038,0.4259633104905213,0.7792240046461314,0.42527281610755285
109,0.384531751373347,0.5214882843952413,0.7315161395305324,0.7141827797954545,0.5350306038436974,0.6387345671107998,0.7863000121828594,0.7069427461215431,0.8439425229055685,0.8335426976404039,0.6237391470567003,0.8188559823702614,0.4515932389709103,0.9611747763526074,0.6185200684396945,0.214959721231047,0.46894485067679614,0.9207562762914758,1.1256607668133571,0.6422740549483223,0.7733350132184752,0.5590656240645033,0.5418885376642524,0.7877095213556463,0.4585647901196517,0.9443603040791165,0.7768266199890642,0.6865870656632731,0.33801738878390897,0.4645715308193804,0.6634245143190969,0.6207259687969947,0.4138374849652886,0.7544714161140449,0.43958795930116235
110,0.40411977915029307,0.6038458310060154,0.8391449944494644,0.5500096777668766,0.408061480067875,0.5854281534812813,0.6376740086503707,0.8065859457312272,0.8231010074723655,0.8198896814168022,0.6962784483522624,0.7401109911686358,0.3794114691978648,0.6279259936823589,0.5347617097281309,0.46318369953040545,0.5054138042812673,0.9899543203962289,1.1238847611266634,0.6837098333422,0.7243884871386095,0.5432145255341083,0.5616508573317267,0.7309356006978618,0.4292788486958949,0.7520348197510263,0.8360522662954145,0.656000355850621,0.39105974654526476,0.4439820825452238,0.5989727834779226,0.4011498766837353,0.48268930593305764,0.6522082336717885,0.49630484660312746
111,0.4717920565439991,0.6021449054841664,0.848390438305951,0.6404927354124311,0.5231579149776994,0.7538737366540652,0.730985726920478,0.7936078359974318,0.5499995944214847,0.9994420059962851,0.8438273920518331,0.8443410733154801,0.3930882562581597,0.5700307180597874,0.5203244995231613,0.03896477432549945,0.3869532504661925,0.80026557657464,1.0295134323337087,0.7296892622657247,0.6090143082453492,0.6245934053100011,0.5709375368772047,0.7859434769504987,0.5965658414875321,0.9908494626201855,1.0668646602447596,0.6801778386359429,0.48046557993288375,0.40835801064181254,0.6117197361642668,0.44240384201925875,0.507431526161013,0.5771343153506818,0.43384913482276066
112,0.4428719740169302,0.6203199589936306,0.7839343185969232,0.6575585404142057,0.4936000765971344,0.5912376019810023,0.6309962426910505,0.8309912064171725,0.6455534815443373,0.7476956579499655,0.9847037287743368,0.9472061042417176,0.41190382855092655,0.733952818125927,0.43080876981955996,0.2646751343160709,0.5144828530867868,0.8813426131820067,0.8394456179981881,0.7251380545756387,0.6550067491751825,0.6180632893086203,0.48704045649819605,0.5248313674275564,0.555718386015678,0.8797767721076014,0.9354719157760052,0.6194842977276912,0.5044168587905837,0.4968722840524294,0.46040794744257796,0.5158483337997437,0.36725905888965243,0.514446966659922,0.38215652294071734
113,0.5029059848858154,0.5864173117808938,0.8188677761065424,0.5503804641984704,0.4030186178127407,0.6447999707238721,0.6346782113850266,0.8709782795540723,0.7018483737294019,0.9064636300716304,0.7614068426261436,0.7025048530361385,0.4588946127085176,0.7453267021725254,0.5244606482314409,0.3504908481379962,0.7155686558960437,0.9195660828169143,1.1160636108557154,0.7463793495168978,0.6650715738333515,0.8492285689024079,0.5312445457525571,0.661066671131311,0.4744565581759429,0.8925523942098471,0.8223856869640216,0.7482557829354883,0.3219082767185851,0.4287926144471283,0.49384415825054895,0.49809671368388786,0.36590605678722526,0.5381368833883227,0.5726330423632308
114,0.4545941480776228,0.39488946520884344,0.628167138690366,0.454790293955597,0.3833142632867892,0.564686645289793,0.6186061026962942,0.7056011700226277,1.046585373975446,1.121162277796425,0.8669961332032932,0.8115000448731423,0.3728319426739339,0.6015245082871558,0.5918647319829455,0.30752097175135507,0.6193829115404864,0.8802251475472511,0.7196101742280319,0.6743087894712705,0.7160299305434644,0.6951599772887885,0.46052706906082397,0.6213599640982378,0.5228264285106773,0.8667538713055938,0.8516066616863243,0.5938911706174668,0.5652821832229473,0.4626895083668483,0.5104195076010727,0.6592472496059764,0.40972210539352416,0.6298289751876047,0.5826353155720788
115,0.4894539724233351,0.5397858579903363,0.6268366901538116,0.5637545223344556,0.47928374090634085,0.4922695345106999,0.6656284336701348,0.6055549171981072,0.6493311908333144,0.8470964334213247,0.8794442594177283,0.9108424981273148,0.3897985168712693,0.750183957442934,0.47165871392024433,0.2713555704843566,0.6174305873733602,0.8401601346877386,0.9094765703160923,0.7038677642308495,0.6706449290645038,0.591082533420789,0.6369832183176024,0.6273474448295852,0.5810316854136047,0.9146948791787176,0.7639749629209998,0.519107676711628,0.5061107199256079,0.3925884547364219,0.45624883080583595,0.46571206340608984,0.37861679604679677,0.7284292830106721,0.3602540147915455
116,0.5824782477816025,0.459855104377812,0.6776520328444735,0.6204737761946425,0.375717559091184,0.8322384070603165,0.6760988523272342,0.9325822038524285,0.8828737765845678,0.9893333909895348,0.7654165210436605,0.7101082874225355,0.3272802825077987,0.6414323977815908,0.7042497631695118,0.3313062514854163,0.6125652802103096,0.7051033257030278,1.0040538392893696,0.7247117454648025,0.6744430633436268,0.7174690185450531,0.6216101167721293,0.6507236543769126,0.3855870349662479,0.9223933830577893,1.0655003082132632,0.8282279628610419,0.49963627167457125,0.49057788383722234,0.48952085676860635,0.640412078997505,0.4163587373163866,0.48602354064977693,0.5608570218614866
117,0.4265031276034029,0.5571210412419001,0.7550617909704381,0.5611716165539581,0.498769488467242,0.6659527760109457,0.6277714474586145,0.7369434304521768,0.6225446268093834,0.9068328203656393,0.7022123759866011,0.6740088506087192,0.3932897203056722,0.7118908624112408,0.533754534306281,0.3746204973767155,0.5913910389867475,0.9103117678909598,1.0506181737097657,0.6752292322468061,0.7672099094851959,0.8496191031559389,0.7786749579681109,0.6193054429078977,0.5707283750470022,0.9696764009556331,0.9157281648185368,0.5861497041739459,0.5089048769780071,0.5953026252138722,0.5377250527341471,0.4154137696920769,0.5470329778270342,0.7456974227729757,0.34778521117377936
118,0.5577490891221059,0.5398326539019116,0.8536228162740316,0.6317886773694115,0.483928167742116,0.8112054416374626,0.5775867833237662,0.8526547482614761,0.6945611774155301,0.8779428807777776,0.8329686419511031,0.6752530777053218,0.37489923701596517,0.8068693045352058,0.641301359538768,0.3525870044387731,0.620560615694569,0.7225370195411449,0.770116730821385,0.6409417642278705,0.6104773951044911,0.6898413678687101,0.6252940651546409,0.7773299274099392,0.5431516003383159,0.9718269025023873,0.5924054727988548,0.6463588061282146,0.4703734725760318,0.5320565447539296,0.5114743271936748,0.6675271722622562,0.529445877204591,0.5811514293489373,0.4780798751641714
119,0.6342502010720942,0.3952758295476785,0.724558564278569,0.5355993534470433,0.4880083564676307,0.8719011370567109,0.7002950245792408,0.9331281423373475,0.7300243709673864,0.9320294053402636,0.7194364933118611,0.9891238091181591,0.3194206039904738,0.630466361957913,0.4991115865342929,0.03485117709335374,0.6918310792737461,0.9322282127217378,1.0578615738149775,0.6166027433644119,0.666454655843427,0.7273509478253055,0.5419038144016258,0.6638069859659058,0.5308001641313413,0.8920673335534668,0.7187416278547867,0.6423036253580907,0.5049375459504762,0.5508613481159705,0.49990695759781845,0.5323200271549295,0.49727928430074375,0.5096662799147054,0.43939155918274264
120,0.46583724495349726,0.5451186676213851,0.7609228047261225,0.5322152505372147,0.41738789143572486,0.6923441989387464,0.634268686306392,0.7733871402319339,0.5132342560888347,0.9894154436387819,0.8466784188825398,0.8445294901301806,0.4166455232132815,0.869009298929003,0.4489368524732556,0.05683808750035774,0.45466747951844105,0.9432246254961929,1.070612509712086,0.6883287921806851,0.6475029916004423,0.7154377066508468,0.7181627498645037,0.6557734493630862,0.5864975489771955,0.8253909291307385,0.6700188846007147,0.649699854361029,0.4096126066285013,0.5035623798056948,0.551531800087601,0.5877444827004816,0.5524217543320435,0.8187602471904909,0.4927729105649119
121,0.5111528771964362,0.5528034737929501,0.7395035584271089,0.6462396882356206,0.40529046752768916,0.7404371807434511,0.6444866997287637,0.8376974326442499,0.4975294335093251,0.9815236931831596,0.756851097475773,0.8488813014960749,0.3747149838991295,0.7224507312181879,0.4787023625417661,0.24699977962736372,0.5770667994042411,0.8284158632639127,0.9188504242540749,0.6249668530785166,0.7527700530589868,0.5492309123745591,0.7194342015416577,0.6712127792220479,0.4399311879455392,0.6857774217620695,0.7284960605200136,0.6581889855264151,0.40949858096516245,0.4775612639739535,0.4372267732193735,0.6383841223256685,0.42709737260131964,0.5837881132030771,0.4831479348795302
122,0.3743584976087949,0.33288260456547514,0.722003005252841,0.6280179216405983,0.34633366657855197,0.6563385547247446,0.6300627939689958,0.7359879014939119,0.7062914912793277,1.0955228603450515,0.9129618742030305,0.8880002350964276,0.4517241180783806,0.7410158110793459,0.5680979161505513,0.1688368578073881,0.7438969381514444,0.7977763388292974,1.0028598859878635,0.6478893716865899,0.6846243649611461,0.669313829761884,0.7665699276328738,0.7057019003515941,0.38614085218975197,0.784673042813093,0.8460230204663457,0.41951722964717064,0.490116071741034,0.5676509798019833,0.5899257010598484,0.6582245889792389,0.48171266706047944,0.7105800018236094,0.4603694161424878
123,0.4317623688268123,0.5390716973733554,0.7250211417331301,0.5250356115235315,0.541236979034488,0.7899889075162931,0.598860088612249,0.7081309851841462,0.7083884279709423,0.9787096219347035,0.8520968493157244,0.8214043074151546,0.4705050666032218,0.9133178897419515,0.5451712436575246,0.20593642525730288,0.6468472541160708,0.7653949904746682,0.8197950209640867,0.6582293574780159,0.6852814690376708,0.611209672911337,0.7101238754193935,0.7279930249932958,0.4941911212149379,0.8423019495662956,0.7551432421742589,0.6954558618096964,0.6117219877427938,0.5083391810916913,0.5328302456634557,0.5466905372403902,0.44414970448817037,0.6192757565292502,0.39753398215098534
124,0.4079449321573678,0.47481365504552364,0.7681219889269204,0.7071146282861169,0.4130600968268219,0.5981999623064402,0.5985249299469584,0.7002046434203528,0.5960859580631721,0.7578098541556497,0.7616136867034812,0.6500403672379849,0.40625154186359863,0.8573943692915387,0.3921964232013097,0.28600980067835935,0.47966835214092174,0.7437119995327823,0.9502628232911625,0.5536366683498988,0.7294431922962077,0.61306037752676,0.7210175526077832,0.7319268525517322,0.4990990250710607,0.879721360925249,0.6345408792792224,0.5773340914071532,0.5075272312806967,0.40581348663219585,0.6895494586523667,0.5455277036634744,0.4163763296777071,0.646407617150279,0.35103492540011205
125,0.39066257221642164,0.5696501027007399,0.87620941917456,0.6891200538148348,0.4848743971227125,0.7963045890026889,0.59147768670268,0.7399699276489977,0.6580709281046231,0.7343118945845821,0.7572039871262558,0.8484762219029252,0.38411618637087536,0.9597865919659758,0.45084364128019255,0.2536261632675534,0.6132139967488863,0.8599268633813875,0.9516050807882765,0.53966427417665,0.6997346359056925,0.7037388624964656,0.7660794966840687,0.5076514158312903,0.5423889490067121,0.8581076057911808,0.7704719906922409,0.8012085490351695,0.4741282785661444,0.5169808009659086,0.4742506884209513,0.5393403668617767,0.45915804605056276,0.7061179391758089,0.41414474155932235
126,0.3573421277148067,0.5826299442969443,0.670583559751379,0.5706476979378267,0.4426333004900525,0.6206890780065976,0.6848488675566144,0.5595080575768283,0.5995484695528965,0.9137119550881763,0.9220752432705828,0.8284227483810587,0.5493289807750457,0.8908718816204373,0.4591542903763943,0.2577883773180085,0.5818723175751991,0.8480767487826018,0.8793648550045272,0.6784558674990298,0.7687785579573507,0.5278644200265311,0.6278174243742245,0.490488599039212,0.5857902508925595,0.8392320408743172,0.6654990218892032,0.6835871061375715,0.6147092264557407,0.5648283770671532,0.49436248273078853,0.5988397595367152,0.47968920201843335,0.8120463096209101,0.44515581980058244
127,0.36443752856040823,0.47844434089069376,0.6464944610767145,0.5336181111875528,0.37926156701076985,0.6079601290170038,0.6415491089877378,0.401511088267447,0.6524354321521968,0.9701688470381351,0.7027725292736244,1.0077710407474179,0.38349936855260214,0.946082018835132,0.43468856350313534,0.4498528273429545,0.43146671492366706,0.954669205980733,1.0866540793615636,0.5601532745740502,0.7003348855963623,0.5968491443879181,0.5417534515773446,0.6971516260539872,0.5777376602270295,0.9238662087016293,0.5740325262965619,0.6080424530223161,0.503751720431529,0.47385855152836076,0.5327264714898986,0.5631399893570357,0.5161673615574645,0.8463298641756539,0.4185113320077899
128,0.5493214917941398,0.63010287079612,0.7100446865780387,0.6267848228446555,0.44866558009461077,0.6503711555533884,0.63731357268928,0.5517080180360978,0.766902178041534,1.071909407857571,0.8173286046985271,0.8505414257518,0.3661489273316548,0.7808202783352762,0.5894897127925776,0.5065214885602951,0.6443145960943095,0.6587982851629537,0.7614649833878695,0.6192512962086749,0.7244823355643734,0.8363795329068251,0.6584229443884746,0.6273062878085903,0.5338227188446989,0.802663241888751,0.663682706618178,0.5616428455527627,0.6134533899667463,0.46560859191551457,0.4180323439285799,0.7033297678779785,0.5014631007828159,0.7846046038564545,0.42332436279948393
129,0.5265787360459591,0.4771253967459248,0.7834851190933824,0.514928053888987,0.3293147190597697,0.659771394366534,0.6446494841148924,0.6381126380332187,0.855439728998189,0.7514297343329153,0.726175745256499,0.8135331043613652,0.4837883026971024,0.8446285454095352,0.4451924635276986,0.3895514515005196,0.6348054657568318,0.8364241173492388,0.9026268557832762,0.5338047323605237,0.7456569530182078,0.7204144870229607,0.5805408672741662,0.646392608974213,0.4570393625822757,0.8269312265958111,0.5301474388205942,0.6341310644216398,0.5006383129560787,0.5254270919942375,0.3777680630073859,0.5135334717535016,0.41007584524922086,0.5129417280948325,0.39042184094797794
130,0.37375708688682496,0.521773710464961,0.5085502870991564,0.5408637781517,0.38217641263245844,0.6906653359056784,0.49822911882208326,0.5363520084897252,0.7710044693946781,0.7763871174603154,0.8597657018748744,0.9379394133458496,0.28926125266481395,0.7038710204029126,0.5477907181673158,0.3829462706324358,0.6074597072293842,0.8325828606195387,0.749335993217203,0.6165381049878157,0.6738882484298986,0.8696386126509472,0.6777889689644133,0.575313738461302,0.6327333012126727,0.8663533976635209,0.5510328950467713,0.515419169373742,0.44293967802288847,0.4927503895020199,0.3589144608358754,0.4678534707954287,0.49789705752410723,0.706752826404814,0.2937635175917661
131,0.3667871484973764,0.5423214586944345,0.6613331623100752,0.682292963826947,0.42876658949334445,0.6312611026680309,0.5650271836418503,0.45935818391082184,0.8392786685997016,0.859642923833883,0.6285966738427948,0.8527040174068963,0.5074464753485917,0.9166167838505297,0.54692330897505,0.3815226265159267,0.5350001701973174,0.7263096463464997,0.7527888286838891,0.72750012202015,0.6346770275503839,0.6506150138998257,0.6665502430079642,0.7460276876731102,0.5447875685636994,0.8945972183980546,0.5720044704271146,0.5038444611662927,0.5055541254186561,0.5259086986758941,0.5194185644077136,0.5865486112467821,0.33139090305562935,0.650949690681129,0.4211063101862976
132,0.4594625899867446,0.5390546783986585,0.7828468773409696,0.6894898104115117,0.3367733492091759,0.7875105384696992,0.7025283065583807,0.5246773873631947,0.7868529319272941,0.93232610614715,0.8959224783260522,0.7064568681713213,0.43408246900470704,0.8035574085466357,0.3863276354146695,0.5780241015475265,0.457537433630112,1.1179726993231691,0.8589215763159067,0.611580870870723,0.7249258228670574,0.8222048863389775,0.7688403642446782,0.7163465929793728,0.5322856907418698,0.8072769608732828,0.696435423811666,0.6631942465665821,0.41392458446165337,0.5211921495449674,0.50626509519018,0.6395250229307309,0.4899810502386093,0.7548031099201108,0.4678322379077329
133,0.4536044963329855,0.4980204650287113,0.5226760748305634,0.6469398767033168,0.29694872931009997,0.576764853590678,0.7657550461168334,0.46431364761772476,0.8288779120690499,0.934343197663132,0.7803809241613536,0.6919581900138274,0.31843187807118367,0.5442466438360466,0.4770805074925178,0.4566033823489272,0.6644078118413121,0.9200003113739506,0.8939713471776427,0.5737617568236717,0.6560728321486268,0.6546836376725536,0.6617041138474191,0.604916194416455,0.58124189053565,0.9107603883597536,0.689377514049394,0.5391985419696205,0.4083060472469265,0.4289557474954021,0.5136278813636761,0.6489870555540778,0.4239892209474731,0.4970199800724997,0.4703439254581294
134,0.449584666101407,0.5758063418699177,0.6140287696588287,0.7005535712497908,0.32665901083738336,0.6097523389658337,0.660007057317699,0.4149654162327583,0.6373458355516337,0.8081292547941218,0.7586762558438602,0.8252728099305888,0.3201448761349588,0.731798483207065,0.36692768885644844,0.5095432090099203,0.5809830730768637,0.8562974642266405,0.7863322491860844,0.5666104684037054,0.7004717668502074,0.8174404779255211,0.7138487873941943,0.6868977298110741,0.6779916499089067,0.7142996949601881,0.7223578964736,0.5603298719422354,0.4762593414388475,0.6239319007053239,0.4577567110985795,0.46898835346383827,0.5702411139386001,0.7815003830936975,0.45506746624422756
135,0.4381164712479044,0.6182334602632653,0.7191119158775716,0.5288916814683898,0.43064916041120693,0.7017512347213444,0.5101724441623336,0.33574932927793444,0.7708627976241896,1.045550892720909,0.8362764086454141,0.9615109869779805,0.5110881506154328,0.7977085199797651,0.45701337648789947,0.42775525026965067,0.5754927556379439,0.7574575816053579,0.9397255666210023,0.7438042046650196,0.5839610225824308,0.6841344413732218,0.5175908670662434,0.7303705494278769,0.6219113681856957,0.8037779007007277,0.8012805182777138,0.5176900676257599,0.5714162613409669,0.39085039382261366,0.6575432348684122,0.6103464923392908,0.4478360132858247,0.3853512698449999,0.48309661054984404
136,0.4898647941358926,0.6613095590493899,0.6785888520852301,0.6032680026759448,0.4428517434654025,0.6460428873524884,0.5140668050126695,0.36986200447190465,0.8153132302477533,0.9757078310158305,0.8006815265564794,0.7725809986960737,0.3675519268244147,0.5908975916063908,0.3824990506632965,0.4695437798836002,0.6404237787479596,0.6536570419477432,0.4837513314579555,0.6310522182092411,0.6539924964674811,0.5962562088751746,0.4960761493265562,0.5888104022960003,0.6696232879728685,0.7851921699833889,0.8482599567146399,0.5164267298085952,0.4414556233429109,0.4299252577494454,0.3225009031186719,0.6052402325000452,0.5414726721417709,0.3778410489868108,0.5495933127764967
137,0.38712608806884635,0.5979527857442468,0.8602256089681468,0.44585432092931887,0.5652193023942647,0.6103495122461622,0.46458718045838276,0.47526650736233267,0.7204010200991499,0.9810775839463977,0.9238875308778174,0.8031829038296092,0.4259331210837314,0.583092221344534,0.3860273605702854,0.5112590084446829,0.6415665165207028,0.7391967563119415,0.6638495216497114,0.8594965438165328,0.7472799328478741,0.624669160713075,0.584736750244801,0.6234909805535269,0.7268702630059309,0.9645564865290126,0.7294144280063496,0.5718632973473398,0.5427832576629775,0.5174682843191178,0.486487477724314,0.6681761628921074,0.6763160292483172,0.6227956253862075,0.47717180795049996
138,0.519275710276369,0.6311698969144586,0.9093070608855296,0.5194777284189595,0.6065147825279174,0.7089079672432342,0.713269079144098,0.5396675533188915,0.6962777859002303,0.9390507150092914,0.9538935913453066,0.9751692583289303,0.3463883941151513,0.6196252024426655,0.43995646539066846,0.6581259609790968,0.6230507516885618,0.926036822452228,0.8211280058934312,0.8796492490020074,0.6876895433995726,0.8094964174376429,0.7154664375815887,0.5776000229468208,0.7079351791578077,0.9973084931287339,0.8230745160185641,0.5242806210148333,0.5176848286642391,0.40787314981620165,0.48280709170043784,0.5910353487008977,0.6280873360822425,0.6199297605786815,0.4815990782141619
139,0.43841175088301854,0.8429063966284738,0.9039433037086274,0.5095426005551073,0.6262238134696683,0.6826629497180507,0.5719475683491224,0.8546916379612827,0.7906659444751284,1.0230523436163668,0.8230111463835408,1.0805977668032538,0.3542368313472962,0.8340881345010694,0.4347678849586909,0.7388627993862031,0.5060174169687163,0.7922148621046307,0.5118781593074693,0.7447855947602684,0.747438983698768,0.6719965914974193,0.6808714440886905,0.5605197264015653,0.8203750201980086,0.8900450154589324,0.8312200403575779,0.4052306057060657,0.5101380907055146,0.5602493923767506,0.5285485403614735,0.6714302006378687,0.592744530650044,0.7328497796046587,0.42562342707614464
140,0.3679215909453172,0.6400885863210405,0.8455673665487677,0.4420999042739251,0.5376037634009658,0.6797864284369337,0.6214592877597078,0.6145498386465702,0.672848579149811,0.7962257494715153,0.7263251418039645,1.110488144372616,0.3261308990903783,0.6794951368546808,0.4036921865991515,0.5601808829908272,0.6457111595878697,0.9082848889117298,0.7177277887182345,0.5945087126629383,0.6775312171870048,0.6672498800487362,0.6587505572010608,0.6909760196532517,0.6573263783886273,0.8839007432740023,0.685478102612541,0.5052596363563675,0.5161059539774617,0.5695258515893209,0.4860869757247789,0.5878811287443291,0.4974655765410573,0.5720113290703801,0.5791933226781967
141,0.43120039456556325,0.7663054000329603,0.7983901810804894,0.5291709017909574,0.6536473059931907,0.6549493464595713,0.600252225814203,0.6302112405952492,0.7146789435587284,0.9807651864593205,0.6855284493343086,0.9578656357027546,0.3558737930451185,0.5941376493757329,0.5560611620100152,0.5255522937861822,0.6068630288430015,0.7977611412930741,0.6787629949212002,0.7618194804159868,0.8098183490022104,0.774261007402838,0.6435335005233844,0.5948962037050828,0.6697656075911635,1.0621522785472304,0.6707836668139686,0.5081905282279379,0.5063310561331961,0.5391830869860526,0.43143824275990855,0.6462151726668504,0.5180583741205783,0.5787245779813046,0.47630982076028305
142,0.35224188058514766,0.6129455401572983,0.5366358627481661,0.6179159452688655,0.5767940445278626,0.6333082992392765,0.7196579827649909,0.5862431247394639,0.513095074745461,0.7583168876133308,0.7291826585115938,0.8913161791375822,0.3922318685411923,0.6164098676847363,0.33614814167492413,0.343107949544162,0.5447373825093442,0.9000971003556212,0.8111546178544591,0.6614600336018824,0.7443042452205821,0.8088666704054492,0.6650525300509823,0.7820706156616289,0.4392060465247196,0.669201720924256,0.695683396339853,0.3209344875535265,0.6106977848396173,0.4914222316931428,0.49748750571020506,0.6126194250243427,0.51191589283792,0.6258855824687266,0.4147525205471918
143,0.548588576977091,0.5222451375979743,0.7929519669684804,0.565111071781195,0.5188880775435046,0.6696643814914109,0.565057171863716,0.7148254887459562,0.5682044546907229,0.8143885455737194,0.8008695017614996,1.0957765075243218,0.4315956227764558,0.5695603711612897,0.4264479168015041,0.5369739324992975,0.6202585794440502,0.9640301350235357,0.7332400649624364,0.6295339014165524,0.706944266826238,0.7195587038609685,0.7407934128418978,0.6675850472791544,0.6698160621892325,0.8567185999533706,0.864685236967387,0.4504114424431089,0.5201193246580582,0.5907209346929683,0.4300895313197416,0.6314548634850929,0.5244599733299744,0.6564959417782907,0.4834580134633084
144,0.5453682723286859,0.5508228498731889,0.8029585486419397,0.5995229140615406,0.5269767528706004,0.7416129142013645,0.5871953688529086,0.7459151393122805,0.709953208458749,0.9533532551350548,0.7438768833885583,0.7130500669883967,0.4045264126213808,0.47356034391181023,0.4756383408430185,0.5639119681492109,0.5723627020645623,0.7734276993753638,0.7799412476039629,0.5956424594570076,0.6627345071107279,0.7146494967757373,0.5666382341922578,0.569684100607773,0.5451891217047108,1.020871166208773,0.6356301497053082,0.5369329891186736,0.5510313957658979,0.4195244481570992,0.4749465926314621,0.5969549366610879,0.561893987241599,0.6207292287450119,0.587195612964625
145,0.4032862446875299,0.6232800180510045,0.7295605380042722,0.46470703786863343,0.5945200369010839,0.681801838274408,0.6660666203898178,0.83985821861858,0.7402078457614425,0.7879347397283649,0.6233174991814444,0.8597315720590282,0.39745830574548113,0.6019148483293577,0.4680073397959855,0.5846692327669689,0.6199823305256269,0.7838855237024391,0.7935490011170311,0.5906686169729467,0.6932842966760292,0.8264488216057659,0.6371390323792534,0.6972365535763947,0.6227979063248816,1.0254713850797803,0.6973740401937301,0.5655040562219366,0.5680219447577621,0.5867408239855854,0.4897697509541945,0.6462462147837289,0.4721821010072744,0.6699815899863142,0.4507723556770454
146,0.5901517102744358,0.5380792889443128,0.8599585250620919,0.3867694595724398,0.4191974172149605,0.7535082199424191,0.6488649609658179,0.6910027555990594,0.6841450830590425,0.9226456477260971,0.7890200029510387,0.7228978849271821,0.4474980296033489,0.8620965893093244,0.5241880328784245,0.6123364078677979,0.6955771012923133,0.8366548157580808,0.9336603831519665,0.6009557066639049,0.6025340258129499,0.6806740994666649,0.661387072994327,0.7723240711825782,0.5035590673476159,0.9775819938989323,0.6615719557545561,0.51223609008709,0.637088651088537,0.5438766380183452,0.6362104498121912,0.7629861742032987,0.4032782042444374,0.6826125147302651,0.6245663221197315
147,0.5719655627910356,0.5314833427368183,0.8217421888371069,0.4624520698702418,0.5035177915721718,0.5908571855137779,0.5239062914125223,0.7267434775432263,0.6660712825178039,1.031000518749703,0.7650016823562557,0.9162397324036565,0.429413094424799,0.6273261127498013,0.5075312720406052,0.5291017253396505,0.6696326432073829,0.822036141136286,0.9954828518098082,0.6612094086897369,0.6341469268623288,0.8145223543431679,0.7398889353681841,0.7340035912369058,0.5808257445363441,0.9868634580851633,0.5224514844351128,0.5826348635487637,0.7308408285970474,0.5400212837338308,0.5379966470685068,0.7850661785850896,0.6891949553724481,0.6615259115640914,0.6357329314072627
148,0.5398959677627295,0.433012946758329,0.6916617651963352,0.6103626169430494,0.6393696505178077,0.6927297509575618,0.5580862113272789,0.6183167595397403,0.6273560862876437,0.9418936358628328,0.6621302802875493,0.9432250015600515,0.44231747082919115,0.7866452028344048,0.5308637317133539,0.5667989428926958,0.7350720679887732,0.8311987971128801,0.9757299686161613,0.6819411318113866,0.5323510721788928,0.6374989968548777,0.6004877459216598,0.6802569060692463,0.6574071654759125,0.985879132817705,0.6636105302198857,0.5244685399074529,0.6391544348728204,0.4764061906613167,0.515750280598093,0.6525544315577226,0.5739506546132875,0.6077959578563126,0.4285572308945946
149,0.504624966942686,0.5698721987459201,0.5748821668959514,0.6115590287813432,0.5543948760837443,0.8226883058593708,0.4728754346506891,0.5730711951129424,0.6393438519296957,0.9815042234207576,0.712755690786816,0.8163752984939943,0.411063378185769,0.7763994852984828,0.4427152239428521,0.6483327616422822,0.6300451236540239,0.8174270546704818,0.8982109801345874,0.6876102536301584,0.6360694278841963,0.5812411122495967,0.5649022298646524,0.6330970721010518,0.5943328607162144,0.9736675375032102,0.8600943336776439,0.5205752326081434,0.7078651756741656,0.4960200831174981,0.5471481735496567,0.6404375593254366,0.5113737392354927,0.7007457595220898,0.5541715372276506
150,0.5292163732574522,0.4537053887673833,0.8449439716728268,0.4448103822777264,0.67341122037833,0.6548445197223798,0.38360935014626696,0.7304293712746992,0.7105394599029893,0.9198350815221252,0.7420309791251314,0.8559618995823067,0.3890681260944715,0.6410029924710611,0.4411358297005343,0.5970917868374828,0.6200747726306146,0.8480159360489684,0.5861027368735405,0.7574057337662754,0.6660590039491617,0.6967797891471751,0.4576580885703062,0.5835010467584363,0.5841654256823887,0.9505826445827066,0.9740477515794286,0.5013691494362138,0.8555188255026256,0.4554905754028423,0.4143596945297725,0.6715075186325112,0.5187125356735232,0.6346314832395183,0.5411196339542896
151,0.5793370662247717,0.6318358398653681,0.6800031216351107,0.4138990505084085,0.6409316337455028,0.7345500801549416,0.7369453724899249,0.7390304026058047,0.6431665333575529,0.9563185654655653,0.7788753151796306,0.9352607335956271,0.5297046234243697,0.8116108015268839,0.43037476490459914,0.6070703420904562,0.6912065129707027,0.9605688311549048,0.967679570793019,0.6682586577189971,0.7374549221797508,0.6268450273723517,0.590278352234548,0.8643146709707425,0.6263417271768793,0.7972175631618382,0.9607594239719004,0.6496539089178105,0.7957678679734335,0.4812174030867795,0.6280672153108009,0.6196216542812827,0.5012064561138289,0.7142991819476454,0.698320846675317
152,0.5540771670866701,0.6673822757303051,0.670867104394276,0.6404754813522516,0.7538223659178038,0.6810627508703432,0.6151427871257045,0.7239835433095774,0.8089923954810805,1.0404523617227692,0.8314461842151789,1.0112858393749131,0.5678797398110915,0.7736938577469724,0.44534195191822057,0.6246991476715289,0.6386966378608911,0.7300428601079584,1.049160823849751,0.638830138874915,0.68452033043357,0.640075351613232,0.44781211069050736,0.648819549477571,0.5108514848795569,1.1434426359463274,0.8911500662022996,0.5632558561539123,0.8606440698962783,0.514484778219902,0.5033749999916091,0.7387419007908205,0.5304016184024944,0.88057792044629,0.5659228512993488
153,0.5021572695534312,0.6265958183549116,0.6707794756063629,0.5480720488745254,0.5626025414208382,0.6515702385868574,0.46723626264362444,0.6112472270379544,0.7002341500824794,1.011188505551212,0.6633524660712884,0.7987541871453646,0.46408801766355406,0.767614801712994,0.4313637016907657,0.6848010896044487,0.6287332505648906,0.7313698073843303,0.9894757817893878,0.6780556746294149,0.608406027287647,0.5771679035784543,0.4192718867388644,0.6690259587317974,0.5586343514135615,1.0069009040148378,0.7903389560950468,0.5813122518157672,0.8557972110892615,0.4465117905465894,0.5883762641491393,0.7520861785616992,0.4740828743322695,0.7047875610127974,0.6163969871078009
154,0.6250646368226909,0.49248197245346387,0.8016650676530617,0.4838763929732278,0.6110843133627862,0.6519784826605778,0.47440940768152445,0.5883167281742094,0.6874420806336219,0.659923036822198,0.7711236608440202,1.0010575582838226,0.3119795336717677,0.6358319157504225,0.38776733939697683,0.6729394293969977,0.526833853224254,0.8745660525334287,0.6444296125946535,0.7699639134160337,0.7204521366371494,0.6032985438794969,0.47829049092786474,0.4583514441003407,0.5109187633520555,0.8122759772847994,0.8685596061344687,0.6333421717391456,0.8244879530802114,0.6055216808709373,0.38441007813460937,0.5443046166604903,0.5002024861934037,0.720832181606902,0.4835575841130203
155,0.45573425013168933,0.6067498398470336,0.7263972269652157,0.6077357480432157,0.7309692019434694,0.7129282475722283,0.5729819211018885,0.5981902313235489,0.6069045138060944,0.7910633267328395,0.8619287050236213,0.8227458550721063,0.3486847947814986,0.7387713334746686,0.38155891528972863,0.49364187060920905,0.682371413441076,1.0589491477547743,0.702665583018483,0.7542330763612574,0.7003299352662357,0.7089930835362508,0.46792307977827546,0.6856593468543005,0.5908845004917407,0.7742375158567514,0.8864045953365575,0.618083089111825,0.8597351738592509,0.6145379965490814,0.581254983851675,0.5890468824677758,0.5817155437898178,0.736128583496042,0.4265114346912063
156,0.38886446129548846,0.5452203495636884,0.49604024075051134,0.38593574078634424,0.6932223133829207,0.42072871298046327,0.5789061556075689,0.5195782510371298,0.6166242507393924,0.9162210232514076,0.5970177092494592,0.917449269569486,0.4486885711347484,0.7561795964898721,0.46271231480415104,0.634673454048298,0.6269972237722823,0.9081525458768025,0.9482977300042061,0.7030399071880049,0.773856494518006,0.7434155111588949,0.48539825399178965,0.6257427111641354,0.493974217933687,0.7676398185723194,0.647671394529725,0.44124025046155296,0.6674800422035727,0.4883825266568057,0.5151982729188291,0.551858747831749,0.6233853523919449,0.7094770750944244,0.49573785366842305
157,0.4980335514780007,0.6327708816853539,0.9600087103780617,0.5035078360420311,0.7252434811197208,0.7191495515759909,0.4624179728792766,0.6238644251242581,0.5388838447883721,0.6887253080790015,0.8848982812352906,1.0918068041030127,0.4574277325976741,0.8106991074003924,0.34022326844827266,0.6374077751021788,0.6892191217354731,0.7056322126406613,0.987839429482186,0.8224413550131396,0.6474845744084099,0.772652509608891,0.3961767562390598,0.6162151816823187,0.6769673158170244,0.57944152990229,0.8518528377512796,0.6379141444601482,0.6781853490048344,0.4847632547982357,0.5336057094408707,0.6269481969297883,0.567355730491423,0.776614992718626,0.5902052087556909
158,0.43234419236238486,0.6236016279039167,0.6356493143366566,0.3492489885036314,0.4827756566656283,0.6533557837240629,0.597630022395849,0.6255285806895028,0.7156520262038703,0.8125153607437747,0.6941519233842497,0.75216684773434,0.45690884593690984,0.8355736533147705,0.3821138354835178,0.504002938720245,0.6706551916248105,0.9445915704255116,0.7548292941476727,0.6221474131614849,0.7113444063393403,0.7588615869574763,0.3843110319472345,0.6415665410900819,0.4229336302341091,0.8380279269931199,0.6930047880282518,0.5610404723730203,0.7131723975604856,0.5258525676471489,0.5128077501355399,0.6106926022934696,0.5805813361673948,0.6843017735576942,0.5222040452616878
159,0.6120495054510289,0.5378778401922566,0.6200593443565532,0.40874121266512015,0.622417184235135,0.6036556393878527,0.6909227460253559,0.6600146919509284,0.8272785023719893,0.9639999407553602,0.8369876486093617,1.056110084710965,0.5734122353189784,0.761268356381682,0.5701418600166757,0.5599943519956664,0.7669069018122907,1.016125083847113,0.9114621861958456,0.6862913209817989,0.5619994150597243,0.8098986340663352,0.5018386624569737,0.6516558931059973,0.5649235578306029,0.7307291810425464,0.7908616247792956,0.5850385647211628,0.8077387208918865,0.5399891023044581,0.5429947673115973,0.6572080657823907,0.5622670668706482,0.68338065783654,0.6277497156562017
160,0.5106630470849224,0.5207862728007859,0.6739688956278036,0.641103437445196,0.5491606235678764,0.6244420486220463,0.5480543291162445,0.7582906428235083,0.8237552700876682,0.8678640536030672,0.6847910852518984,0.7466596569638605,0.46667173541628315,0.8867066455682356,0.4541510339152012,0.6855064314269184,0.6269219626424302,0.6779236323672717,0.8263092836115852,0.5737419303843401,0.5342373183442771,0.6142421573130816,0.41614060263059,0.7790702265746309,0.5004102506109063,0.6470869386394265,0.9827442118726887,0.5285968217596045,0.551887014066461,0.4951497529519575,0.5681304300813672,0.6712946888730398,0.5357499594612911,0.6016809292477842,0.5125144137579044
161,0.3732836618685545,0.5745369348472815,0.5867298105382219,0.5467854398239989,0.7008325633678304,0.6059080846420695,0.6949523032092649,0.7748078069145827,0.663292695057138,1.0784748506555126,0.8934647604601487,1.0781758323084563,0.6145335520433375,0.621397578219538,0.4730561131192229,0.5119528561931396,0.7099657516922296,0.8167251300429783,0.9259178004051403,0.5517834649511364,0.5755530547344723,0.7344422095489809,0.5020077745672806,0.6657361430404782,0.6960707035267211,0.7838644226526919,0.8171292074379759,0.4078845005987724,0.6074067882235754,0.541223042027009,0.5866865092930773,0.7928525383952088,0.6433184328718358,0.8388608291663968,0.39908112897926584
162,0.37848960204829707,0.5155070838056954,0.6867857248349896,0.6999915807767716,0.7214179395678151,0.5469082273227444,0.6248969570354294,0.8123222568672697,0.7168942715737995,0.9275903014505229,0.8503520790011734,1.0408306321287948,0.5033133839640686,0.2859251505138379,0.39463403596712465,0.5893574672805868,0.7566961587558568,1.0143287328793964,0.7618305558052432,0.7312129721267373,0.5859097542429995,0.8239702928476352,0.3858885246565073,0.6120826073195722,0.6982701579553232,0.6824702628320868,0.8177495396515914,0.3686399087163772,0.6700221496631771,0.5294547559173967,0.45665406277354104,0.6318941405849834,0.6147129090925482,0.7746765278887338,0.37852729133723195
163,0.29573405374715667,0.5355779331666198,0.6603565853656104,0.6092618735151742,0.5346467985053615,0.4820216167374656,0.5511076575447744,0.76338572217404,0.7093410820898722,0.8167618882490582,0.7174482821678374,0.8784824145912223,0.4749999782470634,0.5200039689772223,0.40682739879947316,0.6066474653184355,0.8441570389285687,0.8381065829530072,0.9734501421359577,0.6622236990997622,0.6773697403102446,0.7897070104242356,0.38641606158234104,0.6158875749937165,0.6852318699881732,0.8446886449312243,0.8395059834887986,0.3958995954536357,0.5677820661269312,0.5459596755282388,0.4922472125832541,0.6798890825146131,0.4772627070605559,0.8423151239976243,0.5067647325211692
164,0.441225939190559,0.5037802289312729,0.7362554482025869,0.7503089439855706,0.5306595321522214,0.5236487396271056,0.6911178813820161,0.6498264557361542,0.6898694539935564,0.8116200172905468,0.7531142796344756,0.8123527717582725,0.5233891654778098,0.514019339794178,0.4418602293107257,0.5863305309110525,0.7979878645469085,1.075775322605684,0.9882800027786781,0.5651105214332384,0.696129083288574,0.8749546981696158,0.37270885927750896,0.7051483023413586,0.5442442883410864,0.6667353720151061,0.9172397048691474,0.4276053009290597,0.6033557592653014,0.5067262769829718,0.5924573995589932,0.7620875721673492,0.6143995539184999,0.8366907255281799,0.4766185127876788
165,0.5221171949753973,0.5100126475032809,0.5735736019777825,0.6619928904665943,0.6009605108231524,0.5614609223033488,0.7979198645369798,0.8460568438876828,0.5368215043917627,0.7473640966654738,0.862498929599032,0.9244520964175882,0.4936938041163159,0.6219827579700983,0.33810527098049936,0.7317941093826394,0.7427486625848497,0.8901690623774388,1.1167641348531068,0.7215908660362882,0.6206670744806237,0.8489862734899338,0.49416478088426263,0.7492290305839652,0.5262455291633208,0.8141486193507521,1.0479780524672027,0.43379211703572423,0.6180542931286754,0.5330674544002507,0.5636237545302376,0.7314419587367005,0.5371260164561132,0.7966174516086046,0.5853731248145486
166,0.3940888958172193,0.4825009598285213,0.6242352809643593,0.4706921027439652,0.6582161051334154,0.5677422088751409,0.5447343272813912,0.7620814304229051,0.7595037043638613,1.0348541766176744,0.8362755383790025,1.0117344512625777,0.47342597966146904,0.5795854290015277,0.4099966492221511,0.47415360747635515,0.7092099704159736,0.8062941416369466,0.9866854398479922,0.6229458486195301,0.6909620103914074,0.7958261385801495,0.4690018997952973,0.7804747883519472,0.6660275860966459,0.8577631376288845,0.7625818640310844,0.18847898782203765,0.6466909748268,0.4770272931465645,0.536514221005434,0.7118282922860789,0.6717645722006564,0.7407036919244138,0.5095225763036617
167,0.39181052492564766,0.5843115877583165,0.819698194971396,0.731998076282499,0.5055077503926957,0.677026131399037,0.6498819728077404,0.8058336356204026,0.706043009697485,0.913928792153259,0.7507211161239923,0.9698393042805635,0.4106280645638457,0.47036521471221765,0.39294481065117165,0.4824493877341213,0.6326332806997339,1.0485865970262491,0.9137976139491891,0.7388592841120036,0.63220980993438,0.8594276321332492,0.4288459797440496,0.5094034050065763,0.6247617533084715,0.6437498265035944,0.8952217094492614,0.3833417241801256,0.6534515760742462,0.544078405748718,0.48524974055370496,0.7238027765789615,0.6699798748786875,0.7914622160969977,0.44872664184810795
168,0.42497822745768266,0.6693470948019149,0.7729516624175632,0.7272455427663536,0.5246420222747715,0.7316007515332312,0.6563620612913723,0.8656968604548094,0.8495274425053047,0.9539292411470436,0.7689741525064373,1.0879403614488754,0.424097603037476,0.5825171939936614,0.29363061368155974,0.6190360435511676,0.7833693852488116,0.8311614051049104,0.7749826229456229,0.5606581423507984,0.6268792162881389,0.7839068502456674,0.48761441372117653,0.4903036346885876,0.6114970955413259,0.7882968696046012,0.8762423539551398,0.5236584607834964,0.4863732619417951,0.532794808714617,0.5002177157050396,0.8011633721777034,0.5081957987011214,0.6366282034486253,0.47143729987334504
169,0.5091768449460754,0.5346357935440849,0.8049411795954401,0.5712254435118391,0.7215119357459525,0.6621199714512958,0.6319752829567737,0.8290695103111096,0.7547336352852998,0.660141738555865,0.6204115847883911,0.9381114016328225,0.6010338252987888,0.8492480909677758,0.42785180039607734,0.6515215930419689,0.6714131292685017,0.9145798428337786,0.9200026949232716,0.734626094738227,0.6409706395283136,0.8535516890250843,0.6249128491737598,0.770582809967937,0.6050040891659341,0.9305055612093385,0.9552744720690611,0.5606478159407836,0.5557111654604507,0.6080038077357154,0.5971953416024847,0.7147627175866168,0.641200620239122,0.7517946867799667,0.6125954490193722
170,0.4968619735550659,0.453580668783398,0.9555819647058179,0.7741339833170322,0.809786925004335,0.8633944239231026,0.5708372745633588,0.843143825437799,0.7136841752405896,0.7084120663540545,0.84321401863239,0.9873976281715117,0.4442701203988419,0.6842057844156995,0.3269963666172695,0.7354350772269256,0.7166479421341957,0.7212397631319168,0.7991989589477947,0.6017224958109844,0.6490572290775163,0.8187812077205243,0.5081246706813944,0.6395649450103675,0.5398389160203912,0.5914443035994179,0.998529739591756,0.4929644978448833,0.6087652358121554,0.46113223086318234,0.5562255849747728,0.6338881941023661,0.5871803862715174,0.7855116644305178,0.3111276990872274
171,0.49265544367781633,0.5336159781679347,0.8260190731950892,0.5933254967994499,0.588641044099805,0.7639343875453602,0.662304916802406,0.7354894543413847,0.5016235209135005,0.7264647893834216,0.8412995572295674,0.9233900533117267,0.3508977155934432,0.6314868924198163,0.3062197157598769,0.7306294550967065,0.7404446049553828,0.883360351252888,0.8986340663088388,0.6598935056337873,0.5879724318828039,0.7509163326342208,0.5452731620732134,0.5843105429278952,0.6795172087212689,0.6788707554479086,0.869975115922131,0.4091506665444603,0.5697485970319838,0.4789823999726576,0.4996202122508835,0.5956248148798045,0.5572654502789026,0.7123746390283998,0.45223722102077524
172,0.5347643095514469,0.686006395230109,0.7684978408947487,0.7571257723556009,0.708787669306561,0.7398493650269589,0.6703170844267371,0.7448306200549596,0.7823389035142577,0.8909565915604325,0.8350389090707941,1.0849398096011957,0.48457411744770007,0.9669539204182427,0.46799046152856477,0.5595395859335068,0.7247718518354582,0.8756883618150864,1.0268681309166499,0.6722985615873247,0.609520893717964,0.8020635969097589,0.47465020088120624,0.7626462627840533,0.652704335485261,0.8996822249221614,0.9002215303719523,0.6797053509834685,0.6232491232211866,0.5354647021522265,0.6095772036303579,0.6139882601878173,0.5603098633983636,0.8308762725648764,0.5392488127282249
173,0.4312642463505205,0.5711376307300196,0.7889544913104456,0.5270899645104178,0.589947747882845,0.6443077279389791,0.5862892955646206,0.9459261426970106,0.6551331271845291,1.003035898935886,0.7793304307894452,0.9121270756392008,0.43187071126661064,0.810153869688413,0.37587603274950027,0.5724941837695603,0.7659403010791528,0.9469366173519124,0.8629983424081349,0.7403881144137471,0.7401085775485221,0.8990334763558966,0.576993964282305,0.8162765522790215,0.7181807289278901,0.913166896105411,0.803163865441509,0.40491758354010765,0.6416430588904058,0.6178762552561269,0.5817357562581025,0.689374817334236,0.6798134908439883,0.8792973350805076,0.3722592360903729
174,0.46937752539712263,0.5593460754045197,0.621258823875777,0.649760692158318,0.582978760194532,0.7041478149451166,0.5637300135689013,0.8143852673500007,0.8531875605329171,0.8761369878060934,0.8527808213084233,0.9902157931810645,0.46463419325756633,0.8281218843963873,0.49681166172575075,0.5984766650739005,0.814640009425398,0.7305004534621266,0.9959555130766213,0.5936523075878319,0.7035571246384886,0.7807530392279872,0.4470702516452303,0.5605802067504964,0.571737337538564,0.9942041691199152,0.9311082834538004,0.39149286417538864,0.7148330089016086,0.5716965874730604,0.5224349209914778,0.806371579158795,0.46599578308502726,0.6746284232813554,0.5444384721422991
175,0.40883181558123516,0.5723627982350641,0.7361006945435805,0.6428487430724633,0.7349499894695106,0.7547703451538583,0.6501843806043515,0.7041019485814048,0.6733969123472731,0.7939944224726125,0.8644445727306976,1.119002921022505,0.5286701965155955,0.6687199775522821,0.4572342069315346,0.6366189544627394,0.6854331055898246,0.9098544042063609,0.9302286207897268,0.7982578020909841,0.6397114610176249,0.8936870151751586,0.6965874711879262,0.6886735543287348,0.5931608498674293,0.8350846449432632,0.8687000279950285,0.43774741229212155,0.7105495619990292,0.7081776231584764,0.6381277125971561,0.7166498811826741,0.8024773859052506,0.9313953593741007,0.38267471361935845
176,0.396810392126214,0.5684673667992786,0.7212433269675144,0.49068719320250526,0.6416414068085126,0.7233176163154613,0.5579906189138693,0.7800231957212808,0.7052175895460018,0.954937014228314,0.8806361513731555,0.7568949297884253,0.5951643113866951,0.7150131584207806,0.39110441458942347,0.5835690046773461,0.6609365776724698,0.933305603630769,0.8385801143340235,0.7155257654060442,0.6548995991707578,0.9627354828241437,0.5553275466581314,0.6212282402287312,0.6632661515936368,0.8016080592760888,0.7592231709293963,0.4026850476077271,0.722821529322396,0.4947540781210324,0.5179085598529867,0.8236698594173979,0.6077645416767428,0.7249170063771775,0.3934127298402581
177,0.40697727410175444,0.48308294391112316,0.8379226825204734,0.726318599226648,0.5536233152132294,0.7400790882952113,0.7029688660062458,1.0376816390954144,0.6582390074245514,1.1566724676095685,0.7501025066232743,0.8172617060826768,0.6597141571601391,0.7778892186330627,0.41537064418626485,0.6929367543168867,0.6061120980526623,0.9104331849225225,1.0379431426286851,0.6085187650726323,0.5427293854442705,0.8421656661089769,0.5528124025982208,0.8136724249236474,0.5038612656874981,0.9024196720152629,0.772743613942811,0.5466474124505645,0.5955408754490301,0.5054427102782452,0.5427408314423787,0.7700987928128288,0.5333233538252886,0.7198124251847258,0.5662367471093508
178,0.3878853820980138,0.5772311148717998,0.8718583289140409,0.7881506729570792,0.6761388825950914,0.7233285712399968,0.6336720432706638,0.9250996620731218,0.6408501524555943,0.7202763298375581,0.7225972927862276,0.7932709779390508,0.429646475205014,0.636616685183548,0.4122744822859826,0.6445475552373051,0.562651692389776,0.7817934062286716,0.944655465420424,0.5943813718932011,0.6581983872482599,0.7024132868284101,0.5778208760256716,0.7038035195772029,0.6987012910273833,0.6990896746885926,0.8842913080039133,0.5950053080309876,0.6879636208232323,0.5340120097554918,0.4825709733108357,0.7806799777125277,0.5000147653160463,0.6442740533456028,0.4138094461751074
179,0.3346543510226231,0.519775208440295,0.5924209132216084,0.581172582062646,0.6200904465735027,0.6692683510431825,0.6467660143882797,0.7691636718489979,0.7049459907728568,0.7520843797091826,0.7894309219568592,0.8403699930018309,0.4825969138479412,0.7184769922044469,0.4530933441256979,0.5237373150682663,0.5471996782309732,0.9427780231290429,0.9477396339148894,0.6583438435654732,0.5922465058379032,0.7878781801563521,0.6062159122440844,0.7016030458204447,0.4481010753281861,0.839668798442418,0.7264746715028119,0.34944578348090916,0.6386967370142769,0.47882234731565554,0.6595192380663183,0.7998285408911829,0.5076190058585113,0.8312257795505396,0.4597507783118921
180,0.3500429335319112,0.5559463898656545,0.5861279980228795,0.7249671372951567,0.6879713286728238,0.8039998857256717,0.56168754198153,0.7209425549162956,0.6161321364124842,0.646564310268058,0.8738744252599774,0.8266302422059499,0.4125560501289321,0.7765577085249495,0.31736954498774106,0.6463778827595675,0.5221920112478371,0.8972201000265992,0.9298772265934758,0.5704343585448184,0.574889961051521,0.6667330348632544,0.5407350620125626,0.7539718935236155,0.5561404705875042,0.6882844557905263,0.6999620097456964,0.45285752585604133,0.5841552080697104,0.36062345811482815,0.6561043245049574,0.5224700945513248,0.4393177391796967,0.6290447025668485,0.371038550294024
181,0.459984408722514,0.5049073649820539,0.7377861223872981,0.7157435128160636,0.5742055975923281,0.7147069029086621,0.6916076068750141,0.7343574423630581,0.8291965682524608,0.8773306941646861,0.7278264293453252,0.6795456863695375,0.6022847313899568,0.9568422770993602,0.45065387480961994,0.6468673836453014,0.7717630228212418,0.966692367315877,0.9408192559467607,0.5900353587611963,0.6765354893024839,0.9843460599854166,0.6219411712009009,0.6448663934826752,0.45448227413058195,0.9439486527177255,0.970817099229341,0.4590237042820856,0.6257912597712288,0.6307942318566031,0.7099004694942627,0.9341717078861734,0.643544419997159,0.8065023751258891,0.5741830955510564
182,0.3466259068993582,0.5408849768149846,0.44805178437415216,0.59345701266402,0.7844082567944248,0.68483627835665,0.5745353897489602,0.7822093403892344,0.8221757017017872,0.9438938229938894,0.7721762975985709,1.0046185939819523,0.4219631245879973,0.6875254839263958,0.47868961370872304,0.5161745060147744,0.7533280664629951,0.8942086985299564,0.6760214729785851,0.665041705846512,0.6842925246793459,0.9620993132930712,0.7119480471295313,0.5840379757551053,0.6122469682275684,0.8228714267567578,0.5799510644999271,0.4688068942225429,0.7506388823126305,0.650937227918109,0.5356018084915879,0.7654559553906138,0.5578594729726463,0.866115542844883,0.5603753153422157
183,0.3778786459164576,0.470752900033677,0.7894944425098953,0.7006180143519039,0.6192255449945019,0.7197337656738012,0.621171995350426,0.5850237694635273,0.7761385432779869,0.7470551289749381,0.6836212785473015,0.8286148489119289,0.5710737239921336,0.7847665994688469,0.34312736505342434,0.5778073177686582,0.7433266522571236,0.8235362878509658,0.9072798346508676,0.6152098375697386,0.605733637853492,0.7393407467590996,0.5181695105905534,0.6465975830086035,0.5474077089975747,0.7710251109904012,0.739766227067134,0.5592557335888324,0.6174954373840404,0.49183843206579014,0.56396303490693,0.761468816910882,0.5346078856733649,0.7430179601231683,0.3909717690316869
184,0.39469478252857226,0.6107087730525141,0.8936464180077828,0.7342533486548857,0.8326814332703285,0.8777562884085064,0.6335387439933713,0.5142167915944287,0.6701060627298179,0.7816109756701941,0.8513990849082587,0.9720873046403103,0.49504416812001306,0.8239177814446983,0.3077203634205712,0.6636959725140943,0.614127681800045,0.6773693439357943,0.847252711961197,0.8320257587351305,0.643349285910803,0.7231114038011884,0.4189962626859649,0.7426388969657787,0.8917230987801645,0.7740135864678047,0.9393944812636785,0.6568610344448021,0.9072079973376561,0.5323344785710163,0.5185002636828167,0.6561569434718325,0.500888638888641,0.6283072440722559,0.36835113435113687
185,0.3438253384415314,0.43550363149675475,0.59763694169276,0.6508892846082841,0.6165445802748818,0.7393617772564036,0.5743362511318064,0.5380571317479288,0.5715076200825208,0.6918688088903768,0.7919497669737913,0.8438728023645632,0.4573107222684371,0.7166372712574743,0.439909783322334,0.6824262049211403,0.5893736476747646,0.915423187424046,0.6626899416549066,0.6651316766627111,0.7408908889967518,0.8299246572069843,0.5587934606859744,0.6224724074558463,0.6767400824301948,0.5905934835301294,0.8258691542961684,0.6751314544091565,0.6691277868441432,0.545326256351468,0.4605351581691529,0.7857405331676224,0.5555656058273623,0.8421117975138355,0.4468304383665919
186,0.3785823352522735,0.44248706882950095,0.6019848562134305,0.8481587177774446,0.6313805664676824,0.7654204725728455,0.49859935417389817,0.6083383109078161,0.5518213317594212,0.6648819630969136,0.65003543275162,0.9522241075581749,0.6192125647421064,0.8972459809430873,0.23304559166865146,0.5394838121996461,0.5870334786680327,0.8145815836097049,1.0280600571042804,0.5813240248334448,0.5614970620040828,0.6173015829935445,0.5217593203739971,0.7443049394256425,0.5798580330512448,0.6733200800404641,0.8730435358506387,0.6375988936943406,0.6277503752440603,0.5726477802300176,0.5328868753562701,0.6675786260945121,0.48499625810333546,0.7484418021884007,0.2421071694344743
187,0.486532040077313,0.4107002195087044,0.8686934464026048,0.7496691602060355,0.5803356619139604,0.9359237414999182,0.6116848534261788,0.8560614399239642,0.728964513075095,0.8192956751061293,0.6764234476336648,0.9105344666290254,0.6345141840611765,0.9523872440989953,0.40704621711986505,0.8273923861671606,0.8564029990241724,0.9398396852713009,0.8419218201196457,0.6494357911696376,0.6605979505494832,0.7244467860473122,0.48701492017586573,0.8206826104128064,0.7215630471745738,0.7732397318444334,0.9878339604732966,0.7580284871122057,0.6929120208232911,0.5884745546166943,0.6062292834396039,0.7814577255598827,0.5993591661053626,0.6980506964907947,0.38718408876127014
188,0.4104097731483565,0.5513027096655356,0.8254589698321478,0.8025997719452298,0.6019036091112862,0.6968532569994061,0.6030143300053232,0.6070217993783402,0.7743897838424274,0.9142108322874205,0.7044216134581005,0.9213178061388978,0.5879338051098428,0.8484992894685939,0.3742945237040457,0.5558001350048464,0.6178270934122754,0.9243451314716644,0.9227240068801192,0.571842350647473,0.6638707960052075,0.7214661954304304,0.4256510403128776,0.6412362064045938,0.5830339474019182,0.8195470259231905,0.9768976126620268,0.7398919530413406,0.5943921566696126,0.5570333859355245,0.6473719038310691,0.7221538821734275,0.46596951419577703,0.581057870564099,0.5055907588802535
189,0.45241712837956827,0.39505796348837585,0.8511551823201957,0.9548572753441802,0.4332946824752573,0.801779689462678,0.6630813191665295,0.69826825629826,0.8792588266026256,0.492590721780954,0.75480619002539,0.8495546734890698,0.49574811018350295,0.9703098537251322,0.3542907660922943,0.6436839334339373,0.6845544788199978,1.1001304641973955,0.931619099012401,0.5131400360969061,0.5144559442457004,0.7408286809476843,0.5568304793158192,0.7265626233074397,0.5523111000295621,0.8556079621813963,1.0962154933043962,0.7960548514755021,0.6382965411039222,0.46777380483463066,0.6570342544197152,0.8034837882540178,0.5137669275063644,0.6460673203510675,0.5268646744887961
190,0.38983814008358275,0.44037730032030736,0.758015014879115,0.8857168761329848,0.5293334563719999,0.6128612470621824,0.7458947588328191,0.7162242419709702,0.8341421989652071,0.9757556648271993,0.8329612080815023,0.8102924751836063,0.500493964477594,0.8555869236927147,0.48842329782570904,0.5588286502883265,0.9680971269254238,0.7768424888895044,0.7775878618405412,0.7348784929614334,0.5598181562616517,0.45274475585521223,0.5120701327780289,0.6281997161833299,0.5362284812317077,0.8204472253325799,0.8764730087283847,0.6111617238802751,0.748752221917814,0.37452461663670245,0.6277374533431297,0.882811814392679,0.3984410085339132,0.705848650788101,0.678180047796102
191,0.3148795161792002,0.45854142677523196,0.6167460766150332,0.7802098879142392,0.6028575410873602,0.6395894352756659,0.5822028483470316,0.5657928286408627,0.8063609773995941,0.8382232676454453,0.8500072377446046,1.0768094116815463,0.4721156642465707,0.8636912613673122,0.3354605689405975,0.3874178216208533,0.7401312878567543,0.9260512993359832,0.7402940432043617,0.6854888913292465,0.4135748342924638,0.6638337626035167,0.5811045430857673,0.6694682162699204,0.6971220250012227,0.8393618534862106,0.7618454484796211,0.48971822296225215,0.8116191892413473,0.6033951084038474,0.5978709032197657,0.8159996050568137,0.5609624786654963,0.6714000686092172,0.6642536322551634
192,0.39778736312936375,0.5741764722966187,0.6185174921290887,0.7385465880249071,0.5611775187786188,0.6242629433745688,0.7539772285096299,0.7773502045524083,0.9481943289429589,1.055855881700112,0.7333718922157622,0.8959232450297444,0.5007124979051353,0.7705437776944053,0.4342985527652451,0.4894401378919123,0.8762564775382646,0.7796875462654813,0.5263257070860505,0.6412052733684779,0.5747578899735195,0.717861759710969,0.6014523600537007,0.5837002248808695,0.5557680203301167,0.9929901843603364,0.9017850669918246,0.619974209450066,0.679882307425085,0.42253192262402745,0.5005618915746007,0.9089021042524965,0.4923767942185262,0.7728039833116092,0.6351518663927131
193,0.5160738764400259,0.5415272375500678,0.8074982866976529,0.6617973495691559,0.6722799089001434,0.6659639704819502,0.5830200268178454,0.8908880478124902,0.6018433066544302,0.5803756996018615,0.7244833635700725,1.1201853800637336,0.59130350665272,0.828211371448836,0.26420353294078347,0.4781037788050163,0.738595285135224,0.8986647902795445,0.7007379890072433,0.7589741339277875,0.540843621467273,0.7447780269042898,0.6196726740403058,0.6069560748970187,0.6617822114254179,0.7086672637551205,1.0017894721615344,0.7734875114181861,1.0112162958074378,0.5621251985793894,0.569096875561188,0.7229012090050186,0.6320566712153692,0.8074485046264924,0.6256453655521517
194,0.3611721936466427,0.6705346279866535,0.6969696538229614,0.7370828986239822,0.7029734750653778,0.6334809837552415,0.692807756455898,0.848122432504395,0.6658732903225886,0.6426456315321234,0.8228905014082719,1.0650559311699688,0.5520130060406772,0.8830055414696872,0.2952967472934161,0.6017295295265264,0.8004648300978039,0.9102365542425097,0.6814864987998909,0.5497507098475362,0.4882422475679849,0.5651620249969179,0.5503995745107744,0.5337484405448318,0.6676917620156109,0.7618489249768312,0.7942112947726996,0.47504740807709434,0.9233249258945351,0.4822881190588587,0.5300667670101333,0.6185133239097453,0.4585337251222535,0.7418755557057388,0.5218618450274751
195,0.5119667729904593,0.5758516237680829,0.715026527478384,0.8422463486061702,0.7822311453672909,0.603620634478746,0.6948455304343935,0.8279083555956024,0.7521022075036357,0.8045426746089083,0.9504833526422529,0.9097403572877278,0.5280214963297277,0.9379064352716996,0.38302630604760257,0.6183037853188984,0.6961245759109803,0.85094769278264,0.8104426877619428,0.6978013554315343,0.4380622765103654,0.6849946831170404,0.6271801869783238,0.6311438394325806,0.6794819687091386,0.8511273285073518,0.9784992384999441,0.7484155002547784,0.8678741889942354,0.5307821989812185,0.7001190612998737,0.796659114795333,0.5395061761960951,0.6968083125494351,0.4225237955768506
196,0.45309756405331963,0.6142762815882784,0.7338998660360871,0.8309056559502656,0.5136329378215444,0.5706802271037313,0.667769048766641,0.9883091902758503,0.7917844073019604,0.8705201399189726,0.667001030233033,0.7656822097574649,0.5751440687185658,0.9905215784120098,0.37957094258803453,0.5075688079936589,0.8486613935106849,0.9273311986196098,0.7935794370691677,0.48246452479830326,0.5789159009128284,0.6915427711807776,0.5383149243899434,0.7252914706262401,0.5943243514579944,0.9700044559282819,0.8058892396077082,0.6627274092466844,0.7327842174418646,0.5280932940808106,0.6776659195396835,0.7383849536550475,0.6085470744473518,0.4577459019603735,0.5379073838893983
197,0.36254517890326954,0.640424896285639,0.5957742820413977,0.853643401563003,0.7389026875531194,0.5527385248920449,0.6144272221060663,0.755037548957105,0.72830733208123,0.9268336906615489,0.8067388398131838,0.8694991345173921,0.6576402447935046,1.018104666746908,0.2932702075851416,0.5613296806967512,0.6435553057655024,0.8127498257922452,0.9923630933520993,0.613065209799917,0.49079814805242056,0.6527762036719094,0.5492196456113971,0.6956770207796108,0.5398221528234896,0.8811620515956601,0.703789592775122,0.5623248327112942,0.9328254677367652,0.5286253083348764,0.6675231700482194,0.806090990569974,0.5032119442967898,0.6499805465196036,0.4542733025667682
198,0.5701778585946027,0.5637332311785512,0.932244437532636,0.7040665080535191,0.8467367223785892,0.7631103510534964,0.5587471117817472,0.9883549235657538,0.6738174400364795,0.8856889140745361,0.6221126037090464,0.8805580763312789,0.47597997141939985,0.8638072681031492,0.5008010191223136,0.7765413827656757,0.7262265962865805,0.7813774527911357,0.6606328053367999,0.629349245961407,0.5677512040594215,0.7813559852832981,0.5500271535914862,0.6446335659917581,0.5422278304524393,0.8693211761724473,0.9511934545329116,0.7904958443297386,0.9353781181819848,0.5688384353447079,0.5486628876416846,0.707546924139332,0.5698999725701669,0.6521574492359256,0.5399946887835553
199,0.4978790824352797,0.5601845995513359,0.6529933004433172,0.8126807711522454,0.730107240693369,0.5900710749739251,0.7429269427100047,0.8447438961182383,0.5809586119293846,0.8687838243914925,0.8964521035672771,0.9200962457534262,0.5955751406105321,0.9587068659570249,0.3798836725425305,0.6912619108021356,0.8008459176490483,0.6613030906118208,0.9085570985152956,0.732837860931006,0.47182004619845697,0.5968421373501918,0.6826486925185526,0.6294032452848126,0.5919802434531622,0.901828234612654,0.8857398150891981,0.7762998510051312,0.8850776171812962,0.46606101200273414,0.5263671362734093,0.7794143313348669,0.5348573746043952,0.5881599914488495,0.6228020752102083
200,0.3928293182232259,0.6857234340181304,0.7611973881017082,0.9709137212516032,0.7082974025637074,0.7058095226179245,0.7558632122899016,0.7623718076161153,0.7435215122438534,0.7396966292556356,0.9124389464351828,0.9618430863185019,0.5722482730171401,1.0360100852740577,0.5038778557080582,0.7082255985393664,0.8793968282533331,0.7453150102910129,0.7526431635627588,0.6419543369952303,0.6383343006575685,0.7336192649085684,0.7461320010235137,0.7498242335149328,0.4910085654326196,0.9254348887636146,0.8965570008863656,0.7342357951770958,0.9306498806440209,0.6018739151323973,0.6407574439280221,0.782128393013132,0.5327534901259421,0.7278851844501896,0.6229964186070961
201,0.3976207010121958,0.6450123374629011,0.6589312079968479,0.7975568524109822,0.6026929160008615,0.5638205563172611,0.509161272778304,0.7676418265569729,0.5533334129330427,0.8127126238146892,0.8452661633347902,0.9207743586751955,0.6297545621153338,0.9679905690725737,0.3527600421059205,0.7504239762216998,0.6922920057892067,0.8803008417925713,0.8552072569583107,0.6998466157932877,0.5745378072620886,0.6729393771196943,0.7770418193854418,0.5362507551712968,0.4813242679479195,0.9372717323462962,0.9082941836334908,0.707051481078347,0.9176402323995929,0.49624020609178954,0.5766288279205731,0.736265830536789,0.46512141109393335,0.6569637218845921,0.573259094233505
202,0.4721138111532651,0.6836622955096994,0.6721124036358515,0.6888791729078716,0.6885155099576067,0.6820745876636957,0.6448259416329241,0.8269288863646898,0.6502564776715973,0.8006733063818277,0.7613447522639162,0.8038316469581954,0.4229411265126749,0.7790969208422884,0.36726918545001697,0.6991908023607634,0.8300325064970613,1.0118183362339508,0.8148454393993716,0.627993384937343,0.7945696405104979,0.6918563340990285,0.6671325422799252,0.49028014261984276,0.5425578120686658,1.0103992072038843,0.7003478116287504,0.5395281225703512,0.7811843887647234,0.41405067616047475,0.4843596759454839,0.8494175685192127,0.6691766646308158,0.6072925332459022,0.6491823342099973
203,0.45474393636831145,0.7045161069610443,0.7290462057002816,0.8050132581229696,0.7650888184008036,0.6471702646662436,0.6241706418478105,0.6796050606258566,0.6571097103734899,0.7012263555590602,0.8741922344445608,0.9740362662431823,0.5359852672505667,0.9503419469819114,0.47494475355871374,0.6221942211915337,0.750027444112824,0.5690643559344865,0.8212558429756434,0.5798683399568075,0.6687665067424423,0.7181427831833302,0.8081795757016393,0.7079597922984779,0.4612913236594387,0.9408740769835364,0.7687401701173096,0.5982992546654762,0.7639610727426713,0.5556300032532213,0.5598538928422474,0.8660166721954243,0.6889720226404752,0.74741964588002,0.6391304878900078
204,0.5062352830517262,0.6153861224803276,0.8112166775255893,0.845283944299801,0.7479255577461248,0.7907613790464418,0.7465651332586197,0.9925550272261907,0.7487947203759907,0.8242801801030751,0.6179608461327168,0.9661937678968836,0.6616374974936561,0.9713522100232815,0.5107578741977463,0.7357017991689269,0.8786396718921621,0.7799985133970182,0.9553710563105926,0.684173511159178,0.45902567807557637,0.576892636369795,0.5697393914818706,0.645430583727231,0.5650612306718057,1.0185212735808555,0.9398419084565275,0.7325389776423503,0.9562010539297179,0.43217686397896715,0.4997802865543833,0.8068293907840707,0.45365629508604766,0.5560985401240708,0.6459473447740703
205,0.45150358810004665,0.6003344708365099,0.7960920425543035,1.0137459989736493,0.4702046038243025,0.6591858013227021,0.6601962211795764,0.7320812377585626,0.6239126885238693,0.7834620290904581,0.7194079772328026,0.7264389482746196,0.7574393789953211,0.8581612810657205,0.5039428856361093,0.5924485254525382,0.7437966691778045,0.6059981785158302,0.8742980523256703,0.6492710841829086,0.5604226600459012,0.5933152076668786,0.6535102312381347,0.747150847665971,0.4683384148577947,0.954781199106086,0.7512136235243627,0.6211500048513385,0.8242314615316252,0.5058718057813776,0.551781947660756,0.7331639382005153,0.41904100245141856,0.6984507866204077,0.6153069874456821
206,0.6648106948501884,0.6949684480479456,0.8315719030065891,0.7953248400066709,0.7060430364890748,0.8053567547114082,0.642113051928674,0.919661131348191,0.7145835215865284,0.9617119255132823,0.7763237751808922,0.9933969402037652,0.512155278456941,0.8631731774160658,0.4768821829303757,0.6842833848019305,0.8695925232713773,0.6657443684895104,0.7936972708829854,0.7175233736109581,0.5476149890024495,0.6168393888510442,0.6810534888100045,0.5713447333691524,0.6209856672622931,0.972998214170293,0.8625381350123209,0.7909983452966873,0.9340201493276776,0.4790743664538655,0.45120228272866114,0.911451553469049,0.5377713580921295,0.8463345971210658,0.5522087112339477
207,0.5070032059917184,0.5637093779099266,0.7901623949547785,0.8659815174585663,0.6085090393497092,0.7528253826044191,0.4824049591759416,0.8631097564452803,0.7300107521122516,0.7927756174721547,0.7400066468982915,0.8042678454023635,0.6459422841222923,0.7620903640089521,0.44047873012652883,0.7258802057587236,0.7301119577576339,0.697892775703456,0.7532640716931479,0.7034835756843757,0.46942844019337104,0.7727620682470562,0.6415965209351082,0.7163186137445432,0.4514995105438586,0.9141010513131733,0.9257209395583108,0.7398250083069852,0.9370762607645459,0.5648857435455458,0.5721388107285944,0.8736374494817063,0.4841694213129023,0.8043965228567189,0.777145515782735
208,0.4198142844954461,0.808446718419108,0.7805374674704167,0.7486139313188949,0.8255998223861694,0.8614478870648878,0.4717191603559956,0.769290732091388,0.5585129329394669,0.7417540093557506,0.8756798648900677,0.8252611350965751,0.5134729753094385,0.8230754191558132,0.478050621748898,0.810909421744911,0.8055262342547159,0.593284295517585,0.8965911004245117,0.7175487997059228,0.5949139404718238,0.6869092792882054,0.6453023622940808,0.6580776542975313,0.5873546545309585,0.8355410629376071,0.8553263630254914,0.6995867794413735,0.972986673759979,0.538786985243809,0.43845668594864196,0.8712291659564435,0.46655975065273153,0.7783344601554688,0.6642517660190563
209,0.5556127105268438,0.7536157656931866,0.9130855246092578,0.9489418421228559,0.7850525237348548,0.7181158798859372,0.6178733247030215,0.6545286667789887,0.7739472325832644,0.8908831332735334,0.7776133365949361,1.0665344467619846,0.7549579980218324,1.1965737821881661,0.5605884205668167,0.6984092614746267,0.8585111076648508,0.7165739431713176,1.1139125822222173,0.7214617695325829,0.5415832312970916,0.5880679312781627,0.5854442296264764,0.9194159067166272,0.5429340704595355,1.0032729361637758,0.8157034702003165,0.6785145225603633,1.0631556130784399,0.4579129500927328,0.6840693466853347,0.9963210717562672,0.3191623675758395,0.6496790778711038,0.6975212524076322
210,0.47576229221174327,0.5647792722981276,0.828631367158294,0.7965770647037508,0.7280493355126905,0.8464320835279421,0.5141496371062486,0.629834334942788,0.6420806234823602,0.9544450472974951,0.6595788626100783,0.8091219169381249,0.6391478341265122,0.8115399775718577,0.514468603756058,0.6791240169556483,0.7543643882778496,0.84143136281422,0.778319520532957,0.7340026413615723,0.6047115852556632,0.7185543567273318,0.6723424459204469,0.695663356916103,0.5762208930071402,0.8497739491084405,0.9356417739680646,0.669082658403487,0.7904440497054637,0.45576417763350974,0.582371117413321,1.02771321820654,0.402117122690962,0.9020296748466899,0.7342534399273809
211,0.4287652905460462,0.6290869312943208,0.8206935949156695,0.7766534750826541,0.7120907957971797,0.7628714182491014,0.6718601499199006,0.7316595546877291,0.6768385302495539,0.831191921523527,0.6239452947711929,0.7441315310216641,0.6302838956056964,0.905015770946725,0.5863845877988882,0.6484065032934547,0.8188683628168542,0.7995113772436158,0.7637975006416413,0.6128680792628936,0.725114822760322,0.8049019459380986,0.761995152652307,0.8612514795802206,0.4752856892327971,1.0061716296314733,0.7838278695526458,0.6512291347631496,0.9685348624539726,0.5152625043106851,0.637308461655651,0.8456248519547079,0.3269641774463964,1.0029238781492413,0.6534314437812114
212,0.43425683788145886,0.5684572534688168,0.7601408126070843,0.8731854109128554,0.6090852188750193,0.7836057750377781,0.5583991162616136,0.8931565190832884,0.8290535360165863,0.7126727881545184,0.8451799046740027,0.7413543906137735,0.6459118293654629,0.835484774027786,0.40642198285764275,0.6651424090098377,0.8221709102276904,0.9202675072993065,0.8152006623504245,0.6725765430414543,0.547413706016484,0.8291053580617771,0.7649123843339756,0.5897656851102097,0.5370618238414955,0.8874657534556786,0.9146322961682256,0.6680466271483061,0.8360435100435806,0.545875828273585,0.666896809800942,0.7453910644005519,0.44035409690009714,0.8635566755155584,0.4789042063253317
213,0.35545069738401225,0.685446371586966,0.8469982017282888,0.7882752970140243,0.7911341054997332,0.7275159770810141,0.6346194010394863,0.7779219589039065,0.7587383120655873,0.9336901664451793,0.7330569541281611,0.9088325261366963,0.7490756612872187,0.7831705564454732,0.48161556630298513,0.5182311904939966,0.8764191828491228,0.9908998485479754,0.839322489686517,0.7348449879832695,0.4881540884938637,0.7540469510596465,0.5770326002194521,0.7038586355485357,0.5861754394272812,1.068551861044278,0.7552678532004538,0.5757522744287755,0.9645309401116562,0.5417184491023384,0.5702412288237965,0.8925260026360575,0.3690791936217153,0.6044045165809351,0.5725613216370171
214,0.3258123275157444,0.6243580222712418,0.6590387743448648,0.8381913547352285,0.879508004409097,0.6787283085143248,0.6356514192004165,0.659834857912472,0.6063722099488309,0.6647003356431553,0.7750973195084884,1.0061214650142265,0.7222318034638595,0.7971422190486417,0.4280507906176377,0.6910612729985623,0.8329908266271386,0.8875388408977175,0.7188194035214366,0.7372594357233915,0.44798226984345624,0.8304404531178299,0.6082987879745625,0.6377518384490278,0.5800788056513133,0.7478884417829842,0.7045131317558286,0.7657403154954262,1.0184381873413368,0.5985603978949152,0.6204488130439867,0.789201753655168,0.4392216398777655,0.7531741152316147,0.432270380909771
215,0.48225258875190274,0.6767908345775371,0.6315729786555913,0.8189236360270122,0.7114403127023372,0.757181263745737,0.6299352473260738,0.6593828248466249,0.7087241245838294,0.7366142320204752,0.6953826466910357,0.9297017816277267,0.8284949708536544,1.127651985461293,0.4724906663325507,0.6439965325925641,0.8741132865065262,0.8706753650840782,0.9701869458662826,0.647422237123207,0.3835420953792844,0.8368502523829033,0.6128278361140644,0.7398403289854595,0.5631035200021735,1.0438750233392158,0.6371153379019856,0.5383155168442735,0.8290706787510052,0.4727807916311144,0.5761310892862159,0.849230620366943,0.4271815435493261,0.7632194687251281,0.6247992389948508
216,0.6662145837062944,0.7468762918922967,0.8479149684287888,0.8710453459909393,0.8153099702106883,0.8848939278644965,0.6307414516611802,0.7212029736885474,0.551945073606283,0.8675434122158268,0.7322074640517882,0.8041811822312996,0.41859493578840146,0.7594880943835634,0.6041242619232325,0.6494869962721049,0.7808921509585464,0.760231832742114,0.8672674048745157,0.7221336377977048,0.3736740883437545,0.590074514025413,0.6209499199654267,0.6719158813964046,0.5498278178261088,0.8512896857631631,0.7812003368633432,0.8067264243742032,0.8924426332080188,0.4669880346769593,0.5643764849915156,0.6787978962130665,0.3599238158643199,0.6623814160729691,0.521341477914726
217,0.5392872236642171,0.47751114992929,0.8905704569029675,0.8145364968141527,0.7308461095069372,1.0064177579882125,0.6273040577292639,0.7606714127788232,0.8140283641123958,0.9532986505093778,0.7356738051490965,0.8458712502631113,0.5657727032022879,0.8039512104625233,0.5597417612296809,0.7337336716426648,0.9028738635366074,0.7631633853165334,0.8340939009531945,0.7201123374932931,0.4354366669644322,0.6772017423163008,0.5854018211097156,0.7229456148033652,0.5805866656821341,0.9014089315798381,0.8679796247209994,0.886491831244115,0.8783429951324093,0.43641016039466163,0.6376205230629346,0.7924896132731677,0.3440210662797426,0.46656773153393316,0.7318488130431369
218,0.41586435386557435,0.6085286540748917,0.8634117421617364,0.8421370796742345,0.8735215848041917,0.6705049156303828,0.7618316812411257,0.7346756925594952,0.5810222329147796,0.8331867332088383,0.5182608243322036,0.9651560472567289,0.60993994583751,0.7309596923283705,0.656223019660634,0.6617760072728875,0.8495523728668007,0.6944627338566681,0.922076718335519,0.7958504319520728,0.5942543556604807,0.6297660005087811,0.5558134113349136,0.6915884587227741,0.671027630269235,1.1062493970606835,0.6420823511288133,0.7403087967528345,1.0612384707113964,0.5818468344493435,0.6282554038372495,0.7320944942617911,0.2913681782433028,0.6893336515772679,0.4988825378596631
219,0.4191485643941015,0.5765574437530954,0.7296457810351991,0.5458355552786816,0.6917600614314433,0.7479391225678609,0.6101499537078925,0.5743785378439845,0.8480976560607392,0.8208170765929219,0.6497384815978438,0.8677081751093498,0.6930805561224697,0.6672026022085993,0.5252700906630898,0.5974054142445899,0.9527821388271467,0.5824401748238295,0.8838571928690515,0.7300728652601227,0.6858709776828682,0.9562701336348242,0.6873801552015273,0.7394328070156497,0.5457654369167515,1.0754026570077122,0.7040793951770097,0.6491306114981817,0.9153983469567811,0.46929774939755275,0.7210117514054901,0.8188818680355524,0.330059424633696,0.32313925354183615,0.6518842197025229
220,0.6323777649260858,0.6591111537728211,0.8630842752731174,0.8131730526599222,0.7309870798753437,0.8766394284213611,0.7791325567543481,0.6314592904043287,0.8218388016475542,0.8517786280059751,0.6188318274814665,1.0697572203287562,0.623467387911004,0.8692715753923619,0.6085182550327624,0.6991272171663232,1.1279379836761294,0.6122037661527069,1.014259324612126,0.7199454270944405,0.5655080179168845,0.5863560316945315,0.40529128109769574,0.6906012264085509,0.5274238750178475,1.0688939869556195,0.7953810172121794,0.7029438455178749,1.030361567655926,0.44888785139777354,0.5894691874588815,0.9505933551834436,0.33340351284359365,0.6825087453204466,0.6248725965764523
221,0.6610797394489916,0.7303590452043092,0.8131004303175262,0.8585703928198417,0.7508063295987146,0.7912837500478964,0.606238437578885,0.6592220678514438,0.680787710121275,0.9930892789693164,0.7184076131112147,0.8362727134233141,0.580476444108647,0.9434233049681469,0.5044157409755627,0.8036817073411873,0.8984635555376506,0.6093636655927213,0.8870507898102048,0.6592090694458675,0.4001645461215394,0.6949296006220631,0.5363468039594628,0.661272785262977,0.5001948505335176,1.0665689060895527,0.9418921757965832,0.791150215669475,0.9761527775506286,0.5111579824139798,0.5504876789279614,0.9007526664829132,0.24625934074762287,0.7359709867838439,0.6648258813797594
222,0.6852999119909788,0.6500135406335354,0.800330880770239,0.7848799349443383,0.7752797778682675,0.8211561535623473,0.6149320748217841,0.6619215363408383,0.6076167791097309,0.9012654346053505,0.46212793641171834,1.0270673966478376,0.5998501017344695,0.8045586164988047,0.5195019494963957,0.7684762424186726,1.0998427588145474,0.4874584755734314,0.7721691718044155,0.6884038035179456,0.3348174443549746,0.6726909349187433,0.5763111916737162,0.7692482355029537,0.6660129838140763,0.9745259908099706,0.9557641942260718,0.8818486339554759,1.051755290439822,0.41750884949866485,0.47789332978511406,0.8360048701577434,0.3134648353340701,0.8222513320157983,0.6806565718834825
223,0.652693809866651,0.7072572587720923,0.80012538485398,0.7534027935975489,0.7266475618091799,0.865939255208958,0.5814562390265838,0.7248159012421402,0.7283709073101357,0.7363771795900067,0.7658525827433158,1.066394703634658,0.7399323773013734,0.8187540421760544,0.5849291731391204,0.5625213611900473,0.9701185851140726,0.8181729706236782,0.8638328774221403,0.7646185633429352,0.6497814717202335,0.7049417441347201,0.6144945264012384,0.8146691919934537,0.5883683614213975,0.9084053119844616,0.8197916965575357,0.6649099687561931,0.9975839212427438,0.37823324458812463,0.5582844710938217,0.9713923942501591,0.3863943011872252,0.8209700188503284,0.5827831988597343
224,0.5568711768450386,0.5079682084110906,0.7600742036955425,0.77512471385238,0.6810003217123417,0.7247102673660678,0.510506226551823,0.7858981901250901,0.7631086778700764,0.951071844082812,0.5239073373247314,0.88157516441699,0.674338870217112,0.806590490412457,0.5853000630708562,0.6701592561692865,0.9633556492338362,0.7112204194970144,0.8925711464502357,0.7626743376824174,0.47431964084296996,0.5774918240296165,0.6700108663477876,0.6082882065150053,0.5332200123117158,0.8783642434140833,0.9708150443819106,0.678583358840641,0.9353172492879112,0.45610700197861687,0.5061336360155423,0.9940976257563285,0.28660732325463745,0.7403647683720257,0.5510059047011353
225,0.5826028677579181,0.5628350265814794,0.8885993074015597,0.8704130601486576,0.6871260449343568,0.8722954323340859,0.48986380114796557,0.807754319292804,0.7302154617623513,0.7310280450567068,0.7048714445470693,0.70271493838198,0.6321769421527139,0.8167906537510117,0.4781996842651889,0.7105972954903805,0.9132559675069145,0.8415952294320943,0.7699695204463235,0.737424401552567,0.5322747716264595,0.6520487881666223,0.6283001955382079,0.6150877095020477,0.6083035696908583,0.9688384781683366,0.9449011786719719,0.5629524913885766,0.9383342172295892,0.5248828940574595,0.5209232760008592,0.9357663704843571,0.38548694018981355,0.7813706723189453,0.5447430442681346
226,0.6378766097236137,0.5030077588496923,0.9266491066306459,0.8421244260839246,0.5774605046260141,0.7719914096527883,0.5362706784755209,0.6847334466542083,0.7425351432743971,0.7864801972208395,0.7740919026709774,0.8308115823900081,0.8082561118296019,0.8172433755114641,0.4969997271079921,0.5911111348143033,0.847386881382437,0.6699694667606639,0.7010331971004857,0.733375843584388,0.5695749543978157,0.6249949804259802,0.5977227923766201,0.7695871462830024,0.5381289610655361,1.0317763541529275,0.9305554660021232,0.5719089865233866,0.8992714537199011,0.44858736926627396,0.6187338988324647,0.8769927473674236,0.39472144293473105,0.9161458610089855,0.5936383444452373
227,0.6079832418507016,0.5243261522012725,0.9070140292539844,0.9004415416874088,0.6752832828100193,0.7385689953265885,0.6559618051652246,0.6486126858859769,0.6509659727021431,0.697300793034347,0.5961472277400675,0.7361000367250484,0.8123626031282568,0.9540914933715016,0.6016806097752986,0.7236285150451471,0.9769981259218267,0.6547320999168631,0.8863250727688365,0.7520719797589285,0.4073463945178587,0.6718232385993538,0.5215637173844621,0.8944318670066741,0.6201068860636114,1.0013958640825542,0.799645822542281,0.7029122421605771,0.9193153591278583,0.41605685488208044,0.6283894070235355,1.0839401546344325,0.2967285739286175,0.6312807589788116,0.5476107227958312
228,0.6298544217221153,0.5913907110303336,0.7753345456388081,0.8134256330757917,0.6447146672047437,0.914623069441133,0.45876219756994935,0.6047678967522305,0.6479420661125231,0.8459818943549412,0.8817179451811907,1.0113048117189143,0.7620345479830474,0.8461586433890063,0.4988868919338229,0.666839270497608,0.7876091648862584,0.7757639304995254,0.7534322500367847,0.6684337151559344,0.5412257761024402,0.771400342510047,0.7484471222535676,0.6705957298835821,0.7254809519800529,0.9809806983235714,0.9906991799673468,0.6076478138164119,0.9556585896279186,0.4335886272210514,0.592450249929338,0.7798047587121234,0.30367162730698183,0.744218006263876,0.5266864023133788
229,0.7478175494809256,0.43320937934827886,0.7934573837271144,0.8738225579603442,0.6928746403407426,0.7877834326537181,0.5076433229523412,0.6035562295398766,0.7462818009785892,0.8828272416057596,0.6402181481969964,0.7702771901639052,0.6243724652249654,0.6935184993728221,0.5434326232783442,0.6128359847707685,0.9229035306218224,0.71587841507482,0.8279880024859619,0.7024893613463972,0.3901559020523276,0.5665507455466094,0.506628091892579,0.5790984568944537,0.44575947871463584,1.0014454058048465,0.7316352614764445,0.5358302554695118,1.0521986824078262,0.2897158015230855,0.5394483358785164,0.816463030994445,0.3128920456743558,0.6560230478051381,0.5078296814943174
230,0.717222307007642,0.6390526179249182,0.7870084577367858,0.7944477922944477,0.6854294146478681,0.7730426920039568,0.6540480756304734,0.7193159084735381,0.5947586269172501,0.897275985189675,0.7458184170864006,0.7958994022564996,0.8639130120981724,0.9314383772719999,0.40924490658261736,0.6390269513960474,0.800850843767889,0.8216436129913541,0.9052037422140748,0.7584031997384078,0.6511560144739676,0.764647633151676,0.7589703057655532,0.7420220869606435,0.5524513171752986,0.7416595405966617,0.6694742646046197,0.8077759465495913,1.035402769761217,0.46058072897199764,0.6910931721007821,0.6858890846743582,0.316492144323158,0.7376855901408235,0.5277633482056447
231,0.5878880781217808,0.7313989395124233,0.780737990551767,0.6721801915857799,0.6303181937264869,0.7258696526354442,0.5598340277960152,0.5552186772788941,0.6855767361808287,0.9300364759663883,0.8424195072414458,0.9465499472129237,0.7897154990820432,0.8904742380484216,0.6001705157956891,0.7156696769383684,0.9310904996206666,0.6302617526981127,0.7982553857857626,0.7879179152489062,0.47408033193120175,0.693067755349912,0.5474041016382217,0.6740097240995258,0.5697019594668298,0.9665840395780897,0.6226344836027247,0.4722905001175873,1.0468655963450626,0.46294731776045717,0.6036510158239847,0.8500888666787648,0.3454515303510596,0.4464033768625223,0.5643290435301371
232,0.6092208894927451,0.5309416430558477,0.9042868841493112,0.9243753093612356,0.6758638772365956,0.5678410942765572,0.7446717182600812,0.6086943835792101,0.7520134384628416,0.6276108548621028,0.754125001478567,0.6419242616689049,0.840315715078459,1.0142852717168693,0.478763483096563,0.7661783327189984,0.97290081927936,0.9212514946301669,0.7628166961139031,0.6444863910708972,0.5072957962807811,0.6653199107793566,0.6006023661943818,0.8540077466349789,0.6287023469330928,0.9172734937394107,0.8551170881123951,0.4841270526374145,0.9937012444027016,0.47257449493555864,0.706125777966932,0.9419072677049152,0.390898457404668,0.6768970148351952,0.5963721571568639
233,0.5645639656904164,0.5028865667969222,0.8715730167144256,0.8960492499052545,0.7363870660818708,0.6700248279355283,0.5294913264172341,0.7413024069490142,0.625141556718598,0.7606047691264358,0.6320412159622675,0.8806267539570888,0.7533497557705542,0.992692350524645,0.4464832706743511,0.6428979297272858,0.8690757511579822,0.5948259589815741,0.9599514039960679,0.6703223339276223,0.5164497979942958,0.6794939516370274,0.47052243154266393,0.7457974062555242,0.6862354945623634,0.9088200138819295,0.7587779491325058,0.5481337220182562,0.9148605450981181,0.44008989803907894,0.5516072379357858,0.7803959975809018,0.26562394427963737,0.6552889345227437,0.5383521780438174
234,0.7502892935938148,0.4591397563059918,0.8394626698627066,0.7864238041797137,0.7210566355741718,0.651811471415408,0.5356064126028011,0.9080838019395954,0.6449895625109758,0.5417996962954559,0.26894144525631336,0.9629914875249477,0.6934965962518145,0.8257577558013015,0.48727121488649305,0.6141764997313957,0.8413391171153248,0.666522913674406,0.7518746444425926,0.48239649781081423,0.49080512023223677,0.8208025646162764,0.5763710252272161,0.5416121633324842,0.5046920682306391,0.7851636150246757,0.9048056259279474,0.4565941071129307,0.7603867247976437,0.42956354989156564,0.6003167810311258,0.8329559708308042,0.3297850193426973,0.5479714965939784,0.47626917228657234
235,0.5990589268652731,0.5413269631468041,0.6011168909161978,0.8145931086204741,0.7476611049786783,0.6530823159803422,0.535636181608756,0.5759866702382318,0.8993488179602136,0.9103937718396562,0.3497358369314763,0.7892701082839761,0.8340146169677518,0.9070560278688033,0.6085952640357268,0.5229903296747827,1.115971463885522,0.8855587732784381,0.7851472900967262,0.6689804641215371,0.7348244046045561,0.7997579653661745,0.7390207684807131,0.629151507309073,0.6033277655190548,0.9843522579816866,0.764124028322531,0.45244967773987577,0.9293604988974813,0.5383454106877233,0.7089381036746413,0.9124218919934042,0.4123588224613184,0.6928509088466221,0.5713099674034561
236,0.5772982592465845,0.6282899473875261,0.6642941075751315,0.8233639222313773,0.7127698513230132,0.6775386306998374,0.7250958323142883,0.5456185996630867,0.7106402216419316,0.6586851300517063,0.6076432700934928,1.1292646032821039,0.6628388810821033,0.8321042757931254,0.37967244779848647,0.527808473889632,0.7512827007429794,0.856380415254526,0.7842908259363436,0.8156208144171836,0.49035645022345664,0.7992202774941057,0.7999266169806016,0.5120815797774122,0.6374260480142434,0.7765315942920102,0.6769054364139184,0.5274696130940949,0.9487545348147985,0.4001721411789084,0.6600497557209339,0.819603603553364,0.32532652187931665,0.8215118410497064,0.5672866160105619
237,0.7090911909486695,0.6721662354502211,0.791900058301267,0.8823250471128011,0.7457991320192029,0.6751575709810655,0.6282320776767031,0.5691349003993539,0.5889196933941844,0.6923562384987785,0.6055102943947683,0.856458704152451,0.7600354006671493,0.9884545527744288,0.3200884964965613,0.6209743334565158,0.8436986591348257,0.903005397052492,0.8643892766605787,0.697281170300794,0.6184013938976038,0.8628106496590314,0.8728732043341776,0.609069246149174,0.6295630307196605,0.7091052077701095,0.8506852308960079,0.510907102862243,0.977513101806766,0.5256755906059847,0.6234759123800657,0.7005399288727803,0.4506475595750288,0.9653569705693158,0.5643806993448867
238,0.7491524104830082,0.63814301909846,0.8133028702120344,0.8729214695507144,0.7841885849178325,0.7149679737588537,0.5898400592460686,0.7146289506638965,0.743294377415775,0.6485293027213319,0.5775338943877948,0.852121029657188,0.6976287856314001,0.866005054213243,0.4879974251725428,0.75205321962786,1.0046430270832314,0.9105031076494219,0.7815477174340926,0.7203261058962203,0.7873739908208268,0.9228403357965745,0.7841671917349491,0.6724719684519386,0.559662013232249,0.6975104055889292,0.9503994708796075,0.6706452173994997,0.8915875423719599,0.6782013579347252,0.5876198611665406,0.7958321014550409,0.49648411241404317,0.9797045398219116,0.4491366935216574
239,0.7542381351129168,0.6287106322764858,0.9649565478542462,0.9586379392772111,0.7940843957979913,0.5735397120960359,0.6603977426091892,0.7512831128299176,0.599475286334597,0.5290330116556687,0.6845651282642038,1.081792332123362,0.8196908860147241,0.9048290200658661,0.4954387197980439,0.6819211370990811,0.8645506160560593,1.0071506899917564,0.8903617579940541,0.6175263728249558,0.632920119466009,1.0340507299334756,0.7003151185385772,0.6535886474746393,0.5975721342948144,0.9696196073985005,0.8778097367987806,0.5821123567245424,0.9711543450647806,0.6135869948199869,0.7046877080222826,0.7785875157425284,0.3957204310572586,1.1075583847394153,0.40624782797851056
240,0.6929229970748241,0.7487838601129656,0.7568041164036539,0.866843707367777,0.7007455934712948,0.6969268138686111,0.5781136946814189,0.5807023658482675,0.710546523848573,0.6886224722786923,0.5966322187625424,0.8081913933875715,0.8836550974845722,0.914735625873179,0.5207242043320374,0.5812700872523434,1.0071692428967898,0.8224362761025281,0.8433101705698363,0.7201229136945551,0.5995683431439559,0.7526780453144193,0.7020619834041364,0.5544751244306201,0.510506883476002,0.8584533962920202,0.773978473335855,0.5748816905246528,0.9971042591144701,0.5243144908238628,0.7358835016718587,0.9384399155858342,0.3062565204438525,0.8188429849768573,0.568972801513426
241,0.6615955863119897,0.7425433454467685,0.8488770547100211,0.7503793414613313,0.8086445913321201,0.7569392806462065,0.5765527342174677,0.7725249506354066,0.7660169209679468,0.7022971890227218,0.5348078241858039,0.976907847148231,0.6653240683672137,0.8035768980335329,0.4542780146548338,0.7255882757482472,0.9739861830496168,0.8765104841573206,0.9792959370396181,0.825377274322541,0.5986237225652014,0.9212233442060851,0.7535483469106766,0.6249322421008459,0.6192500058258206,0.8834658812352527,0.9261827144740196,0.6362983623947082,1.0541718663630346,0.5286514448034595,0.566695701715048,0.7033821357474046,0.44009517159595546,0.9138720043083421,0.5025425292494445
242,0.6976751692793941,0.4999187356634057,0.9170290835462785,0.884900533023885,0.779571484035992,0.7943280271004124,0.6458958418973176,0.839558717751804,0.8425339721597707,0.7765455606464667,0.6624845883361883,0.7903295239034417,0.6623077890962894,0.912628844451184,0.5694442497947769,0.6872346375430903,1.1532959032515264,0.7149384469843424,0.8231760974690545,0.5813488010304565,0.6485828463631764,0.8315701604916763,0.608640175741237,0.7722904523766033,0.46910631527302504,1.1199740545728345,0.9682624332626211,0.6421893348586318,0.7702545018177254,0.5037843641409023,0.48039568675864486,0.9506837029065158,0.403773261163593,0.821529758906589,0.6198835714490336
243,0.5863454445238916,0.5668346451501018,0.9053253644758429,0.8914967420182938,0.851085210024317,0.6812058517375577,0.6767218617495951,0.9243557687921952,0.7137563304290034,0.8288871017561733,0.6361282170174751,0.8437954009757724,0.6059459794828066,0.8251140784933557,0.4862767734793906,0.7112810157838667,1.0725058632653468,0.889535196695028,0.6982574895840955,0.832377884312155,0.6588466961946611,0.8627647702197795,0.6923802398532874,0.5970058816278192,0.5483345470535015,0.8005403404646136,0.9006562923144964,0.8778398521899193,0.895539103871241,0.4614355037982255,0.6284520960539584,0.9133934154195226,0.396629774508348,0.7987542018396799,0.6395618120064082
244,0.6233617974784513,0.6317897414223871,0.7972006588790694,0.9205246782895199,0.7753071630835047,0.6024495217967917,0.7152083482313816,0.7504196672998344,0.8881763117505486,0.8279430110819336,0.7189505060468113,1.0119193571612102,0.6756145228613266,1.0345987455059205,0.42631829879925787,0.677421955829042,0.9294234018415195,0.6866569908329381,0.9097985282161352,0.8160039474938301,0.5686819286506579,0.7879323459449772,0.662573166846162,0.6257779399991312,0.5304393219789509,0.8051217530127093,0.6512275359168643,0.7985912211654549,0.9071466488076545,0.4780623426599122,0.703231336106758,0.7754572917154272,0.36534488140128635,0.8291070201546666,0.6086750275169038
245,0.7553960725906137,0.5527314099820069,0.7596003350239098,0.530092254381193,0.7308931760655049,0.8260385247156076,0.4425123645240283,0.9771143970628995,0.6396174750700097,0.6875291343507042,0.5479129676103218,0.826196514160167,0.7204858856725406,0.7621743461833963,0.5116817197319729,0.6145079681634019,1.0412998884467637,0.8343994063181672,0.7876366746788419,0.7334023213735498,0.6445295223458098,0.8481892865597973,0.5606881225409052,0.5399962822921445,0.406159722878318,0.6811185863800219,0.8982852712167606,0.6986691075792975,1.097608323130821,0.5113399417989561,0.5079886047977714,0.9363196186660212,0.39266766053468893,0.8059254830939488,0.5982723331545392
246,0.6111931899931758,0.7566699671744107,0.8301075378086504,0.8883058585621886,0.7228017896945368,0.8714402739245926,0.6470474817992176,0.7442785221806378,0.883384914521504,0.9116160869850842,0.5150000055442047,0.9093404081072751,0.5958880680024645,0.9503604087058685,0.614820595107598,0.5944959876309733,1.2115902255752786,0.6768759628615173,0.9128662409132415,0.7822855880746431,0.670621038119239,0.7981108155973691,0.6076534926263293,0.6651285636274614,0.6342719930213844,0.9229565887991726,0.9442328152669014,0.7664368640379234,0.8459988168340193,0.4471185517991124,0.626175545669051,0.9654147499305571,0.4283720838850076,0.5850459011979257,0.6847330387821537
247,0.7726518940965373,0.7737542888292965,0.8819985357306155,0.69684324770463,0.8395813373998711,0.911012070748241,0.5349089588352001,1.0644896669373096,0.6634754899064322,0.7824694295965341,0.6389226645208596,1.038221088767098,0.5742577446391071,1.0321341176040635,0.5301056418122498,0.7074532931365978,1.0656158403829226,0.9204167805599058,0.8829371752711599,0.895491466564404,0.4761198953335376,0.737794261579158,0.7217883867874797,0.5238137874106923,0.6237793818267707,0.8743680335345734,1.056550535763439,0.8221983304946614,0.913751881340521,0.5602260429429817,0.5335699722510311,0.8890621662068418,0.35261720245032807,0.950431402319234,0.6697564924537664
248,0.6586358372775847,0.6787242766304907,0.7932811339423415,0.8139704515902433,0.6376350163419254,0.7843805472156344,0.6283506752604621,0.7475402459465126,0.6692870031595324,1.0159175344722335,0.4913171986281203,0.8784186507397522,0.6396799819215877,0.8755827268851342,0.6453071344226344,0.5952919190228791,0.9811362830798762,0.849800405258072,0.8683382553075288,0.7609353948595513,0.5457269263377418,0.8270568518317549,0.558810034705972,0.4390668257928041,0.6943335932926993,0.8455680196173585,0.9227137999188152,0.6717991955504113,0.9514471473406663,0.5326694205218565,0.5655262658738031,0.8752431434652148,0.4089667396887443,0.844989442954691,0.6325312297719524
249,0.7898937895292009,0.6091973785902239,0.6992512731432168,0.9466058786641331,0.7785447997028375,0.5960690151822029,0.6737857662747042,0.6467771269848626,0.7352577962104481,0.8512731290214363,0.653191780313493,0.6502147332135501,0.6220262960052901,1.1965285451706649,0.494031007235587,0.5794160875829952,1.0528461219459686,0.6958943967126259,1.0474984034359416,0.6899465440431193,0.6191323992165273,0.7901066913473991,0.6143422521295845,0.6632180322261594,0.6073790870676353,0.782028585343589,0.7984500744931542,0.4766158142414789,0.8899036005992552,0.5714319716483721,0.8270364683853291,0.9648243971577222,0.39001223837486715,0.722433104769049,0.6261845246745191
250,0.6573039526977918,0.638333772342045,0.6658186801906414,0.6094033548894184,0.6828679073523964,0.8927022156153395,0.5290377355437992,0.7107623357583533,0.5606274498581694,0.8600314921946506,0.40180317040052904,0.7520986569371781,0.4678279228398794,0.8789362628067097,0.5108210593698422,0.5767534583632332,1.0351158151714053,0.7809632754479561,0.8295314131347855,0.6484887108116315,0.533219226640108,0.890175700523223,0.7157417804041382,0.47648889227409974,0.590226227809672,0.6735453566889837,0.8482692971001525,0.6781993070032596,0.8497853740888197,0.5050564047934175,0.5838955660777921,0.638581856930934,0.3008266985000321,1.0340091675806553,0.47982849428898017
251,0.6487909151817157,0.6302902952660959,0.8724781690884816,0.7980654733004504,0.6911110839846836,0.8766348951490313,0.6124855099142668,0.7810479115632778,0.7934457518109796,1.0401347937052672,0.7165628841308925,0.8116493481168386,0.6026246117910077,0.7540082271084938,0.5532405390819408,0.6103972248173707,1.155704515660292,0.8417860559248955,0.7564279440889423,0.8407008261710476,0.6512632032775896,0.8099533510086131,0.6676299956177811,0.6546649027151419,0.5958985049238025,1.0503557141627855,0.8345951277343338,0.786506455380718,0.8737577816811442,0.5542375764904973,0.5268060041704479,0.9832399043265424,0.4099970609104887,0.9397116220127641,0.7479118848394368
252,0.6558078921924355,0.7955980480508158,0.8094517779331103,0.7169081091256273,0.8549823114331214,1.0617874299567438,0.523791292841274,0.5935270774718162,0.7310855788141644,0.946999856754158,0.6775505164107484,0.9190285273344904,0.6491538305061714,0.9495799730513901,0.6316219739518334,0.5722985821328045,1.1708294181106331,0.7665129085583204,1.1280235227858992,0.8406503399080889,0.4890237814054684,0.8288962287270604,0.579150608142706,0.34045677191140533,0.6527580789863584,0.9871620337734449,0.8190038154894169,0.6964879623006592,1.021476115085328,0.5158843666608203,0.7003887517990128,0.9230146638799392,0.4328012535821664,0.826036738129443,0.7339081797084028
253,0.5909176118797766,0.7221992351001901,0.7612465454912976,0.791099481255791,0.6479668598469706,0.8280184253643412,0.6037658300579354,0.7207464658463419,0.6729671926782914,0.9147899246084694,0.49883262549908414,0.7491752376225057,0.6265764788478455,0.8841885204618599,0.5205326627414897,0.5939100952647147,1.0859743925321648,0.8714338323792838,0.9508532984948435,0.7281586317470303,0.6371624867630488,0.7810224172539141,0.5268840612435305,0.4754418634970662,0.4988158923558028,0.7713795710582775,0.835477075132014,0.5171776391927829,0.9164521325146483,0.525397430782943,0.508544284113678,0.8604951884142702,0.3636562607892746,0.8502505854200071,0.6665261956864135
254,0.7234094938327693,0.6106138734734952,0.7801482854747543,0.8107876274197581,0.5518514241935152,0.8643980142032182,0.6894131777974004,0.89529595707205,0.5576588393255417,0.7020096909854927,0.20933256685965362,0.7967617749388598,0.6109811042154246,0.9324160722372686,0.4647393667331723,0.6091720604785594,0.9238077202712565,0.6605562333091666,0.9587146451293465,0.5641821668296063,0.6003050441352997,0.7138683308214259,0.5837352108525767,0.4602182300008292,0.37457552675235234,0.6485189762529551,0.957108325467978,0.6518001519794323,0.6422352959156034,0.4675801808241559,0.656316482136238,0.6640853297619438,0.3871449151095676,0.8911156456289808,0.4386904449642324
255,0.7656058647891846,0.5845768231737078,0.874261028457471,0.6195397765842405,0.7485200593157317,1.1139297732847528,0.5570986929603671,0.865780864149688,0.7850751117636359,0.8748004356981659,0.17481224983381527,0.9003856835678519,0.5999791743036039,0.8765616233933586,0.6427165473250855,0.7724984253730423,1.128755771755626,0.609384543800592,0.793339699120474,0.7097085424523347,0.5669185010042466,0.8700545688164416,0.581894561290268,0.4620913855085831,0.556532208308226,0.7569052938478857,1.0520489786661433,0.6215194516826783,0.7599824463319658,0.5600705866497246,0.6771593504425168,0.7846522689622883,0.4482385445435808,0.7974938797167909,0.6083658593843523
256,0.7109755316629991,0.5641522552942828,0.7941619102059999,0.6755063901981162,0.7765827180279319,0.9315671211050802,0.6218122648703495,0.852100173708321,0.7618006000615885,0.8641430938394126,0.21577437669745517,0.6108550985765029,0.5530442518489954,1.0516020269786268,0.5646616140540499,0.6662710908841752,1.1276009518933021,0.6262829834709094,0.8559890483524976,0.6459390189659127,0.47977907748862275,0.6184510035309819,0.6256690051637344,0.49658248354377343,0.4471711707999841,1.018050886772309,0.9663606782019357,0.704842332377646,0.6608244938240015,0.5678333104421216,0.5817866710728601,0.8472625569787362,0.35321626662110106,0.9166330917025484,0.5625663654627722
257,0.8562804119694127,0.5382509542903805,0.7737167669476703,0.8813081452572651,0.6172570583204923,1.0742885625937972,0.6555534793373046,0.8336707263040557,0.6784557102309554,0.8259705572559047,0.34199598833108846,0.6997818460368722,0.697640142802155,0.8770386937233114,0.5919211272203466,0.5608354562345526,1.1230961354183546,0.8417120109727535,1.0301271071459392,0.5948376583392133,0.682086813181324,0.8987682998014178,0.5507848770794249,0.5751328210316684,0.528941969386985,1.08166598142054,0.8715837236241155,0.8720387430029852,0.718977343085079,0.5149412485856789,0.7049929713135329,0.8324231693215322,0.3485761533708894,0.9889573583591142,0.5956339806599791
258,0.8996067949223523,0.5879065992825512,0.7704543014179057,0.6669195784376629,0.7517397282183161,0.9322628336280572,0.5564646493124621,0.7368111510397097,0.7273707258517139,1.0346474028602268,0.3272059988247723,0.630883577360636,0.6756479369794668,0.8214523796173165,0.5817379109992941,0.66696036718525,1.247622322559588,0.6240532651881328,0.697268123661817,0.704115739585266,0.5381989897852133,0.6624737209004241,0.6127483515312406,0.43237141009201197,0.442863172838846,0.9032794082965001,0.8606647920983453,0.7364965093484682,0.716829047474663,0.4062430473953016,0.5540560483051192,0.8435117510402135,0.3382598809501146,0.6940394915522605,0.6514165095869167
259,0.8627615330900942,0.77131229516834,0.7322413591547955,0.5571672233948901,0.9440568600610404,1.1755134181899587,0.7105735162626327,0.8143039750703535,0.7535070036030218,0.8237559508841226,0.4703987696287707,0.9089913520051738,0.7704702538089839,0.8869055016943928,0.5223144955669554,0.5440390819428339,1.140519441751246,0.8610895403355404,0.8288565310483095,0.794654804331801,0.45566353339296173,0.8181831363260339,0.6254552932097517,0.48201681836856103,0.5818981990667569,1.0239193205942683,0.7577076578036503,0.6800647365303143,0.9364026749642025,0.4424763940464722,0.6317236622500447,0.8695273444190397,0.40717224022368287,0.882520250128743,0.6804413226613085
260,0.8046422850992127,0.5890294103664329,0.7211068889652896,0.8369448044253487,0.829180643439487,0.747044759250258,0.5633075125120073,0.5746290957385107,0.6359161875497163,0.9453536026986846,0.36193758305778523,0.8370190212602383,0.8271921789833481,0.9126125058375536,0.6148526551544077,0.5666499239172746,1.298745226950888,0.5904820295473971,0.8864833426913172,0.6892388563632692,0.48079340964507045,0.6405645263827412,0.37694456119066044,0.4733699771756671,0.5479170432473978,0.9157572455388764,0.7195113810485408,0.7141120235054399,0.7765647447366414,0.4654692083398131,0.6475881107492016,0.9107676053175888,0.3380078133694048,0.6137538491765733,0.6743072363406709
261,0.8459278094936052,0.7268688014830963,0.7716475748595064,0.826288932490618,0.8220777285034546,1.0256424372893251,0.623242256385518,0.6904266682347431,0.7979056600180282,0.9520934602759729,0.646810431789117,1.0531957872983793,0.6000561484796376,0.867052468191933,0.5643548698093717,0.5319244865707539,1.2396379891906812,0.8478477604033713,0.9600444292554373,0.824811121271407,0.4422120907816611,0.7662090945915673,0.4987647825310783,0.38976282647586835,0.5582652085240223,0.9257418905587379,0.8686129132048931,0.8585945570472127,0.7525893398237602,0.4820241249953239,0.5765500770640688,0.8530271957445925,0.3467544800197687,0.9368139185875127,0.7177017800235324
262,0.9739272516160495,0.4873737641760028,0.8358639667421829,0.7992566879694097,0.6916031030842289,1.0176976475104038,0.5916075034949453,0.8209531756894606,0.7517760340637435,0.8858668412506034,0.5931794157756723,0.4250165759659013,0.665294718911188,1.0306570736574097,0.5538998257560092,0.5850999625526532,1.0744901157993734,0.8632541571560691,0.8587837409898366,0.689996713289661,0.5225448918577446,0.8995062140058712,0.5870716605684465,0.34012693680616957,0.4935729589225426,0.7868465729815446,0.9375994060344055,0.6749635378847225,0.7706028076187372,0.6184590763771161,0.6169700798530081,0.8003443805519199,0.3732701635718782,1.0050862757552266,0.5208811369487845
263,0.7141089458985077,0.6809047151348625,0.70673283816465,0.8755014145637551,0.7533099228755771,0.9227490201504013,0.6460074696843737,0.7323198347005206,0.9160698953836965,0.8767180486705244,0.5546981526328583,0.6987235910196805,0.7160718324036575,0.9339601570324985,0.5513252054146923,0.6069398522324305,1.1593231906816897,0.8314402655444092,0.9169454328843257,0.7452452926896526,0.4695870840614065,0.7518195189530121,0.548606302442276,0.39024425488578096,0.5214051504824386,0.9113609410760056,0.8909825709592726,0.6172460687880286,0.8284899231032851,0.4901506093629835,0.7369351562484024,0.6994492401424557,0.3928284503991025,0.8629992364979653,0.7060052116193085
264,0.910044286583947,0.6562506867819314,0.7335003693568332,0.6624955547547069,0.7484788194940513,0.9514907067262539,0.5847197843818398,0.8863605167070703,0.5808904301793667,0.9778210742572184,0.8017396341702812,0.6814618381062748,0.5546838283377387,0.8437335375491016,0.6444807906119209,0.5994749509369172,1.1111904915250523,0.7548098119626228,0.6762531428945957,0.5564202073605201,0.5994552038722163,0.6414355334691159,0.476351111725219,0.5101674325702877,0.4505648175106718,0.9432126698286283,0.8845678217752011,0.7204823412230209,0.9213435150372646,0.47121084634162624,0.5800080196096132,0.837263935345177,0.35481146412527104,0.8357678775185584,0.6392793764952827
265,0.8819652167249957,0.5479681500593266,0.932284575693497,0.7350185448335205,0.7809395183054939,1.1322589150514248,0.6747412923622111,0.8877371431040759,0.7801567605641733,1.0836576972243166,0.6886457271946679,0.6462708634400992,0.8939133006025928,0.9915688494853927,0.5591492954856954,0.5631602856349261,1.2134696142081878,0.7391541556640633,1.0649570085926068,0.6424483266550878,0.5700734301916236,0.8505490341180499,0.49397445022316644,0.5404265794252561,0.5015363384838297,0.9158081655849564,0.7425962537261149,0.7508777607796833,0.6608555600232002,0.43118375189285785,0.6032744834382203,0.8838781904237032,0.3679034373482334,0.9249718084874334,0.6743766300696297
266,0.874405265455781,0.7330132638698501,0.770274052803932,0.8239131590663304,0.8650900252621129,0.9740558195377889,0.5734164130501029,0.9811557384429316,0.7258913113757864,0.9862089115090856,0.7565106767914399,0.8792260685043043,0.7997935008374379,1.0078223955539967,0.5825398320826534,0.5872877648508985,1.1044617395608722,0.8593489443254141,1.0092975021024986,0.7802994572607107,0.5565581140886723,0.8984643564662881,0.5527747167819099,0.4681959301638894,0.5328412721135768,0.9246562257123356,0.8389375307008251,0.6551567720498152,0.8555896214634049,0.4833388485158865,0.5854942228687633,0.8654527027916692,0.43370168863538483,0.8905766421660353,0.5780935888578673
267,0.8740680052466239,0.663605888827854,0.7279245625815641,0.6890002465852378,0.8163850238476604,1.041057557099518,0.46904200566446863,0.7580586774224383,0.4578351821730263,0.8709221107278384,0.7861929091200834,0.7388063344185322,0.6728384045622656,0.9883075063751521,0.5028257897497744,0.6881484925421621,1.0838687858491263,0.693563228099259,0.7926042215042273,0.7475739835075411,0.6488698496173808,0.84930007141053,0.5939842712976232,0.4168098332551858,0.5068162518343045,0.8045761347082058,1.0913588650366959,0.7321019745422392,0.8629522632045081,0.604748531430697,0.5369379277171716,0.7614820747054011,0.39239497299815096,0.8555674043809723,0.5547181459958637
268,0.8401756331019499,0.6874363038843931,0.8112079962926316,0.7555917181159122,0.8241330780719536,0.8456209259884888,0.6508413370375351,0.5843196962744561,0.617459679550912,0.7942555436272345,0.7368690979060111,0.8845076092448038,0.5270376308533579,0.9502149015712937,0.5175276538772003,0.5748517837026897,0.8781577453238683,0.7654111441257916,0.9070788671328142,0.6994498731218979,0.6217730565170205,0.8037040316707666,0.6754515653405826,0.5474351538143212,0.5817096501664417,0.868743497971951,0.6591226890997526,0.6786337635795157,0.9346027910281207,0.3974371847055684,0.7003798061627335,0.7106051405313377,0.39256372315794913,0.9910165303897881,0.5656723871080885
269,0.8080551580315787,0.6840782684583002,0.817841750597847,0.8684005940924774,0.971926352228935,0.7645694490026375,0.7397706741344505,0.7875384186997787,0.8083471761052325,0.9531804924494058,0.6726033028154111,0.8411433867346202,0.458512180507038,0.7994498036872943,0.5949902162205719,0.661579390261368,1.1409362379670975,0.9488853266764053,1.0167315221672713,0.7796176909737268,0.7216313650157121,0.8150658972610594,0.640008473188205,0.5978031248927188,0.5265441778232033,0.9264221475091108,0.638381779409572,0.9253256061857217,0.9419216547497643,0.5279970469506332,0.6624771375897147,0.9291616837565955,0.3027231466251712,0.8053224094101645,0.7003538698685443
270,0.8566386924102404,0.6346796302892665,0.6540992890499547,0.8241742244027296,0.6418570813361565,0.7981597811009233,0.5576670548011302,0.7184012160647644,0.7191317998258733,0.8752270959372952,0.6830769484099561,0.8070731740039039,0.5549162427201833,0.9627233078933588,0.5217318594849317,0.4894877952865537,1.046716412800536,0.8429607632109658,0.8380272544058438,0.8254190536644681,0.7759212552582924,0.8754699847039324,0.5935598553800581,0.651216007812595,0.42342574733500027,0.9247514067111404,0.7304728847296548,0.5810572570422133,0.9013323958115429,0.5125520336163458,0.6796583282334676,0.8339153717869543,0.28092757166052856,0.8605220929720395,0.654661011228024
271,0.774096328077728,0.4330538650699901,0.7723023938315975,0.8731246640422262,0.8953902920386794,0.7885591057748449,0.6999451898743805,0.7957784157084773,0.6836992582265563,0.7958274465216931,0.620627738728718,0.734213732459547,0.5949084618707045,0.8959637130225637,0.5372016580776735,0.46432768451360285,1.0249411003998445,0.6117149712887351,0.9066385066668486,0.7684471145085979,0.4907187126819971,0.7865026162075095,0.5006819559073998,0.6148000556608981,0.44810467856184844,0.907616489365644,0.7136358025912144,0.7569775782208114,0.7623750367922842,0.5207088163913233,0.5905827572408937,0.7116286546213062,0.3194934984203771,0.8602257277530851,0.648526492333689
272,0.877321629359992,0.6465794415880218,0.7493382772562819,0.8027166311810625,1.0220686499636935,0.8256665618346659,0.5761885074650146,0.7314317126870619,0.7534251984500244,0.9628364319883678,0.8619321988030209,0.8126556473788373,0.7468020368335426,0.8030888407025356,0.7572040816802392,0.5691812711948718,1.1291968283982272,1.0279727368303324,0.7549768825830909,0.7749333445250863,0.7617907578599856,0.9062163261387965,0.6201222166442064,0.48274799182378525,0.48132295068676895,1.0647734260741073,0.7787485781852233,0.7175760504056726,1.0773550574080546,0.5592784399882953,0.5473643354849314,0.9541076250193504,0.3939343191566481,0.6988772287077134,0.7704242783246289
273,0.8218574875076561,0.6277081873251181,0.8914051669734142,0.6114887463740624,0.8153180778744491,1.07532494853259,0.44373025197250887,0.8593992589313304,0.5916240084545686,0.8736056536204948,0.8341282690608759,0.9357017195191603,0.4973400819087339,0.8633858131554343,0.5729061391589878,0.48214962050263677,0.9533015915785779,0.908596128807036,0.8280226693141907,0.7931889581178396,0.8177951788169517,0.8610248228945985,0.6734295420071169,0.5922420650354698,0.5343562171011268,0.9510566186862739,0.9400870709795159,0.8090549356472466,0.8892560852951995,0.547918679873043,0.4766818581327974,0.6886420752837806,0.35569240241886746,0.8675859873158287,0.7297840725779691
274,0.8514346018439152,0.6730510250092999,0.7329417418600006,0.786352576213348,0.9416979275068598,0.8771924940029421,0.5764052084088773,0.7209752562720386,0.7970865108936391,0.8306138303967517,0.9008228538193901,0.8865767578792079,0.6515650773577721,0.806702278965732,0.6052620119450336,0.4564933793030669,1.1398264185663818,0.8743018580645993,0.7738889984079226,0.878826972460608,0.7145145987199666,0.9605135373016565,0.7775101907612831,0.6229388795207438,0.603775452632918,0.9443596699709064,0.8535074719221123,0.7345538487997743,1.0144562208615941,0.5388387640666299,0.6299763011492723,0.8358738801135138,0.36586944668590077,0.8852249436997468,0.5599687749229385
275,1.086804257053803,0.6621220801692391,0.748671241587789,0.8085801581742759,0.85346489973532,1.093707894030635,0.6437120872541542,0.9294965760087961,0.48171631669671366,0.862330069870243,0.9643553558162539,0.9470374872604066,0.6806525679170858,0.902176171781106,0.5667614968212239,0.6884202246339266,1.0102731436755161,1.042787867441817,0.9741298796186462,0.6532052689128597,0.681829463238935,1.0232613730193223,0.8041008894102912,0.5815419551911003,0.5099350768434877,1.0566631317626431,0.9387186554774472,0.7662312949764181,1.0325426587347564,0.5330871848257535,0.5651377588966695,0.7906933624703638,0.4371469873521453,0.9460006111616761,0.6292529972786941
276,0.9279402666436594,0.5493504434211038,0.7320143133832795,0.7510449242971122,0.8210892167370525,0.8445209329647907,0.643614640131561,0.764712724886592,0.7051318364122112,0.7960927114547911,0.7236720933081737,0.9294196301436897,0.6357950460007125,0.9385196451516322,0.49233331258093005,0.451001496986671,0.8960441195403777,0.8607700344197895,0.9185325695144781,0.7926114519179929,0.7436902577513987,1.0410813821344336,0.7393906895647511,0.5679560336882589,0.4686532385824165,1.0454242920018504,0.81639202383335,0.5669280522080913,0.8637962753117937,0.4791107370662253,0.6876298736518109,0.751613114384889,0.36889817733731756,0.7707341145426356,0.6290544444742868
277,0.9133168036715051,0.5235573831778539,0.814238689937077,0.8781482631138591,0.8222445052007619,0.9733626818718972,0.6295144657396987,0.7733782486057725,0.7364590068841316,1.002319077503474,0.850793778203639,0.6804611396791966,0.6354732922863628,0.9194319046157604,0.5732336976475781,0.5174732132226156,0.9851270197566164,0.8203489443159383,1.0107836407962196,0.7917249480629176,0.7334215899720976,1.052845068628452,0.7261657967576518,0.5292174763249059,0.488363169282187,1.0225998698388836,0.8056620919427202,0.7605532394244784,0.9493640876307086,0.5290639608531058,0.6486897008854273,0.9196271530113225,0.4010470440277508,0.6735141766818312,0.6968006119794008
278,0.715572282181723,0.4782131810567782,0.807352116821731,0.9313836597970682,0.7852821709221571,0.9165737456256124,0.7179403783464184,0.8610344491423113,0.6925947468281748,0.7639044891262866,0.599254629113946,0.9315331976378645,0.5940640509701712,0.9716658640708242,0.3976983015132335,0.5565520484378786,0.7230346715967868,0.9268425899933967,0.7514741299615049,0.5749198821295993,0.7338081872226522,0.8287657030632471,0.7458588596057067,0.5371105224765922,0.38377609917960676,1.0317502586500935,0.868783945361,0.7884294744916174,0.7340690211559577,0.6138885783330525,0.6273834138726948,0.7165041845545828,0.3793647877686436,0.8800002276206035,0.6062523195865059
279,0.8517695672575896,0.5853363251232025,0.7508321071789021,0.8226696095298888,0.7320660998697686,0.8479281120037837,0.7205098628736997,0.9016870300936471,0.6230032170834445,0.8406636069131032,0.7416335704174124,0.5847110838533619,0.7275856179198195,1.0505490108913427,0.5823894004408567,0.4990320318680934,0.8996558622164467,0.8842048840131667,0.9283379829643705,0.7255162334675854,0.6472774424405119,0.9096847366204527,0.7020668025628038,0.5313076477747685,0.3708852624713119,0.9002394670120191,0.8612397720806562,0.6403218946584627,0.8525425088375466,0.4456432590777872,0.5496966749421754,0.8108477652639232,0.3206540456592885,0.8719005547794191,0.5673606422956594
280,0.8240422521312417,0.5706201947183891,0.7493037028147047,0.888887713565181,0.7024073960123749,0.7741729867012359,0.6386053439499991,0.7840020565763628,0.8036274019450995,1.040609136198007,0.6684267716176064,0.7982848942168288,0.6679689884941726,0.9685217540753618,0.6395369795115537,0.47808348978801307,0.8294024590951549,0.7807768035870002,0.8593519527039044,0.6840588525188982,0.6958382442002872,1.0245800728189471,0.8283550066840781,0.5438163706425707,0.4085704315042378,0.9164761276026103,0.6795832635219093,0.5923470633181156,0.858362951329845,0.49874032058290685,0.6299761066179372,0.8008596548518507,0.3690530349096285,0.7129640740505098,0.6241222621771818
281,1.0141192473917453,0.6584174604040924,0.8857853418749451,0.7866158267705667,0.9772763729553735,1.0537399440496475,0.6240693509620938,0.7767379546438553,0.7781233575318571,1.1608107364793034,0.863181142742522,0.9591459006201031,0.8033812655872521,1.024105187188979,0.6631988398587308,0.6470286419357797,0.7528123045964976,0.7290103538057429,0.6794000263207358,0.9077930411712212,0.5545085381337516,0.8916551423647383,0.7459398992960001,0.5950162494039808,0.4101398898331243,0.9680362649268768,0.9179316770132855,0.7165463566948937,0.8944336706025551,0.3420527808957501,0.5653838040993681,0.8470389297285138,0.37337121886680874,0.7266588360172279,0.6907171785976969
282,0.9880869167181545,0.6024558657839727,0.8526429243067021,0.8715417774273291,1.1051565611706158,0.8704085074530856,0.722674143612348,0.8879137390361813,0.5781635872664204,0.9552320694486329,0.8374198261893904,0.9198845214068381,0.9010143050618165,1.09434364900797,0.49578763752115707,0.5442414751640592,0.8396258263954551,1.0513881326323795,0.9626111832737396,0.7895831573464824,0.6933907549528424,0.9860680828993877,0.8276542931068951,0.7450553567573667,0.5586310394143162,0.8861938844191455,0.6730128363755472,0.7036279077228591,0.8805480215524188,0.5212946985521342,0.7181954537689028,0.7925473623456653,0.2992992347111989,0.8976635395134207,0.5700752821497299
283,0.7399429205896727,0.6131048206635838,0.9210252528534745,0.7262141533852718,0.9815356179307908,0.8277642540509914,0.49951839424730754,0.7883286915956966,0.6831581516705421,0.8796008229844483,1.0163728681464907,0.8588381109030707,0.6429245855883337,0.9845932698531951,0.4734435173132829,0.6737412001730274,0.8649805871931215,0.7722950441405312,0.9314039826096564,0.6580272224839008,0.5247752945767651,0.9303672175845733,0.6938369769488268,0.5845624438333445,0.4855895097979694,1.016414359399993,0.7802704406453569,0.6558240579842771,0.9401408436459042,0.446411607922323,0.4781256479031515,0.804509420379039,0.4385526788400659,0.7916184105328983,0.6344097462208051
284,0.7383636075507596,0.4788921360145871,0.6902372866556536,0.8068448694433406,0.8146631438919021,0.8615321008696971,0.5073611071151762,0.8208599581954859,0.7508261720662442,0.7598070464797807,0.6248047517633137,0.8856400877919257,0.7580447294298783,1.0000529991432523,0.5275932578002189,0.5729755446321325,1.018077004249807,0.9190810382253647,0.7443332794522038,0.6471125934235746,0.6875328628506419,1.0425702153614538,0.8733878439095921,0.46744436895245123,0.4132803654140872,1.063587948299277,0.6768881446207016,0.6599059722260672,0.8955170769586925,0.6867528347200453,0.5971124823132468,0.900060214759073,0.48845800346821094,0.8475203202304503,0.6384999531819808
285,0.8838125190233993,0.5448041389820071,0.8529604489684282,0.6382485607500533,0.7934224041901781,0.8525137570839612,0.6040491785739169,0.7121484073411172,0.5969881010723934,0.8577042123999594,0.5937462078161393,0.6575410678824103,0.792027113562012,0.8837224721993941,0.5109201342946702,0.7144251907325572,0.9009965342539596,0.6819768686342729,0.8145656732814053,0.9130557765924847,0.6909608742093968,0.8783812194876881,0.8901587974188097,0.5683497023238528,0.32455635823288814,0.8504115921158354,0.9211357694513914,0.5844726104294682,0.963021001656519,0.500271687674879,0.5179841896075192,0.8571143991759818,0.412053968936579,0.6358506851899746,0.5166800903596632
286,0.8078638150319208,0.5431192628838338,0.7823352785762276,0.5390171304241038,0.658819790142271,0.7360697769063977,0.567463965203111,0.5503591433116849,0.6183044338804962,1.012841016357275,0.7514605851470988,0.6496382247846555,0.6628444763946463,0.8934011021694402,0.6475645097232621,0.5745156534709744,0.9670350453965493,0.7401955273126386,0.7288922970316783,0.47179419982001386,0.49820425150844894,0.9057116581657076,0.8920449570053467,0.5486524868232674,0.28137940393489674,1.1310134950626194,0.928028759663716,0.5787501736476992,0.8341991963802673,0.522908526113091,0.5415660160926501,0.8403518187193393,0.3550282426732735,0.6582983396141693,0.6093368858214833
287,0.8224481635740012,0.6459921398061316,0.7968518816022777,0.732840687386885,0.8737172365731682,1.0607833404633964,0.5717611582081885,0.7414301523770606,0.7784237014497595,0.9005550507889066,0.8437493785630505,0.8799443940026375,0.856485920287843,0.9885984426608047,0.5693084593246676,0.6174295044292941,1.1093638276822322,0.8587852387352237,0.8778664980497447,0.6758620977651075,0.6016984549283333,0.9012394287043441,0.7723494780913864,0.6190376908901032,0.47569707541141854,0.993998851083832,1.0411366865693947,0.6703771094867192,0.8294712814384377,0.4820285165675141,0.6674837389476612,0.9033526720537031,0.4488472136749473,0.706452735606595,0.7677306169366493
288,0.8990536011788348,0.748072868308429,0.7928789585065841,0.698788483277518,0.8989644650424928,0.7222392175396469,0.6008570890333342,0.6974013578912148,0.7664983235393605,0.9309035540195645,0.673679034273414,0.7005224669950727,0.8140170435828009,0.7928562782252928,0.6227638058737821,0.6014538310231072,1.077473786350721,0.8692616774659319,0.9071835564093536,0.7309616565181465,0.6142463929846445,0.7620335423408473,0.8543064223290479,0.5625065231920744,0.4141546915396691,1.1196421821436089,0.7327231364216327,0.6362911739824273,0.7811120318147655,0.472231001971788,0.5223964894709342,0.8729206640683465,0.37032395037222876,0.7354339518417286,0.7638622732033407
289,0.8418839866593759,0.515559979847036,0.6956209759783699,0.8461328042908097,0.8610742409203058,1.158767813060455,0.7064870549707993,0.6831616640053533,0.7021160590550174,1.1712461024779794,0.7094912488032504,0.60475234719524,0.7574515611798074,0.9564061379705692,0.7200891186971019,0.6011041681402558,1.0925261689272032,0.8582586481740471,0.9640155878949012,0.8567185542992901,0.6604563755136446,0.7959472485426782,0.7369295422071799,0.6585004139764038,0.5118970213393568,1.0076078630121896,0.7490264544342222,0.7375782471090438,0.8131046618906075,0.4487719731214239,0.44623757431585503,0.8765931524680683,0.2752191207390201,0.713295829333997,0.6668425746728724
290,0.7482536144820153,0.6612089039698914,0.7322713685341734,0.7313099099697598,1.1502564076822863,0.8230895901529314,0.5868466024852257,0.5939228257344995,0.7131022012921602,0.881246365986266,0.8933261606048921,0.8770483206371862,0.9309033704647367,1.0371049265746433,0.5668698673354378,0.5528376393506058,1.0928016452132607,0.6404035898008702,0.9861138080519241,0.9116016675387236,0.7143871533546045,1.139033276826958,0.8534511648134905,0.6991490903992383,0.5690414879167747,1.0222080672176515,0.7826770504131882,0.5195031275250315,1.1135786872440492,0.559050976280798,0.5766655292468904,0.8427269161790861,0.33984347985424035,0.8502003959207862,0.6713964274901859
291,0.9476290007622634,0.5406691069052807,0.8360481346063008,0.7288996909534227,0.92888569737715,1.103899318151408,0.6993872139644531,0.7641941626153848,0.568528472336925,0.8624168121478712,0.7821180061818251,0.7071110773751252,0.9211124081791244,1.0801820454184545,0.43775008202862187,0.5055076226697717,1.0727794393943795,1.0497542101028294,0.9509866768175501,0.7802029233736139,0.6857437412643137,0.956474838121475,0.8908775803423532,0.6423850702444208,0.6115941902688223,0.9975021589480461,0.7789021754304488,0.6942464467716826,0.9803589132135522,0.6365976929623851,0.6272244539087886,0.8181290938344312,0.4039464345774283,0.8078971895151218,0.6990606860306853
292,0.6863439771442958,0.7141134888516516,0.786178536629797,0.7363062566545635,1.0541006850538637,1.015344057691237,0.6621610689527544,0.6631153124005437,0.6411374655477972,0.8225635441528869,0.918925472045953,0.8735879670244349,0.7858402134556987,0.8158701157287489,0.5591672089323793,0.6656963136804633,1.0894061648896607,0.7720966347471079,0.99986834917007,1.032652443190424,0.619113349173631,0.8585362945128945,0.7509000255381243,0.7417453644248693,0.6163006090270582,0.8185249654588809,0.6647388716326956,0.5570192947493582,1.1702045599875084,0.47142314913137573,0.6364475562021175,0.7762242586046151,0.3672912666685534,0.787063697338379,0.6626435211556531
293,0.879359533655283,0.6667906242015996,0.9166920225137689,0.5642509776695043,0.8445695543771992,1.065841191105994,0.6956875285752364,0.7735153990220691,0.6499634170843404,0.9387044124804556,0.6942016821659869,0.7367538721450323,0.8045366956401888,0.8580643903371232,0.6512028970829395,0.5962567236935694,0.9968248216501543,0.9806703315625523,1.0089187457827404,0.7560623645119959,0.6202768692398553,0.9407733496559041,0.8151551547987161,0.532301296584516,0.39846102798716215,1.0873578662376713,0.9795178315372701,0.6460291420988854,0.7703692751542259,0.5742176865992482,0.4591731843107832,0.8866646926077049,0.47507470770396176,0.794151748141755,0.5823882893008255
294,0.6958034109133711,0.5919029102241222,0.7374753283870183,0.8108736895405597,0.8237815084303257,0.92071593215867,0.6735178209021442,0.7177983046513504,0.5324371217337773,1.0103000990274371,0.8635745812209613,0.7218894744636738,0.8515478045263708,0.8688342545130703,0.5373339099549999,0.641307598501269,1.011173499886137,0.9495099503959945,0.9173263960606381,0.792621597915111,0.6466920559121865,0.9126805111952356,0.7532699553899954,0.627207542644727,0.5291072567873925,0.7604676000869438,0.735516772416443,0.4964796832811475,0.9176100607042889,0.568611694216871,0.6487538407489244,0.8201184580407807,0.3007335275188986,0.8728661317796961,0.5924290452696569
295,0.7110478534435661,0.5526718633226614,0.8360231680966175,0.6742007504185836,0.7533598460642097,0.9119917726467339,0.7006132267855978,0.8726126790439784,0.5673553535649583,0.9695362007901678,0.7185909555819827,0.7729743901125223,0.735374372329036,0.7805148876881738,0.5802655894852345,0.6582426569054777,1.036688834022495,0.9118814810688558,0.9135062559962042,0.6849239864379019,0.5560542449598584,0.8472633501884643,0.8245080366753456,0.7126352952436058,0.3371677853746029,0.9782095813962145,0.7999604553277259,0.6724747959324204,0.8457206793169023,0.5266167562747561,0.5624858354315558,0.9258415771260589,0.3989362696291273,0.7967181778945254,0.6124884509907341
296,0.7279164892326936,0.6060460057981798,0.7601733853342623,0.4784443538031143,0.9954309770670289,0.8692159256824288,0.6036127853979338,0.64531137426318,0.6205991780970679,1.0149755741792328,0.7252445978548265,1.015375374029054,0.5917701977818159,0.8401008105259091,0.6442982680448037,0.3963607991483109,1.0955914703277907,0.8249113867507358,0.9667507355787344,0.7854824375644975,0.7128660268755098,0.9183745710005493,0.6948789945388042,0.6748002690548789,0.4962525891498796,1.1875630876109393,0.7899177170578582,0.57676523171908,1.0600822083326333,0.5640977152504736,0.539906480113422,0.9835345120350274,0.3419620822143997,0.6630271231217504,0.6794931720274893
297,0.6729129216505805,0.4810617448071456,0.8139923151040397,0.4636470073761765,0.8131746837519453,0.9699341780404003,0.5106183096283492,0.6373741280571257,0.7031964785818331,1.0159796803427676,0.7736737039866317,0.9019897692776615,0.6044001706454305,0.8417433273066415,0.6751450016050546,0.5236969341967745,1.1036788649053642,0.8256696968051453,0.883698698507482,0.7865630479400363,0.5802127383507575,0.9234627160151797,0.8841532179395308,0.6238056852419802,0.4500716386771014,1.1506727373483883,0.8582083400953394,0.5241401023250096,0.8893804588935796,0.5959835334691517,0.6203241051020558,1.085247347511862,0.3581219357610287,0.7322971983949745,0.6824677241347864
298,0.6585961648501508,0.6485384322102445,0.7873867133627735,0.7182722845451672,0.9585954193062352,0.7830099384831863,0.6080077469004135,0.7302978350805758,0.4812522212776405,0.9764481528264656,0.997469904106076,0.8418387517710633,0.7619704271961292,0.8297418388083653,0.519132077694166,0.6123281446103697,0.8674064875108352,0.818068251338007,0.74036888899412,0.7670421057750881,0.5659746247333779,0.8401543495093622,0.8455778209847815,0.6074976603124911,0.5180151941839575,0.9867722024720317,0.9678162995791615,0.5906357000569398,1.053822893827991,0.5205132747731482,0.5547520288488645,0.7490384557285381,0.3213388737723154,0.6566812528557291,0.6484010163675267
299,0.7144868458071971,0.6620552295752469,0.7505211559192944,0.5788459407730552,0.7989315797993394,1.0295631333134225,0.4594678106931016,0.6695998761667389,0.6366040186504658,0.8634587541292582,0.7593467218719144,0.8869570293784549,0.8707593049109066,1.015390478881919,0.5352187562239459,0.5340064040143986,1.1402126985839576,0.7303198356225926,0.8051418296700616,0.7256378661955146,0.4889035512737483,0.9586592040003352,0.7113270730257788,0.654478715625548,0.581910141835298,1.0192976018560782,0.7783059324700501,0.6254135242149567,1.0420361784847854,0.4725175128089576,0.5328995393038074,1.0018109443132763,0.41280035747877936,0.8063931407866133,0.6723727628206095
300,0.7535636526070888,0.660565339991285,0.85952609246031,0.8363161367320975,0.8118222385911862,1.107337119284116,0.6255969053972663,0.8620445195489892,0.6989878254468469,1.0157913428582233,0.676349825397073,0.9373823377350937,0.9060643579747967,1.0442126494209707,0.4772820902014442,0.7274491841069812,1.0883825622750443,0.6456159902952017,1.1269163587472943,0.8749413276941391,0.6891241085738011,0.8955041052604518,0.8231225018626367,0.8439974921699172,0.45463478149300984,0.9980293517985123,0.9106189380554551,0.6580640941984646,0.8714805113391886,0.5380780574460972,0.6197665534283021,1.0807971889046297,0.40501413681901544,0.8899906501683825,0.6596965289467489
301,0.8322529116557145,0.617492360844679,0.8867022820443602,0.6746667978055167,0.8255677138021961,1.0085384674321802,0.617056957364158,0.8871210950843356,0.6706005032972213,0.9371944827815384,0.8143414951672459,0.7536640836439559,0.9348015296010627,0.9940248768019921,0.6030541203916318,0.6390696878629905,0.9790645992166924,0.9333042154373291,1.0211392177433245,0.8123941538691579,0.70449972449994,0.9573255234212856,0.8108549854262024,0.6028407281638221,0.5920155401230143,1.0790121598742055,0.9080907237656164,0.7741375432270678,0.9109252355424775,0.58380140085521,0.5448145923321606,0.7882680669219427,0.3338565972393745,0.8323483110687231,0.593626161663804
302,0.8287288010168183,0.5435175547175336,0.7135977751822047,0.7348596624694275,0.9041822394882877,1.0270696176390055,0.581668834392795,0.9277984180599668,0.4525738217588784,0.7640118105095769,0.7085192469584167,0.8826970938367974,1.1202724235696664,0.9819095615810945,0.5058917440291512,0.7159864157199354,0.9097093790727275,0.8084499389163644,0.9573751829243621,0.905281182936972,0.6351496147502003,0.9574701343036506,0.6443356798124307,0.6725125547156301,0.4998793108208034,0.9559031339010495,0.9676473576150616,0.6675260010726578,1.1191214489348367,0.5921540757038566,0.6118297775427576,0.7402154041317401,0.33669464292318596,0.7508481075854032,0.5683681026958878
303,0.8871366635406218,0.6739102134732994,0.8117436822367521,0.8229052383935174,0.9013989850679311,1.2346508605422795,0.5918760986024417,0.8750776550321167,0.8507453046007295,0.910762388342544,0.8485661449803834,0.8194266023651215,1.029290946143393,0.8894550854605503,0.6159579045151118,0.7467944927859161,0.8815853430885712,0.7680323516031016,1.045693198370628,0.8859661349473695,0.6218068280078295,0.8333293244900627,0.6967354402029933,0.70588340117647,0.5382400873455484,0.9199435791103814,0.9269293572263834,0.6992954871430197,1.1329035317420677,0.5027770613558074,0.6633321749362698,0.9056106818803663,0.42565634342054615,0.8346273717452548,0.49357353296182815
304,0.656668303392575,0.7276193028142026,0.6865299786970981,0.41133117351061343,0.8516962585629878,0.5782449901608333,0.6433682897826788,0.7430029915177105,0.5525055988166327,0.879126415186356,0.8365045151430621,0.8453786182327603,1.02046304972355,1.0075101937083386,0.6061651416210274,0.4254527153826133,0.8271939377950495,0.9021452428220753,0.9370768801426164,0.8783655656858718,0.5781698861530147,0.8596103829521622,0.7999385581478279,0.7374947806006569,0.5588325082565113,0.9719471919508086,0.9062117227121871,0.5397997884615375,1.0795121985763696,0.6344680750901946,0.47226042517918765,0.7079927987843063,0.44915302616360114,0.7024923394105695,0.5077820727613214
305,0.7752219520238681,0.7721073021086733,0.899481248587614,0.6438918177943669,0.8060316064140577,1.0089139281152422,0.7949321459287733,1.012235029886273,0.6742799754930792,0.9672382679222438,0.7667334330310487,0.6998497864119835,0.9828081816732221,0.899334349742646,0.6075291801215066,0.6154820511580991,1.0040755151672331,0.5953390956511455,1.1420316782243165,0.9443151415608027,0.5250590175453916,0.8401012991048005,0.6229234894553461,0.7527086765978418,0.395172797306624,0.946554283029967,0.7203301659732588,0.6107358180311584,0.9751031968129151,0.4513349812939064,0.6171553043251693,0.9268989442150388,0.39274401517578317,0.6586849084331063,0.4990400861452018
306,0.8181827171632307,0.7004788672403628,0.9574645060372597,0.6925156879026004,0.838169888283457,0.9775093230734203,0.5076510703071867,1.032444161089285,0.6331702452264709,0.9852581321711187,0.7305425165641627,0.7783262225727342,0.7692735637359752,0.7281120858578549,0.6134592865644505,0.6238893071225553,0.7763874217218338,1.0522916818678194,0.9587335911693473,1.052362961706447,0.7062100704618193,0.9339002083868357,0.7290870311504913,0.7545242445605759,0.5955585892407838,0.7972736636477782,0.9084134163052504,0.694952764367365,1.1437900786723771,0.5090227277384143,0.5152294651663665,0.8763385409643232,0.5330191600860745,0.8133679711601459,0.39707256233957156
307,0.721428057139416,0.6317851362184954,0.8201550350196674,0.6748223262688979,0.8430468173370045,1.0436279437720635,0.6504242789954879,0.8708121593353527,0.4022859384933053,0.8389372027473809,0.7796042472674307,0.7487605634631478,0.991553113528687,0.9446046977096527,0.6370037741634408,0.5577742251756598,0.9832369879516492,0.5993185138912569,0.9575182186185398,0.9840243881364873,0.5166491507003141,0.7524951628400014,0.6318783371764847,0.7656155697285911,0.6265081015490329,0.8475527148425075,0.8639052386351529,0.6849959851503225,1.0752285686363852,0.5189800965753207,0.600614208292769,0.9326448022600838,0.3854122099119985,0.7657497204573741,0.4166439933877175
308,0.7443275980044066,0.6595227969258817,0.7152784252622715,0.740206896223925,0.8593970353676046,1.0894539063054518,0.5054415899943245,0.9775593933977343,0.7015575921908421,0.9987087274824958,0.8206441246939367,0.9161473356569182,0.7459227127085861,0.777277919233379,0.6484646014322072,0.6878542156779468,0.8050323130227248,0.9259974732456075,0.926664028473256,0.8219801988005832,0.5998896498389052,0.9301734731793813,0.8958933383551801,0.7244762215822751,0.546695081026181,0.8080203681595604,0.9108939751860294,0.5566962706934953,0.9383409707816632,0.6304983445735135,0.5823899242072546,0.6337495916303864,0.4530227968925872,0.8513309148651556,0.5388814520784371
309,0.6545309258862306,0.6667436877722087,0.8267704875908513,0.7461259248023602,1.0028020556467074,0.874393608186979,0.6295833926413831,0.8323246426701332,0.7676277304142822,1.0302227277371878,1.0133396886163033,0.833472880073774,0.8261926987449496,0.8378351356912496,0.8950522894249546,0.6408729143942447,1.0664926590418429,1.0741191986088046,0.9013452084423803,0.8718989402328011,0.683643673153686,0.8388574285496926,0.9826337554452327,0.5775770996401173,0.6917723919153983,1.0931533679342178,0.7817732296286481,0.65967123712519,1.2272545838611797,0.5631635423507717,0.5753968279467339,1.0623547465320968,0.5214569291341109,0.8425797014400225,0.5741063279263936
310,0.8048925343198682,0.781556205551051,0.9037892673259229,0.6189693132834428,0.8551063542254318,1.088243983347865,0.5591723854790924,0.9608653805564913,0.7096480902052049,0.8872009426696603,0.7071157554095281,0.9374185585458226,0.549984098332314,0.6182387266845344,0.5839139058516517,0.47904308149829355,0.8731264123079581,0.886653709971895,0.6902225546812399,0.7971813791905416,0.5525150138901147,0.9263579337766937,0.9201266233510514,0.560011327308872,0.6017948806454461,1.1041300894707105,0.8088392664998172,0.5731966350514038,1.1595335221516243,0.5297795824751379,0.5107534562698235,0.9251871041651207,0.44113497664992857,0.6815255355249097,0.5201038601039781
311,0.6870234347588249,0.5363076273718785,0.959727035398966,0.5850026448885988,0.9200903258901496,1.1270784320354625,0.5796841712174416,1.0644352703017834,0.7078805080099808,0.9785068951394873,0.8098557935517999,0.8706222302588331,0.8159201219317924,0.87875055258646,0.557935342913731,0.6798308277099934,1.1041135819917676,0.9207059396637722,0.6200392607522128,0.8392895689055322,0.5414050669883139,0.9577686875815798,0.89997156521405,0.5332354671427122,0.6194691370337041,0.9251286247003974,1.0442741563591489,0.7559298361142058,1.1071890874375303,0.5497871437414099,0.5881928475930331,1.0043541512321865,0.4013882585074622,0.7046847736081474,0.568844771102309
312,0.7976517015453617,0.6401396194292521,0.7749977511473106,0.6999099924460863,0.6958354550600746,1.1122858869853571,0.6751070402020933,0.914978861804524,0.6700131896255609,0.9611084701420824,0.7195696519354501,0.8838652851257132,0.735836233306308,1.0664056095194927,0.610047780542391,0.7766299100213181,0.8638165115889541,0.8160349224704381,0.4332570091715345,0.8721951502377283,0.5083011026723334,0.9247307138604591,0.8392724530423652,0.6443746694189784,0.5429195124065591,0.8276047198081935,1.1601518692563126,0.6563941832770616,1.0517018965315807,0.5693815793664644,0.6580291081451011,0.8629960471128859,0.3711077834316436,0.6388109314589868,0.5772948676578795
313,0.785934795311837,0.6067139352462847,0.7277190983074161,0.7999791089585979,0.8006035319229861,0.9499880934458431,0.6940828298630544,0.8477886689843164,0.6054674471774035,0.9960619814877414,0.828116597803904,0.9912106803173449,0.6992043711563891,0.8452974388784615,0.7424070437665613,0.6063704527741158,1.02396903211635,0.6113448049181741,0.7355342328498662,0.9253329058431938,0.580663208879415,0.7497944864946997,0.8937109785960087,0.7579929118310482,0.6664938509152911,0.9061619071200229,0.8834955079694258,0.5888958066762058,1.1624927091573074,0.5344382176864126,0.5097596410711175,0.8124368504713813,0.4506596364006684,0.6415564799092809,0.5919694965777345
314,0.8689485491903965,0.5930210983528605,0.9662411667092086,0.4953549183516628,0.7266431666312634,1.0239094482475752,0.5487566695809707,1.1079603327355947,0.7362117624092746,0.696003936100124,0.7334863086524168,0.6145828834876089,0.9315242705422464,1.012880021829376,0.6426189109757017,0.6296928662911607,0.9390648981401793,0.9581401163342674,0.7651979981481529,0.7897142474534069,0.7690216584568508,0.8413507766260502,0.8793120511005414,0.6358736615709089,0.42985856654957744,0.9810692651656175,1.125765572081181,0.6761529963753732,0.9308265574915032,0.7043523023935454,0.5663457061993868,0.8135530440729053,0.5599643029449162,0.9163568231637125,0.531355794531158
315,0.7084965773618978,0.44077887964343976,0.8335246423886904,0.6500502488325102,0.8055500773405502,1.0134558480041098,0.6847340781279769,1.035229371372411,0.8512858550355118,0.9046869306537733,0.6059838933276119,0.7803423153534332,1.0197633387592682,1.0321622325883462,0.686185464072655,0.6969781723342277,1.0601220885260059,0.7523091334063797,0.8481685662293171,0.8850569729451209,0.7414485130312367,0.8475117804843796,0.7498414151716124,0.7392690276722377,0.4733584871936726,1.0589369153898074,0.9631642174407735,0.7254264707583874,0.930243318975373,0.5476965191604536,0.6935910394479935,0.8689470162507074,0.42304548945270654,0.8323766402000237,0.6854127167515567
316,0.784279742701824,0.6509154813437232,0.7474568056398434,0.7492351293473141,0.70547790784575,0.9758215403849023,0.5717849008960327,0.934268176939834,0.6941368825091345,0.7742803698413252,0.7326950201648534,0.952072478727122,0.8836903640245279,0.8095291733986485,0.6504823025440474,0.6105150913328414,1.0131238583634556,1.0394848014260278,0.8298705131208276,0.737714451384443,0.619365351245794,0.732377297246086,0.9763119523147843,0.5875363234783697,0.4805007680159429,1.011657768029409,0.7262707145085925,0.7026131200147718,0.9792309288928365,0.7026637418973138,0.6689127747685898,0.862418215401766,0.4584219147199762,0.763939192991844,0.6408174742686428
317,0.82093910536276,0.6461048931576918,0.7314597685364149,0.8672262052736541,0.9116508920581727,0.9976101780208415,0.6268386752999775,0.896230487406773,0.6754055094066899,0.9527341642392473,0.7255306287174389,0.9785247725989463,0.8989769974319692,0.9056539102234831,0.6916474826082717,0.51521269213427,0.9822708606020969,0.9539574872244014,0.8349184272313244,1.0254324138634554,0.5653617711295374,0.6783591085861113,0.9059552878862186,0.6930884006790272,0.6248134426594862,1.0900488150465053,0.9299272824411384,0.7098282620224929,1.0041483802192104,0.6311240252742616,0.5761316118725284,0.894469338054742,0.47628439170452835,0.7152682677433355,0.5684725060959737
318,0.7216792351613941,0.5636633235485646,0.774381743504437,1.0379793268347013,0.8030127672137382,1.0518118311706184,0.704082528107834,0.984975739266716,0.5788264752754197,0.9807273498822997,0.6491173786997415,0.9770951763645382,0.8442609793332161,1.016616591504158,0.5219830547365039,0.6097263174792272,1.069111710126131,0.942670851677727,0.7922687014366614,0.9257734946473848,0.6788541216487629,0.7697157400781223,0.7072768679856278,0.7705046854212583,0.626573649211905,0.9318913996089484,0.8045542587039103,0.7536266273471329,0.9945515416583908,0.7538504474204757,0.7141342889525368,0.8315152097079401,0.6998107502501113,0.8174470147737343,0.5398790132832043
319,0.7126794264041996,0.5661655754860271,0.8669449712033388,0.9651353474784683,0.9549917224486016,0.9746102173071596,0.6739118688667279,1.0218210747487306,0.6498735920432483,0.913669085569312,0.6493636633106967,0.87953855748656,0.8289840582656616,0.888061922704307,0.6530246614455141,0.6573968793935828,0.9249529053716318,0.9667542046775944,0.8127826950633972,0.804300571115093,0.651124387176277,0.6462808691763301,0.9101413811700003,0.7101220173466232,0.6371273123971737,0.9833399799490302,0.926032987598953,0.7082145697036284,0.9921547823425707,0.7981770682449045,0.5288039883282507,0.8888080811512484,0.4154831191227972,0.976542210842619,0.5985923335513799
320,0.6289837105239935,0.6751881019089219,0.7362886341791283,0.808445892307978,0.8307375482228203,0.7824312080332396,0.46945175475408196,0.9810590001375854,0.7794637851214461,0.9568502522621738,0.74088768203769,0.8793500818168887,0.9126878861871821,0.7448483478437432,0.5249089690539515,0.6095235874853564,1.0783216796982564,0.9069331026219136,0.6867308609520031,0.9620012639619417,0.6875654186493046,0.7741591045305898,0.7569011370766715,0.620558793281811,0.6080003692918874,1.1428239491090149,0.7015244480451508,0.6939684305910891,1.043675389130744,0.7022289677734017,0.5719294141158895,0.9899388933588382,0.495123437178094,0.8817605303063006,0.7530403752424937
321,0.645212781076046,0.5752530362495668,0.8215797816861061,0.8857269789053535,0.8179956686455265,0.8208922257382144,0.6834988651991633,0.7975333911143544,0.7279863953366064,1.0451405509342901,0.8198601369904543,0.9409485775585029,0.8288200354787791,0.8924335520867931,0.6255814631787462,0.4940597078767417,1.0773896089333899,0.7916933835312225,1.0323756644414548,0.9523046710804137,0.5347919947162629,0.6645742354786169,0.9581610462533392,0.688208357248596,0.6245998138336567,0.9454232680345586,0.7945508666694523,0.641798583015027,1.011203859147887,0.6973906118534934,0.6148868424843246,0.8211834347979173,0.5219288560737007,0.7568102073238041,0.6805518845857454
322,0.7808513557341699,0.3022378999868335,0.7819608524794059,0.8463069484122938,0.7738154325947874,0.9245927934184714,0.716322845337727,0.9368917475746366,0.6008984555525106,0.9610821624386433,0.8448429391902592,0.9907992119747735,0.908232171796048,0.7303324264928768,0.5906888618317668,0.7009335455624846,1.0473501185059955,0.9189583690930293,0.7719592996484597,0.9717383518753477,0.6041682441969659,0.7581667852377484,0.8667764194971117,0.7409525963312834,0.6047939405642895,1.086258144040783,0.8958148756855021,0.7553628820879326,0.8356213957168284,0.7946238746812879,0.6700640212957599,0.7541879789188282,0.5514406474359923,0.6838322458586539,0.6562457620882058
323,0.8369598071664562,0.508527293905505,0.8817856894208105,0.8066861330445778,0.8481317909812625,0.7772791569105069,0.6861659369881851,0.9398752749910989,0.6402275421849903,0.6960060892170598,0.7312245164396881,1.0132542081852707,0.8192060188937595,0.7443196072550192,0.5555475880589096,0.5668175078752549,1.1095918371654876,0.9697805072604095,0.8618742717321402,1.1310376015495516,0.6630992516013317,0.8057305280783421,0.8593071314736487,0.6788904125581137,0.6467119581572103,0.9623812595623684,0.7649499721231312,0.8163313621898349,1.106867194247399,0.7070302121332019,0.5761707339496392,0.8813198543167373,0.3977947504661717,0.8226479886087672,0.4644124223480952
324,0.6303369497506526,0.585536860759259,0.8229623423394048,0.8325238229883017,0.9053256966747742,0.8503409723728859,0.4690997963062758,0.9461641350686257,0.5087768607868903,0.7707695189200456,0.9278810089777134,0.9874037552361243,0.7534960958774464,0.8641774470680534,0.5584663594647303,0.7417303764519247,1.0083287863818013,0.8028259113573695,0.8881922651775369,0.9924281784743294,0.47704086670734264,0.7084501346754015,0.6504225690326564,0.6548218043146203,0.5819453288818285,1.0470658365567624,0.7233778065393092,0.6759575989222552,0.9617876392755118,0.6343846117423334,0.523699896720378,0.8984978952521144,0.29138827797567374,0.7762215008506831,0.6488493150007053
325,0.7256292499884832,0.5761280087560503,0.8684864472344933,0.6999762646346697,0.8103527643083578,0.9951650351404439,0.6758692917775477,0.8647710169600094,0.6298105451978999,0.817109683755738,0.7973291557417865,0.8467557076543799,0.7964298263063054,0.8899017880527271,0.6621765892643908,0.6137450855464333,0.8125030491104022,0.8772700184063092,1.0451455539818961,0.975460975490644,0.5948740135784857,0.7119421567277799,0.7828299242304353,0.5046091696106717,0.5939706032857333,1.0959006156245739,0.9649754404818627,0.8574318120498113,1.2041431397716964,0.7940043482443586,0.5682504745802104,0.7965098574925709,0.39672312357171946,0.7369026559079932,0.4617154764840702
326,0.7578391634171653,0.5068745586943739,0.8105723985874522,0.8556558130318663,0.8951507822022041,0.8577532001968127,0.5856762279880277,0.9572345397064763,0.6299057802289686,0.9567378094905835,0.7022474106600665,0.922270571987305,0.7910119935113382,0.9815418090108537,0.529837629038496,0.6589649090996468,0.8891795021179029,0.9178638961282648,0.7710290396194082,1.0689714246341326,0.5740916665489171,0.672538116554604,0.7408750968976844,0.7806855108238588,0.6517666463116143,1.1343580366775485,1.0518311769704152,0.806295496279534,1.1362930231196842,0.7469269608921425,0.7894006184212847,0.7453665819540387,0.46782467513813786,0.7860386400692562,0.6380832835446386
327,0.7719193476974983,0.5642127218784638,0.8272023571933302,0.6048747825651279,0.9035431101641977,0.7208243114873552,0.6246858389883445,0.952174813624308,0.9506329057128244,0.859402952601241,0.6637277936095141,1.0091211783207288,0.8164774522194147,0.9069490351275799,0.5603522878000968,0.653391982450014,1.1865278841941262,0.7849202079140314,1.067346077857838,1.0128703599962734,0.41242115307820904,0.6058590957671269,0.6336861498843931,0.6945092953187553,0.551031548076492,1.1386036291696242,0.8233032754882397,0.8609570961546016,1.2228518467132772,0.6755361017801118,0.531045070419155,1.094036386852931,0.3352202863587713,0.7959484692899929,0.7612796556528781
328,0.6384852205149762,0.599797775493746,0.802002440733082,0.7362766597920599,0.8991029766944174,0.6818282844786488,0.5847487193526653,0.7411342115129165,0.5714515581182289,0.5886926878120275,0.7497264443721223,1.058090938525788,0.6683027395934416,0.7638240452847023,0.5336656998620981,0.5934163906487109,1.013457146396438,0.8434520533718353,0.7641633626145928,1.0121278047806963,0.5991204771723251,0.8098096624293456,0.7471173731500158,0.6250106026390828,0.5534455320496294,1.0824310027539632,0.9560405881953675,0.7119753392780239,1.0893000899305565,0.738007881749525,0.6057596027918857,0.7982048922316053,0.5833660984065027,0.7835350181890512,0.5831315589323482
329,0.48661951682024335,0.5421213438952346,0.6006661311243695,0.9581825310989478,0.839446053293605,0.7528186965455201,0.7160746091395828,0.5733973555347598,0.5762105428557611,0.8431349633266259,0.6058073615118786,0.84190499326227,0.7819347979143632,0.9656672691844481,0.4604814513871692,0.5735602817952588,1.0833472524096484,0.600591383590876,0.9973693554836194,0.7730269310116441,0.49999842987537724,0.7554094524921592,0.6909624907346721,0.6950492051691457,0.47782830501511253,0.9614443812977035,0.8025313853995322,0.6418994303526178,1.0681807074842269,0.5848025888901546,0.6139524305862583,0.8611025200549355,0.438316180480481,0.6535952414082209,0.523028398322193
330,0.8198263993193069,0.4452061769325506,0.9065186429168853,0.857895032974474,0.7256804242572443,0.9003342308716779,0.5230686072190143,0.5890875904566958,0.6444967399252803,0.8162365281543724,0.59403991107806,0.737302465017335,0.6880867388122915,0.9219206509281105,0.5726135814839517,0.5273721116580297,1.0931617009246004,0.7695293967484906,1.1111922304993194,0.9311406973366134,0.4577825063954243,0.7145820410930115,0.8265329702847154,0.5966807594359776,0.4605436742836506,1.0055395719838782,0.9012139844595025,0.7124726487041327,0.9689484427204693,0.7726617620615887,0.5627776419668349,0.918883241049125,0.5457655000794074,0.6507505736313431,0.6174487758813729
331,0.7534118505369183,0.6678838405825518,0.6550701453458532,0.7505342560005657,0.9937970303022985,0.8691336299780195,0.7431666954350615,0.7374046925027802,0.4936140936314172,0.7838313723762377,0.7944374730152352,0.9004762807259898,0.8298859485457024,1.0732742589874384,0.5854351834351238,0.5304470965916659,0.9806433409503652,0.7684132935957313,1.1777433606947674,0.9148053792351268,0.6102733368727196,0.8569160998806045,0.7433942552273993,0.6493124106694685,0.569164423304279,1.0380340650573583,0.823678164988265,0.8380745806904372,0.9545668475412045,0.8398822164153104,0.6697603424358377,0.8607521453892637,0.4949932280022056,0.8032602748779448,0.5410668178098765
332,0.6607011142192647,0.5534853076750973,0.7135966540780923,0.7687142208856694,0.7806672704674658,0.7099186753843738,0.5677824684260258,0.6201783146569635,0.5370873063504393,0.7194728383420148,0.7637209127165785,0.705114674166294,0.6250299648764723,0.7370577679166512,0.6768444171977229,0.5900149681698617,1.1059689017181311,0.7725944085357421,0.8892917039049035,0.8051092461091838,0.584363539607609,0.7647531636643882,0.8426148977554854,0.6961272021146119,0.6364530207247628,1.3133265612711655,0.7992306438449492,0.7441621520942369,0.972424531210577,0.7338487556887103,0.4508908072274715,0.9288055376202191,0.5130625213741754,0.7968040705589585,0.707200578257442
333,0.734069496192101,0.5775597922460161,0.6694928095003392,0.70330687769634,0.6999425237816684,0.7952922618048381,0.5553200385744608,0.66829993971924,0.5648309518162402,0.8923547075280076,0.9055756143975278,0.9106541102018487,0.5798331514350237,0.8629607665672161,0.5668434721528945,0.5642616100954922,1.1144844977085395,0.9648707238295113,0.9019884617287373,0.7169247168373598,0.537855343381525,0.8932385806111465,0.76749492596733,0.5853211629029429,0.4375558718525471,1.1563725183827005,0.7656918261783475,0.6911559734153045,1.1170638781459044,0.6606921810064665,0.488362217080066,0.7850057680213701,0.5452975806722414,0.8444043343782679,0.4405845312125166
334,0.7497906881807993,0.6469614368389067,0.7564119814996475,0.8425589773891585,0.687179528535821,0.8567960356388771,0.6314083273967879,0.7028802110999621,0.4783622906442727,0.6656420330645548,0.7504456360532747,0.8221072293844764,0.6454229124394704,0.9079121420551686,0.5763343498191102,0.6052419193880488,0.9463303408687055,0.7915371702503444,0.9774763071511533,0.8279817780625331,0.38023409904369876,0.7384960043860072,0.64288912052941,0.5803053652882428,0.5880617327574593,0.925977896061657,0.8948406364871112,0.7492209119201017,0.9333684005726182,0.6145983883974778,0.5800360551331312,0.8167343684006583,0.2983811756813787,0.8179322685757827,0.40771653834375815
335,0.8428032169119621,0.6886277497813907,0.7972875501450003,0.9233293850514549,0.9739770878329276,0.993659954562432,0.7247253365914429,0.9293904273983128,0.5671890759484168,0.7405423836888956,0.6508042728404221,0.8796074550418416,0.7849364027262082,0.945694262318997,0.4901742843035771,0.7585361954318905,0.8666219794042911,0.9809847334113554,1.0387456806828528,0.9934681021517461,0.641438588991491,0.8890822255802546,0.7971166143083823,0.6549861569314256,0.5900159674518949,0.8701820589236549,0.9942910392313105,0.8047841315879429,1.1162694780397404,0.6887507357897087,0.657126865499716,0.9296991086960769,0.455076064610596,0.7748448613505365,0.4761502104601294
336,0.8544783060384302,0.5821811374654804,0.7242958016671439,0.6154711282298607,0.7276675664160974,0.8571218182210736,0.5837589955190473,0.87217277477071,0.5137523680037477,0.9139346308867231,0.6725356161626647,0.8276049192276838,0.9639986861428689,0.845278837705645,0.49581816164071224,0.5746289085961787,1.114219087986383,0.9114460774469584,0.9162522246228326,0.8028327657650338,0.7449482874654357,1.0080802275756648,0.7660371986541981,0.6688099718021498,0.5034810929364502,0.9329182595905476,0.8683237354073619,0.7413865936114739,0.7913996337394847,0.8312800338669195,0.5823228031352189,0.9340212493135012,0.5422041639574919,0.9414071317103974,0.4330122160866732
337,0.9822329910350786,0.5193341705668097,0.7790862877287658,0.9184057737154327,0.6987381204555771,1.0768052995666215,0.544839846791473,0.9360994646977354,0.5748801930814973,0.7482263640379416,0.5517408844195766,0.6382202732784267,0.7793440766168187,0.9193986711546291,0.5017882789215433,0.7089642437281264,1.0828715062737333,0.8762346794271638,1.264131336791242,0.9066278042431463,0.6580138425256614,0.889078428601429,0.6661425171125274,0.6886392274850899,0.4041125730670738,1.0664719033204415,0.8053395383257617,0.922391595477994,0.8969935920950719,0.7776550659187227,0.6391787470167425,0.9816641052488215,0.5128027859533058,0.840182340758506,0.4889677074524631
338,0.9188985783373098,0.5041514224770461,1.0571287777466551,0.7332585671307963,0.8321668587882558,1.1379018623836,0.5641175052046521,0.7742776895931931,0.4663111767946183,0.7508609510656667,0.7809741635371674,0.7643074469140402,0.7321720155185274,0.8779912344265375,0.4190114799751339,0.7156928669150089,0.896286588220138,0.9882453874918975,0.8393462417918057,0.8810770103386636,0.6029657913825225,0.8764248475671045,0.6780274819335375,0.6454017353679724,0.5693319172928384,0.8807288927578159,1.2462899639835696,0.9097779484164963,1.0370549233398216,0.679515961669041,0.6065589671588383,0.8684208409656023,0.4656928650145107,0.7030378124055483,0.409046061593346
339,0.8465027250825069,0.6485294504930956,0.9560306071085498,0.7716745069036149,0.71978146296009,0.9742740664970146,0.749526327058422,0.7830471141064999,0.4550715200283215,0.8030564801065335,0.6156399893763326,0.6958635393322896,0.7027644111028525,0.8499529575314044,0.4772035539087284,0.718830808765215,0.9979894715056837,0.8416435767945876,0.894435381418347,0.7805242049727419,0.6222170837473056,0.8988097266247901,0.7574576156170183,0.6078533813891108,0.4407324377771876,1.1857407422882655,0.970078553421361,0.8683897925950892,0.8682815848964767,0.7193291931671428,0.5461273369120576,0.9615107175430243,0.5415357509175347,0.9546151485543196,0.49853897484334586
340,0.7397137060025618,0.7411618617417018,0.8252599417923563,0.7419193309940029,0.964683584236808,0.9456911397835182,0.5006425944162232,0.7577486222208827,0.540135999952605,0.812587048051294,0.7958670125345382,0.8390679324707448,0.6843288227198252,0.8940368176546037,0.47737774793228677,0.6142815556876214,0.9247871839028334,0.6541510747572565,0.9382435270418232,0.8917436723492166,0.5926663680561179,0.85839711057988,0.6635520706791955,0.5835941345101727,0.5499441051648576,1.0217496512204143,0.9950509095662923,0.7707499431010146,1.0688227047963852,0.6957796945729107,0.6940188108132989,0.8430648333884938,0.607004642333046,0.6622143244836307,0.455189310126643
341,0.9117609278581547,0.5652372526849998,0.8973865538763324,0.7310836374415868,0.7199518273645277,0.8786133498269477,0.6346960646832737,0.8336910736921792,0.48742378619278653,0.8314095958297587,0.640118483200923,0.7290967326114295,0.8626861139994358,0.8843598067289915,0.38475084782435287,0.7244681343165686,1.0361837030403456,0.8059715048613779,1.0577861324951123,0.8359975180494612,0.6401472578542764,1.0271506863183189,0.6652747945651698,0.7060225434324992,0.4174980383458201,1.0546193759541496,0.7318991832433628,0.7494390777910249,1.1420732283873947,0.7162963070250667,0.5795200825594726,0.6737760026265983,0.5519669826168999,0.7240052682427572,0.47837203143881135
342,0.7203862704142976,0.5661268515144937,0.7126132008651733,0.7402653126960063,0.9617105037392907,0.9335742381845291,0.6393831849315246,0.6712335032331799,0.4070429961505968,0.7569668285221482,0.6735323881435922,0.8397284431338881,0.9509069211095902,0.9128297272960387,0.4810057009745956,0.5966081819887326,1.081146370886853,0.8491062417652896,0.9265128877415878,1.0762656697446982,0.419841507499325,0.7603781240520244,0.7016989434358407,0.6492796466710613,0.5208310334677924,1.1597503881098,0.8370248149322204,0.6896847056627058,1.0645913890001024,0.5929019998391767,0.7178594092997062,0.972296137108305,0.4151002017805847,0.722921921301016,0.6125198847387527
343,0.7878789808183251,0.6244060371830142,0.710063414772887,0.905268903997317,0.7831090153949478,0.8907399519969823,0.5424261785771632,0.7262157662610609,0.5730330834899431,0.7214670878426428,0.7295756499029464,0.7763309832082083,0.9229936139971305,1.0418338984206252,0.4025419496660191,0.634565620854849,0.8879021455174043,0.6588180907014648,1.0098357099313837,0.9155376848738259,0.4951961558873912,0.9482480585134948,0.7855542718883656,0.4887721407954044,0.47356555850986704,1.1111938141196034,0.878490756179907,0.8251900629156865,0.8838864375418218,0.599411324941302,0.5596978701020866,0.7685353720155822,0.4121340768549045,0.7351902968973849,0.594250109663778
344,0.7245547843331889,0.5257084022156341,0.6326894824094909,0.9184792235182833,0.9261424883393883,0.8564694440925222,0.5290989943702413,0.7365433373717385,0.6495310212649954,0.7726432008530362,0.7817485039876584,0.7971018828785751,0.9544208832300495,0.9830522018620027,0.5220281375812245,0.5360749568927216,1.0099044211989971,0.9380935121687202,0.9526416103243989,0.8351455625886226,0.6232387571507154,0.9151095519133924,0.9949672739578914,0.6827012701395646,0.4299959738061017,1.0331262508937455,0.8749623341922965,0.7722803971077925,1.0371323421247607,0.599707808263592,0.6918898640421333,0.8408427449899663,0.5813038508172941,0.8837187650137198,0.7008468959644343
345,0.6652463973439631,0.6354102254029749,0.7207953469018917,0.7995023310640695,0.9450825602713699,0.9053648455757642,0.5326066002865832,0.602044239554713,0.5180244000626668,0.6954474751354534,0.697663219181399,0.7673263040496625,0.9148063156064341,0.9031828654950695,0.48641262249523176,0.5462777380188581,0.8847838954679226,0.8807697518507772,0.8831579950521792,0.8191839725110854,0.6345651024874186,0.8696425315669967,0.8461542459797563,0.5952731020659106,0.4545000124199834,0.9550047534187622,0.8015158213447175,0.6288156121744135,1.1552316882530822,0.6180060175850168,0.5621860393293616,0.7937641418937242,0.3851515978039697,0.7085726146273679,0.46700702314452514
346,0.7893114296811181,0.6467792023052337,0.7933803965325221,0.8162980758233334,1.0808616190245082,0.9336792680128214,0.7446246794348155,0.7163990931888591,0.6992153513252997,0.7295864187056793,0.8988056976432082,1.1853144663329445,0.8257016420805768,0.8806415834817858,0.4018013157228475,0.6607791389532556,1.0852148992956385,0.8521883303550792,1.0086028099365054,1.0032501767607491,0.6183494004243507,0.9500798530716219,0.8032970889417717,0.6029875626703705,0.522162147964649,1.1318051610186006,0.6698272417235667,0.5598052057631862,1.1925344241629392,0.7281109914291792,0.6244964153214607,0.923553421751824,0.5739225568955779,0.8811847115015831,0.6940937325334409
347,0.7877451154361428,0.7071839779800723,0.7556083687927042,0.8964202466737057,0.9058830391365744,0.9866610820677977,0.6731266511852657,1.0226629937750364,0.43070827679300394,0.9026439903308653,0.904781028726136,0.9101404722773071,1.0213071776903024,0.9674668813700191,0.5731928669266448,0.7044216892417853,0.9720305260258177,1.020995637476379,0.9857798572010008,0.9206926240671744,0.7185817183919965,0.9374819844840718,0.9315414464694356,0.6808464811712163,0.5214853306712977,1.1553026261185368,0.9662691084238233,0.8914272608600398,0.9569043586085202,0.8253917820153845,0.7222973876001074,0.8394285433391628,0.508468285124893,0.821451877260998,0.5514686595046303
348,0.8116737327134208,0.559983384723769,0.745536050525999,0.6780685985995729,0.8521884905913315,1.0262786145404947,0.6411983543868873,0.836987730711962,0.6166279679487106,0.8847097210594346,0.4124538510557455,0.9595386701879356,0.9014511050556765,0.8709429552384937,0.5801960556918188,0.6408521529478277,1.1018895755133769,1.1129608469344996,0.8308799292610308,0.9526498599707518,0.5958018139048094,0.880021695472655,0.8234841199968469,0.5019216344398163,0.46411717990710066,1.1679365768490828,0.9346096937585129,0.6729742839891102,0.7943048041608062,0.7753451216387124,0.7337158025285239,0.8964458362167407,0.5746654111664748,0.8268588190272037,0.599132671119085
349,0.7808997271291438,0.6296255341131191,0.7944284684153236,0.8094430524318288,1.1115074863446206,0.9395640377361522,0.7118834796614504,0.823679949250222,0.6318334645280231,0.9039494316272493,0.7764612848658217,1.1133182426458004,0.9954769655886444,0.9399345552482369,0.6097935269537169,0.6475879063440322,1.2676793685306753,0.9799931068062604,0.8280248767680558,0.9103044057486804,0.5432273501106437,0.9920065697646561,0.9993980916550134,0.6393431748051155,0.5189317394065233,1.1327997096915163,1.0619424025183777,0.6292163266466391,0.9640115557348721,0.7662805204105608,0.5725661732526114,0.9902343792958028,0.5211490880179954,0.8623737405483736,0.6601865543620384
350,0.7790021665558988,0.6084939825494207,0.7698022082729756,0.6546020950227384,0.8096411059060635,0.7888625071313398,0.49497643243026856,0.6741119636498278,0.5864726338397022,0.6877654603041569,0.6424995092424042,0.6562158338660817,0.8492311753294943,0.7168945991312003,0.4493419805928387,0.7229711247973942,0.9260232727021132,0.8992359341136528,0.9477042692071763,0.8076469016151799,0.6155039776815894,0.8559685374493935,0.7418453148040798,0.5705263588838543,0.39153602685160904,1.16066850644375,0.8278603807113813,0.6008682052045964,1.0524385216097443,0.7312437930981699,0.5475079646303956,0.9334188693601755,0.5463953236596555,0.7654107948074927,0.45581705562293
351,0.8576590924905965,0.7302664725024318,0.837022412491927,0.7718542785700979,1.0640562721411957,1.1032955066921972,0.7520334990243731,0.8825180784587792,0.5827737783029374,0.8311147206517329,0.7666877546014348,0.972875243139012,1.0083380049139015,0.9994192498187164,0.5485761954599486,0.7505312447420577,0.9452639786843331,0.902778302939659,0.9396971396679474,1.0506617527671354,0.6639092814280545,0.9692122586682047,0.9392012484125377,0.665079767647918,0.6575187433746246,1.0656446979717606,1.0207571078243702,0.6604501153641911,1.0787802566992395,0.6622024117748627,0.660890564169982,0.9057831902512593,0.5308196854375254,0.9240670281362083,0.48583592688377397
352,0.7433107311729101,0.6619026674944125,0.7718238803940352,0.7931783957726888,0.9433589697369423,1.0130193968224597,0.6404427107689646,0.6744852233799907,0.6376185326607953,0.7213449415955394,0.7313753205092115,0.9882686731584662,0.9779756129221666,0.990017386562403,0.6019776572598303,0.49821287633006434,1.0681193481143323,1.0361838151249132,0.9129733912735589,1.024405492212241,0.7085610983826033,1.0216333755694853,1.006840921582873,0.6570465645505004,0.5791910439236949,1.2114150381903435,0.8151740296170403,0.7908405879093678,1.0043847499133107,0.7649068301182107,0.5735080970572239,1.013240834414757,0.4691806784623786,0.8741680686612197,0.6380311412788011
353,0.8619758307414151,0.7407710421435025,0.836919762236006,0.7376548602035995,0.886872769817331,0.9694863331585685,0.7004980033743484,0.7146829468302591,0.6392807104802891,0.8098531497780419,0.9057531815523763,0.9543425903479859,1.0934922843330677,1.0734399447651777,0.4909321307089394,0.6628402697142719,0.9922586758026082,1.0044998418869207,1.0085337223214115,0.8427835272958389,0.6572972509340397,0.9785398142043467,1.1384165299639293,0.7045077017330322,0.537806855861213,1.0764475692864286,1.0257967511782589,0.6385142222284468,1.0471720331006806,0.8982778238545621,0.6584808274620856,0.7469680199937035,0.5521891067495857,0.9526649245448768,0.46080157959637996
354,0.7747542595817143,0.5141961279480802,0.7949279239888076,0.7050787792445049,0.6573574342990733,1.0359399697704617,0.455738344122016,0.7535909861355646,0.6341154061285522,0.8256821938418617,0.7196714383360743,0.7572338337882871,0.7930741625205857,0.8462607972641052,0.5368802912227149,0.7230942153699115,1.030319510292744,0.7904420859055927,0.937472797040163,0.6662277036767146,0.6089666451955142,0.8626557057464048,1.050431209697726,0.6989238949301713,0.4228500274210558,1.1191679524187248,0.7753994974150884,0.7551154246091082,0.8227918195731722,0.7114291691462105,0.6425187509901207,0.9322821649770623,0.4885319051412401,0.6821852228704157,0.5908356106089747
355,0.8793584369576627,0.7462592534511294,0.7468188768923176,0.7856917864998001,0.9418698908216996,1.0843628556069733,0.6049131460391859,0.7084513965250963,0.5238615066812721,0.7543596196419542,0.8027281395900259,0.9020846212150371,1.219918461139359,0.9538778320237038,0.3084774444221411,0.6110493093698657,0.9536350436862482,0.7990633777752003,0.9952884904290429,0.8761669855852361,0.6099408177224304,0.8422478415426577,0.8657798953475464,0.6717638536785113,0.5042290826854174,0.8899557450878928,0.8657364953850449,0.6681905607303358,0.8604992163838614,0.7168864503039312,0.7044025773323432,0.8214700206109339,0.5035882171189396,0.6636154061282863,0.5063510258853144
356,0.801168691375272,0.6666490818774913,0.8151035685341197,0.8895981970120619,0.813312162913264,0.8450011831486619,0.6286900496483185,0.79611553409763,0.7223996055848252,0.7803615663232351,0.6959134074868374,0.9452055641315091,0.969231861548183,0.7991598962583417,0.6013932814640586,0.6842201213257648,1.0773024556560529,0.9729233873586428,1.0826315561815094,0.7606968665970616,0.7283478742778049,1.0560973045136481,0.857826360195215,0.5943916788868038,0.5658404912973519,1.037922988768968,0.8036578922408373,0.5833578694054316,0.9334389014813145,0.5735915934993727,0.6476998067316918,0.8908874856756313,0.5859630114321935,0.7545494129317017,0.636952110642552
357,0.7412278611768865,0.6318626443091827,0.7390369139413394,0.9680817370275183,1.0062893874014214,1.1214451510312502,0.7263925598018675,0.9904891096036814,0.8089715480776359,0.8910086911000443,0.7049418854318247,0.8910039162654726,1.0675839394441191,0.9650940422632339,0.6697624798871411,0.7974763312721864,1.1848184400546478,0.7032243857723819,1.0582358051667518,1.0200559028988887,0.5923112707905485,0.8918560244566247,0.8975623515782171,0.7758368981776406,0.5601011066679205,1.1552867694415443,1.0359146168663735,0.6650691103938715,1.0431921873253336,0.5540345951537591,0.7277637600008372,0.9182521353108907,0.4446656614534643,0.7972526856925191,0.5536643814861729
358,0.7826005279204102,0.6736717544123099,0.6512513804214344,0.7410594763401736,0.9158707350226785,0.9100388063944927,0.5316996800162307,0.5741156930794743,0.43058063239340777,0.6372099141656158,0.7874470620949228,0.7302666358001552,0.859423403496455,0.7833751915369931,0.5453992474304418,0.6921144310092243,0.8142242121337351,0.8753655727731694,0.9830753077426636,0.8299188436362565,0.5799004857748647,0.9825327637429339,0.7869544007672306,0.6392236422149968,0.4804493602942299,0.9176463019876262,0.9167730278170497,0.6292979491438015,0.9782108626212611,0.6552773601338532,0.6409606993006688,0.8207040473861587,0.5338660048013688,0.7434952958090559,0.43822747099419224
359,0.7453488115034416,0.7255643475161954,0.7840252375288567,0.9008329074594925,1.008967041751776,0.9484115604752249,0.6282252282546964,0.7370702285046379,0.41215917307546973,0.7097985052259737,0.78089103932494,0.8500553169132496,1.1011219563029706,0.9294971226883189,0.4286668263270089,0.7000880624872143,0.98515285824788,1.148505655774028,1.0528905533778437,1.0904732877500316,0.7798309615246487,1.178067678934473,0.9012577102570731,0.6474425784559921,0.6005973475083892,1.0049277884346677,1.048433169373086,0.5834414875951519,1.109877353284517,0.779488420622774,0.6280323736330614,0.868360927712166,0.6394879637152616,0.9014442814214627,0.5437573643219813
360,0.6001069292028742,0.5547803952664805,0.6641698293455216,0.7910745929130887,0.9047339953229239,1.0615536693480936,0.6536477490166961,0.7426973816375049,0.7259350494019225,0.8485474769806575,0.7817206286626777,0.9151363211307497,0.9015629143384464,0.7455131810007134,0.5786111780461076,0.48363875684956126,1.1873617325836499,0.9636246283781118,0.9118805326496999,0.9841576134420928,0.7236184381876782,1.0182470211968413,1.1047775803530375,0.5516332419567876,0.4966273820718708,1.1733343840794557,0.7500988530707016,0.508564915700866,1.1758034873780079,0.5690728649277202,0.6952456531700854,0.9329468782107093,0.4409472068893507,0.7219302447565243,0.6288151932779946
361,0.8546718940841395,0.7075497341721426,0.785291390701433,0.9925295776441717,1.027184408088591,1.0888395158790103,0.6535579768757807,1.0703383860730713,0.4457580863004591,0.8676849986427987,0.827331111654233,0.97717791397847,0.9726079779031371,0.8806754863990698,0.5744575990750724,0.7962380255814301,1.0086924321272024,1.0272685730609765,1.0174618873524177,1.0969365140115555,0.7353156378842026,0.9946444823172007,0.9495073583252236,0.709426758202105,0.4946847210088648,1.0659820016622858,0.8968557918525801,0.6594802153156631,1.1959712146739658,0.7485689471570783,0.7336027187155925,0.7752107383250649,0.4958080507451049,0.7075362015576765,0.5599798478749439
362,0.7498733989211408,0.4661114796348905,0.776282005577215,0.8027039999109924,0.9143435101904536,1.0923872747317716,0.6791057551276352,1.0380660698046789,0.614074461852613,0.6997733329333782,0.6371246414838443,0.9499093616672802,0.8656489526777327,0.8344440583163513,0.6670841031922038,0.701163474362441,1.0293136130935097,0.878551491668172,0.7900541180417988,0.8935886264280396,0.6616739123863367,0.9657224705717761,0.9292484802595229,0.6726766351645628,0.5430028230726789,1.1935678900189721,1.0049701036456553,0.6081476788090114,1.015302228594746,0.5630252056270468,0.6493202346575868,0.9111387480889173,0.4632326257753929,0.6473448332398295,0.5630162214296472
363,0.770406414773523,0.6170216652983269,0.8040053773336362,0.6674662309735613,0.9814862092500569,1.1375647675231328,0.5166432343947063,0.9058678657809134,0.5522657418333898,1.1360579411307645,0.6648360699438691,0.8543364429231084,0.8751695416701024,0.736166860262373,0.5870562170810303,0.5345160738796659,1.0003492657599349,0.961239167291621,0.8418312167987556,1.0526067323113786,0.7023383230193371,0.9691151782591327,0.877533252487045,0.6124777479735756,0.5347433887946562,1.0341133786866084,0.8404245745020571,0.6096743146540033,1.0673772716594239,0.5591601919312834,0.6706875419995275,0.8076856481415751,0.5308391753993729,0.7728889865971555,0.6192356383399981
364,0.80440056499431,0.6805847232199009,0.800988680250835,0.7950345928704473,1.0740520336967032,1.0745796907474188,0.6629646165017136,0.940192282810143,0.6351813702091033,0.9422001213155361,0.9160385149895975,0.9113154173254923,0.8725432409706345,0.8254604185069947,0.5028557902105625,0.6470718265239175,0.9378036238582709,0.8379021794038923,0.751892022988668,1.026490681206316,0.6736479334004379,0.8632562268494635,1.0201733975824288,0.7384267425820312,0.5719782151332542,1.0412814240441304,0.949179233469063,0.6848618934138616,1.1979140057213313,0.6946284823837843,0.7535306086162856,0.870600772473332,0.4707273360027352,0.7783848773268445,0.4979187599951814
365,0.7294981127489673,0.8159542894165976,0.9463592244509305,0.876667833931726,1.123047308527128,1.1481091260265857,0.558541356792019,0.9211912916488135,0.5525801691910375,0.708815292556592,0.7361466070720095,0.9127279093737901,0.8647768843049437,0.9037983132315459,0.6686259639209269,0.6588192899807284,1.0581120530454073,0.9118549079538135,0.7603277423622118,0.9676166035415004,0.5980263057124685,0.8139286217109427,0.8489136181472177,0.8574651983782765,0.5800951912982781,1.1596995310612215,0.8010316329057696,0.6159719160893016,1.06004048147136,0.6323402542533576,0.8284404471660918,0.8473145578251342,0.5891886109885089,0.7243950392392596,0.40528219455896375
366,0.8810689027941356,0.7012664794200103,0.8176435196798785,0.742555975882367,0.9273264008679938,1.2260615964758967,0.5969273920439663,0.9038404355134468,0.69867920111829,0.936850869039558,0.875395900417167,0.8198031577075258,0.7551321847319223,0.7850474533602816,0.4157107885821162,0.6155279433023946,1.066147520177235,0.9529751797300707,0.930623445860791,0.9150370368024064,0.7633960225824483,0.9766279062595218,1.0280261004382716,0.7989334492394753,0.5163847866951357,1.209684044784873,0.8230301546556386,0.648579697558799,1.1750583048695515,0.7169707085963641,0.712681127799083,0.8628839860971391,0.48909948813074333,0.8596408471813427,0.6589280117069176
367,0.9452418698324339,0.5127053698088314,0.9151069773194813,0.7906280162990682,0.8928158477224233,1.2018103623635346,0.5262180764425389,1.0230099967464463,0.5423726996707141,0.7200754273733803,0.7858232099332254,0.8062041562506526,0.942956699509051,0.8716466423126936,0.5101684197913058,0.7829627343222835,1.0319617065972788,0.785848512433952,0.8857125063627704,0.7260290028452117,0.6234519507040687,0.9762276515512514,1.0131970403506805,0.6219369361275038,0.5471124574106484,1.0051978621891524,0.8308535566623287,0.6407011479213783,1.0774253812401668,0.7406646616892376,0.8722134254019333,0.952339230981025,0.45251365847630765,0.8739929049897505,0.6028792606218503
368,0.6037502861564483,0.5695103598244673,0.7809066684621091,0.971678682056917,0.756676320873716,1.0639613353476896,0.6936985672775489,0.9314495373437465,0.6284325970727256,0.9359954815099667,0.8008126401217808,0.7679875088389323,0.8821832740520348,1.0252569047080224,0.53328795206842,0.869642453707647,0.861137021659175,0.9417222501691458,0.9281751001735578,0.8947116204860088,0.7004725862950278,1.0801507265712413,1.1437947510385815,0.8923259530708821,0.5744355292523836,1.1587489809470035,0.757243537069236,0.6408076846903527,1.0515062272645628,0.861774230036177,0.7491035879884786,0.8151719764647041,0.5761856183637271,0.9753869581568427,0.503254274780336
369,0.6615977622074427,0.7447042339603391,0.8987859111362544,0.7451669687708568,1.03102950208334,1.0586144498655297,0.5779279596111181,0.8394847400408094,0.6197215732102219,0.9384982946477103,0.9659755759820118,1.0266089622128605,1.0839115870427118,0.8841881021374529,0.5768010812558853,0.6237601973270119,0.8990525322632346,0.8423296920129262,0.728056813865518,1.008155209647392,0.611777297452712,0.9521278356047995,1.005005170782222,0.7948684586180395,0.5048849244644046,1.0263796729173276,0.7988723467630369,0.6199344349659979,1.2285989110024467,0.6369112262590102,0.9013689895319024,0.9574934561748252,0.6690803757900561,0.7957402414563879,0.5662706005067939
370,0.7359138149799618,0.7362660209556655,0.6634300597110329,0.8403700559497598,0.8692707202911996,0.9357283901713375,0.7041784237221362,0.8709563340375497,0.6921659173681696,0.914639479604727,0.8094649527290154,0.9154903010727038,1.1792400126152225,0.9782714944874138,0.5986784980365981,0.6466056900983068,1.1054646990533623,0.7748507238760789,0.835675704514374,0.8510393404624412,0.6187756212221995,0.7693901418783329,1.0981994388875564,0.7727265350204109,0.5680469130952553,1.1054432339752813,0.9181425161357102,0.5875394834898516,1.0449217386820262,0.7518108487973377,0.9007330560299684,1.0121293238653521,0.4790021875923971,0.6579769110750836,0.5989929005045054
371,0.7367305176661916,0.7573479704125923,0.866262567554178,0.6867158382719107,0.856688337598212,0.933694348911124,0.6214168360989694,0.8822376147699448,0.531465963853692,0.8994071787203881,0.8766759885268036,0.8899775735781215,0.8973490162767244,0.8164636616003624,0.5301004514022917,0.47700934061188527,1.1755773119102626,0.7590301153383991,0.9065669861794069,0.7428818164116642,0.650572249966526,0.8288045865487832,1.0645049541874025,0.7315779599525722,0.47354762892602986,1.054251833666615,0.8917681474584953,0.661230084577138,0.9479458862062309,0.5720537189955791,0.9001287831744278,0.7825706812091626,0.44479561875240814,0.7149998343920745,0.552722060698515
372,0.6812745716257198,0.8218145731126538,0.8443399896805481,0.7076399860104591,1.0550274184993589,1.0411508836206353,0.5409373580890682,0.766487547188291,0.6151906193177058,0.8694631276412741,0.823614362739283,1.005430828717087,0.6750885660797692,0.7096957417431666,0.46076947697897164,0.5913876507562814,1.086634743393517,0.9955188869305338,0.7386823560151183,1.0539800575543916,0.6041793775523632,0.8723418558478874,1.237043767332969,0.7014545203009029,0.6175972924614834,1.0400495193353279,1.05417122621594,0.6888600946769504,1.1153116353098982,0.661394924698397,0.6340402887718597,0.85995336437459,0.5077057801254132,0.7638739690411888,0.484226850305437
373,0.6987531611571545,0.604021094251542,0.8623525626438295,0.6898358623105737,0.8537084609937743,0.924114706516111,0.5833065960920782,0.951174495191689,0.6649195289742944,0.6351653839893944,0.7084872905037987,0.8866630673312672,0.9343417250375113,0.6792275836456274,0.4352702587946271,0.686791003414348,1.0795205268160983,0.9568773466525379,1.0147213261182566,0.9600464776654456,0.4713135116752334,1.0080453546257582,1.0598343809074149,0.6451233385301305,0.5526588548674998,0.852824480622971,0.9114119912582808,0.7000974402504639,0.9588494970155879,0.6514609015514681,0.6440390460761274,0.7444075523088605,0.6738925175621644,0.8879884926928412,0.48306361721886604
374,0.6897732860960077,0.6035830738290036,0.7942058277157097,0.8684213956154625,0.9131458202266207,0.9420718303015954,0.5233635736639863,0.7638258764743755,0.6936826016288071,0.9493685379688939,0.8456618059693456,0.9333789202657119,0.9172349056906834,0.8557370335042915,0.4949787396343162,0.6568490646645793,0.966580083735332,1.1599935983580236,0.9378272829161842,1.0340994704316113,0.7355598550705837,1.1451752997731348,1.178036051324621,0.8444550148971717,0.5551561537808742,0.9283403667417374,0.9648518388595597,0.6763155556502258,1.041768646656985,0.7558317244663126,0.8416451569273038,0.9868970278883138,0.5914398836031843,0.9231150968568838,0.6305141593229887
375,0.7725699887670949,0.7764062303505197,0.7896010384886465,0.6603090768462966,0.9844292208143984,1.1512843142546156,0.45983495483983106,0.8105578601078818,0.7294816569458042,1.067410225870568,0.8743276697338316,0.9611016487580561,0.7995798560541689,0.8163830985789041,0.6068914220094217,0.6433813722944426,0.9648160989754674,0.9383399541335569,1.0762207535579407,1.0712782580825289,0.671044270476923,0.930916287856606,0.9899118762136057,0.8980783963168839,0.5824855258312152,1.2330934102264317,1.087360923079742,0.6562660248857705,1.0940277881950968,0.7417025306293852,0.6668447954972943,0.942790071432577,0.633715608874257,0.7163185677901078,0.5456705484289308
376,0.8293867701678179,0.6620172668446855,0.8476031992475476,0.8834904920025279,0.807074889959571,1.0212326798561642,0.6824512202725639,0.9282636910344438,0.656125501622767,0.7223321732505035,0.5890573696696311,0.8568760362268065,0.9690532813896886,0.9280147218783683,0.4536720529688037,0.6263401109753497,0.7011561182082628,0.9797895410947646,0.9292601724269449,0.878945774215959,0.5988824536622175,1.0670395243086315,1.094740196271903,0.8596564250931722,0.47252139872096866,1.0926787490605954,0.9797015410329397,0.7243130824476036,0.9349185836515026,0.6364590082146983,0.8642940841727988,0.7898009493963117,0.5940022781914902,0.8674851637042444,0.4903155632850236
377,0.7588933933592642,0.7278184435702482,0.8423960181056231,0.8218400439804321,1.0559230894452984,0.9106927762896554,0.7171946159221766,0.7287845496423975,0.7017618001868611,0.9693747381027431,0.8872735495409041,0.9216284528101556,0.9208941321455772,0.7303046213967583,0.6131751064972217,0.528518535225426,0.9321872244501375,0.8543213247143332,0.9003032272916587,1.0684187053672412,0.6198224632907656,1.0686632110850203,1.147913439583847,0.8009774832103528,0.6029062002958119,1.0065192060396986,0.8577435764691191,0.6478560731491392,1.0881525508376817,0.7732715229021447,0.8198663532351579,0.9075258013703592,0.5711315115578002,0.5846601753694248,0.6081506527658906
378,0.8013166615455618,0.7698177812742393,0.770617367512088,0.7786588494782535,0.8189967369297841,1.0055993982326479,0.576756325782153,0.9723015760959858,0.8041864231978535,0.9159658399204588,0.8101745668414702,0.9550532432657406,0.7740751321370409,0.897856456324647,0.6149685607618508,0.638144487682025,1.1193105154681524,0.9935706679128353,0.8742816201022452,0.7995514965747453,0.5809957607342595,1.0363160073500892,1.2062106108340371,0.9555891612509941,0.5227963351732907,1.1034741809963888,0.8197908993776415,0.6544770402869217,0.9807522533162335,0.7122985941389617,0.6690837962050411,0.908916696564332,0.4198604165401501,0.73274620381593,0.630289278033711
379,0.7812600291966733,0.5926040765621845,0.6979320126821158,0.9437753814599527,0.7555739335262704,0.8220777603048136,0.7290790255276107,0.7748258473941785,0.6482957464748789,0.9050737739751259,0.7852320943509805,0.9782350094688635,1.1422002540987455,0.8944566485424461,0.5068784718462339,0.510412937705197,1.1180110166892838,0.8045758113448653,0.9924543153278155,0.9785240205919711,0.6219582396985766,1.0828386610242053,1.1243358160676387,0.9744395628833835,0.5472757958021292,1.062735754016369,0.707772681798214,0.6280450709896535,1.0019515866057322,0.591498203470182,0.9393641027656383,0.8539290699035125,0.6942585029373158,0.5133109472099713,0.5115478489343988
380,0.9534901582336448,0.7145898662386474,0.7431853102954002,0.6652040680984272,0.9510622683045495,0.8727607564473703,0.6561637840401469,0.9436779074447174,0.6844926195430526,0.6214285695740109,0.8735357266292347,1.012211007337442,1.0467316627751786,0.9077995364776208,0.5890816558707455,0.49440663723598066,1.2116593584105133,0.8516533167339096,0.8555495693900645,1.0677556356344198,0.5966845463755003,0.9249113346061407,1.0401547885808424,0.8463196522473555,0.5391786364903838,1.1908277763272195,0.9427370719447663,0.6054197480686134,1.0311175089253308,0.48058108948326056,0.8214661029705073,0.9456265263623076,0.41879374020642035,0.6389037644718445,0.5147037710047371
381,0.7295317464985709,0.7882537855878238,0.6067893723904181,0.572153743761896,1.000811218970056,0.8564514706085693,0.5200133862536709,0.821091520792592,0.5746594672201197,0.7870549574985878,0.9247247139298265,1.0787081442786985,0.7541917997708499,0.7136601755807274,0.5856387190666746,0.4724920605303685,1.1627184746044614,0.7949987835633423,0.6159777740556824,0.9810812554531331,0.7495436236602322,1.237939573440482,1.2273084742826579,0.47891479242193613,0.4888694871604851,1.1153848283589571,0.6991911125502538,0.6051722761137155,1.094121224192137,0.7076672990722939,0.7415751622437953,1.0132836338117346,0.7000067063350228,0.9735392206482764,0.5221675139426244
382,0.7738018802657403,0.663416542447987,0.7598773148955266,0.7503966346963331,0.7969123260651894,1.1584731690251393,0.5995075875862845,1.1190379332405906,0.8128894909871454,0.9111848933743305,0.7474480478145218,0.7476850360897407,0.8784842811174847,0.6686729956345632,0.7773024394835866,0.6120562643514447,1.13050359112736,0.8940891234393011,0.6768308078120299,0.8178030046410032,0.794487962977215,0.9968703530381908,1.0095195215818777,0.4894903592364129,0.37788922882555226,1.2144549965946834,0.9189388806921205,0.8466454263234453,0.9149558239908139,0.6458030054561247,0.7640235282461796,0.9005108844840611,0.599230727134372,0.9261921392050154,0.6730269599821916
383,0.784502984606618,0.5740039653057042,0.6673148248464129,0.8127020607633479,0.855853862271782,0.9743783364930679,0.6867474812947836,0.7888483001887268,0.6046857405617809,0.6634514009348097,0.6597084084526912,0.8723816767979757,0.8676602868327523,0.86780211678422,0.5564237667437996,0.5921931245530722,0.9997440376648513,1.1068759252927074,0.8395044436790376,0.9677694286319535,0.6180130976848854,1.080491114267106,1.2952039302760232,0.6491258330998155,0.49416714876030005,1.0320922293724228,0.8514428089349291,0.7124875828857189,0.9772082124333734,0.7200652529722791,0.7003088586994931,0.7597591858685838,0.6266306696984238,0.7801295374192136,0.5838529297418724
384,1.0573703278765305,0.6157267560096427,0.8641437757635608,0.7790437155552496,0.7796312164029396,1.1513587903448705,0.7228339962052506,1.0362617836172752,0.6976151185909578,0.6562991018631212,0.72214415388925,1.0342216583870292,0.8845341402973468,0.6853394539638713,0.6226783269766982,0.606743487917112,0.9597731623892086,0.7847598102166327,0.6079346653329538,0.86538973556706,0.6983960689815681,1.0514860053243669,0.9691035503888101,0.6872429895533682,0.3605134993546916,0.9230125804873047,1.0118076336756445,0.7822488285379161,0.9433712307840719,0.5117029859529625,0.8023335351067273,0.7810006675246826,0.5761572760524502,0.7981264106094521,0.5134190075954175
385,0.8545688228018903,0.660899688114052,0.6757272554181496,0.7435572301917727,0.7124290017338557,1.0871651093765196,0.659181586723985,0.8809412768793367,0.6212057824459545,0.8891724288995071,0.7750477688042834,0.6294108819651165,0.889833514956194,0.7607509519155208,0.582096006612263,0.578371040576496,1.1223783447798246,0.9454892836864961,0.8696665069497929,0.8872411282829535,0.7218787639033659,0.9185496514835626,1.0099117755693814,0.7008910594552797,0.3147809191943996,0.910464321784559,0.9394643190514771,0.5852548777266238,0.9160584478892966,0.6057939133750845,0.7324433304460156,0.851971572958319,0.7307889479406628,0.7089769299070864,0.5523157379143002
386,0.869148063743561,0.5710882053030291,0.6396159451082832,0.6963619222770614,1.014509135466038,1.076521303314656,0.6310169423473446,0.9250580055661637,0.668436143217294,0.7140284963404684,0.8156931899506403,1.0532545473471957,0.7545209408143454,0.8904777399386969,0.5345659814688335,0.5450121001544337,0.8539372970131882,0.7222046050608164,0.7208280610962354,1.0746486256450765,0.6145126575818687,0.8063527350539788,0.95039634692057,0.7665677478569655,0.3726764819884307,0.9229170048707863,0.9370264398520991,0.6968242736686406,1.0424043330778652,0.5892534264686242,0.7815092958386124,0.7133632051032003,0.38382833489477775,0.5633197527392728,0.4328783930749472
387,0.7903699403053208,0.7397568892122068,0.7408007171531261,0.7428415612081041,0.8899095874901631,0.9326036970893147,0.7503774898642575,0.7744028237645623,0.6865715128365455,0.8258773413479796,0.8742315274118126,1.2203938841660724,1.054950453219566,0.8558327592175947,0.6625737829494729,0.476767357262683,0.966230398661666,1.0478659015933725,0.9019906368604909,0.974875731906432,0.707304807515913,0.9778406590131556,1.0668997188989322,0.6705002420537516,0.47809318548750346,0.9631916947455584,0.9859309260942377,0.7687874506402934,1.0505390857013484,0.7065143174977295,0.764705449996964,0.855749643214391,0.5247875095484189,0.69992458494937,0.6360255976046758
388,0.7447299962629612,0.731755499989995,0.7630827381900289,0.7494095517400261,1.1688369932624676,1.0241463006507627,0.6245074024099806,0.8828410112908198,0.564519505755279,0.8696132288713402,0.8361120407698415,1.0433249606431465,0.9677977231331455,0.743829326099847,0.6267491032068739,0.7261236425454141,1.067625658707731,0.9344904514795618,0.8642581680013737,1.100404822076881,0.7503932803097715,1.1478363408136025,1.1028470789974474,0.6135372942472113,0.5965533245687643,1.1156505170614635,0.9028333588627633,0.7144291553402045,1.0998119538161304,0.7108355302201215,0.7009560331891239,1.0353308394025367,0.4369802763313082,0.6736217639850205,0.6307622460894744
389,0.7491847079975829,0.6834186319521188,0.6589181655662111,0.8509010659508285,0.9121823398045419,0.8249788089889546,0.659914578468034,1.001293658348845,0.5578401572365312,0.8585249070251886,0.8477117889510928,1.0091244011309548,0.9688328965801323,0.7575625971883456,0.6297222456510427,0.577497601659279,1.1725767402229421,0.7785224538089047,0.7687433448820531,1.0157785651024633,0.6622885774047412,0.9775084215123961,0.8942177156170457,0.7039166012038275,0.48602345675418146,1.066371922672098,0.8387459959444424,0.7466174936402625,1.0291484522213832,0.7029290137254155,0.9067257864074538,1.0093749005429806,0.6395125662919621,0.8066280790006713,0.6342008123700822
390,0.8277993111115404,0.64893004440688,0.8057318183597943,0.585434177363795,0.9394631054984022,1.0727524492284946,0.5787648874479892,0.9176815065739645,0.7761781892768275,0.9224721727255889,0.8449149047525575,0.8267419957972084,0.9849260813723254,0.9279552700539179,0.7424339223430715,0.646344277239689,1.002790517103845,1.1220397699536584,0.8068084882998411,1.0386351639505187,0.6523718771207704,1.1164594999928004,1.3646937825282626,0.4913461969750651,0.4442065953438711,1.314189914389907,0.9203019276855237,0.76943211646407,1.053493070893432,0.7898213345641816,0.8606326806997014,1.0061603979615974,0.5683869637228022,0.7673045736201893,0.6238653596527103
391,0.942501552561688,0.6101256728794401,0.8986797046448491,0.7416533895581688,0.959327220796778,1.1697445740992896,0.721013361051873,1.0478200895819794,0.6596895645615712,0.8357022056752834,0.8024897982039016,0.8747261748466106,0.9467226139057443,0.7848704983534922,0.6544421946877599,0.8045613325642248,1.1400724805960074,0.9273398366217884,0.9151933265731302,1.0098833815871626,0.6449747741806788,0.9164287271895469,1.124158046953394,0.6498193416076901,0.4911024644743777,1.2110790679712693,0.954928793637263,0.8754687141636408,1.0009580587694529,0.663240472472636,0.8077229510512525,0.9890341411497484,0.6071574469146347,0.7846906903633304,0.5907676644085497
392,0.8334576308164154,0.7426617750689346,0.7762554195622284,0.6505768889433161,0.854247956555203,0.9375108981057718,0.5223700175424315,0.8444718890498701,0.5960115044602325,0.8045417902727734,0.8284180249917064,0.9039985814303955,0.7271104878636935,0.7860717996870823,0.4989485830449103,0.6284207876910096,1.1409801566004931,1.1705230130088795,0.7703101095092412,1.0056966336370698,0.7775923874381098,1.2194676233799404,1.4372074332645433,0.6236776971635076,0.5157096519300065,0.973931546223881,0.6843711996780394,0.736817582941235,1.0706326883338468,0.9866235641839216,0.672638608631325,0.7947873358603821,0.6899932709623487,0.7949862539521446,0.6712941533769202
393,0.971328616399509,0.7288098128197732,0.8672501060775637,0.6432189919832143,0.9783119661133881,1.0361581797418455,0.5793971806691551,0.8622968930175299,0.550835444113047,1.0591837915030153,0.8895413015755433,0.8017728543373148,0.8900598291718662,0.7990694611918083,0.49497521305835535,0.6515274905660992,1.115175094864877,0.9336125012080829,0.8194352053372583,1.1110055215622003,0.5739199757904025,0.8712638050534045,1.1104140457899079,0.5625061989984759,0.45822215881832895,1.1711649528930996,0.9775707852141277,0.822110307520233,1.1736770215750107,0.8054454742068433,0.6827066259506729,0.818739826237916,0.45721045472015387,0.6435119834706327,0.5443655779152108
394,0.9287665543960044,0.7268494744304196,0.894453431523929,0.6661072705916137,0.7697863021437563,1.0453022443410216,0.6061856498923346,1.0148516690322047,0.6804518049678282,0.9420127215468468,0.8032603175484581,0.8019642202338264,1.1226344617290187,0.8049226088952834,0.49302523355120503,0.6942925776415756,1.183532416518224,0.9255500106903645,0.796490768275564,0.8669985144950934,0.5376986748002979,0.8585338988915462,1.0717109668331712,0.6296943164982827,0.437163458663262,1.077834135390401,0.8614362481301672,0.9354857171447174,1.09797720681404,0.8678054542432277,0.7310087958449581,0.9264705276109113,0.7113831227524068,0.6239206174815701,0.5837034843813516
395,0.8624715857946819,0.7076152788318443,0.7251195702864475,0.9131553656655405,0.8525415415989259,1.1099206696798882,0.7551572059718027,0.9125494684266473,0.5735247073512755,0.9461034918160205,0.6438210819857764,0.8239067885391669,1.01965276874434,0.8528882167867411,0.5394992852401406,0.6573557128477407,0.935790197098614,0.8284708317404079,0.719253717393502,0.8412390861997969,0.6528948929917775,0.9775232460517755,1.2240724033761996,0.8414119544368304,0.5271560836154406,1.0515847769183293,0.8752020140708462,0.8651458712106463,1.0616826286050332,0.6800313649696599,0.9288063631298722,0.8001779899066594,0.5853279933943153,0.6727802368357637,0.52681826557674
396,0.7076001785251778,0.7806529904852955,0.841499203395907,0.6968757024532389,0.8294675947261831,0.9265791444706624,0.7085475927853302,0.8170832578387558,0.7327610455836985,0.9437190382852876,0.9128979358590217,1.123874971075778,0.7252487912528965,0.7179441328664713,0.5365947951474568,0.5725962987131699,0.8702804254220385,0.9048708067210319,0.628399336004373,0.9886256821212798,0.6295582275483601,1.215830408421619,1.0933955447658021,0.6172951751850817,0.5255361379422466,1.0755192094464108,0.847523535768042,0.765984001823466,1.048885452741221,0.7628700731082974,0.6529584473305419,0.9835921507072768,0.5078449536628153,0.7019762732832624,0.5270163025778187
397,0.7551790877514886,0.8565452088550735,0.8270811738756578,0.7039625497354981,1.1049458466012445,0.9456278445055608,0.5915124379458689,0.9385729972711218,0.6423604898827151,0.8889929217647057,0.9720612756691053,1.0781998488773086,0.884560632482583,0.7829792818508587,0.5064349710761755,0.6964466027409492,1.076349172361176,0.775518975375418,0.8204017433567684,0.9024819142632438,0.4800265473706311,0.9655228384019852,1.0930294303395858,0.7936140909839006,0.579442648362772,0.9983969503335672,0.8783741941714304,0.8396462690042581,1.1854102671213977,0.7155775092981997,0.7277975671317753,0.8650375251591408,0.5849332095205901,0.6453901483878319,0.5499592989113194
398,0.8528247257796229,0.6489066855186575,0.7703278774686315,0.8146633995461219,0.8533003585220627,1.0282975194183286,0.5566868059820433,0.8337807266820965,0.582831957628907,0.9046713123073017,0.6359922115498681,0.826896366080006,1.068552178282419,0.8818145661012595,0.6602662251031989,0.6835705909733378,1.0398069987423335,0.9673504867045636,0.8805808065710901,0.8245184522018163,0.6537464250442175,1.0418450172629226,1.0561366358631896,0.7998055982577752,0.5037516979588091,0.9962581921302562,0.8397587007815612,0.8355983763150887,0.9727731092265732,0.7837643222351749,0.921101990462244,0.8227035129550326,0.6010245647877921,0.6341321483194973,0.5152257703946687
399,0.7765889867108614,0.7264653192305457,0.7403471379095139,0.7646008482141038,0.928463798054767,1.0688807193789733,0.6427535160353076,0.8972745301936722,0.6347293695540419,0.9501026088590312,0.7635392016630673,1.0498634866404517,0.9104334460381304,0.8312365063888769,0.5290557282952516,0.6328342105763458,1.0213599728487663,1.0233121516538368,0.7459713742000651,0.9260619135959616,0.68982121846589,1.1135657559331251,1.2356897146175694,0.7088502489783934,0.5145194827283297,0.9331383358427621,0.8156871640155194,0.9337929508201165,1.041760125461805,0.7728010037627214,0.7948295798353686,0.848561944922338,0.7158359382465403,0.7986340399367258,0.647108650843746
