iter,a0.0_s1,a0.0_s4,a0.0_s0,a0.15_s0,a0.0_s3,a0.0_s2,a0.15_s4,a0.15_s3,a0.15_s2,a0.15_s1,a0.3_s0,a0.3_s1,a0.3_s3,a0.3_s2,a0.3_s4,a0.5_s0,a0.5_s1,a0.5_s2,a0.5_s3,a0.5_s4,a0.7_s0,a0.7_s1,a0.7_s2,a0.7_s3,a0.85_s0,a0.7_s4,a0.85_s1,a0.85_s2,a0.85_s3,a0.85_s4,a1.0_s0,a1.0_s1,a1.0_s2,a1.0_s3,a1.0_s4
0,-0.5298046905458776,-0.493789564093288,-0.26348331693141014,-0.17413119824014725,-0.3253800886491802,-0.23800324248580113,-0.3216149709016049,-0.20862676415300918,-0.1636610259376422,-0.37756601077368934,-0.09315584067619023,-0.23959970723014376,-0.10281906382835414,-0.09628839219087314,-0.16558174582164203,0.003697037978738743,-0.07458118730551072,-0.015705438101600307,0.023735244403096063,0.02104622927399983,0.08978848567200894,0.07210194151638524,0.055923854422197716,0.13622796283105176,0.1483306701034327,0.1869377626923481,0.17184646911527457,0.10463177333838045,0.21272301136206168,0.299744005416825,0.20236960957859307,0.2639183407450185,0.1495929292610106,0.2833338253906862,0.40387284485480357
1,-0.22219047834124186,-0.11297441746948876,-0.488563743648228,-0.28421761394020373,-0.3791956004971083,-0.3772861963990314,-0.19817498746603254,-0.10970069933893534,-0.22515989558403132,-0.11151472972961539,-0.21770917749988436,-0.09625863610628307,-0.08147495262621139,-0.12646752197797312,-0.16837006204912194,0.001159814100736213,-0.02372968803150574,-0.011783189179217519,0.1011809491504672,0.04605114702965977,0.11390795865886773,0.11255606053667894,0.1247704147577508,0.14442002967031115,0.23383740751874005,0.11262268091026081,0.14956278923072902,0.19718283097412492,0.23582995658253844,0.21129938153023514,0.31867995014131895,0.26169791531257336,0.24084403201257207,0.3165866256255052,0.27271673617988273
2,-0.12251181387684092,-0.5180061355002817,-0.4294675110728928,-0.153130022257502,-0.45026419225518255,-0.16174642632465974,-0.20438240478033096,-0.17041856073818074,-0.17602539194530326,-0.1056988564718952,-0.3076669214918807,-0.11396567098259584,-0.07186901932409209,-0.03326400537552916,-0.08368978007188174,-0.08532008488397966,0.0030938781270983436,-0.018232067895460155,0.05018772558644587,-0.04496195512518329,0.13352663163848694,0.21209087797025972,0.12405033079877606,0.08796808677810734,0.15088497965464392,0.06375156958742821,0.2501588764298598,0.1348472890810296,0.24391669308610542,0.17852666240637202,0.30181114111891594,0.17148742146449908,0.1512479461980024,0.3131328001425583,0.1928128586202965
3,-0.19290708172037335,-0.37491056288290203,-0.6510900238866331,-0.18359593819916303,-0.37803188911499946,-0.13708061850455494,-0.0621891187670095,-0.03244250195756167,-0.06986790514661183,-0.09252569650293282,-0.18211580022161966,-0.074809122508982,-0.1292140187391503,-0.1237269038347878,-0.004778628583933893,-0.0037793915880306346,0.09369784911337874,0.05524667769639915,0.05301216370020309,-0.012490739115018839,0.13079953469459765,0.06281144393936276,0.09232941154489088,0.2019203738587346,0.12663955245441103,0.04053479025355554,0.15696663442619518,0.21295405020702765,0.2586915916786089,0.18702696910234648,0.29074948566976255,0.2079709175990412,0.27173565235415786,0.3559003259505794,0.32469659899447595
4,-0.1773065112412608,-0.41631207968441253,-0.5624591947443391,-0.09034774355110362,-0.45356909385685945,0.023846659855345634,-0.015475371051496802,-0.11240170035340802,-0.06896446224642447,-0.23737933487380547,-0.15758800374934046,0.0031580411002110065,-0.11383893376912677,0.019302227115494966,-0.05568273534766147,-0.015243894060246713,0.20241772304740008,0.10177312757674205,0.06015654769476783,-0.07290234277887198,0.16498140895407087,0.058174476995671874,0.16868166834995957,0.08352900304946254,0.2754376580871345,0.12725284780871732,0.24026183530330428,0.218891339859264,0.22337909492915953,0.22409111090746875,0.24530734764432194,0.23532298396718432,0.29748422382690803,0.2599280027160054,0.3028922901523458
5,-0.09284269758428695,-0.32714018714499654,-0.5204540627401268,-0.4105566795977651,-0.12068722299228668,-0.35167346776476677,-0.09134074520957072,-0.07424081612264134,-0.04592646632107212,-0.0909681819962195,-0.036307976165000616,0.11413638594169809,-0.12605579637844308,-0.08907696410765825,-0.21249564142161623,-0.017106193739660307,0.14724435800666044,0.10474286953208002,0.09136258098831951,-0.03003311360605508,0.09924622495652724,0.04055857074968952,0.20666161543593758,0.17009220373158573,0.11661051285368806,0.11201280756119805,0.2916431883252038,0.2009403566514393,0.2436940345243774,0.144183557376942,0.3017231569333903,0.2296777533470995,0.29102331668509535,0.32754779561574243,0.26025369970569356
6,-0.4295186007287567,-0.47253788622988036,-0.4241595658318451,-0.03141026612457633,-0.23194327279683616,-0.1229795802977724,-0.07242312111224404,-0.09333965746512851,-0.13998252742957046,-0.23560138153560017,-0.04109190909134996,0.11742529909535243,0.03692836995193938,0.01538084564810338,0.047640297659469845,-0.1519603163370286,0.11231018707418547,0.16236778635568838,0.16430517744201603,-0.12494552250687743,0.16201584026685112,0.16033266087574322,0.2085441393854289,0.11210269326718768,0.2320615321778941,0.10984389045218483,0.29357871539334485,0.21101060984895745,0.29997295186801587,0.2095771136604555,0.38291154737709465,0.3156338941498067,0.2915697359238034,0.2871720690533063,0.34555082803957604
7,-0.09157569197132207,-0.34839331697805476,-0.32934974409703,-0.0999719344295671,-0.1324544231616261,0.02760961132329745,-0.05201537531870846,-0.12639278142130816,-0.11992552314491255,-0.12312515104872201,-0.11556650859476272,0.05561412415223216,-0.06202225035506713,-5.771680305421967e-05,-0.04618252918596303,-0.0029430052020665773,0.04915840773720217,0.1846406687649642,0.13466051486881317,-0.017953749907479798,0.22813751873378996,0.08429647702841014,0.1860417564382587,0.15296190633652604,0.15206607809303535,0.07952858568899657,0.11499246818561364,0.24681339284365506,0.3132178714447288,0.2071350412087823,0.34080714150341984,0.16960338753296875,0.3841621024106428,0.46233131564146146,0.22322523745240347
8,-0.1697037616795224,-0.08424434214791172,-0.3507390631614535,-0.12333933442911818,-0.18671158492110979,-0.20233864525597248,0.008464098134015285,-0.16974363271474988,-0.14588830003447337,-0.18966411911514253,-0.2030311180916027,0.08616993378819979,-0.020513125048405963,-0.035616401296203165,-0.04482904544663925,0.12345857272032366,0.2369024509650008,0.24757231102304103,0.16631853300344646,-0.0369780090337951,0.13451435672392728,0.21233270412205402,0.11622953196804398,0.12360277875729123,0.25397857891173015,0.16264758719592154,0.22701662811543682,0.2843939035944925,0.32108095905282585,0.4212937669620823,0.24819894957799932,0.32825938568923635,0.3658072618904488,0.3862546208002589,0.39201728987597917
9,-0.2790095499076727,-0.29082509483464225,-0.3106184265994575,-0.15623928185316358,-0.12119281278382368,-0.092479642705101,0.1811243696083202,-0.04379446653412525,-0.060817483824815735,-0.2341103515545307,-0.029187480069459287,0.05163211970335623,0.05029115915054481,-0.07794517253165212,0.08082865606099382,0.014316629867311081,0.22982995216173036,0.2543077147218188,0.18593340219190418,-0.018768037370785112,0.2196152825010837,0.14987980334459056,0.16208061823274997,0.13921700156492173,0.11457797811951659,0.18330365015966565,0.18387267139011737,0.1964690617998815,0.24022313474568882,0.39483108098745634,0.30735701202012866,0.268202607955763,0.3509498634827396,0.28178390506097145,0.3864871848388298
10,-0.40093356721726414,-0.2676391235842398,-0.2969033669610195,0.008234678429601437,0.02453002149850598,-0.033106020087144375,0.18448555386217164,-0.02739761096626021,-0.042325127100488386,0.008800733198260718,-0.03382294524970966,0.10294812200087204,-0.029461965892218146,-0.01547354458942074,0.03451009990115098,0.15418199872788538,0.270581154213903,0.14172155935082886,0.15805045976417356,-0.0007503595089795451,0.2909904841399906,0.10260763410332088,0.12536342106909557,0.15857370934542359,0.21397083811764772,0.16949315508781398,0.17505968831447435,0.19176282908668885,0.273807319562285,0.28120795214108174,0.4217299551700771,0.35242474136261726,0.4772654940690485,0.2919080012972524,0.2903525070372204
11,-0.29510418827512447,0.02465257695921222,-0.3138775900887252,0.1246348245503166,0.16221818762472628,0.00977225071012261,-0.03799475296849729,-0.061299275920679866,0.11487325140271087,0.041579149573245405,-0.053262551123488266,0.11936254986249673,0.10869013465083403,0.045044858716183155,0.14572022533529522,0.15952445480712624,0.3620935120712378,0.14929335577751082,0.21904687176563067,0.08577089883522067,0.20952864278782043,0.17741724043038584,0.17601394613454735,0.2083864746498673,0.23329246405590343,0.14497963752003756,0.28005690480242007,0.19253689491452067,0.2734690399073393,0.3698980423312992,0.3736246026719039,0.4175481455374275,0.3923897690896254,0.5160251974375181,0.34626489276733896
12,-0.1584822550129148,-0.01106034722068467,-0.4479683874856571,0.000506610991204734,0.1086394166873566,0.04436567861599047,0.03328438526774644,-0.009364519458792707,0.02714862639001342,0.0790248035498701,-0.08262430590097189,-0.01029263226991866,0.10186228157304276,-0.015670106100463318,0.06216976283977234,0.18352281364022757,0.23181723765766762,0.20663205480371516,0.25371253071186844,0.13154576741160776,0.24477395860738083,0.13872731174076014,0.10831031788770773,0.21790637839868762,0.15367561614247774,0.16824818162936012,0.3273429864720457,0.2657331271935597,0.41860923525076654,0.36815396579876625,0.30774073267665614,0.2964972564463977,0.24237350228946108,0.35546932227581957,0.3374827533963797
13,-0.07894397728406354,-0.06263797036430273,-0.32726649995779955,0.0927308055065216,-0.02445148772679956,0.06748093764391505,0.16986079117173142,-0.091978615354505,0.15428324934713936,0.052201945936626824,0.1147546934017958,0.031329486098378795,-0.03810564395551586,0.01740841262677125,0.06144950277884272,0.17413661577842698,0.29032231787356816,0.2369451628604357,0.14791429372025944,0.13808920894981516,0.2880441914636511,0.14055827468936333,0.1399258215353842,0.14547200320492515,0.16191230267060064,0.16334946745649376,0.2638709681660003,0.23263324060184404,0.31901293700167777,0.3705438877916236,0.3655058563232804,0.31911496822508456,0.3215422643105965,0.3004859383472425,0.38263624317991973
14,-0.14235467381741895,0.055391265328249326,-0.2315298632261782,0.004768477856837103,-0.03840214348427207,-0.04696039860337283,-0.013671733575669014,0.012160927205189544,0.11788517114925179,0.0013876304190886882,0.03307713255399417,-0.03415523819481759,-0.0011856651749671578,-0.029845911141729284,0.17124451357328616,0.16122692898946384,0.3632134715440506,0.23623829056395404,0.22958410355661818,0.19371572067062992,0.3817756121273278,0.18805097376077767,0.14775215199067912,0.24075711667989602,0.2409759131461407,0.16139208245092454,0.1418921912270329,0.15090923829784864,0.26559069257025997,0.4473730155230633,0.37875304673368854,0.29653894343399256,0.3448003900533595,0.3970464673394127,0.4090514463298731
15,-0.1666825391743226,-0.01891947616785069,-0.2338193495539615,0.137495254650247,-0.017591559303867077,0.1179297630986618,0.1905738749730781,0.012423210506896818,0.12515901059577622,0.1361035375181674,0.07374812862256028,-0.02405876339446834,0.06950470472434876,0.03696365029689272,0.1444764090717111,0.1653840156051901,0.2983286705906463,0.2508707550888872,0.12088344208818731,0.18921078290338175,0.33374244662402197,0.22563075252361642,0.12646865229873652,0.23221372476609292,0.25948876567703866,0.12368423650985902,0.20109353927288193,0.19137027564426745,0.337697690314676,0.4053529194360591,0.3384949885001507,0.34575264625905333,0.3406796375584752,0.3803547887878793,0.44039785845109747
16,-0.06014237313095285,0.0977644218583335,-0.13916810829265353,0.05027087726343849,-0.018596854571473236,0.42992738662910457,0.03629289519491852,-0.011555701308072548,0.15452888499843187,0.19927192628563287,0.02323933549129578,0.022024086343377873,0.024451547244550606,0.11695228815579854,0.09548499729993047,0.15067880010175563,0.3162942341822133,0.15943014593845284,0.2368175451145791,0.2469877346170941,0.33161229643021106,0.2857789783467609,0.16837559353870407,0.2258541165726852,0.20483464769374948,0.16649908738796015,0.2517794201234279,0.19463810322445882,0.3800471127159542,0.4743695407680529,0.3379737805547288,0.32970738283405876,0.3092090883174816,0.37967747641201854,0.4855279077889432
17,0.19393316070271568,0.08907931538592526,-0.19592993187107804,0.07307164439923397,0.05643406336062841,0.289241354771805,0.03567514251345426,-0.023576070240145047,0.3851456841918838,0.21320736240569793,0.1113579059875793,0.035048155283568055,-0.006774757627591509,0.08673595369000076,0.09173460358142918,0.2696660680638627,0.3360303998429282,0.3743363501662747,0.21932130352726614,0.1507293300860021,0.37837863064060717,0.2066723606717193,0.15128083521712327,0.2636979369330287,0.20462348920522244,0.08057100812593497,0.24277009667497113,0.24765993803365452,0.37612815156600166,0.4003232759369195,0.3230041247902101,0.3185842738939241,0.48071826717735383,0.4554739125569971,0.32598953317518825
18,-0.13103336374632146,-0.005594959522618154,-0.26160291598578633,0.10503419443490468,0.08374599769859292,0.35774603508840186,0.08441596570292582,-0.043007833388152075,0.39841185830764303,0.24134636192912784,0.03235482516600895,0.13031232930229134,0.008339105893664161,0.06826580920363935,0.13643335330380613,0.17422713407219287,0.35371887509082245,0.23912163071240133,0.2370716936097837,0.118830690029599,0.35058706115811783,0.2731338482305965,0.2023754980653345,0.28540787535401135,0.31870646105061007,0.1861487226759407,0.263690559840715,0.2607962387008018,0.3565114457106703,0.5040914163588668,0.22427990472730208,0.40617683030481844,0.3625194565437392,0.45769299372143535,0.5033328559232161
19,0.06134986653807663,-0.020033743348814206,-0.18998755527072092,0.22238670271188993,-0.0462773736833284,0.11599648316885089,0.054494331577643024,-0.03149765125537116,0.29900256489208654,0.2903561249952325,0.06060126495678121,0.18703597180917775,0.04046478868422716,0.204355598362095,0.2168032893361878,0.21896238538853535,0.4884601937073295,0.28442173106967494,0.23859366518569758,0.039593324676106115,0.40333519259614853,0.21989573155251624,0.09371838848724909,0.3192050736005013,0.28578824343040005,0.05840710373281774,0.2859504777519455,0.2141890626455381,0.2671648081096798,0.4117959694896282,0.3576434717695353,0.29599123237816144,0.3768143436250953,0.5300644377930814,0.46550080520425835
20,0.05453635329489416,0.007087553930720074,-0.2504175478681434,0.08195260099175906,-0.0726866228623339,0.46246718626133476,0.012306291695942457,-0.04396064135848972,0.38184661248742524,0.19785083311228147,0.06626720702336036,0.1917899426564214,0.09741579776938619,0.2302323373519015,0.22136509553921144,0.3064922996705174,0.3003123827258065,0.2151701234749408,0.2652197905472005,0.08384024674593318,0.2990983958569862,0.32605544223034466,0.09763937138672288,0.19508276637410715,0.228875607663886,0.119001535516115,0.2426849618331703,0.3800035086627982,0.21182416416803693,0.4687431160774186,0.3006698151365411,0.3507172286928997,0.42218355704543403,0.3773137540218498,0.41012031406837435
21,0.14251369148277293,0.020675116542260025,-0.24511897406309774,0.0971099328895928,0.10872593365723292,0.4604276982812553,0.09357150029530711,-0.06489885124506344,0.3694269194875621,0.2806864727241246,0.14500065581342625,0.03154242055913224,0.02445191762705312,0.12872686069892086,0.2978317731711171,0.3006033863725819,0.3597239199915968,0.2156148890912454,0.2732452680591656,0.11047368914486123,0.29818268524469194,0.27133167853275675,0.12349036857173823,0.21455745310454674,0.268407827802846,0.05961867872525824,0.19317056499163038,0.2572018352441171,0.28525082670667573,0.47923022795500536,0.24953723392045277,0.301946963980277,0.5082600496918812,0.4190808756422119,0.28440325111724507
22,0.18828023446269876,-0.09643430926182531,-0.13461594762989,0.051035026412224335,-0.04025516416599857,0.3372457173766744,0.08070326116107743,-0.00016262861394577763,0.41675584978474783,0.11916398489751753,0.14532653553590585,0.14901961591560142,-0.005993695653816421,0.16696769517810722,0.30491250629573463,0.2827223168448475,0.3236329288722465,0.2691194726968109,0.3765609540661132,0.05133830840761773,0.31580211968682936,0.22242956904459166,0.1336896901613721,0.2639661585264561,0.2937819964034203,0.12886656544431074,0.28415763306124175,0.2784637513707157,0.28333891741376527,0.49336362561375147,0.3667462859089398,0.28904051369128536,0.45224647401974816,0.39372885161019666,0.40986557722754746
23,0.12783914616602332,0.10077195827129491,-0.09060564875596219,0.13181335465779698,0.0015308240350631747,0.20527418490223903,-0.00993507159585736,-0.02086850008533592,0.36008854927319345,0.17174615046374056,0.01341609084645623,0.1383761514569015,0.08906282193306755,0.16568249249938932,0.3267708227064835,0.3355839288529099,0.445751427726063,0.2687427263337042,0.29896170364471997,0.10857199243824908,0.3431267491975512,0.326165800770318,0.08615609858372922,0.28792920375428843,0.29830395287859957,0.14210578607307256,0.1664913850522548,0.3076520965734172,0.3223614853797918,0.4234518215723164,0.35988269531185757,0.33262906509468093,0.4574234657376539,0.44662636760551805,0.4245056987254687
24,0.1546907839079827,-0.07703455865304848,-0.06664743427899496,0.09946211553203263,-0.06474586897975347,0.29594791817690097,0.08179292327397204,-0.008295124464277666,0.26576678285530925,0.2895405293526581,0.121213928164006,0.2126672945073025,0.10312765333255855,0.14552525308937372,0.1555301651322213,0.28786516356259406,0.4963392747385522,0.23673580762444563,0.2704541925327525,0.00044522448314627747,0.42997678515150073,0.36602103306534184,0.17806977379877992,0.2102648182068788,0.30109847018587627,0.12275578796492055,0.3201914786552368,0.25369938366403644,0.3017689365113585,0.37489391645652603,0.32520502012374125,0.48670599417799376,0.4416641683785077,0.4433582268113788,0.4038961537176062
25,0.10418291049118755,0.08121527474145455,-0.04863105578740068,0.1051007920562757,0.18772116406294914,0.45138468176545177,-0.048507355465695436,0.047148078215745626,0.2312982973466444,0.28364798996209656,0.2653076342027607,0.26496065213377606,0.13248748216919842,0.18299383079205309,0.2579910930979195,0.3340663999291533,0.5127882148854961,0.2020773174965793,0.4133884216587822,0.10576326182828975,0.573918496761876,0.3801072582297912,0.14432004770199178,0.36628928494267643,0.30508172880382145,0.14849932027746854,0.3361573600417183,0.24172709142460258,0.3621032974029096,0.41330597321153606,0.3376743507540501,0.29552739327921396,0.4696119768857748,0.38113422621026266,0.4645592386848594
26,0.07002351669095361,0.10959750147067676,-0.17076964561957342,0.12390126179336045,0.28745387328414207,0.3724377299436562,0.045548367596641354,-0.18035331923904754,0.24824236486461623,0.36261585133652546,0.1807609963146001,0.1627692435397891,0.19202646157401118,0.2514879780028132,0.2605606736613362,0.2316830009870262,0.34910857039840404,0.17391212796025676,0.26061431518272915,0.07480479310621108,0.41507350979304813,0.31228970585018845,0.10250258650628646,0.44090048476179955,0.27062627713773585,0.18585358959004566,0.22332374997178223,0.2426424754402774,0.3466337422427515,0.34425790653578076,0.254204951523444,0.31473056240182445,0.49672002933390547,0.4727419536870885,0.34919280734012237
27,0.022131983477292828,0.09061310667894042,-0.1303446089479181,0.16329598773813525,0.17315153857913465,0.538373114035672,-0.025871984512358965,0.11363907604931746,0.37692477375024497,0.23924347204304292,0.2074723020678988,0.16802869210141544,0.008191161568752381,0.2378059762552275,0.23086622628850068,0.32555871530397473,0.4109284276859766,0.2250318950225615,0.2552736883075938,0.0668166517925135,0.3702623017611284,0.31371958223266305,0.18355607490389964,0.2891391772436029,0.2642010438569936,0.2174155519660883,0.2635915063811717,0.18287337706550785,0.34947295744387397,0.33951488212106173,0.2996903450787822,0.20801081212663078,0.513318691337098,0.5107487396667627,0.44080329809336205
28,0.15496942598497188,0.20964600323970387,-0.015678545883921,0.28317291290027297,0.2744944297451426,0.6362554115624658,0.12636362659711878,0.04127966481025635,0.33754195394795483,0.39305647140963873,0.3096385152022557,0.2753313952484251,0.05714772179332226,0.24774870735231402,0.233923596417828,0.489256704981065,0.4263727333062002,0.22684183429606575,0.336924485302437,0.07013898748078828,0.5868196904233798,0.31560546302461623,0.097429677746975,0.34333786836133007,0.42652111914625956,0.11711180503623624,0.16053251142491484,0.17000874051859213,0.34333531591710575,0.5064321194897186,0.39867322304894537,0.39586635954734734,0.4940690665449114,0.40843338146874153,0.4159338058629707
29,0.09890238231762326,0.01771499521851107,-0.1657046104089786,0.31282350644923795,0.4056036358106021,0.5843229079870421,-0.01197738656368633,0.05041757488922212,0.35067336373651353,0.42911019528811956,0.14944546750517856,0.2843364581577926,0.1040596118009913,0.15733308557452677,0.20777947526537388,0.5123866446457707,0.3569079439884376,0.311227108904387,0.2069932268739867,0.07836772956430813,0.5896282434029522,0.32959234350220357,0.08927894051230217,0.286694693226574,0.3688596085938266,0.2515753432565585,0.191113524804679,0.21922827909425585,0.35779588912886184,0.3900292108100164,0.40065621194384293,0.4140573629625066,0.5485039779897103,0.42507574527432723,0.45851895700152584
30,0.0036482522983316314,0.1975803717028917,-0.13249707675875652,0.37202439971463475,0.23641860793309016,0.6708482639805882,-0.023302904339784596,-0.036903734908719114,0.3318575469938956,0.46808347918139903,0.2054546149713143,0.25639776311404316,0.14727323017232358,0.21809666746874876,0.1952695224145814,0.46472842224025207,0.3553530079092804,0.26940903713885145,0.2679693317980336,0.03502391687970761,0.5654221732198486,0.41013184080258835,0.11923984133991589,0.21626229888918552,0.39631949346222184,0.1647301407525848,0.25472792768852404,0.24145619540659258,0.33510337570471554,0.35668566960750714,0.3868057647545916,0.3729341606013893,0.4471373194481137,0.41840751750193667,0.31278681694781973
31,0.1278784629066389,0.21455836572684453,-0.12677863519402324,0.4258586612166222,0.1221509150764584,0.4850719941274882,0.08523161060739609,0.061909189215787155,0.37318653183232875,0.43645577919322504,0.05464659114942287,0.39101755121832577,0.09331393974099972,0.1799325573683348,0.22897804901789048,0.34615124660268903,0.36428140956044475,0.2019803737395037,0.37218931567840563,0.1175297345083302,0.6101933083510201,0.42891282710796025,0.15123251658960965,0.30281924169982105,0.34656478753963216,0.295246129359983,0.27379702317637905,0.2213697990747825,0.33042951467762083,0.3248835351509211,0.40841741617712946,0.29427936988443676,0.2906459059611157,0.31948174147815367,0.3212691159540016
32,0.24126215368182713,0.24355316637066188,-0.12490193288563599,0.32458433190909597,0.3702976515644987,0.5356038300112129,0.07119803456015818,0.1235080478891345,0.3618406965458947,0.5176962705784117,0.11826109046715365,0.5021966437561175,0.19352170618250453,0.2192730308355969,0.189086972480472,0.40729336216711604,0.461454951979746,0.3016371279853456,0.3331019649807584,0.023326524337276215,0.518824893561616,0.48562416965110466,0.16580695501396633,0.21298330938288876,0.3810518847937696,0.2591191266957713,0.3337627841910375,0.23565632265681133,0.36842218062302223,0.2862877845559454,0.4592164257191556,0.35638462203568727,0.43282103654650667,0.38512429541729254,0.3643287843574741
33,0.2787442363766379,0.09210978433532867,-0.1690962562437073,0.35674401198669553,0.40256444658774104,0.3425317164942263,0.05551166485546548,0.08431812454667359,0.2894786002917604,0.4125470736032697,0.14074592233987304,0.34963457238501894,0.04736933030739686,0.2849279365737396,0.3015929315555612,0.39786602312513053,0.4024640280397475,0.24448637661637931,0.24590665677952597,0.08067113891561264,0.5203034405901716,0.5102178450186483,0.15496420246150788,0.25505882507130645,0.5196180406174166,0.3161093981282908,0.1675450472075845,0.17598563822170354,0.365031450203927,0.3969170865573355,0.3982480790226308,0.3077050515021316,0.4657227360476393,0.4276482410301564,0.5292038708096873
34,0.1412793805492066,0.19936304060809534,-0.04947474692407822,0.23925544619751446,0.4816359208385409,0.6115396730969014,0.019948287426312168,0.17529824252470846,0.5161564422181726,0.3890570817697439,0.2580017036270271,0.38874402353515497,0.185461877906551,0.18702119298278658,0.2636895018908413,0.3293184326865387,0.3402715321053863,0.3012659671208976,0.3142954611448069,0.03682593031393807,0.5073091984946722,0.5212625261705486,0.19060624210283916,0.2706908724479791,0.3556892956125901,0.18328678907823953,0.29126174540281385,0.19261194296372866,0.2991186895622049,0.27974128619118976,0.38326504217952917,0.3651640408955902,0.5366251772976168,0.36496425516055137,0.38690609832951955
35,0.22459875275373475,0.293688655182451,-0.1492036848999833,0.3669437748512326,0.4922255015343589,0.32132016445473705,0.08502733945502486,0.2158832864336391,0.2534077251906506,0.5140712458025559,0.20029325592976743,0.4140998888510852,0.08317179656401606,0.28389961399565694,0.2614913560272316,0.5051945374250082,0.17808151800504374,0.2589980413432703,0.37625279358774205,0.16286643371991322,0.4156905862248168,0.5451488456690536,0.1443340760162363,0.22356462547756895,0.4485254966161022,0.25745069517307373,0.3310288863520768,0.18968259487741868,0.2965238860029239,0.209135946580777,0.3963890477044658,0.46613269694675186,0.45459030699335135,0.5533223735623013,0.39607372409011443
36,0.1805714486155243,0.24130647284697876,-0.15307399437941266,0.16292968413745507,0.5896450011704293,0.42389791915719965,0.22879308533540238,0.19937229772204265,0.3038436148600467,0.41789080370491516,0.17890367876012464,0.3710823481364066,0.1837459083466177,0.18655658627175478,0.2755196699117757,0.388054825991642,0.15802724343842092,0.25320940430244454,0.3562613336335714,0.10537464073924802,0.337793431030852,0.5458618954675023,0.1727440151691246,0.3099089519732591,0.29954934932096755,0.24013349599049766,0.34063501720694345,0.20309203974664233,0.28739361181150813,0.37552792947886826,0.3793158470034559,0.3265355458556549,0.313049013650925,0.46641856286380334,0.41885359092904845
37,0.3107552600394662,0.19438798061264426,-0.10403748389454918,0.18765709761185204,0.6202660684323582,0.49426639215465573,0.20950361097191103,0.23162597475528424,0.33395766664264054,0.4134676543455019,0.3289647999167593,0.3758132711600572,0.2002473648562632,0.21893146421813742,0.33419875574185054,0.40233469112221676,0.27682837760755385,0.2443081589860666,0.42022377360707797,0.11302852865820281,0.5095159615234065,0.5723422911570866,0.14665642345920193,0.3422334314261546,0.40602439200720003,0.31855777769180715,0.2117207501120067,0.23043084751579285,0.3652562507536905,0.3132922229737769,0.3823362356592166,0.2809616736630385,0.524767807251524,0.5742955577057236,0.4733523483772063
38,0.3902187870909322,0.14092022107589508,-0.16522138933549096,0.23022923313847315,0.4521743258166637,0.49041813918334554,0.17849826991748008,0.19012038160520975,0.40412527242519236,0.580188481976497,0.2639682956321946,0.45580752436212846,0.22099451981090001,0.31741918797322843,0.31267000355473473,0.3540865631762393,0.3439022026656573,0.2506585306818144,0.3901843097039972,0.1224325606124307,0.3465579167617226,0.6215893776078951,0.12860267629134065,0.23382349975542727,0.35942393516832355,0.2002712750699542,0.44392660827679176,0.23198466058847453,0.328368567268678,0.29134944032452575,0.20094208220797127,0.3963723697150323,0.6170773961944352,0.46699548200616126,0.405171897554621
39,0.41090532753090164,0.15402594025307467,-0.0017106468446804312,0.2592232825856809,0.7128327199306436,0.5023131145343549,0.18889237432737754,0.48943429095709684,0.41372970644803636,0.5064513914731974,0.2192627094793317,0.500604400177727,0.24043788288050472,0.2850608986249494,0.36077830511754305,0.45325422280541316,0.4380079527309836,0.2943584657147037,0.3898754880141627,0.11584282834812082,0.41964086369955134,0.712552977249169,0.24304897943188347,0.377008898764969,0.26548611594529975,0.29045204848588496,0.33439808084843303,0.25486836222880377,0.3773316640211576,0.3371881979581275,0.2668533258904439,0.5254578195158673,0.7448735147960671,0.4927166838556969,0.5049859567111171
40,0.2648723427147383,0.11240298217724837,0.026600297481700612,0.2883914806565062,0.4738670308253175,0.5226690035393513,0.29851944406666236,0.2297559115483001,0.44771949952297746,0.5179951030673333,0.20371282971505644,0.37904823330770077,0.19879697543376196,0.1471260328698698,0.31698910994186946,0.3644325043242477,0.2835206736500525,0.3839124111181623,0.4246084785302334,0.20192554690828085,0.5366559963942947,0.5749671929441302,0.18512164826619398,0.27083851821257027,0.36387341417613717,0.2627099698792965,0.3242797260743309,0.21426437540325538,0.29515749358765353,0.372054828527447,0.24143971513180795,0.32995960604930524,0.5955788455180832,0.47136480255210045,0.4515558568941328
41,0.10333555341702709,0.07191476173033842,-0.009574496286805526,0.11928175078368676,0.41122886986697194,0.6778888440785579,0.41214147501568976,0.3700837219433647,0.4647883532186165,0.47813789209682334,0.3235171590030216,0.3542309463715758,0.15646232886744257,0.3783968258456816,0.3055688299529048,0.47575604403854543,0.4375972765637416,0.32930838112203553,0.42948924787162573,0.15290565122190936,0.5553477740306791,0.4921220382204879,0.13186200418005967,0.38518641469329407,0.45450928953369985,0.26832434011843326,0.25034874317625394,0.2611205772281349,0.2918917733400648,0.3624069416710255,0.3214341382495818,0.29450968637719216,0.6922729455054503,0.49164848276722634,0.5127418255800195
42,0.21075450279166008,0.11308492841079265,-0.1081162663723843,0.17127766840052466,0.6258288236024556,0.5801025368341973,0.36576622122677566,0.288970504064203,0.3921629451611319,0.45581673142196527,0.19029929980876636,0.3426873400453678,0.27248086723778503,0.3098255237296278,0.2354845773098369,0.3631079371316893,0.3387248607014193,0.504667258347287,0.3123036726121433,0.13474888706576454,0.6103047423444099,0.5055804120511371,0.14698385310212522,0.34985226407427267,0.435229818256352,0.17214743780386374,0.3401807176331079,0.25428601865228206,0.26746291427296065,0.2980179521058926,0.3914749753542258,0.39568547895208167,0.5641778572428209,0.4950687723024864,0.2617249092202514
43,0.4000019371674334,0.02375694528542656,-0.13493682111836847,0.26134195457367515,0.637679078564588,0.6076716508237741,0.30523230675719304,0.326517181796907,0.4142626013646175,0.5559733858620417,0.24941816857326848,0.494179860732447,0.2557747094982613,0.34205595665284994,0.2533461552511075,0.3926430884928793,0.3990145676282758,0.4903086147514068,0.3560659321221127,0.06912092043277535,0.4400439666633834,0.7019444829851191,0.20099576060503657,0.24736040509755353,0.4227714419973462,0.2907259331811098,0.471460967672482,0.2952381569925633,0.37568581393093825,0.35978105907849084,0.33712833396076486,0.39880737482809103,0.7167532868002103,0.4763393916538413,0.3954980620454585
44,0.3638835162314943,-0.03364262027837782,0.019763812795324496,0.337718197804307,0.413097419977283,0.44103859127678935,0.2704204197848261,0.1814706607764115,0.30471660966385206,0.4168048605804305,0.31595006569583733,0.3669652338469437,0.23935639419922833,0.3717868062039914,0.3173677370724032,0.41535252948980084,0.3170413206468635,0.3210875907104459,0.32277839528017693,0.12166272802894224,0.5799715480330356,0.5144146313685981,0.2690768407435364,0.20864723302523727,0.39721070373038975,0.23232411618242113,0.32511483646974637,0.2967329415311404,0.36518926958133824,0.3166108033905682,0.34350275420322685,0.28445589019976586,0.7334137363566744,0.49462958470738805,0.4311964383690966
45,0.30172923983301786,0.2130863792099243,-0.09904727875455363,0.38007686413302527,0.37763646860518135,0.4184364334766793,0.32210580867465544,0.24138857928925145,0.3570728347071839,0.4207837729692787,0.3816126571489862,0.3644195815779867,0.2307848950896379,0.31674241652605706,0.4194697351358435,0.4005099860666308,0.3538115280394265,0.4301471022238711,0.4281233003247342,0.12370658153946681,0.594965886249437,0.6146494257586708,0.16158739480475537,0.2982367150032354,0.3423713111580857,0.2155726811502945,0.3437500322432167,0.2881117329691246,0.30435286614855417,0.4187950316336669,0.43730649576494585,0.33810837755975376,0.628724735000675,0.48003482165246636,0.4379452423833935
46,0.3215165819101986,0.09614551362361695,-0.015359760635025407,0.25225817209175483,0.20323846133977672,0.2774862560109349,0.23046422097254815,0.19699621737967332,0.400068474784085,0.5221591107517267,0.2966133082432798,0.37556003580099784,0.28320199217910647,0.34101957384704373,0.33624154334204026,0.42156222043415364,0.4962238871815378,0.3485640432005321,0.43774651625882866,0.3009213599441867,0.6279516808999006,0.6080754831493598,0.2044878685194359,0.3310164140822775,0.34603591254525556,0.30565609367923113,0.38805301080943955,0.25388625271265186,0.2943530164203307,0.2838615201689808,0.4200612846303563,0.2840628354215707,0.6298061060021422,0.3669697772996918,0.4326413052659851
47,0.2927014705751493,0.2913649125367619,0.06597194927831543,0.27533290278884015,0.27973344295933106,0.4561347187952284,0.3452619455537663,0.17609049400188292,0.4852043168947245,0.615380726598989,0.20387732955003085,0.49575967756636913,0.306144272611421,0.349995307236191,0.3670357273915222,0.3895104812598207,0.4262103989300785,0.4526653008719468,0.34881982005673295,0.25784498026879826,0.6360338895239208,0.6636145268704908,0.26960749873924733,0.35447903722108476,0.3007094224832393,0.39485407592550825,0.4674991866894332,0.3348193446824777,0.36201623895483037,0.30767243162787095,0.4293331254974931,0.39729495890904454,0.6710501434714132,0.572041028576336,0.5321829546417162
48,0.32076405907357575,0.2647011442850637,-0.1670010534566561,0.23948553833103758,0.4301541584966344,0.3117392438189902,0.3457116636080954,0.1943480335386101,0.43419299272094103,0.5679357715569565,0.24967001710066183,0.3580772858910458,0.37598968630997526,0.32191357667041953,0.37474861440882234,0.2832526090290489,0.4340930082192992,0.44804152778940187,0.39608396778590155,0.21314065694815953,0.6333391183851675,0.6274729788658306,0.2894615754183045,0.41233885851289676,0.37919998920666115,0.31493029441816767,0.40868769732809684,0.31689299932914783,0.45514886249579734,0.3025194316909231,0.39565723429787,0.3871562538923752,0.5429174196483297,0.36304060169139296,0.44307085155345405
49,0.29353052346438785,0.21781539837171693,0.004677403391591213,0.3033847447316611,0.4382511456227143,0.25976935024306225,0.19695129258570637,0.2792762478468625,0.4186301443647905,0.4780660456351541,0.30101339337522826,0.3781167647135754,0.3489153836250812,0.3872641005370721,0.37164902658626187,0.3459741474581704,0.46176065558576856,0.41183175202790734,0.33060316758506747,0.14824521967394283,0.7127693678276954,0.6749311487074519,0.2368103090086967,0.21030607017043423,0.39298374402710856,0.3864152390323802,0.3199858743438856,0.33140808710574576,0.3036163171210927,0.29827699670570373,0.4377186757484223,0.2986334824933355,0.37025438172791814,0.4281777812745596,0.49527067596641366
50,0.2692339951469457,0.30561230594696287,-0.08782474796379636,0.3044049802027605,0.3283275335061291,0.43860011562184165,0.46455466970879505,0.3110820553058212,0.39700938045203427,0.5622497984987547,0.3039840782980616,0.3397740375600822,0.35056297873434994,0.3087211931694237,0.3171296897644079,0.2825214968000518,0.49956830454967077,0.3588007421198919,0.31853590797687636,0.16310843482593756,0.553042053560198,0.6266317767626235,0.21517088111885568,0.27349406290702694,0.2975677414881234,0.2665914156108489,0.39883434321444494,0.3542028789710311,0.3949065508930996,0.28168480240071353,0.35428893827959396,0.38077205037645273,0.5596086009201984,0.3834176571343204,0.5384293896646477
51,0.2606271142011335,0.36902331177210845,-0.1583824094758714,0.4414314344006775,0.41939757577389525,0.5101927890601736,0.5031493208693172,0.42637451556720507,0.4302410093914519,0.5577499073082786,0.42535448464335707,0.39354130725167913,0.3256320967859053,0.40163467547698856,0.32533463091995335,0.4761876581480283,0.4894528160245005,0.347443884334873,0.23753621084677945,0.16700746222843493,0.6727198170991433,0.5059208351626718,0.24769737754269194,0.40512824638414946,0.4190745999438622,0.41466606543813633,0.34645543589142413,0.45597892695101716,0.398152465231558,0.3580766795309459,0.3835557752825806,0.353903149701332,0.5682605546253394,0.47023359922087754,0.421805074464639
52,0.20830695291141077,0.26524058084852165,0.036799240903878094,0.36560664638338963,0.3681581111763822,0.5018992451180797,0.4930768378198862,0.3579360589570613,0.5493672154384528,0.6983415848013679,0.33067894835800987,0.38549063145736284,0.2642860501854344,0.3417615416683578,0.3683174264826829,0.3866419972285315,0.41417733843508614,0.5605711056143543,0.2954270408142113,0.27408277357196764,0.45339384138148353,0.6470293640227356,0.27936379228681824,0.368462812523323,0.2986973374623706,0.4461279643106684,0.4302853346008159,0.46789719637295735,0.4831266597618735,0.3248825105861298,0.3490263697116116,0.45471656341848454,0.6089965624036419,0.5387183050034234,0.5575641083621531
53,0.2067314188910504,0.34847689402732623,-0.03785162988568384,0.4595434881054748,0.400998013355646,0.5777875195680856,0.4472238253294795,0.25095840740993886,0.3412370039718503,0.589868771801609,0.3519808830879435,0.35956621331480393,0.4135930081343203,0.35174985773354395,0.39094464545778884,0.4602643540508838,0.44688137139843837,0.38583781881167545,0.3270789182802223,0.16094805167152793,0.7066205588215981,0.5442269479641298,0.2262714782697633,0.35821654463829955,0.38267475175266574,0.4385551470728541,0.3690913138268981,0.33473446983021504,0.37198737336067267,0.3612404449782616,0.48687823997907587,0.43992042209824744,0.6585293178136682,0.3414027857219627,0.5751663775052631
54,0.12482237913998791,0.19532546130170714,-0.00992037641034061,0.3731154070365495,0.41823125296335967,0.6306116953926223,0.3325929180212491,0.39782405324059766,0.42777719870637687,0.4384313946004413,0.23389797341886193,0.3804917883630443,0.3101965536336259,0.36829000008981894,0.3696217162816363,0.42944474483581835,0.46646474922132763,0.40003758993798955,0.33708378704234,0.2933735509284706,0.6572830460395654,0.625228165819306,0.24301157960943662,0.33271877117549326,0.29777139027557725,0.45013044867554586,0.3422496901410035,0.27674964751355224,0.4177010235575544,0.36545499672069276,0.39303099017779813,0.4039779187203858,0.6046296094710019,0.4430246508308976,0.39466819080366633
55,0.15348745402001746,0.17136244429691988,-0.12042605175737875,0.5904115547892228,0.4603772917484491,0.7042619667733288,0.4321171161509848,0.37062956078269166,0.5013035639667319,0.4907548000180096,0.31126252836426016,0.45103606516181777,0.3762532878116682,0.5170374848274928,0.3313200621051027,0.48317702947582436,0.48491748253979394,0.44791483934947585,0.4610345361999668,0.258722522129477,0.6575028856910199,0.5914082682091538,0.32350692250182983,0.4071569545166508,0.34594047441930187,0.43891600621950644,0.43979978873772757,0.42598791769834116,0.44220467745766523,0.433418287509712,0.5007531842229815,0.4538298655058508,0.6299221998032656,0.4576212020357749,0.4205647272177433
56,0.18472099884833432,0.2899250102640747,0.0012494874699966012,0.2976990599841972,0.41458641800545204,0.7408036055767115,0.3298604706508211,0.2850925355868921,0.5067044374845386,0.37103441303535195,0.21320118162365875,0.32981213773621865,0.28720033642330867,0.39745317912555556,0.3022020525390154,0.3692903781325441,0.43865388327494087,0.49851144810580783,0.33610453945023394,0.2727824749889555,0.6324295966798235,0.5437833329753661,0.2977282534162007,0.22015415630346405,0.21701290158519912,0.4669416719631473,0.2714552246002433,0.38811305712518,0.47494344410702827,0.27513200727108855,0.4456697679268585,0.2418209882073618,0.6884558297272805,0.4555382232879032,0.4568521376323497
57,0.18366471072031088,0.22463799570032555,-0.018007137595440523,0.4718995430082499,0.5274300622339251,0.6482609791718652,0.3900010791839361,0.37903325952117795,0.5316393255058645,0.419099812857768,0.2943373626424136,0.4852648100169042,0.31176159734411274,0.3136076349392242,0.3279619410949065,0.49910010032511354,0.4995735036424479,0.390313758620109,0.37103932826769437,0.3849879368413347,0.664797819202762,0.6132371847272979,0.23994092559412095,0.40375632250355925,0.4390089162928198,0.4639416147923344,0.36460015477225927,0.4921184921203061,0.562921106060591,0.28085618803674556,0.39701741138608415,0.2625208530629458,0.6520882155518983,0.5717347912297526,0.38271188374972676
58,0.25587321386293466,0.17344879952983475,-0.05950065694378606,0.31421697700074375,0.45693333406012104,0.5908430736459586,0.47937405826589924,0.4367643685267952,0.35934612045980174,0.469420751041828,0.4024612896462645,0.35899138115170737,0.3010024335783118,0.37348298979916017,0.3670148521976227,0.5183432066122706,0.42979991104860765,0.4036164496459036,0.3053462469552866,0.2358541330610916,0.816358378703308,0.5142165119061592,0.24659357788980413,0.29752529828810037,0.3648437223778534,0.5113863178136286,0.29956290149462783,0.3848417248253308,0.4818384819093351,0.26120461215866325,0.47015083673235847,0.31281618925602195,0.6645501506355431,0.4526872916071768,0.5129264423489117
59,0.15084502225672905,0.1690118165142284,0.13774132957943658,0.4459762425345093,0.35505472303385954,0.6339961562895473,0.5375994403817119,0.3778898990813949,0.5276765586649113,0.4641387330576632,0.2377453270302089,0.47070082383080286,0.4069235284886127,0.31734922408470095,0.46591272619910595,0.5395229610807407,0.5208577572354489,0.4442208753527693,0.36665304418122857,0.4255505906235878,0.7404315067500451,0.6357358904033675,0.3231454491711096,0.3167175095823793,0.3690481968521642,0.5126856621188908,0.4045789614492559,0.41520817048104863,0.3962835624164997,0.426227741627642,0.4943198518639997,0.3072401162683861,0.6041898144464373,0.4922603688173328,0.5402902784760002
60,0.18049507237779558,0.16790020198365674,-0.05660829983689186,0.36217566860770667,0.3685437511224755,0.556787165515553,0.5202975343043726,0.3301561654199099,0.5205906303730972,0.5173595402285698,0.30535753749933414,0.42336509993369387,0.3541374299178356,0.3303232917354165,0.33442017871381735,0.49044146580062137,0.499797028746712,0.40195150541558355,0.24472362208872261,0.24878001662273314,0.7745235694682,0.592228320920925,0.24686947345608096,0.3133092527104865,0.37381191653732776,0.4140523187795325,0.42283240678637823,0.4475191911471894,0.438615947238039,0.3823771573856578,0.3923833712970172,0.1874775906881933,0.5558049784675807,0.41376902087605427,0.5306841843590498
61,0.12990069176715713,0.2292441667816264,0.12319202706026339,0.3139697718871535,0.4032114838828492,0.6096708116380898,0.48820695069406317,0.23383916261218507,0.4989387712610769,0.46857417357976083,0.2401247436643421,0.4077454587573743,0.4644048076645195,0.36162147949387424,0.356324289988322,0.5183532612726903,0.4235649221288074,0.44360831761081765,0.37504381252355157,0.21448565014109522,0.6738249923557666,0.6882017135206114,0.4206887972258002,0.35357344795305334,0.41886511543376426,0.5553498239624137,0.373335739629074,0.38070516737137305,0.4937933066633652,0.47616395491672137,0.42623365990222156,0.17763134733577246,0.5528523556690266,0.4843123151011252,0.5573901386159352
62,0.11609089383129666,0.13834429164943993,0.15803898541270478,0.47993684183243324,0.4334285596084196,0.570467363879765,0.418181440770506,0.4486587862091443,0.5133054026418206,0.5653358813586525,0.37324642798195595,0.3906367271450184,0.46061718329657325,0.4063779038425213,0.42276238587253423,0.603416869580424,0.41214036405669663,0.4775117254024611,0.39725830424088215,0.310598146871307,0.7272780271371309,0.6364477029572913,0.24719313747099625,0.44093137863689724,0.4863220738425491,0.4637775446531583,0.4595688473402424,0.5444674433706553,0.4685866180469312,0.3299226896737374,0.5551029199464196,0.12463225127387315,0.6559528869097374,0.5276672282237602,0.4788565542121814
63,0.14660697771739023,0.16432172181646704,0.09432862778832388,0.4620332841842252,0.6624722222706957,0.515058065246637,0.4401277469837647,0.48588387131764593,0.3809348505161151,0.45314189508789404,0.40052936729166366,0.30933633646969144,0.4009939584452819,0.3485161136154121,0.3664779961559077,0.4655660452223177,0.3351990359313528,0.41529883635578535,0.2849105969501894,0.27333542408126166,0.7722213208561582,0.6506233551638383,0.2720231705462738,0.37777887489100703,0.2776592267257746,0.4670527006640609,0.3608665025411676,0.3672613434597658,0.49494500287518195,0.3090810766539051,0.4364489847439984,0.33603733081301246,0.42881999404332627,0.43758340329816503,0.5387009598104621
64,0.12293729840530973,0.1600123424064421,-0.1076433834480355,0.43436504514516294,0.5305126322821123,0.6284428710731514,0.6009083817680883,0.38833440479507036,0.46734170779593603,0.513579312155386,0.30694842451457294,0.3934894511857689,0.4043778468327023,0.3890506566837266,0.35437522389849124,0.511486440609781,0.3575887238195365,0.4313467745955313,0.3053431152833406,0.33803457253778446,0.6151985097602901,0.7134039041065146,0.3748349940289011,0.36773399577139776,0.34878144147171863,0.4210185196419981,0.3992460913808413,0.31873699622140117,0.5138837875478324,0.3130048862478638,0.5011351863986632,0.32109584887521847,0.6039383889546477,0.4611799297559213,0.48112672702051285
65,0.30490209851801464,0.223675017368571,-0.17861389631364155,0.522487281319912,0.5269471074011396,0.5961778122064453,0.5702746812873384,0.4079737473923412,0.4927410385999197,0.4514298809025385,0.2765667983145582,0.41756503992293015,0.31523049768685085,0.35933726549762,0.4039450774123461,0.4925874346445469,0.4032904614795014,0.4656311655609914,0.337431880385222,0.24499746041031523,0.6428179881542376,0.7818225048902815,0.4451467420929164,0.4035721683265064,0.37629478251797527,0.484966704025527,0.374030146946137,0.5106581213894283,0.4569550461250653,0.34051405406918334,0.514372524872048,0.18078971587013598,0.6366014123155835,0.4722713514994575,0.502389491466155
66,0.21630116592241652,0.30179169045753046,-0.04664347319461032,0.372905485923424,0.4154639419001588,0.632339614230219,0.507358995397013,0.5681645806393614,0.5280319398154524,0.4919635457621918,0.3339052484087637,0.27427755077418714,0.38694694015691933,0.37013390376928423,0.39612990011849575,0.40053976610223374,0.31804203144967746,0.4731765239259478,0.3398891924917996,0.41075137758393676,0.6838214302570104,0.7152714727439913,0.35976391861772095,0.33012289901410063,0.27147210953304485,0.5060124509374891,0.3304730201804098,0.33788729786174443,0.5384470677814092,0.41166749064647434,0.37092365703901164,0.19145109635970822,0.6602662594228548,0.5443194941076572,0.4684287240445915
67,0.3238599849606493,0.323628671706172,0.027922930641013803,0.39784372629304493,0.6037607598842569,0.730493406714644,0.35206828829791736,0.5769791796342212,0.47278205272122653,0.4902384457589751,0.5309502267064335,0.4030096627239338,0.4007025431325987,0.41923832401722394,0.412499003359747,0.3800265555698478,0.3704255629008417,0.47542908565327446,0.25307252454785756,0.36413265484175633,0.6892791351382241,0.6777531428587722,0.3414571646156035,0.45514026405708463,0.3474822291857936,0.42383592557567035,0.3750293100334138,0.4988335344938141,0.4783534141471312,0.35934386863791556,0.4402766109585038,0.26290092370205304,0.5812063712325157,0.5286609681325005,0.5606497967123367
68,0.15513534693448566,0.3261577242931304,0.12053529836640006,0.42009144087478073,0.45839481552834876,0.6834701584846233,0.5384721221146,0.3496786666007239,0.4347911944673292,0.6246795564232533,0.33128850040912805,0.46147588241833,0.4206934727582601,0.4112638662374371,0.46391419758627594,0.46824710863909463,0.5035098406825778,0.441272171111433,0.3815670489165296,0.35788073192405534,0.6362470554359194,0.844970196789965,0.3183128464718159,0.4001275293016272,0.35554716202650033,0.45095949970814453,0.4116000918019173,0.42710031676489246,0.396699878739102,0.2542037374102679,0.4738868743198725,0.4594987915419527,0.5353342495466256,0.4264348876984585,0.5876682574710554
69,0.25234764438170537,0.3046954675840545,0.05860351156019712,0.36580442961675885,0.5924301510474294,0.6527535005873464,0.5075442098644527,0.4579633591893767,0.46828352745046015,0.4521975604805455,0.3991357006734807,0.4291933256649916,0.44479388486724747,0.35746339902669183,0.40667363260064376,0.3647603894765374,0.38462493830100286,0.4261039976896326,0.3162980672873493,0.37312423813844536,0.52596371156648,0.5124551412817852,0.3289717411004896,0.393364280094624,0.2891588686989784,0.4751547618658445,0.4186813337786963,0.4324348968880944,0.6105420695208482,0.35627044125023116,0.5199366152028234,0.33430495773665525,0.6885452225542337,0.4722888133683806,0.5626971660463741
70,0.2496634043967586,0.3272420475796761,0.06321446509222836,0.49872118940975674,0.6557238690664077,0.48346973735963317,0.3824880622230154,0.3491029300378245,0.3720023513996464,0.5073109097195396,0.287070543412854,0.47899328130010677,0.3879305451869251,0.3122090175283053,0.3496978112355372,0.37454075085063004,0.4894092847787751,0.37138941111104856,0.3167245182262917,0.3403156950343533,0.6729541996369717,0.6427789065930598,0.3620337314870256,0.5530559556916561,0.32512659403840316,0.4316420743808887,0.43713444732216655,0.31354491695141773,0.44175913745768725,0.2396743201685781,0.5425103439887295,0.29443437900324776,0.517565176135574,0.43951483357255067,0.3174080367373781
71,0.3262863275813305,0.2669963943869577,0.35830597336206066,0.5086023274585466,0.6354305996635784,0.5325330979590063,0.5432281125859352,0.5357616431747763,0.5808459211795423,0.6232440941718702,0.32946616669426615,0.4704188750159205,0.35385534231786203,0.43656219685896835,0.289974074593215,0.4468056606257208,0.45460310630923245,0.4319657259909404,0.2980149878478847,0.31420793403461766,0.6566828484986685,0.628726522286607,0.2795959243883963,0.5019308239083622,0.36923564494449373,0.41656923356392556,0.4099899903918153,0.26931668224588257,0.49413939575727367,0.18914420213359545,0.6321761608414018,0.44906308216794477,0.6344338363024251,0.528646445430514,0.36648049434234997
72,0.2569773681130456,0.26525547020693363,0.4187110370591571,0.5594772729633295,0.6490319736355303,0.6581452745953188,0.6027681792312507,0.5450511858455123,0.5342691647442542,0.5372873055888747,0.25481386038048837,0.5187625257915299,0.44393372881679327,0.3602311142680382,0.3321639425337555,0.4459443708991706,0.47799232747275056,0.3796080508642301,0.27501520116713707,0.34031041338815227,0.7533985542101906,0.7202053230902258,0.4506127408397451,0.533440057923202,0.4347806927860542,0.46604465409217793,0.3923184314066813,0.2701686240946528,0.533600361863152,0.2702085959420608,0.5431603376965275,0.27823424678799935,0.5999212689233822,0.45600574736237137,0.6801071230574935
73,0.3730534906967439,0.3725095990860638,0.42911621380621084,0.5275317479313821,0.7002784242349804,0.5663738281822084,0.6869851560922886,0.4982058372148767,0.553342091357919,0.519179115586113,0.3611673241639954,0.48067509124050983,0.5012435576863377,0.37062068957050537,0.4182849251545681,0.39528604158346314,0.4689249698604523,0.4739103471033339,0.38277579881133894,0.3668774234854017,0.8084678384883692,0.6834412500143466,0.3419402059240758,0.7529694164059431,0.3744045403120642,0.3698417268762233,0.27301876537247605,0.3145675068666388,0.5754986839127811,0.3252797746366425,0.6621138924366582,0.47190869007848296,0.6671406742159491,0.5334111148115899,0.6055960201433961
74,0.23047136579942368,0.4787072838687084,0.4835173689289425,0.4840409864811626,0.6032855271893018,0.653697651429654,0.6408224651546638,0.4663513385913677,0.43758419880617816,0.5022740095681829,0.3318743853920393,0.3794166173645561,0.4841918150242737,0.3223979958105524,0.48201760616631756,0.42613903082626886,0.4236748356767506,0.4294989079516428,0.3195184136401989,0.5212495578290832,0.6430236746028775,0.5907269061319317,0.340181912306875,0.49817215252210645,0.2913442361771882,0.4813514604639805,0.29150816006973657,0.3258203089983214,0.6336023230484484,0.2868429105552924,0.48854166157879464,0.5270240506487032,0.6381530005840683,0.5281326305358613,0.6706209659988102
75,0.2855513715557042,0.32940684167357925,0.36856140972333074,0.4068481545616208,0.6395309540052097,0.7099116190598415,0.4934111371110158,0.5269439394544497,0.5616445756540883,0.5684073729520116,0.43087828684660945,0.39194933845211455,0.445280646170492,0.4235809588904471,0.40263329040485457,0.3941187839584277,0.3970799000454531,0.3665849933794834,0.33054736662337403,0.5199332312511566,0.54634545829536,0.5034591168838467,0.4262939586374661,0.5416936315301323,0.30438907686478,0.44786407805212,0.1621381015450425,0.31837203909489875,0.6405089230829046,0.40625248586184654,0.5239783320604998,0.3129059034862153,0.6989468615817074,0.612100698432952,0.5635819747848677
76,0.1636377645288059,0.38966422031397385,0.352278452235527,0.4590304905162882,0.5937791776899656,0.5482700594981882,0.5145184350166034,0.5661669665122754,0.445072209604371,0.5419820124245383,0.41489703560421953,0.4301515868252387,0.4067655125375172,0.30584341663827064,0.4148623265115841,0.32881122190320106,0.42699936273291467,0.4344027982322539,0.3547029669950033,0.4697166995493539,0.5685016417075354,0.6869224417143431,0.32758602596269515,0.6383858629860186,0.37739906234477477,0.3381527249335335,0.33758676665998283,0.3498746409359921,0.5036569471581612,0.36684344194083374,0.5892597831002558,0.5355641153913633,0.5577863849110212,0.5770270747236057,0.47442562304137825
77,0.19392572130953065,0.378393382197857,0.45471182967571333,0.44695579492773596,0.5192852196186928,0.5920808358939869,0.6000954568380749,0.41541908567824704,0.46135609888900403,0.659166555820679,0.4095613675060158,0.5376744789431169,0.4609646341079521,0.4988985482371585,0.3899931405261351,0.4114927153970397,0.6282194464788178,0.4668476676419234,0.2749530975285539,0.5351783990839238,0.6584501546113806,0.6677808828567376,0.30221598509541514,0.5020535419813283,0.39079627050195725,0.4998154068615972,0.3365939485297309,0.3276938338261488,0.5827932191079669,0.3504055979707103,0.6914221907815543,0.4124464212252699,0.7761771268339459,0.47145556320237547,0.5394510358426148
78,0.27974091414428426,0.380054247287957,0.38894458394479714,0.5076204281826238,0.5505891912867135,0.6741024819311269,0.4843654701502755,0.43342818447276377,0.43925499864532314,0.6058655895972385,0.3438351447015467,0.43923792092453284,0.45240011536019165,0.3388639161773453,0.5311084816559071,0.4798793097286099,0.5024133939240022,0.4177750319685492,0.2674397232832758,0.4800367749372116,0.659683732252695,0.678742450851858,0.3215837917742226,0.49223535540109953,0.3131778853114817,0.3530876198838126,0.27946649264323603,0.35549340104744087,0.5018075403543427,0.3231933031888208,0.5197289208899847,0.6166845460618957,0.6473998167723776,0.5103695070766326,0.4395240822581753
79,0.1922394628548949,0.28510728168962396,0.515712121752868,0.49395712998381025,0.5235825815987166,0.6761122652118703,0.358999435903824,0.4385294111748448,0.4889130675320816,0.5081723784447864,0.46821446792429167,0.3637754456261469,0.38095121919547825,0.44318585742317507,0.4554888231720487,0.40154939349927377,0.3679216239891048,0.4647999578340838,0.2887253906877868,0.4527180680652889,0.6401493583776761,0.5490327553568024,0.35137655355795183,0.5355012068091254,0.33178814692910386,0.5056639755726077,0.28910415735833167,0.3106946264087927,0.5816772967878437,0.35216189934414266,0.4975589853546712,0.34787412887615365,0.5951249571597136,0.41896021371579323,0.4094272955212755
80,0.3945195900804477,0.2855474779911176,0.3651463284288373,0.46705126894255483,0.6152022557043711,0.5661527564718721,0.4764125913286822,0.468129331574055,0.3869440644653147,0.48609384140193723,0.4252574624097375,0.39426615894130324,0.38861536959181503,0.3428698823834755,0.36964749286936827,0.44994503815525316,0.3722194939231887,0.43433561171104484,0.2983018782076448,0.4741614292118642,0.607047480359707,0.5474249014902204,0.24145908024211654,0.40602467023845,0.32802100453063965,0.3535309364043033,0.42240353043594236,0.2951574101439488,0.4791526636164056,0.3678793001921203,0.4579434201023366,0.39754298858842707,0.5565992126371946,0.39114247354850773,0.3622425665930066
81,0.2102567952172415,0.3533336799193547,0.4020745163382772,0.4910758900306379,0.543013850088266,0.6139204851581269,0.5840214065796959,0.44408431923714753,0.5394719399614011,0.6032839839894637,0.42753049084538786,0.5195276273003478,0.4060327484956027,0.401640109308794,0.5289639902158183,0.5093299921112397,0.4782513976658501,0.42953998187927117,0.23414095807561586,0.47487337252904505,0.6623431875325633,0.5534980860666459,0.28788721522043537,0.3849807800456658,0.363613369622115,0.4669832242088714,0.4884551718867767,0.38289585141041277,0.462001666494116,0.44712531129610633,0.509969788373145,0.4508054208237351,0.702915400733596,0.4429736064380758,0.3603624820630811
82,0.28978097432458716,0.2756026012917024,0.47480594126487896,0.5582563542812191,0.5865810090106027,0.7392513111007493,0.6009890150927666,0.5500454581390504,0.41912619261000006,0.44517544117281466,0.3790071862299085,0.33848447096216955,0.3804348720202564,0.41681429673283577,0.4348363143632935,0.5326230598081286,0.3722410272129338,0.43900306130466776,0.3698282719693793,0.5323818402588507,0.6908416763427152,0.4530517437519599,0.34260848241321973,0.5787171231756304,0.3444393736103422,0.46584199749397404,0.3206055353117677,0.34787780324597345,0.6480031127885302,0.3607218511679062,0.521209966861135,0.3725067217299225,0.6608789613487378,0.5862548515529883,0.37572334591809087
83,0.26841406409393465,0.3939324732028715,0.39191958577660657,0.3727070304345498,0.5919825308427427,0.6596496333535047,0.5266455079520025,0.395510258588199,0.4456494848966732,0.5686749287013457,0.3080758198856742,0.46759093042394095,0.3563124136638679,0.3345641221054396,0.5194951263252524,0.5282288937762388,0.4963216401281757,0.4221586427843843,0.3129051772920114,0.4984426757188545,0.5374068756167083,0.5363695947655108,0.26802360241227974,0.39082174626945076,0.30278381817998207,0.39498715118323763,0.41567476137966203,0.42600533671066754,0.48811373290066284,0.4525005696730522,0.495598465194058,0.3771917125244758,0.5661135808089783,0.5594763221008932,0.33267396993434856
84,0.26666620614247427,0.40947854076906476,0.4894304072030259,0.4305261230561367,0.6830306632903418,0.5923951894964602,0.5168020448008926,0.625298552214704,0.44465503178945764,0.6081529878150098,0.3853122155400025,0.41128883089742363,0.4151506127596971,0.3141182349213581,0.44209502710536513,0.3995988391366786,0.5083028307491282,0.3925997512221844,0.39521880606020726,0.3887928553323163,0.607059584525947,0.6663911598332308,0.28980490431411,0.5734041632745212,0.2881118708617414,0.3738183857869547,0.49960128647269486,0.2302161690572019,0.6089100616906109,0.46688915505335316,0.351131791734006,0.3952640949017726,0.4998553133225345,0.5995792908063653,0.4787873515605906
85,0.2398745732179735,0.39775927327405114,0.6744506363636977,0.5417869914557165,0.6110800041502654,0.5906269969060167,0.5262736034872291,0.45223171428581777,0.5100334559582729,0.5222077343616771,0.5159070258463376,0.36148752948267604,0.38792070459493383,0.4449723329857694,0.4290632816880051,0.5281929148156247,0.5006427258885912,0.5241395993642448,0.38168012709535615,0.4654224794467078,0.5840157576537889,0.6411136264884767,0.36780996912381997,0.5616104320061378,0.3942443303572445,0.4768441554159294,0.5331073411079454,0.3102120454939042,0.4344381987210344,0.4500348527455564,0.46064066238435497,0.4188071391392765,0.6123952986115262,0.5007230232305214,0.4507494574148339
86,0.21676812885025498,0.28415282471230624,0.6585597853881573,0.5518461898028088,0.6484955236888664,0.6870876908409262,0.48428982815492294,0.4518417408878621,0.4905547724260417,0.4590303665883354,0.4933370012484565,0.35154921457149513,0.3534823927478198,0.40224640028017195,0.28891018818619,0.4847803587055408,0.5456316810250819,0.3711999818055441,0.29936937979003575,0.4253210669610372,0.5070668708980919,0.5728169269129567,0.29649458984409205,0.6145185579573862,0.3658501092013938,0.38700502971716544,0.5058229833782565,0.29080278640991547,0.525194072284002,0.40119150159044226,0.39984269333453604,0.4083738336795556,0.5934014194475556,0.4772927482487135,0.27860526484988657
87,0.4547072412284966,0.35173114087109086,0.49549305083098455,0.5189832271991413,0.5986916416346332,0.4800548146343426,0.6027226577607965,0.41319206719916934,0.5411165180412922,0.6629886218193501,0.3604961809353693,0.46274165513786203,0.4158882617385248,0.5011421788916195,0.44372605410734794,0.41184110993556405,0.505838562536976,0.43161670155986137,0.27530820954141216,0.5032247005947796,0.5539553123731631,0.7150841615938841,0.33697119729600644,0.542352192267608,0.33286717979665753,0.45174902976819264,0.6315357108361652,0.2890737491566957,0.545920835714966,0.6200028937711195,0.41142758724737455,0.5040454670730714,0.6466980334247248,0.5865403002855821,0.4840334844056243
88,0.3135525522944723,0.35877543374039345,0.503991983103,0.5576325998288515,0.7015339251174931,0.617585744597695,0.49168926185662065,0.557589547332755,0.47833778525753445,0.5120170774370231,0.49773503978281675,0.4401580268940938,0.36902671198698184,0.3875807972826108,0.3642126618022289,0.37293969585030246,0.46933656957262315,0.43164754758323737,0.33084288457712085,0.4767765279502068,0.5061983564406128,0.5412793858758204,0.25358734957044765,0.47129249056623057,0.3807598760004006,0.4942525225940052,0.49144707351021666,0.2970960880639216,0.5662653396994863,0.3635087598521549,0.4191031478261561,0.37208072454210733,0.586191595425873,0.570894042756166,0.4696982082001395
89,0.292614193572999,0.3314272297414659,0.6329650223747586,0.5540873962992336,0.665349628805626,0.7405857044060477,0.44114344586912535,0.40355785153353063,0.5198437327731863,0.5437018014022121,0.4757932137574735,0.38503023477163073,0.35740991765766605,0.5305877276373514,0.43100125444454157,0.4802493059620555,0.6168476215932963,0.4735388893150376,0.26757559720101043,0.4917623607486469,0.5674502723151346,0.7526962804820774,0.2993752777722998,0.5149102740458491,0.3351339567172782,0.357966627073536,0.5366438758534982,0.3348385274024308,0.4644477450814728,0.4693789408997338,0.5282121510055384,0.5149977198739377,0.5616810797279451,0.5759310538623501,0.5613691010776156
90,0.36849178199695143,0.4268659731096066,0.5687382691422272,0.4797971795740901,0.610544072354225,0.5813535713018021,0.5941283426193434,0.5461450867079247,0.45321706493195546,0.5951681339755548,0.4614002160140087,0.45599444676250495,0.39112041728354324,0.373107691549327,0.5016666899112602,0.4351557928805403,0.45434791287916204,0.4576840185222681,0.3825509718169112,0.6593344789317479,0.6225951939108993,0.7298343259439185,0.20128617357665773,0.4952504471587934,0.337463124269756,0.5079007493148975,0.7453376719416269,0.2460898605204554,0.6564384262069184,0.589956009352575,0.5001235685804055,0.4887717614636947,0.5612372100988596,0.6108174323237688,0.6157320594719339
91,0.33384871324119925,0.4098731755244145,0.4712745263592148,0.36510530999524166,0.6492003624635553,0.6005708938207686,0.5744602233838125,0.5798596458115624,0.48467987647316646,0.46723834682020277,0.3926587469783662,0.3692135960635629,0.5160735477847176,0.4292771182187323,0.4020127462028923,0.37461063595038974,0.42305953732974555,0.4744215622001902,0.3996354447364866,0.46653505081292357,0.4732424449672842,0.4990966311166082,0.32247908894628274,0.5324481413949083,0.2626014414984275,0.5042549779372943,0.6544847322273619,0.3386079480944362,0.7188113223146302,0.4102154806539813,0.4894733671693594,0.3103448506009505,0.6353805594125835,0.573087896072124,0.43578272239708127
92,0.3394146396477133,0.42033231776754854,0.4179957015744394,0.4827411209963903,0.6408172073428184,0.6306379292449685,0.6874556894777255,0.609045485464768,0.47990028464111023,0.6111287665194592,0.3868084549101105,0.26764919152938066,0.4438638046949366,0.35646619456461215,0.5394457190848931,0.43192667816758334,0.5230047130497705,0.36047973510127046,0.29149582047197564,0.719483150324771,0.645891968958103,0.5198185549153189,0.3031639431857712,0.5404619265382725,0.3288168312569306,0.5310374078391885,0.5896976337359559,0.31413585438098146,0.7705635040897392,0.5736265870193789,0.4365281051490001,0.4403692186991852,0.5884667118760256,0.5279809709022952,0.5870176606580266
93,0.31681247292327,0.41963626950306815,0.5786181631427414,0.4384062270673972,0.7039934187623277,0.533946122182049,0.44330470726977783,0.4739921913717265,0.6162871544695736,0.6030774685048067,0.37807874385672124,0.36424728161904396,0.33683332592929954,0.48677605459446055,0.37075465822418474,0.4501201460570868,0.4475506540882423,0.43778912806435255,0.2845729645984366,0.4801309806253968,0.6148088416660777,0.6627102207459727,0.36413558422568104,0.5630342331029725,0.4295592585604183,0.298740262769818,0.8093311108023205,0.299691689525839,0.6901830337183928,0.3882775487819,0.6117997139626432,0.5502278001734272,0.6689682466067668,0.5867957766882763,0.4558168916983411
94,0.3365613909968115,0.38038413420577316,0.5144721360994056,0.44540144234517365,0.7723277111873138,0.5985767599025155,0.5515029650447223,0.5365492422152197,0.46570001956693663,0.57666805088105,0.4985621017736799,0.30739190785962645,0.4281518855792861,0.37541157356097754,0.463026927804171,0.3916184195598996,0.2857308317490451,0.35107019925070715,0.3838783320529209,0.5757648947643002,0.594236515677578,0.5100124989789115,0.190770403618076,0.5601957261536474,0.444211158879417,0.32370377869593503,0.7310080502220857,0.29176827689524387,0.7268003178696842,0.4735265231886589,0.4838419154484429,0.4624839938175488,0.4934620659661004,0.4981748393619514,0.4538140262236218
95,0.363111361760358,0.318947478208834,0.48130555077888804,0.43882961418111377,0.5749288310556225,0.5913143124457818,0.5047101600678074,0.3447001530793091,0.4437070768086352,0.5356995925827293,0.43445099014362376,0.3633585831748798,0.4824349098363755,0.42025886462392825,0.3746821872552948,0.4262897010107173,0.46786625692096384,0.42500955076599123,0.3219126171074936,0.47658052074980506,0.482905759217404,0.5428770628673406,0.31344427857767637,0.42191017721118473,0.26272386400965725,0.3170736027589781,0.6651365640139931,0.39272455067467477,0.6157444995885132,0.4864087498257966,0.45317987760284273,0.4640963775501695,0.6443335454428496,0.4842131126435068,0.5114915712670565
96,0.40594942390735766,0.40416790035576206,0.6160848521881193,0.6015412835185288,0.45375582458029623,0.49258418617311756,0.6257759097574966,0.4329539409765189,0.5283262022317822,0.6171119714337722,0.5821406450530846,0.36873516934695755,0.3575414526978938,0.35218933363200555,0.3838877031558928,0.40164171505684787,0.4128368517963217,0.3863284519715423,0.2824702950415748,0.4846336597957714,0.629470045757136,0.5412207276547933,0.24665297086150284,0.5223110672663787,0.41893298407120616,0.4578102403585512,0.6316370236383515,0.35595875913871944,0.5866821120122417,0.5617544110005943,0.4663616786795006,0.456513845584449,0.5290647917340732,0.44464532554258374,0.5015045281970916
97,0.3935910960294644,0.3651028815510302,0.5304593424203154,0.38881419208308543,0.6405808734746925,0.40939218303424457,0.46799376443934726,0.3579217928061269,0.4631107748932602,0.49832978847887005,0.4873705616542796,0.2185650103521113,0.47073386581227605,0.38833261370761285,0.43758089725249716,0.5000333913446505,0.522217142792887,0.3896242265713453,0.39190745342751576,0.539951882707731,0.6892701736611313,0.49573787162076666,0.20822604186908272,0.570726502362921,0.3946325289138906,0.45285115673435083,0.7185646293534578,0.3028369823728794,0.5790914854802806,0.4700318720548742,0.620400006413409,0.47047041097456815,0.5788773393906083,0.5585290041863942,0.3829667597278322
98,0.573485153324883,0.3879050200023687,0.32560048835055,0.3539114145986473,0.641049554927789,0.4829368372741667,0.5082460047012798,0.3584746082326123,0.5092788152961277,0.6388352456448338,0.4478486056987494,0.34548517890643965,0.4135387017924571,0.3728525789776935,0.41552877548701106,0.32591303930040527,0.6063377989624901,0.46200313383685165,0.266393193207179,0.4850342334758288,0.6879151631044291,0.6439828328510082,0.28133910184117183,0.3603446770727139,0.30085486584235055,0.47257557154464236,0.8871286494454501,0.31738004293719807,0.5759628886618475,0.4341340414627193,0.5760140343184983,0.6055201930553296,0.6534246637331714,0.5494182512018562,0.42792372684249064
99,0.39832670541798376,0.4482392438830105,0.4096234806921122,0.45315441365895265,0.47902828925204444,0.39259616479002324,0.48394494823458595,0.5046395629089446,0.3746342094566961,0.5948556000653604,0.2934347045566429,0.3125318094288899,0.41694030914785596,0.409606287928586,0.4219557504780325,0.37834714088211985,0.6634281498720235,0.34877655004194463,0.2537822740934834,0.5213241639884774,0.5417404675563984,0.6499951512496751,0.21665479365771648,0.4637983587873752,0.3658135138983024,0.3887943542462684,0.6290055582174874,0.1888261751461279,0.6412038135727474,0.42937411924584523,0.5202166954935663,0.5012672179468114,0.5393704104129812,0.5069541019378357,0.4989591587824508
100,0.44366702266317815,0.39445743582260395,0.6298638557226705,0.4592482586585749,0.6078630272060215,0.5679929734605568,0.49019269712652136,0.4244923639414786,0.6454069571570413,0.6074711298680283,0.4257554698926569,0.26715568994694017,0.4392172792333098,0.49821833734300613,0.43000667784928565,0.5012809935467759,0.5907533778123244,0.47455744518306275,0.26466704324180546,0.4560787827765316,0.7331428228180752,0.5906491829819659,0.36771655342393217,0.4879671356110447,0.3735566245498778,0.438224407162976,0.693682341265283,0.35304976199763016,0.6232642629549676,0.4608340252486416,0.623628711987914,0.4489534525284122,0.8258594658810643,0.5481956905709455,0.6331909742098307
101,0.30920089200624257,0.3335728691543839,0.5184887933681346,0.3665141238635725,0.7671878521161477,0.659849282932837,0.5368393502153479,0.5169641087342989,0.5721675918027296,0.5098413777000221,0.473512101018006,0.2697808175152918,0.37545410046276534,0.41393920175100657,0.4883034545381987,0.38645349669135315,0.41119377510589994,0.4990396920165523,0.19047072205301988,0.4565130155719528,0.7244175179006519,0.5207276069867663,0.32857346664231146,0.49983311940097097,0.3433865572395076,0.47281109231735763,0.7904480109169421,0.31445549900395375,0.49773362583240915,0.485658416901893,0.574143269113081,0.3899677303963013,0.6898862927592204,0.43173846732201787,0.4850957441995854
102,0.4472541518461386,0.3399498119281777,0.529292556841596,0.4985998134523997,0.5171828189076512,0.686309988613935,0.5038233691253298,0.5062983489482171,0.5504484937538626,0.5731316492244258,0.4331832631431897,0.36467491895525017,0.4564688613306712,0.5110367614057226,0.35610898960106324,0.42958012312752103,0.6205869429190125,0.5566432278179649,0.27614534817551695,0.5019180341300413,0.6872989587912504,0.4870170841668969,0.3517767167999646,0.5163738865622253,0.36423358068860723,0.4161851932628326,0.7350043532410617,0.3682912003372526,0.5783724494276525,0.4236873445941251,0.5746952473862457,0.45971162476133365,0.633030605236953,0.4857390016523896,0.4767675385261797
103,0.46782532559618945,0.37036836118435323,0.42998919204500874,0.35558826788782366,0.6603920574950211,0.7015044907455394,0.4955062539316446,0.6001819689305667,0.5977365651976485,0.49391706841776534,0.3995487981250535,0.25145063004802437,0.49180752935480887,0.4298244951806952,0.42162660590921097,0.3950675244500986,0.5339731643914706,0.5522391525107879,0.33019909748352005,0.5709887664298587,0.5193971013727212,0.5406049721298202,0.3469484169904715,0.545830491655334,0.4336698260441964,0.512173224774408,0.5149031483040891,0.464117247212266,0.45602481455165145,0.39676258748162185,0.49552679137990435,0.5180765820507911,0.8122408457722737,0.5507913287240793,0.6016989153842329
104,0.33380656392983366,0.42054328843851935,0.5436867232061109,0.5157869756179098,0.5665972669005594,0.42190047208503884,0.7062164039587681,0.6074769044253147,0.5004407211805598,0.6087660232654006,0.4055043865566656,0.3669671260011671,0.3973454791003358,0.41388314516122043,0.43679289433014024,0.4061737035771822,0.6005258118831556,0.3277336842719703,0.3474693251416923,0.703478730751003,0.6105634519905838,0.6417755282645966,0.2552006628540484,0.5762899811933089,0.446978469645022,0.5434619743829054,0.8032780649070439,0.36913846532408423,0.5529270018796042,0.45850230121461377,0.4790848484147592,0.5525363438816978,0.6103591244329656,0.5405008382187919,0.6350132882920833
105,0.3696697783316795,0.37375594652868477,0.6419488921107513,0.5210383914646264,0.5448109514629956,0.5516681132736752,0.5407618090460407,0.44542545154495794,0.5543519743985112,0.6012245071315627,0.5740595495566818,0.36195218706949484,0.31906408186569923,0.3934904996001955,0.49857687820156354,0.5357225459668036,0.5049389104496127,0.47035264328094195,0.37318409336503505,0.48303137922541156,0.6327850772822694,0.641820253248778,0.32517334653429264,0.5313759231500093,0.5437522759707741,0.4733033809722565,0.6602735544620111,0.3937452534866038,0.4455162737918389,0.49838554163154214,0.6480662527934298,0.3789777269226703,0.672835025026689,0.4851419796013357,0.6893269724737244
106,0.40548698923262033,0.43373826021056083,0.5570778165588939,0.5221894162048969,0.7722813819753336,0.6392305299860488,0.5739388530805452,0.5120630060884639,0.6421986165904527,0.5890545194823762,0.31041204513107684,0.29318193789010827,0.4498606231676424,0.4491573498114507,0.40757943075155373,0.4586800218434887,0.4475737605279494,0.4698585230272536,0.45743232558438135,0.5520484482771628,0.5994975160046918,0.5945327897230439,0.39607225874721075,0.6313391786720978,0.39054512743490255,0.5153316253573047,0.8149576221452421,0.3873418476046759,0.5000475626390841,0.49569429954926836,0.5161321246214333,0.5098747864507538,0.8297603213459669,0.6196524841086952,0.6765001898267091
107,0.4382662115599295,0.41159796193543363,0.43670344040094083,0.43095336535377937,0.5675132970879537,0.47286626888971667,0.6000946840547834,0.45008651962715474,0.6464520235292364,0.5760638469124322,0.3042266678638046,0.46608153208110986,0.358054908193851,0.3761761580990421,0.40872131209039164,0.4451405283823336,0.4114757239770389,0.4907062672429926,0.3032948518927522,0.5436354750221037,0.5359071043337037,0.7533511321546567,0.4123385269563745,0.534177022052341,0.3308446352950638,0.5947543886093414,0.758375121468896,0.3263071142556926,0.394107069796467,0.549975125041416,0.4925711065243097,0.4023859137781066,0.6402931564799728,0.47393553636591734,0.721560372205494
108,0.4010449207301847,0.444533856170811,0.7076287573700452,0.47401018903716013,0.6614789597698819,0.6041788060094772,0.6622889155573853,0.49708593840976356,0.4489110910522444,0.6830970026607164,0.4437094238877992,0.47498373308596215,0.4552373012689518,0.4623117246832065,0.4187003510858678,0.500820367215133,0.5325382581717978,0.4040189514638305,0.5257245893824711,0.6144817625074144,0.6884191229686984,0.71964594828969,0.4331321666204821,0.7269881397835027,0.41148589554789927,0.5539713988265331,0.9295723959728523,0.3142980326443435,0.5391095589835633,0.5493080403911159,0.6226210647860607,0.3196500920032283,0.6626703867547841,0.5562073469684,0.6496136242233475
109,0.418706839326333,0.46906756859190046,0.687288191512959,0.5077311014559538,0.7374009976669174,0.4130776471707658,0.6090960485407364,0.5823532612470033,0.39397043352091293,0.6257295621393224,0.3690941012573962,0.36186925043299234,0.5482800784189619,0.40218760657192637,0.5227978811637304,0.38981514171441917,0.552612485771406,0.409573924553271,0.4273010313907483,0.7030891066806588,0.6893914546759559,0.5566750708160799,0.29381535144247967,0.6025063945126942,0.3870630503988767,0.7018263770237142,0.8545461793644278,0.20332189052136265,0.4604496652808092,0.7660219703362414,0.6059858206980899,0.588278188886193,0.5431470901824247,0.6766184771654072,0.9302344117299663
110,0.3814259425722586,0.4119959257237918,0.5453464571263951,0.37363423101140303,0.6435066728624034,0.49190084717528143,0.4089597398342681,0.6002639911296235,0.5100426942490122,0.5921839207980892,0.42608127699537246,0.3947687590751941,0.43699821630422886,0.4226022199711066,0.5281061544572834,0.34582396625861767,0.533369992200015,0.3969189321269161,0.3937188190522521,0.691026760640557,0.7194233882290841,0.744160083053613,0.4043036488106604,0.555620107874804,0.4441833862372734,0.5561018253640768,0.729594162115927,0.3050960420875926,0.4649810200774688,0.7931527939541598,0.7305103816762061,0.5079788098722108,0.7191349924068965,0.5528118799097332,0.8272230433810122
111,0.3786244637832707,0.45349494115938027,0.7744610250417494,0.4452827206048894,0.6800847625448028,0.4964424768550423,0.549642489294963,0.5625343704062311,0.5010868893566132,0.60737196694775,0.4905080069171316,0.3865496546853555,0.4167940558148075,0.458685762224981,0.4312998524445792,0.450041206802836,0.45500093052958507,0.4871411259068037,0.34917807970146264,0.6503183470873284,0.7584826475753919,0.5650364151702835,0.49245483448491423,0.5992682649890484,0.5154264119203644,0.5301479791057299,0.6375199570213913,0.4827326411458959,0.4924590048804365,0.7145421951251781,0.5257136364839233,0.31762057555036466,0.7440553216160861,0.5243065299376167,0.7261629645657239
112,0.3505188055821852,0.43486638052573995,0.7059270515721198,0.31407729453018396,0.5907657989070574,0.6633810146532743,0.5625291756986619,0.5522098906125437,0.47838564344139833,0.5858927050337053,0.444865667996882,0.38671994608520593,0.40917418654683546,0.5253008258818008,0.38489603724172394,0.4429537390921817,0.4774500366149643,0.4814537284432564,0.291833577445316,0.6062366436876072,0.7001423060139571,0.6082277006792305,0.42446702115526486,0.6707674692350583,0.3810175875839441,0.6231743193201418,0.7589735824309942,0.5293976425063558,0.4705777691032551,0.6748909169263515,0.6488307616199254,0.2810844712372684,0.7233646490640244,0.6178947455618947,0.6914264079220985
113,0.3532197908240244,0.43247446806658263,0.7139089580290533,0.3848216134610246,0.7562697572512675,0.6189489193062063,0.6342148383662249,0.5426592361371794,0.4591472393152117,0.5267989713960133,0.4673426260927859,0.37336167019488237,0.38782286491875595,0.37594598640350363,0.4826612986790556,0.4127898443690111,0.4329395674559682,0.4197534630145485,0.3548420015955167,0.6427833261067333,0.7827519423168043,0.6049193969168708,0.36625335198178693,0.7091649250309002,0.486194641312478,0.7888922722543326,0.6819535238971116,0.4232372860326854,0.5050579291192316,0.7035273952177011,0.6608382424166996,0.34201570465630815,0.6895381634045562,0.7062629647050134,0.7488257060491919
114,0.32942046428460725,0.25171333743544455,0.5607780193372729,0.2868408563098664,0.7416369580128975,0.638174903438319,0.555583466189159,0.4891900706087769,0.5287096759344401,0.6018392352268229,0.4183124557075247,0.4234474476132579,0.4610647048565069,0.43941200169418815,0.3738717179175381,0.3768437859912124,0.4524115943834417,0.4858517970401319,0.37395933946985743,0.5940723391395026,0.6704773828813491,0.5653825615111157,0.3316810887087073,0.6550937238262938,0.33729890987731026,0.5200398965242251,0.5757557592254605,0.4687253038062624,0.5584865148400924,0.6456060997308404,0.5766120554117491,0.32972108483723345,0.681597179710925,0.5864464959819855,0.6212677788784238
115,0.27811524870342336,0.34904787064816273,0.5854115104490798,0.37982793105172635,0.6335355673276791,0.5245648741244833,0.5186401812400321,0.5071570802268317,0.49377042303229224,0.4788035547792945,0.40815227106277785,0.36991030115851165,0.37949612265244,0.47189780692761896,0.4792719183455977,0.3674296483117463,0.44282106189146014,0.6029013845025967,0.36884786060609454,0.5698321259941107,0.6957332660552502,0.6188221533424088,0.40796907577608543,0.6622363890136037,0.512899884040569,0.5425755440495426,0.6375605486720669,0.4506578184041554,0.6106280422253481,0.7491902734914375,0.4166338493703491,0.3963293153822883,0.7496282729086847,0.5679211892186844,0.7471448069305434
116,0.24164577210458288,0.4743551456123966,0.805601888256056,0.5373751675918086,0.8049547464219488,0.4529683748329919,0.49138004323966267,0.5763869828724999,0.43923319715500975,0.5795134506917761,0.48393083607454745,0.4212717673705607,0.4008955055406207,0.39357295431793854,0.4097384016224599,0.606124399660221,0.48232840041239766,0.35965237664524924,0.3938061311782829,0.5388867841181495,0.9079027914121398,0.7362891346185161,0.2784484930411849,0.7508858252305087,0.6399062384076708,0.5357732821531294,0.8654530101026472,0.3756373267965836,0.5214317251811873,0.6458855287571343,0.6886713791465334,0.30496555374789636,0.5404712444215738,0.6496317286727702,0.6765431288017668
117,0.350834226194582,0.34817295164075557,0.6155808989766669,0.38465089103659167,0.6153745265149464,0.5804687637888857,0.58300109867132,0.5717449556621286,0.5761167030562344,0.7154868251940569,0.5010888908255277,0.45668131380117344,0.42865663824819156,0.3929944888771605,0.39876034733888555,0.506353337574148,0.5764582225057775,0.4390560184086213,0.3329753627019384,0.7329939911839123,0.7584994699604011,0.7622620579098507,0.41458472079109854,0.578242563120504,0.4784019382299006,0.6230566741662726,0.8537587914640603,0.4695520704174972,0.5632294703374128,0.887193684070545,0.5406479373716454,0.4368339148823119,0.7070301233291627,0.5420809865348883,0.6573074034865272
118,0.38139982046078424,0.41018403913845664,0.7527685033439255,0.33769736990712923,0.7548918915652713,0.34029801862078213,0.4838580386445699,0.5829210352335921,0.5534291314918365,0.6491292918111131,0.40675940352381984,0.4386080814260872,0.4631226991655008,0.49702135439540973,0.3164353530518136,0.4843931333729071,0.39088141515020547,0.4202893162991902,0.42304829519082765,0.5659364855099593,0.6617601610866795,0.710256127179874,0.2995510659163316,0.762405511336657,0.49161699909766826,0.5391891854285658,0.8076737106710665,0.3690762782407866,0.6367585064748769,0.6078983774570652,0.5936354864984008,0.3544818868873405,0.6892480574016447,0.5092882493990628,0.738648450591403
119,0.3543732005494171,0.522907283898842,0.7220864042671662,0.427508373306063,0.7522251932750091,0.3781211575863634,0.5472903723741855,0.39814271932646755,0.5174527166836319,0.6436269409933377,0.5816566188804109,0.42348468611418566,0.45681638154773124,0.380244092758272,0.3903392483085155,0.5914032774522596,0.3578958106985413,0.5057936251900451,0.39649801690627684,0.596554224783324,0.7502518712341785,0.5981785884266547,0.3516975257715089,0.6240633848530976,0.5822192829082762,0.5673103338762606,0.7323082508524874,0.5638383642359726,0.5626038671633342,0.7123866381073681,0.7039841199991379,0.5233595316524458,0.521753854612403,0.5239993686733401,0.7922633978676294
120,0.41253369363731074,0.37023478315979935,0.7491832397506496,0.3883297785941029,0.7461870705316338,0.6117922119256651,0.5012803553666185,0.6145911412555171,0.5116421340369982,0.681078717082825,0.46497914189379447,0.4430707803844002,0.37562922261963994,0.34174017153512726,0.33835672539064005,0.43995345952778686,0.4505706692832898,0.4948346777929869,0.36059032628166393,0.7063285345852091,0.7359063311252474,0.6418529602317247,0.2793883847835803,0.5965599604073979,0.6009903285315199,0.6007875440409909,0.9736959616295434,0.4823408995687344,0.46897312573831074,0.8462480781856011,0.6445940369640376,0.5129338046517296,0.6020046359598626,0.5401421060947609,0.6846960221749612
121,0.3600563502820391,0.3836560477251926,0.5003344991487813,0.385819291960359,0.6723631558446665,0.4933677945130882,0.6870923572872811,0.5825604183317543,0.4705493651241978,0.6140358368285537,0.4180747682266407,0.41875031003473273,0.5399305506667099,0.3363459321241856,0.3619457894706589,0.4004831391586157,0.5131447190130173,0.4339686444641521,0.4871809383917869,0.7340172375666651,0.5943179619180676,0.6662926070084432,0.4423900597390542,0.7205751582152716,0.5994907496245999,0.6248484486361938,0.7484584467102824,0.42980783464248484,0.5297571773593531,0.7040694315537995,0.6290044412507644,0.46098291341023884,0.5802447200305254,0.5573130857426195,0.7933273443813609
122,0.3169841347405672,0.34892885578807875,0.6647276955959103,0.4372106155325998,0.7823474239630008,0.5931639737582272,0.597093496500622,0.5310401103563906,0.5151822645949988,0.5302332235796118,0.4266926635895866,0.46672147688523674,0.3339418945210052,0.46583360736301693,0.3566638989127081,0.4695582175007026,0.4788799706778403,0.4222980989461189,0.4459532711043963,0.7100467349001849,0.6650199576642457,0.6759970294854039,0.4292953205906807,0.5757447972372978,0.46863881293192006,0.6115370656654894,0.7700793790081977,0.469582302185202,0.6678948269451488,0.8986389369149502,0.5582215497125063,0.34170887585220383,0.7699576699034552,0.5637304868741331,0.671608150445147
123,0.43832118852270474,0.36267460246229166,0.653071987124512,0.4721456106339341,0.7539788790818636,0.41090061646357895,0.5440179175822182,0.5154692630154984,0.5671695384408134,0.6405451449118644,0.46849962206455453,0.4741203880974026,0.5128997642556302,0.4051034734826282,0.34567348860295755,0.5728382957355983,0.33758877993127423,0.4604406103744684,0.3654937903957649,0.7686106673974689,0.6852713572529644,0.5537657295116469,0.32807913349001644,0.7606267793545669,0.6530039081210486,0.5204884384106239,0.836175917261455,0.5643410011667126,0.5777817072477862,0.99935731895276,0.6262329933494846,0.45453800003948724,0.7286020161384706,0.5790709871133644,0.9103849110142554
124,0.33978126002986864,0.40028159241947653,0.747247723287344,0.4945566565007917,0.53074700349684,0.401565064823433,0.6627149794673249,0.40478856285894954,0.3698030537696325,0.5897359158838099,0.43164395801800526,0.446719899906942,0.39615238070826486,0.3856939703764253,0.3756353279107738,0.5693014890936465,0.4571668047779962,0.36843872743287553,0.33249001608604667,0.6818663487755378,0.5017756612830007,0.5177958754861623,0.25789685120117406,0.6731367564157656,0.6036986493856413,0.6097509098054948,0.6808223403941582,0.40476747084831266,0.5615656394555588,0.9699970479881381,0.520491599403277,0.4576005078558718,0.6649317400255355,0.5053514154588035,0.7269113340349751
125,0.32274467464482376,0.5249132106754684,0.7462057686785881,0.4793424323501343,0.6153764441190734,0.6547473665632602,0.634777819097488,0.5106008125550363,0.5257326360569075,0.6979821470717973,0.5122802629457681,0.46464814850499,0.4465498805437331,0.4267870344960397,0.3014547793532172,0.6158534143233977,0.4359922192858363,0.4994945100665468,0.37260878758889354,0.6354589888098193,0.5790300879198309,0.7731780435775075,0.2888214796491418,0.6690694279482224,0.6967492056447487,0.7203232331363516,0.8302469320184527,0.5634360425759559,0.5726118407843939,0.9297514882198237,0.58687665155172,0.47382868977770554,0.7012083607014556,0.5570790816641369,0.717336802509407
126,0.46791813916870084,0.35479293018592395,0.6481825366862983,0.3946439915764609,0.7111943731863217,0.6394644377233474,0.6336570461830158,0.4653070940916937,0.6065946154184039,0.5998413794987794,0.3947546978732419,0.46635034882454013,0.38950980232366283,0.45860343086519473,0.43559882408081235,0.4754377474746716,0.4169421423967985,0.5195308834965497,0.3773062120494446,0.701058663687247,0.5436627897857644,0.615335565414903,0.255708328310043,0.5836313447947639,0.5066498821888173,0.6770943908306224,0.7994497607961807,0.5482984696613682,0.6272458373830494,0.6531940676247715,0.5072049997507122,0.5842473011428438,0.7116129115846836,0.4310961639059942,0.8083173306330433
127,0.40315040664882407,0.44025653197890346,0.6144477172125422,0.5001724702125849,0.6698455803217018,0.43358774314512494,0.6502482404916048,0.5005689484626452,0.48137830237024126,0.5592166854607642,0.4836702953738396,0.432429121863023,0.39001268597358046,0.3700554486556585,0.3755947340060096,0.5256920721184484,0.386268509657551,0.5300329870651106,0.28831214281657,0.6524103929623468,0.45074382511918887,0.7504393683837931,0.23660841454788262,0.5280740539759343,0.610244500070207,0.699670600710494,0.8001599958253163,0.47053553976652035,0.5988494738285457,0.7556688277536893,0.46778454777774253,0.6342706342026121,0.7020570518811163,0.48796641165545546,0.7482108036424291
128,0.3942171559052619,0.4419121286980051,0.6495088092686458,0.4633209841486327,0.8181165677172368,0.5175048706381283,0.5974788593406741,0.5453834576612225,0.567254917148559,0.5725712674575663,0.4489511455382772,0.4452128466327675,0.4859631399790548,0.49022573341527276,0.34139154722174503,0.5011761658298486,0.43244222077195377,0.5647455273068596,0.3828096174622109,0.7574763279923078,0.6823767619622441,0.6596017000294894,0.28743190385639006,0.5796545998696232,0.6214891863085801,0.7151802743652904,0.8911299403553852,0.4866075897547206,0.6323729535276434,0.7346639247100917,0.4475679214909053,0.5946984986568897,0.7069216120496407,0.5331491175087812,0.699609025895879
129,0.4437155072762666,0.410309741535299,0.6278682933893982,0.44977747512973787,0.5513758731215882,0.5680023393580365,0.5723607222066152,0.5197845172836518,0.4532793917708493,0.5920142663689851,0.45087886611409234,0.48085820086100756,0.4460658006280559,0.32890887503615973,0.29598311198377647,0.5480658337485793,0.44474454108502093,0.5322350993536749,0.3158177531655465,0.5644065128037503,0.4968808854014481,0.5222135323023216,0.2543740442218351,0.6273578720244549,0.6061946992847911,0.6850900996436298,0.7729894284742931,0.44610048559007576,0.7448729331500593,0.6436567505302644,0.5360587283478935,0.6126538564665945,0.758539460869478,0.467829729033942,0.7959318735969554
130,0.46040024405882946,0.31755426774485807,0.6665015421675737,0.45768536026621576,0.7470327750154511,0.5263429620309061,0.36708451139185083,0.42784770810683315,0.49667277229603296,0.5411026323366727,0.3966070855073992,0.4587286140031863,0.4885318926350538,0.37515413005645704,0.3392217610248368,0.501868761356771,0.46235427341958385,0.5097382048258406,0.43830843294898014,0.574425326479266,0.3179472878855591,0.7495495575510733,0.3061280181607012,0.6971073128006342,0.5573128765845383,0.6740022660849099,0.8890766623658837,0.47547382854534953,0.7371167699829175,0.5664644366797438,0.6107960634809917,0.7314899176558556,0.8735386811398328,0.4673074152983318,0.6348960362829466
131,0.29698814973323895,0.4108618674225078,0.6844409672514038,0.4133343179059426,0.6014490162047229,0.5296905533206733,0.5343311752711829,0.528892475635229,0.3580668339122013,0.5302595417484435,0.437358997844568,0.3558627635774907,0.4308637351716461,0.43022681493267734,0.33797627931079544,0.46574232492289985,0.4309922832910249,0.48198592336602447,0.3524084620052109,0.5580313912434629,0.44455348701808395,0.6154393363700954,0.280514481244879,0.607127702137232,0.5596824571422876,0.8055770293536462,0.7574028765594525,0.4731958512665653,0.7870543236840746,0.8243849969257155,0.5826603710003565,0.5118554384832446,0.6136338301604747,0.5484989919117458,0.670191877117166
132,0.480963776149412,0.3957212301605087,0.6690458584447605,0.43574706778376104,0.6876895988657337,0.6071571563214093,0.561924576438678,0.374562904310877,0.5152908488945533,0.6816542989740323,0.49996538331058965,0.4507343591034916,0.48307773348545524,0.3970662532473391,0.3043076403759909,0.49076840559796686,0.36983032502089536,0.4822864158188733,0.3427955948740796,0.66948971999787,0.4629703171737419,0.7276027656195398,0.33963476978849194,0.6640749900321545,0.8021553015204517,0.8001281980412138,0.6947301157501592,0.5018055141042034,0.7054891879519766,0.8242575247039001,0.6523953417644589,0.6785912573037132,0.8262286643388101,0.53755955306414,0.7262793671495338
133,0.4964999041083479,0.5859106617507063,0.644054857906774,0.4528371570188153,0.7000662896856618,0.4262566316789612,0.5386104320789868,0.4767151104298845,0.47118777930577416,0.6146255671479508,0.40662146977044683,0.3692038446824885,0.4181234540132587,0.3672767577242042,0.3095253358568235,0.528368657002485,0.3948128688051537,0.4576396623092317,0.25851414967682074,0.693592279688699,0.4478182373466183,0.5175704527529923,0.3090257826838913,0.6638157347609241,0.6212147389155017,0.6654217606131092,0.8058600256587811,0.2770272287419713,0.7866057653561738,0.7856248644565622,0.5210584209296689,0.5904127674455952,0.8163565972292346,0.47820449898582096,0.5517846141508826
134,0.45685779926201436,0.3652999356492687,0.6600417950520263,0.48634859920520507,0.5594147664320624,0.5262500196886533,0.5874838509568459,0.4157896423988662,0.4453013280768473,0.5645293392696067,0.4532936805555663,0.4744652373970053,0.40721391905860843,0.42780632239823946,0.18898902581570487,0.5732471044265329,0.5142274722584151,0.44775198206599276,0.19915261877968676,0.5983394135593406,0.5098050211591924,0.7486734553329226,0.342581273878884,0.6529142620773047,0.5389706569573594,0.6794901280250072,0.8900132612162301,0.39378301530584925,0.5476849032075104,0.7608516027543217,0.6085331909165488,0.5982461403986502,0.7022118988338488,0.4585951686855256,0.681166888203699
135,0.34073337161474715,0.4195766955714949,0.6708954535382932,0.6166760814737868,0.5825749687954045,0.5421641872162108,0.5334288177353756,0.4255186861013002,0.5709596975732039,0.3941704907054609,0.5279434835941321,0.3962293646911065,0.45578741257104727,0.4679174804402543,0.35060756146430605,0.5116034561725675,0.38944275730078587,0.5198401199358371,0.36800953842283574,0.694574626584119,0.5761753591826829,0.5262734400226081,0.3954347528618464,0.5390215988091953,0.6077682763065104,0.9085936230196976,0.6821073209162601,0.43628929074685163,0.6105241489725373,0.6941509086258825,0.5454240433908275,0.5265009468435606,0.9559210608570872,0.503448930072216,0.841233932179932
136,0.40108981991949516,0.34914404549744366,0.6990503638944527,0.39661844992976447,0.7014381738312714,0.6252902209210589,0.43921989080313034,0.5080066289396721,0.5307995352089407,0.3929152895848704,0.4277865458600717,0.39123705375802253,0.48996762642857794,0.3689912833584507,0.28234917932692416,0.5199170469928476,0.4500714429752162,0.47346839007243,0.3712403523464394,0.511915707435457,0.6159821747519894,0.6221303187342624,0.3180825238091304,0.6551720449885416,0.48849192109017475,0.6411460327239852,0.6370240144001145,0.4821378291444174,0.7686345772883978,0.6731108085429571,0.4969993368635995,0.4875388139106561,0.8596049198174514,0.5721911319210103,0.6996147620994952
137,0.5217965406458923,0.37314211847374207,0.6481864969124798,0.39509194358110433,0.7758182629548988,0.640323470617302,0.45923179370380407,0.37309328916722384,0.6844089160553056,0.565418644379772,0.45129662156995715,0.4345734989986225,0.3930831630477033,0.4444005017933533,0.2634274088558014,0.5608903566297676,0.5171476106959074,0.57133408897698,0.3237790865417326,0.4987024069830088,0.5511921837655762,0.6833735107457585,0.46170049775402056,0.6735186604654513,0.6411280093869995,0.6752816835830326,0.658736378053213,0.4361079918264732,0.7010226843196812,0.594737652178193,0.5134212399336953,0.579909443824572,0.9726462359607131,0.4959012739069596,0.6883070289028709
138,0.45313090524645916,0.5160781967710937,0.6991832327811421,0.5249899079042811,0.4638539828459576,0.763792438880074,0.646602051889297,0.43650574713254126,0.5474136192343356,0.5884407434628285,0.4661861262426623,0.427890030747081,0.3802619867007423,0.47995834038411617,0.24624618174928642,0.5060794540323788,0.5243811881468037,0.5712491341263608,0.286983589021068,0.6384069406663115,0.7343503041498142,0.7592902421092593,0.4482758374563187,0.7745427460876079,0.8288579771239345,0.7717042791353446,0.8117577883657661,0.5928796035749289,0.5394490167715654,0.7980752070198999,0.5271962210925003,0.7386763545887667,1.0034203283508907,0.5157031701870496,0.7059097820652352
139,0.5687378762291208,0.4033627904211698,0.7787875342893904,0.5679019670193353,0.5390337927457287,0.6098933053879946,0.5697490196920192,0.41995210740787253,0.7130360121407073,0.5829903503883811,0.4965324888683379,0.4392027267691519,0.4629616390063003,0.3852910043156849,0.3151904002048436,0.5327707818892774,0.45972130318174426,0.6119423590513606,0.3854760730907808,0.5439394166516254,0.694176343054742,0.6608991795719945,0.4027957759231948,0.73661104852632,0.7111961298055038,0.8538818456863537,0.7009009527895689,0.6211471619552518,0.8170108465473662,0.5824551191178006,0.7180107678671477,0.6896059895231863,0.9297274691395065,0.4400580068617005,0.7152207234587742
140,0.43797952613027447,0.49600923508526606,0.6576980953193674,0.5291853707898021,0.5098626879227901,0.5290005885353815,0.5298452663490041,0.4612636738132014,0.5562612070340412,0.6255884273013512,0.4535614383610908,0.4281785285672185,0.2756337595751347,0.46225937781641363,0.2818536748211287,0.5295940285976339,0.5618039068035745,0.48803952997725086,0.22746314768816348,0.7110950248070352,0.504489720196146,0.6968926154285717,0.42306711975812245,0.7246054515470455,0.6585000698794481,0.7901341612405895,0.6410966479240389,0.6612799133212792,0.6935780751857965,0.7491286840286934,0.5521408706102072,0.7671093898462693,0.8460106495976663,0.4074443664331193,0.7032415391222595
141,0.5680323276015846,0.4757070495941361,0.6797052070692614,0.4600207792089662,0.680470363925999,0.634090419492032,0.4648857304857622,0.3206936700308566,0.5005907324276855,0.6369434985180392,0.4358709444017748,0.5159372006814524,0.3752381876426134,0.4667747204530036,0.2717144076170133,0.4749879004452959,0.6026556777607122,0.588675832784022,0.4030616965064191,0.5452597449506154,0.5832527457843053,0.7377541091737455,0.36315269767599273,0.7311138881960908,0.721901456211107,0.6911861523236064,0.6291502728030368,0.7251530976205471,0.7275487872342363,0.774738419633711,0.5396239478330153,0.7952033911069265,0.8970536758806159,0.4997393400127012,0.646312369364654
142,0.5112406207830706,0.4857528006808014,0.5927816664601864,0.3991256165166046,0.4751117496852964,0.5166464077291658,0.5243753830871432,0.22680479146779853,0.46811905585441105,0.555436203974842,0.34731318013178025,0.43916219286577335,0.41195386768207065,0.3256426191217034,0.33827633986147854,0.4206199645336186,0.49091161683374557,0.4529752172589734,0.21333278411222673,0.6126967374959784,0.5072492218597109,0.7385498611341096,0.2779227184255207,0.6983760927342952,0.5638423130857015,0.7307645955260477,0.8468334437955661,0.6625873980969254,0.6452297870783952,0.8087061849501483,0.4480786396169817,0.7527756253856929,0.7658755531844244,0.38708989006808714,0.7113091426458046
143,0.617892291705645,0.34586638442240586,0.8593501585510341,0.6276047584588316,0.6036830446258742,0.6159019896487036,0.4495486903349004,0.24325637587198135,0.5509951278829828,0.6488338058965974,0.5025711661750412,0.38985955149016566,0.4012284014313189,0.46098248255597,0.27581747290566255,0.4301736148432926,0.6245843502524746,0.4913958027698631,0.3152225906346262,0.6412675223337394,0.5388780495253185,0.8663791243760798,0.3784817984342548,0.7135371981779599,0.6547355114178517,0.7485253666693392,0.7482512325594635,0.7166885607538699,0.631235855110353,0.8497759804185727,0.5643173019550098,0.8787457815104929,0.9441732312967976,0.4292828456863569,0.8691988329928855
144,0.3937417364341408,0.45333881823214545,0.8615555190625137,0.47751361423921634,0.6427828656015151,0.642187548336784,0.4761035817200891,0.1897731232830972,0.5129952337779528,0.4877279846522129,0.4594050557149588,0.4559005102424535,0.4220456810277966,0.46783789346427307,0.22966131586601005,0.578047749222573,0.5969285220186522,0.5325513484319657,0.4138856457596145,0.6002495943691404,0.5903497754645077,0.6853232825208968,0.4732587124333316,0.7517005703095914,0.6880568627781664,0.7340999100684743,0.6376153025294091,0.6066109310652454,0.66643719762361,0.7131859837985388,0.5085239484206681,0.6545985999799968,0.7577316851105402,0.4413308954280092,0.535332054658737
145,0.4838830963658814,0.4571064793185209,0.6935228481203501,0.5219368777348579,0.5459400487586505,0.631613847228077,0.5943029301029644,0.13223189026708076,0.4727510852258809,0.5291226069076301,0.4400229549251714,0.44768747571543993,0.4215593898951065,0.42276513952691785,0.2605086422081918,0.5783917884793791,0.5397122168080383,0.46067492372353525,0.3414683848662651,0.6266470812971325,0.6405984055427478,0.759086262989355,0.46760362683468815,0.7920589158059483,0.5724709217223158,0.6743864399691292,0.5944689253760361,0.724762827285184,0.7214278934675578,0.8482148622661687,0.6224699591286695,0.7246386816194123,0.6415665088990278,0.4616354543246527,0.6510789280458373
146,0.4304448099798365,0.4942695005965959,0.7098382497373189,0.48816919498923206,0.5044370225289966,0.589347615401493,0.5849938890756468,0.06007789904276528,0.43524145320231333,0.5065977143761204,0.45358481578347537,0.3917335317450561,0.48062066544451204,0.3519843455977465,0.3124680090870482,0.5620531757946479,0.5690222403825815,0.53744076120728,0.44331930805742137,0.7793085516313911,0.4765551401734657,0.6909010361329697,0.49639358735988354,0.7209739374667334,0.8311916529920059,0.902133817765496,0.5807568433428323,0.5519359514168554,0.608230336543153,0.7737850139152654,0.6066173722696541,0.6514593207431457,0.6781105598106146,0.5143469804239176,0.6178500105209259
147,0.5211590871085408,0.507593172920586,0.6931809450936013,0.47417474505315665,0.6099014537284626,0.6582317064385782,0.5100538122892925,0.0597810175535073,0.4918733461810069,0.3520715724311476,0.4818643979725221,0.479072941945356,0.4178187318947715,0.443309989129283,0.20952436185563883,0.5460097590483431,0.7047569040125484,0.624448169776328,0.5006580056646865,0.6895230218424465,0.5626074326480506,0.8819644573181223,0.497371030744886,0.6986178783256008,0.762699241592278,0.7571318879006753,0.8096293228141358,0.6662813068099753,0.546113467586917,0.7300347698109062,0.558449368781616,0.7254311591348538,0.8186195958275269,0.5730773523418841,0.5827519580093513
148,0.40385954729788526,0.4193153682701704,0.6863517217261479,0.553949695600537,0.6928651640667822,0.6199335276181148,0.5398575437456006,0.24509156790562672,0.5761556832254525,0.5092224183320241,0.46088544279198723,0.45644469631606643,0.5737243054150265,0.44048932377294714,0.1796886370787671,0.5654964647102085,0.5680307930572633,0.5503582087334777,0.5357999812397107,0.5918134462913175,0.43969127440635547,0.7758572837003324,0.49058640285683547,0.6428957723614903,0.5615812115159715,0.8302452187708733,0.6581709342345645,0.6058484715236366,0.6397600148438185,0.721898314644456,0.5394762418701156,0.6816402900435109,0.6578843710278655,0.6203663666469185,0.6649730000825531
149,0.3925516556672324,0.41218481014398745,0.6605518748564979,0.5153830479413578,0.5256399921908637,0.615717918818029,0.6100144281684166,0.2948800924610019,0.521172117318625,0.48274640179589534,0.4249114871862962,0.40157839799991224,0.4550767723396392,0.47575672536131786,0.21456192045415762,0.5381392053760954,0.5955105004560993,0.5481572145214506,0.4706859651484714,0.6089096280489311,0.5966810040451551,0.6815453186487737,0.456522157609352,0.49756456404511007,0.6542074057212743,0.7774296004142922,0.6374007847880867,0.6559681213444232,0.7213574954573401,0.5915690563259111,0.532736529914006,0.6287987503597747,0.7124480850964363,0.48239121806541724,0.5927769371190201
150,0.4040268326836409,0.2987626180900899,0.7827804485270906,0.48596234286622736,0.6717337601411999,0.5567009734283852,0.3968651767200894,0.20880398998153063,0.4834817448810713,0.35636563587526715,0.42723654563087554,0.40539563596872863,0.4598894715619407,0.46437062992803824,0.22858713095811187,0.5421261140671502,0.44905781573734693,0.6124762171988936,0.5054816245005821,0.5959737262946286,0.49396721523367315,0.6376257988292093,0.4170641955900297,0.7369250890568122,0.4949548450073847,0.6594411449315569,0.697616776584126,0.6941331140473613,0.6031415277152435,0.5640468868614379,0.6384430324035728,0.5962028652166274,0.6541717028579068,0.4928958572245103,0.5545160161891132
151,0.6282901318365293,0.5092976921350356,0.8084778835579846,0.4332566285647566,0.742992167202525,0.6077463396427578,0.575979589758675,0.33236440934760014,0.5753891139287906,0.4577792918331152,0.47280178670098644,0.49126326358853883,0.40781440753520753,0.4509134062489163,0.33279684607848536,0.551411680861813,0.5703540934160788,0.5145328157124882,0.47927566423786033,0.7584352962708085,0.610780138137194,0.757244288019671,0.42124955189867247,0.5507713182057611,0.5280766449536869,0.9466379689433045,0.6230128276089215,0.6951899592325865,0.7518432504019499,0.8112168966238379,0.5964807826139613,0.7020867290253576,0.7463135846137918,0.5497395415308685,0.6516845337768677
152,0.4699533009162301,0.553771894762636,0.6536448184431527,0.5403687246917392,0.7489756139533928,0.5556109248380676,0.6155266961419792,0.3646162430375516,0.5229516267458211,0.4595492634030464,0.4495216903116603,0.41799683059173093,0.4699943831288329,0.3932810819606273,0.20654671982622716,0.5963206922529543,0.5481739681676676,0.5070068436871344,0.5440237933245898,0.8031259586593973,0.57762292355175,0.7496775649155982,0.4900887707208213,0.7194141148926917,0.5508157384879855,0.7136380183467916,0.6326037424942377,0.6819554373171335,0.7614355667991453,0.8217085978016201,0.6919683149461774,0.7372934762271449,0.6208753738172665,0.6491186114941259,0.6500993211044321
153,0.49220124654117375,0.36127423412777593,0.6699890970072445,0.44550216439305146,0.6890137939054483,0.5460134000445849,0.6200249804928983,0.4890064630998465,0.5099552807660441,0.34275599171652227,0.4529567053621846,0.4625698190472704,0.4154376408007253,0.3782339141314302,0.23033639321598015,0.5374285030092742,0.5753554857705172,0.501044331117053,0.4914428457425812,0.710492164873799,0.6117924590170407,0.8059257207106486,0.45681557664221784,0.6345384497154118,0.5455100758193772,0.6485474739422366,0.5739630554980788,0.716603773606183,0.8255242887361068,0.6235786691441646,0.5517083592585202,0.5710906074860418,0.7863689455082895,0.6216550018290036,0.6403515023363635
154,0.4414566111991711,0.39576052596532774,0.7559637624773456,0.556737034145675,0.4665487765717143,0.574073954046213,0.3366318233834151,0.21452653692461626,0.4734704271343804,0.5516663132969514,0.5028075349191703,0.4775248328542778,0.4314533931581062,0.42731680349688145,0.14084094746265297,0.5616183971488344,0.4655213673269092,0.5403279354320493,0.35345385162183174,0.4517524085252873,0.4880555645616051,0.705642864256414,0.3245417037306624,0.625300033369483,0.6127113274751994,0.6636389374630983,0.5263672204611016,0.6923023708362839,0.7066518468838436,0.6642614445161583,0.6441483774269624,0.6509448881992217,0.5717923155953514,0.5740020379095867,0.47921678118633315
155,0.5973992430774726,0.4909886904817265,0.7118886548818939,0.5659601979450684,0.5766090955683973,0.6948961603402803,0.5909321955068032,0.3024206474409912,0.6839123491751308,0.5187864751162558,0.46048993391992066,0.48847639987152364,0.3420555606947937,0.4642393130708488,0.22137280130035936,0.5295027005610373,0.5742212063362958,0.5315694806492852,0.41162391309418606,0.6516501133187099,0.5476813000455125,0.7571909913161224,0.3635308334828445,0.6762526503147198,0.6268588981438825,0.6873343065506449,0.7992996686312508,0.7760076842255073,0.7206398242183054,0.7671564856609097,0.6228408125779251,0.8225165304221164,0.7388828832428778,0.5564292191595726,0.5131855566426315
156,0.48812995086269784,0.44446361987141003,0.6026629863215462,0.34676597473584253,0.5810075303672053,0.680199225795929,0.622349139256263,0.38871863197622325,0.5365982755486672,0.4783284064035942,0.3375108527885885,0.5575094379225078,0.3091180493134831,0.40094820979515966,0.22799226206707007,0.4349073844212059,0.6746205003773189,0.5269058589817807,0.4861950362044166,0.5505384091382652,0.4006195287318822,0.8308864598802448,0.4683827852930354,0.5841321821442831,0.438517711888303,0.7127348350259183,0.6384395820809863,0.5867697061826038,0.7963415237828887,0.7430572945315468,0.589242614509008,0.6628866318914335,0.6770208379742526,0.5803589988432141,0.6286395389083184
157,0.3350798151485007,0.33026885115863824,0.8731407081620206,0.5261911064467214,0.5874219513042371,0.6416132308669389,0.5102938253560036,0.29632314215712097,0.548120945758455,0.5179288979252891,0.5698814769660028,0.4632667091546978,0.38990670290310714,0.5600286384242554,0.23049571827114643,0.5404279104640783,0.5482461051704127,0.4837820874286429,0.367468337303157,0.5635795510791659,0.6230766407556315,0.7251976058126673,0.4914377320112155,0.549958371929404,0.6134344027179514,0.7411195319421076,0.6678475038336884,0.7520028114166618,0.759415632898562,0.6202007048204743,0.7226311248565818,0.6328055630091689,0.75295962132263,0.49590033710850184,0.642950489681788
158,0.4756558501510394,0.46748703311790707,0.6816382595648074,0.5384956569180559,0.5730938253238215,0.31318877264905554,0.5754017687508255,0.40211117945668046,0.4721735071304192,0.41502402061756016,0.4298174792733048,0.38303266080172604,0.3856557502343556,0.3778000693107621,0.17464543894873982,0.5345995691453014,0.566845364400285,0.41055277204517476,0.3769075237681946,0.5785210039438831,0.6405087620866148,0.6665141120022763,0.35938218576664216,0.7169148638330802,0.564313764597551,0.6888573597986968,0.7018738737773454,0.5081483804468783,0.7304310929508959,0.7220637618009274,0.5666648896368225,0.6595266535383564,0.6775093332695605,0.5620194641295273,0.7393439553364639
159,0.36063800565497905,0.46118088292090054,0.6109202844416048,0.5794480941504613,0.7004963662169739,0.44394245682101274,0.6050263880006304,0.5239418154472555,0.5917706744423741,0.3705454941834838,0.47589324978341097,0.41450647105876476,0.5282841608626172,0.4261983739508568,0.17101696729563315,0.45303967147505203,0.49535835188971344,0.5213755456347239,0.5099582655948312,0.6681039869616503,0.5711578845437417,0.7439307525639078,0.3830480736664457,0.723916214457849,0.5418959555416545,0.7528113838076882,0.7416351390692624,0.6113439199123532,1.0392890939933146,0.7614861061719083,0.5494058907409827,0.6498575877890925,0.6991396511322848,0.6077858863222709,0.892629210336317
160,0.4356824273430653,0.43622283920556737,0.6866493835999685,0.6126732846898894,0.6740191987818649,0.3571047616593203,0.5444724938539707,0.32936316557283357,0.46186933985180306,0.4163509101077618,0.3881870517152267,0.43857709623505103,0.4732753314421041,0.3757970626784326,0.03738845802502391,0.5006784383147994,0.49408531635747127,0.48983369773125496,0.4235843593282789,0.6962298966419138,0.47117319304214256,0.6763568212850233,0.34235323789318073,0.5615392458579886,0.5484265635222562,0.7044203443458441,0.6012203094648976,0.6510965013424663,0.6665725443285136,0.6905691431110246,0.5287818243193927,0.7466070172511392,0.46329752716598704,0.42260435632452437,0.599370449236973
161,0.4149947443973402,0.5611964122567015,0.6490720525118099,0.44245895239982125,0.6818266107964428,0.5063482363501306,0.5697931854057903,0.5040270056177021,0.5338030389521456,0.446634775886273,0.3837079108167121,0.408665214384463,0.45635068151702496,0.43582346905424096,0.131324365131047,0.4876678579429673,0.5897243413381656,0.5545651630448958,0.4515428948730428,0.612011676610403,0.37100986741849895,0.8600263157508066,0.3796836882854685,0.6675916137788409,0.5894840802562629,0.826205624809403,0.6739826770330837,0.7713292542361034,0.7847773327045169,0.7954120501276151,0.5690450057573053,0.811063996474467,0.8335800596882952,0.5802444718108148,0.7569946993797304
162,0.4731423959604978,0.4465597924244786,0.6021948691195961,0.5476288985301355,0.5856174489392417,0.6476981536131962,0.5339764939070355,0.30191795612453787,0.45849878599234234,0.49814649464758387,0.4399104257716092,0.43985093467757086,0.38383683332915675,0.48992795833286845,0.25094330463683623,0.5489724838867369,0.5256889717679667,0.5849621359869516,0.4139340719849836,0.6164916078708358,0.4906006267603194,0.6434876507891858,0.4582449553775835,0.5164911145638937,0.4224345870985303,0.62427299234963,0.7003405165272208,0.7581074668183934,0.7114876927928206,0.7659176407192523,0.6234362779099234,0.8244039478350661,0.9699103337730052,0.5651723405513998,0.5687772225176626
163,0.4875187337594006,0.4748760619603266,0.5794145159927189,0.5498642924948556,0.6256947167593877,0.6272417585411211,0.43797706374494655,0.49096875441907206,0.465190478323591,0.4464154489584795,0.36930299469116623,0.476792449216061,0.39535647551597025,0.4110160132450382,0.36395609582294375,0.4923031560396932,0.48225793158299013,0.37352693666531206,0.411203116899481,0.7271340266372676,0.589016829363936,0.6637797280197922,0.27392226552977883,0.6118386024221559,0.4949139718974499,0.5577710079121002,0.756587835366239,0.6854436062022565,0.8491211363204032,0.7538826795584747,0.5189040361870823,0.7569040829835931,0.8191237236018878,0.5013765512736996,0.6100808137571728
164,0.444157165336041,0.48598128294703924,0.6339204303866961,0.456545675389745,0.5928516785424336,0.6720129520477244,0.5816331152478793,0.3679652217467187,0.46810410940994773,0.6188532247674088,0.48632324331202803,0.436954959183917,0.3998680483879119,0.45817779014765736,0.2980989418753312,0.5463947943147875,0.49532737242881747,0.4163103815369467,0.44082667271086595,0.7459579679869708,0.6593451967036247,0.8279101106610165,0.36967104010495216,0.6681922339652582,0.5781394377705211,0.9239527981479352,0.7619318453752169,0.8438720381401894,0.8760219751400211,1.0403305770797677,0.5971779418825229,0.8062605736430165,0.7906785120089134,0.4631041695098017,0.6117067037772514
165,0.570658653299051,0.6222021367557502,0.6427471555179493,0.44535970718218065,0.7760261201133147,0.6346657656162347,0.5936960501555352,0.36201909799518395,0.5522339899188254,0.43566327026748836,0.3690427871838208,0.3664414979102493,0.4168231332767038,0.4713134104320215,0.3567635020337687,0.477206345505639,0.5146876026568556,0.37957528211659197,0.5423873739432796,0.7072465290076324,0.5979507890160989,0.6393025421216089,0.3489411970060991,0.5823606824864499,0.6417666023115439,0.8548219262584289,0.8367478935551047,0.6866449687031542,0.7719522902115883,0.9783410457383243,0.5767548266519211,0.7472700197003117,0.7064977498647429,0.6111814075882841,0.6118993120217727
166,0.5066498778914093,0.4642383629570589,0.5760061551710933,0.5056820840733598,0.7212921919218949,0.7270540522954878,0.49104798976456704,0.3860167044412661,0.6954325129868237,0.4978072300658962,0.3434235513296578,0.3924330285511819,0.4395196063642215,0.36937701426637115,0.2322279450256663,0.3875804986663949,0.4402129050776307,0.3382378134296814,0.5158030495176351,0.7033565302952502,0.5934301314875134,0.7669305548917547,0.29303022530050754,0.6854777932277616,0.4784961072654243,0.6839449684388637,0.7368656823667958,0.7506992818165547,0.7491500264735587,0.8555243243073675,0.546046930990045,1.0424119801949678,0.8639849552290914,0.5615540894819173,0.6931530523056756
167,0.5160016218762238,0.5307264147738463,0.66242058803576,0.42724144379438717,0.6159125922315803,0.6421907357617773,0.48317634902048523,0.37798127178526164,0.4667199658967722,0.6198736491185468,0.4134236605260957,0.5401037083046728,0.5093086784897429,0.4055257133532023,0.27093847829834916,0.530447763879788,0.49207569275593793,0.4694592930100114,0.5228684402530124,0.5939159318888119,0.5874230559226901,0.731454364302994,0.33841566251551625,0.5569751611344915,0.5100807344924838,0.6277298616469857,0.8700444885999219,0.6408047701862134,0.9766245632036418,0.7204922716330546,0.6563719827325365,0.9728953468586965,0.7409227264431304,0.5258842165230948,0.5037056527496098
168,0.4106317182366188,0.47172294167543616,0.5718919179791961,0.5810527061295736,0.6590117878192677,0.7002715946141338,0.5531998588284466,0.4353621045652343,0.5673479319967671,0.36130932218466427,0.48904995277099284,0.34901341215136517,0.44456022287835195,0.4249884357603245,0.2254246675805495,0.632952071317521,0.3647299672717973,0.5781582844857498,0.5492966075239182,0.7157697379656904,0.6319499483521873,0.7115123272548508,0.38119097452686274,0.7421097631392537,0.5346468937357485,0.620772433887858,0.7946905583583499,0.7559543936002471,0.8837771629589367,0.7726286051007543,0.6275301452622744,0.7878565244148004,0.8931105800075778,0.6171586581541006,0.7029546055244817
169,0.408837935167256,0.5074939338159141,0.6816426791964083,0.5350645122241655,0.6674302200951043,0.5860321797560176,0.5560722645176689,0.3335762849046988,0.40245662761076373,0.5900009880180292,0.47667065500646144,0.4310743163143932,0.41384922751341213,0.42038736916403746,0.37552356270854,0.5186617947042322,0.5035905339680694,0.3913363037079082,0.46475358691293844,0.9012546041475287,0.6527844680584716,0.7496142118370728,0.3241043294899565,0.7468905083324409,0.6183906616456036,0.8167340407512573,0.9427370908812177,0.6077323751114369,1.0380692998103052,0.9305437825497411,0.6542237912708554,0.8427911251190467,0.8547319528095678,0.5612626545093161,0.7992271320322967
170,0.3362470875845113,0.536236779170457,0.7030714067633012,0.5982959000172738,0.6834048245924126,0.7570830368288428,0.5985179809537482,0.34762892101615894,0.4223177936725282,0.5198023174154937,0.4898083348533967,0.4727824238455433,0.4467248202144922,0.4153683345385335,0.37738713202291124,0.4943937199639421,0.4409864851137444,0.3560807502866805,0.4299103143406891,0.79720294676226,0.6311111483183299,0.7286292206980702,0.42290961282809325,0.7305286649484544,0.5801390798359713,0.7058040149707046,0.7948793102034836,0.7016633838236306,0.6159509513760872,0.8290281744286321,0.6330336818614183,0.8367525249128039,0.9085929203129871,0.47886785573273855,0.6406783478972968
171,0.370776899873712,0.4967273436857357,0.7441995550535905,0.5598948637920194,0.5278865259660486,0.659435117284925,0.55229165135584,0.354541780783897,0.3510926964030162,0.4746324359013885,0.43565926743408795,0.4239157692789461,0.42634137141053546,0.42910712355476444,0.3436545326095711,0.5643249789198154,0.4715201571694611,0.3924821239824279,0.44883228773888617,0.7856337683151446,0.8324037163119937,0.8181861840020752,0.3561916600542624,0.5279025700369354,0.6578874053861805,0.7656751255134773,0.716190707821885,0.6027919708659906,0.6715139074520733,0.76145680774594,0.5903832463312229,0.7180660664141196,0.8805174943851564,0.420347216008641,0.4958970552664814
172,0.44651527089653353,0.47015584198064436,0.6871687126377276,0.5678825703710466,0.6890378712805256,0.6053230730704998,0.6180401490418584,0.42653107210443014,0.58002837922481,0.5186891724027062,0.425081123019984,0.526848447785996,0.41653352813307254,0.43229759861025485,0.4947677668485765,0.5663032207481584,0.5352615395211449,0.33683561765760683,0.4776073878210755,0.7739334734993075,0.7338216139028735,0.6702435252053508,0.36701300951674254,0.7198737059649403,0.6607994407116428,0.8622017827999318,0.7439138856838048,0.7204345658727505,0.8427301593715502,1.0005960492801333,0.5882460590645573,0.7228829114462572,0.8670349374635804,0.5824664137805542,0.728418631421734
173,0.5474675939081776,0.44500887438146475,0.7086925752280375,0.5281855500770727,0.6061339670074277,0.6997581688553949,0.5275121206265205,0.28853134177116546,0.337863335180191,0.6284324751419932,0.5230758351512468,0.4286017482563834,0.40415914840558653,0.48414826333207817,0.2582671973105932,0.6245907829414994,0.5728865379516942,0.3272488839341769,0.5049153144513783,0.5201798690068963,0.690463621057257,0.8341992997001312,0.3711110225404956,0.7389394379988516,0.5002310770270079,0.618545918479648,0.8309931899057901,0.7320346254755878,0.8457389594339892,0.9387669621525485,0.657586082637221,0.7785311986036653,1.0961620918629182,0.5352895424001531,0.7871016310492662
174,0.4680127067003473,0.45203951849233265,0.7045291092452324,0.4833761465516902,0.8622438827212368,0.6234849915441341,0.511160432905415,0.37338031699008595,0.5005440432525149,0.37709602096131295,0.4009924851917549,0.41003391696810604,0.5585447219525295,0.4626709875591546,0.3979215472538435,0.4734278413538352,0.5146034756570972,0.41657918937427707,0.5735014799062228,0.6218461768264323,0.6187059537582116,0.7311728896751015,0.38032812419059975,0.7061640685679523,0.6809497250330923,0.7115354997769006,0.8039442854688592,0.8513799915850067,0.8597298481003959,0.8271251086935947,0.49116404179785506,0.9131694598737198,0.9188401238435486,0.6161162106649196,0.8476372328961537
175,0.4052011037441231,0.5218155311585277,0.7229073091649908,0.3901252890953696,0.6485118290195818,0.6157472277363687,0.613065649931293,0.45774080780869664,0.6595763537778747,0.3473029571968065,0.4850885350010549,0.45017286073838675,0.46246496191593056,0.5339255235415881,0.3727958369909961,0.49374416536879984,0.5859570178723603,0.2985353682356081,0.589748387193617,0.689546619486326,0.6649876523248854,0.8172261874727628,0.403429888715089,0.6894631936888622,0.5429617553850741,0.896167121593511,0.6737600170504154,0.766019641619788,0.748377525302869,0.92977347840416,0.4766662905050837,0.7767650460313584,1.100136543298221,0.546915298666718,0.8169965762301439
176,0.37451399453688317,0.4583019617506926,0.6768184949015834,0.6029041994977226,0.6934076641377163,0.68465875695804,0.47631049951766286,0.26653848418213166,0.5071745333668001,0.5359288022903915,0.45039536306635847,0.44598806983491723,0.44258713348715417,0.4680878064868657,0.3741148104448606,0.4641034729246939,0.5974248783053606,0.3540794965750307,0.5291897335996016,0.5436084818322897,0.5341627813471831,0.7759968299195907,0.6040725559051845,0.6571238439004946,0.4987776186745738,0.595098024886245,0.5884304405215273,0.6025417827015167,0.719227817963592,0.7471730212038239,0.5821576477467025,0.7387938271436837,1.0216398688480817,0.5498357934046093,0.8446761088436163
177,0.4477137850589794,0.493101131521037,0.7633761997970513,0.6892717584090526,0.7354596223425904,0.5476762176998777,0.6158937005508662,0.5071452150176895,0.3839344508187974,0.4956040114195981,0.5558382282638026,0.40068434212453397,0.5836035861037951,0.3756085985325027,0.3748531557016339,0.7122928839098732,0.5047388682021625,0.2850493401398704,0.6256148359601492,0.6877276980461233,0.7676324161082377,0.8245164027764788,0.3974411206902338,0.5980133270357897,0.7253452105304175,0.7595024391161196,0.6896648563020442,0.5859476877597549,0.7638833303116829,0.9579483422901032,0.6428655476217551,0.7686605346567078,0.988676635745263,0.6340617029897732,0.7915060675448342
178,0.4823465992282552,0.4796843992442137,0.7226227127671907,0.5059919606991943,0.5739870183676486,0.4960235314642338,0.5320208767342389,0.36826092286998213,0.3822244996871457,0.41444674254454905,0.40915231891613,0.44961747653575385,0.403136553778202,0.39269735605704004,0.4011365303528647,0.6608602662842885,0.4732426399082176,0.25574252356474875,0.5721479633812536,0.6875776540228004,0.6974609879836307,0.6136248770862441,0.48069536883433195,0.5749026283681709,0.6150802252599301,0.7418412691513757,0.6323675075006241,0.750347004574257,0.6440494448930283,0.8626130346592402,0.6505895018890839,0.6987030496743374,0.8785980965481428,0.5840770944155771,0.8578169361445857
179,0.42941215831553414,0.46686173814559834,0.6511263370266872,0.47065077079271717,0.6194184954429793,0.49912744144912896,0.5689303212316246,0.46260178830338217,0.5173017209487815,0.47216982731466434,0.2940097177411549,0.4094046916596604,0.37578856490239954,0.3476044521154533,0.3796292597304364,0.4641941143757874,0.4754497095151914,0.3403078697690374,0.518978530525779,0.6219372237106664,0.5503822188514822,0.6805824101755239,0.43772113499072235,0.5836778217470939,0.4642238678360098,0.7404016580735112,0.6250898662191955,0.610171997162205,0.8680274311611725,0.7473623041922818,0.4737127755012742,0.6780298332608589,0.8141057787974804,0.5466750153313882,0.8200605796968928
180,0.4295380810537902,0.48402109991594877,0.7110761983506412,0.5750750234299363,0.5630753074272061,0.6053873762364617,0.5451139306286401,0.31654969521196963,0.4265839818778564,0.4318109994836512,0.41474164146187087,0.4058164899493972,0.3870101997914682,0.39970062417928137,0.4808950598501467,0.534656331630089,0.461936436717284,0.2152623784533286,0.4461032617760857,0.7430385465127648,0.7709935488001891,0.7572812352492895,0.4668096238941491,0.5843897010503438,0.3669453152474241,0.7911652970868566,0.7241817462323046,0.7310240496353888,0.5618084803969007,0.8608551433852774,0.5903262188705922,0.6783946070504411,1.013877174249246,0.46868687978388424,0.7963473001850552
181,0.5330201147663316,0.6616538880914277,0.8615730963596897,0.5841907791512682,0.7710837310325356,0.3836681518859996,0.6123743885441822,0.38423635388731603,0.42812170444514264,0.6746662795002896,0.5120186946539708,0.4918284507848443,0.47589709051745244,0.3222468504403109,0.49133399870747607,0.7943317749885178,0.5364718493016133,0.21645751092239118,0.6292661376095904,0.7210398165885497,0.5692155681764586,0.7406386710020241,0.26573765689633133,0.6928364212605538,0.5779766841081032,0.8144530760846805,0.7182893151318949,0.7191002936855055,0.6248023951087879,0.9065508790766617,0.6282152757982545,0.9015886576862713,0.8516620880985669,0.6411791199111879,0.8064933693047717
182,0.47618096128281506,0.45496420867747545,0.5494339867796596,0.5356154045692622,0.7454801013535142,0.4374750409475415,0.41672672564318664,0.3834061058795666,0.5222303102769167,0.59220472217412,0.3899310021067606,0.4639298118294892,0.47792497766827413,0.4146941042553488,0.37753979229722195,0.4895003192517423,0.47378013542702346,0.1964963124439553,0.44497143012879137,0.5113061470537316,0.616467806559189,0.785901635053674,0.49316415921544693,0.6960056546562411,0.5057106847734038,0.7268540704786844,0.7301263396638047,0.5900126135507324,0.7984399624307135,0.8273677763805447,0.5378461770793281,1.038522518016362,1.0675114779970842,0.570707282391162,0.7411389444236524
183,0.41586307507213,0.45168485597755104,0.6024915627447146,0.5098097229896091,0.7302356751444236,0.3702604925448552,0.6781779819152434,0.3526797003148989,0.46654439482591437,0.5010202988676544,0.3885986847463353,0.4195183264623219,0.5082737402949591,0.332808703254314,0.526220332407203,0.558201048277132,0.49305355039431753,0.1928602374799227,0.6640435237794284,0.6225656374429518,0.6300407035731139,0.5946212358343252,0.47332513518543967,0.5701483521323454,0.6085014542852831,0.6919306607561619,0.6099289220753586,0.6312047451644457,0.7044461238963828,0.7488213301930816,0.707896867841564,0.7112017132659464,0.9138922787624331,0.5734714478906884,0.8613408460595127
184,0.45636621560676416,0.45835710933891993,0.7082869601713602,0.4920947782933317,0.7268482398518125,0.6772593337573158,0.5567013185562484,0.16842192228435468,0.7376812450206162,0.5369081484128888,0.4661744027229926,0.4926947972658552,0.4559693813884341,0.4820040654342406,0.40836944742218206,0.6814853931711734,0.33210307333885963,0.21625959347305304,0.4665288113817116,0.5953777009329804,0.6353849766468442,0.6630504658498148,0.5370267841549647,0.7282781818787559,0.6213054897577873,0.8095632420904821,0.6247517273422514,0.6157412809260052,0.6895959823762284,0.9043702155023523,0.6365851883996212,0.8347133611080587,1.1748060298019545,0.5362440773690804,0.9000770334690171
185,0.4986113653598242,0.4761270912258835,0.6981735025927847,0.5175666244568738,0.6767234920412529,0.4671909951649499,0.42631107895865683,0.3274652125518749,0.4484205671362484,0.40301501685155894,0.5008117288872218,0.5488406654051957,0.4034596152641432,0.365428952989305,0.3353750470459875,0.5447378288005442,0.46773094979787677,0.09719224095622353,0.5267325910300699,0.5294344620676699,0.6625416833636445,0.8297146483289758,0.4245807190995361,0.5960145094339943,0.6359515270272693,0.5395664660219501,0.7415972984165939,0.41650398400023114,0.7667534790971517,0.7654462174439861,0.5691443908469509,0.7875743341372403,0.9009705690591568,0.4935745393899047,0.7663237827980831
186,0.4828102878035103,0.47501209139763434,0.6487927863958063,0.4808965470336219,0.6109726166936793,0.5679112617564532,0.5637962945965379,0.2590938393910414,0.5034233402363724,0.4006755070681043,0.3927498805442907,0.4788351821313519,0.4394763520400017,0.30415079433631353,0.45406256337739215,0.6985764352404744,0.43007952938736504,0.06799690898878796,0.43293652301184915,0.6292476785793828,0.576008774420707,0.7658328205047324,0.5268927864913765,0.5310736035610315,0.65248634815816,0.6637154117061759,0.78277870019005,0.6171628331292383,0.620505781865764,1.0189967782256564,0.46164285374515734,0.8746050661209498,1.0576876240487532,0.43081881520059473,0.9139268533112612
187,0.6525726034046124,0.5788159341198948,0.778186994720331,0.5764676411462931,0.6620457914891826,0.37945728171681997,0.639883060093789,0.3941643887419228,0.56843495615518,0.4188739841487402,0.5481354487802608,0.5330919672298952,0.5444983904211367,0.43299318402867343,0.38895120331242505,0.7627921671236708,0.5221740247508649,0.02955860228377346,0.7069256896457379,0.5849430359250055,0.6234247766439602,0.8374509183723304,0.5439239981413131,0.900890033118084,0.6238249712853361,0.780508164234533,0.9314333104453437,0.6313843826889058,0.9098074047722221,0.9437547927768162,0.6209835746226056,1.0124455620026853,0.9056597044473804,0.460999758498806,0.925906410425757
188,0.4256400934156137,0.5931144545663292,0.5836307912317598,0.4860602436448517,0.7220045572862217,0.4784580377105999,0.6464332005207452,0.3836346079063395,0.4902262502612018,0.4171733246587397,0.4995020013085852,0.453887480009457,0.5650724120547033,0.36498253719572066,0.40167119173377647,0.6101678835008688,0.388469222079201,0.06686066472821192,0.5321100317773189,0.803432512070468,0.5405356578248801,0.740003424176722,0.5503520704848758,0.7628602228113424,0.46912364745444773,0.7864838442989373,0.6924619917653385,0.6802421182008116,0.7536460860096117,0.7832711146386753,0.6084235761229417,1.001492298084992,0.9273838670932,0.5507976396383347,0.8759543983703808
189,0.5214883780834837,0.5678304813369314,0.716151314417576,0.5495958231010901,0.693830382564169,0.5248776443455008,0.6364234403896571,0.4292725903186373,0.5787389089189172,0.4103428327748597,0.4172695070956044,0.560085154540833,0.4491002183167407,0.36137652419841704,0.41790477279322963,0.585984926981487,0.5936389355165717,0.15543371929466382,0.4374271880555667,0.7543747756568053,0.5560389920753916,0.8949166811938886,0.5937802240608756,0.6050430136788834,0.4744747802328477,0.6841690255843529,0.8867053439433878,0.7572473876516075,0.9373150152932441,0.9524916069978346,0.5422083036705718,1.0197588380029619,0.9228755218700748,0.5305701484490022,0.9329601530482945
190,0.5880000172388532,0.6413525969417793,0.6027616227084811,0.4122425640895263,0.7460713925554121,0.428022276057563,0.6334843690352738,0.41878408601335865,0.6244729989619793,0.5413034493147466,0.4555840127322147,0.5699126435578841,0.4647661749796874,0.45341691495963693,0.4002570178818961,0.677973425470083,0.41299281394606524,0.12007034182722687,0.5741042910686596,0.7286572275559878,0.6125027473672967,0.6415866684179813,0.7419921216240343,0.8561934427313889,0.43949573347057996,0.7926173907689873,0.668025098091217,0.7846500970009053,0.8285474697467661,0.7997586815855594,0.5532237869305158,0.7945993082891618,1.1076339313969505,0.613656294056905,0.6609192848330434
191,0.42105936944994055,0.5237405649339011,0.49787210363365036,0.5226099017682475,0.48534629660952505,0.519356026191028,0.554890943592876,0.30477252879922534,0.5880579444629148,0.3896814162167268,0.3459133010430757,0.4584944520195815,0.42891591605920065,0.3718563869489331,0.4188459388975562,0.591214892411638,0.5487890622518428,0.10993755773559369,0.585317163454643,0.5952773133254348,0.6745883071806353,0.7176927589990371,0.7137950632493861,0.8280796750736685,0.4040806404311341,0.7703760173261595,0.8469542924392848,0.8558578333558832,0.9571475172990701,0.7154593088082262,0.5076589623325442,0.9434216966279949,1.2013647124921825,0.5434284688212105,0.823522882379079
192,0.5414554383058153,0.6304752901826987,0.6780990331543089,0.5186955510576529,0.6815332940619284,0.58444578180211,0.516225438679672,0.5359168327450868,0.5055637054100389,0.5471569540582895,0.4414205513132534,0.586629364339911,0.5881957037572023,0.298916256965506,0.3830064894164031,0.5517075363782072,0.5429450364012309,0.089299287466892,0.5337842984873851,0.8946677164037019,0.5122624576624727,0.6905659726901773,0.515413293296699,1.0450957125735425,0.4021121552774119,0.629957299505728,0.682317499062824,0.7112051503989032,1.0572066589000189,0.8453690445740942,0.45309585414847564,1.0196232463922446,1.0083664146846123,0.6297925158843661,0.7564861377512562
193,0.4331629193987161,0.5961541934978768,0.7561272478334935,0.5602027750665707,0.723479228603553,0.4979307387503398,0.5591497605796176,0.4097876593600971,0.4901905809027557,0.5835878597991828,0.4533286865884434,0.4486064125648428,0.447533441041493,0.3734773165395709,0.3832159481123202,0.687940541233659,0.6666135812759919,0.2401196599786803,0.4811742622175138,0.6659627555033374,0.5560385187680389,0.7661654607149473,0.7658879050509453,0.8376450578448205,0.47506014969181565,0.6058017210612453,0.8618288275512775,0.8674391738918691,0.8712911241379455,0.9855369954009563,0.6098906279106482,0.9890961796234516,1.0189003342229228,0.5947306966250767,0.9171448841941406
194,0.48836055098665637,0.6407836748479301,0.6630978241610725,0.5096324376134724,0.5397124276336334,0.4515343243663375,0.6111149083542442,0.4170754129193268,0.557460926988728,0.4432265355339798,0.3971304280525994,0.48797612194939394,0.47785414513487434,0.40832028830017847,0.40986123143472886,0.4690293598502917,0.479010953819044,0.37613811785198475,0.4576194840157667,0.8887022404831428,0.4673023355056565,0.5795190990527284,0.68045654754544,0.671531922638484,0.4082658291432729,0.8236490091181634,0.7285942088391064,0.7624731470914136,0.8322561897908429,1.071109821651834,0.5019887876420555,0.767388705696606,1.0008958569786248,0.6018131335005115,0.6867221111019322
195,0.5607122640709661,0.6370887463915798,0.6405699859322789,0.5737066455187367,0.6024591105049919,0.535338166878196,0.5835551329504325,0.29285864822114127,0.40679604363959065,0.623700719968147,0.4019077182554721,0.5090794341983172,0.36776168985129315,0.38515595934178165,0.39381760855712455,0.7075217371286397,0.46535661693792013,0.31903550438371975,0.46117743470307965,0.8319475954874455,0.3793365726692535,0.8214513610144869,0.6467044686081638,0.6815340818756775,0.4884785990699203,0.8576673433082211,0.5739270603646699,0.696172752589024,0.8682936354224575,1.0571077929486228,0.437627332916361,0.9434176306566395,1.1239585839923414,0.507522213568438,0.7939453446482296
196,0.4189112967644687,0.7108614622051568,0.7385197750766885,0.5653300830905807,0.5870653270112764,0.3814913395209719,0.5996873454714005,0.3187637322526229,0.5458515188086914,0.45406903266462806,0.45092515382439136,0.4151014108422704,0.4968460741904005,0.396236322657741,0.4373983564004203,0.5904298615091628,0.5033612588935704,0.23125337879072821,0.5774396949778398,0.82771072819098,0.47980864993641986,0.7557490005884239,0.6739897308292937,0.813554034692953,0.47962182026390876,0.7529429972199543,0.6937972897104653,0.8454652511483062,1.0080340779471895,1.0793965460135209,0.5302883801369093,0.8289994952173128,1.1199073394358556,0.5545306237682384,0.854073333615424
197,0.43633590566274005,0.5967082536060652,0.6433700197504821,0.5776109497138939,0.6355583969858744,0.4321860580465502,0.5744693538817841,0.4098504417889274,0.5100515434894418,0.6633427749404823,0.4476789086752089,0.37778422778712606,0.4907493917490478,0.2510119472234385,0.5357935999595577,0.6051989664510323,0.4930365759735419,0.30672644666900983,0.4750224385700391,0.730148700485451,0.46039992754781134,0.7294770676990213,0.7346982978015011,0.8729904948999345,0.6048370566081834,0.9174431908323356,0.7888720443924362,0.7452241419976524,0.692434846030093,0.9777143906258252,0.5095294646655588,0.93360421715698,0.959774730639779,0.4732764208155147,0.9444656713532258
198,0.514925679957018,0.6501690957587424,0.8345607627278782,0.7135807062874577,0.6376280942959979,0.4859560184146301,0.5148963865626712,0.26538088728532583,0.44134704995593477,0.5154937967881141,0.5455094075679823,0.4166467960482859,0.5014924801978708,0.42929134447933115,0.33345531695139385,0.6692648441858526,0.5944842796668278,0.37251380207054074,0.47167963129684504,0.6848777054881638,0.7596920309026347,0.7000016486025701,0.5066031075064193,0.849511846972463,0.72855023541221,0.7130172392217278,0.7297367316463033,0.7115681494831998,0.966168494891203,0.8909325419602416,0.7303280866987647,0.809766774259778,0.9508985430883575,0.5510284402522471,0.9355316468029473
199,0.4545323390234331,0.6972774737854444,0.7265039133314153,0.5852829726683263,0.819581397824827,0.3366199190419714,0.5534718268999118,0.3474562459411041,0.4892888185740097,0.44561144274199205,0.4733305227721101,0.48553361465973865,0.5053269668137611,0.38275670259176164,0.43267393250015074,0.6538144693769512,0.4283696557383023,0.4120140831258975,0.4380720810139336,0.5687099419208277,0.6155430864595066,0.6415932020794048,0.6854598609071876,0.8185251428836741,0.6306763364229604,0.7681137667629077,0.6378966784407291,0.8195753458664723,0.8963704741468537,0.9366058747779011,0.5476038871114632,0.7357218352232104,0.9854318767237361,0.551491205768688,0.883575393711599
200,0.4639906386522604,0.8013600515881407,0.6850254249370269,0.6389347849411839,0.7515806499077436,0.4157861881493122,0.6621097285168611,0.40859761254353805,0.5926517893559489,0.6034267448320727,0.4415146988303785,0.4708120163390836,0.5178835504857074,0.3979958034248071,0.47525378853929834,0.7452787590700144,0.6278179121341798,0.3329441896195943,0.41754330825227615,0.88448251531251,0.5508490602406118,0.6509190229247694,0.8267099923332859,0.8560609991215409,0.5014167907153766,0.7936893929518123,0.776259108292254,0.7140536601314892,0.8833067864946399,1.083075795141124,0.4771944762059638,0.9590577974273694,0.9969170863874259,0.6323162320382394,0.8762102385809848
201,0.5158623918454863,0.5744039527681583,0.6219286756044284,0.484818139796676,0.7173548136217448,0.34415932688091366,0.5211146887501601,0.5000173512529665,0.4521576073764965,0.6069089224710473,0.47858495537854073,0.5194355181779964,0.454570778109173,0.31289216902613604,0.3974163353886926,0.5210182089692961,0.5690145213569455,0.23679880915029025,0.5560872662300755,0.6155204690363878,0.48196431133001433,0.6242588810171836,0.5728360646236186,0.7677412650481333,0.5215402524130506,0.7166124709261285,0.6955589630861174,0.8644851450205608,0.8910490524228603,0.9182310241188114,0.4847761941370656,0.9535798885426012,1.065886686261742,0.5303468763591244,1.0968965095840897
202,0.4613348641244445,0.49452519355126445,0.5269338432723114,0.5303412900713812,0.5405429950774603,0.34656015568294984,0.5403384016800148,0.4197087832142019,0.3756538607020764,0.573255236308599,0.4290237610325335,0.5525659308384863,0.4600850257270702,0.39271883899498355,0.4165060102682431,0.5762287206001501,0.49943385747832003,0.29099251324168385,0.4913433178630003,0.5773141600466865,0.4919895544823074,0.754020750115998,0.6338248391716242,0.8669246456535618,0.47361728587219215,0.7252703951860797,0.8930458246573656,0.6655809607451804,0.9424429054072638,0.8364686517095097,0.44006626649111447,0.9880949650749256,0.9332659741683269,0.5576966685534648,0.8328841771778304
203,0.5138443895659243,0.6208600862082889,0.5007865181761447,0.6125537948404464,0.5640697274145136,0.3239366866247535,0.5153929182556505,0.42302799938154884,0.549596032923752,0.63734684308241,0.4676389311942307,0.5799353593246241,0.50318087980624,0.46854171419908,0.4121559359400879,0.6166121628728285,0.6015491565332107,0.2441965901803052,0.5802751959852723,0.5400199213360128,0.47623854117357056,0.7654713329213516,0.7273617992698495,0.8119199119998738,0.6311392693714121,0.7596128902843915,0.8068672423337334,0.7716413600231152,0.919736839676006,1.1119438842495852,0.4807415905242084,1.1401993387947937,1.1331548091129582,0.6038249958229104,0.9538456930582853
204,0.29943744557474117,0.6456081407683867,0.6607163182301499,0.5539795997841048,0.6527570857924078,0.4573183495941594,0.6072166167898121,0.48923938275402135,0.5239142099241176,0.43584436652209513,0.4864038154487089,0.3247686298198552,0.5576430724228756,0.39073469049787174,0.30995704349973235,0.6406918370624184,0.44650835483628254,0.26861960727763634,0.5020796259229896,0.553624572748779,0.6385523265177552,0.6207250210807307,0.6978096984594797,0.8699077201221337,0.6439254989438421,0.6962661720502875,0.7197107105732038,0.767921997965405,0.9154238531252387,0.9824783244562317,0.5662728726585997,0.8196132744229667,1.1728351697897228,0.5557977591912587,0.7168183716764165
205,0.4701661829680282,0.7147291014571985,0.6546274591871059,0.5347123406381895,0.510842085572546,0.379690130725281,0.5952584295365795,0.5162379378541426,0.40994288916044547,0.48473078861996244,0.48691197318543245,0.4750620729322874,0.3811600848871138,0.36068710453730424,0.4584320933282152,0.6001138883205588,0.5548695825608988,0.18053078791931226,0.5035828386981647,0.46566545342764587,0.4955966726358679,0.5650918220245749,0.636998635879807,0.7819650118362542,0.582190944643703,0.7114516194497078,0.6078906858563599,0.7354010216399639,0.8266020011798936,1.009630960396793,0.51206666932589,0.8795609513000158,0.9281541565433022,0.5583398840050978,0.8840446280692963
206,0.3550172952739935,0.5863948720383166,0.7195210809096368,0.650425954820186,0.5800155884482281,0.45322657619042095,0.548852124376952,0.3819968944249414,0.49369378644463835,0.6732383799332138,0.49739495560579017,0.5373272349210537,0.47384947974774594,0.36946294500289734,0.3497082903148553,0.6432871704424583,0.516664155719353,0.314018171372277,0.5570589180405572,0.5728805008527909,0.5165391655631677,0.6910708809760819,0.7790775836763684,0.7957974887859873,0.6241039453298551,0.659243789336746,0.8139713936485787,0.9226498875613285,0.9008927968338638,0.9210746528977101,0.4945467685332282,1.0772323752042534,1.1431718412346121,0.6191682003898136,0.6949802140244771
207,0.39514835886502353,0.6008592305345328,0.5967091471590391,0.50196604780782,0.6890253551530622,0.4317594826565429,0.5354750695401537,0.34815308703514525,0.5373523464499115,0.6112647085222085,0.43149121793530987,0.4774663849140625,0.5098527935711816,0.26224104351025634,0.330652526910055,0.646853939504317,0.5297112039046062,0.273281194030538,0.47549436117108035,0.6103924470357487,0.4673770485724699,0.5733384930944398,0.639575895474527,0.806444317273576,0.6232365695465869,0.7266170805981054,0.865694478172131,0.7417757355873802,0.9334256979906179,0.7912559018140479,0.497943390171906,0.8167458148693847,0.8710245854361405,0.5853561921600183,0.9509239829448319
208,0.39746918346000215,0.6898080012807767,0.568149629085519,0.6147384741755553,0.7131126995474248,0.5304699231115271,0.46468847348887815,0.5380177599785273,0.5263231061944511,0.5717297861589237,0.4540563090960617,0.4871178430365737,0.4890410589803037,0.5092266515701805,0.33410585502719015,0.6392101176829308,0.535008564606438,0.3945213225706459,0.5234174363005355,0.44681371267508446,0.5680505322772569,0.6639260176265394,0.9542874319132411,0.7991395377667121,0.606950668047701,0.6870889367375452,0.7775636348021675,1.0332334260668952,0.7142362419361961,1.0156740394913637,0.5293542003685243,0.9517762042470121,1.0888711444785617,0.5339328837777538,0.7828657553495333
209,0.3719331999641289,0.8236753412208786,0.7303205639683661,0.6190642375617792,0.6666690746641271,0.6123749316170608,0.5871784301516393,0.5115544430437555,0.6355278771518724,0.47509961180393917,0.4795643356524935,0.3110187330152524,0.5746418046180012,0.4680529513948956,0.38675390870427484,0.629346523275335,0.453141190479211,0.5093732051158506,0.6680788397294026,0.691660905021527,0.6210249804192259,0.8116587137759423,0.9428718761290642,0.8772873172622186,0.8011399397309025,0.925671935251715,0.86416059645733,0.8518676631579838,1.0675700944198492,0.9964850385555573,0.4964561502343743,0.8364378785064459,1.1911103282879054,0.6872584354933895,1.0126065018401347
210,0.36334458312618334,0.6394631285005697,0.803395505947921,0.666894968797218,0.7795733981851257,0.462648601711829,0.5781141924324465,0.5479789251760256,0.5097718258627497,0.6342843921086281,0.45063857384929723,0.5452711536496114,0.4854061978251798,0.40504097820426554,0.2686640904016838,0.6991927283590381,0.620361598982669,0.3543498329068465,0.5469410965339754,0.5825543909541937,0.5081790048896035,0.8068414666721275,0.678764797663652,0.8200091152391933,0.6900110953297369,0.6614467635607696,0.8611480890764369,0.7528216415561122,0.8256166782290275,0.8160545906391716,0.4985412640285656,0.8340776769973892,0.9243537019333403,0.7216003185157391,0.7548882918298633
211,0.5284656300949784,0.7151404526818078,0.5902005800651435,0.5291868995361668,0.7808294307940914,0.4688553211056551,0.6082114472188385,0.3797281452663924,0.5207666604711967,0.5451448622053645,0.4339703902974958,0.4393525140733455,0.5190067353582825,0.32021439196091106,0.21416050895490496,0.6068125690056736,0.6479291477420512,0.3254774310470743,0.6252680225750842,0.6162222068752621,0.45050135458564167,0.8952762182813656,0.6389062128725714,0.8857350863956551,0.6384090352447875,0.7881554670529572,1.0436319782623646,0.7163002917611577,0.7992785770919771,0.814609034420518,0.43205688528215425,1.064206998711294,1.0430740298164136,0.5823208027258383,0.8972887160323931
212,0.41365362631454505,0.6566875346828255,0.6912308660282223,0.5727884019980739,0.8416722146042772,0.3939235548891744,0.5503314258716981,0.3507693724506255,0.525802958457853,0.5778689868154241,0.3998218337438699,0.4283605431125235,0.4517662139093369,0.42302547781441324,0.36080775904652285,0.6118243208309155,0.5431668350488216,0.39945618046029496,0.6148440143964522,0.5890320563976719,0.48024993472858324,0.6702500457927876,0.5657272465685357,0.7262060871031127,0.7610952555878312,0.6617951359536836,0.9710812517508155,0.8405875491882219,0.7119224543778222,0.8169256785490796,0.5254561606416501,1.229088018514487,1.000186532134287,0.5159579817037939,0.8189531870315707
213,0.3761794652028246,0.720313424039104,0.6302289145785138,0.5223131964346999,0.6872634612095756,0.49879102388272784,0.5216235491993784,0.45521805201579735,0.5391018241531818,0.644610556678636,0.3749207118290225,0.3130937849582437,0.5052873055708216,0.30493796877726526,0.4039796590674987,0.582089241739855,0.4977880091294592,0.4939085245667826,0.6348631855228989,0.6532021853207512,0.47570714152114324,0.5518145704264648,0.6757752124842431,0.8924759059289065,0.5689255679109768,0.7241283098329119,0.8976084453241688,0.8660758199315672,0.9741291534180605,1.1257098520285065,0.5652918648920636,0.8932152154968546,1.0104041707907163,0.6147887800533026,0.7895697966111573
214,0.4555406391867005,0.6897949166607087,0.6668594979799813,0.4717809606405564,0.5737251331843363,0.627678356590492,0.5844329302585163,0.39553732766238026,0.5288740742184546,0.6037425773171847,0.45830181331813885,0.37131957645544245,0.38334880522845705,0.4484063938447705,0.4178096040786916,0.6234462904958686,0.5721461837322799,0.5389474223438592,0.4263398394938716,0.44882980467985856,0.42817075221095613,0.5688614909410323,0.6172286582057844,0.691971312367155,0.5278782384474988,0.6198107114847833,1.0165441199393754,0.9984842737529274,0.6665023490393317,0.8702939745950331,0.5166181384076711,0.909693398993745,1.2474559826382994,0.5484110868592573,0.8705391214586785
215,0.4353796638076567,0.8072790238854709,0.7032582160854314,0.5458164057855055,0.5843002705411694,0.41409404040429176,0.45004985494242145,0.4426505602241333,0.4088050124628989,0.613194804070297,0.3595251590603171,0.535468075747678,0.4774119168740611,0.290140263781051,0.5212688398406288,0.6229518595253474,0.6632620700494771,0.4554561440084274,0.5483558803288485,0.6358738455890189,0.4902861863043506,0.6540630157484257,0.5607813789751905,0.8629072054022897,0.6222125116481683,0.8097535937452174,0.9094472112051287,0.8339710767180273,0.7934579908915331,0.9419803635600773,0.4803544648749314,1.0969057604029306,0.9920832232515695,0.5529996785736293,0.9222355731327356
216,0.4177237648618282,0.5569929233544225,0.7114874901411569,0.5470520423295006,0.6473737954492004,0.5966099937296311,0.549615797106789,0.3760285910590292,0.5123235112047402,0.5616591277871229,0.4216472595113239,0.3600536660344916,0.5224452121822287,0.37760833439048813,0.4001082882686605,0.5860666172381688,0.42972079358831206,0.5043990057240907,0.5103167402985,0.522572237974036,0.5339730595404482,0.6001784674807888,0.6690458754745081,0.746850657228276,0.7422131915039905,0.6936263841592218,0.7276267813825011,1.0352320779772717,0.6737420790249583,0.8101589079769131,0.6198778390717539,0.9750422683445882,1.2048203306216974,0.47244188801355214,0.7881049390659287
217,0.30881282245291175,0.6788736713801338,0.8074367465361579,0.6595418565951103,0.7314814266262304,0.633801197740608,0.39007878311823996,0.5030980611730771,0.4875811281557614,0.5815340214104792,0.5568803760813988,0.4054235640671686,0.41064757850693157,0.3176657302605313,0.35854533070246786,0.6435694847427289,0.5493578958021155,0.34240677005438125,0.48119099659049147,0.6061136767471376,0.616044160726629,0.5345434965460822,0.492902592369798,0.8271503395619144,0.7247583782881983,0.8317145022581437,0.8960990843682941,0.8087521125824337,0.8869101855984123,0.8987045760896109,0.6667398231041087,0.7005905589368893,1.041745422838705,0.7027657403812676,0.6314986027529526
218,0.3514516360526423,0.7319792623456588,0.6587774332554732,0.5766077824948164,0.6751109061268068,0.6370283575598076,0.4762874850847685,0.41108635449864134,0.6161667009378482,0.5545572551865041,0.3509032465971825,0.45121896409006484,0.4500599439675132,0.39779920656043377,0.40398083873193125,0.6669570247787873,0.6207223850393466,0.42003638744136357,0.5720729497786969,0.6384180550096725,0.4517421154202048,0.6123953396797963,0.6601781375826252,0.7737817314881579,0.6762142811277346,0.9606831747332678,0.9257093215236333,0.8766027515221883,0.7479829046756998,0.9976548530427752,0.43379845978031156,0.8025596907177195,1.067850054498807,0.5484218751600078,0.7312095943881337
219,0.30528514716519606,0.5694102286601319,0.6829262257724666,0.5463644665740583,0.5375167354344814,0.5019689355946051,0.5904513424008513,0.46771663994513646,0.6392007714024845,0.5485646489815627,0.5045539414189166,0.437588353300119,0.5233650196233386,0.353713560556706,0.4220314351027725,0.5662750139591521,0.6547191148305298,0.4231609092157309,0.641759560595921,0.6300356832113303,0.531180621119392,0.7678586640592829,0.6511404788660237,0.8586121193641494,0.6419594390333293,0.6404782376134934,0.834000272415639,0.7993116730234283,0.7151178297582268,0.680163474198649,0.5275359349159646,0.8713151025123692,0.9966707396071017,0.525401478879867,0.6802810555690428
220,0.4039604164861598,0.631858258432082,0.6582665606048641,0.49213247915607605,0.764972436790216,0.5262639696178226,0.5795239999714725,0.5193053091255618,0.6282816865837259,0.4300278329485765,0.39354275532208716,0.3314245496908034,0.4526551733443726,0.37406637598822523,0.5494206627299061,0.7437975279686588,0.5572787906114791,0.533196487162269,0.5542277187639006,0.6873862045965026,0.7141624263997652,0.5806911943911968,0.5843230800383618,0.7468819477022024,0.8083862490700942,0.6724258855962812,0.7821901515355076,0.8465773198493594,0.7581547961983489,0.8980687264577405,0.617478743316424,0.7295749132829172,0.9984820327150619,0.6654598531060116,0.7043461329104121
221,0.30757409596424584,0.7287631725721994,0.6689975436154384,0.578428052371708,0.6824510771439456,0.589581582072148,0.5859252253931038,0.47097628762031113,0.5553670992221371,0.5336176387874696,0.42891253732052637,0.41071955491588347,0.5435634735643214,0.4272131197011316,0.419201660470934,0.643048958234799,0.5113499982419818,0.5008013174710367,0.5498675026603838,0.7462286251482629,0.5822504350019639,0.5185176094244874,0.6551357267257791,0.8709070841555402,0.5650523711272473,0.7724978464666288,0.7804206245953071,0.8622939122597774,0.7016495748413734,0.9967560106981478,0.6172211386462968,0.6709823609515997,1.1925164927147538,0.6186308900016024,0.661047181590162
222,0.37577503417356206,0.5496971135557196,0.6666797950902097,0.6201068301991489,0.5332544534806924,0.6338752596497055,0.5755249679964368,0.47926934420055156,0.5563025414113324,0.6087717514317186,0.4348362204682059,0.39783277922459204,0.42964305351298665,0.5200400806056138,0.4438464426251918,0.7295483075838671,0.702106229305195,0.4272843068427624,0.35131671477139037,0.6305310294992368,0.6161345871111293,0.6337278814731607,0.6864456822494995,0.9719019772866229,0.6634837819457902,0.7686122405787061,0.8602467754586137,0.8833613016621573,0.7040531418424234,1.0005804288240325,0.6674045761013333,0.8494709869424453,0.9549889118883481,0.6124742665551806,0.7419140054826293
223,0.38624308149960257,0.6427655945870611,0.6659229217661987,0.5612859379177076,0.5715360566455812,0.5559911517870467,0.47883558867278103,0.5541709804053421,0.6458109004910707,0.6312115794157824,0.37384753205785126,0.38034348510916405,0.4650185922308199,0.45205600069474905,0.29765479152610475,0.7755284221863206,0.5966080616373786,0.549176517766466,0.6213092456300718,0.6326264555511376,0.6048981604669322,0.7795189683922136,0.7668533225749021,0.9182738926151104,0.6997031804027081,0.8192405341544597,0.7877458041136087,0.8095296626699485,0.7175054424971574,0.9724956874874203,0.5972139280229429,0.9708662140425542,1.133205054369224,0.6808905817430734,0.7572266173102831
224,0.3539974062934699,0.5342399239147504,0.5698727417978068,0.5658460751101468,0.6812896885376964,0.6312730246842597,0.5831708593754055,0.6294123043180563,0.449405968411918,0.41316663540650167,0.4426208280097339,0.3326302557655838,0.5078909676648197,0.40264668780381,0.4516925492528156,0.5903507013821022,0.5367922239694474,0.38939506399329193,0.5974080936958506,0.6306848851752381,0.5502687039639861,0.6226937233327781,0.5752892721431171,0.877780542794143,0.6503329574946908,0.7851472161447348,0.8692299248764939,0.8511227039734813,0.8230283152382636,0.8889707496815372,0.6707409614114117,0.9046293110479555,0.9706408593361879,0.5624748360402594,0.6966866104796872
225,0.4183565368653078,0.6801466053404768,0.6900356711499367,0.5813075035236785,0.6488319594933967,0.5897688022607692,0.5227579729531411,0.5787614270212462,0.5519080235337845,0.7165919179234828,0.5084461182202057,0.41228645811109965,0.53679158106789,0.452212319759608,0.40743067066441263,0.6447969207017463,0.5196320806364205,0.6106383664056474,0.6073301078259271,0.5507630624940492,0.5984111030148855,0.7172110474276729,0.6434186059148692,0.8037017674925455,0.7567835603814929,0.6823549526782839,0.9612194024077322,0.8079774261494734,0.8140708355353883,0.7702975270115966,0.5654233133612139,0.8469000944020961,1.0171356301289542,0.5313843580307572,0.623449982230339
226,0.44742278089229937,0.6859733765815335,0.6219307991409759,0.6071660203770252,0.6698120182263949,0.5337682148130583,0.560277557815177,0.570493956635081,0.5056445665623601,0.5398958036875425,0.4455932488898523,0.3894786162880822,0.4634063981195865,0.32436215640706956,0.49583999184541927,0.5792892968293764,0.6206597471897355,0.5917762486465982,0.5247961491668813,0.6436771740487525,0.5338559177438735,0.7276867334407062,0.5918193484688072,0.7993691375566978,0.8423197942397748,0.7097448855032973,0.9758425757594824,0.7858421201699948,0.6514888584037308,0.9575149801754818,0.5281880005941034,0.8838313017590518,0.9382904551517598,0.6871289117312414,0.6870064012719639
227,0.495337678882279,0.8378163132180984,0.6415392185483755,0.6062792193466702,0.6099188099329547,0.5519542225601912,0.6013687113439822,0.5512505791550277,0.5679552761028052,0.530212969016601,0.35343827598346006,0.31340636216393414,0.5283491878347184,0.30036093544409714,0.5936514540009704,0.6935403108509919,0.4945446776752465,0.4960557134901462,0.5039955500205411,0.7121033554086182,0.48175969446663414,0.67986024170707,0.7006771920293855,0.8107854386073602,0.7877697971783245,0.9131984092986969,0.7883927509443909,0.7758831934614717,0.6892753922890158,1.1331082818896014,0.6750945373624404,0.7764310159384389,0.943530541951177,0.6392930997893801,0.8566567943330865
228,0.46246956582491017,0.6125374993554449,0.6669304273342553,0.5243674694579744,0.5417446344513523,0.6091758596145359,0.5195988032497743,0.5200532860336273,0.534042124812058,0.5802186677224156,0.41388732776517845,0.4940149670574588,0.4766934071983875,0.43100951814146593,0.3454092935207903,0.7515857092887108,0.6664309552060692,0.4941113053211672,0.5713573540932135,0.6093889493663202,0.5823943817401853,0.5929918767627349,0.7535651862610389,0.7218287665324487,0.7398110222100784,0.7627875498958601,0.9065151618529654,1.009980565853896,0.6731058793435626,0.9229245427357415,0.5470916831493075,0.8187095851697122,1.0374647400232453,0.5987271657801762,0.5872848771596544
229,0.29440632262757005,0.6964223363760494,0.7086789176679985,0.5545435266755041,0.6238099856427066,0.5908230899742438,0.48087731094350344,0.4855301640530087,0.5059787931300808,0.4982182155195026,0.3490868261724958,0.35940356056672307,0.43364506565120603,0.4790880875883098,0.344285720356305,0.6899977524815091,0.5267996679594538,0.46150633033238614,0.5310314183925635,0.5257242905258481,0.5421944605978739,0.5558751970344262,0.5255835801892436,0.8296062111496344,0.7646936186471032,0.7650930242676314,0.8252985622381424,0.8757356465278527,0.6908497362125211,0.8644311924629782,0.44568618661866904,0.7715836445903197,1.016508281070184,0.6646977918585024,0.7231786211463105
230,0.3410310300770639,0.7181340827748844,0.7364501420907,0.5101513142764379,0.44657504393957853,0.6347089147674585,0.5223124152832803,0.44884817060737225,0.565843258253097,0.6600701527348796,0.46203297861165765,0.40193023311739484,0.47500814358504395,0.3035076942061812,0.44520681772518494,0.7528046335864362,0.6765966074023859,0.6776188635034894,0.5441747693647371,0.5744108126479125,0.6763988202543362,0.6142343534287404,0.7354300068249817,0.6786439885819644,0.716776935397579,0.6573713968061772,0.9246900605471136,0.9213218872910613,0.6272595963154735,0.8881989388374167,0.6513033624690885,0.9000941419466562,1.1728786161100262,0.5342059521272812,0.7133684131425169
231,0.40791953981561835,0.7817667100356684,0.6849684531346054,0.49275455752177577,0.5746721058239064,0.6386818798017978,0.42910644702442835,0.5421197047629657,0.5605774602364286,0.563157500880971,0.36088820369910246,0.30567828003169784,0.43102328478251534,0.4812840213262203,0.4196080368814422,0.5719350113699269,0.5204827400873171,0.5927922541759465,0.5939790126168408,0.7078646694351296,0.6429513270972678,0.5946677104874285,0.7441503495594954,0.8266492499597019,0.5695790206643061,0.6907232395426053,0.8004650875052086,0.8412953268234509,0.7265134509405219,0.9397316129525208,0.5324914151307446,0.9481778799526551,1.001413750742315,0.581870477364677,0.6305999821259183
232,0.3476795452663758,0.8214658019590728,0.7842751727142798,0.5412718512354874,0.5409223389805851,0.6025061901747564,0.7193063770739352,0.5731741246960129,0.45149274479402157,0.506817585764965,0.4199834133969864,0.4458658832218584,0.5309329165430908,0.4025458610195929,0.5053542235749092,0.7235429166005449,0.5031992176432205,0.4798257529716917,0.46520377093543347,0.4397767525596587,0.6636926397412815,0.5978996613794652,0.6711612927789213,0.8768152550263228,0.7586288054170338,0.8268973362210397,0.7949825077087291,0.8925872654651663,0.6387185366161047,1.1425174529106075,0.6638705314570221,0.9428221748534413,0.862893990496794,0.5943166251941236,0.9388236575238849
233,0.3278612811587724,0.7565693645362798,0.6931440656348418,0.5965103591512804,0.5125818803503411,0.5505022603023112,0.5694791380958866,0.49624910635096714,0.6028706710853848,0.5168766170973578,0.45300034731555383,0.3125672351839723,0.5295106106240489,0.44287265623519595,0.4896817015740238,0.6896924872106931,0.6001423982767751,0.5668532831727203,0.5461876562325925,0.3984148141855374,0.6091945870176431,0.6869737786897231,0.768442888254852,0.7338808395528621,0.5967371667688841,0.803504563158121,0.6958572031734693,0.8960600075577605,0.7233956638711412,1.0070162839431829,0.6492179237741447,0.8674450518515068,1.0394706409429202,0.572068818491301,0.8293317779602565
234,0.3530568319314777,0.7579182883856468,0.669546216905319,0.6120405446290695,0.6171406944925918,0.5088507618759286,0.5027122165216527,0.5830125342295804,0.4259615764804806,0.41449610742364856,0.46533825181103283,0.28667096668853054,0.4467582610590181,0.3640128419631003,0.4140957552967339,0.7089808030401461,0.6166094648414245,0.44447241669965565,0.4762596709496548,0.37435251084643545,0.6543136570126457,0.6584456414298541,0.5166330335759687,0.6638515547159155,0.7681918887261371,0.6486749630414426,0.9405157351992499,0.7879079791988859,0.792886047402984,0.9293144274463656,0.6158848427660567,0.8252546299490919,0.9292422856801317,0.45965678434679275,0.825316100606283
235,0.4679503365737211,0.578316090908223,0.6669997365981517,0.4944633437047765,0.6654753560821826,0.5456879151894259,0.4984032333468964,0.6013096933897312,0.42265413102239346,0.5997031901387668,0.3737911813819681,0.4556235922216584,0.4361120085292931,0.3378306046415369,0.4324342171397774,0.5242551824179268,0.5949341938287837,0.5429632225839615,0.44019631453229313,0.46076799433180665,0.6955935634461903,0.6422973259897339,0.819970290551219,0.9144997442430172,0.549522187978011,0.7122299003400057,0.9272471873465322,0.9486558435477765,0.8302940046446212,0.7666473864993675,0.5558724093696448,0.931485524947104,0.9889151189660256,0.6887326496192685,0.8153024464977197
236,0.47859292716178004,0.6135272043921656,0.611800027253089,0.48508375822997285,0.5275494542729791,0.6871233443741595,0.6031964934996964,0.46763829664186063,0.5877349673559094,0.4522952632168359,0.24033617440945765,0.41947282260177404,0.41850886479710225,0.39988788012111265,0.41367246868609453,0.5090498787248172,0.5329490954665409,0.6695881690457959,0.43975759233596756,0.5178406245276281,0.6705926858931099,0.614292760898709,0.897583674463154,0.760513162363988,0.506779417287264,0.802120858444811,0.8270693493484804,1.0355749009442707,0.6713104830016856,0.9671552449204798,0.577477892981671,0.8825519092640408,1.2834016816011138,0.4420698468090073,0.8305158332136975
237,0.4091564610077113,0.5948345930772218,0.6602646777956962,0.5789986818879719,0.4926980742230628,0.4559537252267788,0.6653754596657492,0.49925407781401965,0.46295046861600786,0.6333920391084681,0.5215368035507215,0.5676679791888168,0.3710526579230894,0.5070347416898594,0.4477148119353159,0.7821682995235826,0.7124130826741836,0.6961991135867471,0.541182527915699,0.49093917774480134,0.5547954342508601,0.7969092633604571,0.8554741953504541,0.687877713594627,0.6649814086772357,0.7881458512642473,1.0814150370439366,0.9027451202771726,0.6113025651809603,0.8068918320570788,0.5589676993535226,1.2267769918609126,0.9487181648876034,0.44385869316599913,0.6684771147354511
238,0.557184504183871,0.7962575862797627,0.7233937638439123,0.5199851804669614,0.7367640972227165,0.6973351780009742,0.5554045508370391,0.552713382810088,0.39916791162737686,0.622329416078604,0.3624384621770337,0.44991420280906824,0.4645491609189589,0.3921009998286933,0.5416034045444462,0.7343196832899301,0.5814307578935922,0.5824009661155884,0.5204236882690643,0.47976505962998706,0.5842024083510133,0.7890967057470815,0.6809232450905114,0.7106915639979561,0.8605198575977369,0.7096996057822863,1.0216140363812534,0.9937508090853716,0.692218685518855,0.9437050722295897,0.6392272336676244,1.0039195918722246,0.9783715896940126,0.44606196635331485,0.7680406922270986
239,0.48976050247379294,0.7410117901705331,0.6800546709054951,0.6231845672050205,0.6114930567594938,0.6544926792406927,0.6387463166324514,0.5745994464076396,0.5631887328940992,0.6958358199493636,0.46693758772722227,0.5100427917950711,0.39668397685480794,0.37111473383706134,0.505609289163139,0.69101588744986,0.6678786546918809,0.6290934368475963,0.3863766078150174,0.5996550333262508,0.5545334133403975,0.7414311115555136,0.9218443666282796,0.6800971133109588,0.7386304378084436,0.7139439285647063,1.0072469173795655,0.9081692306803341,0.7355979103057387,0.9892642543942771,0.6859868368103902,1.177985428045064,1.168750192092499,0.42980697745169516,0.8456559255194216
240,0.4546237644467075,0.7159444825788158,0.8077538513684832,0.5831731673024694,0.6749877884318315,0.6805265768947796,0.6455703909241385,0.5540830037493011,0.4039724193824546,0.5391917008844673,0.4631488745928594,0.4618540164758613,0.5290558681779861,0.3383489687778279,0.36211717030336127,0.7165096000347699,0.644470778725934,0.4723549357135357,0.5276082234557464,0.6526725291658562,0.5847349331129775,0.6286299263871067,0.567936577921672,0.819535596482629,0.6491247155565039,0.7899169475013482,0.8652544113410753,0.814770431611084,0.8080940298433055,0.9731575318505714,0.6012761247367103,0.8116199961012172,0.9580134453182342,0.4307692283268652,0.8158560254360349
241,0.35864673820998727,0.6707262206169566,0.7514627889903305,0.6152675809525733,0.5616495768433497,0.7155452874637123,0.6391784493078075,0.4829711234095578,0.2798350897373431,0.574724992603256,0.4501542552440566,0.3900714342092896,0.45685016431515335,0.40145812617449994,0.39756808948057876,0.7457823899258347,0.6094101676026742,0.6794789602692569,0.3600696305446913,0.502057216099788,0.6221470143608703,0.7231934753433521,0.7350854374451765,0.633822865702402,0.7189416781585362,0.6697775856219343,0.9962281347501044,0.857926953412107,0.7042078993663191,0.9531684474859374,0.6752071374009884,1.0042874482415485,1.0201710508376514,0.5338949459425216,0.8920061095622334
242,0.3721709956236268,0.712622470444283,0.7180689639003028,0.5669782998131039,0.7200567156605344,0.48602167367660265,0.5988848465276628,0.4819323275984075,0.46995068165878556,0.5182493220052042,0.504119142736287,0.49061217566873694,0.45555490564740153,0.3528135705458709,0.3968040958499664,0.7893963224586793,0.522432467541286,0.5710272128844296,0.577053491683015,0.6745243294750007,0.42432461344172384,0.7245316461496167,0.7451673577364557,0.8045791707888215,0.7660556552938733,0.8695539312361178,0.9151164048251441,0.8465623340422775,0.8402799770103133,0.9018529831816177,0.7253127280230456,0.8526536578040668,0.9139653761925561,0.5495661765671254,0.7696676633814203
243,0.4673667773560695,0.7969182475445327,0.8429792771864928,0.6478485264507401,0.6509836448807762,0.5618120807557705,0.5590082179612197,0.4371734610143751,0.5615173851068205,0.5602984917434342,0.47537338341792973,0.40188462663465785,0.4260910078072447,0.3604600237069753,0.4216441671841219,0.8271410552735212,0.5975122432291677,0.5656165622913618,0.4270989548336422,0.6114214815189724,0.570879418418277,0.6486093446535821,0.6127149377303274,0.7980282989433231,0.9538785662197551,0.6852028706096893,0.8902487384966754,0.8920068634188053,0.7427970627085199,0.869928026681495,0.691583199187741,0.7283679612888859,0.9803253786321237,0.5687707844571863,0.7628603570880512
244,0.47226147426990095,0.8035041005734853,0.6638217238849957,0.6015569305758321,0.5713579061751758,0.6223930450626298,0.626587893104406,0.41620838789346076,0.5713293408032021,0.5488722072796934,0.3961535386389694,0.4008481180508624,0.4810211252248128,0.4150608926440269,0.5320042467838024,0.7046362818083083,0.49700658694964717,0.6138035838892708,0.49826615064600566,0.6817041289684524,0.5242130137343821,0.6449856708363013,0.6700697165330152,0.7410162520367704,0.827985838233032,0.8982480218946003,0.7443627273513884,1.0200389925163076,0.7630028438292765,0.9881155034549224,0.5158897195736867,0.761742359227087,1.022247414696131,0.404426687640608,0.9344885720114421
245,0.410077245803922,0.43184415404219323,0.7126141591460616,0.5809027491126801,0.6232601996176438,0.5894117499038345,0.4026270708072227,0.5682165008004864,0.4640875795355008,0.34635943885567266,0.3921401619163501,0.42663140638848995,0.4091261093966561,0.33629785629336995,0.37189937540652906,0.7004221111704397,0.49019235453245935,0.4483698475369453,0.38752091883733625,0.48795037547269765,0.4778567506010348,0.6497568713161435,0.5912970157424091,0.7332698324400293,0.8564124272506879,0.6484331630826323,0.7740033728975756,0.7731111114003515,0.8235035046641705,0.8181049384663195,0.6198914390042243,0.754494906292074,1.0972018150675462,0.4689288361890982,0.8724050787161202
246,0.42599639842572323,0.6601187281015302,0.6142651519201042,0.5360607802082697,0.8688199771618315,0.5864202749239186,0.5501262028791819,0.4407769621428206,0.5278920577399178,0.5361840116682891,0.46372494729701946,0.4054087629622697,0.5049255108211026,0.38674282174748187,0.4877914150650995,0.6791223460853144,0.6147565238611172,0.5843127172279108,0.5173832797151567,0.44042776880540585,0.6386756272299738,0.5459548916743266,0.7241161361250885,0.7923185879761909,0.860788893605708,0.7531043100917005,0.6767236517116431,0.9127842676532649,0.8546475387400798,0.8792705768158638,0.6022369291296427,0.9386521947940206,0.9812153840241047,0.5579591790253928,0.8085968173107954
247,0.48199294137290294,0.801605548244166,0.7992460309091153,0.65935852932772,0.6721540226127491,0.659104726752604,0.571752408175415,0.46987344255817126,0.45521476133531746,0.49293302561046215,0.4724556658435091,0.46327326011843123,0.5301730412635774,0.40324574453867845,0.5245013868828609,0.6243330978681341,0.4898144091078397,0.6250592655019167,0.5383943607183708,0.508471776893552,0.6979791022038941,0.7191152262279497,0.6347981117501422,0.8087039133855676,1.129817588288605,0.7494383935202358,0.8539108487007813,1.0669753161840663,0.7516456083578062,1.0100476759039774,0.704916008925041,0.9550581225970993,1.048496527027042,0.5198430568838962,0.8260491893833892
248,0.4682773039226186,0.7453345585775393,0.6032640537959921,0.4384999289903836,0.7367186794368599,0.6692750789352484,0.5547560785821182,0.4711693529753237,0.6555888443518034,0.5021439296288261,0.33375664240143305,0.46563811289606344,0.4322676474883784,0.5014217036553619,0.5200883983338165,0.6017428506604838,0.6605078053912881,0.4846586902287088,0.49601341140473376,0.6833332466274811,0.7238749251217342,0.6479617730841449,0.6242903751198495,0.8030531318175094,0.9024037769499098,0.6221804855328871,1.0255364617757294,1.0101422965412954,0.8863671087211124,0.9821045193265612,0.6566927783481742,1.0128072993371662,1.1093937967100556,0.578147336601792,0.7973040647654668
249,0.4045723758281746,0.7374745844929894,0.6146313423187044,0.5240151128763214,0.536753799464325,0.6150876384236497,0.5964876913440138,0.4860240353971238,0.5253829486243922,0.5765594301197099,0.4691218396878553,0.46687668292222306,0.41018300022755716,0.3384857154941444,0.5531872842127679,0.613468306607001,0.6587304760850742,0.5597312153915928,0.43673498965321084,0.43156736893357495,0.6104471539740324,0.6211854872051199,0.48928158696364177,0.8361411887522959,0.8897673521494924,0.9690192216111934,0.9454441680639627,0.9248204744544064,0.7131572622138538,0.9629424040444239,0.6021234960009749,0.9530558686784403,0.9984608573142812,0.4669829919529454,0.8599849432144699
250,0.41686064133864514,0.5510255126224917,0.543149874307655,0.4806407398333301,0.6261531452772118,0.6099931450859748,0.5518759068862173,0.4617967985066906,0.45039710372997366,0.5521843856675002,0.4062617925082571,0.4264249667292646,0.36795673115683497,0.42613609481305037,0.3275401670952548,0.6057070673459163,0.6053007640097776,0.5154401688215897,0.28838030857976893,0.5485076427251943,0.5268509106172177,0.5690683179651933,0.7552447049385047,0.7123385624578884,0.7070034905052968,0.696111288843994,0.9435314667123152,0.942351150857557,0.6694736317586714,0.7780765182536808,0.5354960516683469,0.6473815214213423,1.0024284994219272,0.4960498760065145,0.7483860169929495
251,0.6037670475994024,0.6372009235645741,0.6525825107385586,0.5508073013791037,0.7896466674350862,0.6271910212853589,0.5494341288693458,0.6209213224790422,0.4892051702901737,0.4756337196958234,0.4486323352792111,0.5238294044433107,0.47771963532013206,0.3449590060391494,0.491823742437266,0.6911188332669951,0.5375456294417557,0.5895193315329107,0.60382373660877,0.41012400463682985,0.5586485657313589,0.7500657794359348,0.5292125388152844,0.880279561540876,0.949570739270601,0.6651103671677987,1.0381837452244669,0.9782393977918891,0.783532729778782,0.8772737190189848,0.7225634001639958,0.9467046547908842,1.1534412124763807,0.6713955400822342,0.808184914879433
252,0.42236903744280074,0.5498914062061114,0.7280009416863042,0.46206562574285204,0.7263687860200159,0.5743815581226153,0.5213496512073199,0.6366503039880136,0.48991012904868375,0.5073914917349771,0.4464407285399536,0.3841344572604656,0.45857383167942134,0.45853953288168925,0.35830711314347147,0.5229226377010795,0.6442250452802998,0.6256572456410856,0.5321460568969212,0.6797056084703876,0.631429091706744,0.5635359858241121,0.7783740288093917,0.9316228448336197,0.9401660430382213,0.7961484143353117,0.8792408696246216,0.8638635489829709,0.7613826884297579,0.8678409615002252,0.6657881977887218,0.7823760245091808,1.1492157849941722,0.6662629620474605,0.6992197359723127
253,0.4988063655970659,0.6042255396553524,0.594731857361825,0.6006067598019221,0.6888001182988415,0.7078127379994046,0.5932565786499167,0.4658212281440841,0.485264761748488,0.5277263128674782,0.43732637891132875,0.497770605851337,0.5066447914993325,0.43398166603643945,0.4210296491308193,0.6397846843377585,0.7013257359589783,0.5110972481942055,0.46932813888737923,0.46311389416600185,0.5857712474591974,0.7082805837140403,0.5669608135548542,0.7869273057256939,0.8092964232973576,0.714073562786895,0.8579027893650837,1.022213401999304,0.7934340261952298,0.8897077411862563,0.5820792726678674,0.9856216009748062,1.150847369817054,0.6198864234382264,0.6839301157444493
254,0.5219698972271624,0.7242506749996396,0.6269196303043123,0.5650561324286081,0.5450269563945438,0.4784051179967175,0.7001258612771459,0.473934897640626,0.43095280448150247,0.5879382307295025,0.5306173289465973,0.48558229664475205,0.4249184972141665,0.3471419513510834,0.451702128835064,0.6204479886950585,0.6827323579504109,0.4545822043573148,0.37842042164865797,0.6543041816601776,0.6937486078229911,0.7004671812474572,0.4311609223697118,0.6266562036385546,0.8873019744789802,0.8456909264861666,0.8419226187608395,0.7406324240976991,0.4462149153100367,1.0519510345026135,0.6447552019275535,0.8823010063826426,0.9099801544684751,0.4416090764773125,0.7338824247016131
255,0.48813234852928794,0.559702026530996,0.6675299311175122,0.6810311206834464,0.8626657504882664,0.556331134687756,0.4523850023914785,0.4982156466422547,0.5047049905802734,0.5135875585691567,0.5344647608596406,0.4545896356135411,0.48485587366955557,0.4319077856577532,0.36845305961339503,0.6995305293069157,0.6045926624437692,0.5727146024569388,0.5984291276439028,0.484902906811391,0.7176181424653647,0.6665356021377893,0.4774461772614332,0.8273244563095757,1.0398513273516692,0.6940034156840752,0.7493061596662847,0.7370972571849098,0.6069727335331079,0.8524144705319194,0.7167792408356413,0.988443339446809,0.95744964306056,0.5460668973217813,0.5925441732105035
256,0.5721422369062754,0.5918047287729562,0.7974329220025598,0.5314740827049119,0.6468843139234732,0.5612402678613456,0.5617734407782499,0.5592936340576564,0.36726401895559757,0.48395013281774374,0.5048598163799171,0.4296493730422566,0.5429774218131228,0.34727013465558154,0.36720626955592617,0.7291015282236384,0.5410306934137128,0.5165723427191962,0.580423889769543,0.5367717545143577,0.6823496752652086,0.5373779435662331,0.5080994660769375,0.822726188597086,0.9016700768141133,0.7293134344736307,0.7322469147469459,0.9033197755788307,0.635843352593404,0.917401116167117,0.620346326889839,0.9752822812813604,1.1709620721974503,0.6284773503170682,0.7667260561882279
257,0.49713808582616725,0.6966354159613608,0.5925037148393889,0.6059529588721575,0.626082422418153,0.607334865809498,0.6665654995433313,0.5103589442178866,0.34482609352158167,0.6100305879592401,0.3980936309478883,0.496891041715328,0.3742443603064921,0.3591773282988862,0.39311498481804497,0.6070324814137712,0.6659048469811655,0.397628715484727,0.41430636992430614,0.6774433367074278,0.6795177508329219,0.6901984988689799,0.503588283763096,0.8741146719858626,0.9536589988167016,0.8504124854280086,0.8870557077641846,0.7877853892566342,0.7675524906096786,1.1170989794416823,0.5397893716879001,1.1091170224150464,0.8927136129778166,0.69223992292838,0.8044760218488041
258,0.46092324703306453,0.6078569581626705,0.6969974038132869,0.5090558987847937,0.6930232876160209,0.6253132466582831,0.5951600800957872,0.4871044242173214,0.3783443878525625,0.4549502017943131,0.4842888660880783,0.4382975279023762,0.4828116279493074,0.3243643405920086,0.3640674343243029,0.6896069155360612,0.5155811277642274,0.4481539190165894,0.5904818330789962,0.6789641485044606,0.676590608579293,0.5921851975297271,0.5044335830080422,0.7494267093226537,0.8891652582546177,0.6171240445643102,0.5895579277249694,0.7050757470766509,0.6589491017502473,0.9290982342084795,0.5555924547757483,0.9170187725627668,0.8677564276287684,0.6034099013313474,0.6094487602584848
259,0.5452498689179912,0.6458276550493759,0.7457520327504771,0.5289510540510107,0.6812443576975507,0.610987920790504,0.5614192376265137,0.5423362966771798,0.43578691679072445,0.6068011677647982,0.43576826723104467,0.4904541602485142,0.4751032651126462,0.47686420101412647,0.2973156893505334,0.660351263145262,0.5706762008736921,0.7046277502965291,0.6058408274794366,0.5910084771854376,0.7150913703123544,0.5757508818808604,0.6242521278314588,0.8803052701311951,0.7424929569204127,0.7250164358971352,0.850588460915086,0.9647413769096631,0.8140225373341604,0.9490711639691434,0.5872171064475786,1.034444642829579,1.014448319747673,0.598089168384169,0.5476345290578265
260,0.40576238417660626,0.6371582599249362,0.5304146990173289,0.4048734748833441,0.6526174586761093,0.6109039020149409,0.57503160311038,0.5366752571780831,0.4570470155353703,0.4122395093900098,0.3823506341003442,0.34171916783245226,0.418973818771878,0.39921880623143857,0.3816804821779957,0.6608202346314728,0.6446812264993198,0.558246169437465,0.48596123541754843,0.666945572762751,0.6169895128106387,0.6633910234132512,0.6083011304639441,0.7650741461044535,0.5844168974153849,0.6870544220538646,0.6654941613228544,0.9451275376297757,0.6857822174282333,0.9819563530205582,0.5348717476417741,0.9395335729716401,0.8387583699233387,0.6674658780655086,0.7216262828230873
261,0.6152010755329347,0.5799298741996848,0.6176979650272727,0.5524656179180711,0.7487350621330706,0.5978433487853847,0.4307603113352976,0.6449671885748756,0.4844461738455898,0.5130191976384666,0.5178349463311602,0.5183340087887965,0.49691975757382906,0.454702027489028,0.3458147820745381,0.7021387624482425,0.7651187627008886,0.5945130480402676,0.5543540245918235,0.6943179522002043,0.6941640206801785,0.7067338804472264,0.5892457413844052,0.8341981075324525,0.8736364326833388,0.6730523941494374,0.6466367762205368,0.9620695907293237,0.8146389232257762,0.9955053064088369,0.6828838144916851,1.0580477538151083,1.0555828538010747,0.6115122958415797,0.7413572822926016
262,0.6015004209882826,0.756917941112018,0.671724014959787,0.5642556165703584,0.6757326611603665,0.420250564552645,0.5019835698457382,0.43662738017712893,0.5269619806336019,0.6868599971458756,0.47481721410727157,0.4539490384020373,0.4313655995835931,0.3653532082530072,0.4444573459365271,0.74141634039623,0.7068582308825708,0.5449616659362206,0.6443183063785085,0.7817370234527048,0.6613776683835864,0.6817296914284283,0.6301867084438627,0.7383126703283971,0.8808790908372957,0.7545753869037803,0.7938345620016937,0.8193847993931479,0.708987508793409,0.8356539466382344,0.647465301551969,1.0381210095863707,0.998393831911599,0.5460559268305071,0.7751816158432795
263,0.5162956513311051,0.6516936574646417,0.5972638081846967,0.5686149469172187,0.5401246386622645,0.5174776172818852,0.6170477850799576,0.6000395533100961,0.4347939674619455,0.5254854925004455,0.43076955811690376,0.4071412093696949,0.4816901319135781,0.4440900662619994,0.5066159697611354,0.5224971819094595,0.734617817252543,0.6153332286670681,0.49607707460285555,0.6370184927270061,0.6066948996694521,0.680853727927452,0.5324185525618157,0.8546745029706991,0.8237696159064272,0.6931566329820897,0.839098097847555,0.7601443760721625,0.7158850523582638,1.0553717798714068,0.5214112902511235,0.9012415489167419,1.1436105850905616,0.5268266653267295,0.818638918423638
264,0.5000558971403833,0.5743347098518884,0.6624382287452448,0.5110321082313176,0.7718209056771288,0.7106653748530787,0.42353783128552724,0.5883675386250693,0.5267820550967801,0.6333623556390954,0.47267132010970137,0.350474092636665,0.4882812414350158,0.45181790770439295,0.37938205577734657,0.6422031678143367,0.637714500381359,0.5064220550986273,0.506529199666028,0.6030469902360652,0.6686115272669042,0.6361994647498598,0.7418595766142713,0.8433584502138007,0.9922163421495661,0.5974468818609917,0.5179786996339726,0.9391935518522148,0.7760072453651552,0.8875294198485224,0.6524295092855209,0.9626535717881686,1.0651766823099473,0.7118596164143718,0.8647661259200239
265,0.5399283742603506,0.7214861348283083,0.6850436360326639,0.5096543899404407,0.7007301587875978,0.5070277084880621,0.6712196503212401,0.641566200863132,0.41310743221998475,0.5513907193918293,0.43519497418670716,0.4998397203564292,0.5120058091763497,0.39305676961567465,0.45921368941170426,0.5638072528985996,0.6486887051339182,0.67234619918064,0.5945259011413763,0.6703270998549964,0.7082070618180061,0.534586414936878,0.7588085796646374,0.828422495081873,0.9050074696785335,0.6857457957113418,0.7055219655992757,0.8912331164733973,0.7376881109719735,0.9229763232131136,0.5595625469895525,0.8283277896252876,1.0093329290370194,0.5308675135151231,0.9804695592058522
266,0.6184264867161094,0.7054798909219893,0.586230079012536,0.5791807760179009,0.8347180332683315,0.4891382841708118,0.5242773091652968,0.44265925825887725,0.4990839741764436,0.5222023209700638,0.5141363435910523,0.4504630469160392,0.5564890533386062,0.4989144209040427,0.5004373316674209,0.7347972960630553,0.7202353967367277,0.5723546457001631,0.5120333445693173,0.5836711946540234,0.6345268550466835,0.6487240057512701,0.872528831272523,0.7507435986705058,0.9016584457315727,0.7895707128611142,0.5114937757023937,0.9543216078231471,0.8427946499881472,0.9961858461294961,0.5841049103582281,1.0774739379220772,1.0632830659111745,0.6491174487966366,0.9209715336127716
267,0.550857769119474,0.5829461828547563,0.7597456564831845,0.6905024588317421,0.5037817148957606,0.5623429086094909,0.5502980964668958,0.5622284310083443,0.6414086342446231,0.5514213519861456,0.4670252234864233,0.5386413550641179,0.43151371564571583,0.4406302297436895,0.38362291555896066,0.6321286430077094,0.741486697248402,0.6084788271554243,0.5291393797215329,0.5430524791059511,0.5353974036569729,0.7023209349885742,0.8265558831888276,0.7326148366857114,1.0422033425971962,0.778581094091011,0.6163839062300315,0.9912820910450177,0.5350456371104614,0.7903092191829888,0.5953205766590028,0.9476695927929726,0.8234920460416488,0.547737661119011,0.8898925566574453
268,0.6113237328105133,0.6671143371128314,0.5655870878213727,0.42015775707700204,0.6983544330978914,0.544183083946495,0.5907368890130094,0.5723747730722898,0.5070976496226136,0.6287669410359593,0.41616222710094863,0.43304157396802906,0.5091492210602417,0.47575890211600186,0.43364577084973344,0.6577337652709699,0.6531836212069144,0.6456162030489423,0.5603946204972988,0.7386169303304737,0.612642573631326,0.560238689556283,0.8326709130303855,0.8088883588865874,0.8292287052481545,0.7127965484659782,0.6380745686704885,0.9260228486010017,0.8022673560971985,0.837385441131104,0.4506976062319011,0.9606169354680782,1.0888010231038052,0.5972762933876234,0.9219716238472758
269,0.5843135701105575,0.8626752233430003,0.7635921300542194,0.592806758848861,0.6776689719631206,0.5556326829394905,0.5353952697274267,0.6011691441456768,0.40231708834579794,0.5532902545378525,0.50193433177019,0.5198818412265883,0.49991922479623907,0.41472560982078877,0.5599457657995799,0.6713327979620513,0.6680222907337,0.6575332559001668,0.5397441119667132,0.87597854561947,0.7216063872952578,0.5973173905141682,0.6404783506027472,0.8098890880307947,0.7803510177573245,0.7763134053018286,0.6596684882143572,0.9714849204164573,0.7148087918112955,1.038763046760707,0.5514636250142424,0.9100676376087931,0.9832944878928971,0.5868449995491086,0.8958443993719225
270,0.5240286153733699,0.8390115909190328,0.6651825492690563,0.534911605908603,0.6939663374102933,0.6358551947723798,0.6152801844045509,0.607933930013449,0.5607972313549991,0.5910289929481246,0.44778416221982986,0.4316079407037555,0.5969186725827158,0.48764572540582185,0.43700305664373046,0.47048071816438836,0.6380932166365044,0.4741404179183355,0.6155672964905932,0.5562662784202823,0.6713358710103463,0.68217330506783,0.6244924899481544,0.7843864173892585,0.9029232849525497,0.6534817861026061,0.5097287126750255,0.8662411579033267,0.6800233327300509,0.9483239981822609,0.4672343262356473,0.9723774863969818,0.7847880317449265,0.5869810978282963,0.8489805744200187
271,0.52799304195102,0.6729917045978326,0.7034303326730911,0.5661006984871138,0.7303396231775601,0.49591197863060654,0.5522701024593972,0.4933783865049443,0.4743760146188466,0.5185168604773673,0.42541246348150785,0.41640570565640767,0.48923755839990857,0.45300256425023133,0.530305419769667,0.5748055167041967,0.609112589798528,0.5493932633630414,0.4732601296506118,0.7457620995574902,0.5624768655959717,0.5068958968260044,0.6887453445716947,0.7488254359861344,0.9078257139185248,0.786015972950653,0.5342921763096813,0.8579212858649159,0.6068363493277901,0.995734137399939,0.574935237931458,0.6556958914863593,0.9381961571854818,0.5211730464466409,0.8474087073342337
272,0.45134526878741216,0.7632910800870332,0.6774687767290613,0.5027912937400674,0.7310788838176354,0.48658506508573746,0.49138745292776703,0.6507778262001789,0.5696238988739049,0.5074832860348859,0.521136241799395,0.44031258093978176,0.471287420360715,0.45037377693323233,0.5013437407623094,0.5612658757739712,0.6577621016755155,0.6094903071015391,0.5054890602999818,0.6929368800983227,0.7032061456696117,0.5964258168804568,0.696949226350573,0.7837587684687124,0.8064850705124238,0.7851619830604972,0.48869578185090073,1.0712818683434646,0.868435765120271,0.8415615665589127,0.6999198637521947,0.854224613901058,0.979346332886837,0.6861200144812778,1.0945482797264319
273,0.6056603502036941,0.4630661112893807,0.7270005281408654,0.6824394851139599,0.501687325883681,0.5938205018008729,0.44253432707249396,0.5704603712933427,0.4885051218142692,0.6292329949367447,0.5594194814550071,0.4400297018687394,0.4886884597814745,0.46861751258132844,0.372391431944218,0.6978558898844945,0.685946593256654,0.6132601994418259,0.44417373485419986,0.42655755814850216,0.7241880303739026,0.579375030091034,0.7494762279427084,0.7003846906196258,1.04919238264923,0.6116528210334731,0.6551880534042213,1.1624243135540755,0.7398538370489447,0.8223146014417413,0.6874719844780148,0.8580817815885897,1.119019358869321,0.5792176037011314,0.9485840891255536
274,0.5459457971881658,0.6493066041713622,0.6803345679382736,0.5911187321172889,0.5328592410051332,0.6067743504782508,0.461434376127266,0.5821660207094809,0.5699647711037623,0.5716096576228115,0.44450383553042916,0.4908785770212042,0.42220634490813913,0.5013758644342764,0.417265859001027,0.5722143537127538,0.6810265680776633,0.5745702433993802,0.5066774945662071,0.6360756273537881,0.61933002431555,0.6025515057555626,0.8020694545481165,0.7531007565861251,0.9962300789746928,0.6936290104868927,0.8185767010798763,1.122211003204271,0.7949929028861029,0.9016301073940467,0.4306085011246212,0.8486340128096508,1.053940073398958,0.6473199865576071,1.033252734967549
275,0.5266925147249828,0.7870399156025123,0.6569825449232187,0.6575698977162217,0.7413730501433393,0.5782743503544888,0.5565807113999506,0.5229385053967643,0.5455820126185316,0.528413935156677,0.5087969293372601,0.5841853686598628,0.4905439728358909,0.4455584559041929,0.45081381316462943,0.5557502286793589,0.7238743674964587,0.655293381392614,0.5377784025429846,0.54348261533368,0.7277491093513113,0.8661224556515265,0.7985278100613931,0.8383539155235091,1.0144617209303,0.8245565613910018,0.8421514657579161,0.9571171405902079,0.7570760922088358,0.9497090068599846,0.5744680554828214,0.9888713471829922,0.9437588889402319,0.6027407768501623,1.0778833916442747
276,0.5011277888700469,0.674468144645598,0.633851721129425,0.41857858019683936,0.6512493612546715,0.5406556822739901,0.5993498883702246,0.3655403648065195,0.6183757260400496,0.5387585580415181,0.4205097441775487,0.4299221515448767,0.4081984037113623,0.3509812870371133,0.519251086212976,0.4361777791588208,0.6499576372499065,0.6017591902639552,0.5182605547484769,0.5927523450066634,0.785264846305997,0.6571727522976534,0.5958009830471315,0.7822775366837362,0.9093734368962345,0.7098353027605633,0.7108763312138973,0.8533642134103309,0.8932737856780214,0.9045510838340743,0.5729513462346367,0.8344018864399559,0.8322108054022171,0.564155229654312,1.0103037940335957
277,0.5205428302226848,0.8178525648182027,0.5989011530869667,0.49315333958786384,0.5926362347790831,0.5406308779053033,0.650501320410426,0.5046916014825011,0.483673188128263,0.5379444454436146,0.4003216396844806,0.31230282572585055,0.4562266582467287,0.4693922422109852,0.49821124226519353,0.5964783513849494,0.605764361694195,0.63707390559241,0.4622672965550402,0.6631632568859581,0.7078860569693699,0.6473416053708564,0.6304500417139525,0.8860434243067522,0.9053992301237215,0.7659703543121317,0.7738447821124499,1.1369989876941555,0.8620184119130784,0.9163396581799199,0.5685792399662233,0.887644003124257,0.9584677249121945,0.5555342454589521,0.9268687268051747
278,0.4974190038223708,0.7003475439396711,0.5448414316421482,0.6095812759630421,0.7613195155120747,0.3496024952553272,0.6766356615818137,0.5075500656740508,0.5246120870151152,0.5860826850266156,0.419571970813823,0.44814097914873763,0.5074304367493747,0.3952053188176593,0.5235558357094939,0.5769644363314563,0.5789513759573451,0.5741796304190676,0.544958153491563,0.7312713377420306,0.6335303111965582,0.7168733855825975,0.6448555547014161,0.7122896143029934,0.8095871752826493,0.7547716397611706,0.7767759672659105,0.6358343028669783,0.8088481932085798,0.9836318891392329,0.6195181342785648,0.9321289794362294,1.0087930900523219,0.5943840789754959,1.1115706611923073
279,0.4879783480379256,0.6477074229291165,0.6189844330576671,0.4603043414440451,0.7415634693171615,0.4425909195999085,0.6153035070149984,0.5545279443846455,0.4516023493125202,0.5076887647548214,0.451902668748366,0.33736385165212723,0.41686542684710093,0.4029348421366369,0.5148183077871884,0.5429719523843453,0.6319276568209435,0.5153728347710516,0.4148567117288159,0.7183145342476277,0.6114733358362492,0.5768408914061227,0.6432555355370191,0.6415675935667895,1.0190004972150803,0.7154934909353683,0.9376441559334815,0.7721620246371245,0.6817883533967026,0.8355931772099326,0.7219228438241475,0.8729694446882497,0.8921060007632033,0.6145437450084987,0.9143583564534125
280,0.49224568443210936,0.8624238119709504,0.4792940763697016,0.46787864327618667,0.6048260553458331,0.3809005569527637,0.6393859247660025,0.5553419611436068,0.44127730687366096,0.4432156106265277,0.3281355711880561,0.35607684896596553,0.41889424731922176,0.3730121254626805,0.4222260187177122,0.6811036593515243,0.6022389458327977,0.5517280361867601,0.46753000831083513,0.6387159446825038,0.6531523525522868,0.6337028274344327,0.5928909441770349,0.735509301075153,0.88387716008406,0.8972265095351895,0.8473184942968814,0.8880909509646598,0.8002559512869329,0.8656018871547695,0.485183704715654,0.99983871816711,0.8892671956008033,0.559116254869098,0.9765746505394178
281,0.4691651722827553,0.7162806193383827,0.825149657341647,0.5637229903708498,0.7371130982139025,0.5910075765942278,0.6454975786608035,0.5608487053223103,0.569364841358539,0.4308087628829649,0.5032890714709258,0.3643522079852405,0.547142297379713,0.49199477974839406,0.40700384051531724,0.7477547639781169,0.5347752545129112,0.6467668417333661,0.5707689770141708,0.5792232835380624,0.7444397273553169,0.5530154408511541,0.6265049017732568,0.7940404857659904,0.9594839681381487,0.8342506882285934,0.7071203516807101,0.9290434445188862,0.7741392784770215,0.827154705820671,0.6425386070346594,0.7783176125360398,1.0584717435512379,0.5877560844379011,0.9404074377512535
282,0.583936135178144,0.8548425081520405,0.7515184773429409,0.5940679833016644,0.5984205356671687,0.6619514796637542,0.6827087703171387,0.42229854908876485,0.5726655727456835,0.6834206492377752,0.5086139830584232,0.49960082015168755,0.35508826167025276,0.46849013818514773,0.47330615499888773,0.6410127579109918,0.6422780065191538,0.611772536409727,0.44297725448690733,0.6513414173213955,0.7358357376396885,0.7339338870314175,0.6453148659801107,0.660296249985907,0.9570238916154252,0.7589643493301974,0.7526701245505435,0.9813535573993181,0.6253767387211955,1.1249331940649836,0.5629255434737866,0.9362545757117124,1.0382609482034972,0.5500016221019286,0.9996063345539319
283,0.5412629489670732,0.6295497306510982,0.6815774693775822,0.5402670966164268,0.669929672402441,0.4219517116064927,0.4414495113833961,0.536992516228701,0.5630095053090272,0.5045935470676797,0.45624375608957246,0.38719748241775354,0.3837306523903309,0.4218146681136556,0.32280897636834777,0.7311493424290518,0.6166140078476939,0.5460407568311179,0.4874261877032986,0.5050413939582078,0.6493075790789605,0.6104919500482748,0.6470225767148844,0.7268704296222491,0.7540989603501846,0.7687928613526672,0.7472602375530084,0.9850796250003325,0.7818325972276087,0.7711801547770871,0.5889682397015411,0.8058780402627845,1.1140986298383058,0.6208044551182874,0.8603898010656033
284,0.6671073886963264,0.6248866830691813,0.5827739460628589,0.46779063285830413,0.7895469913569205,0.40092487392481047,0.47519969194711037,0.4129040822914254,0.5643654452242933,0.5971567974529264,0.4623822182842916,0.4576934008725577,0.470576424391948,0.3215544838426146,0.39905415961921387,0.6917769825176281,0.8263956944033097,0.6783386890386491,0.5009283962704995,0.5066571551562742,0.7193992355596956,0.8279707070386524,0.5276711453743717,0.6040521546948743,0.7651268768026487,0.8428551301589275,0.8594303410460759,0.9510522094737209,0.8398539015621721,0.7634779255454152,0.5468285964506607,1.0716640165180964,0.9876478771453593,0.5172588665743119,0.9672394911939209
285,0.5552504498087374,0.7111392691292969,0.7092364408095368,0.6645763118988348,0.5584523527085137,0.48038359803038766,0.4380321843705718,0.3609606388869557,0.5844124906613277,0.5696448875628128,0.567247082307659,0.35032631587416074,0.39922118248064603,0.3697928531363421,0.42734244252932163,0.7117475136671005,0.6393531376949448,0.48627083362344414,0.33004187248895617,0.5403483518728398,0.6892166885894526,0.5871932829438499,0.7212262370254776,0.6540791840834999,0.8346462035833747,0.857217623603215,0.7480860470943633,1.0336386852392323,0.6425090997015643,0.8090784137324534,0.6885184485449714,0.8347862217531264,1.1576541520236288,0.5617249832178429,0.8040093041224551
286,0.5545455588465066,0.6655834448465616,0.6617718878327072,0.5731010887017242,0.5969018950063475,0.23499031344613294,0.460059115018144,0.48752195571007373,0.43545478513629154,0.5868536413089245,0.41062715135621053,0.3635744902400406,0.3363620509693612,0.3834984357591374,0.3752211036145521,0.609844496270284,0.6264357007352228,0.4734603314180905,0.3748735441330179,0.42214099482837436,0.6072701054943196,0.6768026101488251,0.5935086194346837,0.805371276012764,0.9133075173389238,0.6246996024199609,0.6618253352243045,0.8779871645645618,0.9676023878046875,0.7748764923897679,0.6639579589261704,0.956827765204763,0.8252138335165946,0.5873303179494294,0.8090282934836333
287,0.528666718991131,0.5992721126706341,0.7714615903192134,0.5613709728638169,0.8056138253153257,0.5297010365264582,0.6146528137364675,0.5987859794316555,0.6466120107991085,0.6308435142158404,0.4532172102117995,0.4762883927124997,0.5128239396865992,0.47781659009549515,0.4816502739996018,0.6622089162061642,0.6301380935463087,0.619676673469336,0.6454344422761507,0.6087566000878382,0.8304940291563085,0.6283444269821776,0.7306363321971281,0.8116456002477654,1.1036291556084001,0.7866675522136015,0.655917355327198,0.924961696109716,0.7676351332582627,1.0778910618650963,0.7684296474208733,1.141330142830332,1.0468176910779137,0.555995790030528,0.8049981697549574
288,0.5898247045117496,0.6112870495065059,0.6559643401882149,0.5642284739569491,0.6869106209016178,0.4710049622003204,0.6058403531257885,0.6029008413751831,0.5451189812652613,0.5812466652141987,0.45051752893683705,0.4429377141215184,0.4624575740217356,0.4639309644640828,0.42440222477502815,0.634648228620635,0.5275935993781071,0.6200921524135348,0.6220359803304629,0.5260621065294482,0.7047934604069136,0.7328634684367419,0.8262213148605473,0.7855925621210488,0.7095759711833001,0.7840086029731002,0.8196376841292868,0.9376653340120106,0.708561812650621,1.0620495882579881,0.5616024936373929,0.9767050978972375,0.9844444342437761,0.6806772841710863,0.65906575963997
289,0.55748884795176,0.7126774321095857,0.6758997870248866,0.5452791836882295,0.8313210786884411,0.46739929762121757,0.6321177436290122,0.5230804973850568,0.5035246221617345,0.565317740172314,0.4616240638848247,0.36327557210029626,0.5285084359632459,0.35911269134241225,0.540202517466765,0.6393201981299471,0.5685350613090161,0.4912256141373548,0.6234374129813206,0.536731884138377,0.666447918329315,0.5452738586806274,0.7566586879971499,0.7739000778843257,0.9506567312988643,0.7964659107850957,0.7726327595231098,0.8846024072899406,0.8760217115669605,0.8428753821908248,0.5989452806758684,0.7620710693804207,0.9794353302970072,0.6888915093791378,0.8341343142152136
290,0.5860802156122699,0.744265192871232,0.5864302061283786,0.43626547314847564,0.7369730114499518,0.47488863126174485,0.6315243630562233,0.47464174255247976,0.6381144083180605,0.5361468781765676,0.5015512057645026,0.487840233532241,0.5339064165055769,0.5057380138375964,0.3826724843628758,0.8462861821748899,0.5883535366722691,0.6330138972323207,0.5538487612911283,0.5329685075733741,0.6530414176667023,0.6060972770735108,0.8833029231679164,0.7501797415352333,1.0162458954329532,0.8779130191185716,0.6704880930703916,1.0674103210270616,0.8164008844897601,0.7868054962439077,0.6511961721725834,1.086198299221701,1.0818147624938241,0.5260285270349749,0.8617319415763874
291,0.5669558063777462,0.7211964338298256,0.6665061088388374,0.4126939050778814,0.6520072790319742,0.4739649631884172,0.4778744819184052,0.588189545848004,0.5556109703638301,0.5639428555076658,0.4303098772508793,0.5012212106552819,0.47263675021468754,0.412045830012243,0.37972364387686824,0.6780438946389669,0.6937171305099639,0.5348208551675744,0.45467870852962833,0.5876732420288697,0.6551328961854103,0.8709720011416395,0.6473208402107056,0.7421133703254645,0.8082147329043665,0.7658395374377631,0.6677665696452155,0.9335481382473138,0.7807624489948854,0.9861116464464103,0.6333444622360298,0.9891457447321204,0.9295362612724098,0.5351720906215265,0.6570413751588838
292,0.43808675250586143,0.7245722957976773,0.7171675293651245,0.6018807004953244,0.5954652509694749,0.5058449848144709,0.5599216756615808,0.5637115693212369,0.7140699768978418,0.5646364897243228,0.5089947586871257,0.44164064645691115,0.39441952665451746,0.5239742109808883,0.3814333666608023,0.7155148785698524,0.6341704738087035,0.6367682945281521,0.571420919021915,0.5042126464523231,0.6049114649780489,0.7396266612125098,0.7453190382269238,0.6902537576628923,0.8819551856294037,0.6352914886164003,0.5475812014577992,1.1013939328068236,0.7204692084317754,0.7643768999587813,0.6617999364585836,0.9841490724357649,1.1512386258041576,0.5141937434142465,0.7222312526766548
293,0.6439959524375176,0.5904699798259812,0.833550214180915,0.5742426135625922,0.6732270338807951,0.36829141657819653,0.579786143706028,0.5129102366074298,0.48745858386445723,0.550421860795049,0.5628960545742199,0.5155942795487172,0.4572816931018842,0.3846946724629322,0.4925403747150983,0.7407119866223677,0.6883679160393212,0.6545120524325562,0.5882093512766194,0.7146214348080948,0.7242430181956963,0.7934965821160767,0.6643190856165712,0.7521911693925607,0.8113492745900182,0.707697761666763,0.7629285096913462,0.824952273283925,0.7596642167617891,0.8075875394018477,0.5947775369224451,1.1382421187949814,0.9575391485726499,0.550484131859714,0.9947272332540105
294,0.5144522280929911,0.846316868702541,0.606736293124188,0.5139667214633358,0.5999071534344922,0.349503174828335,0.5976259774775061,0.5813054023088406,0.5789581937692355,0.597234384441685,0.5049198379842595,0.4012747211239195,0.5019047363050663,0.4172226067316144,0.42711972366363765,0.6150421120911309,0.709109481664086,0.5663677759935486,0.5724498013049808,0.6467001319382419,0.6564203772256949,0.8436046005897031,0.6429920763609922,0.7138684574380579,0.7714368374840623,0.8801298367152417,0.4847070315291574,0.9212391916369981,0.7592865209080473,0.9161108489083174,0.4534771317703293,0.9075866122904148,0.931590792282299,0.5343548789465492,0.9072286120318835
295,0.5806646216323776,0.6112194111632953,0.6567656083914746,0.571114273973393,0.765674590122319,0.5458333391578728,0.5349242771716748,0.6239177526230592,0.49665218181471094,0.6719236925752435,0.48940966676633924,0.4378322261505134,0.46593077749131,0.4079423747317413,0.3833877009725709,0.7609854988378866,0.5740450124221156,0.5199260999602109,0.6043038313409931,0.5244252306426364,0.5698699450647653,0.6633713103921944,0.5299214682467128,0.7635218922267495,0.9025536635278232,0.7516181202202362,0.5839251439753488,0.8427602630522965,0.8169461121058437,0.8555006862747978,0.6344540999450052,1.0708439944114665,1.132036727110718,0.5788933597283779,0.7959293617769114
296,0.5827129058697127,0.49210401919650804,0.6355979741905038,0.6043840479480114,0.8704979787917428,0.4570789688243567,0.48422340984359047,0.6542517660085994,0.566354344169083,0.5262815880110452,0.4300622078628395,0.3656791847830924,0.5953113960660734,0.426944236143712,0.3849597317072978,0.6253603316233743,0.6005164811961414,0.4816354506016859,0.732787895315836,0.49153493687509897,0.7295690962787769,0.6288151002028247,0.65572815187248,0.8324284329204141,0.8099114917804615,0.6824938832299747,0.42272160285682003,0.9495735687020623,0.9216387939713901,0.8657983520097263,0.5859286035753325,0.7983574608662317,0.9733940348099341,0.6897742052954059,0.9411839041807412
297,0.5761955931143394,0.7062359284539348,0.6344307889488816,0.5774254653381448,0.7399064386368599,0.49283200699898677,0.5918559127028504,0.6495758835236669,0.5364083049781704,0.5729175406590958,0.4077673997312828,0.48535894979491,0.6007192196565511,0.4063085174433376,0.4595921509993904,0.6783528282780756,0.6260692723062247,0.5265183041596915,0.6223674201551928,0.6036813389320059,0.6612196941395365,0.6771628018598145,0.5915161979402505,0.7774186604828187,0.6809321526131564,0.8181718270896723,0.48724098907463553,0.707836168058614,0.9032070692486786,0.9259323753467036,0.5743169527113507,1.012734847609095,0.9742460625731678,0.6063505372986389,0.7426426390084016
298,0.4877989346620657,0.5014286719134831,0.6155056696773555,0.4541103201787207,0.5242321957944731,0.439250089548312,0.5395945583382348,0.4087321485523853,0.4999007962751697,0.62398883136426,0.5328907344147009,0.4457859835524686,0.4118574488769349,0.3813303287017577,0.4270143985850051,0.6536395856751708,0.5720426197476487,0.5366142636507056,0.5752449053218975,0.4590155558765145,0.737402283470511,0.6931376547048134,0.6689027936655231,0.640361214897103,0.7408762982121968,0.7401441957922874,0.5943465460777891,1.0627264609805003,0.8571558021802779,0.8496747427496997,0.43882124317896976,0.9223941848238209,1.0466884429282848,0.5704683285850346,0.7721332565158265
299,0.5910098345057699,0.6445860488349858,0.6400775872367277,0.40694515899813394,0.7328313382947788,0.42268675406427225,0.5155170105231813,0.5155249920602363,0.6111748084792008,0.5841176672429349,0.4254953790338799,0.4485080205942098,0.5213562534411464,0.3846562269293953,0.4398459554288355,0.5948872702080721,0.6426236688251586,0.5270362057360286,0.5011971094616723,0.5581043521271056,0.5244677504973265,0.8672157617121856,0.6450236769470499,0.7401012938673672,0.6266595813439483,0.768110452631013,0.5709606740403075,0.8633625755477878,0.8401850170833078,0.9689574438701892,0.49307590553096536,0.8903931625938951,0.9578878154726154,0.5304406170783662,0.8359854185942979
300,0.6443798612699517,0.6724143022755729,0.7814614248634248,0.5589361735795182,0.9414983798978389,0.49452110597593213,0.6217245700148386,0.6916354386912069,0.4647012930413596,0.5961502641780205,0.49949579247724274,0.49251618307964806,0.6473249627567488,0.352713780260146,0.4638977922388323,0.6499366637332025,0.5424241591908832,0.4961830573637165,0.7733195508459512,0.686112198610696,0.6411555083702063,0.7781758272327555,0.7177861895518043,0.6977418559290605,0.8537524429798728,0.8077309562507801,0.7146053799778039,0.8091685584123032,1.0267935651112288,1.0334607961309283,0.5595771879695891,0.7736044901611342,0.9381773142043555,0.49138825065356917,0.9293677287136638
301,0.48636375246880004,0.5827943966399505,0.7955207555307005,0.5407226785205166,0.680723507187342,0.5322392447322268,0.5261566326685658,0.4430840601914604,0.5823193385236672,0.632230884578989,0.5575690725325282,0.3832211563745385,0.426834345601361,0.39014662287364077,0.4373104468937869,0.6223873630182694,0.6148442378618952,0.5884392678549775,0.559946355640288,0.5582386920042492,0.5459594313134871,0.6840351492401848,0.681166777998761,0.7971131645385816,0.832483207958647,0.8258501411477938,0.7609829962804426,0.9931733024834593,0.9715266939426191,0.9123684282054616,0.6155502635959847,0.8781515413149451,1.0198986191448305,0.4963236826728577,0.7100456979989022
302,0.5155038528199108,0.637472490550373,0.7269361507954732,0.6655987980163351,0.5207948666673432,0.5725209782483294,0.5720866603844108,0.4195773618373373,0.48607441065867485,0.5297311042095657,0.4659341551568459,0.43744838495281313,0.4479431170475072,0.26516115081778135,0.3847367549222567,0.6382526327107936,0.5757186022220036,0.46965639549648797,0.4091253398660133,0.49103846425436926,0.5236385035227427,0.6392947503828884,0.6799379467176595,0.6936524243134693,0.8269845340585091,0.6773926848837097,0.7229273188688656,0.9984038212533737,0.6936287471316807,0.8973443728828296,0.6379489884198305,0.8894719105978002,1.0887701829799739,0.5039184731237727,0.9882907278644673
303,0.646331319215701,0.744454604034297,0.7623601622063223,0.6225846474440027,0.8108630233509297,0.5548381556474509,0.5904207093368943,0.5036203060863996,0.5872611376735174,0.5895886502909566,0.5211197401067338,0.46328552578317156,0.4430003409538647,0.4777568402292915,0.4560012212116116,0.6785214231283996,0.5552668462178436,0.5065535670573672,0.5342121599963405,0.6517278669906261,0.6158258312288934,0.7294430022155026,0.7716030724116973,0.7942506759135619,0.9373453709638413,0.9750757774937303,0.671810565774184,1.0475485705730478,0.9035265303635804,0.929662711672745,0.5400657547932306,0.9169134331201552,0.8887013596299439,0.5846130863333914,0.9048728601720701
304,0.6196527650753592,0.6233251066297694,0.5682324288308821,0.4782326543037702,0.7464121942687374,0.5023914958321308,0.6672271650584011,0.47569050456994255,0.5895237041348722,0.5352410407127448,0.3901868765275668,0.4184308368824792,0.4269499982676016,0.44851119380964427,0.5079625667619398,0.482741756667565,0.7155560983578106,0.4532870881375987,0.4411024132417779,0.5748140006415106,0.29847790499157456,0.7734927848512014,0.7597478500571933,0.7119943112565701,0.6694305167850945,0.8583109542284787,0.7910562029197162,1.0219057376555103,0.6495113067881524,0.8671947497444763,0.4431131504758244,0.9143680115854609,0.9446531271870038,0.5511468011470985,0.7649510761951013
305,0.4430638543714107,0.7948736967722615,0.6354417412736577,0.5234264779141773,0.8201397101750313,0.5033927513596798,0.5655772065063625,0.5420092209399804,0.5263480599612131,0.47479272951930007,0.46117085271718705,0.35917909085914096,0.5134030834919198,0.37282998567176195,0.4599564993801437,0.6486597605957772,0.5433101159008797,0.5556707513954626,0.5872640115735002,0.6589377981996842,0.49430271280765986,0.707273229256939,0.5737647627376754,0.6634062601555445,0.6512338198436998,0.8384639125374018,0.7050573185833373,0.7727281517081337,0.7538814984748455,0.840031335223707,0.609547117365583,0.7377455649689082,0.919217861312422,0.4904054012366593,0.8736679077405258
306,0.6385481220530113,0.6559903867034726,0.8396322822871702,0.6165764482465167,0.6552529960853102,0.678022324571292,0.46057862552206996,0.46967443286738814,0.6383091013521183,0.6059287417359357,0.5111196225534325,0.45376827777639084,0.3301493382827703,0.4062571776136048,0.4472245481170932,0.6050530974267181,0.5630864195917458,0.6079375649783525,0.5265723742881062,0.5479389247568411,0.6943112121217947,0.6781875084016262,0.6734745041732653,0.596971829633534,0.7984014842851894,0.7325470154465779,0.7623022882242998,0.888231700099498,0.588670919447182,0.7976349927889412,0.6541686279300137,0.9474661067845953,0.9796678087009237,0.4428778121747894,0.6809628730370187
307,0.5119379793352221,0.6952727095437142,0.690063038035315,0.5506426763230049,0.6694816158271941,0.6323382232445496,0.6681245739943429,0.392531379490594,0.5643023427841651,0.47155102952097144,0.4420167353997368,0.35950291065394485,0.4196094046441122,0.44094619801910717,0.5228457748977027,0.6128835991183355,0.529090026552881,0.6428648865740787,0.4643908920489258,0.5844320559482858,0.7447553557026094,0.6901304602807518,0.6689355196210337,0.6716556299561329,0.6283780467010593,0.8124823008721502,0.7523889070860069,0.8147718486364458,0.7858853912926159,1.148092624516451,0.5655607751951565,0.8360482530177703,1.1588717729788323,0.4237947246841623,0.923715785515552
308,0.7101276228960389,0.8167372201212173,0.6942735907918332,0.5238905062028318,0.6012761611048949,0.4458104543234873,0.5243675788512783,0.4613696656831375,0.47176111188601144,0.6435200901888739,0.41634597741690715,0.48211478051070084,0.3615982798647425,0.40627114888107196,0.4403694890111875,0.58234674251139,0.7401280607765643,0.5791162273678754,0.377143310906517,0.5970873839937789,0.591950304464771,0.8225624603517603,0.7121536342403083,0.5230816953355745,0.6089655874549251,0.7456599881164996,0.8804607117176596,0.9508652730149091,0.6289813223758377,0.8077154152748705,0.5342758857906673,1.0589761083297113,1.061933772850976,0.4611472095558435,0.8127870986201025
309,0.6272068420205456,0.8850899301042352,0.6294993735587229,0.5393661675653769,0.6955984476428699,0.7634842627790215,0.45764959780717235,0.5543558084233147,0.7303869508586601,0.5974290995971224,0.42026074500938937,0.5042863777053551,0.5418745135477177,0.5114614890369832,0.4434998373235951,0.6324320070506265,0.6958943042115168,0.6581713239964744,0.5541969946072467,0.6200492104786653,0.45424093639879015,0.9001506081818742,0.8487642790865669,0.8618131128879339,0.5643904467874088,0.7840474478571784,0.9632355833473127,1.1273762315690776,0.9312019815440601,0.8787913099139332,0.43422833301944774,1.118842500922887,1.1618118494994358,0.6416863575782427,0.9173250803801919
310,0.6106297181308176,0.685994568682571,0.6414050911618733,0.6204340876249608,0.5466178641528914,0.6747331402681155,0.5193700047122062,0.4438076619128438,0.6346056559254186,0.6078893471860229,0.4303736400999598,0.43771576363594106,0.46070275558247803,0.4472231322640316,0.33474647756049425,0.75426635907875,0.48645424365665435,0.5646695653255525,0.5157152170423343,0.43449714163232755,0.6205880788480903,0.7360267835136678,0.7999951474557104,0.6398317777350095,0.6368708120401957,0.7342247451510309,0.9252356982371668,0.9872089994165589,0.7439683313183174,0.8277007410487935,0.483982820408119,0.9124350130225897,1.038846962651344,0.5131837041303535,0.5316352907783746
311,0.6447304536626773,0.6350572940317254,0.740965360687109,0.6554072067754577,0.7372835807008711,0.734004524676017,0.434901903071653,0.49367999435532317,0.6374124309098899,0.4963773148549071,0.5355755280597669,0.33470069590192536,0.4861256498414037,0.3962509895024674,0.41897282728213914,0.8391927064195984,0.5887060282492707,0.5751817580371138,0.4963121861090528,0.5315442212403809,0.5923113672010811,0.6873872967715271,0.8331869470835718,0.7583317424326257,0.8877154225520323,0.6645897528902796,0.7437129073179776,0.985511185048155,0.7503324564816072,0.7701231279196826,0.6325027358071984,0.9594670021050089,1.1013874787985833,0.5848377442926884,0.7996723597441701
312,0.38402835161607285,0.6264671561764457,0.7963449377024683,0.6366686211833802,0.5787624138206955,0.6032731732487859,0.5366595374085523,0.33950246323453614,0.5420529549362114,0.5746813008432178,0.4502339451530184,0.36279095249413396,0.473596096114577,0.40122386422831624,0.44936229714382125,0.6878463836712143,0.6322293092298062,0.5443248687481075,0.38527873257230005,0.5351601531457252,0.7208406628039629,0.8259210970127002,0.7149521295378596,0.5458929245325245,0.7727146030393903,0.6812725332456596,0.8586633264413601,0.866562781188572,0.6529127025234731,0.8052175539718784,0.5874685090891558,0.854192007513856,0.8839767750222707,0.5348064905636419,0.7361529100066887
313,0.5775545292727677,0.6983551502766496,0.5568662564825951,0.5260833810089682,0.699760860664213,0.7094990169680524,0.5812774660617476,0.5628915832404452,0.5669104854156577,0.572550282021357,0.4355682528399373,0.505005385616578,0.49906191015821644,0.43501879989877923,0.4047786781637898,0.5735642542865238,0.6383166159206164,0.4908242630684063,0.5730311238611461,0.5645695079382619,0.5350480948888232,0.8229157414565595,0.7862942048797636,0.7160967457777062,0.6785608635173541,0.7542685292321696,0.8760512705731962,1.1817144245879716,0.6876120124924002,1.0658995749176268,0.6103860345648301,0.9544932263416221,1.127078229809939,0.5921525046397054,0.9201805981810934
314,0.7618497551921033,0.5694576629549343,0.7315017868754904,0.5318442015652538,0.6923334469096363,0.4786329330205925,0.4412100766683977,0.5654413930713025,0.47487243771402354,0.5736002949193165,0.5208762318606781,0.48190171138129706,0.43151507513699644,0.3743711762540982,0.3535627329928174,0.6034644520985066,0.6588378042935608,0.4460268260179548,0.5124169417799811,0.4977190243023061,0.5802272349101463,0.8837164366334449,0.669842682803403,0.6621944830170841,0.7775605284826184,0.7426874215705042,0.8176212601266375,0.7299143009043789,0.6784496208148436,0.8208678689798058,0.5856500099905714,1.067162913971707,0.888806942070016,0.45043696878759526,0.7398490559868194
315,0.555951312914843,0.8502140502293831,0.7567253634258446,0.5500535561010755,0.8001358612062254,0.7135890801756889,0.544613352654137,0.5309858040431248,0.4492542016556804,0.5001077156541617,0.5291445739243695,0.46304716506461996,0.45849779596510987,0.40788943164967206,0.5010618702368537,0.6751777087476314,0.7232137073885008,0.518473143866111,0.5987308566505164,0.5514920567279848,0.6025090308950927,0.8235946459016334,0.7647723303871552,0.7747574848528309,0.8664493498345494,0.9294358645752792,0.7323974785161935,0.8726559659629134,0.7560904072435478,0.9945492734352503,0.5620522483359498,0.9199921792012293,0.8553688087692495,0.6039345386575593,0.9385703702448317
316,0.6811043095800087,0.772611819393791,0.6322623006231559,0.5779072095383178,0.6734441423858045,0.6287273939264547,0.47490158099426416,0.4803333362067054,0.5510758325625487,0.6176215567857046,0.39863068127935863,0.48860128841350076,0.4743836347658557,0.43681791667834413,0.42831328649550876,0.510382256767843,0.6162988072091307,0.5198932472438245,0.4709557784054702,0.5662507639792077,0.49916540243732577,0.7346633112517029,0.5941594474805322,0.5020134718465377,0.6760764338795868,0.6886656163873752,0.8830758189281451,0.8445446884427295,0.7057087540635409,0.7859669904612119,0.4938009170387881,1.0456604529731715,1.0145866123573746,0.4564911025886872,0.8355818114875484
317,0.47800695035378205,0.7921232325865889,0.6527367696341488,0.5800871196831563,0.7614202255841016,0.6126167023398101,0.6050122827338541,0.5081205640108848,0.4907417899764347,0.5039680611087025,0.38748879824611504,0.41871783325476025,0.4684217597151518,0.5318698864967117,0.4441014728637614,0.48466068881337165,0.5726406812369618,0.49791989969970196,0.4766124853348457,0.5486650932070827,0.5103511202217595,0.7267918087138754,0.7495445860392105,0.4829684803504419,0.6683208797246366,0.7730475681585274,0.7271303983712956,0.9225849893866257,0.7062986984641495,0.8205430492015584,0.5884462681587727,0.8472623748621075,1.0729268067148454,0.6371706736237901,0.7419361159073299
318,0.6571483178435775,0.8250553989903214,0.6386173482836559,0.5899552720153132,0.8090222884135998,0.5370483318948559,0.7426016778373912,0.4100017335988009,0.5962213534393281,0.518801651160977,0.3503789419934783,0.4391575703079139,0.5801623918655514,0.4454734690923249,0.4308919738595219,0.5987079962912991,0.629458192829748,0.4932284608357555,0.5074964360566605,0.6914340247693853,0.6194687509510514,0.8863511554016421,0.809428095229235,0.6188235283315091,0.8096431302659463,0.9234784205783304,0.9502903526819177,0.9080963837600943,0.7608135788319017,0.9710451174645494,0.5636413983021547,1.1117125723638046,1.0855340599968597,0.5651704541276952,0.8966608249757317
319,0.5993900591732314,0.7088501876682205,0.6810271110238449,0.6024700466846974,0.7484404323404993,0.5968041240684893,0.4762606703839073,0.46635798727926425,0.5699258797037121,0.5977207446455934,0.43919865393918534,0.46346555637069153,0.4139554211563558,0.44006341416520933,0.3798258846730479,0.718642426287208,0.6262144335617783,0.519955578911389,0.556520680965028,0.7763983107650838,0.4502359151093197,0.6087093124003145,0.8292386109718752,0.7308282604827071,0.7614182063252936,0.7230169844235816,0.8438174120177275,0.9538886841078911,0.701513781107432,0.8861390758023776,0.540473097358338,0.9578321406051482,1.0613014987574296,0.6655696234316467,0.751494955742072
320,0.6240557087885885,0.575518955536841,0.6279023855084301,0.5173702599266643,0.7371197649171852,0.6448235286372631,0.4539789087147288,0.6025439136021087,0.6345136119654625,0.5189630317100374,0.34397883432867754,0.5297480900485949,0.4529426192689092,0.4873285838530218,0.44535211086899174,0.5453093145657424,0.5395630636957236,0.4022347991285052,0.5325267198506668,0.5430905010373188,0.447172769933286,0.740908282026358,0.7983888097161052,0.6877323588478843,0.7927418519544174,0.8222772376888472,0.8160978637964608,0.9832204322048264,0.7409896006045906,0.7908268035482908,0.5512620719942767,0.9332222219090991,1.0347205871904355,0.7165981544463036,0.6782550966557142
321,0.7224297704277756,0.7745682324830953,0.6254867037788228,0.4779563886265218,0.6543882988914742,0.7382044784211177,0.4692563130322813,0.5257492168863547,0.6009549760678821,0.3656380098833514,0.39040042081266313,0.5159655871512835,0.5537092009714503,0.4887252051228759,0.3232010453876438,0.6003403179314561,0.5945212766355397,0.4912359610243396,0.4900515981226754,0.5442758025766372,0.5495145796183245,0.6711988663325188,0.8301059964283003,0.6640667745174581,0.7853583398110988,0.7449459360248403,0.8900692555437862,1.092398844441435,0.6469875083220171,0.8229029998765891,0.49888049081263597,1.0033370765279797,1.101465597083311,0.5709881577095852,0.8558763019400895
322,0.5704474355916433,0.7808198650145692,0.633565255717293,0.6399073969944732,0.6980820421612515,0.6066793176273089,0.5594072827668688,0.43229234544584866,0.5882954330377725,0.49964213054998463,0.4944841680060771,0.35738422082746746,0.47137564676719435,0.3857606072983469,0.4667296491797442,0.7244195795744832,0.6407937385168032,0.4246732769564006,0.493221395038444,0.6512949223195448,0.6898814187638884,0.7460484379950946,0.7114171934840348,0.6077125995503475,0.8219701757887435,0.7082122072990278,0.8637424267649499,0.91811745820753,0.6794569766311802,1.0576526408232199,0.7039122466680424,1.0309332942780585,1.0699184964333504,0.645356400934962,0.6100128254507416
323,0.5613612082293419,0.7604754794335324,0.6789039544427977,0.6186251417799571,0.49165104338179655,0.733978162994098,0.5160527931804746,0.5808911691792112,0.499973407984894,0.5056063137585309,0.4284214990439235,0.46928849653349214,0.38678533881544136,0.5014534572404448,0.3550219756572863,0.5404416819903831,0.521654868436634,0.5369258699619452,0.5083820848927113,0.6249985725808425,0.6351836547306731,0.6863783254512382,0.8067815867684729,0.6367910619219292,0.8948033044243332,0.7680545920644559,0.8285313026052876,1.007385991170445,0.682510786104109,1.005599038441855,0.6408425688692271,0.9915364573987653,1.008900744488919,0.5385187717310558,0.7887494083432777
324,0.5388317184328906,0.6079339566005937,0.5840483979441495,0.5687434789598274,0.6508273038274581,0.7424284902358392,0.35899351778889166,0.4719993465514242,0.6445684152360864,0.3726169215537004,0.4822887372916302,0.41148348191407436,0.40274775247914896,0.5021260518132786,0.3684834045861298,0.5620721913280827,0.5288507977284611,0.4799346507800464,0.35744332381883037,0.5248342532458257,0.6216809715894254,0.6308135835854222,0.8417579905239769,0.6163813820104019,0.7597709534166158,0.7051971846037306,0.5961943796212295,0.9959232176590702,0.6851501799068043,0.729036256060663,0.5022356949576404,0.9331360235534041,1.0399326720362578,0.6500384582180332,0.7819219232049448
325,0.51141070686503,0.6384017137764324,0.6846043807988698,0.6361795286198371,0.7098897714465708,0.7084229154064513,0.44311825864697674,0.3675345689317737,0.5839416351133662,0.5405143022487762,0.4566643775956889,0.4238099940199365,0.5263345191619297,0.45180217881941176,0.35816610228486556,0.6873715027133012,0.5901637101445573,0.4806557228400869,0.4772095243084268,0.6468044659267367,0.6208766175239806,0.7078415914697189,0.7886999510118189,0.5526995441880458,0.8952059128992397,0.7455682244958975,0.9498583532229256,0.9001060098538434,0.62921402728907,0.8631716849897202,0.5879797250249059,0.8758480031716374,1.0854763936543832,0.5378039677583919,0.9049526620098083
326,0.6088417630278189,0.6809453674481623,0.6431377553849538,0.6792474534216778,0.5970691675738629,0.6812685554350586,0.6166612872231735,0.5011233260779644,0.5258937577664065,0.42631360147725134,0.4144924704706927,0.4426863114642061,0.4447699725606369,0.492566931340631,0.4664946581141744,0.7947049630860945,0.48649913904427944,0.4993108922031992,0.43211992584688563,0.5771570556546547,0.7114492106380226,0.5851456533691184,0.6801802026572232,0.6339315761351326,0.8083209931776143,0.8264605099535602,0.6239886068217745,0.8601011231999289,0.8552344247973251,0.9777217636023033,0.5351145698567519,1.0246266296530975,1.0437496730327398,0.5364655853379678,0.8709031294035889
327,0.5143424531997423,0.6149474840330641,0.7446220784656472,0.4998228993003616,0.8267675472709268,0.7240049395233947,0.6425539124525185,0.5475136809358048,0.5303043634934085,0.6261290575544556,0.38051207312424024,0.38949331468401416,0.5631230360529711,0.5073914064107026,0.4440825374110796,0.47789032623610705,0.6233491007608325,0.45834763979440657,0.5310805186915164,0.485404272923956,0.597091430862744,0.7534950645914593,0.8442558461034753,0.7504442765956154,0.7308117635016517,0.7199953675441797,0.8105761045382855,0.9089116672019086,0.7668881726451404,0.8400597655653002,0.6667597215704979,0.9246732997183091,0.978940067336471,0.6483716187427951,0.6730520639271487
328,0.6729159627514792,0.4104526068159653,0.631475433787936,0.5641898269046419,0.5898640020478187,0.6726899026026056,0.42585229476168407,0.3378336089332505,0.5166950772077139,0.4377124842481551,0.47510716671493813,0.43847097272908925,0.4260303559939852,0.38228310723004194,0.3015550289313681,0.669203323131057,0.6595236065480963,0.427516374889087,0.4545038171970107,0.5050265247273096,0.593980063815574,0.6838480367919141,0.9536775331598468,0.6619363931088558,0.9303650960710129,0.6029452599854477,0.965445857509498,1.087946955036115,0.5961919860198237,0.6980927637005545,0.6163134623890418,1.0346030618352524,0.9507349418992355,0.4644741901964493,0.8214759118120026
329,0.5616448337425983,0.7422685367147639,0.5360626470367384,0.5117118272239054,0.7689479136470355,0.7239683111606949,0.45023322220783424,0.4441107602320873,0.6210596496325429,0.3433185101331081,0.3454620609675165,0.39106599354572824,0.4229334579527773,0.4157679235681009,0.4302970409001736,0.51409024706205,0.5510953444297658,0.3991415434579846,0.32856141728938576,0.6535510290180692,0.5313954975575103,0.7472645530933497,0.8712680275843305,0.5798719299417081,0.6752950784591686,0.831810918351813,0.7934571944486812,0.9576707056533886,0.6820866838412603,0.9810618413455867,0.38211521788702696,0.9908032456210624,0.9363977452964496,0.5240061334474435,0.8768503142911078
330,0.6173378320951675,0.7485550789220107,0.5634739248056627,0.6742606508600869,0.6087151679969717,0.615646862679853,0.48846839018266486,0.5161227036843697,0.4345457477116582,0.48254685996006114,0.45789932958061985,0.4147814557953012,0.419024830232374,0.43021029165984837,0.4705306108845223,0.6629400809774202,0.4935243862583197,0.3053733744369444,0.5196381335103822,0.6306579145539638,0.6863721484586204,0.7251063322242666,0.7284705164917809,0.7992298197335985,0.8976587828778775,0.710943633914159,1.012385253029778,0.7317569409299027,0.6643955661055045,0.9047407645145901,0.576681075450269,0.9703538096978086,0.7630183961896753,0.6584381264173829,0.8710742076581663
331,0.7071488167200551,0.7706454150922091,0.6074854263197403,0.5247502649878714,0.6178727217211593,0.6895451643049095,0.5444342916804115,0.42080493409543995,0.5050617344722976,0.5325697596263193,0.4339502078291328,0.523453663974446,0.37716074210382694,0.43693879418252096,0.5324021818241228,0.6848203863102954,0.5781070664291756,0.600345707475535,0.6119511875219475,0.6277036628675081,0.7574326011332297,0.6974978214808283,0.6263711138666619,0.5920348576616892,0.6926093084236463,0.890096637867939,0.9721094292413398,0.748345263045169,0.6917072385544345,0.9249396957582171,0.43619350947353364,1.057839738875067,1.0020954002273075,0.5875275072988184,0.9392239271441896
332,0.6424446045911081,0.6363486355048409,0.6197801582955909,0.696057103508499,0.9643469057562999,0.6947217316390515,0.49648309141979313,0.4964452426328624,0.4903307646871588,0.4553845440044899,0.48355414774728794,0.3296124923584937,0.48375256745711737,0.4328670630257536,0.40857402028755985,0.6290169641979225,0.4696899747525545,0.5952739933361206,0.6210911677353242,0.503114582621259,0.7766180024306454,0.7176450353407335,0.8855514492864487,0.7569711257907555,0.7726550479122867,0.7235225555927602,0.8377878075904652,0.8087335228053121,0.6155377626742242,0.7652367730564659,0.43930968867363324,0.8893036450197188,0.9920443712662559,0.7611009440285111,0.82419536422497
333,0.6820806753256645,0.5761784619476295,0.6068903273446171,0.5400188704777408,0.8028520406195847,0.6904280569137748,0.5517992004301779,0.49766389602990124,0.6120000079334713,0.4619436546996658,0.4153436997139309,0.4529143071714791,0.46861969864947595,0.37513793141741636,0.257387657031372,0.6513287369828307,0.5782284624140324,0.5231296829540861,0.5944323073326538,0.46444864764784854,0.618771213059987,0.6411802301813974,0.944058102172917,0.7142070757242374,0.7382294076255201,0.719590337835308,0.8819684942670161,1.0832034363282836,0.5640695757840347,0.7661246719285314,0.4803165194257053,1.0126676761127624,1.0027912463186301,0.6599290206370612,0.7908741002531827
334,0.6569391658255092,0.651912210933848,0.550639574280712,0.5130670476573478,0.49657310392656717,0.6620297486418659,0.5486404942064507,0.4791617690206694,0.5398277554467497,0.4537502426122576,0.38816578644109345,0.32659988253110905,0.25431828499606446,0.4297417161755752,0.45536989178888065,0.6182873727979336,0.4717827442888398,0.5031334191487236,0.5537535673755422,0.5245289108324717,0.6589870541759906,0.540995809255989,0.7565579576548983,0.6296689666529038,0.8445737794575319,0.8023365468628556,0.6970674616636383,0.7456412611363987,0.5693921455953215,0.909932729543969,0.5081124281192437,0.806465407856372,0.8858422534714185,0.5837753440083304,0.7841302639703754
335,0.7494186957591885,0.7923483888891625,0.8287982011004462,0.6862391697527161,0.543947654992323,0.7222084903746957,0.6137136204713305,0.4486471378038389,0.6161739648672673,0.474198292807272,0.47713406223268223,0.5172341639327488,0.32791974058649104,0.49530556503621975,0.43031220689762145,0.702872757382675,0.5339733959029906,0.47365174121485487,0.443347539374498,0.7184867335648988,0.7703347895456923,0.5648472493439294,0.8804870963042934,0.7663687850025045,0.9554726798094978,0.820919940618446,0.8877352727627605,0.9213087393075755,0.6652981498427387,1.0431559753738813,0.6350352738812315,0.8504080367340905,1.1500396936829418,0.5058191699628989,0.9612990253648663
336,0.7952303456860081,0.5711489939940069,0.7444228354947675,0.7119330963987504,0.6516529885292401,0.7287189451123464,0.3653145702707431,0.4752327005483894,0.3969745827525771,0.5000239475481693,0.4090314398273702,0.5194105827708003,0.44719794352310743,0.41924118227159624,0.4098886462179251,0.6964733572397751,0.5465588848407115,0.37138297931802744,0.6136387123047586,0.5276656056296408,0.6990875397323397,0.8025954204924663,0.6439169082317917,0.665953334772621,0.8635831967024037,0.5993601694833188,0.9404431215415453,0.8200404858896199,0.5733458561455134,0.7853129297041479,0.6029178165063699,1.083590959067219,0.7953042198310154,0.5688364337036365,0.750782590059285
337,0.6796362964056633,0.8501374786248476,0.7508547836877864,0.6625434962467205,0.7688720008139553,0.6070573113386246,0.6420887154037573,0.5092698340667943,0.4458544220592875,0.44502698097516513,0.5274308046872612,0.4332184243752798,0.49817645861059245,0.36426926732934817,0.45007268859736893,0.7040113409656265,0.6057429465631169,0.4112929417231531,0.5830888092773739,0.7749567903071609,0.7850140159048808,0.719459770049134,0.7288383340078715,0.6338470531262838,0.9536352361845466,0.9971181491671895,0.9753411567675658,0.8355641559926354,0.6228963267497867,1.0918433206810785,0.6697573283276412,0.9006707233044937,0.7156363235384415,0.5640859036852152,0.9652460604043829
338,0.6601413046103974,0.7094712412716626,0.7438523703374631,0.6905632413580653,0.6053575149284529,0.6444225242101402,0.5770155070100953,0.5513233238912556,0.5855514073158175,0.6082170190715968,0.539888877195378,0.48524885713099963,0.3531514561110268,0.4125314926137891,0.3464380003304899,0.8488051138440112,0.5595965855313869,0.4686073790800301,0.676746794506439,0.6546998738988419,0.7495613867043776,0.6703486798361691,0.6994586211710816,0.6808687808560315,0.9612282946554016,0.7697535233997488,0.8510417504017812,0.8424523190738671,0.6376947614811268,0.8622354256865599,0.601512662091428,0.8187901310298442,1.0264827318780867,0.5060277441717963,0.7894389215098235
339,0.7484852658334012,0.6810528328499099,0.8003574868190305,0.7549598571843603,0.8240490528907696,0.5683343897598061,0.579148728479182,0.5128841175474985,0.4714191447183932,0.695262622389112,0.5329959490708199,0.5448122165780263,0.459859817751693,0.4417348251860692,0.395571459652742,0.7283359416282564,0.6879513243330273,0.36867389392973227,0.5895261797975107,0.7001936005967293,0.8144845765348341,0.7412230917137255,0.6453164980600905,0.7372239829689826,0.9420490282570634,0.8181420791577709,0.9851682368425155,0.8704400366490215,0.8250012505312809,1.0334418203435884,0.7475906452444077,0.9923425951588315,0.9286017521628123,0.6148136177829784,0.7680350297569336
340,0.4641379892537083,0.64991628044772,0.8410421624059291,0.6365082075468641,0.6421654315580116,0.7373170601559432,0.48698155306430585,0.520220199222929,0.5852947833216858,0.38516029120509776,0.48435861289222626,0.3798942652591178,0.489320263173183,0.40618718357549477,0.3857539179294566,0.6126148021523048,0.4865325940295925,0.4804727305316233,0.5865748147277932,0.5266326230055628,0.6193059845555443,0.6350550096798258,0.7448140024623442,0.727581915516353,0.9801722083771542,0.7624273957007914,0.8221069063387463,0.956771522911963,0.8457673542488673,0.8344640031632806,0.6259478426923473,0.7677274589841521,0.964252575337334,0.5593386002303291,0.6940945569841486
341,0.7014078233913676,0.5954312583478644,0.74025324404583,0.5982502058526608,0.7113322105296953,0.5057813141359028,0.5834163384396538,0.39622888729191796,0.534297828988729,0.649754107998631,0.48099341056752626,0.43758366172351604,0.44234997265789877,0.4097467664373189,0.3290314870440797,0.6229396100347708,0.7088030039129634,0.40600306999557634,0.42052708886729295,0.39975070216246694,0.6195507674509757,0.8071566793347675,0.5766486722699232,0.5944590916684975,0.9313899330351706,0.5977576919095346,0.864962953969912,0.9089370757546151,0.6891088585448104,0.8538542321680737,0.5441073627305368,1.0059920470589203,0.8167031812245641,0.4824543460099576,0.8438157097639998
342,0.6550044147410623,0.7753480742279357,0.697954075718412,0.6552603517863697,0.8232476956386935,0.6405097493774082,0.5438415958215869,0.4291908652849391,0.6231457828498685,0.5044540209145709,0.4788108483504724,0.39070999203402845,0.5252817039522202,0.5077295302285804,0.3406625103340716,0.7145682669447282,0.4368046445376961,0.4810745920310211,0.5862724499571177,0.5504506791942914,0.6794262888537186,0.5959448954421016,0.6188380863484212,0.6661204461224819,0.9281219644948576,0.7657550505342963,0.766664816027157,0.9500040724399472,0.6759949631365698,0.9553748226611021,0.469457503178202,0.7966543524842706,1.0333878929778701,0.612035682026076,0.8637053590184303
343,0.6131156856560025,0.7092262548777865,0.7053142750881303,0.6154894216784284,0.774498839968554,0.7389511910893032,0.6549318207087524,0.4332472940301101,0.5554149974831757,0.5858538305817713,0.4588299983777343,0.48340224027029294,0.4482845985468166,0.5252149802926456,0.3320244396284989,0.7054983599090249,0.6675805329840729,0.46507990740268823,0.7169913705468449,0.6864608978263054,0.7427420797817607,0.6819460633769503,0.6649517533571183,0.7874285964132823,0.975422251356898,0.8246152661611021,0.8973313820609088,0.6810218292647923,0.720230576997974,0.950077120050145,0.5893855790649274,0.7953975145696894,1.0860150940734319,0.5551645033920927,0.7477819742724073
344,0.7390302983152941,0.7772908200902666,0.7037294226518622,0.4901803233498644,0.8171725191531065,0.5370120177842381,0.5953573437560619,0.403488504551723,0.45283080030692313,0.6922889666337693,0.4766223091084575,0.4968620454687708,0.5055906186635073,0.43370069759764457,0.3455755298489933,0.619029998594445,0.621171789798537,0.37683282373150917,0.68777594137229,0.7077992916201138,0.6276130223290914,0.6955453111598338,0.7774670074532943,0.687331258577233,0.9060855573350057,0.7079970581881485,0.9260679329820585,0.9078415140630935,0.8972536751623155,1.0414414843010027,0.488676099962741,0.8511797751785461,0.8738606687669186,0.6221382382845024,0.8755958784000394
345,0.48475860732035264,0.6300455038259734,0.6821054057760012,0.526213046359982,0.6324217762626352,0.6243683316265601,0.5689809605493598,0.33390242869054354,0.5407428003888118,0.5294917994975166,0.4108967409743977,0.3837010565209742,0.4302150194364491,0.329643032083351,0.30436070844764096,0.5825316082146383,0.5738911606035362,0.3900919493441667,0.5590801106322573,0.6536846451583809,0.7509881236647689,0.6025131012202879,0.7078250963217653,0.6369953255877951,0.831483083677763,0.7407695631685209,0.8591066261572814,0.9453543717859658,0.7812674096997776,0.9190209875036197,0.5989836675781524,0.8970927590176426,0.9396057078125313,0.5005334699390831,0.8268994565441443
346,0.7876411001759968,0.7526462234597912,0.5973946148278959,0.48521923772435593,0.6781671404426355,0.6423301614465197,0.5823528526902898,0.5221072743055164,0.4854783496940459,0.5628231209106488,0.397889284303284,0.4854895917959243,0.4832494235584228,0.5625120653115177,0.29362778126309513,0.5465764860650308,0.5337383858295636,0.4645553188664512,0.6602257424102788,0.6411777475749378,0.6516965365724554,0.7792220858937621,0.8130545104153816,0.7820679168778744,0.8264909028006717,0.8282607422878518,0.9921885759766309,0.987706949832913,0.8806716089322195,1.0330913589587132,0.4775927488555049,0.8518406918209673,1.0569281434547508,0.5047703596720263,0.6861090413995156
347,0.7842540671650289,0.806083466362703,0.6726875682607817,0.6335870010191538,0.7499337634737044,0.7412411093343101,0.5640102060120933,0.45969395623778736,0.5961896405385607,0.528480720981564,0.44751328243275745,0.5184087672978543,0.519617943314203,0.3759815538846034,0.37985724225503903,0.7247165468857056,0.5483161282062712,0.4501429187159044,0.6777229998279279,0.5921457910484148,0.6417337262086635,0.8303721650093152,0.7164231642791125,0.6832044857650627,0.8240692362330365,0.651722398916499,0.9012321748993849,0.8955704956023267,0.7609225309072558,1.0973361293602513,0.6094934170037732,1.094341301739164,0.8587944273341714,0.559667843606612,0.7502879360346353
348,0.7513390941119298,0.659455261991889,0.6360070959109984,0.6014300835600512,0.7607285306197706,0.6163637059538036,0.49725745445680164,0.5341286188489668,0.5709984222059954,0.7219771684598413,0.47608066397687315,0.5594349166446206,0.44109545465704647,0.43334805173277136,0.25551555336988574,0.6615646486560522,0.6122462317943318,0.34761149153659826,0.6794052388439112,0.5055010974447158,0.7530456037324328,0.765310476662151,0.7666086305574219,0.7652777479218638,0.9896989133315557,0.6238491715791858,1.0729642713812844,0.7357014948332761,0.7600384782263141,0.8108822474315074,0.559556369153055,1.0904510873611504,0.8268661078978456,0.5946113048292054,0.8358125753517118
349,0.5775040198667701,0.7559339052542882,0.6606908071764912,0.6281223801981923,0.7293699587006689,0.6955227807414475,0.568487881573474,0.4820229392111498,0.5516503530634153,0.5989198733087697,0.3849450856923837,0.5177301572186599,0.630530918047318,0.4167937668074661,0.27851354996454386,0.5811854709681801,0.5954451518387618,0.2771378975665153,0.7982001297377728,0.4489182174865948,0.539968571373242,0.7400054060886693,0.7544554938226169,0.8769548150903489,0.8861110993086818,0.8686206813162552,0.8381293429288603,0.7146096407238529,0.7987483170087954,0.9609103533458182,0.6456117371683991,0.9906746871632923,0.9360014547640627,0.7262353734821771,0.6311661748695374
350,0.6103049430834504,0.6323072973062996,0.6230772059049781,0.5023657882026031,0.6773481468592952,0.5890281435414676,0.5192843966203082,0.388004978043464,0.4832685196072719,0.6400040122038333,0.5330543277816603,0.46130285389642967,0.3988125507813421,0.28360676224950354,0.26985064436361544,0.7037765857473322,0.6388226584347239,0.1629336735008362,0.6660152072567065,0.5501416923185867,0.4833062952775845,0.670519427950469,0.6075796791189162,0.7232028095547759,0.7839406447904738,0.7334674555706664,0.7885412759465781,0.6817291777666883,0.7705333213227699,0.9239891566222493,0.580125013084125,0.7797750885594155,0.932502895660906,0.5880844450136903,0.6747096184328238
351,0.8097396332775066,0.6941999306216856,0.7645177463923134,0.7086749236779459,0.5942221889477306,0.650601033183424,0.4935379090156785,0.4000768795982079,0.6115366326687564,0.5968312864674177,0.4825928522322363,0.45220431515348636,0.3977957303991109,0.46603280986392515,0.15539659711774972,0.7259362723065423,0.5815276379286507,0.30791674108438033,0.6947987390132564,0.7224470132437089,0.6735095730881318,0.6094463932758193,0.9109561576351624,0.6742461134075368,0.9457224939109277,0.9073562191101764,0.893179857112386,0.9865688069350942,0.7717264509573218,0.9961093168711542,0.5760517610691973,0.8485721053655426,1.178267714998841,0.5981906276385367,0.921215806577088
352,0.8035166650625789,0.6341587611496105,0.7030559867095618,0.6326652359311153,0.6617852788238717,0.8291935358053468,0.4769436650867439,0.40112146997149856,0.5296037384108638,0.6208906514147692,0.36212367593304284,0.477759164287335,0.3913636052286621,0.47582308434777376,0.32710765886892557,0.7451030176339406,0.5430447085517558,0.3066329693707708,0.7275489366263235,0.5213455148026227,0.7085693200528076,0.8451736661933902,0.8822796053822012,0.6623101999104906,0.7640917547481675,0.4992473288005874,1.024803613513093,0.9071601861331815,0.7461605541807268,0.8149996614444069,0.5049508829510614,0.9250491178925617,1.073309933635898,0.5259582781596976,0.7204411014818497
353,0.773356605773961,0.7828467448805247,0.7494955676178503,0.5631730194417064,0.6785840130682865,0.6374237027459987,0.7128271580423367,0.5057341365958624,0.5689936880472091,0.6493036818445075,0.42020106336596363,0.445264458680789,0.41064669157153455,0.35934980403062167,0.2834982444762819,0.5978894297316901,0.6624909454429628,0.305719903937837,0.5441865134314681,0.5996664878186727,0.6366694935656998,0.7993715322265053,0.6966348522149162,0.7229289444980886,0.9315178143441153,0.8000312533791328,0.9536399043072026,0.8089285578746342,0.7267254465980314,1.0948408035255124,0.5936352245668206,1.0048076533240924,0.9411311961666358,0.5861140829939406,1.0943094705547978
354,0.5728210231975348,0.7648435888313347,0.6597031588869029,0.5660623125991628,0.7533697127955181,0.649854139155212,0.5186876085787637,0.3353892966214067,0.48545318428082895,0.6188500793965935,0.3788473208382137,0.361253591041085,0.5321372871821841,0.3279579586071427,0.257455535102248,0.5567653917369249,0.5493189918952437,0.2538111063638675,0.6537839049122458,0.5430183229946606,0.7080559401998694,0.5179467594031183,0.7019495864282104,0.638346401658725,0.908736017647567,0.6777526558772313,0.7176906975738304,0.7210828495838437,0.739892027833259,0.8820095075484164,0.5902259822507436,0.8722442660913357,0.6905478784151282,0.5824165787952227,0.8223417399438415
355,0.6215823033296343,0.7067986450595668,0.6527269873501684,0.5597416171825553,0.6275496423094074,0.6862147122553841,0.6601362943681829,0.2972769063339593,0.5293101471249386,0.47532545883822136,0.3944362911458906,0.3940631662929258,0.37658442562135813,0.4682517532546653,0.29758542162747464,0.6864592093269715,0.4898989601029142,0.2645727345422586,0.5571184781085993,0.5761407237141204,0.7183549153174431,0.704839675636442,0.7039892229486175,0.5225700445340125,0.9796453324168198,0.830416639962583,0.736885787261878,0.7822118860449536,0.6368948007347861,1.0188341435665178,0.6020821206952762,0.8442703329733867,0.983670385578083,0.45655034466380673,0.8305101688499451
356,0.5776492186539983,0.871092258742015,0.6517612310359906,0.5614306181942765,0.7503274371187207,0.6183691306816587,0.6228254246738691,0.42042159611744573,0.5426005451770236,0.48358971674843876,0.48807204730990406,0.409806325253786,0.5107804552389998,0.4428139171594179,0.26702315449618785,0.7422610368828493,0.5180328462580377,0.33717709904974513,0.6739106075511057,0.6680937365681042,0.437338986139373,0.724638890320473,0.7697657221760255,0.6333224557520762,0.7744088780920917,0.7682297721395459,0.7399604224047459,0.8069107224738075,0.7084879637245671,0.8668823127970655,0.5739983510875581,0.8573534482163072,0.8720303386953927,0.5215098252018393,0.7418714340217297
357,0.5320075220218398,0.7264954301545696,0.6908159618181989,0.6671097170895579,0.8167015385376979,0.5433006057911732,0.6089320413203436,0.436431985565689,0.3900723008884016,0.4467250319576697,0.44397297105361677,0.40396562691500926,0.48081193142485656,0.3713848234496501,0.3163391718331695,0.6671739631541427,0.49886266984023553,0.4003387308566916,0.5501497080178065,0.7655643910612857,0.6899362641562126,0.7090592460345966,0.581622523809417,0.843846387123317,0.9175996150381479,0.8388520704575864,0.7508003199798329,0.45475575451672107,0.9190622537468061,1.085746401481094,0.679578061655074,0.8030403997519575,0.947384625387645,0.658591097445438,0.8509818674684833
358,0.5633086669445746,0.627439323680547,0.5417077384343729,0.6279059765051394,0.6572794896690762,0.7406151565728248,0.558366308828933,0.3098828099067319,0.49689027149666565,0.3849065772317849,0.44510514412595525,0.34442841425195747,0.40708690382929946,0.48343802872115005,0.18251784396454937,0.49089822485059165,0.5319669553738651,0.37833583919219244,0.5339792352429613,0.6322694506390448,0.5139893552132498,0.7133687330660723,0.7703783096794145,0.6356429828055559,0.7351485067724676,0.6029028190885725,0.699561468540894,0.7270626406704499,0.7294715275588636,0.9135397589737229,0.6216414982277456,0.9199246987159719,1.0831374852451534,0.5623120211890763,0.7738628318373328
359,0.8190423238655853,0.7474220130813736,0.6087181871593097,0.5367365002444507,0.5232378486144327,0.651037310446046,0.5553755457565093,0.3330254782401709,0.49055162304502276,0.4889305791635342,0.46893309040270814,0.5591523622704859,0.36845961647203973,0.4440031991286109,0.22011480464737557,0.6214338126633449,0.6268397861438519,0.37675700950909663,0.5811518784837073,0.6739872840240504,0.6103465617298327,0.876135221549528,0.856676934091235,0.5807727086786121,0.8105318093717361,0.8253340478336928,1.0097455945074056,0.7735241669557469,0.7985859580464003,1.005423764327651,0.5916960652125459,1.146042523298402,1.0528074943050387,0.5831334335171079,0.84556290979084
360,0.7653357360029991,0.5953572962463765,0.5879787460838807,0.5228262514645845,0.5672184062426281,0.7284600282154203,0.5993179184823676,0.42059141004116585,0.46566936513257384,0.5190167593614039,0.3467496492175629,0.5082747845142939,0.4348506158166667,0.48846284781579974,0.23874710247099917,0.38926634465604737,0.6008238597714128,0.45849263676275487,0.5304468081795048,0.5323908746293976,0.5566830084815686,0.6439403365485796,0.6840967073908385,0.6028390996194136,0.6814797603422356,0.807682257763761,0.8211401023057936,0.5516356133814417,0.8400220794872848,0.878828552350546,0.521452434573596,1.0303746425945994,0.9551917343237256,0.5557235758702984,0.8762155643280739
361,0.776260739529693,0.7039621779117693,0.7495022578068923,0.649620704072049,0.7363433644863127,0.7022254511231073,0.6766280543221272,0.35421230933875786,0.5933886208151795,0.6684987348624596,0.4669972868395613,0.5467783929861539,0.5197863857951304,0.49562805137984517,0.30099139938676034,0.7040509781176496,0.674623439167565,0.5149634494460493,0.5420714893963079,0.6005957868786134,0.7045169518811455,0.7485965328862998,0.8237707882435326,0.6471618394158258,0.8832817850799805,0.75194135827411,1.077441827550057,0.7555880538684288,0.707334106503119,0.9114987278547431,0.6134212405957131,1.1073006522567082,1.1018844749985224,0.6003000384617974,0.978164690376496
362,0.5395479291732485,0.7117926753289,0.6942417137381739,0.6199604061997789,0.811736929875019,0.6571064020894313,0.6764874208337441,0.43649114440064624,0.5052149696250299,0.35957586126815433,0.5171621228984238,0.4171631727817148,0.47638815781057114,0.4584529209512309,0.28145022403532083,0.6163047775132175,0.555997116640415,0.492448579031295,0.5516025789523998,0.693464255935536,0.6810516049440889,0.7167949847688257,0.7863966005795092,0.6334141640102484,1.0031757733171474,0.8312975540794075,0.7743907320575976,0.6546888269241593,0.6991135419314835,0.8835343593851408,0.5967475347290403,0.7912152303374089,0.9345423048537196,0.5832560548796333,0.694512340034813
363,0.5897900679416758,0.6549113066016897,0.5590447615749066,0.581075561377443,0.63179241245981,0.7004121165813417,0.5059497772473617,0.44910467668881004,0.5857550204800643,0.4973221411700177,0.40740132371008764,0.3564141608204477,0.45601834749981046,0.40412325866198606,0.29491214247846864,0.4894872691081734,0.5253182821205745,0.3887089358787758,0.6171675848620919,0.6732994884964212,0.7708302094675789,0.7003154252216512,0.684127504130699,0.684859398206261,0.826295796622506,0.7039973960693275,0.8345655547483165,0.6239096278515218,0.897106292891224,0.9535217822390016,0.6107769423308218,0.9689410712270328,0.9680166735944224,0.6119527115535708,0.830780998725184
364,0.7732993032745353,0.6777976131277657,0.6585854909623782,0.591005657037355,0.6465804609560704,0.745165435371954,0.5653674146436913,0.33842353705011097,0.5331424777884481,0.5384545162000104,0.5011492284033681,0.42271548754739663,0.43702119085388125,0.5257531759482696,0.267263925788234,0.5256214290458243,0.5155800925287908,0.5193496560437536,0.5260968316193506,0.7280180383308408,0.6048297363582454,0.7812078991196691,0.8118018106935092,0.5671519156687528,0.8919598033161406,0.8019239603389743,0.9171297330754444,0.5976589330506672,0.6812937142443567,0.8826661281869603,0.4821619640896722,1.0351364050950917,1.0848815415044202,0.4837763231311111,0.7854647434305667
365,0.7943015999129437,0.7464654212376454,0.6381259480856194,0.5609936848324177,0.6379777304477309,0.8256894432430768,0.5707697866564136,0.5424718007942375,0.598121605598219,0.5328943961942897,0.5059008890493518,0.5240496540179197,0.4235018479168459,0.4983173234461518,0.3025347167715283,0.6997145729044962,0.5454325912475626,0.612494736708556,0.5113140709790254,0.7148113014808347,0.6362859603143476,0.7234613140180077,0.9455953212390861,0.6473696476756653,0.8157716029609565,0.8216728407093141,0.8847509773432669,0.7573222005221072,0.7416663288081595,1.0550216026998038,0.5898275500109584,0.9348775610807398,1.0975969830808143,0.6738382691258005,0.7043807567883509
366,0.7428199147777657,0.5684595565122823,0.6630566852405904,0.6084273868338655,0.6856638222142429,0.612997769295873,0.4867411849335629,0.5442807758522297,0.53850724461968,0.5880648368221235,0.43583007820843134,0.4828340890855217,0.43338343775871047,0.4577292171190258,0.18992311179520488,0.5588264016642697,0.5550764227277736,0.42090188483209234,0.6508886885610553,0.6487977883578595,0.7630115693856878,0.6986147478342024,0.753531604193598,0.5887774993175523,0.8882467579845459,0.7569238038669256,0.9594038776681907,0.7407190816081382,0.8759495921594933,0.8847837502954125,0.6004772616401358,1.0439844026901013,1.1392462255730498,0.6099814205211893,0.7126076964379586
367,0.7407745157579507,0.6601831706213619,0.5913290008662695,0.5729772190243172,0.5733363293795526,0.6361005668652884,0.531865952014803,0.41516418830420054,0.5514370449552173,0.5419211557753769,0.5204555364863925,0.5148078035006397,0.4201362587889237,0.38844389038091554,0.2528369436029435,0.6355896954753751,0.506434868531106,0.42339358631299073,0.57764772758699,0.5688840981586903,0.6843974473041193,0.6655146708562818,0.8018908981064208,0.5300446201359683,0.8143835130565282,0.7579268326873747,0.9659826470175037,0.7815513430697325,0.7552662234986383,0.929377537635776,0.6207870211963525,1.0209566272173776,0.8499759450416753,0.5084907382177829,0.8001064701195284
368,0.7080353330550475,0.7902196283925889,0.63648777340978,0.6419437924791103,0.7524319072682886,0.576899534946772,0.7182710783462176,0.4991011924112076,0.3788931931747753,0.651820125873224,0.3936869544954886,0.44082638932689705,0.4794471602053568,0.4358735047775212,0.3338033501611032,0.6617960219312996,0.5001841319754001,0.4567084657508519,0.5564025040847018,0.8482565689340984,0.6074678913306515,0.7233035382191104,0.7383678184974061,0.6992612664229995,0.7249797180138486,0.8691804970474446,0.9774265212111329,0.7605970265898843,0.677910627246526,1.0793900074339897,0.6277679460951111,0.9525848988552215,1.0016711292393454,0.5378975159419855,0.8328601657550072
369,0.6943269245426327,0.6142503598659685,0.6704789966556071,0.5900814387283458,0.7171442799032304,0.7537241477095444,0.47340170998904757,0.4656046383267395,0.4935428485410646,0.5116576533577392,0.520218806556596,0.4485451133308478,0.5070370379775312,0.455654851277991,0.2397506958991631,0.7165948982754335,0.6518144217826343,0.37290062574228316,0.5804648280656508,0.5896182442613855,0.6331133046611901,0.7623381652230727,0.8590227421278243,0.7196765834065801,0.801481258728774,0.741837397461024,0.8888344513920365,0.7590930838122681,0.7751128917161108,0.8637491165355387,0.5589912891308739,0.8738052198279986,1.0185401218181653,0.6118040485280443,0.7750523690258497
370,0.5851696216096585,0.7061691387632719,0.7106722119790038,0.5176460202475295,0.6137528918582815,0.692670111953327,0.5734969401856296,0.47445105076279676,0.5532546123316091,0.3977417641315013,0.48525592627837766,0.3541716021834518,0.4275195754558161,0.45167459183149283,0.3570736361396587,0.6525998465509344,0.5015688342825493,0.36155109572228494,0.6040082469546263,0.6421711192871775,0.7502234183788186,0.5912892924544565,0.7679067114165854,0.7407191459503857,0.9007723882264698,0.8473972790289213,0.8891831309622911,0.6947452038058078,0.9124165487156131,0.8342757480069335,0.5920903357944871,0.9034958629181304,0.9573151873135828,0.588941404448718,0.8170041117725815
371,0.6254078385092023,0.7156720704711595,0.6657738435640395,0.4940888839984594,0.7551430961602799,0.59343781134204,0.580774441038328,0.5467791863565201,0.4173907323934312,0.5329488030187597,0.4722197822996312,0.42468404617528965,0.5671004880059521,0.40792618980246464,0.2703491308308363,0.49709764707261944,0.44734202990229555,0.39188756205907094,0.5370755695659464,0.6021305204432287,0.6163820080981273,0.6300369212032055,0.6649346933337749,0.6749831733452083,0.8412979426561531,0.7209227423896198,0.955835817761276,0.6207907962624288,0.8074869249756343,0.8731617858283253,0.5708156909077514,0.8402080332332411,1.0513730616258976,0.5187396142980252,0.7357575557604764
372,0.7836158980508072,0.6982895471981247,0.6431135564762155,0.5568149090093231,0.6818709872805122,0.5491074563923012,0.4532319349198668,0.3820735257465673,0.511081791466171,0.6040122648810055,0.4108946412463387,0.4512147048084072,0.5105237438814431,0.5026892780501114,0.2601521207018027,0.5592975192539402,0.560293733516462,0.4537400991749718,0.4994796218829539,0.5765401475987343,0.6269192996703031,0.7450758908478738,0.7284300994317501,0.6522457183127255,0.9011844322406046,0.6862025136949732,0.9382217663309033,0.6523316096805427,0.8358540021950348,0.8466786809110587,0.6626452933267066,1.0978699500983318,1.1115176825041932,0.45588291062123915,0.6670600531380071
373,0.7088022249021795,0.6182093843478174,0.6900173400688442,0.6747368371959669,0.5111212089842648,0.559828181699138,0.5359553936175105,0.5464957321622954,0.35272522043517407,0.5569643242118748,0.5378786552134092,0.4287021359580583,0.3821576374394432,0.419357197838636,0.3227407352038298,0.6294694276700229,0.5154335141222486,0.4225293675236037,0.5736891007323457,0.6894142602129749,0.7892991685734414,0.6461526179211305,0.7584997664348814,0.6316180701176641,0.9202908288976888,0.748154109574998,0.8923732844073655,0.6066291027594619,0.8293591869813517,1.029647582307615,0.642600224089471,0.8789793492759695,0.9612650469988079,0.5617530624075904,0.750506228812844
374,0.8448491659393114,0.7452851172897226,0.731172937593307,0.513723484397705,0.6895270293966382,0.752414489213074,0.5929485613225314,0.6040796080035464,0.5041285922169365,0.6177477450643298,0.563430200625896,0.5287569748998369,0.36270549137819974,0.45648242627066143,0.35499752308621507,0.5543659814122673,0.6192738413160646,0.5232188588808697,0.6646533058391438,0.6471376071013508,0.6559797021592784,0.7419458057298578,0.6322656529062086,0.7598029398077399,0.7281123880115713,0.745526558194872,1.0845318192527742,0.7177577544197139,0.6860621863156495,0.9352792551951887,0.6074137466348746,1.0677353876452709,0.8657248877388445,0.4977219644225984,0.8482525296689691
375,0.6724773453902916,0.6369383883914213,0.7669033182147641,0.5628384968108955,0.6955928484423632,0.8036535608930563,0.4589664047140058,0.5192035326716954,0.4702935140940703,0.6155567023839336,0.4285897095242031,0.5195046738996791,0.5240604952556933,0.49194202449484553,0.26963706588834924,0.6086231194237393,0.5545407556421883,0.4776309410533013,0.7078622589219211,0.5319335280083722,0.8274122783826968,0.6012230932108921,0.7734389039400213,0.8015529188030115,1.0143499916755072,0.5940522270545282,0.9872951114816447,0.654553748475547,0.8469937167991077,0.6667039275765547,0.6969833641352833,0.9749663736140451,1.0876929890212665,0.5582264587027309,0.8601363798176411
376,0.6882910316791613,0.6778390710776138,0.6843928192425323,0.45552538316265634,0.6892666314835462,0.6291323194328812,0.6833605729489688,0.5007267600287799,0.4250266244888571,0.6002541994354151,0.4600619313886851,0.46978920697454296,0.3980361991204372,0.4016063781068831,0.46400007773552443,0.6074119340303109,0.5760877081592938,0.4189535382063496,0.7501440638278667,0.7214004298794671,0.7744020025784975,0.6325174277625767,0.6721298863282799,0.721127330619579,0.883346947266326,0.8298018857871678,0.9894903886293537,0.7568503175168185,0.7793623349368499,1.1339831545747194,0.6397274955211367,1.0286701118442434,0.939805625586936,0.5000832549955951,0.8234416753824574
377,0.6722523813736078,0.6578635573949152,0.607090873482006,0.551716290860963,0.6554012466165723,0.5737704942204178,0.5968177477012973,0.4398265223257813,0.5709781424658772,0.6561458870206973,0.40069787167571336,0.4724892847004151,0.3804533710797656,0.48052700743552135,0.36996479964471163,0.4447186258235133,0.5574695243522576,0.44296983796754397,0.6986806963080625,0.6842611798710536,0.6703499603346783,0.6160695393361446,0.7061507998170764,0.6642050663211099,0.7013593589324395,0.6787694306586023,0.9093390863651337,0.739784218170874,0.7474253842721328,0.86669520732411,0.5868232015264762,0.9566242554453485,1.209623161266649,0.6258444918622822,0.8846298135387418
378,0.6014959397400685,0.8321825747486195,0.7039542145225723,0.5297738763059938,0.8457448577249254,0.5778825739703486,0.5209461536498647,0.5264325854431561,0.47179985958023685,0.5790373237291977,0.4830634981297191,0.3670849321402104,0.5042108464188579,0.4722181784934282,0.36833020947158435,0.5084545172887642,0.46600250199588666,0.4256064079650923,0.5896477239425002,0.6213961701326641,0.679969747408872,0.5527487763946431,0.6703510271871187,0.6740921635236793,0.7527820284028184,0.7245547027549689,0.7116896210873161,0.7227130263979393,0.833866719823378,0.878895685349331,0.5683273473616203,0.9158433681585665,0.9829827991068711,0.5925681495961942,0.9740281936600534
379,0.6846884806279282,0.8493417943533303,0.6478113763160396,0.5021114780404731,0.7201174794696296,0.7674668461131927,0.6460717823292319,0.5658967048164191,0.4655071360042366,0.4577517820370074,0.39603532500876326,0.39618638321384125,0.3911344607493187,0.41843021580578366,0.574172402094868,0.4511951592817587,0.4598328788086806,0.5078077868566522,0.6324912061830712,0.7213928296148282,0.6497683754278358,0.6753396336420667,0.6212977255240919,0.6598895444275767,0.7077685553777774,0.9693973834425591,0.740096715297216,0.7981487988990394,0.7141468961092081,1.0975905629312808,0.5267943375753796,0.970214561596237,0.877130296346109,0.5933126113072595,1.0362416013730193
380,0.6388430008526845,0.7619251099319819,0.7125695113271193,0.5384756388646001,0.7440097355840436,0.815247361047355,0.6267741684922725,0.48480808410434484,0.5523754498443677,0.5848207308943799,0.4250658022242219,0.3984661809332183,0.42162389635220826,0.4696078357093496,0.4378618789359708,0.5121004497384498,0.4438440651009017,0.49987402576343,0.6158613154601909,0.6208689422012902,0.5834771213668684,0.3781114272149925,0.7151035658327782,0.6983535341915024,0.717204265906934,0.7056130718301427,0.7380010577775786,0.7185419332333327,0.7930359929305544,0.9497835264163883,0.5246800520174437,0.8199209773155656,1.0284086288628473,0.5146141689112699,0.7669576404702072
381,0.8397084798406023,0.49213161010816625,0.5259387640735265,0.4940705546113471,0.7130344969878797,0.8181527382359695,0.4778306001891886,0.6119429175485485,0.5961079208482801,0.6128709028351865,0.3515007409822365,0.4482454919813701,0.5102605922625767,0.5318162676299397,0.2950747644206215,0.4330587051376976,0.5134149597645661,0.47979320357875654,0.4972544255887853,0.595305297238901,0.5694189091599335,0.610424348619971,0.7291856378161854,0.6316346083429385,0.8125086630424758,0.6528077299860267,0.9413474106231856,0.8627321893603417,0.6504922697872009,0.6264474313225682,0.4622749388756189,1.091905913739941,1.0117744931677355,0.5813920009732987,0.7550198242028405
382,0.5871478051710362,0.5576605103076859,0.8170670690263843,0.5431095359874905,0.9029346984334251,0.6346057338064441,0.41685211484480755,0.6195930584501284,0.4944380620487302,0.5967199086243884,0.441551424920514,0.4213097597430877,0.5378918621957286,0.4723041098127924,0.34629032868604426,0.5284477791539753,0.5947902543456193,0.42450941370109896,0.6276300759303952,0.43797878293979875,0.7822783823065412,0.6233471453249531,0.6384195406399615,0.8467130643398777,0.9957565167468528,0.6993073118293293,0.9151648923661693,0.7992053205697419,0.8487688599481311,0.8620852180052891,0.6495358024508638,0.8696242331806432,0.8365127832501142,0.6068394521728484,0.485591427034298
383,0.8360346836558681,0.6787555899794111,0.4803088983527818,0.5073068077441363,0.6123643285485851,0.7298302927072063,0.43379424740421363,0.5246857362432211,0.4578077451649867,0.6267550136054043,0.4649602697645887,0.46304294525256173,0.357779111076432,0.4439318172507356,0.3956385131992848,0.30570612470197056,0.5585620611469843,0.39241230855638476,0.4999339372785754,0.48316570159330735,0.6219012921628837,0.564461738907081,0.6055334134206006,0.4800594290923552,0.7709838689957068,0.845935394994162,0.8935129038801666,0.7105707464002426,0.6829955155693146,0.7596229822034049,0.5226613425895373,0.9917833955403926,0.948857271235186,0.5501855099957729,0.7567982787354843
384,0.5071282142562463,0.6592515237263579,0.7671965808146126,0.6065443431503232,0.6474789989493047,0.610040783021472,0.5335888806510645,0.49676791851506785,0.5333194787200054,0.47887733263876486,0.5110947895774872,0.33831754341306997,0.4481307312765657,0.4206119774948939,0.3572146107350433,0.5971904335290432,0.4510883740025952,0.29005094853241525,0.49805532986730355,0.5002851469668608,0.9066086330305266,0.5519421091835729,0.727807501740413,0.7256987572912734,0.9693122779412676,0.7641251889889544,0.9606631494331797,0.8747945431743023,0.7080471933384314,0.671982609546677,0.6805799698476198,0.9377523462327139,1.055112365345939,0.5523600713980973,0.7680916582055811
385,0.6036672855276339,0.7491613918326891,0.37985860070026223,0.4709423408085341,0.6993621356613628,0.5548379013299654,0.5322469551333424,0.49861084044706894,0.5092116665417048,0.5174195399527852,0.5144385445469085,0.4750533262874861,0.4628557946776988,0.4321387339728743,0.4440614700377614,0.5030936355977693,0.5378057783225205,0.23246063632432296,0.5388597142551259,0.5705147601766254,0.6286431257333664,0.6917221883130826,0.6563686395485917,0.542779059315879,0.8396263189997615,0.796158336036654,0.8931119749215841,0.7183509765291893,0.8246407248001546,0.7985777111358784,0.4646814090492097,0.955100832622275,0.9343337934959901,0.5180870788556948,0.7027558850695508
386,0.4546475620258006,0.7765684326776428,0.7061917656238879,0.5716326958518511,0.5779255910229246,0.6126946916424717,0.534635576107901,0.48559023930969136,0.4878512913148193,0.462894936323371,0.39643890192636566,0.42905553410504643,0.37722275959927676,0.48103501193110854,0.3448584405919537,0.5289757567722322,0.33545656625731657,0.26339391225570097,0.4550648188659274,0.6371362090059819,0.7095121176358624,0.4439713594885216,0.6148306490232314,0.6561608893603061,0.7033861603962399,0.8043481767032055,0.8832314421698805,0.6127919610792322,0.758780443669945,0.841918187702775,0.5497507267985202,0.7638595800476886,1.0724301954091309,0.4792115645660143,0.7335198772948242
387,0.7132017718047619,0.8348444712188273,0.5960876165443418,0.6329768354960709,0.7002859925034208,0.6618326859536194,0.6535726348608164,0.5827683043813381,0.706827513512412,0.5661211410975172,0.38394508707346975,0.4996862984719561,0.4576730501978346,0.5114302830241253,0.48162734246241323,0.5021576875260712,0.4870799920245925,0.32413701731505706,0.5924079715721232,0.6369281339790174,0.6647591548209957,0.8469375161376651,0.7948005561832745,0.6473735835886862,0.7404573712106708,0.8012722569711593,0.9739446204706832,0.6895010347082854,0.6829861957756561,0.8860215546297694,0.587349590917702,0.9885459768811682,0.9418831988895552,0.5362656878615907,0.8280078650501077
388,0.803787274808659,0.6470418671375451,0.7216745362071504,0.5395550908616152,0.7295859359183102,0.6653113010647758,0.40995107047112866,0.38910691772215417,0.5425644409792928,0.6786695469366475,0.4263963146547436,0.47509914695479827,0.5382722508838315,0.468263076970856,0.4227844511098018,0.4101347531374689,0.4987820736582006,0.3956492172664836,0.5946151058890305,0.6243013504155975,0.6091953260846629,0.6088676861251627,0.6209287519192168,0.8361358088644489,0.7819089906702945,0.7147777030551403,1.1145180590295207,0.8123031346385026,0.7776284900791489,0.8482193484110544,0.4199354778653364,0.8960427677341192,1.135539555229208,0.5723532910476964,0.6641435656271765
389,0.5813818438593363,0.7990566474911351,0.7437416947642724,0.5903490229733555,0.8277484707432884,0.700333732550046,0.500961819310793,0.5088744449144634,0.6100221655460809,0.5241014227038874,0.4420322317299511,0.45715468687788346,0.4612642230763233,0.4471700615013553,0.4703085089226049,0.6703006804112932,0.5643687464283109,0.43163389005402103,0.6537977922158283,0.6167536627113758,0.5898661384412147,0.7423650186065689,0.6967978207709824,0.7042898443561949,0.785916950463819,0.7937467544114765,0.8717834384008433,0.7376987106509758,0.8021588555400181,0.9077787354550408,0.5283247988928471,0.9132746641477915,1.0380740850270576,0.6231883621193056,0.7023749526336396
390,0.7282299894134796,0.6300943360958338,0.7057760465331537,0.6039512423433775,0.6800324612645381,0.6601613879605343,0.4675212002615952,0.5969845687481781,0.5687535619464945,0.6278929417954071,0.4895331183720002,0.44321030558947117,0.42433979957634127,0.46292680488785426,0.376447875443438,0.5280373086182151,0.6378632206889315,0.4514253267783067,0.6995228423848356,0.7304989271860022,0.686299326154943,0.8784231684214052,0.859877370981408,0.8614321645792982,0.8686405226962055,0.6070785234358875,1.036823169711484,0.6381211848218153,0.9514018854621016,0.7864285679597965,0.5960178275980668,1.101108235213482,1.023396583350019,0.5980013223072115,0.7663533394540074
391,0.5723555146284887,0.7794078448520929,0.7118591395724301,0.6928133436832247,0.7182022714546374,0.607563315990246,0.5646608865055598,0.4947474465414319,0.5189952607193953,0.5120719193979993,0.5204963853682287,0.39951796308862475,0.515363321026029,0.40213393493727256,0.5213761815970591,0.7689129981890692,0.5069233491013424,0.4026552809735799,0.6605128409614379,0.6841154175087452,0.661114053548205,0.8953801414357547,0.5543782023476058,0.7463911239777479,0.9030742389869246,0.7933343449542059,0.7046181418644184,0.7345542693874476,0.8570810349020699,0.8110488688648302,0.7679297929240984,1.0016609036015165,0.8736288442551856,0.5639231990557321,0.8698796437026677
392,0.8691822432193499,0.5131298045023254,0.7660692178105759,0.5855064918677046,0.8152679672919789,0.6262850523796665,0.4593896730133291,0.5584459438256631,0.6270925096762991,0.6232105770155839,0.46457502923269156,0.5403669630031722,0.3843381435125752,0.4173711924667447,0.3842407213669613,0.590340485328701,0.6192693625535381,0.28745675746130794,0.6607814411203502,0.5265612158756032,0.6491485164241257,0.9320732080395677,0.9072703141509885,0.6706839426897809,0.8762243902171194,0.60859298815865,1.1605894092506424,0.9578994456166907,0.7044617417013919,0.7245742495438924,0.6094431649684111,1.186531646687736,0.7678230839705766,0.5746373046644582,0.7955449929136414
393,0.6235600659925395,0.6859879071489361,0.6773062000992001,0.5467362301869284,0.8285666345011791,0.6165696810448997,0.4308405319931403,0.41835828015624854,0.6485382033801469,0.5034367267014557,0.4103661397655446,0.37357682781012286,0.5209022678570299,0.5223133969924548,0.3835722787152529,0.5364708704567459,0.5276389463093192,0.47785341668881615,0.6169689760886085,0.6255543499744309,0.6701417613407107,0.7895540678868844,0.7003226996721196,0.8166553850782672,0.8120141509321404,0.7891094838932751,0.9059127021934524,0.7556675283026955,0.7774664110625358,0.8811326400845597,0.5830346570834879,0.9370572584212589,1.0570897939258024,0.5360605842231323,0.8568652655079012
394,0.603595682860468,0.6643590745160333,0.7192930702565191,0.5523436848959005,0.8098499612110905,0.6934242759394187,0.5703642163831033,0.54679619539529,0.5752893006374356,0.6260676964555922,0.4612429086622879,0.500576192266871,0.4963607051863326,0.4791842781958956,0.4430187050656842,0.7033148240927639,0.4337687668063097,0.34758317817257667,0.6896355763800186,0.4685908245716768,0.6374991008301238,0.8013335369753217,0.7870976227228484,0.8495069783332274,0.9956580228540689,0.6425261585485696,0.9617055644617546,0.7657533105663006,0.8961381460507514,0.8106850601524791,0.5820344995414067,0.9407285670459289,0.8574387378694974,0.5688717930913247,0.8625917321382813
395,0.5412483721495005,0.8603318291862634,0.6782022474289652,0.576853101255035,0.6974133643868912,0.7241789755054844,0.5949051805405805,0.43883273476296186,0.6020521418603746,0.561806500192399,0.4486424431966366,0.3909098794113096,0.4853648331667967,0.4189267316937459,0.5450812398032193,0.6394353674163068,0.5893620720814643,0.2749026844970332,0.6003742173717169,0.521468068396707,0.6841260227532079,0.8207485579138941,0.7068135101038295,0.7641466331332315,0.7840822154272822,0.7514358616491437,0.8868723811520514,0.8505882765269654,0.7004684546238673,1.0497290450719294,0.5958172891454003,0.8905308206758892,0.9862169863135728,0.47022264179129236,0.9561962613535521
396,0.675721062619782,0.5723761452008329,0.6467626495431118,0.5789502201709854,0.697095856261166,0.7474250345524311,0.556954511512149,0.5352632337667558,0.6571328335577407,0.5736885027514502,0.4712175287835463,0.5164932852732079,0.46758951374639346,0.5371126194811005,0.3626687588126073,0.5270287464064274,0.5058286312932951,0.3062248381266707,0.6273652094216473,0.5864154598719482,0.6464843858548743,0.8025494091409077,0.6703848565558383,0.7441868595255916,0.8751262611020068,0.843237831497315,0.8149363542951835,0.9825843600683429,0.7731866438885875,0.8793881450227914,0.7319985287060495,0.9513223559033661,1.088379989127707,0.47100929798909874,0.7637711698885685
397,0.5046239628186736,0.701693099227437,0.6768389469774629,0.49344121895525295,0.7311163594174985,0.7714184680545899,0.6030785917269085,0.482693319392582,0.6847062937684449,0.4316752866366173,0.5566532231942921,0.3961717561169015,0.4500230853670124,0.5476462609817563,0.4028371834533927,0.6402552113221547,0.48093619811556243,0.3749147896419995,0.5961680891717391,0.6017777674008318,0.6761300736391953,0.8585141791956317,0.6588404439837945,0.5894739433169608,0.7735189051434797,0.6849134379806004,0.912676284871833,0.9190531897966712,0.6459607681650901,0.8975717186860235,0.6839278763885992,0.9254860601427009,1.1791657987090705,0.5208684177617383,0.8549748310629809
398,0.6594611075936295,0.7802163250015987,0.789347802508497,0.6061250522860571,0.7880437142155461,0.5341979685247824,0.6463636592189008,0.49534913271035236,0.5614434719496101,0.6587240488632611,0.4137994053803433,0.4736231140466074,0.4734273065646432,0.4438756966566595,0.4728450707551942,0.6600458052018907,0.4531616736617113,0.37299512254601797,0.5401264143149306,0.48999251481625267,0.6647828961465923,0.790744857241713,0.6600695302169304,0.6326509519161658,0.8837243158254295,0.7439822491151962,0.9140108882128414,0.7991246964361873,0.7132210003301138,1.100234522135585,0.7087605637893725,1.0373689306414553,0.854205998457233,0.44537298279047016,0.9405929459007742
399,0.7073537359909006,0.6613558005380475,0.6155007769112678,0.4814144535599316,0.6909516845814176,0.7431449963845622,0.5385523876734589,0.4727756670210553,0.614286185009513,0.5556054286134886,0.4971594307534986,0.43687100504065013,0.3735972836794069,0.49492701484810275,0.40413870170217325,0.6201558714585669,0.5212187903277457,0.412778967802076,0.5974453108399405,0.6510560912601886,0.6245832741967354,0.7549746010404272,0.7667660213943687,0.7262655126147675,0.8046067972988689,0.8050836781502296,1.0129775351247607,1.0170960034286842,0.8692968826378636,0.9052034994703532,0.598904072113301,1.0540363703624758,0.9478644485574375,0.5309423040058383,0.8695579221028661
