iter,a0.0_s0,a0.0_s1,a0.0_s2,a0.0_s3,a0.0_s4,a0.15_s0,a0.15_s1,a0.15_s2,a0.15_s3,a0.15_s4,a0.3_s0,a0.3_s1,a0.3_s2,a0.3_s3,a0.3_s4,a0.5_s0,a0.5_s1,a0.5_s2,a0.5_s3,a0.5_s4,a0.7_s0,a0.7_s1,a0.7_s2,a0.7_s3,a0.7_s4,a0.85_s0,a0.85_s1,a0.85_s2,a0.85_s3,a0.85_s4,a1.0_s0,a1.0_s1,a1.0_s2,a1.0_s3,a1.0_s4
0,-0.27650331086899144,-0.3863066841814874,-0.270117625655636,-0.2868639414417517,-0.35658185145813864,-0.25029324953286736,-0.3272395024620602,-0.23984652772819717,-0.25531336103816193,-0.30607178292992515,-0.22654038144700495,-0.27370986902882927,-0.21241334523145577,-0.22672064754740875,-0.26029703332623166,-0.19813008824626752,-0.20968422904006284,-0.17960110734319645,-0.19252151964670391,-0.2055468426237747,-0.17287649429005641,-0.15277254905004825,-0.15043467366474364,-0.16212229484607735,-0.15688000644381295,-0.15570405039983287,-0.11407260665683831,-0.13060149876339577,-0.14145082198165132,-0.12378655784143897,-0.13985256373193425,-0.07834958290925992,-0.11229395270061311,-0.12236946241448882,-0.09323875913155527
1,-0.30800821285149355,-0.11469466750203645,-0.3212453803105673,-0.2775126954515532,-0.28479400047426384,-0.28812458298951515,-0.18358356606792559,-0.22135913032441729,-0.2502485898333121,-0.3020046073424019,-0.29266045821497844,-0.21592426290088443,-0.2862805850698769,-0.22959632168812694,-0.21975619373289074,-0.17325126081467424,-0.19226837233459265,-0.16936873925992835,-0.18994555009149527,-0.1306520984254078,-0.1516583585156671,-0.14822568376764317,-0.13461526539979163,-0.1313323859262804,-0.1164302866334374,-0.09409652719161418,-0.09010709075122036,-0.08337434998488497,-0.09086148366554417,-0.12659912064906795,-0.04059002326461768,-0.07203542200181963,-0.06729603641101277,-0.04721425110260301,-0.10217895585757554
2,-0.18069894690135863,-0.1691538540788923,-0.27017501872856287,-0.18180956366473502,-0.14601484169169507,-0.24604433029457895,-0.21318776202134898,-0.2537974555914928,-0.17509667700024273,-0.21754711703430862,-0.2090121691713362,-0.1964178920999427,-0.11791638894357165,-0.1841188324046183,-0.0737074497040347,-0.08401075088945807,-0.14222128498679024,-0.1177786623122819,-0.11434776107793977,-0.12110110759068408,-0.12832851362725162,-0.16725451628744065,-0.12674071594477632,-0.09243368917225214,-0.15960641557456862,-0.09772432094963121,-0.11296841764666214,-0.07337803159108164,-0.06492788901582802,-0.10318861531629236,-0.10070706835986634,-0.06120232187306801,-0.03067292810113033,-0.03277103239500347,-0.10091242746849519
3,-0.23615391288127424,-0.21094760361403248,-0.14246626667321782,-0.12265524049561824,-0.14538466584795953,-0.06142448772089507,-0.07340159209328628,-0.12698752389392332,-0.13340317861440124,-0.1757159909483613,-0.16961207815017762,-0.15766984164575965,-0.11936597486141126,-0.04499552691420623,-0.10052302023042543,-0.0941186022321053,-0.13428534685518767,-0.04064219402069053,0.008976266892361391,-0.1234060653438956,-0.09801139179067331,-0.13395166999156377,-0.1409639535849092,-0.042876846601793965,-0.101270937205752,-0.08880382204367451,-0.10899153743220819,-0.07134635144588213,-0.09264090666496597,-0.12188904217571835,-0.07126796818283009,-0.027561505950146316,-0.042821494331689455,-0.02426592511945082,-0.05848975477183872
4,-0.003736761988387873,-0.09882398522618305,-0.14219811457511516,-0.2597315362700851,-0.19464845782294235,-0.051734515480944016,-0.0369589361841428,-0.09911096075746172,-0.13544474388099617,-0.11771319448105855,-0.07195454000438067,-0.15130568147311416,0.12038283048629204,-0.03822936695932268,-0.005314181133028329,-0.03260025573662692,-0.07466209487004923,-0.014804023717263309,-0.03501897454859501,0.025366446827558547,-0.08726089195723657,-0.11102940400649422,-0.09544928713052378,-0.06508576132368116,-0.06509790334439874,-0.023784147925287748,-0.10065803245518119,-0.06872147869466923,-0.05139633711930394,-0.09745307521459365,-0.03742340106211774,-0.039402125234796206,-0.03394452771566778,-0.011564893681914682,-0.029878738714286833
5,0.087216790420806,0.1303207717515599,-0.00886023827314169,-0.1574687221300837,0.020810803259250818,0.13863541368243706,-0.05849697835467685,-0.0780602526015956,-0.1946564799817977,0.054399843636177114,-0.05466971659111788,-0.11943442328122067,0.07934700206990014,-0.09793965021608973,0.09788279394339044,-0.01754825717569083,-0.09113507167676205,-0.10121168934725709,0.03417861988556507,-0.003778072119502344,-0.056782077281599994,-0.15039133410563676,-0.06901195357715925,-0.0279809836713032,-0.010742012324704214,-0.06404426438232548,-0.07588974336082804,-0.040136300904328515,-0.03238495521427548,-0.05545343251035634,-0.026361707425302687,0.003743544902116886,0.004773721364034415,0.06014782495971324,-0.026805697567692858
6,0.06151151085693235,0.2022180960246609,0.08358831394837854,-0.0369901737646924,-0.06417969156613229,0.1142800259156514,0.04331417114983767,0.047072546637793033,-0.05620557238404135,0.027250199755686173,-0.08036919712169832,-0.1149878675432201,0.02233482473712375,0.010813206841344736,0.08329041457073695,-0.0006906323917922307,-0.04370338102697673,0.0025455853288080844,0.07937571694368173,0.08149130970603863,-0.04903551585948653,-0.12194615048988003,0.008863284268618977,0.042027128353712945,0.004511894873681087,-0.04887558836321161,-0.07294466149223416,-0.03321289824729165,0.0019300895330986948,-0.06803484170670157,-0.031453176752966605,0.012766150499360546,0.004890384771375459,0.10612208801874054,-0.025157238923093173
7,0.21646359272315585,0.23191525649449896,0.1929645937747992,0.01955843839728164,-0.09094100152103073,0.23588877452999335,-0.010792722512665102,0.07532398295197304,0.0730148881445262,0.12119075552453609,0.06185598506739363,-0.0949994723256046,0.14534222812265324,0.10253005082640615,0.12134777907715398,-0.06540975383056355,-0.02254090946163976,-0.0718401932586033,0.19813615961934283,0.05302234150687381,-0.0322764697860065,-0.1526058521388915,-0.005359533408380467,-0.0015416035512590687,0.02071367300608051,0.016709703479295672,-0.07914298486764226,-0.024593926105905335,0.02665953425959284,-0.06970749934038943,0.009006959885583855,0.00828420600583248,0.026333941829730968,0.11487364466329053,0.022282482468001706
8,0.14684929421205065,0.26863299631830245,0.22238000881054312,0.01886936943088005,-0.15565289098856808,0.19849542831085404,0.13410516440768544,0.1613432002797935,0.04060316340579834,0.2872628449644869,0.1104660349206712,-0.02918708099146729,0.10517437083033851,0.19153183593568024,0.1273599372551801,-0.05391180254796024,0.010630855604656726,-0.0032792276616408437,0.18162205432034942,0.057096559956109974,-0.006801538398807111,-0.15826839446633367,0.015505377731715193,0.022994004284767982,0.08663352005711047,-0.032063120792703466,-0.04552612891743204,-0.0030546332273250817,0.054799852842057434,-0.05803283640548872,0.026512685175110552,0.04933472113695841,0.028049323062106234,0.1585401366224224,0.04862529290483032
9,0.16520906170704214,0.302792219918514,0.27052207328861266,0.10511832631914349,-0.0253198328523931,0.34153673751513736,0.13870606561666116,0.1854471919489821,-0.03419832052932117,0.3776311977874693,0.16042622313666707,-0.026053611780263535,0.24588964973065058,0.23671236449565836,0.15680794307905868,0.017463698136211202,0.02498677311665624,0.01581199474674982,0.1681094662480076,0.1407852238620038,0.06157127678265725,-0.0974825527936945,0.07009832445849049,0.055403599358782654,0.057536741469362274,0.03884925304524764,-0.01753100218661644,0.003435388356499767,0.06536390235684028,0.03150096245524461,0.043702582179102084,0.09964053464344781,0.11178208943758808,0.1507280706868811,0.03138601183425038
10,0.3590945259628657,0.41816039739972266,0.534662120341469,-0.03639504944777936,-0.034717699713110964,0.3017571090454518,0.1974529692727855,0.28514319386950326,-0.049580439393681563,0.3225810373970637,0.1698400597998468,0.07180173499442373,0.35082951400311824,0.12630381395530396,0.2924748773683961,0.03662296323146084,0.05038366078090942,0.00664794049249651,0.15357362628796428,0.10042835517993504,0.03800687130372993,-0.08888060951368197,0.0862716636446601,0.0691171614875283,0.09563001724072268,0.08736009619371328,-0.02163956681362044,0.010807985387125317,0.08766166949731735,-0.0047171171774939,0.08048733216485346,0.11771712652990823,0.07019388674729918,0.2310422920394955,0.05768706966459812
11,0.33523282330910253,0.5429891853912829,0.6006600113166369,0.05723523064954945,0.016039794610895993,0.42439410039719627,0.16897054511369503,0.32185296027984767,0.0955681102559465,0.41255580716464146,0.23336880568154791,0.19270981218354785,0.2449451848958088,0.3246561282014545,0.22247128513617662,0.14208360639617024,0.09053406954841027,0.03128424569496852,0.22141688369608983,0.1523619898920867,0.06988797695787788,-0.06852158097280621,0.12100809690537834,0.0783314971035538,0.1449785785806487,0.13663204799898554,-0.01693823296664579,0.03901056355940549,0.12535605395275745,0.04552915272975432,0.1331826145551647,0.16634864137523334,0.13268274320788287,0.24045993817874275,0.1364643671752927
12,0.49675669990854565,0.49503524224865414,0.5877394944246525,0.07061813746986093,0.16426502256950853,0.45635664001608933,0.23039175103191653,0.349146581963323,0.00010526127318723905,0.4364241470236694,0.31625642495678724,0.17470698312953067,0.40042971242182696,0.35413426428757505,0.27499862353887494,0.15703267645742672,0.10797510246495919,0.06369334062564153,0.23769724600565229,0.13258444954151688,0.13001248671236443,-0.058291838111602746,0.17403173075757808,0.025295666925183487,0.11076226544575407,0.1533552462573779,0.033508765681745656,0.059802404661598176,0.12624773428322672,0.019224827102459156,0.21855759275608874,0.17871049879699147,0.14989796576571868,0.2976263869554627,0.11411794219662823
13,0.600706069734791,0.6061253562871709,0.615177786291359,0.10822599791285267,0.264312262892031,0.5124681400035775,0.3539802356732411,0.387789780450978,0.0270344161411686,0.43773923782582846,0.3516474884523072,0.19267358014086988,0.40716118892413294,0.4090618552953343,0.24184645943264022,0.14484188850910676,0.16990182544938925,0.07961858079269987,0.2138781334401078,0.1417013567340661,0.11815309652331532,-0.009895123528185524,0.1940996813090872,0.06114052637269768,0.16300710703418747,0.14816147576381672,-0.00017850164638814718,0.06439424926682641,0.142462794816325,0.04444691595109671,0.2583830063896423,0.23494647867547797,0.18109677554579337,0.2360308993310386,0.11542372911163885
14,0.7042734659761005,0.56035886698191,0.5532112744094401,0.16565199075875556,0.39992890774589107,0.4520531772176004,0.3039910589870071,0.37418972847749354,0.2127260043830128,0.4808863119220555,0.3785411480925125,0.15832055687605762,0.45087825381823543,0.402710403167917,0.3377136150350691,0.17760210188119444,0.16749481046732861,0.1215654212246825,0.25958751090631726,0.18738482209340063,0.11899693230100056,0.01183256662408318,0.18034369788024748,0.15572597632800636,0.17821265679435214,0.20738516552712133,-0.01091929600495839,0.041291514780945934,0.19481090793227773,0.06259306652204771,0.3036572232137774,0.273894969285695,0.16041933659826488,0.31183492169386995,0.19027623628109613
15,0.5465032621954944,0.6642127355861122,0.6688298359766471,0.125034591976674,0.5625851411146321,0.4522189996921698,0.4007586576137965,0.3730487556236531,0.2590176533658862,0.6041773436132628,0.322200878567218,0.22710112333232213,0.4374091566829856,0.39491184892437314,0.3345198325525699,0.1499707771272666,0.19054322681718122,0.17284651065800583,0.2479479799654905,0.17268427723764604,0.1755415917904084,0.03858152515577796,0.16807371393717407,0.06910951186273726,0.2318399714607067,0.12752710664440858,0.058880566558914556,0.09313501713140385,0.2154557830442375,0.02440624321444824,0.35709163397114985,0.2646727014784147,0.2810261755404583,0.2956013105007468,0.17869458018164697
16,0.5696178298820571,0.6668573906744005,0.7139476312454502,0.2573453762205911,0.6404446241854661,0.49664876036443145,0.24494030377152842,0.36586035052600807,0.3329655441598588,0.605805930341852,0.3657653987486575,0.2541951741737451,0.44178405422180467,0.3959109314282091,0.33794538692448395,0.15768102762646663,0.2611841458436881,0.21181588845597327,0.2639888776283915,0.1840042917795975,0.11272333240240338,0.0369752102685998,0.15414495111964038,0.058878924279657525,0.1938470117414859,0.15874431179315363,0.09664124624112413,0.17214024545933607,0.2702710002348108,0.08911082777304562,0.3342432693863384,0.23567112282636515,0.3322700179836515,0.28252220969107045,0.1847776617732771
17,0.7010210824117796,0.7669430961907455,0.7050148486071801,0.2958646293861048,0.7174677492325893,0.578645330373399,0.42269786674571297,0.4312965797337014,0.2617747607102673,0.5791829040319659,0.36185159540535305,0.31672870927125746,0.5029669775224194,0.38027693772232907,0.33969319240734236,0.22069484779977017,0.29322879030326476,0.18548255712653552,0.26974897185442936,0.16970762748275167,0.12638252593774818,0.12895851690290616,0.22938582793334453,0.17833158628224255,0.1452372764708625,0.14342966946775648,0.1226828673465156,0.160727913192725,0.2877113788457445,0.15130975826761658,0.2810609249732158,0.28297273548852364,0.3549929114075328,0.3545414735628572,0.18809092710217856
18,0.7711785268713189,0.7939265855930429,0.7589673449055933,0.3246169717038948,0.7565038326752442,0.4970389650010932,0.40159737629677117,0.48340889760301575,0.4322732015615427,0.6034525013019771,0.3699367448972738,0.29912723888483117,0.5127154898660519,0.4674140551887843,0.3469595945129037,0.23627322459699052,0.26580692201258216,0.24247576925399456,0.2902936192921225,0.21623037996702038,0.17322816341035682,0.1495333900685991,0.20593321062389633,0.1291753158842017,0.17435707018783225,0.25018580828453296,0.101095954350755,0.16219828115575075,0.2943615027191649,0.17592095880090958,0.3462672143346025,0.2433020652737691,0.3514288518449119,0.38752782773006034,0.19453514845566017
19,0.8375839326316804,0.8507853966884368,0.7852320987519184,0.4676163895525931,0.7758252423627947,0.5004652260640043,0.3990808313426407,0.4159015252614982,0.394643715813775,0.5880780499539822,0.33287077362738215,0.28311514255914555,0.4887973313098407,0.43263405995581555,0.43240185368716,0.2395120979706506,0.25888599645859667,0.21803318487480294,0.30157963603966775,0.2700962115871123,0.15371110126059156,0.174977766669555,0.2278466855380566,0.1898117036289749,0.13003715022407433,0.2788863669279854,0.18101615295022838,0.18064804608801213,0.33363669074964714,0.209981937043895,0.35864835053463695,0.29535985821079946,0.3882744884505084,0.3462608980932316,0.20577905717212758
20,0.8355337305227252,0.7556643610679123,0.8077839628127,0.47391195530200747,0.823775730655542,0.4556877447341871,0.4313419807134088,0.49517204704172113,0.34111671194704735,0.6268408102021183,0.36192593003408063,0.3525064004009475,0.47296201415417194,0.43398450457244964,0.40022083951867604,0.26518982841002464,0.2694135702834718,0.2115745637130499,0.2987963448244622,0.2797434560832242,0.208142623447975,0.13095633331822562,0.2635641271615551,0.19011619636568408,0.10789840545880515,0.2560518148161595,0.1507571455570504,0.2124641612073169,0.3385521269860484,0.27087041622174857,0.41439812315954255,0.3015373546535536,0.369836312600225,0.37779647595104393,0.21880166516474156
21,0.6761862833927657,0.7435793582168451,0.8803251008733908,0.48144010975065343,0.812772259159044,0.5449689135926234,0.39005700123842546,0.4251427263855174,0.29264265568948095,0.610360714123993,0.2442011742395629,0.4032506241636266,0.5128149357571393,0.4683429796654998,0.43712135179379885,0.2511612709718347,0.26013781361793653,0.26680890241961264,0.308505987476645,0.2785914622938841,0.12675706407767431,0.14366340789366977,0.21055099685695078,0.20841397463967556,0.13752386523655624,0.2106855917511301,0.1687188781987655,0.17415580872297884,0.3463219493499372,0.2635212137907473,0.4073085218845033,0.3380595169775617,0.3714189153208666,0.4561369447323379,0.29705791238227064
22,0.7015211926216681,0.7288262607470553,0.8209199417473643,0.5636998473232482,0.8231761026204153,0.5800574611351041,0.4386361359609644,0.5039548141907744,0.4750033929404655,0.5338442803089223,0.33377356330107666,0.4175222222642557,0.49431920452685535,0.5303007824312981,0.39736110284377474,0.30021521635091386,0.2637403319366134,0.2624814122972379,0.33863017396067197,0.2630601589913817,0.13884857431166314,0.16948213312050903,0.2031918553733704,0.25842480740842355,0.14014292495521447,0.21159118511623903,0.24198312413329476,0.18274203562666497,0.3462530758493331,0.25822065266965094,0.48641034460502136,0.36337398085110767,0.4311191967642365,0.40754737951740017,0.19928189310934805
23,0.8767299720332937,0.7214614634404878,0.7547561306368643,0.6578306395043416,0.8352725962755517,0.5992506280123853,0.5081765635637624,0.49266002811656284,0.4803640880700384,0.5760179788511326,0.4366067688762969,0.4288102003300067,0.5726774453603062,0.49042763337594153,0.3620508023609458,0.2774021290978611,0.28594084608757553,0.2505733925648983,0.35849456169757576,0.2689762797394823,0.17672952589195084,0.22749638744437914,0.21945142585729954,0.19925516177393748,0.16340017992521905,0.22060603890468966,0.19880343689490762,0.1771814935647955,0.43084627577297974,0.2701490963069664,0.47234374062971146,0.3859006095024946,0.37362532871389575,0.4501706981080189,0.24883600357635832
24,0.9151829401552629,0.696845148872049,0.9117324272746561,0.49764441593574293,0.9728396546432437,0.6466025474158126,0.4886966282622795,0.5956288590476482,0.5268996434261122,0.5976306064349852,0.3216480775948838,0.42689087824891003,0.5837104263428633,0.46423397429238555,0.39968370882881143,0.29255913620984697,0.3058075000893503,0.27513711250625916,0.3137063978139955,0.2884854902384527,0.16612905474443684,0.17923129776179825,0.22937719173416735,0.18135297285866592,0.13468527075536232,0.2880122504718088,0.24640596413974702,0.22029119663604488,0.4196850532446096,0.22750741463136384,0.5025192495865834,0.3478340277713353,0.43988648251368545,0.39784970317371354,0.2065706157188173
25,0.9357159479731767,0.7774238396620929,0.8576184949212583,0.7173206939236724,0.9104156808309889,0.6496643283358418,0.5379895595452591,0.38410959687480095,0.6584434631886087,0.6058517077587309,0.33845858615438384,0.4270216703348293,0.49143212653125645,0.5216346815698749,0.4157100587897665,0.3213791044570944,0.3366669864673324,0.23534222321804446,0.3650346490465046,0.30054471167029206,0.2103586927292378,0.19406560258312555,0.20760537016681066,0.2340252000794956,0.19196977221978867,0.2566875232100869,0.29229725192339906,0.2610124400417967,0.452562826482723,0.32984104235924144,0.4627122507007795,0.35621195590887506,0.38338190249903586,0.49490719928022225,0.26499974913719
26,0.9353364467383113,0.7299642260751649,0.824051623890165,0.6571521567069935,0.8752602681615014,0.7315863092609148,0.5651300440658886,0.4550331386620788,0.5722628929735403,0.6378461150554776,0.3155562872372382,0.4305354557376092,0.4975854738977824,0.5495145198715217,0.4113242509219056,0.31190893774442674,0.33014204606182207,0.2813753357966549,0.3628828044939355,0.3293580081144125,0.25899835205332267,0.16422572245112527,0.2008184766873654,0.196234684199018,0.12955730446751446,0.289777815206206,0.30361120009000947,0.2327514502840643,0.4336746240024152,0.34070742014757827,0.47790635459853104,0.3297708397299949,0.3875598392709051,0.4345074457248172,0.2881130732912487
27,0.8757207967026399,0.6251092569153478,0.9448350228811502,0.6660343540170408,0.9291896521095082,0.6797927070774911,0.41996514581271926,0.5453891950405556,0.46877591045186473,0.7247710490456797,0.4264172771232412,0.35209981024172576,0.615454396663551,0.48104067358250213,0.46496459817912666,0.3140875870841355,0.27447991448502995,0.2938786020331392,0.31586769469943604,0.29413656947361827,0.2524717716330731,0.16784247284651066,0.2530077602213765,0.22935590977204282,0.1525528234813295,0.35421064040435385,0.2583442497208715,0.2572024956937247,0.4286241800142788,0.31232044788809277,0.3916479865095482,0.3586189934338167,0.4422365115191321,0.4371699244685576,0.3593419754811551
28,0.8860680544418356,0.6489739434563768,0.8824774145172292,0.7414059750457966,0.8851930302054176,0.710160600716772,0.5847883081025165,0.6164963495847124,0.6062544913364418,0.7417343804893495,0.3661279293206368,0.38207461822999655,0.5538442714697887,0.5488497987053174,0.4844890437526191,0.27242753424709765,0.3050602782319265,0.26673843266132535,0.34978602316923796,0.3500731777344499,0.24050234844277918,0.1944289719811133,0.23306626356018223,0.21480497738838256,0.17078977637837617,0.23848141059369993,0.30637362579796923,0.3263335655781911,0.4713264713266901,0.4068748571911579,0.4729654703597709,0.3663641644165575,0.4272037794132991,0.473061705872646,0.39443476268475397
29,1.0216472155027903,0.7169729368322767,0.7998885345898847,0.5893343033923881,0.8040583447727443,0.844282933714122,0.5176045009246215,0.6541016717708747,0.5463838482910104,0.6664232437777831,0.3711818200855014,0.40839092607159017,0.5092852979914999,0.5287137088481408,0.44160944351770753,0.3213732215581663,0.2974431371972929,0.2707362945274858,0.34522864918962637,0.3184756783568107,0.2542452416521477,0.1567579439559371,0.2203173114540639,0.2055362758645794,0.16253840758590074,0.3115300426404376,0.31049156477046613,0.31579383357160007,0.44623912975881996,0.3525902133427473,0.533555834564255,0.4181463604518344,0.4715565762041538,0.38416864900366665,0.30561339884580857
30,0.9379333824840095,0.7211669931129636,0.918676029649006,0.7042628716065181,0.8299547638307545,0.7887990736725472,0.5661650456162343,0.6793198682895276,0.5505175331284293,0.7350484323721534,0.4124917529581648,0.4518619539885564,0.5577900428423794,0.554101203241857,0.447544396216383,0.27253803909632834,0.28892855995512595,0.3683794736140092,0.33995259456662896,0.342591159986229,0.25138933606339686,0.18177449081939337,0.2467050323836189,0.22837338303148436,0.19820506874626387,0.288850154441119,0.36054809830109585,0.3598869850335849,0.5188685188673774,0.40966351718845156,0.4738647091062116,0.47579598892332703,0.4341342297375475,0.45555349266796474,0.31265461922001986
31,0.8730463743427457,0.7340863593095937,0.9079046914583984,0.7449048292089429,0.8142161740389231,0.7661495246022647,0.5343732334750153,0.6238435859918787,0.5833490061269484,0.739447912101399,0.41252911842299833,0.42025619442615697,0.5364679342897243,0.5019665370549005,0.38696846448471617,0.26823145030983336,0.3131186500784289,0.26903186852461713,0.3755767794856421,0.3565849731216826,0.27253496458804927,0.19046647668990163,0.20152164058889893,0.24909443373162893,0.21177994482451862,0.2903117719290111,0.3811956574478119,0.3623840846401461,0.48067203560037375,0.38416688945953453,0.4743411950379548,0.5282417843745992,0.4427937562053743,0.5309806965569754,0.36260250231943536
32,0.9333296131026754,0.8170714579553837,0.9548945953389792,0.7826145266143387,0.7437927127480695,0.8036958665812665,0.6074914808052176,0.6341331357702309,0.5784087187910758,0.679454984067957,0.45331525584804333,0.44448525050468213,0.5584928854936527,0.567663891779729,0.4164666426040024,0.22012053112497826,0.29325700281264055,0.341783774691958,0.3870986864072822,0.33877742333569416,0.3151653561174687,0.20343311986460405,0.2574094957021899,0.3169513943146449,0.2182836608139523,0.3216437603193911,0.36267479421275883,0.3541158781053688,0.4361526868135682,0.37246760781981336,0.4818077158616371,0.46605438386734943,0.4404885057633511,0.5045932778220092,0.3037651372689396
33,0.8674311734449042,0.8412921612747362,0.9059679181809615,0.7730868498703748,0.8307803477816269,0.8167537985645891,0.5477089544195266,0.6108387966569705,0.5600170058041172,0.736345185669683,0.40806000874650683,0.4630692192570113,0.5243022663226844,0.4965596729311662,0.532502231292078,0.22103312225965738,0.3038469035827228,0.29266753767506104,0.34497681969388005,0.36334868947330523,0.3032785022718334,0.24550532580031603,0.23251638609303305,0.24580799554358443,0.25942813541955073,0.32431344247024657,0.45162911478167084,0.31391564766285374,0.4612385622157097,0.4903690519940779,0.5343062123274209,0.5914228448838387,0.43173319268636123,0.5003005297533147,0.44957368436484074
34,1.0617674039580847,0.7904294205902045,0.981183624988003,0.8900618055495262,0.7977126421480416,0.7518123607944778,0.5699268371113695,0.6132162890984054,0.633419838953015,0.6926448531067849,0.3957558731036427,0.40444327530289464,0.5706258864731513,0.5675185218823582,0.4263835596921659,0.22965068203444405,0.31895344621759975,0.31362019139343195,0.382169443363143,0.33128413572833687,0.33736023582160224,0.2737184524719977,0.28644438226962465,0.30182220172392665,0.23467393721367852,0.3513607686656493,0.4101709010297808,0.35935077707604995,0.49097602457789835,0.45410378974741084,0.5344120185836475,0.6095680293280301,0.4748689260629513,0.5040728298256549,0.3214988891650141
35,1.0377107229097566,0.714370384713479,0.8665423848989825,0.8736466781172983,0.8088191197773267,0.8438158240228689,0.6761637164089437,0.4992736439221667,0.6098002929457979,0.5868389618014839,0.3957406480216751,0.5125403472469628,0.5383775559397801,0.5179403501344373,0.4526479128914251,0.2753134531304477,0.38333309302998186,0.2868760036572138,0.3829504476139928,0.3944980317548506,0.334986766487148,0.35305507937476727,0.3015968007826777,0.25682166090157216,0.24835861907662196,0.42933624672987203,0.527487303196176,0.3264476945430208,0.45497635765445027,0.47921595786369015,0.5737278145645446,0.657559026065204,0.47919757171387606,0.5430195161029494,0.32372678899827334
36,1.1012489182231633,0.7315428639637667,0.8738311274854826,0.8369306379997765,0.8857548201576122,0.7743638750408547,0.6707314997841745,0.6110293549571939,0.7115819391005098,0.7839794857654134,0.40099913872186776,0.4972767363614694,0.5789118025365119,0.5159522044608281,0.5403301124885062,0.2825898111759717,0.35957201862055166,0.2462083639195869,0.34363018392746947,0.3840461747212476,0.3695862503311578,0.29703147053451145,0.2515556398369295,0.33402374575648996,0.31120367855897624,0.3927319103011142,0.5227225210026885,0.327070933395358,0.4545960097866224,0.5269580778503531,0.5272994185533557,0.5495736081950656,0.46534203453641576,0.5454766437199903,0.32786878982975787
37,1.033200062530402,0.7559470242202526,0.8371157536764605,0.9426900390845037,0.8728198795058598,0.8564452720529567,0.6428699393682186,0.5694740586467015,0.7357337156650361,0.6403211557881228,0.41431061396018803,0.4699647519790271,0.54387595127576,0.5603515816761981,0.5112234212773625,0.2510896649036837,0.33692750943307215,0.24240884741811747,0.3850183523013472,0.3191620746427898,0.2909067005631771,0.2957336665762514,0.28341295627403296,0.29409696939588337,0.2974594180843046,0.38407766500372126,0.5801252121289744,0.3867516674747784,0.5232403742024107,0.4552696252687903,0.5931776590046122,0.4917445003495668,0.5116689814981634,0.5880721818035496,0.384280673713866
38,1.078864273180836,0.7775455384500431,0.9935029585309685,0.8459110079507742,1.0410686443803452,0.830995882523666,0.6195950226356577,0.5097634285279814,0.6862522569070597,0.7329472124240699,0.47026983151258506,0.5149573124316166,0.6044971939775978,0.5136210893726842,0.5157812024853359,0.2712911543385002,0.3447538222926682,0.3004540183466692,0.3431171161255513,0.3981283458616043,0.32923346919383467,0.2935649018624623,0.3123178501703328,0.29854257107120796,0.34391932079900833,0.4442707897973769,0.5105851828543998,0.38697269202397666,0.4959009470571979,0.5013168443743184,0.5226666615111969,0.5235700032205448,0.5543264916313047,0.5784826719036689,0.40715263354259135
39,0.9867931331703494,0.8625193181773959,0.9818210382140468,0.9132687328540644,1.0493266356364968,0.8135116551613893,0.6935026096160175,0.718875865211927,0.6989728732408774,0.7604342701628318,0.3925948039621329,0.5404679897892848,0.6111986898260537,0.5348688953899796,0.5360289983513253,0.2605536092086891,0.37223029305533406,0.3127208847582559,0.3633667065118249,0.4023844721453783,0.31539481103613026,0.3212509471029884,0.33509897073588735,0.3175292708083143,0.267071555155894,0.36638333416704383,0.6127185066279692,0.35110055096892734,0.5132533875739185,0.46457004117106515,0.5500098190517557,0.5422567013997437,0.4844879864277603,0.5642019975856631,0.40373932224495745
40,1.00450219918573,0.7805087144953797,0.8979779531264149,0.8672809142141481,0.9557274489030061,0.8574885184871252,0.6992081409039388,0.6061765918557149,0.6649054162334894,0.6727723897811959,0.4250229894666251,0.4803543136280007,0.5101503158122815,0.46570003678762434,0.4984363199436801,0.28173561593483126,0.35990093977931087,0.23929407096690897,0.3339726175569583,0.3697190586395095,0.3870526856978104,0.35101198784084137,0.30756323588015766,0.25395082004210456,0.30149675383619756,0.44401969651621487,0.5706214169117532,0.33944534881784394,0.45807491775077236,0.5477573420421628,0.526478225335179,0.4608250690447715,0.4645196490749382,0.506387591069209,0.44060905999955846
41,1.012723349270931,0.8673977350522482,0.9716317012896916,0.8600714380826182,0.9125745829848719,0.8309294759028341,0.6718191343273182,0.572746452381757,0.8172912439789999,0.7172286515065232,0.5049039190971754,0.5080032159594283,0.5285212898320537,0.5741404351696793,0.4458535227818079,0.29595321262968066,0.3791061277066757,0.3142224630893041,0.39086442659284304,0.3215887056520391,0.30606966153436055,0.32045784700579816,0.29908769530604484,0.3511319822910048,0.2661116288955826,0.5113427727501789,0.5917236674499552,0.4131869966737663,0.5206536044308518,0.4951245765158331,0.5493579832191655,0.4937194773578996,0.5066038286231694,0.6256537628587147,0.4337946750781404
42,1.016383811876064,0.8491957008192795,0.9963831653946472,0.8670445236434388,0.9717624439741321,0.8771034380952291,0.6747467768617836,0.6908101372444521,0.5941845622023387,0.7100863327662498,0.4730965765866284,0.4486263084521374,0.5101517978984498,0.4725006710848748,0.46122796523438364,0.30097974368736913,0.3496736041937025,0.24229494737246732,0.35003360363938973,0.3294729387122898,0.35897563124769055,0.3653114584285241,0.286627075589319,0.2741093091501253,0.2656719353054932,0.4841363924155465,0.5326500232738904,0.4162723756477281,0.44880952125811213,0.485311779295246,0.5223911139902653,0.46279965020638436,0.4704309420514452,0.5559197138023162,0.37696161547764595
43,0.9830608889092998,0.8920441808748104,0.9978577527553096,0.9556308728554428,1.0157721097307988,0.8070236613767409,0.6902407163847485,0.6124502040222616,0.7006160477200801,0.694263766728664,0.4494344463179599,0.544871333900886,0.6321251946291286,0.5518400044952748,0.4602106536708026,0.3017152841094921,0.331500238079975,0.3201759923328723,0.3327390364086248,0.3858086301615372,0.325095742655393,0.35103164715514684,0.32484709089600033,0.2853633447494279,0.25855044899172247,0.4481499205541847,0.6432021665768577,0.4816289918782999,0.5494942237054549,0.49009443018177157,0.5571973034159543,0.5529737426625501,0.49446665193736705,0.5408624674281463,0.42845197541562147
44,1.0056635522575075,0.8754859419566885,0.9951824828270155,0.9131009811539926,0.974873298550635,0.8424785126062878,0.6837725328710346,0.6289583491590388,0.6475861058871606,0.7538502408470575,0.42823944400812186,0.5552223001122147,0.528738434039274,0.5194096066150137,0.5542220859268696,0.32946505138907467,0.3530416722398347,0.26462032623525533,0.308785034925271,0.40625188668599765,0.36211018344175605,0.3499246854438561,0.2790549133254201,0.24450356491940034,0.29183919581674794,0.5263662790779621,0.5387762399043201,0.4626437260638231,0.4711051288261134,0.5860287237067161,0.6397102542149683,0.505066149385109,0.48449450059555854,0.5526507979659689,0.4989986470519212
45,0.9783243479255103,0.8184793065477387,1.0329209185509196,0.9360495258005103,1.0305844862463118,0.7802984008855613,0.6342618320480965,0.6437015702799658,0.6187248088930386,0.7770583566221799,0.41435516412023565,0.5064901135203697,0.522629773496581,0.5765247182208968,0.4195573619076944,0.31121850170410104,0.3585213922573093,0.2215515839102631,0.36848551150908115,0.3797173326048129,0.35277201902295896,0.3433466548193077,0.2294714870100265,0.2898859403683566,0.26772588680753695,0.47078003421322906,0.5834399364337914,0.3995846325448048,0.49055711720172623,0.5296612261785605,0.6549086149499455,0.5615487334760918,0.5110025759707488,0.5708810553936103,0.5150572805905897
46,0.9888574932518754,0.8105020802915752,1.0411005429941285,0.9894006877139806,1.0397789089228133,0.8514520798859596,0.6707615058102387,0.7140403805814087,0.7193759023392741,0.8000560983231864,0.460298332540101,0.5455099971736986,0.5631931988138562,0.5000130874551794,0.479624247174058,0.28106067307762694,0.37108994287468267,0.2928177552932505,0.38547182711085304,0.39088634008867396,0.3553228964600128,0.356451330015184,0.26890003848004845,0.3164966249778157,0.29705320721416467,0.4965798721703559,0.5738386101032633,0.4895863803224194,0.48547840899925293,0.48136373277592737,0.6846563321879454,0.5519251755559174,0.5572947492412031,0.5211564369277082,0.5570659314788126
47,1.0233238522712231,0.7699699818596817,1.0840210930033736,1.0213939742320188,0.97172095577545,0.7947806113706725,0.6614408427758947,0.7389175102064794,0.6680306473092283,0.7633385394634842,0.4702270590047541,0.5205206968297575,0.56494515835779,0.6025222191519874,0.5009753272638284,0.3241122664161441,0.32861282617954846,0.30904678571004973,0.35494728936068853,0.38383876844676124,0.29793429972504853,0.37135542125347365,0.24636775450406576,0.28940458846930406,0.27438642272213265,0.4729433338632921,0.5844686787943978,0.4660988613847865,0.5236995542640638,0.5550355286047332,0.6696143680792576,0.5206639667784964,0.5750415677761218,0.5732498137929283,0.5852567487296652
48,0.9892782946084685,0.7687859838530349,1.1300072501591851,1.0819010048641435,0.9260493449150224,0.8011728018700535,0.6907304941073451,0.7287696340099521,0.7306760638755365,0.6706673680196187,0.4617378166036473,0.5094820060817058,0.5428112228919075,0.5687534543860704,0.48332872386074943,0.32462652321407615,0.34404799573253064,0.3335089709790276,0.3983427875380903,0.36411948935980254,0.32239866756376856,0.3853665824201795,0.2353496126386292,0.3416846492644458,0.3161986481968254,0.4897633419242637,0.5913981425056504,0.39329554890402674,0.5461998390134352,0.47010803533884093,0.5466098345974243,0.552757249077777,0.5199615850045605,0.5473139763456657,0.5480465022643296
49,1.0226052754260921,0.8241017784365987,0.9992547292265557,0.9441530360325643,0.7859907700893276,0.8440500018838437,0.7039231851339167,0.6936044242719837,0.7254646799812885,0.6562568237230213,0.5573740162014641,0.4867445164643854,0.5537867325616066,0.5789504574472288,0.4252252573351915,0.3556089763209863,0.3743162662809961,0.3140209967433808,0.3279979101101579,0.3744827133561104,0.32458741420640325,0.38756008638205136,0.27046140157310383,0.3758210172840985,0.2859413975669368,0.5417049667021165,0.6142892355005921,0.3861777550605181,0.5551158649382586,0.46228819449627157,0.6664903490987486,0.5161070099013378,0.5029878645366842,0.5623049427975833,0.6106585549343124
50,0.9289856381971832,0.8894286146125134,1.1089301080617302,1.0028852115300393,0.8925876338076221,0.7885555790632102,0.6540245622900834,0.7266471166852084,0.7285383495099269,0.6876208709510141,0.4561129078489929,0.5434215530169717,0.5535753262169318,0.6304030112660011,0.49477805971942096,0.36176170468200786,0.3622667492718028,0.28099150375422555,0.34004764027623147,0.3712139691965679,0.30616040374359504,0.4029739616367408,0.20737666258783455,0.35992242792314255,0.32046451561088374,0.5109835495049779,0.632329778112717,0.46564456627628525,0.5712415808970073,0.5471427186311322,0.5969766610512908,0.5248236869990153,0.5756907216158347,0.6194627152249872,0.5224592896660989
51,1.018820136247904,0.9227039173707836,1.0296010377152205,1.01380281151526,0.8403006879734976,0.8699239005897178,0.7386496409148073,0.7330493609600707,0.7240642484489916,0.6691703945184058,0.43056670434176286,0.5449593581192363,0.5406068071280135,0.544682785128958,0.42873662418368425,0.3060001965940021,0.38490658497813024,0.34019690690542437,0.3361227483732059,0.3578306022799401,0.35216113027212137,0.4625863301691381,0.24646732508396396,0.3637264546619067,0.30646700406466876,0.5637877476277844,0.5891882557825965,0.4801149646405565,0.5360225375476593,0.48418023418038136,0.6162165187258604,0.5655625263852345,0.5861684123118782,0.5759538907942262,0.46940552982561545
52,1.0148633929979243,0.8981977207574992,1.0532878532879968,1.0610124357411588,0.8773032945321388,0.8109000891338718,0.7710687486030268,0.7631168014761096,0.7445787031544286,0.7433481368673666,0.47254195342404126,0.5763703053100442,0.6076536026990107,0.590380578741853,0.4408604045416819,0.3424387730216165,0.396093629988272,0.2966863771220981,0.327754646874012,0.39084402955284436,0.3278421324884809,0.4118926521315759,0.22820444001604462,0.37895538800115247,0.35256131940659813,0.5692647382632974,0.5806559630674206,0.4951698116844254,0.5118654946281109,0.5448852088985734,0.6148463582285038,0.5532940270547053,0.6292248942175516,0.5325704195545977,0.5740990386143948
53,1.0292931043280515,0.8954700448597284,1.146476981286876,1.0505259265606366,0.951750765580922,0.8483297517417806,0.6839705512906351,0.7546184178691829,0.7536226401979624,0.7699103984274988,0.551958847868325,0.5271425323021408,0.5787083885208472,0.5143851414317957,0.4133616422030382,0.3134165328030128,0.3521404974079225,0.365407243277343,0.3108177604878396,0.3848144416523176,0.36072853347167055,0.4208905206612897,0.21625485586337653,0.3932800728519506,0.3516698117471784,0.5871575800667024,0.5911744216927695,0.5368057678318169,0.5305021039066975,0.5401380393133053,0.6800794450847865,0.5919677718393321,0.665368338902502,0.5300661299506482,0.5034796187096887
54,0.9910569650665496,0.7979512058021402,1.0965161268444865,1.0250886196131304,0.8678638058607298,0.7265100728375569,0.7005240719448971,0.701988722706261,0.7595652820726668,0.746676961741755,0.5154194048918135,0.5480741593862875,0.5569512890560702,0.5456292562990861,0.45598698175779523,0.27995456186740497,0.3755379625930364,0.31879362727534366,0.27408004983523154,0.3176210992392213,0.3099676500779979,0.3823482626778655,0.19217626738864205,0.35214881592420677,0.31004970996728337,0.5397728895386465,0.610734936986246,0.5024343130237308,0.5003811730186218,0.46629870887878444,0.662649404455548,0.5950735449596932,0.6578329559157561,0.5713479690755223,0.4902828618705275
55,1.1001569558225779,0.9181064787103228,1.098907800211697,1.0060331680546426,0.9368011241242182,0.7943577539571384,0.7778576649541316,0.8186009023176972,0.6698438263070955,0.782636671861644,0.5378724742317206,0.5363396227253454,0.5520932538934897,0.5643952861862247,0.5010441139609977,0.30982924554243685,0.38207378446290974,0.321848808344834,0.2944709557431203,0.3435064883776241,0.35398197419655364,0.4335625363906048,0.2549972242737306,0.393080345517561,0.3493827664847209,0.5824481803675114,0.653801078467019,0.5370468309607026,0.5300219739143693,0.5200096610221887,0.6599946871533037,0.5996435175043411,0.7312697732050063,0.5470891277160025,0.48287681644079805
56,1.0683231225959569,0.9265470408249312,1.0795110712965168,1.0733151540773649,1.0183710336702292,0.8472077950165244,0.7468972243882765,0.8398713304971818,0.8436115740498553,0.8148443121171766,0.5556012416027061,0.529432729293454,0.5687513731449588,0.5419690008599277,0.5334703953823696,0.3338282093494398,0.37630664461049385,0.3031121878115939,0.2871329192753496,0.3488532579282342,0.3733358929667998,0.382750311824027,0.24761854432195374,0.4145455606133542,0.3554970365837808,0.5462292092108296,0.5726071678158167,0.5439343529338062,0.4834999314443391,0.5394591284095707,0.6932006065463691,0.5841860394628179,0.6809540847807559,0.6133831487189334,0.5420679875922976
57,1.0167915243852064,0.962942794066139,1.0546542138264514,1.152550091026273,0.9497750372065867,0.7717664618555348,0.7599111262114524,0.7701205726201983,0.8206651327624528,0.7163800016195778,0.49520977451482073,0.5651904182554544,0.5608808440531055,0.5904246602681791,0.49635678044816633,0.3403954871417803,0.41488924932183513,0.369979126553616,0.3275045167102392,0.3514264279299853,0.30610391659013825,0.405350217272209,0.20616581426929045,0.43770668979089694,0.3446226396076205,0.518175080809876,0.6677399288446704,0.4871859039017198,0.527356312275598,0.5935896503524879,0.6393938344420629,0.6499873258470212,0.6304869791038399,0.6398058634228672,0.5446606897670792
58,0.9973183407860162,0.8554821993841153,1.079440248241355,0.9825082727248852,1.0140700561966662,0.7700161425795409,0.7250415255197353,0.7484076148032841,0.6429825892443308,0.7773653429115148,0.5425665695685769,0.5459616323370179,0.5574538224059099,0.5326342205249464,0.4962836682040394,0.3488552576196423,0.3608428223748325,0.303020374519646,0.31441335862240105,0.36249136159479495,0.31370044605129915,0.4201556421804176,0.15704949701041557,0.3582031600791994,0.34110316351713443,0.6094543946229651,0.6187203711093601,0.48662196518403267,0.5118401423102095,0.5861078790566401,0.6603245099975373,0.693733238372679,0.6242134053616575,0.5827362533563627,0.5388898754928279
59,1.0334715039352647,0.9197473964164955,1.0559785169762304,1.029778855059853,0.9336509493288792,0.7690542105705327,0.7293123309849912,0.6901070632689943,0.6584205428628374,0.6674978234987627,0.571141949378644,0.5564288592811791,0.5392398663792473,0.5811953655973502,0.56297984612221,0.33229328519421963,0.39564121967886057,0.3128649194544893,0.3102302348244488,0.3554744061383135,0.28158347540025774,0.41445180642445323,0.1929966856824825,0.43804218813810414,0.3367865334877106,0.6161842479353341,0.7010414387583013,0.5311187982400917,0.4823883051126744,0.5366982949475582,0.6021287211393307,0.6259579707070286,0.6235183414657914,0.6295506968828624,0.5286636933287534
60,1.1439130815148655,0.9497017121466427,1.0132952876986332,1.045815904104162,1.011106725582913,0.7855265144064631,0.7916907938303059,0.6998058269958958,0.6662208435133004,0.7849279363097349,0.5603625640021679,0.6570653932428749,0.5341223646234083,0.553222395099301,0.5683509135579909,0.3839302388598344,0.3957245376932327,0.3297334415587297,0.3344075193484478,0.3415448568683418,0.3281306405404974,0.4388902940516839,0.22426655330844136,0.3909162836910906,0.3612795507220442,0.5957072769556648,0.6992871053203048,0.48941058159498085,0.4671161698716232,0.5784378695784684,0.6587296956856947,0.6859384903387338,0.6504131161376818,0.6129395035309002,0.5824863767980797
61,0.9415294136382053,0.8585572203581466,1.0477828580352986,1.0582752949997372,1.108817116181386,0.6931674752516305,0.7715395410921133,0.8528400853770466,0.6984110939746422,0.8016353016644231,0.5393636852065421,0.5237114919168351,0.5321525790228929,0.5595373995340325,0.5804546695951367,0.3130279925000224,0.32104522104090655,0.349948525142487,0.31615934088726966,0.3804259182048712,0.29386247915132524,0.40215835944411044,0.20926987602897834,0.43363545149427385,0.41120054763668323,0.5830861260589679,0.6383844183687061,0.48641432567994664,0.486800002308191,0.6081811442037548,0.5953520213741765,0.6218535030798067,0.609181846477192,0.6297839781304998,0.5824294434984941
62,1.0183083887616975,0.976348893516569,1.173313558869558,1.215030663434704,0.9824688586775903,0.7209720053835914,0.7211805738448744,0.829151138726471,0.7590597265629793,0.7503501455668504,0.5178323523669106,0.537056748622915,0.5781399185245697,0.5822762113505855,0.497521819041784,0.3475914752978486,0.3482078843396783,0.3672956193729449,0.36058890834022006,0.3209297127439833,0.3109706617895579,0.42998370551739473,0.2916060971621047,0.405692824462055,0.3877217678323934,0.597007858257407,0.6281488840619787,0.5507523949727651,0.48668818237767586,0.5331144964542387,0.6995061043267881,0.6028577944311269,0.6450302603294809,0.6616200968469491,0.4956986445622946
63,0.9892046727800206,0.8968308476239562,1.06049418950929,1.0729629494565966,0.9813835350921916,0.687380854418733,0.8481443478196664,0.8130203715073213,0.7474506781525981,0.7746583647326226,0.5550692779149977,0.5197218582118673,0.5489250973601598,0.5311528757506315,0.5464879625888828,0.38155997644238293,0.34917936450330245,0.3019556629903258,0.29528867481995325,0.3334906823930812,0.32633022476553714,0.3789566145213373,0.2645119023171343,0.40059215098002315,0.3998404608571996,0.6191196796547535,0.6787646224564918,0.47217527666111114,0.5114003514292196,0.49363300440478697,0.6960551627276808,0.6168842273808487,0.6156610013306991,0.5818631869856302,0.48360537451494645
64,1.0098291608117775,0.8702994912910968,1.056284916392478,1.0506832281599097,1.0084652840910784,0.8129780149596497,0.8482019354217478,0.8618220552053243,0.7458110504635079,0.7521773380252997,0.536760155149392,0.4921503338358013,0.5983272390647102,0.46788970764680393,0.5231818456776898,0.3996245076988317,0.32604316328582095,0.3390937928485765,0.34849701259309995,0.34934515524736665,0.3348143444239766,0.43701477292851243,0.2597046326790463,0.39417854779579986,0.3870891120672606,0.5338758311523608,0.6339588456776126,0.5135370481218806,0.4922200379893558,0.5035552102563166,0.699046058629301,0.6635177540593369,0.668609748148095,0.5800236864672159,0.571864426062897
65,0.9766209376133572,0.8788972124475727,1.087820679124642,1.073166015793543,1.0305018211427717,0.7900897398689766,0.8612029420038503,0.7840164550917281,0.8102256621461911,0.7660689651837098,0.5477878634630675,0.5904144869584287,0.5593941355517298,0.5534205617521395,0.5110523642720584,0.2979488078080698,0.3420369716805629,0.37584393279184425,0.357306392973291,0.33583054813452096,0.31670363232741955,0.45600640838547535,0.28106598294800056,0.4099886663895114,0.4140140420201252,0.5572343257878828,0.6903177421958266,0.5726591036567268,0.4682351495750155,0.5865939846786349,0.6205355024025377,0.5792593123413102,0.672351040198757,0.6197270791741929,0.5689902770170011
66,0.9769775876113287,0.8792696805541729,1.1022615362877508,1.0810497965332866,0.9664819796980608,0.807841900810574,0.7352645978103882,0.8073564486590141,0.8578745790578244,0.7338974697270909,0.6250230211098985,0.5537783933616706,0.5203819009247304,0.5508654407669484,0.5263857789444074,0.3414118019052892,0.34915425362096864,0.34136079794200636,0.3402507678128789,0.3375745062191003,0.34449986537665855,0.4477640596003064,0.2146563297805648,0.4209457109583528,0.40199138799684503,0.5417028588214288,0.6760020675774683,0.4906207231333549,0.4419885957377505,0.5140993189544526,0.6200676703215553,0.6160303582079601,0.7288998972640943,0.6534803147373305,0.48550253943112526
67,0.9948784367968396,0.9557175476158127,1.085696415296158,1.0616576804160327,0.9145868437427618,0.9036318331545501,0.8590428911311351,0.8855066225116313,0.7718808680536323,0.6999811398440241,0.5279494277723442,0.5447149104705634,0.5631870210179739,0.6113102877929538,0.5317743064324698,0.35065628048372816,0.39824186376299775,0.3886427496564619,0.35772604410164566,0.3075672287821335,0.32937541345739224,0.4687375094789998,0.26941280673942003,0.43057529577416975,0.34730347967237124,0.5678098208438289,0.6264969718111082,0.5542202775057495,0.5467691928691008,0.5286627753114544,0.5496868048760368,0.6706065322845464,0.681391386793009,0.636093903922456,0.5287214100789426
68,1.046159522812935,1.0122362933256044,1.0239694626347708,0.9812595415373417,1.0382895803215333,0.8210402911247164,0.8520444971497759,0.7825330034980327,0.7760119836014087,0.8270052197216746,0.5594761769829102,0.5850740926961551,0.5625471297228652,0.5787569796448182,0.4932757492830351,0.31482111902381077,0.41711547038164243,0.36056345941545004,0.3688973141102315,0.3257256986829417,0.3206307770757726,0.5176471001251377,0.18641418759200895,0.42841205004979055,0.3422433517354321,0.5504529643583231,0.6282411595240014,0.4918320233790541,0.4929091252906065,0.5439533015899594,0.6651051878713719,0.6737473952891225,0.6239634411527692,0.5626761650686666,0.5187941707856132
69,0.9798632172094892,0.9221151015808753,1.1613766095610405,1.0078860452578957,1.0105423630811137,0.7912385983863213,0.803548668634507,0.8215009318657146,0.8451217416788039,0.7856369614719576,0.5355720020357726,0.5739500181929253,0.5644487464289262,0.6165631472187922,0.5070841685722947,0.31741785548175383,0.3736425816578682,0.37456873015270364,0.3818772709765229,0.3413877638036492,0.2425785288545257,0.49813169014323044,0.2346529869504548,0.4740711456556165,0.41515094273965253,0.5119518234830925,0.6344236061862801,0.5449968037729549,0.5019307551341061,0.5484552189529983,0.633512725643532,0.5744607977632721,0.6632917923917443,0.5877241916059264,0.5242766511392802
70,0.9994566997277696,0.971166517135609,0.949967631121833,1.0570461652391647,1.069542944582549,0.8614353685160729,0.8222628372707095,0.7890288254346793,0.8681210870494457,0.7844268226718771,0.5368186236747214,0.562152270349103,0.5224910933854777,0.5946589973769298,0.5669443346087499,0.34592945146129783,0.36221044860189977,0.3373831471753878,0.3871746956048085,0.33499720903072505,0.29158898709013115,0.46657615080435516,0.18929325853349022,0.41710773939654167,0.41619455999090954,0.4878257743041102,0.6205861786151754,0.47769679758168004,0.5199089508189627,0.5786595949141935,0.6686420528989852,0.6378751899690454,0.6195732983387519,0.6609840551050966,0.5198484099151881
71,0.9380205605246487,0.9497857497632168,1.0108604903277687,1.1017417321115448,0.9616125101387443,0.8094356839236906,0.7812796402202038,0.8343957922758721,0.8213279522215408,0.6951632134612207,0.6502457134221226,0.5402687964141353,0.5548522948220744,0.5936333213878613,0.5420455016597057,0.36365585037447445,0.36421480929581673,0.3481951283383303,0.4021042432427313,0.35844410916504443,0.3213547876822054,0.4857732504594563,0.2545451339868716,0.4407122513601891,0.40943881426741213,0.45591672687370455,0.6109499904137659,0.5097652289034796,0.5093823857019336,0.5780986021830606,0.6399579667325429,0.5658347625522531,0.6208726340369242,0.7071081904970197,0.48989488777772794
72,0.957763539583761,0.9400310288747876,1.0879982857496202,1.0113890802694323,1.0092606543482407,0.8726804357721512,0.8708893442355823,0.8451078219946553,0.8087765148036652,0.7021697895394161,0.585954001809484,0.5689542630953477,0.5097595235499863,0.572683335483566,0.6016717213295198,0.35121669630356744,0.38844205349158184,0.3472390181009887,0.351808887679649,0.36153771404358304,0.3071498312309745,0.5430278731621296,0.28772326864615,0.4453090943550905,0.40488768152430993,0.47797142844908325,0.6085527892629334,0.5055674113909605,0.5055597148665982,0.5128664797229304,0.6129155121891849,0.5654373405444602,0.7031177996695582,0.6087670316345968,0.5570325173686542
73,1.0164249012972766,1.0543111686413023,1.0473629181736297,1.0526692289460846,1.0579949353537392,0.8936709485713654,0.8662818263647947,0.8749730564352003,0.8081901488474836,0.7904353525451313,0.5751725845844748,0.5779000043092315,0.5949421471491139,0.5297480557545395,0.6115645209923275,0.3575665876195383,0.39291350856199353,0.37844611190604593,0.3840078858135577,0.34560230113582346,0.31071126204985977,0.49217204028458206,0.29858180827044145,0.5053285126031289,0.4137703867022873,0.508228525939268,0.5843855939405733,0.5210171842754998,0.5135650285350524,0.5019918743248349,0.5896623005751728,0.6398123090442904,0.6899886674894523,0.6730211821278196,0.6120477729970792
74,0.9162494369169457,1.0054637129274533,1.058319690892846,1.0317155341305324,1.134530496652181,0.9195490710117367,0.8700342289175927,0.7550619632431868,0.8946648380290387,0.7850637821419949,0.5670850018557261,0.5810801689045888,0.5561136085050903,0.5888655435716128,0.5037989589219368,0.31125445932274287,0.38281956093084574,0.3871476057509753,0.3896819526145585,0.3838024282637839,0.3027916260055434,0.49807080695828876,0.27569130171724465,0.46515475629510006,0.45745775267468325,0.5632774458183655,0.6527473261284695,0.4946195447058437,0.5137692383351886,0.5480835806169262,0.6137019236843199,0.6342764349628951,0.6896298206372251,0.6947224596799824,0.5978440596335957
75,0.9351231323982776,0.9354154291365417,1.0792588189117311,1.0143286538319414,1.1136295904109101,0.8850574145510628,0.8284073419933016,0.8389236917929076,0.9024838229369867,0.8171860837551779,0.5605377805756068,0.45690102871304106,0.5654105656363213,0.5559165756485008,0.6212550135853163,0.3125943676002091,0.3027589347239479,0.3839051700980539,0.42568963499418677,0.3805607938604553,0.34172251931409403,0.46342512522522084,0.251602795195348,0.45760558331674545,0.4266292353685118,0.49412577456590157,0.5801551298149572,0.529533918906312,0.5081506438259276,0.555364271605594,0.6247508164513307,0.5874605689696465,0.7458781214391927,0.6418544551158305,0.6545517513945633
76,0.9967137925251812,0.9429435778814551,1.1022049401905547,1.0844194001270733,0.9881662944510142,0.8304587468576556,0.7899571811514852,0.8067249170279176,0.9654689260210663,0.7692185468132309,0.552617638806221,0.5867148104482222,0.5992357558511201,0.5857732061778791,0.5450875017597556,0.35226441674431286,0.3360530595326702,0.3482918617708065,0.46075167688674956,0.32353570013198873,0.3111404795279146,0.5056631729432306,0.19547089611267132,0.45309819362043224,0.4485693921263323,0.5045733451714884,0.6257213270380978,0.5063955301798362,0.5566856939541538,0.5574387581565765,0.6424686095082153,0.6209351992230137,0.7227819210445534,0.6841666271302493,0.576044846704717
77,0.9288801138313976,1.0041512145247156,1.0612808915777783,1.0607145600149739,1.0955211739831996,0.8497630107701853,0.8113231651096254,0.7979156375178216,0.9494172727431511,0.7453019882207395,0.582805260046808,0.5443055690348018,0.6173499496974447,0.5606186457829121,0.5918059659771076,0.3614060085764673,0.3321320152032257,0.3675171400160947,0.39933460931800546,0.389582155793479,0.34255632792488744,0.5198473555560743,0.2458657480949359,0.4791829414380486,0.40189026618794665,0.5321012684005302,0.5886348771715416,0.45775828856816997,0.5231765768098797,0.5269605159494519,0.5669607603276712,0.5664009701837984,0.7108533871872963,0.6980648976181889,0.5972512087066535
78,0.9248734711497094,0.889496664814173,1.0612991018869533,1.081502008142795,1.0782265603163037,0.8767329887109379,0.7890707461023283,0.78901615206121,0.8177315987474594,0.7403570293623556,0.5522696849790556,0.5605617679819148,0.6004941141291047,0.5821213361330133,0.5472561415691535,0.38986814899638406,0.3639915026314298,0.3654523485268609,0.38087138070382287,0.3790789303103595,0.3948204797078072,0.5110496958872981,0.23376874875309772,0.41731582650275645,0.4347398157049026,0.5904622287288832,0.566279483300479,0.5193278594079633,0.5079624989423748,0.5291959571708089,0.5729872920232999,0.5172028745951751,0.685673272651352,0.6567074109911994,0.5040208928371691
79,0.9665093488491052,0.953330147075419,1.0015805786986893,0.9337189025081751,0.9850884617493902,0.8452377964136093,0.8533882415045967,0.817829940727375,0.8144756963236695,0.7397217688782846,0.541801670771987,0.5708992969197728,0.5232445059590918,0.5465197197345576,0.5434237753410185,0.30409034156571324,0.3125839560079686,0.3259388576984237,0.41440057085333354,0.3944613421404672,0.3793855330437014,0.4582875251876868,0.23678625160488914,0.3780664204800842,0.41515812637696964,0.4809230906486361,0.5176040857462106,0.4546634371692393,0.4736631577640018,0.5171092755047698,0.5436694194222287,0.5122299087354555,0.66663322544427,0.6508227580924405,0.5661484808704988
80,1.0221553598304678,0.980933259555891,1.0922173892158582,1.0890319626313585,1.0002506826394515,0.9354727458217877,0.859127999961466,0.8294574404003451,0.8950098538607697,0.7173395447528934,0.6107357045434114,0.5497386269906704,0.617278345305627,0.5385280633864774,0.5619864970126796,0.3583483717017244,0.3479224827786619,0.37310661190682476,0.41241071406089114,0.3520753517045041,0.38325873805975247,0.5103445883510449,0.2787573037581964,0.41867112371454573,0.43327261432023134,0.49580853161424265,0.5657890008653238,0.4785020652657197,0.4972233177475136,0.5226328680054813,0.5656624908350095,0.5496949422190627,0.7077209986801183,0.648580397203973,0.5763535700081218
81,0.9732359717002401,1.0589865082752437,1.132830431972555,1.0141864969692707,1.0985795792835122,0.8846836845176386,0.8146048966018822,0.8255043865380823,0.8308313079035186,0.8137381105623738,0.6057227003043196,0.5685011038007651,0.5976254380231951,0.5449719770857135,0.6060023147534103,0.38094532446458357,0.3450283589226716,0.36302614852341425,0.3833510306885328,0.3758602248885811,0.35758172245425396,0.501802339465245,0.2885537072149812,0.3677727021271009,0.44727714222930726,0.500657986257796,0.6018873106544034,0.4943834459662581,0.50442075031058,0.489153594852793,0.5799145687864776,0.5301578852059374,0.7286969674225041,0.6863757358880408,0.6818151329183872
82,0.9524616836572914,0.9266783497697537,1.1317594112849152,1.1673903795745604,1.038978923158803,0.8746980067601996,0.7402155151467699,0.8109062727390952,0.9171971287830506,0.7509148347127599,0.6157085241310641,0.5683456993050099,0.6729410448958824,0.5727415745058182,0.5786889510635317,0.3783148618920154,0.28857262822754903,0.3483052221456365,0.42459989109113955,0.3348437281651857,0.3692475431695976,0.4731595406147169,0.3222552595295681,0.4095336445655049,0.41921747836345397,0.5632592428823033,0.47824421543712003,0.5567485974824635,0.5548338611082109,0.4961166887320288,0.6104655770206033,0.5243936101703581,0.6860533677471281,0.7141382978138984,0.6317548478439946
83,0.9674436972565119,0.881773765106012,1.0546110514991902,1.1508288469521135,1.0775478372513843,0.8519929257515306,0.7767562388221497,0.8623410033401238,0.8735977434936006,0.865114215002525,0.5247443953176358,0.5079495695173364,0.5768283107689351,0.573513739870142,0.6092685499058037,0.34119658807778247,0.3195972305793693,0.3655472568361481,0.38340212929434203,0.37246407891815825,0.3057212653581775,0.4799745666902822,0.3092292214165554,0.4229905705236802,0.4073178142556549,0.5096301436315525,0.45763617450633415,0.5725109661209055,0.5142045420648018,0.5436670618309801,0.5735610212877695,0.49664438378072395,0.7175384785441727,0.6451994238786375,0.6362467677890341
84,0.9046183779611241,0.9963235627740668,1.0910647202105674,1.2375099817519946,0.9750820850353998,0.8469800489148973,0.8188330466742844,0.8876952296836949,0.9369362653944235,0.773229548861614,0.5796028322137385,0.59150694945559,0.5287199719004518,0.6020764536550325,0.5607313488756323,0.35109507043261023,0.35357877546351507,0.34324798180991156,0.4195229546290782,0.380044876474535,0.30801725903999566,0.5316683568873628,0.3085946101359628,0.5411648633342973,0.44551304432681493,0.5179928028667835,0.5196319579723094,0.48647855187646427,0.5499384389697288,0.4326894817613369,0.5563903821955039,0.6593248723690159,0.7387045391992816,0.6788118327297168,0.5611772933067182
85,1.0061976806105903,0.9813097332574429,1.069200505143023,1.1347685151580107,1.0670819939661724,0.9091145123412561,0.869298212295464,0.861519812680827,0.9202224639033876,0.823327609178601,0.6121153476388781,0.5868434702004078,0.6208869339033971,0.6305344119843814,0.5740460800235478,0.36115851972140467,0.3482914710091901,0.37050543178279716,0.3999411063666721,0.35184055294388966,0.35959421094223276,0.5201090793541769,0.34827454024748505,0.486097235697334,0.4100400193975572,0.561107722455136,0.5409990349250879,0.4968330513184245,0.5587430185831045,0.4926387936112632,0.653322805044557,0.6786062098109182,0.7271556913994395,0.7031478779453515,0.6035733649617196
86,1.0554579876317862,0.9531681334892956,1.1430615052864708,1.1013423182999533,1.0996662584877681,0.9293750203069154,0.7927741470373104,0.9323546690527272,0.84922606178452,0.7681923427014685,0.5484834855340325,0.5188259946360447,0.6478125133071662,0.5806608542459438,0.560537994079522,0.34982183893846314,0.3354248722230927,0.3748465098037745,0.3273737191577484,0.36217806624140736,0.3391238527956787,0.49326702873964845,0.34901317961422806,0.4227222410302235,0.38495137224000586,0.577016085271344,0.558328202021212,0.46224156720491294,0.5161855115528853,0.5046420249687777,0.6141063235100828,0.6243777613775153,0.7501621660042239,0.6472888648304717,0.6582890005424589
87,1.0130813635528244,1.0062136988203514,1.1289444165535683,1.0208982200206476,1.0922275002394413,0.8864008995326225,0.9111781490279656,0.8685741863575926,0.8498186359036555,0.7770391729232065,0.6337464358071314,0.593610243717435,0.6674289520074088,0.5419651792369616,0.6549181712170655,0.3857469384583624,0.3939670219056194,0.3559358186081194,0.33268915341078376,0.37137018558712787,0.3244106033038282,0.5348920696268464,0.3052303508241523,0.4651678675659007,0.3656912658025759,0.5257103693507836,0.5027451769515866,0.479278091293879,0.5280421581574478,0.4628483228980489,0.6351235865181319,0.649242709269882,0.7448538271780912,0.6231426805421123,0.639047800101736
88,0.9866228575777621,1.066427638128501,1.0782383232886383,0.9871435029838601,1.0869086741301968,0.892861760748501,0.8306212295810705,0.8723388695349612,0.9181917696792341,0.8194493191238045,0.5363583844035125,0.5538303666841848,0.6669491297251616,0.5517967240821333,0.6415682653004002,0.36855787156389586,0.38457208254348535,0.3950932283827945,0.3726464206099174,0.38488672459253437,0.3507961916241752,0.5104658788554332,0.31985474853574114,0.4854795755611184,0.4373511904833191,0.545744046673182,0.6009049832671435,0.5040619870369477,0.5422139180749084,0.46827247145192175,0.6184403292818637,0.6518810925195614,0.8162791634342246,0.7048434664438166,0.6320181488500691
89,0.9956385128913846,1.0136777502264671,1.0629144311881022,1.0448983473313764,1.051534591230845,0.9082764058348003,0.9144487307664984,0.8737765179882442,0.9033473666308482,0.8745474274438608,0.5685101734779785,0.6253837917133589,0.5763997540793211,0.5520934381031106,0.6435986449740692,0.37561122190447127,0.3843964295076654,0.36922655504448676,0.35248947222806304,0.3862610649662535,0.3494904699524742,0.5372865269044634,0.28040944156697545,0.4505804632388297,0.4204623856722456,0.5286523834616758,0.553786519783659,0.4484163183352142,0.5666284394795585,0.5248525687456133,0.6355840431595289,0.7022175989573316,0.7237495539252528,0.713585024703097,0.6738089381429074
90,0.9917188059779407,1.0088263983056163,1.000294406586899,1.0381559994303236,1.131606968469698,0.84831045665907,0.8639731794605119,0.8223229178655068,0.8274931209101317,0.8522345734775646,0.5750344814255851,0.615821978428547,0.5781597245137142,0.5471819639731713,0.6547462717198053,0.3668222789710431,0.39569502845222193,0.3826783359305024,0.32065324511191207,0.36336337894878745,0.35132390850093387,0.4941630210124123,0.31090901244695657,0.5044524294806056,0.46025379965696095,0.5290224992250456,0.5376536835690131,0.45877099796608034,0.5231889973863074,0.49534962254220516,0.6399493813577787,0.728137455011235,0.7026992716522673,0.6711869504069035,0.722911245152943
91,1.1051629147610362,0.9136962146520915,1.0621680868051437,1.1398548965803026,1.062381529483847,0.9368678179027851,0.7921887820051385,0.7958988508066289,0.8482042080525569,0.8286836458911166,0.6295681218942357,0.567805795200164,0.5954235390987228,0.6163042889643693,0.5935343756385194,0.34796124180672267,0.3492084391692104,0.3725971566938854,0.3428530668425406,0.36327983925271656,0.36149072351920275,0.48830874565691984,0.2770614884528066,0.4745646253659874,0.34370065194323574,0.5352776276399757,0.49995333814523235,0.4006170559933683,0.5791864731312133,0.46583870441138536,0.6797567253669782,0.6758366819907713,0.7106984999565158,0.7373462565357214,0.7384321184654186
92,1.0026586975676208,0.9999734038333926,1.1240929359938119,1.1936481638820777,1.1419844791981324,0.8387094970242983,0.783484179345329,0.8720817866830903,0.9139244609002217,0.7844725320470403,0.5497596490224936,0.5396172548672864,0.6280190011791352,0.6026134800849055,0.7032850613419419,0.36255797337450363,0.3695275732986525,0.3931086079223962,0.3543577879970138,0.402527721538117,0.32755312723290486,0.48770217116641146,0.30253884598508307,0.5053282418843715,0.46004418072395664,0.5268811708382988,0.5777976753947718,0.41757166943440555,0.5867728523297342,0.4891356346678013,0.6837172722028331,0.7093368687239141,0.7486242866041435,0.7638076538610885,0.7316689290143183
93,1.0493617337198313,1.079745232557619,1.0374705593407167,1.1492704837611973,1.0726751388902112,0.8644967812806403,0.8588358914558376,0.8758020012458473,0.926986045632269,0.7624159956068436,0.5830544294717337,0.5919964522444505,0.6398942033965278,0.5528356014805352,0.5580280140833858,0.3488142345342159,0.39949839346449867,0.3523982434557348,0.3647846656114103,0.35133087984513073,0.3581313916605219,0.5010745294066384,0.3067359446689139,0.4823988741794871,0.38738699734880283,0.5079644139690547,0.5913176943812134,0.43567009006225255,0.5293934980649333,0.45476438952494247,0.6058395823221927,0.7378877265423813,0.7890033579423377,0.6952196717195981,0.6594347476369496
94,1.1287408398819985,0.971868761044328,1.088692592510675,1.1358347152771642,1.2102477975366854,0.9383503237242256,0.7783417444846965,0.8364838960946845,0.8598259160383757,0.8610151636229095,0.5989929831704903,0.5935772547912386,0.6160767877040054,0.6108192736074936,0.6714322798336504,0.40112824866988417,0.3528264078580327,0.35510774841955817,0.3530636082011842,0.3807832763345097,0.3374102124371177,0.4549779032082851,0.31891831302404977,0.5029494975931761,0.40760481252282416,0.6045968648875735,0.4862936046328825,0.4056385572855573,0.5910356613985854,0.5130762734013541,0.7465858841500665,0.6278926464943704,0.7598753124883344,0.7586078797466693,0.713325774525853
95,1.010456117224852,1.0447603853648397,1.1696096351296115,1.1388893220215017,1.2249002705357355,0.9219908190814864,0.7973733918794548,0.8821699042233027,0.8979945377108756,0.7977722596390443,0.5887160351675491,0.5645006727973869,0.656021209491298,0.5829921921908684,0.6367152542272029,0.3973804330330663,0.3572649967575468,0.40090386064936545,0.3509281635993804,0.35919592502190856,0.3481849992581636,0.5273928605954059,0.3658801190514863,0.5088965861185208,0.4124826158405309,0.41441787007327213,0.5791580501158806,0.506088931345793,0.6054960087137932,0.5364894491403378,0.6978575748879859,0.638885465461815,0.7962436098556496,0.7582080615389843,0.74317392526967
96,1.066673064236785,1.0125446460853493,1.0595150395006798,1.0910077983508093,1.1541331110780713,0.927603241423938,0.8334516137707858,0.8133919714655979,0.8570700387066029,0.7861226820504092,0.6106670436246844,0.571528671549672,0.6463239089327762,0.5641678230151109,0.6378194514207369,0.401318741698352,0.3657970085211534,0.30626236494777337,0.3336877541607661,0.32844522736204246,0.38800380783473776,0.5299051892016561,0.3003761339727321,0.5067340006926395,0.38560669959386773,0.49446786849183816,0.589158615840068,0.40095883923441783,0.6015644998192834,0.5264573074047743,0.7042618286680488,0.6399902889309405,0.721244167322538,0.7419784008218981,0.6237225440613318
97,1.0944237299675728,1.0719709730508962,1.0871788641344264,0.9528997272491393,1.1956710785571443,0.9695574573566026,0.8125855481625781,0.9209015708087016,0.8297647367960426,0.8571048138078368,0.6152662813601097,0.5815689467112753,0.6419790307881982,0.5779436789174337,0.622636770899465,0.38692421779370595,0.3549643359616343,0.3642052531185123,0.3134338351278494,0.3432223471608917,0.4088100626416082,0.4891012509426952,0.35826364473354394,0.47540408149777624,0.4415282742717203,0.5255758714945646,0.475131805295594,0.3817482994573093,0.5306253358258389,0.6152770858982212,0.6583673234834782,0.6681545101908056,0.7376689010133954,0.6720729369397646,0.7391750431350034
98,1.0245291175647175,1.0577793833871239,1.0909209484867453,1.0928072323970799,1.1373629016867812,0.9427077989795769,0.9360220913390109,0.8011144468203457,0.918216298119708,0.8155941490433373,0.6217588715563398,0.6086440088971413,0.6027340818569513,0.5514040271127956,0.5560886191126384,0.33846974167531374,0.4537498455939043,0.3237162499210293,0.3366497898073253,0.3330257203200718,0.3950806798506099,0.5055269672565772,0.32085426127014993,0.5346645792524438,0.4250577948419013,0.5089745096543182,0.5497163435900226,0.37736334328118104,0.6095777180679716,0.5230571872297135,0.7378790774899665,0.7366791355598866,0.668809680593076,0.6992582070778917,0.6737907847120914
99,1.066756442456876,1.0410590796053674,1.0464345020984376,1.1583965745804186,1.0969730050708466,0.8568269269253662,0.8548598351573502,0.9137954868216378,0.9303258240662741,0.7768081486373108,0.5802297332131617,0.5482442289808835,0.6485901190380667,0.6049214743107552,0.6165672693425496,0.324124015922465,0.35938275403743364,0.30850083807854195,0.3165191181173845,0.3286231733689675,0.37318056047854664,0.4680046473049778,0.34834221384011604,0.5139925259404543,0.400403686636442,0.49121859605832563,0.5249096836584397,0.4732394424713904,0.5836033283348712,0.5441188220852695,0.6540866221160704,0.646979654838696,0.7843985256721029,0.709380876789442,0.7356493232454886
100,1.1574536027820272,1.015519481664691,1.1293779312291374,0.9733659252851112,1.1259710048643505,0.951219254436964,0.8373877245737749,0.9551384327193089,0.8817693515833768,0.8016611213861393,0.6118115318616115,0.5744319237621721,0.6573992050958878,0.5555583218092133,0.5767920853980604,0.3622817217550164,0.3553521454309789,0.3569220442310728,0.33062215137946616,0.3393252317085358,0.38856947859588875,0.4579462220654364,0.3550574621294045,0.5730715424064186,0.39846050895074847,0.5959646854376097,0.5086044643557104,0.494993996947524,0.6276617785696723,0.5525013330253569,0.7004470877998364,0.5982714825557108,0.7752068114695891,0.7154374504334763,0.6505337552127666
101,1.0575764847516254,1.0116873088128504,1.0614431204772155,1.0480483438979784,1.064138004044866,0.9785290415411929,0.7650802184604104,0.9382208650373398,0.8548676928700848,0.7696859770124727,0.6280080936929551,0.5220615093680312,0.7018504016550444,0.5140055297647619,0.5242485346449421,0.35801575488841997,0.38442719038047785,0.37725177156247036,0.3140833175084949,0.32034302825997163,0.3642272643473687,0.45821014933688187,0.3227108134800328,0.49552707784569944,0.3777665407440726,0.5808678686808231,0.45852423178597923,0.4988988143371829,0.6034433288470398,0.5261446749746314,0.6390309438030417,0.5950234102610252,0.7773616542647767,0.7148735840842921,0.6792355962712546
102,1.052440426020623,0.9969704088553903,1.1302886098885623,1.035441689288422,1.1842495710065568,0.9543032413897817,0.7797551765356497,0.8923737076837512,0.819315798383976,0.8377509363879694,0.590169914564963,0.5320051560515773,0.5889725266857221,0.5720069899046721,0.649386517756041,0.3224885593708712,0.40741314788222277,0.35593820734917075,0.32329231038903483,0.3397722179543151,0.4088712986696924,0.5437689961981069,0.3560369066765655,0.49112017528025115,0.3983405884151961,0.5539785286731276,0.5514784515800862,0.44096353254887327,0.598780534661012,0.6435284451277086,0.6703547427902246,0.6826520072994002,0.7840268153930694,0.6545365456956832,0.6824943956147885
103,1.0516695483078762,1.0728544729491514,1.053774045752129,1.0074865743856183,1.1825807791892355,0.8780363743522712,0.7922608784323013,0.9272702962755126,0.8583915555373651,0.88753734127813,0.6269148507393671,0.6268265678890852,0.6394810189749376,0.4976426656297218,0.5723561630021856,0.3425674844177956,0.3842068106256989,0.35469532482058763,0.36749893038282266,0.35742788802552916,0.3977471194078005,0.5120781737064992,0.3326603990411904,0.5258654167356348,0.41018769969486324,0.5884449251579067,0.5926954881247852,0.4786237160534509,0.5869220458081059,0.5410716430598246,0.6247672620478426,0.6771355980489945,0.7893674774001893,0.7396177425777075,0.7128304271511906
104,1.194116568454331,1.0569503050380409,0.8673953636770411,1.1287897601262855,1.1374825918773301,0.9196100619760572,0.8049042039399159,0.8170222776625243,0.8689501076222073,0.798546648948602,0.6245124940923599,0.639384123020392,0.5537565070448227,0.5549316519110303,0.5839468633719879,0.35132304969576045,0.4311337412581351,0.3140232445686434,0.3331472918479594,0.3831607430718779,0.40770419782202033,0.5120444988449004,0.3187262643307093,0.5397464042850632,0.4065561328586411,0.5584656971673285,0.637166025915186,0.4010361073797365,0.6195111690375094,0.6438844011247211,0.6938746153363843,0.7003861490828379,0.6693012613587352,0.7347611726533015,0.739957969639921
105,1.1485087492861918,1.025523608720388,0.9869892081259605,1.09983356597336,1.1491538022523624,0.904463073432335,0.8539148877314431,0.8819331941185069,0.808324549424476,0.8291436439299456,0.642368400785349,0.592231246465502,0.6385525320066567,0.5114610240192611,0.6217968396477438,0.32152638621818697,0.39230327806970494,0.3473863785610257,0.33925229666670087,0.36114795250712906,0.4094848748190257,0.5064290315455167,0.31821839776983163,0.49330101319941433,0.37363731777851383,0.5825023334637969,0.577204683720288,0.47877334156569834,0.5750722069381164,0.6121537510898372,0.7066826795009917,0.6928270810264123,0.691700799746938,0.6933130498221081,0.706892176959501
106,1.19558336416368,1.0245015045913495,0.9750804826378139,1.0909897048918067,1.079229498834572,0.9220836299168872,0.7859976494527516,0.9242267362140915,0.841229932300186,0.8533829024869048,0.6583842908771018,0.6079165360858056,0.6341284823116563,0.5142734231832204,0.5970624781082288,0.3537124765693722,0.39038423344393103,0.31671553262954183,0.33743435135789224,0.32317750030518355,0.41135156720890054,0.4879084281830585,0.3138959601462023,0.4610045569379614,0.39535379556116096,0.621384451919549,0.5917031192367322,0.47722842361410367,0.6023300585003941,0.5671072100239959,0.6910153178462635,0.668000110269987,0.6749520735681039,0.7149581262303428,0.7278985129641564
107,1.0509562018899978,1.0545022085562987,1.167331587567645,1.0148799158694586,1.1249510563499967,0.8595828723453336,0.766394160748476,0.9948473787550606,0.8032824778980591,0.835199322363831,0.6285124517975929,0.6488101389452299,0.6408128861085061,0.49618832121120376,0.5857506226466076,0.3389231972448174,0.39679237501005993,0.35424281233409805,0.3197936235661451,0.3825804167375758,0.3808936571608583,0.5135004443764936,0.35249845042954453,0.4709297532311505,0.4240475603417725,0.5890107514136682,0.5888809003932496,0.4473392756504033,0.5911002496741977,0.6524660152096976,0.6680220703923974,0.7233812617003592,0.6945713136014473,0.6873671410722749,0.7455816525964556
108,1.1371864539714656,1.0206072106746418,1.1030524662321983,1.080805190291684,1.1095432915594432,0.934382690771735,0.8054927099079636,0.9066381897110716,0.7685568984230327,0.8377623694761627,0.6096525573229272,0.6282235277742803,0.6175654763774653,0.5525484071430962,0.5073701048520177,0.3288651972529717,0.36919205002275535,0.31469664057057983,0.37181694895769624,0.3316121182188799,0.40542805032422247,0.5213852302300944,0.3630280259504144,0.47094456653100714,0.35147608444112766,0.5403685869287136,0.5971838584402132,0.4947965895817801,0.6026597344605846,0.5577149724355737,0.6315593925862284,0.646512005590911,0.6645516087957941,0.6430530989191985,0.7271970291389809
109,1.1857750366854,0.968931234208114,1.037851251475066,1.0867043187247054,1.2771001827631168,0.980568377808718,0.7866458330866775,0.8794845353569558,0.9054274861958272,0.949520764137417,0.6228863680544929,0.6049730702511904,0.5772216162134417,0.5639364977629597,0.6394212520419659,0.3504780224016554,0.40364278202772946,0.3382195617036992,0.3587981512764749,0.41403348167612497,0.43210282101899067,0.4998691127620841,0.32030593698612925,0.509285073094532,0.4052902047403334,0.5990943953867716,0.5580315293176501,0.4212685293101742,0.6358253650073868,0.709227596471669,0.7539734755157648,0.614511811153528,0.6568110985482523,0.6611625609425485,0.8072053801299098
110,1.143589221083813,1.0217826225903246,1.1191281742860792,1.0815021931246227,1.12672593888149,0.916696733066628,0.7939088329928501,0.8396764264946265,0.8368868819813078,0.8071600810488841,0.6466598480729978,0.6075999099315634,0.638386367167518,0.5797871510628989,0.6129872587821203,0.32589361731824995,0.39922378928446073,0.31408675965228305,0.3453763350954391,0.3466222009172524,0.3815904156162312,0.5582673979879502,0.3134149570948882,0.5084290152561218,0.39747271207839446,0.5277131739197424,0.6423493313986828,0.4000286365209841,0.6123534679094031,0.6107627257065743,0.6741956996674052,0.6341248992840759,0.649704357006045,0.6618638696666497,0.7761102256478811
111,1.0875737785925148,0.9807877970931521,1.0654245716518713,1.0538720645423436,1.1023813828242588,0.9719348660342391,0.7257892913995536,0.9332061578617571,0.8783660624870502,0.8316649911925295,0.5887092833559917,0.5394092933297021,0.6722763914827131,0.5938517304084459,0.5394184798224806,0.32660586502893607,0.3822444343596095,0.3511706633688618,0.3779525911684486,0.3467874130713356,0.353895518684519,0.47505828527519756,0.3497634791645343,0.510629527366766,0.398909222486832,0.5812744372449508,0.6177907783288582,0.48826117227283933,0.6439064915745204,0.6470110925403014,0.7111359351781147,0.6097853486167877,0.6794077432880719,0.737560702476087,0.7479205849479151
112,1.0717620340147689,1.0139342929333575,1.0386499552009654,0.969345194634656,1.1423871997542658,0.8970369399916645,0.7875847972163179,0.9334397071139441,0.8556175439684205,0.815671042649809,0.5784761422095795,0.6447525173372681,0.6659374163773064,0.5977931566923833,0.5648070370592135,0.28939995281632336,0.3644769518038182,0.3001265721360078,0.3674430538429184,0.35142219887338494,0.35783259611419355,0.5104482810666164,0.3583598637497656,0.4919269194579988,0.33540675935761477,0.5720759898208437,0.618360992972556,0.49345869052433017,0.6438127473280136,0.612011633633265,0.6624462630682448,0.6712575519378559,0.7000453274476309,0.6473017706507811,0.7703259880282551
113,1.1361371999001126,1.0242023504445152,1.169723925407908,1.0569823570022985,1.152323831868252,0.9597516067660097,0.7906591258364155,0.9229763660697433,0.858945379679548,0.8408395661005508,0.6705362039233305,0.6048707043743055,0.6314120123114229,0.5799122891461423,0.5910137099550387,0.3853981709050087,0.41287239426019634,0.3414647054241361,0.37333421040991793,0.3566000226421311,0.38000962014999307,0.5404628347129641,0.349256627730378,0.4689306412535662,0.34689484708360674,0.6399238446762197,0.6006514042050932,0.46020490692880844,0.6433579889028653,0.6438008698456413,0.7737499129576405,0.6326730872964894,0.7336358558823368,0.6637843266921983,0.766767992363437
114,1.0640735496809408,1.0052899651485765,1.1738885999960882,1.0487322396091,1.1007333727975062,0.9280060627152498,0.818790980581148,0.9583029237772334,0.9424673308746616,0.7989699384734417,0.635415853422032,0.6183354235487534,0.6466542555905614,0.6146399358820651,0.5340180708836095,0.34380308794373865,0.39912252792478775,0.34482899139304307,0.3423233006940449,0.3274382403232001,0.37774100541097094,0.5229603308509799,0.3381508972727217,0.49288652544942557,0.3513060225737526,0.5354862633394972,0.5809864153694579,0.5043114021099113,0.6183980260185955,0.6006964753378539,0.6371335778585797,0.5685937086604995,0.6906970027190907,0.6902154876805134,0.7432588242786007
115,1.2252784768035083,1.0262866693346322,1.0929742841156571,0.9514378271122055,1.1496808938660519,0.9212360959131616,0.7646548207760722,0.9452952101198417,0.9167555637685842,0.7856881879878442,0.6598060613541763,0.5871484821759758,0.6962800147283056,0.5920117186583747,0.6126560204815661,0.37553161689669595,0.3699604191288919,0.3608153870213363,0.35523310604497094,0.37789348736962725,0.41918474518865917,0.4988925341882202,0.3761786532213529,0.5508715572623059,0.3533590968866337,0.5829522808875867,0.6284376682330655,0.5128097374036471,0.6162412061114515,0.6430971805557071,0.7147086257406248,0.610245052154635,0.6924677718860586,0.692865470300627,0.8162780576638324
116,1.192648691583428,0.9998560496630092,1.011505904725436,1.0048363904485291,1.128136910245332,0.9882205157090646,0.8408205924612402,0.8632736094486929,0.8886828676525396,0.8074872376714817,0.646492703539146,0.6162270038133426,0.6085910064577922,0.5949730292198079,0.5739575826498925,0.3765975607311135,0.38072712180894974,0.34306273682421884,0.3394771443449044,0.33953946239978294,0.4264196138267529,0.5432043989670395,0.33538544818061866,0.5084380996535443,0.37743330565667804,0.5767832704971092,0.6606517389722664,0.5518056185127924,0.6042046882998348,0.627980084858828,0.7633173211602151,0.6517437273274325,0.6929508547609944,0.6147635743417694,0.7222199707757072
117,1.0899625381694316,0.9764884903018982,1.0906071661308152,0.9581789147447027,1.1618435413540205,0.974735180023056,0.7772362914260116,0.8806349561575503,0.8021174637906923,0.7978004915152395,0.7003126280128,0.6067831153229073,0.6958150157372681,0.5831782576461735,0.5758844104902072,0.3953039754403443,0.35591554397115166,0.3267958832847132,0.3623058693749015,0.389533211459285,0.36271927130706716,0.5143874116103148,0.35721133770704505,0.47362482485474444,0.3830613984306825,0.5914868326441958,0.6662735224270502,0.5534283530583883,0.6219635323290723,0.6157238065797831,0.734929675913097,0.5930564183011198,0.7052941662922724,0.6966649129309472,0.7808593074512896
118,1.0742605315498275,0.9707154828086624,1.1152078826054688,1.001998311954912,1.1317488236433482,0.9167693371838523,0.7989012270269039,0.923722503584185,0.8632083210500144,0.8315263649466567,0.6324385228806112,0.6380295167937841,0.6911063096177521,0.5681510403799022,0.5530694154777326,0.35788155714083575,0.3962052923189937,0.38814473150890894,0.31000111968918775,0.3668426064869882,0.4215798780311316,0.5060889305513945,0.406610921332688,0.47222981513868173,0.37896284094627275,0.5323303701481206,0.655303937821849,0.6428314152451529,0.6459289506104503,0.5840156106021708,0.6775794503931076,0.6167573284398955,0.7291476068684053,0.5697321334318892,0.6879242572292068
119,1.1604221690281642,0.8441321594694156,1.152759074260718,1.0555902477364985,1.0023037080371684,0.9969927640333129,0.800891045950781,0.9529636213331767,0.8929583771839149,0.7893706296423819,0.6746540722268071,0.6421649604380387,0.6872061213826126,0.6557111516930467,0.5309767461304552,0.37805008257544026,0.3664260366606218,0.3434099295249354,0.3686116234806,0.3542931478784884,0.4472035121200134,0.5503815388788014,0.42757733951792004,0.49075506796029705,0.3829740099460408,0.5585696836477393,0.6510784280816195,0.6079206176631118,0.6431853564076601,0.588646178314956,0.7960147686822223,0.6630110942429628,0.7626181636882019,0.6348750695919314,0.7192940409404327
120,1.1465341413405357,0.9663678073806288,1.0845491882055356,1.0253128993974143,1.1744392864778948,0.9192893071993822,0.8374598049796558,0.8552878572393487,0.9436355056320662,0.8657795503095049,0.6315254829618664,0.6272499026468124,0.5854110858072494,0.6089736125012633,0.6007498738907296,0.3464572630951178,0.3751547642221805,0.3389763702465205,0.4206124555524313,0.3898073319245774,0.4533864694824475,0.5125506023816229,0.336606433556021,0.4695356878739618,0.44859065941534215,0.5918521670046422,0.6520226199298652,0.5978162824060109,0.6300101397811564,0.5604317184726245,0.7767574991706266,0.6542207503828013,0.6407382624211244,0.5918791446870582,0.7728257401272771
121,1.2227755665999238,1.0163366186001954,1.0275725849506507,1.060196231109673,1.0935448208183294,0.9091836352943732,0.8402164039248876,0.9096583274874048,0.8740830750153475,0.8249460295465509,0.6786193663991343,0.6698313417346142,0.6036099485530875,0.5923221169564845,0.5618295842811355,0.38636714084282653,0.41119329251398223,0.34542791240642534,0.2986032429996043,0.37235017348469523,0.4134045888882317,0.5267768450549857,0.3680192420194166,0.4655806726428943,0.4305258880323969,0.6037457814933413,0.659691551329253,0.580439989959502,0.681785010470302,0.6221008537144339,0.6708725471459867,0.6933342960176869,0.7066756104739426,0.589347538194603,0.7533197156892311
122,1.091561694937254,0.9857201264247258,1.1198088477604742,1.035670316930549,1.0394557109589206,0.9203876053406204,0.7556239184511181,0.8997230387405085,0.874571568164854,0.8584363012797509,0.660430584437632,0.6755263147002346,0.6021193388627276,0.6012456836697178,0.5847066470793524,0.3989818251518755,0.3613859761961946,0.367982115279918,0.3218300736784756,0.3876480365282048,0.4513440894666576,0.5524768001686462,0.3863552236706963,0.5032062787107369,0.4244675329340069,0.5542955933583082,0.6411434365419441,0.5928133864705081,0.6381734386406378,0.6488806694284167,0.6372944858856673,0.6728783498389946,0.760923307574813,0.5745257462722299,0.7519653894705158
123,1.1283065238030268,1.0136867196261972,1.0895560467666212,1.0132831283322954,1.1073880618069751,1.0119651127744944,0.752610813053276,0.9358176508982823,0.9368622675918239,0.7663184479000622,0.6748360579667418,0.6189981687455114,0.6280672634712761,0.5685393584645464,0.5548788148481905,0.4010041344812766,0.35124112731729107,0.36743650539439887,0.36070335893270755,0.39189590272821373,0.44911231414733144,0.5177784083326867,0.33961784057304917,0.48339302775366927,0.4706142995568989,0.6332939143644354,0.6569797322391555,0.5783729206025353,0.6032128514841872,0.5540397625417925,0.6369065342800788,0.6668846317111498,0.7411739651179768,0.5252954138573458,0.712307518794589
124,1.0729694903148996,1.0420733618856008,1.0864185647319413,1.0425900394424925,1.0733363135840943,0.890304398171067,0.7988283691681071,0.8520945848432673,0.8328334621756928,0.77053367488897,0.6050464898140462,0.6811914008828414,0.6115878906827557,0.5098082913287716,0.5652331778936608,0.38870720879775944,0.388932582359115,0.3468941559676866,0.367643229876235,0.3860165554253456,0.45081693457385347,0.563967755366984,0.3260039879450203,0.4809517052756892,0.40518040165054936,0.5824503058900774,0.64307289608202,0.5502874701834711,0.6327038057589272,0.5613646313760761,0.7201886397400139,0.6073562638935457,0.7128855888992196,0.5419300637892909,0.7450592026154872
125,1.1732519722769985,0.9101024224343237,1.1640622170925685,1.136617737048918,1.1143721758927962,0.979861832065046,0.7184839593842351,1.0286405571498953,0.8471745268480302,0.7967671364738447,0.6856199545077268,0.6082267227180619,0.6619976968886808,0.5769073125923965,0.6393682149232534,0.37325031739542786,0.3554687728685627,0.3546275196413362,0.3600854222661557,0.3344563543246584,0.44806667983879495,0.5086772556986648,0.43455894942801526,0.5072978146704463,0.47356097566276184,0.5511287502629559,0.6001413915188283,0.637966677804017,0.6447729414080953,0.5989458746248636,0.7627053231683434,0.6474246206786631,0.8051023873046473,0.5498804214391614,0.8089410073449762
126,1.2021841828924482,0.8694323967655777,1.1070197321973894,1.1159615237356673,1.1355584889940034,0.9751412246237707,0.6656233487394096,0.9904484381671604,0.8809460377206422,0.820243310378459,0.7129190903727272,0.602596579671602,0.6278130244468414,0.568792354378772,0.6034147142680527,0.3728745996848699,0.35728683911115533,0.3355904739383747,0.36883664743651234,0.41679352538928854,0.4642243760267497,0.5178983073691374,0.3802461223664822,0.49048375915139386,0.4469868948404366,0.5997105911676401,0.5675333175841819,0.6208959917628643,0.6242001929168544,0.6032374046516737,0.7460804847532783,0.5936528639326011,0.7598775706282238,0.5811861238383398,0.7822034951408662
127,1.046226728644753,0.9052145852730296,0.9948745489917598,1.13773909939761,1.024719105797517,0.8767560102802723,0.7752829606073058,0.9028240636066548,0.8172895092029545,0.801387089426967,0.5616890804505564,0.6550842210701073,0.5610443575205992,0.5729554895571682,0.546072622682436,0.3485349283799155,0.41312434813257665,0.3449275218861707,0.3920021499831404,0.3716564860045197,0.37445959559362496,0.5623803997682967,0.35233717194356495,0.5074672427209502,0.4472571475709788,0.5301191363644497,0.6529114675446726,0.6366843722812463,0.6227427887878898,0.5413088989378491,0.6821039758815326,0.7005859800818173,0.7055273974384708,0.6352894983026973,0.7447449717624312
128,1.0535431143167506,0.9422155562360586,1.0630270659022556,1.1167146830532377,1.1525724212949706,0.9011676331530558,0.7534421127540412,0.9720862232281013,0.890346148136584,0.8180346083127977,0.6855558097274804,0.6032485993044305,0.5734026519316462,0.5990265275883514,0.6109442783974197,0.3580163528784166,0.36603810786289903,0.370403374042384,0.3834572822376565,0.4213664890737483,0.39624734483146273,0.5190920490169282,0.37244671583002853,0.49602722245671366,0.47829187356722286,0.568046755376709,0.5961054299858639,0.6074561446465104,0.6218998624869564,0.5720047142121529,0.5939586517194405,0.6647892069960823,0.7073775584049371,0.6084489992877498,0.7308294440781457
129,0.9700791771650378,1.0154971684324043,1.0437448100572442,1.0538247147258522,1.1216431766660988,0.9249451285412029,0.7392071483333162,0.8598072505099897,0.8383474391457928,0.8140895026278778,0.6540696791354691,0.5900256700979555,0.6527152700471363,0.5100222275900859,0.5819234167938703,0.3725450164622931,0.3793816866943306,0.33354482076931535,0.3772786114273061,0.37287803666184394,0.37458107540240604,0.47865167716774726,0.3586763972521883,0.4510446996448594,0.4654705832493943,0.5690023567937429,0.6472157118107473,0.5776645305438111,0.599130869561993,0.5689680012386225,0.6127350954673771,0.7025883085597566,0.7089697323338757,0.5567347214348206,0.7588912367127492
130,1.0636174202058428,1.0713376315718055,0.9812519569577008,1.083264114803386,1.1010927223582416,0.9261134372245593,0.8051037622516107,0.912750072156413,0.9265782485488103,0.7638699796552765,0.6983159980960648,0.6893928394087447,0.5893136662946332,0.5906943436415987,0.5587740574958011,0.3812382851851712,0.40002820091493974,0.3245554647539003,0.34249985627890367,0.40677186459353665,0.41446461062633433,0.5334422605027869,0.34663575407525304,0.46148929145063267,0.39682212630361846,0.6393036329233068,0.6859328957278014,0.5660409899636647,0.6430459732673035,0.5275203814505618,0.6975790654521021,0.775485571046973,0.6686689834868934,0.5429452789577602,0.7113466642899521
131,1.109968399325077,0.9866782119552402,1.1149736411692965,1.1702410430827757,0.9769398000897699,0.9306698905523442,0.7439018065824057,0.8811590365477296,0.9120476072683257,0.7730097195093592,0.6899506899939558,0.5966706344525329,0.6185777110529285,0.6178624970821858,0.5633670130948841,0.42629853819837044,0.33905847656123445,0.3182723358159336,0.36814993850758404,0.3838088272697293,0.4682628272891331,0.5131132246134034,0.35923410281069634,0.5009390834613137,0.43302809266188647,0.5735241631092156,0.6213551850321182,0.559078981177805,0.7004315424083214,0.601202265713925,0.734274540203086,0.6824345994892038,0.7169553766236791,0.6267978997861962,0.6454252309981394
132,1.0453657483257452,0.9472239919637977,1.0196187288083847,1.0481108132018315,1.0613532787656936,1.0108426561770643,0.8753792828805649,0.9250571279436941,0.7689659251880399,0.7956624635364175,0.714304596645935,0.6639021457832065,0.6197157117387271,0.5373319467502212,0.6194076097450056,0.4069469499217305,0.3829542270584882,0.2990786638214538,0.331110039875866,0.38566593779695135,0.4435561725705708,0.5339291800380292,0.4114053099208568,0.4482622030041764,0.4810607786081782,0.6130626506494492,0.6309193126347497,0.6181683785072185,0.5395006449601585,0.5904577573982348,0.7335021373290966,0.7383950195094389,0.702728968667717,0.6147402911975426,0.7396571253516246
133,1.084108035531457,0.8611730943141113,1.016678524808867,1.1480887842279774,1.1095931228450242,0.9733753044187817,0.7575563797941176,0.8636079302028654,0.9732048448323815,0.7566929583787063,0.6346454621827037,0.594010679950685,0.5636451661003639,0.6416551031516738,0.514273172702619,0.3963075480731694,0.34030327515048864,0.3118539968260058,0.40381659095591005,0.3402988196558985,0.4576436016730644,0.4928506926704125,0.3707525006196549,0.49280715494864974,0.43734836635136054,0.6269201728607673,0.6358881549073229,0.5669765050818517,0.6322720633621419,0.5740342931852862,0.6424769843564361,0.772868777766268,0.6992523593054325,0.6426038814429423,0.7263197132821553
134,1.0022024955005993,0.9493098190629707,1.0711734752717779,1.0541769842066198,1.0172317200922416,0.9324255318207813,0.7908174400433103,0.9650230775622259,0.8436857616440934,0.8212256316661098,0.6671262379000346,0.6206498835185269,0.6934178024051392,0.5017082634759715,0.5548405511002379,0.35302328551604534,0.3517324484071449,0.3574197983663474,0.3898709542558074,0.37521149484849853,0.4252506657090523,0.5597107800999859,0.37485248891083683,0.46032787483461834,0.4640865636732764,0.6055025992472193,0.6744615596566061,0.5323186688408433,0.6162792743540879,0.5865675239072065,0.6724189873683237,0.7034131557256385,0.787264252890798,0.6222705075709447,0.685521627458151
135,1.1521020384133143,0.9508285007913234,0.9754188802641199,1.135311850660268,1.0384184205160785,1.012341042219178,0.7982229337041915,0.8667070695300472,0.8321373600788985,0.7639037381905494,0.7044652178739157,0.622870780920274,0.6205293264969547,0.5505907191817176,0.6093998712880231,0.4403065923304147,0.3561653429158043,0.3146702812889163,0.3347192181392633,0.3414218430655826,0.469864490985349,0.45793563605519805,0.3606753546744328,0.4301948293364538,0.49959831953642375,0.7300534303551667,0.5466136117189284,0.5557713946783277,0.569358337532128,0.5563874645220136,0.7819693980676606,0.7064065070680132,0.7046872645772166,0.5982563427103396,0.6859391478610288
136,1.0765478474759098,0.8440900091175753,0.9794943036095932,1.273288960973482,1.012709683979248,0.9453668706730016,0.7709305184502075,0.8815598308911275,0.9694905760180652,0.7645332303954486,0.6729148677322154,0.6392333936365018,0.6363726658633804,0.6355305720319149,0.526393816399209,0.3952012819209967,0.323440826526851,0.34014806154653243,0.4114731911235302,0.3818201522665451,0.4028204658511916,0.5230593903144783,0.4198242353491789,0.5473227060620298,0.44620738760216994,0.6490903259396392,0.565359198439441,0.6089669842201897,0.6877084414458778,0.5479217055855772,0.7557581391937472,0.6741463897191062,0.7241760591491542,0.6593742716857435,0.7166945124673206
137,1.039764953965658,0.8655829657006513,1.012030652159815,1.1963051644647222,1.0767363454323409,0.9036475544078852,0.7469572365521276,0.9608308274243027,0.8218919761459305,0.7824230595122543,0.5955116171167578,0.6434709978326277,0.6903278827922146,0.5836132472325961,0.5161044204678246,0.37244066956268806,0.3276094865001975,0.33665261122669676,0.348373358980274,0.35962671998342594,0.36557910685149153,0.45117179571036087,0.40454133464145553,0.48055241743995536,0.45939422470909663,0.5869751061997973,0.6280080620175144,0.5796633695375154,0.6403762789684162,0.5553820121460772,0.6501722144305123,0.676759793005652,0.8002833713766649,0.6426573350070302,0.8353284096174752
138,1.1270696580679496,0.9541484548421659,0.9888618272873553,1.2228738750563846,0.9981427526308373,0.9320536885162654,0.7636849725589197,0.9662769113993908,0.9737397028046171,0.7995551205468701,0.6979373373490241,0.6346597924960448,0.7065661050469727,0.602555218097072,0.5985770841886944,0.4095171378206083,0.34471022703607834,0.35877471858290205,0.4331326972879148,0.34608147222995433,0.428756617521488,0.5090436318580875,0.43796104987130435,0.48358144635896827,0.5004195418595276,0.6664333950973558,0.6119851648732535,0.5967181611714149,0.6434534975813171,0.571158208037599,0.766935752606061,0.705955552385075,0.7824648108444923,0.711439206460438,0.739405259126519
139,1.1578758156014803,0.9816217138320381,0.9891633910919823,1.1540717941531797,0.9461049809004596,0.9718148350281582,0.782805253003541,0.9516063077785881,0.9792846652131013,0.7317691353344208,0.7022527655711054,0.6541236338670477,0.6770848657804238,0.5814985740979254,0.5475825802100531,0.417988663222898,0.3545493651887558,0.386209031215565,0.3855369024338908,0.3615291021606239,0.4135184538036537,0.49681011221669524,0.4304094203060272,0.47648209167724237,0.5043804496319039,0.6357432628452309,0.6510027366411513,0.6351550757317075,0.6435447581480555,0.5010663540843763,0.8162625599085542,0.7081123221356969,0.7760302246535442,0.696334003157336,0.6606430364934881
140,1.0793172109531832,0.9496303995420318,0.8851513857275878,1.1145824230366235,1.081663945716363,0.8884571778469982,0.7378526509330936,0.852264689328108,0.8321032229378228,0.7762573782840544,0.6617380161163764,0.573156025091583,0.5530085174195447,0.586189104126947,0.6215078988013791,0.37314012823898485,0.33332678768000745,0.32632262950230206,0.41130701063133657,0.3430085596524787,0.36359470535884175,0.4971866446233751,0.38709677602625486,0.5025115161545521,0.5035755292691192,0.5853141561379118,0.5923879178074389,0.5842343513798048,0.6483020314940859,0.5711166346814838,0.6937005407265536,0.6143317640773418,0.711256912287034,0.6893031871884062,0.7271862178541815
141,1.0907106346682232,0.9846816980478168,0.9706237790727743,1.1118313843705847,1.0501404469667652,0.8700371467057865,0.7411571697075279,0.965137647043849,0.8491502393099521,0.7163453473491099,0.6415985576907368,0.5889494502766928,0.6964851514691501,0.548939551647185,0.6261200007016618,0.34704223268715606,0.3674529190444043,0.3650299197062245,0.3859761206716388,0.374919223906382,0.38180387634119206,0.5081287134782604,0.4314695912464908,0.47896898273359545,0.4539298244485602,0.6086499067887285,0.6262509729790184,0.6090603695019488,0.6037388679504789,0.5659674955701668,0.7156628481833343,0.6269989459532646,0.8022348784831449,0.5779422636491609,0.6342953862608856
142,1.115068104756649,0.9163992857454444,0.8678503390335794,1.0496410023531981,1.137419521820658,0.8790208134848964,0.7185226393697584,0.9169559887472479,0.8337271690596413,0.7977000289902454,0.6315851468794265,0.5400078112326709,0.6102985941605905,0.49264747691763455,0.6053927438846991,0.3667687506235945,0.345276662693466,0.3289582445766615,0.3552322620302727,0.37271867392140345,0.3816855546345709,0.47410773746188123,0.3678393033187696,0.44691455197217445,0.48278081185731014,0.6032864407604738,0.5998026084801161,0.5599737308278747,0.5440929563611303,0.5716556254238478,0.7019147142941616,0.5900046423500626,0.7567393743963381,0.5968217187332987,0.739358637163479
143,1.0760015591801215,1.01801073269984,1.0239235863632918,1.1068250150886287,1.162025833918348,0.9234375049048931,0.8026437026572905,0.8646921699918428,0.821906311720463,0.8303387342593697,0.6958625486606524,0.6504562546907802,0.5979875479440018,0.5331449012383729,0.6267144216224484,0.4333035370652506,0.3596750649677633,0.33639881044550524,0.37467604929287174,0.4219120930897796,0.47032570392550166,0.5515348969312595,0.433367863475758,0.45232763059388087,0.5404588503082002,0.6327742241419401,0.6685207811205961,0.6183060251625949,0.6030086577303051,0.5783677692929361,0.6893408418421499,0.718107278915412,0.7579083173863315,0.6133230481004943,0.7079962726379475
144,1.1262211161896314,0.9259109863076997,0.8819359669828022,1.1484230910181665,1.0315335245021413,0.9331960870637088,0.7556969032669641,0.8342618955999894,0.8673231847507258,0.8355067230169506,0.6617176200372361,0.5969826513340191,0.5827262764575312,0.5270907130352087,0.5649121770492525,0.3831983153107541,0.3365434655539219,0.3313529994474578,0.3932151875299007,0.3558544449780142,0.39766915937275005,0.5355065028226577,0.38649909486335643,0.4544970292317354,0.47851114429620245,0.5783695204361747,0.6144881404428795,0.5743629372879282,0.6661332375643183,0.5652959738374101,0.733142898091992,0.6780180803320195,0.6620697816345305,0.723631526762878,0.6852903510361918
145,1.0737896400152462,0.9981346242386316,1.0121539636739596,1.2150949310901589,0.9477321228204073,0.8666745406290597,0.7903400875672486,0.9031460162048179,0.8813009239331515,0.8010847677715758,0.6335539555888559,0.6103852634631464,0.6214818162257809,0.5549822672994333,0.5897043331185183,0.3385879963458289,0.3558466188113123,0.36457738334884665,0.37660315680256284,0.32162928135072133,0.43774821801673525,0.47873076951923343,0.4138108646837044,0.4801546890342837,0.4401884045973188,0.6482231887833362,0.6588102642416163,0.5498439384533588,0.6644340362141737,0.4680914248898238,0.7328718577584403,0.7148631198053728,0.7318330494267894,0.6547545069087735,0.6481903788559789
146,1.0746596379240847,0.9827456395161887,0.9176230456041214,1.1494842418903564,1.1155747545577692,0.8600088578853019,0.7683595832617787,0.8662603836138739,0.8872323683895758,0.8446711523616706,0.6639141671682128,0.6630455929039778,0.5418460870835542,0.6057176846885969,0.6994029392018772,0.34312216236595716,0.344877087463466,0.30379695807165685,0.4249098852715313,0.42776426274537993,0.41494610931174647,0.5142296323203406,0.36399711303836313,0.5099728997868395,0.4910901901893574,0.6363661003670189,0.6384658333601204,0.6217888594149639,0.5970977303908108,0.459747095596356,0.6825576388053831,0.7134819684536675,0.6734258726526771,0.6380450055421774,0.800209707393418
147,1.0771225342499058,0.9973544358147436,1.0424088767720492,1.1403245664539081,1.0696834211534199,0.9118340643185743,0.7996178524168257,0.936798942440994,0.8922500378396685,0.8150102158688102,0.6445765156813186,0.6044748002788287,0.6529447832679192,0.5482677087521093,0.6116761168726415,0.37996238569945406,0.3287268955358623,0.3335673926947864,0.37742871629782815,0.338379276364826,0.40922267982008786,0.534077859736773,0.39938761821907776,0.4668309352858401,0.41058848244127205,0.6364608031853997,0.6400244323958386,0.6608096974530882,0.6139770050381499,0.4528570733977754,0.7377214424601239,0.6430315745337387,0.6824972437384864,0.6689047224285785,0.6501156725460828
148,1.0946800651930562,0.9748386538511511,1.013633799179133,1.1047157421029459,1.1035475574503586,0.8897606334901175,0.8469889686946508,0.8878116214826631,0.8533337349477395,0.812036187582776,0.6648642746606264,0.6283087363172497,0.643432000987976,0.5130432098991962,0.6044791077960368,0.35498915313016943,0.34300007040083497,0.3608395255373411,0.41763421565938996,0.39001849882226186,0.3974395803104762,0.544545972635343,0.4310903314247052,0.4777662826764505,0.5127586517965415,0.5766567508336168,0.6101975013069493,0.5832766523377053,0.5891809990077121,0.5277544330040673,0.6879461979473575,0.6089063909710236,0.687988838718905,0.6350259442982676,0.6482500849413428
149,1.029864647357086,1.022655550031045,1.0668935471592316,1.1119105140268153,1.0543010807904794,0.9638134595601259,0.755742103357653,0.9088354115914167,0.781174691470238,0.7902493397352602,0.6561142897239554,0.6040115492201188,0.6253752903669263,0.5386210966964377,0.5814633529348532,0.38776260053662165,0.34536788281974407,0.37625526763900186,0.39218866493536486,0.42570951759524917,0.40181530178075814,0.5164061794357834,0.4262908976087738,0.4549200847439046,0.5145465994300543,0.5577277315161234,0.6382717534651114,0.6119457271436427,0.5970955500421344,0.4444928604443602,0.6814328708934134,0.6657100361020482,0.6417214092918806,0.618943919933928,0.6916375472298338
150,0.9253219138990136,0.9971279034124074,1.1031109656421214,1.1562156797105683,1.0507992555852346,0.9273563716415221,0.7761460455749425,0.925973823694759,0.8782021364265937,0.7880894343868377,0.6982921517891908,0.5849338518699252,0.6397953439129798,0.5850873437070009,0.5620357536259708,0.40117207106802766,0.35256938076858513,0.35163602249198445,0.40892541628451146,0.3738397721266859,0.4246967740939026,0.5008826450831377,0.3920959887372182,0.4757616975561907,0.4335628294727366,0.6252885950629765,0.6446259403426956,0.5744225016033229,0.5911170601726399,0.5161026185801674,0.6771327322164646,0.6460700676440994,0.6068965849447431,0.6827383517042229,0.6845395147443503
151,1.0208579123150943,1.0636094895092547,0.9947482346698291,1.0743694031528763,1.1803022568891044,0.9189839862000573,0.7827161610140736,0.9405877326921612,0.8238354789826189,0.9036593465746389,0.6516633496473403,0.6303429534246976,0.6204681070043155,0.5614892002851766,0.5942098696157073,0.37559711768291076,0.37831595329223855,0.38566034545131567,0.32292416040553384,0.41068006115431793,0.4064773713026455,0.5476046950852744,0.4354011561699686,0.4485272817482864,0.5016339897885069,0.6222156098486995,0.5858803848297643,0.6399704817592147,0.5493290689446944,0.49530233441747584,0.7468826997134668,0.741856939455869,0.5597708531072875,0.6582723511443139,0.7139389886327198
152,0.9642493038112255,1.0963077723909835,1.0057785165619268,1.1457128563482133,1.1430344619242176,0.9776836531295029,0.8029898632973221,0.9509764209542654,0.8286103905045779,0.8100172321406901,0.6809800212088691,0.6532268845579952,0.6753661794015409,0.5794487179274311,0.6498030602430912,0.3732117955181519,0.37821268887103904,0.3881840565787356,0.3816231841931525,0.39071782453352544,0.44341449601949173,0.5484821450013088,0.4644874475267883,0.5634488918081,0.49076625705847543,0.6424718022846068,0.633681757833186,0.6077955322410914,0.5834922120289863,0.5814280805867686,0.6766644575482218,0.708617781022272,0.6040643392455899,0.6755066810194206,0.7822474528668295
153,1.0121204897977063,1.0544141766192054,1.0235397805296724,1.1330039754221337,1.1664052255402926,0.9297149472094894,0.7968821556421943,0.8907905075136584,0.8326128482326772,0.8073732181535983,0.6628177802165902,0.6072148477483144,0.6446130251495112,0.5950722053604953,0.6367617911197697,0.4048281436946236,0.33947039172516996,0.35952989329143414,0.3592330183354237,0.36872308463482517,0.47470341979197084,0.5167625078269937,0.442610329548562,0.5439031147286711,0.4655934544960324,0.6616188483156424,0.6127210116209145,0.5993096553133346,0.6008038371460507,0.5826636180069342,0.7472627764671871,0.7575967977102701,0.5932050235462737,0.7064675165257496,0.7384478636191372
154,1.0705872711576454,1.0337735348070667,1.0098458337258864,0.9865482332281276,1.0545489912496187,0.8952685217834824,0.7752125683836113,0.8435869535717702,0.8118564594915781,0.8427083189410857,0.7017407268513876,0.6181983283519066,0.6163062705634196,0.5010960131767965,0.5895921497515022,0.4009454631285734,0.34992877217305984,0.33652137377270264,0.31574107388048867,0.34717699236812893,0.4178491545214433,0.5215072451972189,0.39041666642777945,0.4741471060994932,0.4541642205970765,0.6780919084098733,0.6148041655865202,0.5932660531847902,0.5363426006132477,0.5095712416047932,0.7188103251206748,0.7683107360138601,0.5938603194274542,0.6853410704922884,0.7021296072717174
155,1.1771785856285666,1.129402423857389,0.9680397111571574,1.1747196835323361,1.1552802108045805,0.951144607961862,0.8448239839893978,0.8635206962297275,0.8577283531371422,0.8182011685183073,0.7029218308004527,0.6623118884853005,0.6243520012876748,0.561339659069824,0.6008556086405629,0.4399680128551007,0.41708191506911174,0.36207321619599475,0.36202419956161713,0.42335278259054343,0.45993871200087993,0.5837547487938421,0.45087466666944737,0.4546481683863361,0.4856816878377319,0.628975119278085,0.6182871097201186,0.5669445465600352,0.6356761497201201,0.540881919317429,0.7458998327627683,0.7690627615603163,0.5701626513266725,0.658209931766903,0.7618051561328879
156,0.9981467390650114,1.1154702131582368,0.9774954838047208,1.1225394986679715,1.0502089437143844,0.8620635748043812,0.810169859745109,0.8795846789536016,0.876653077569489,0.7962245696977577,0.5685218101727778,0.6087785291124622,0.666230540837071,0.5390234559624492,0.5979531705864581,0.3531145919928344,0.35955133791626276,0.3836385500674514,0.40937180950118013,0.33607295593664005,0.4129809789366517,0.5597871932060069,0.451105828400973,0.46637576617504417,0.43136820766925144,0.5890119394201037,0.6993927510898017,0.6160107408929462,0.6190754632562468,0.4551955075471107,0.6734889270413624,0.7644040322728514,0.6509977145354431,0.6508345787677885,0.6537312628588028
157,1.0991029154469667,1.0691124405883317,1.0528046156384763,1.1356156304876472,1.1166676367180832,0.9161260446486592,0.7899396469577097,1.0110427826957475,0.8881363670349905,0.8482285740173038,0.6534036410880525,0.6178908613990983,0.6483303464811935,0.5373876437041084,0.6386921795958969,0.39342891111705225,0.36137313611330335,0.3831409863840305,0.3598039972740753,0.36709779861136155,0.4196146833006804,0.5599555852396638,0.4152346856896433,0.4901093503649884,0.4891428259699544,0.6185010195021685,0.6201905607047532,0.6649235600075287,0.6109784355143294,0.5519943980810855,0.7650910221856836,0.7385384712214558,0.589671670007673,0.646827841733257,0.7300074479452248
158,1.0813627270891053,1.0773597846783236,0.922943576919724,1.1871843154341961,1.2008033293102947,0.923991607553549,0.7606806163669471,0.8632994850944323,0.9694642758104293,0.853930980328038,0.6580590823211242,0.5559423929368665,0.5896536126872467,0.5948520446392933,0.6364730944115424,0.4020522892193721,0.3688311059392732,0.33137044994285947,0.36794613884661576,0.4143802795563121,0.3834242935877974,0.5227215417207888,0.4050436305393543,0.5022833965873977,0.5551795952730172,0.6025944911560401,0.5734522289446599,0.5465252999250202,0.6066788463404788,0.5545008138453393,0.6193483734960767,0.7338911861323252,0.5335824527774076,0.705020949618652,0.7449480863846859
159,1.1092152407524383,1.0878733235777718,0.915782779768976,1.1036409046222464,1.1794300697997064,0.9310120457368017,0.7807679162388599,0.8635495160938305,0.903282159479506,0.8946883254078464,0.6686454756205582,0.6001899598488981,0.6049513516656779,0.5399706177913601,0.6730287759436266,0.4580471506864187,0.38650374379269115,0.3571109726668469,0.3751805523471774,0.43087200733844677,0.4297964304422186,0.5092030177492843,0.4271803280823191,0.5152953163186429,0.5228218625142644,0.6212550011600009,0.5475128029020719,0.581495956214306,0.5990005069284967,0.5743621399743369,0.6472216730682571,0.7418683457983308,0.5266515469904612,0.7056936926442972,0.744031907512948
160,1.1785589240623222,1.1090345127979149,0.8567904878497358,1.202588628482029,1.067832577526287,0.9583582522912909,0.8183294499065189,0.8449723808130498,0.9171772471467421,0.7856631135547714,0.663561510460871,0.6367682247096795,0.6095387456731363,0.5762223947659176,0.6550383832123823,0.44854702808180835,0.3826709779311062,0.32942708191811093,0.381196746133218,0.4283260795414008,0.4288150564708547,0.4558745820671851,0.41254779716769385,0.5091219416174648,0.47681758830086474,0.6463982494177154,0.5670379931932978,0.5421031598884287,0.6243907721586869,0.5127299303365598,0.7426884287813762,0.7221375192057238,0.5444723338840047,0.7079556684292007,0.6901661512673474
161,1.113806961829281,1.0456511368538488,0.8710748576207705,1.2519370539859989,1.1598924618721853,0.8562308230646989,0.8015826578866905,0.8504849087645765,0.9799893878923821,0.8324286137415488,0.6388786276440117,0.5762148770055819,0.6222450952861696,0.6315772564011543,0.6108485827115249,0.42128058684759273,0.38127244874590244,0.37777977581158917,0.4014915101693294,0.4492461534293524,0.41705200753976884,0.5165885962356878,0.46306155059622056,0.5055128629949308,0.4861284013632672,0.560650510590769,0.5670105137534646,0.5856219107847709,0.6647341141490071,0.49777347650726295,0.691102352758613,0.6815028357448583,0.6181017811716767,0.7271445745729976,0.657111377405806
162,1.1098782981572488,1.2339614695778147,1.0078358341092493,1.1153781707251937,1.0933317252144439,0.863172286335598,0.8794658862688278,0.8988081149407428,0.8768159464102008,0.7396316029758032,0.6082492123002002,0.663704938888636,0.6739719091296662,0.5810448453866548,0.6043298009033018,0.3953797496806966,0.40719523323129125,0.3810944281605225,0.3420819669385582,0.3842546475348237,0.4277504287642667,0.5539786745792289,0.4468704913730397,0.47220876113857546,0.49734869355052214,0.5831873653201101,0.6137391127157581,0.6328517860822733,0.5579318711212197,0.4707734605106736,0.6836472107687572,0.772941160904094,0.6446768260219536,0.6695448187277562,0.663876444252012
163,1.0828702881616126,1.2047416136835403,0.9105205677194327,1.1860906088590064,1.1389216135952058,0.8444131719052147,0.851502278335006,0.8700877365186463,0.9065308416108393,0.7920763153946488,0.5827916792576673,0.6239519280108581,0.653662327800034,0.5712412279785364,0.6201543337761013,0.3686206725157589,0.42332739010208786,0.3753437802565467,0.3896995396071443,0.4085757116358292,0.4522969230749192,0.5146143148139032,0.45121251009259866,0.5080924507228781,0.4909682582307726,0.5069367033906824,0.6073985170557243,0.5579371138123796,0.5988553567102148,0.45055800163352233,0.6521393929368512,0.7743630847588868,0.6338089321456237,0.6880504587365007,0.7229976602742816
164,1.147954704806541,1.124298163182682,0.9897653805075917,1.1674776155409345,1.119272128466548,0.8524044248592562,0.8655395129821623,0.8215871791153038,0.8590591364970873,0.787208540635032,0.6306608981215828,0.6645692853901414,0.6036789950999566,0.5827309485396042,0.6438186967522526,0.4183389758530943,0.4260749080947139,0.3588637360161534,0.3779204890077229,0.42528942804160347,0.45360337963546016,0.5564176965965333,0.36604240841462177,0.4937504682860821,0.507905292872189,0.5909296992400093,0.6243493239286002,0.550074449303626,0.5673636671465769,0.5179594327359359,0.6816165314272626,0.7099901075631775,0.6548811811518587,0.7138046049770816,0.7537375914720864
165,1.1145847630942898,1.1710197938714457,0.991526866347725,1.169107275394374,1.1111394421375147,0.9046818914792925,0.867559755760423,0.8541378958598327,0.9028364051141331,0.8360634029630032,0.6290237354536623,0.6545135355196651,0.6769626071279877,0.5889860142781371,0.627579900228638,0.40587025443454766,0.4371959142322558,0.3969129104322231,0.4345983167016605,0.4202925118588434,0.45188215013253563,0.5111952910625817,0.47940060175561294,0.5120427372097084,0.4397556517559114,0.5862640059688793,0.6372923485400694,0.5820927081861779,0.6506580423924704,0.5417900288925122,0.681094691283894,0.7850277688549725,0.6880550796752898,0.6790996185976007,0.8030391137075068
166,1.0987386989463142,1.1166333504744692,1.03713723801935,1.1422908904095714,1.1518436161136,0.9456316481814826,0.8787389936886357,0.9333259528295348,0.8735097129328129,0.8263254799619866,0.6500890755070687,0.6594707258175145,0.6451917251844423,0.520748312198692,0.593206694214117,0.41000126690547134,0.4426522207840652,0.39210814325302334,0.36357194361449957,0.42829957654953876,0.4446606326349002,0.5185897468147926,0.3942384335417688,0.513348061003684,0.47290614210769033,0.5936153331065035,0.5410823441647232,0.6427178899713989,0.5890183776504102,0.5701888916498445,0.7193863260461927,0.7514361977817241,0.6549519193955484,0.6438873409325724,0.709529478774124
167,1.1778822706632515,1.1577349331792925,1.0114570152893712,1.09891112701586,1.1065881397001816,0.9058743530495833,0.8726554260269762,0.924327025615064,0.9069755639953476,0.7446573662629485,0.6559244288156563,0.6663691269117484,0.6402584821791879,0.5284116610664532,0.625894655230163,0.4269531361952361,0.46642153387051527,0.39579077117519235,0.3918481484081444,0.3871938277520394,0.4519165901237971,0.5408557224875046,0.38876964546457937,0.4663999846316207,0.4973103431213059,0.6266376396789501,0.6480638294974885,0.5500660570731094,0.6030867916510678,0.4861884010232927,0.7018400406951756,0.8248767367885169,0.6657944633084725,0.6692135409424199,0.7665490906445365
168,1.16252959909726,1.1142389278535858,0.9979227908911985,1.078042533656601,1.0486353270392539,0.8980168100987216,0.8630791966013228,0.9080960449283733,0.8864045863526337,0.8073258176673697,0.6933296267575166,0.6351671372321184,0.574101239451342,0.5716077083045872,0.5860426802031146,0.43947313707191465,0.3879281651397796,0.37585950694261694,0.38478116098979226,0.4436012172716337,0.47259102500909006,0.5038862403180798,0.4199937166095803,0.49688299447811757,0.504685330279184,0.6074305767907872,0.6239026104594743,0.5793812833695999,0.6076712895812032,0.4833611966673215,0.674873114695024,0.7064169715836313,0.6340603687435821,0.7325267257614718,0.7306236229513188
169,1.1216642398689176,1.1237624004501099,0.9994058545777472,1.1619719905087118,1.198610464889435,0.92887265510277,0.9556299458318006,0.887029406810285,0.9304105187721053,0.783423174305383,0.6409489443155463,0.624876712181351,0.6382072355584196,0.540073851384678,0.6261838493398126,0.42464776974614926,0.4379906748951881,0.38878562851754306,0.36080067448168895,0.4459324001925703,0.4394959034065402,0.5634709350503222,0.39944148645046085,0.48337723848343744,0.5076626515194234,0.6520979347980477,0.6399452056715208,0.6450645999387586,0.6025044603401719,0.5470336846056378,0.6903208344050107,0.7740588202341664,0.6602646825346026,0.7312158031328823,0.7466047248006986
170,1.140947754057783,0.9875734177277113,1.031904524460774,1.1571027638603293,1.0889946854383825,0.9414305535089755,0.8649103194012282,0.9238784273506899,0.9335199492158626,0.8428891281801392,0.6381174131518732,0.6018601248869153,0.6462747178228251,0.572274985130147,0.5727981673789067,0.4331599742507467,0.37080699699918224,0.3804503633534865,0.41183014752595926,0.45403205303242866,0.4359036170760634,0.4932567729160272,0.4146704441950322,0.47625180149632296,0.4712015993695445,0.6362027159744237,0.6110488079619663,0.6115426558039694,0.6385538945408851,0.535320432089825,0.6447432528751945,0.7408509922608418,0.7037276196725617,0.7465219350778308,0.7449416080604248
171,1.1117091008507942,1.1154287391524005,1.1025006238962103,1.1294857266185891,1.1169104264974488,0.9424359886735657,0.9112300103240429,0.9352211635901257,0.8532364664205693,0.7138227162481428,0.663114944325031,0.6507706925997838,0.6590511225076268,0.5236408382160141,0.5559427117669193,0.4127472320857898,0.39459331154243826,0.4162325912425212,0.39486808980046373,0.4480375621490387,0.4029364965650071,0.48954628808929934,0.3789946004939103,0.4324342920880355,0.5007050973768675,0.5967302027905539,0.6278265979515718,0.664671959378088,0.6249630758734697,0.519005753296663,0.6960069774294032,0.757246225982481,0.7342565068866149,0.6660888004343085,0.6535646286028265
172,1.1995709250725524,1.0472717343991325,1.074072083224667,1.1463289102935166,1.0733489463189472,0.9492678978388824,0.8879120353605288,0.9074037589290938,0.865058883224574,0.7791418531231662,0.7286985699983285,0.6030576563617401,0.5629760782209265,0.557138002629511,0.5333832868379556,0.4215596270982106,0.40951908389282543,0.3843080174258636,0.4769923995595696,0.4022909819725267,0.44842470855157246,0.4928638694439364,0.3918133606447266,0.4808632636449638,0.478849898070251,0.6746686187097322,0.665248923797402,0.6456554889812278,0.6174306322984353,0.5315315165955397,0.7512360881739838,0.7553420415349685,0.7191146378973857,0.7134052066102219,0.6874409202908613
173,1.1765228497832951,1.079591691318464,0.9973199829115786,1.1296885003996628,1.16246054130643,0.9020135218653114,0.8841128336186075,0.8354886066163585,0.9131652727070809,0.8626234362761822,0.6842023692353156,0.6286060017750966,0.6206201926805326,0.5546487064517118,0.6506111348840431,0.4439895267028824,0.40304953520368725,0.36102119182598263,0.443214042398717,0.4295352546108533,0.4517868948573205,0.540654378167445,0.3404465185044247,0.4888890866679492,0.525942345832158,0.6537057394505795,0.62682945062006,0.6301736602116079,0.6066243799478839,0.5658214425226316,0.6827074639191952,0.7768484452779243,0.7093674881344154,0.6810013801491047,0.708656093911282
174,1.1873425424167863,1.0480627244662597,1.0522830731043,1.1511849124812612,1.1434700325545033,0.9744517014616929,0.8746895797954624,0.9651430293473651,0.8930371408615454,0.808148883046583,0.6698549528389263,0.6272048532217553,0.6184372014843516,0.531609965172709,0.581070914478792,0.43355719953954874,0.4037289770575594,0.38381166956284185,0.4157401707779297,0.41643619448198443,0.4816852849070195,0.5686075992038122,0.34098183203462734,0.5020978160487827,0.43614442213648213,0.6884957858081311,0.6674440935464423,0.655733330343095,0.6648853915076154,0.46926930073646383,0.6915104395219271,0.8115976859999521,0.7181823630319271,0.6602098286599942,0.7189098976542427
175,1.0600300902619537,1.054481897164174,1.0335208502227922,1.1633819030259587,1.1368975757926107,0.8484819926239426,0.9071691757059197,0.908182460851193,0.8701501252535331,0.7795587432607127,0.5968057948895289,0.6655199103055096,0.6199527803904179,0.5271763278845698,0.5650916251214606,0.39061706321991274,0.3930283429096645,0.39212031672051295,0.45536502982106747,0.4445780674127987,0.40745166435981284,0.5211898779455617,0.39097347368722035,0.5010345373862906,0.45766664236787535,0.5581965025636042,0.6877859439288116,0.6654515430802574,0.669186628784531,0.5158469026493342,0.6699432884510298,0.8065286984254398,0.6947238031874192,0.6567893432546585,0.7270879264834855
176,1.1989788764896168,1.091727253631862,1.1307807931348193,1.113540576479303,1.0449986769074289,0.9188003021023924,0.8152934637183757,0.9925982147744907,0.8060546292934694,0.8326853679815378,0.6488214929285444,0.5796323975755517,0.6130376999944734,0.5079063153056635,0.5665572563796573,0.4498021134416555,0.37057109077468264,0.40212330896154885,0.45487392457057374,0.36150649569866067,0.432737336252947,0.5298474476345899,0.39730279316689343,0.42600228094635806,0.4949877016036944,0.5345569753680135,0.6517855848314265,0.7091394002024568,0.6127981704311964,0.49738053859580633,0.726263982335513,0.7311898896596296,0.773404988786276,0.5874941998381471,0.7060587306567404
177,1.1654481264344938,1.050653446938124,1.023378460294201,1.2874798471096678,1.1330270488698098,0.8977934987628677,0.8698370030023055,0.9067637545348599,0.8541980180014279,0.8235974522226506,0.6732683601169425,0.5664909694795912,0.65255836197394,0.5290584424279634,0.5933719215671909,0.45126519115234365,0.3982451135952813,0.3632980611219718,0.46975983452450076,0.430058258020644,0.43556447663522635,0.5298973841229735,0.40102725811701856,0.4499704972704175,0.5120660135461037,0.5135318391582908,0.6582834399221589,0.6489063324696123,0.5785174545632971,0.5053776452068042,0.701473666204857,0.7885669403244442,0.723414162112307,0.7740228562929476,0.6711128321246393
178,1.0967269373780881,1.0307256244037037,1.0641421213206552,1.1890017913341473,1.0359654831217329,0.8593032896175387,0.8296228419384344,0.8982195576397322,0.7929806128429473,0.7999149824551347,0.6064023291924805,0.5726055473872396,0.6482373115819741,0.5230659974609368,0.5927172198771995,0.4178673589926947,0.36266799757103185,0.3766696321932958,0.46054725589595147,0.39693688601760707,0.35134881683059427,0.5363325321623514,0.3670377651174833,0.46681295275892265,0.4940658124525207,0.5080410988927034,0.6255218443850197,0.5673744924704581,0.6170776229226131,0.5023116346322387,0.6598739926915549,0.7549929690217443,0.7193489905044383,0.8096443039596769,0.6714660028061596
179,1.1626808552252925,1.0274425136581986,0.9797420323672907,1.1261793476224202,1.104415224554001,0.9103166402804281,0.760438276172015,0.8311854733562039,0.7830101111796038,0.7300493091005779,0.6429057282526913,0.5723058354932066,0.6057512520866273,0.5275132311043692,0.5811883503187334,0.4333674384221054,0.33748474689023084,0.35708727877230173,0.4100195951627975,0.41150652403611565,0.3978115175474395,0.4759333740374557,0.3305480763164695,0.3938527922727745,0.49160823920127295,0.5403363690266356,0.5477065886267668,0.6156589759446582,0.5963267796842402,0.5065618389065004,0.6962986471660916,0.746435343669571,0.657814263006637,0.6905627971827495,0.7216854554649043
180,1.2171232147966597,1.0367510545121037,1.0546428371411214,1.1755519560780712,1.0589899459895151,0.9003702362835204,0.7910387572255058,0.9491332125597437,0.8181371230063006,0.7704541984892626,0.6443336101169554,0.5953873767134994,0.6285346656422233,0.4994570779201757,0.5836976293036304,0.39994353708464614,0.3942764351642466,0.3802101029719733,0.3933736805394056,0.4195929871146836,0.4547477521315782,0.5119553822391296,0.3912560038671505,0.46194611008475983,0.4609153172297993,0.5971202566397268,0.606032146012971,0.6027818095121222,0.5426402445078955,0.5246326615957186,0.671790285857113,0.7812638075063475,0.7061751799934435,0.7121179817408054,0.7104456064812155
181,1.1280362245492008,1.0652070494463413,1.0320350209578943,1.1177732273270276,0.9825644325029042,0.8904160401729041,0.8515879347262221,0.8846297110791996,0.9251647167915679,0.8137597429588919,0.6388484464948938,0.6405093750780473,0.6130914265163312,0.5486870347878157,0.6190348501247995,0.45393928779298853,0.352985028223329,0.35325183955765577,0.40142857698207246,0.40651919199984976,0.4279226578237212,0.5234999831453818,0.3997849524664813,0.4433437515168062,0.45205730579465125,0.5687492855736347,0.6633818206034826,0.545031014175492,0.623802224227156,0.49388932143822933,0.7137971124797196,0.8246243729533347,0.7494486285058252,0.7550029580663871,0.7178385167314378
182,1.1014437888304411,1.051659455961066,1.1260270431233503,1.192803550813339,0.9836465787228101,0.8505820133570753,0.837367494220498,0.9262867192155482,0.8847498543655975,0.7677020160307104,0.5839560269311219,0.5607084107233589,0.6730373747574545,0.5263353904753141,0.5713737879213663,0.3732741091087085,0.3970382661023527,0.3970903234183454,0.4033542598938359,0.35158493948371056,0.3771702231284073,0.5399310427768824,0.4033297170461905,0.3876185796816718,0.473600186453514,0.5653954748853051,0.6150121967648488,0.6291370589159727,0.6040630480365198,0.4656214461169481,0.6212667136053792,0.7698040033841362,0.7605863192784664,0.6944106737236594,0.7106823013567602
183,1.0627752444797802,1.043499782058681,1.086259734696592,1.194009184909614,1.0649937925018325,0.8907205279865592,0.869412141810516,0.9481955554366772,0.8994789555911933,0.8452123152243374,0.6292023141301981,0.5687327425556479,0.6304840844822415,0.5448421010487599,0.6223493667879034,0.3676393005262129,0.32874257322570155,0.3783817998657272,0.4237182233904917,0.4263307348238311,0.4127225668926354,0.5244558003339147,0.4016255730077988,0.45321363635258916,0.47873652915295517,0.5038274241753992,0.6176147169426296,0.6506494697024159,0.5564333663716707,0.6123369286192673,0.6574377751283658,0.7289998550572021,0.7381168034782919,0.7143141950055145,0.6967871973924684
184,1.2173274367854163,1.0887791561384106,1.1581051403981149,1.1066179892067138,1.0122030581622048,0.9372580275358966,0.8095530476461521,0.9810018473193987,0.8448107885748544,0.7846827143135975,0.6487098132380336,0.6032555450513409,0.6949317835801954,0.514875248321125,0.6095435565100349,0.4311734415039922,0.34913076298975115,0.4199121176606777,0.4160104447490085,0.4182826374828378,0.43459053178581913,0.5088490229362632,0.3972330683089093,0.4106182957430317,0.47395027694414316,0.6044526441368121,0.6236064091159952,0.696414619285066,0.6082062388080519,0.5676824804486862,0.6833856490321613,0.6884479757238198,0.7963311732261887,0.7121587258791509,0.6915885913368542
185,1.1292609937459823,1.0740111578806883,1.0783292660739585,1.111406095743806,1.0559740409322884,0.9159327037790107,0.7907166135829065,0.9033877817158571,0.8369160790050774,0.7696581273930594,0.6796916572587386,0.5849623282972036,0.6326864332427979,0.49599891013431163,0.5993610741428843,0.4443985361238851,0.40570584628894424,0.3855403617380909,0.39824186620206614,0.3982835889827109,0.40645894211547556,0.5588077083058773,0.397326934808896,0.46843430778562645,0.4783428168311259,0.5623529357453599,0.6404571619281636,0.5948545623808115,0.5342436025984999,0.5461219010902636,0.7713065427519026,0.7101892372487071,0.7763609415572927,0.7566287472644078,0.7183553055197316
186,1.182430967421488,1.095454647771973,0.962756664158944,1.1123884988353487,1.0372888612708717,0.9205058103588707,0.8948357692624871,0.8250345403054105,0.851040531894595,0.8148763624387231,0.6355796529903227,0.6364466393786465,0.6353026706827436,0.5320238524767658,0.5967785854418413,0.4221639932273817,0.41873998450344674,0.3533101366395496,0.3940167521532051,0.4291100450564369,0.4094801929246258,0.5652293225949958,0.39799347249117534,0.39409478657329544,0.47510098271854284,0.5512613972717566,0.6623989630926748,0.5699329561727552,0.5368315011181656,0.5592940705560634,0.7318102638584267,0.7963636636346629,0.7551422642429231,0.7257679263517438,0.6984549480655984
187,1.1709611140777274,1.1382270026529058,1.0562335036870887,1.1247332453806602,1.0849086431073132,0.927564920585177,0.885751019471561,0.9037835800768529,0.8625145254040738,0.8027643427688711,0.6694121704813146,0.6159977435059542,0.5812620550587686,0.5461228609773292,0.6093829593041344,0.45925004107304945,0.4051927663486689,0.35221700695257796,0.4248037431310059,0.4158999586365863,0.417904794985524,0.5305765371614477,0.43007073981877136,0.42243656472854896,0.5227251980964088,0.5238733748240327,0.6066284357704248,0.6356827264613194,0.6433340725167381,0.5504002390611767,0.7287462590953337,0.7801999153618836,0.7593854146697878,0.7388387097600788,0.6670944160157453
188,1.1668479143778683,1.027191070558611,1.1556398835843744,1.1638578393022923,1.0123297752620217,0.899759647281945,0.8777787745950714,0.9403101084702699,0.896091302908453,0.7853005700474538,0.6655926333548781,0.5795930707853649,0.6036910664859917,0.5681040039688999,0.6476126263463596,0.4389699404324604,0.4226435945602104,0.3752190077409677,0.4263844588203538,0.42839567431689035,0.41762229219544383,0.5874358814188954,0.4457337326930694,0.4561312814385109,0.48043099839770764,0.5606257954347289,0.7084117356003332,0.6236688154244365,0.5937334768525702,0.6547360931110586,0.7276878057228573,0.7987620282857444,0.7779552976286793,0.7430342185396417,0.736662870845058
189,1.208619030874598,0.9798121290339228,1.074097851864505,1.1950445419078064,1.0732326623039552,0.9525928679352305,0.8397043378541535,0.8186495635157545,0.8697192340188903,0.8113545294989379,0.6867704202930027,0.6254488862447136,0.6276869654036549,0.5494449947679969,0.6438783054392356,0.5043642692812653,0.3832145674422941,0.35286306082805763,0.4010903905058248,0.46089002274833685,0.4221312239605145,0.5266278761970572,0.4415390748068038,0.5565389202229407,0.4417935523062546,0.5954263230040391,0.6920363441660673,0.6233338115398322,0.6424675173852867,0.5821528990261394,0.7768070364500852,0.7649672606525657,0.7423419586619289,0.7192692052416636,0.7078979000014249
190,1.2015904557082109,1.045767181342774,1.0350637019181343,1.2203377397846942,1.1503576477309039,0.9912209645037253,0.832080676091089,0.8531315723951096,0.9236650709334517,0.7826020290954916,0.7085152224784679,0.5615714583746831,0.5614841718717644,0.5448973411843854,0.6914882698166069,0.46291000319501047,0.37880716295979333,0.36291052237663657,0.4541202745187237,0.47573418799488254,0.3898688128019232,0.5304313278617802,0.4158150258520751,0.5114732353044169,0.5084565873909086,0.6081303326756732,0.5869740273716884,0.5878367388393464,0.6646050705244385,0.6476586862657168,0.7390488033245566,0.7277261167844917,0.6871582421190848,0.7889465397129828,0.7508001792134885
191,1.1028829987603022,0.9243218805750686,1.1052603597186588,1.1774714312668906,1.0525392714969797,0.9436872487920991,0.8242211694285176,0.8956630099067291,0.9033325265975817,0.7617605896840245,0.6430442632560666,0.5647628264181362,0.6380788250217441,0.5416039072066393,0.615156304805752,0.42550451620144736,0.3806727027644434,0.40156817503176423,0.4223542214580117,0.4157551489117519,0.35808798949406495,0.5257644399415348,0.41779542736724473,0.527370436671541,0.4739146454911537,0.5568797441563857,0.6611087272138313,0.6168138595848224,0.6386263358572752,0.5235513552449413,0.673652163831457,0.791732565469155,0.7871323072490646,0.766237863613868,0.6150765673907801
192,1.1466199297810227,1.0421753452741673,1.1532348458790636,1.186717286643325,1.0825590814947477,0.9466908576978921,0.8980436657462709,0.9981909164256547,0.9353595435207268,0.7887754418028883,0.6227310515351057,0.6339798865140616,0.6903908469262796,0.5791431946618287,0.6370206727594354,0.43753886051600366,0.37176168788260666,0.38181832042861585,0.45605280742310583,0.43083074638067226,0.39640160129780266,0.5394362121318313,0.4363235253270754,0.5143168725948617,0.4632747322162045,0.6076348478198131,0.6250937970905432,0.6236548950036019,0.658220026193687,0.549396053779118,0.683706102617551,0.7417518720676191,0.8112398937728538,0.7156878118922527,0.6985965573750776
193,1.2533041978105461,0.9507737040954767,1.1130600266163202,1.0751832678613407,1.144199555066707,0.9711647767481039,0.8611347989745678,0.9419826748058354,0.842213159356195,0.8211877757926057,0.7022831002103556,0.6331971760632383,0.6175418407527584,0.5103169367241387,0.6448049183251676,0.45871046326755044,0.34877079541074135,0.36083616031706567,0.36782753087416775,0.46505227524101145,0.3865854292915972,0.5409890098137121,0.4215662775714289,0.4234057261833102,0.5201812939007276,0.6930896925908702,0.6663656877821753,0.5756870077217586,0.5301983548859306,0.5799113780722598,0.7394356320834907,0.7655495107037331,0.6953571315825853,0.7258710294298469,0.6950854330071681
194,1.09073420468554,0.9633082892212131,1.1137528981626112,1.2619730942045326,1.1648006011675878,0.8857619138000243,0.8172961586246585,1.0212370844940402,0.956758902979944,0.8421108115434857,0.6298059037965077,0.5586239964526802,0.657077045481212,0.5693252643007003,0.6775201724420254,0.3837926458265577,0.3599897386369534,0.39854076441559694,0.3707548887272222,0.4508539775056607,0.3501146707336319,0.5740019968462968,0.40433260376073216,0.5182569392748845,0.5214364799923432,0.634621599342034,0.6456837943804659,0.6419498787162772,0.6692313622122255,0.5733650819636056,0.7251384855251618,0.6992103452896268,0.8420408043812893,0.6779868422996848,0.6985418238010781
195,1.1758098115576172,1.0276185607264436,1.0719502187615761,1.2143761829430482,1.1076582061080964,0.8471197553794951,0.8923777426457398,0.9566298655789609,0.9847985949807032,0.834777077784512,0.6764645402226234,0.6347993676060594,0.623962131186498,0.5609881148499072,0.6847340565678939,0.42611668446322865,0.4003966054794556,0.4237008852538479,0.39611063842974265,0.4723753862596852,0.38325930829678145,0.551525995438948,0.42474217595570485,0.49163733710099256,0.5595096170340763,0.6234826481251855,0.6701386049225777,0.6152945822419162,0.5780800333642939,0.6206455998307905,0.6989009884431094,0.8052167963090822,0.7228445872974858,0.72335953275046,0.7418858235450196
196,1.133654137970384,0.8774783718503758,1.0514227879851838,1.1086866130684516,1.2442961677783517,0.851750846195378,0.7596990060458015,0.9251241682837581,0.8581780231371473,0.8555791561556736,0.6522607458407963,0.5850740452676825,0.5447745177470713,0.5658891044093775,0.7018265000025152,0.40811629453268217,0.3695728241430906,0.3660247101699565,0.35096699653248586,0.45737710725456027,0.42622297490416183,0.5145273446263867,0.4447834755486485,0.42520716417923154,0.5142754917473467,0.6016458295181923,0.5724667535436521,0.5444654682740924,0.6174334327798059,0.5828783107142437,0.7197941951835005,0.7629200520650539,0.6960377469250056,0.6330875039707915,0.7285540335222161
197,1.1855929717495868,0.9680587831850951,1.0371201603734879,1.2049175179033482,1.2174914636438623,0.8783994364623495,0.8645155784099179,0.9052618755215511,0.883173602011035,0.8266460907328622,0.6584512845376829,0.5995284878474771,0.5765868030314767,0.5490651021570531,0.7023368955405478,0.4149105534135631,0.3646770015502724,0.3440073954020515,0.3685839877026279,0.4937781052372339,0.3641826735195926,0.5509966575182477,0.3731445731910674,0.4407861186215346,0.5114599811074353,0.5488145120015244,0.6405464065105294,0.5700498040648898,0.6347568563703055,0.6658816644958524,0.6774857098605426,0.7825924012481407,0.678820847250838,0.6872723354425117,0.6635985789877165
198,1.239481776836018,0.9800069984662612,1.0986943324146297,1.1284749368603713,1.1663408943068905,0.9836680824117428,0.8431685542200047,0.9336430430786037,0.8774271831873198,0.8530197757294159,0.7160976949758091,0.5585891124856404,0.5856556950630587,0.5432157879041405,0.6736006708073182,0.458837628394685,0.3858471099834871,0.38854906479689855,0.3593049371276204,0.4632953838874662,0.4252856157365401,0.5163443372515925,0.39383952815333284,0.38841772386426593,0.46150456735195916,0.6537808070614798,0.6700253366047373,0.5688259196113795,0.603029318901281,0.5790472937826585,0.7685119325044126,0.7437992157940239,0.7782565228208536,0.6492443741071423,0.7499844401933056
199,1.1674437797021717,1.012817194160633,1.0615379842647896,1.1877078234525977,1.150178436635167,0.9342577268415486,0.9230462431473225,0.9077410506340959,0.8680048912954783,0.8600183671756023,0.6936163437471397,0.6140352745991963,0.5939445944557017,0.547170186066495,0.6481058947994003,0.4105837796813655,0.3721534944641528,0.3849913179228558,0.3541191569575165,0.43588573704579997,0.36454334962259227,0.5071877393519728,0.43233057626915883,0.41319670075909964,0.48592209262031094,0.6386305193715185,0.6590917220748734,0.5146938271604178,0.565094784228593,0.5493116350136004,0.7057871615248923,0.7748521269049152,0.6778919055023691,0.6401934648335492,0.7163850174933739
200,1.1340379274013248,1.0502910082608674,0.9935627978228512,1.1632827682914888,1.1240482744425198,0.8605914292298245,0.9465446229890999,0.9380696415883335,0.867198881884949,0.8283534131832786,0.6652338009965969,0.6424929490906152,0.6059989179650804,0.564878451392662,0.6421829763145243,0.41438257556203745,0.41365145802559894,0.40526026466296683,0.3703074053717633,0.45794039734407965,0.34149109124624744,0.5674017489529499,0.4136094109816366,0.32921722245471263,0.5307018507586148,0.6501007115815596,0.6632629101041403,0.5655202780195179,0.601493355525563,0.49474443891547065,0.6897785340215217,0.7833944647569361,0.6271503166178126,0.6777492023164808,0.7723994565565099
201,1.0586547925709926,1.060364381107139,0.9840984437630224,1.0723990099385985,1.073143241883121,0.8047152185497614,0.9447014527623315,0.9469327445601533,0.7921693548537226,0.9006599539610152,0.6294467101988515,0.6432698518655351,0.581225296020846,0.5405538033203545,0.6536355403523311,0.4154986753115254,0.36295033208421523,0.3403997448564867,0.28795743011471525,0.5160373073109329,0.38198426822162634,0.5305074121063369,0.41504535735298376,0.3688369391932024,0.50527806168572,0.5777269030896154,0.6681960729662533,0.6041873125138331,0.6079236918492121,0.5782421882360809,0.6843538963564201,0.7512115915940935,0.665006500494487,0.6357152595255244,0.6914292290867408
202,1.0998134029179403,0.9294434131928355,1.0430932099100634,1.1853089874263962,0.9425949657936501,0.8893298828441314,0.864055709701928,0.931897717275989,0.8363403090545705,0.7710681636968751,0.6835093433975785,0.6152646117561229,0.5650535779811203,0.5862710048586897,0.5882028475391736,0.39905241633613425,0.3940249507811901,0.3566705704387172,0.31845828383073804,0.4336735202311511,0.32072451680124303,0.5281172379746801,0.4034904502696762,0.45812716600019254,0.4437843603836452,0.6599569929115413,0.6838713980080158,0.5854297799656549,0.6355745223536484,0.5072189896764834,0.7125358695002345,0.7810027469018247,0.6017980522535755,0.6163522879786272,0.6670404726124639
203,1.0999902811897526,0.9393333561398562,1.0651503745887463,1.2000046452206268,1.1048535175011824,0.8871405731838875,0.8825743317499626,0.8907440970410534,0.8730941299401895,0.7895034468978988,0.617854027399747,0.6293406227185887,0.6222799659125446,0.5465180331352302,0.6784464624900788,0.42713856248301685,0.40410375647242613,0.3798914904611368,0.34169938025200775,0.522126923158959,0.3163599515192237,0.5258544879729601,0.40205385557671625,0.38533668631737894,0.4902659915720072,0.5616152405232522,0.647026356687536,0.6102089779177051,0.6376322657218001,0.5790987019785174,0.6833631964136515,0.8445653384531404,0.6356044468448652,0.6999166847373843,0.7942793812711242
204,1.1860163937469892,0.8709807436961984,1.1470810683400052,1.148472498869161,1.0073157305446763,0.8881948930491812,0.8092194022594408,0.9846412651808644,0.871445232001868,0.7591260808635356,0.6751629525627036,0.5707476354155019,0.6465107340920392,0.5388887951320973,0.6662340117661653,0.4041561766965881,0.35643964017372154,0.399504921230031,0.3816229962802944,0.4372657867487164,0.3178699614830298,0.4701295029303859,0.44723764191983983,0.40968059022963993,0.49146996453441594,0.6005496527089695,0.5744768064026036,0.6313078504257335,0.5890151950121006,0.48767204480774295,0.7558994693511583,0.6189215036860187,0.7220357054962053,0.6751606692099217,0.7077388094540429
205,1.144367874630241,0.9300837716201213,1.054274533543299,1.1293945814174156,1.019877952124374,0.876347523825146,0.8603548574246822,0.8817263125467505,0.8799900419093173,0.8190535013920031,0.646402164367325,0.5549777001808573,0.5770010280926636,0.5224531320258495,0.6148860093273658,0.38668503978348556,0.34278178898782374,0.3383243689862414,0.3512845068831203,0.46305286970642867,0.3457658208221145,0.5331823673236045,0.41021951791895583,0.42275018402651354,0.4752096976919654,0.5280713718878931,0.6274937482727788,0.5319654657639614,0.5986265834605811,0.5618710887516034,0.7083991570860005,0.7230110993703219,0.5674499969231396,0.6960120427513918,0.7824931037082138
206,1.1227341043020147,0.9493487608277138,1.1544959216703838,1.1086583340097942,1.0544431277350443,0.9717605921138933,0.8278206412534828,0.9136443586275682,0.8227176487881313,0.8242001517935316,0.6718239679767339,0.5717771630055344,0.5703493409181776,0.5379870396700563,0.6975318849285457,0.38643715212029606,0.37567141741202126,0.3883356064557071,0.3631464350020299,0.49737726201370047,0.3502627085488011,0.4784097149346348,0.3785469063062538,0.4382560459617634,0.4629221696299591,0.5554222758760476,0.6555571893306357,0.563956597126152,0.5638471707783814,0.5881224267891486,0.6679479496802178,0.7189959413334831,0.5893078337126846,0.6951363802650508,0.7723315929215
207,1.1624912163629149,0.9560758741960618,1.0969850046593628,1.2610716998471414,0.9755335732418999,0.9474169930812221,0.8763363694052331,0.9285317183210189,0.9219622184275527,0.8101597684802239,0.6667139722278602,0.6012622684733757,0.5789471045290201,0.5822378264954368,0.6369838922778128,0.36215434171241584,0.404169334583936,0.34770489014701716,0.37303618115398507,0.4610684045576823,0.37969047123187427,0.5446095226903499,0.37602621381961066,0.4722495843799863,0.49821058124456713,0.5467198200762448,0.6454842750737317,0.5306536870606411,0.620009899101713,0.5731889851861903,0.7250702028013137,0.7843581553887662,0.6137341888395453,0.7316158851480948,0.6858152018121819
208,1.1296590646767148,0.9679447490116193,1.1512315875843049,1.1139874517959911,1.0881706704629557,0.9171319677430243,0.86566552244063,0.8881818425394272,0.8840063201479356,0.8184925195196773,0.6279786104026266,0.5577626433835374,0.6005562378682596,0.5690630158945882,0.5890602982061258,0.41510523844404,0.38668111827446106,0.3619987944540862,0.31033948860874633,0.462855263554449,0.3776821182282756,0.5102540421609656,0.44171459041109384,0.4476521698739634,0.4971300427829329,0.5583274812037472,0.6341770813147101,0.6055355370117048,0.5355580892705951,0.5926112865289321,0.6790198915873473,0.7235595972849594,0.5162732702574294,0.7444945730620659,0.774710069638228
209,1.0671447405710834,1.0452956142187795,1.1348446268829409,1.278752468111228,1.0686362361345392,0.8564433073793004,0.8394272757588266,0.8910961039696301,0.9363254461479484,0.8267621368729239,0.6164085369836823,0.5889354928148234,0.6064938688791364,0.6231359701206813,0.6397947314639503,0.40236440627531556,0.3663119793374631,0.3921673864944738,0.4182066013527814,0.4744009562129728,0.3700701273666423,0.4353539525129687,0.4044460484883914,0.503759207445837,0.5458888154114365,0.5984055319928143,0.5890333227582728,0.6571594499625327,0.6051047364477704,0.6268663504956933,0.7149152332454435,0.7178002305978352,0.577432664545765,0.7197861628355393,0.7982828263156039
210,1.149337511803523,1.0285797089538438,1.0628945593742194,1.1822520564125225,0.9753368530172193,1.0188415552792771,0.7497495955159938,0.8771873520583695,0.8847308591439993,0.8169136961955297,0.6359462498457331,0.5425244754004607,0.6482647094278358,0.575912366695779,0.557880355266964,0.4241346196984713,0.3648676524702055,0.38498126926412485,0.34787211984988775,0.4662516384353476,0.3690202117141477,0.431356323493835,0.43750695521055816,0.5080793474010148,0.4823951348996045,0.6860839276705508,0.6186945382077376,0.5437118861390676,0.6248177810535315,0.5762630287605977,0.7250711896919309,0.7426203073833682,0.6633537436885935,0.712190889079783,0.721210535418399
211,1.1319308575636282,0.9549959917448975,1.032847390082292,1.1728728225363168,1.0262506685109167,0.9466588320450016,0.8180109277867296,1.0040664069544878,0.8640006011851918,0.7495672530965447,0.5798152733492006,0.630241727345533,0.6516637539032201,0.5452019121787943,0.5784665051711335,0.3781556711249481,0.3893173330378209,0.3916492733146539,0.3560405504297394,0.47610351022221375,0.34932583303342224,0.45935587763833063,0.4406905785082133,0.5238501807493421,0.46140367496446566,0.5986261382325992,0.6182413765646151,0.6032437471717174,0.615414251395842,0.5872968016334957,0.6453153842137853,0.7745264979021755,0.6495867982175344,0.6328912298459246,0.6550357848368777
212,1.2088293869897897,0.9643844446298176,1.0994305703001155,1.187197701122122,1.0417990857732375,0.9542272570150564,0.8347973374868276,0.9495272177545189,0.9196034222557256,0.8077697246224235,0.6357722021149015,0.6017955385851839,0.6310228442155229,0.5447506503014224,0.6314421640455616,0.4527453150473979,0.38753678613189996,0.3808096415717238,0.3104368905858824,0.4882156333551121,0.3927327199313926,0.454879393028334,0.38172575812853,0.4839120533908907,0.5306509178715485,0.5793731809411615,0.645304682717278,0.6389975741298444,0.5992291688370632,0.5865744552846226,0.6924517185788094,0.8008315076615915,0.5756614565753086,0.6800595713788884,0.7204218393940612
213,1.1324750522913751,1.0933352808278338,1.0760069613663803,1.2442578448832637,1.0637840826492075,0.9476927204130694,0.7950065197381904,0.9661351597695882,0.884460825501243,0.7624490989868467,0.603374698822243,0.6383525651728936,0.5761057751098952,0.5733244419048952,0.63153625870866,0.4385032863560189,0.40303132631748606,0.38440800937069786,0.3780252013740395,0.4864182946311594,0.3749375284065566,0.47554643806926467,0.34964991503548765,0.5041605203595073,0.5172382386254895,0.6586335156911658,0.6620859793602418,0.6007399597030467,0.6621956620691897,0.6148517247463039,0.7731375271778824,0.7627574696411734,0.5790684138203246,0.6653614223600319,0.6816553902338911
214,1.1377962164992699,1.0738998515820728,1.0015155342275406,1.1317602575438261,1.0924477262356742,0.9169682202991375,0.8173864219115876,0.9573729583114555,0.8432561036163486,0.7819447942266486,0.6204675050439707,0.6610238016190109,0.6388046408839637,0.5526436725326475,0.5895388605360006,0.387650772578312,0.4083728227933524,0.3902903144388672,0.34491730035162954,0.4541965144402441,0.37429119995449084,0.4344177043764125,0.4361818343250941,0.4756360177145059,0.4862177592753697,0.6219899754829675,0.6856224472818924,0.6336312295385008,0.6052798636061837,0.6221148877783491,0.6701148275116124,0.8170909758688325,0.4888528209713052,0.6637172922950345,0.7141529684901877
215,1.1053862750991201,0.9932403641734233,1.0588914372949856,1.2243092085265204,1.1416104874378528,0.8786990212358132,0.8017123167094592,0.9557852346904844,0.9289356840601751,0.8488923330729619,0.5901171994331508,0.6126480372245287,0.5813720984224737,0.565093214517566,0.6229147273469999,0.407233798096701,0.4107024567201738,0.4034632000255962,0.42667856169581975,0.47608602113515675,0.38556491912089563,0.4467520718673348,0.37673262034434013,0.48787726558731664,0.5320845376520967,0.5726049693494325,0.6664957907389188,0.597162459883861,0.6174087204102112,0.6898132060859997,0.6893867616344206,0.7672712602395626,0.5984164245016623,0.7165750532501359,0.762012861060902
216,1.1902671531766595,0.9883235655944016,1.0714972827855862,1.1602254682364028,1.110566934042258,0.9590731167755682,0.7694370151463572,0.8804076352136301,0.8877520055334558,0.8541219287396751,0.6120119197583864,0.5853210972854277,0.5855964662940487,0.5695595561792199,0.6383699847160133,0.38367948464866486,0.3529661289111255,0.3806118458517296,0.34929844893320033,0.45069678578866207,0.38852954231686254,0.45428088327058747,0.39583188485901866,0.4586425638638455,0.5091452332770015,0.6227190877036447,0.5849665905274496,0.6268877729155526,0.6083903012262742,0.6167467343962849,0.7254113268225283,0.7431736979468451,0.4735512276927556,0.6329541384475983,0.7503164091227259
217,1.1133173011895785,0.9990455230755162,1.0333991797272346,1.2009618692044732,1.0820475898374342,0.8933547493815059,0.7398422281160197,0.8591899264215068,0.9331663041566999,0.7742060687148596,0.6364879379566432,0.601632413447299,0.5766311138571946,0.5819579391469544,0.5941646291047583,0.3830510287999934,0.36164106570254667,0.32368992311253486,0.38573885891727233,0.451794503016014,0.3850036410114625,0.4679950054670023,0.35735217378189976,0.47329703103149157,0.5197194732830087,0.6754650130628993,0.5656877243472223,0.5777840910175724,0.6337570293163713,0.6613646717813464,0.7521452815016845,0.694299883584604,0.5284602293852667,0.7046201225420641,0.7174820777347511
218,1.1780253231223385,1.0423462133634784,0.9528019804725696,1.1601531818055906,0.9483892757103065,0.9045331083311379,0.8493003883553323,0.8707401267639902,0.8753127250546282,0.7893993538903066,0.6450676500065662,0.6261898732556186,0.5437248621606532,0.5958060580598206,0.6520780947998839,0.3900538603122433,0.3984279475925653,0.37184334522922613,0.40435443176615804,0.44572967448382506,0.4118873835818151,0.44351457789003157,0.391216562338108,0.4792148384026298,0.4642122706170443,0.6919330580559776,0.6253496006720924,0.6267479205754112,0.6151666603572618,0.5450917731210906,0.7088508395923112,0.8430874868088369,0.5620891816053506,0.6303107181934251,0.7036296887514222
219,1.1537126131128097,1.050912108807173,1.0268735423952076,1.134640839126177,1.071459870681802,0.9549771653974651,0.8479959752109405,0.8720177286508357,0.8754592728524028,0.7630651003852285,0.6159607582351452,0.6570127828305117,0.5917759579342029,0.5101586504435683,0.5826401389626024,0.4449478812998737,0.38411796185945907,0.38123473271648667,0.37507533113747543,0.4322142211321649,0.3770154627123429,0.5173832500449546,0.345251187690213,0.46702966766341025,0.5382252798722076,0.6515113177124852,0.6981732279721262,0.6620297231752085,0.5674794697971466,0.6258816973718816,0.7282712634837256,0.821677079408655,0.5783117686720372,0.5991678455692346,0.6682341971433414
220,1.1768474375389593,0.974723796811758,1.0041423238329232,1.2363073513593261,1.1574214330607364,0.9406684109747621,0.78543474727765,0.9479984143819915,0.9536931214875478,0.8393664855164649,0.6229633678294257,0.5774863637465896,0.6372454094860831,0.6144006331079431,0.6351842308633509,0.41825977493122896,0.39751685930631697,0.36915692957292545,0.4486597281673366,0.46639221156473853,0.40328684911613444,0.4375112126942072,0.3778110301371296,0.5186340790143786,0.5494093198778727,0.679239863851089,0.6689302103672216,0.578574280013632,0.6099487586962067,0.646617265051654,0.7270614839147973,0.7254549979401435,0.5915767342345495,0.6686774549942693,0.7093530078511188
221,1.3062307114484475,0.9968854208790545,1.083513530090936,1.2148597058592063,1.005157414829732,0.9985462594345843,0.8239840206245881,0.9688123117645038,0.8750847531819399,0.7550650299768809,0.6295809572082969,0.5853083992758588,0.6025174533471079,0.6206406352413536,0.607978844645304,0.40287098150406897,0.40058163774340155,0.41157802654049214,0.391047745464536,0.4344683354125175,0.44439367826315973,0.4906353148266571,0.36348580690285043,0.5138989750155649,0.5184686307042083,0.6572805069009244,0.6006644274144954,0.661612733711729,0.6019301411174074,0.656392132583721,0.7846122433009103,0.7255340456851926,0.530802134611143,0.6448276309130165,0.7335907709392743
222,1.1842697271389926,1.0057131965346284,1.0276184430884014,1.1801837003627533,1.0595111177723093,0.921136198022225,0.8316361326148052,0.9185270577541779,0.9294360980793084,0.8116046797315982,0.592920956387809,0.6036544175898138,0.5891291528881677,0.5778532666635048,0.6427622359185988,0.4479185867054205,0.35100861589313587,0.3702761804486413,0.3872610539176864,0.45313460011971096,0.42153669379451186,0.47435459086520376,0.38468006929861054,0.476792737516341,0.5228360022500869,0.6768766364409262,0.5879604435572238,0.5568662112073095,0.6137439594407634,0.6519848870691672,0.7953682665800201,0.7934536207266523,0.5251991926914927,0.6621731436807268,0.7238632400799134
223,1.2830535843807367,1.014164587263346,0.9682199287479167,1.204886166825001,1.0524961080021056,0.9263412596064523,0.7745389959640476,0.8738699625969355,0.9329578564126724,0.7723764119195532,0.587517887034901,0.5986884314878306,0.6221674061635242,0.5742563274541471,0.5991992365404571,0.441302026006817,0.34724816355843136,0.36980034131018213,0.4060808612819763,0.46697252508175247,0.4011608109346656,0.4721249910826817,0.38488021865757677,0.4550204226025769,0.44544109544537686,0.625269567775467,0.5973255843883087,0.6254118540595621,0.5900460517331494,0.6439216778202301,0.6976612769332553,0.7846918610748734,0.50160216974526,0.6284933912959993,0.709829804644363
224,1.3033990018387178,1.056680325195698,1.0079190522509547,1.1724523984255728,0.948462345563128,0.9517481865416231,0.8328034535280039,0.9151135083187896,0.852271615909222,0.7684736135034301,0.6273677400425575,0.5966305586850367,0.6149369429008541,0.5180290558707339,0.5919628582126386,0.45511428329035963,0.3710162716042881,0.3563183212583598,0.42071549691754795,0.4108008200972846,0.4010606939902967,0.39052584234957016,0.41213233273131367,0.3958195637426901,0.4640401022740904,0.6396188253859763,0.5616937381180881,0.6170332007680843,0.6036560593375123,0.6538241084682547,0.7413133889093197,0.6900465606631436,0.580229548131705,0.5902618390028834,0.7217554176703666
225,1.2585778521037008,1.0904933856743728,1.0388713323332763,1.1895367123582936,1.0444046504642324,0.8673912205514733,0.910437756903504,0.9724639980296341,0.949271637842249,0.7722962159300981,0.5735825369318024,0.6830860047978506,0.5926829304171453,0.576940876742112,0.5771319417059164,0.3869307022632305,0.41797009552205466,0.38509852649565773,0.44108256521743106,0.4837782661221933,0.360143063663023,0.5322088611064362,0.39962835443682054,0.4906154214570894,0.4900241120787342,0.6042359660675791,0.6132138738492796,0.6451540963647826,0.5905466856374563,0.66048715784946,0.6377809877170477,0.8571723690877231,0.5510121319029964,0.6966997312749468,0.7059323987955508
226,1.28108325936063,1.1361041269549743,1.033768587038864,1.0724985927668276,1.0305887652833852,0.8703244631256108,0.9093285937062091,0.8517078723861364,0.9322663615339549,0.755565837583213,0.5966227707844952,0.652387242830411,0.6171087578104452,0.5950727176196737,0.6014714753034553,0.3834215458938633,0.4010224741003985,0.35725070074911547,0.41876507386927386,0.45909501600001457,0.39742785872517206,0.42651571266828714,0.3706930836012813,0.46402219930044175,0.48793875009932286,0.5680786872162369,0.6459774206720558,0.5936705843416654,0.5883810459836472,0.6624332563336274,0.6794306228017134,0.8221317176224741,0.5497048890322094,0.7439298908068185,0.7184051513879
227,1.1862194111186781,0.9650954163637555,1.1049810784470568,1.1826666911016765,1.0853478548854179,0.9421459739890025,0.7981689627111119,0.9072099174903433,0.9070237318469492,0.8011647036005808,0.6146191950570041,0.5983452360699462,0.6368722970537222,0.5360541968902472,0.6372118760613608,0.41829588781035926,0.3571728880608902,0.39127810298125193,0.43941321568161806,0.46496880774447924,0.3977067599227324,0.4392746571263718,0.3794187198497313,0.45799674039339544,0.49529912669611087,0.6253826609783412,0.5383799609404539,0.6062709618171256,0.5778586695763012,0.6840726571134224,0.6957339565610072,0.7269379864702946,0.6514737099378025,0.7727826410627319,0.7113799832777412
228,1.2488572695258808,1.0869446321197178,1.0712847494377855,1.2153485874302765,1.0173845718149002,0.9208355773100445,0.8519592598932847,0.9433134940509049,0.8795463276447317,0.6821674330040647,0.6411083924173386,0.5887620583445278,0.6484248186067487,0.562076894410465,0.4805595892855701,0.432346387786835,0.3255002328065549,0.3760746657687424,0.38215010648978237,0.40274251517390525,0.3941753465674309,0.4800260548553582,0.46441731170009204,0.45246287501426985,0.4219069726542941,0.6244858893097203,0.6213568575210424,0.6478720765776271,0.6148384137152161,0.6602745545313511,0.6383717663089394,0.7776198325437798,0.5691282011581915,0.6886263629786551,0.6909969345172282
229,1.2539685572258277,1.083961243373179,1.056914878006892,1.2144023848900622,1.0085619792660534,0.9669789911911995,0.8278531164096177,0.8041868079096797,0.9537434694983533,0.7874954400481923,0.60885148192771,0.6255454032126715,0.5779365755536368,0.5312564945577731,0.6217069521541335,0.41573139567099704,0.3852462439438715,0.35459358356886284,0.4275137620907139,0.4990190340361447,0.4042275131985937,0.3724388835801082,0.364654386528176,0.43233574777446737,0.49246641958220705,0.629487231026707,0.5383570553745439,0.5875441154307701,0.6181187373914087,0.5745751913802958,0.6019848920931496,0.7658751598006737,0.5632707761675562,0.7479143272859532,0.7263808895277766
230,1.19516884570924,0.9867622180411156,1.0334344306667222,1.0915610603149553,1.0329040483480973,1.01314033172708,0.8015686079665039,0.8927442840876036,0.8396294744336148,0.7927882426712003,0.6634964714568752,0.6041174927686106,0.623511279592748,0.5190000521321482,0.5828889605078718,0.4314189372921492,0.34066975893072515,0.38998760910324703,0.42880210752594505,0.49390798361783345,0.44612222877970953,0.42864738853449025,0.3821309984774318,0.40379917473137306,0.49211443712061564,0.6271853819211639,0.5740255085207957,0.6411802838174373,0.5272945656022272,0.6166729036183941,0.7165408718452553,0.7179378499361921,0.5653917410836828,0.6165556297110358,0.7688018583385239
231,1.2332757525979812,1.058681930000222,1.1264584531912614,1.1014662604999659,0.9222077744703452,0.9214420387368476,0.8347514063911134,0.8982126740015841,0.7972785693606914,0.821764350518436,0.5988805434166937,0.6122967716709038,0.6512945158641243,0.540680029793428,0.5187502219188267,0.38721160457275455,0.33005757517448764,0.380287861584363,0.40877621348112625,0.4661789730006372,0.3893390957683963,0.4014853209221515,0.40601597591710226,0.4481243996676312,0.4571486937500133,0.6119901926039409,0.6012079067705431,0.675060566608923,0.5988540901460939,0.627514664985309,0.641777437963891,0.7100458288895292,0.6181965402999163,0.6738076819756831,0.719166782532467
232,1.2693957873706507,1.0902983869495513,1.0185564689555062,1.1772325727479735,0.9948771689323463,0.9419320174500084,0.7794363285259045,0.8738782989081564,0.8259120328435565,0.8190165767349304,0.6260528936535072,0.5959717021898937,0.5749157856993717,0.5462835210147087,0.580602847817004,0.4465010961322883,0.36435307516618715,0.3292265546034433,0.4413248295529001,0.5063142796434186,0.4210901849548824,0.4486566708745258,0.36061062889875195,0.45846759635641066,0.4398781795558588,0.656338488036728,0.6218796952600286,0.6045522693915821,0.6541726245949222,0.7201090726914398,0.6486451327078478,0.7294637285005425,0.5486322148990986,0.6328789163895163,0.7421394592510505
233,1.1834580259405025,1.0260751135362234,1.130648728285491,1.0802822161255872,1.0838819159979471,0.9025838333898807,0.7825897811005,0.960339766901431,0.8388102172721061,0.7772502284601542,0.6215873280436519,0.6336312470747554,0.6426924267327903,0.517610394917245,0.5904471663567351,0.4093632131093079,0.3401572373229619,0.3908055867562207,0.40008618959153686,0.4862840545304552,0.38590671650047953,0.42003730205464407,0.40322174055503407,0.39819503402485196,0.46884755287057905,0.6241380927900226,0.6073071386402251,0.6308630418580179,0.628693477231548,0.6950650446711298,0.6201335342839929,0.7322663514494854,0.5864482383830493,0.6230360201279284,0.7403099424331119
234,1.1969265190713827,1.0994521654091653,1.041174723431554,1.152347667345563,1.0697847904999278,0.9428444530611744,0.8840796316187025,0.9184462515965218,0.8620526130143757,0.8420626261303479,0.6410802103105975,0.6482244515455307,0.5969291893885859,0.5427191674335348,0.6409775962601194,0.442193042081724,0.4137117988285942,0.3761263326938057,0.40839167976374147,0.5162107215978278,0.437932885682652,0.4664322227616466,0.38772596528788206,0.46230743803878094,0.4645808088508304,0.6755943098638235,0.6178511355054008,0.5957626412346047,0.6175009554217827,0.6378779151336234,0.6133053671180491,0.7825777236985327,0.6088379180674162,0.6392452932424042,0.7472974983472109
235,1.1025168654843425,1.0581783486075165,1.0349447655647066,1.154628315953599,1.1592568274766384,0.8952442467835382,0.8050088580929062,0.8537843301841934,0.8903361277463049,0.8392499382638424,0.6357705097629397,0.6440770205651049,0.5938374684193342,0.4936047543466092,0.5938680798640545,0.4536762350263052,0.3959757985416047,0.3223233890058669,0.40202820713191384,0.4993531888792544,0.3903324396706941,0.46476300580898366,0.4316004081710103,0.49297513138097027,0.5052396187385333,0.5902338159029931,0.6482058246265672,0.5833041187383115,0.5774171875613303,0.727286787814642,0.6184038963793823,0.7451084580005927,0.6202041544587859,0.5922495498809193,0.7737526228648622
236,1.118505266714359,1.0868119921338901,1.1689914880276873,1.0994873748545566,1.0111083591251302,0.8505370964767411,0.8674354486445548,1.0627260254394542,0.7675160194374016,0.7992857255333619,0.5843625416248883,0.6691241121231344,0.7057789847224795,0.5301040148081639,0.5929790918432718,0.3817068972949872,0.3977716448049011,0.41610425836960496,0.40568109990995704,0.4687936438556324,0.38070767637553304,0.5214116572692711,0.4298835695736831,0.46587053767144465,0.43524422765820514,0.6256716806370668,0.6746137028972863,0.6394584215771717,0.5611499804156581,0.6475326072011305,0.6283652842396998,0.7869844539187175,0.6894596823743271,0.6123599677127067,0.7731620356382447
237,1.1636955087893426,1.0562802959666793,1.0370518069617165,1.1704881976651103,1.0918462136517966,0.8366439960269241,0.9011088951063814,0.8620927373077821,0.8355803390769891,0.884504638420132,0.6063972613084732,0.6720977707975663,0.661297262157672,0.5039134339917661,0.6704517626587833,0.39478456039239346,0.4192238019749659,0.3685983550249672,0.409146039276683,0.46811249242868663,0.3815680889462332,0.5040645854015184,0.390227539349927,0.5224590593511397,0.43163593374385534,0.5697655878560784,0.6324474323469214,0.5407213702513425,0.5699462034361069,0.6855690748765609,0.6276396817681461,0.7961794552905928,0.652988410643683,0.7002184977505311,0.7724035779197354
238,1.1255444312755487,1.041188696064633,1.1376947734158165,1.1464157036625364,1.113721021063565,0.8752435287786737,0.8727450069108335,0.9499936399562373,0.9079572974574037,0.8413635590283526,0.6289292847513157,0.6369271675318848,0.6675498299415403,0.5281240231428683,0.643235698089148,0.3874092790128541,0.44456440943371756,0.39608562487975657,0.411091741811477,0.48334028860373346,0.4123715074111711,0.5123763746725891,0.4365131707413884,0.44142099836494236,0.46945359620070626,0.6357254319662442,0.6702506598920277,0.617178042902729,0.5899820786898723,0.6685132920261192,0.5805082264357392,0.7683876113865333,0.7149814439674473,0.7221450868728126,0.7343213299641058
239,1.1532024584170513,1.1633248580353623,1.0986060849415293,1.0783082488006088,1.109663008465659,0.8989036457236639,0.8880032148343386,0.965903651465537,0.7765574356139848,0.8419799692918373,0.6090780404421627,0.7099534677199006,0.6383881998636305,0.4780670836692569,0.6330926505713639,0.42024551423789497,0.4316006490464522,0.3783967786247239,0.3926515130242374,0.4486097674110473,0.4185426444544562,0.5324410359914484,0.4222004810089639,0.45268273432735306,0.44692297614836685,0.677217817499604,0.6514652085941972,0.6463216871007109,0.6142226479571486,0.6478542041977825,0.6162801575478842,0.7986501626547928,0.6771410215867651,0.6967357204825642,0.7099912443108491
240,1.201293113602666,0.9671118968378932,1.0645695076268216,1.1537792914578917,1.031507354375113,0.9102248004286815,0.8173971983547007,0.9026783523191934,0.8625612524292934,0.7966814677854883,0.6098819285788414,0.5960548386791332,0.6322982006278421,0.5477731854927281,0.5326604996344473,0.34782691568398105,0.3340050805478412,0.3742268549246163,0.4079652308691639,0.42250834962328343,0.36991239061788384,0.45905119719976384,0.4143563335947071,0.4613441539151816,0.42880734410318017,0.6046531704016778,0.5748897801368635,0.6059405943435803,0.5983298148454077,0.6278322176559933,0.5659782626271013,0.688606457680675,0.6919879307636367,0.679383033906429,0.6995750606757745
241,1.2736729277642538,1.1290909491470689,1.0254413119302486,1.1217187983007504,1.0023168838665342,0.9134012886776506,0.9197992194369712,0.9173774756601857,0.7978995972278434,0.7946298814958883,0.6426428903342705,0.6949829616155421,0.6548566727034024,0.49374042675677987,0.5853761597707392,0.3761947643857423,0.4583740404268527,0.3853479515448377,0.3549500197110619,0.4332911418437266,0.41420333853388674,0.48250880304404153,0.3731107133905628,0.4508378605290645,0.40853131137299564,0.6032209119710228,0.6823110578453154,0.5724948232950778,0.5818862376050848,0.6055724842016024,0.6451287667295899,0.8177406822327047,0.7012646786425261,0.6594110519469247,0.6957179454896112
242,1.1136186728122965,1.0949374608704454,1.0164305149160433,1.2073351373195513,1.0565167746490742,0.8895178124192422,0.8571759291550549,0.8259875722611978,0.9089582005857983,0.7664632974814793,0.5959038226155504,0.6149085899737426,0.5914492031872784,0.5870415170878623,0.5764776300659763,0.3388505458923883,0.3988849169137029,0.3316462343926582,0.443467325521195,0.4360617566254407,0.39981487578292363,0.5177859489278739,0.3568030615389275,0.4572464198000288,0.406235151438831,0.6353810634562151,0.5911059677754686,0.5565641403662388,0.6025237878429297,0.6252019338745315,0.572328615097464,0.746468474307839,0.6236433471070051,0.6838705761150066,0.7414360439357071
243,1.2626935573965488,1.106212280297159,1.0148255994543578,1.1710526282683393,1.0381392086628745,0.9693327352434415,0.9072277427724331,0.8679489321758741,0.8606222609416118,0.8099921925544249,0.6207578542850439,0.6585365816190798,0.6006257378880129,0.5381678940466292,0.6102945553089835,0.38032307713938596,0.3945217477837328,0.33430083112419373,0.4341292422149742,0.48777281235611464,0.46146254521531704,0.5274841747858227,0.3888554270824325,0.4417672003947031,0.44750868420124823,0.6821515704764642,0.6143448530084699,0.5050490522959573,0.6043805008744921,0.641416425714338,0.5924685791382055,0.7706399937000659,0.6049238896605824,0.7247544878626928,0.7404834035257115
244,1.2369793440791224,1.0274030157294258,1.0897059730458287,1.0882000552101523,1.0801358764647708,0.9783751280420163,0.8140854388034291,1.0067031641878914,0.8533759644386889,0.8473783230253289,0.6460521936312271,0.5554860234532824,0.6102895172881303,0.6049637103748857,0.6421984697843284,0.42097496765900566,0.3712654861768887,0.3935624157668126,0.3752673839843873,0.46691426722744434,0.43992499428124276,0.5209214980723679,0.38710118286560413,0.43470268447015437,0.44735894084609523,0.6662701289194215,0.5892163761343863,0.6342541241621489,0.5643884908506683,0.7045747842954839,0.5471259876131245,0.7271382317085159,0.7177779506152662,0.6687781325353362,0.7399850384603
245,1.1558662822463146,1.0932529541748832,1.1359561511468246,0.983973992513927,1.1294296577752563,0.9310955895606373,0.8898594342370045,0.9660775714047511,0.7588729601925253,0.8845637532576784,0.6544348334094163,0.6302546905070363,0.6485013121121597,0.5177977219628448,0.7049715330846387,0.3870703539238475,0.39003362040399564,0.41928913559280656,0.33815605245206404,0.507374668674011,0.42730335942524356,0.5081269510431139,0.3641758489223682,0.43116531335776664,0.4904930500844239,0.6430362046193769,0.6436479032105087,0.6539501183538764,0.5698270519824802,0.6760862870976091,0.5768690887335438,0.7289471687007512,0.8160385328169156,0.6066171560900382,0.7591497676993413
246,1.2357054861042724,1.0276538141616989,1.038007762028819,1.1816968839259856,1.1049197564986706,0.9446013686753774,0.8409419282423645,0.9298971987720764,0.9083056106472092,0.830608382397058,0.6416480664589792,0.6250448712721601,0.6114120651604187,0.551757607397657,0.6249351754178505,0.41856226986016176,0.39915369377999316,0.41852640754791337,0.399055599680304,0.4494647094823262,0.42157943517087243,0.5096610180119847,0.35893243643770756,0.4961728534498434,0.4538360307355578,0.6363231485508019,0.579190492287359,0.6379657801590005,0.6054059926077073,0.6587702411558329,0.6122286647130555,0.7163763723099921,0.6951181459960668,0.6897906540293078,0.7774255575609101
247,1.2001833077402515,1.0845548625239114,1.0206968136390144,1.0488237310314075,1.0832544561206205,0.92646768674022,0.8560284213164134,0.9370250340530103,0.8165988497405292,0.864274848952006,0.6388940742671163,0.6216795105274353,0.6456798143041516,0.5671073031044227,0.6444438308758227,0.4172408296549849,0.4136077237421429,0.3706922509128747,0.34189650916881986,0.47417397596374855,0.3996921842595231,0.5158131738130615,0.41341951807236343,0.4505072509288221,0.5154841469065312,0.7082463727210795,0.6153499042176978,0.6373839190459366,0.604176515785369,0.6803609446656964,0.6266477457074475,0.7824513756566243,0.7708912552434175,0.6713328669000251,0.7552949967061531
248,1.2076063025482249,1.0161599942777921,1.0840352636773964,1.1392849890789272,1.0791402235611276,0.9591805816985389,0.8790358130388827,0.9542725950927918,0.8716666959565762,0.8614632863869659,0.6054303920792996,0.6384289097158189,0.6557696989584875,0.5525313391236952,0.6711477382257018,0.4194482365294404,0.3996839183867611,0.39845451468828164,0.39225259271846336,0.4850907295455962,0.4277623042275185,0.5080119368897373,0.39317005796979265,0.4251454546963308,0.5050922895489507,0.688397233089747,0.6267438519910636,0.712889004754851,0.591450104468844,0.668896291311277,0.5323409531937362,0.7724240142584815,0.6363579685276171,0.61347944907698,0.7438354767175164
249,1.179583466186974,1.076837343569285,0.9453242071329004,1.1781394517489394,1.1055322026304562,0.866003863698497,0.8947219369036581,0.9480105728855551,0.79673545642249,0.9297426374906761,0.6329943483512579,0.6279411585304069,0.6509118004388346,0.5563772571736253,0.6170652443516003,0.4249190863641069,0.4540610828981888,0.3806137785358458,0.3618085212287193,0.48658338932503453,0.4202608330818841,0.5367007076992253,0.3632948973993073,0.47824565219438864,0.49466485322395126,0.6121530721564457,0.601947391861538,0.5999723595976956,0.5926125993389368,0.6899658175537302,0.5411560591363966,0.7789524653934469,0.68737785216658,0.6905466727558124,0.8182433156923141
250,1.1216133162996447,1.0635095024961008,1.073980281024267,1.1260068844136766,1.0729097782250485,0.8679197113700595,0.8546282343576448,1.0259393007619377,0.8213266973943043,0.8045300593685023,0.6227102203915738,0.6545484916748882,0.705673460792372,0.5661771902345267,0.5826318318850672,0.35546112470411684,0.43261447552453924,0.3947996487128075,0.35876143722549336,0.4703363684838133,0.39558908659337044,0.497555209695857,0.4424110844789092,0.4246826708832976,0.5119978226074229,0.661986196832103,0.5680469096893718,0.6361473720240779,0.6079916674660384,0.65513286733402,0.591322417367496,0.779248343490423,0.7262633452808658,0.6532430135946963,0.7456359418989276
251,1.191990369866342,1.0578744680412724,0.9200522079499721,1.1351844518205803,1.054854469539004,0.8953869956495608,0.8922392415438576,0.9251756494268084,0.8639133191577028,0.8469112888757031,0.6609080218328272,0.6387442665904811,0.6135839251922717,0.5623191029181811,0.6316327033296496,0.3880722639365912,0.4257799918910103,0.3643865310656248,0.421777818217495,0.48090459267502633,0.43899267097550265,0.540387352727967,0.3901210873462927,0.48382749814071196,0.5470119228210961,0.6151070589159338,0.619987232767454,0.5810532996981916,0.6801550217182846,0.6650072422387464,0.5851355667475078,0.7392246354897152,0.6134036136459772,0.7065245240368108,0.6665462837115146
252,1.2048477981627441,1.0648723544365657,1.0537672654580492,1.0831111838234735,0.9914739156873416,0.9289727341233158,0.8719061580105469,0.9808268499885848,0.8590024681996059,0.7780942735440128,0.6577250610326189,0.6207516568044287,0.6181132970920725,0.5744338936799042,0.6163195397847687,0.3722669197697356,0.4142367739637659,0.3732232740968264,0.3893881541331935,0.46594792711296734,0.3897013336358681,0.527313302981725,0.417785111058424,0.5199371364705216,0.4989369224978224,0.6348312579523588,0.595483489840398,0.6430766643963386,0.5928349067880939,0.6660918113241758,0.60067669602814,0.7573510988916752,0.7435194530860318,0.6719649228602995,0.7346016748898712
253,1.1608158253078684,1.0789840433531483,1.0394657860034373,1.1371271751812388,1.110837390643915,0.8962106325044328,0.8641228926803161,0.9255522433036616,0.8339109330092142,0.8085803818052446,0.6056405388221574,0.641057544210182,0.6844161651871392,0.5864014961002111,0.6420502511896891,0.40149017636685197,0.40739002738241636,0.36580822214768094,0.38005194101184114,0.4479211491192677,0.42963770372163546,0.5279382406853517,0.40501989811527095,0.5003161083331233,0.5274104538222816,0.6345948571273239,0.6008468673321796,0.6434736839319966,0.636346536011351,0.6346676517610976,0.6226588995210667,0.7342724831818063,0.7784268619136169,0.7007160639362948,0.7483782745488934
254,1.0884005756425548,1.042099284396143,1.0086875496756649,1.0860103679003221,1.0233523647173128,0.9069389711584255,0.8541734723061403,0.8442401845016787,0.8254224989455756,0.7843087575412423,0.632706978170392,0.6151375295567982,0.5603314218953523,0.6014978450711541,0.6664135524873839,0.34302833870720095,0.42108178164503307,0.3020774334434657,0.34790485397098514,0.4848069031090464,0.4142703335168967,0.5193180064001022,0.353271937650393,0.4343183016662455,0.5093584374498692,0.6064533568221346,0.542137131884283,0.49996209762806776,0.5242242768470415,0.6719667117520303,0.6550509016089084,0.7075849996231837,0.6327801502097588,0.6372103965989211,0.7856234581724906
255,1.2163897542338495,1.0064555683181662,1.0245493729207635,1.1781359608529043,1.009187159042754,0.9766049241253071,0.8724670705981161,0.9389028582533876,0.8338344492561813,0.7546258240965809,0.6549440600158976,0.6382323922636106,0.5943631147862168,0.598069654081963,0.6425456632947568,0.39032652677268675,0.37321103804435535,0.3883137638723442,0.3984357314849222,0.4489658297664246,0.4777447787702792,0.4593016389162593,0.3873636905029686,0.5145780699837659,0.47997459322627506,0.6656925096506296,0.4946397734025225,0.6375063670420125,0.6235012023906725,0.6227734371703769,0.671359747995152,0.6589066367722024,0.6846892276069435,0.7199257222017781,0.770035915248903
256,1.2236393877227052,1.0688656048419753,1.049840833128843,1.0510611847825189,0.9851553512283278,0.9456750620093726,0.8335913905449772,0.9061545561733242,0.76673875135394,0.8138812236977063,0.6430087031189615,0.5809192031399515,0.6315377142284697,0.5579993124154805,0.6073043334923289,0.29169575480118026,0.3904341656688475,0.3723369085730547,0.3444660541772381,0.4632607994787896,0.4602241342216855,0.485293581586292,0.38431356977936454,0.47303151252405373,0.4747369798625193,0.6254138454725185,0.5583074500443109,0.5859436239887819,0.5758376070846813,0.6431155265173032,0.7129912757462689,0.7411570036700585,0.7453220744571307,0.6784746091428617,0.7891999998763043
257,1.1921541740486519,1.156954691465293,1.0526194239790332,1.1044122099699965,1.0503004779740066,0.9340075990667283,0.9315332772180691,0.8930486711322827,0.8467793801986667,0.8687191836458894,0.6732220560807243,0.6474515447400386,0.6568018902835884,0.5718528341402977,0.6116103544704325,0.3800933184178779,0.4889978041443257,0.3835879478715273,0.4203458648296209,0.5144739095147035,0.418695587957901,0.5328435725445309,0.36649699963537885,0.49127648272159796,0.5112083388133778,0.625986124849055,0.6361110215638894,0.5841510083032523,0.5915003806198424,0.6401063963155532,0.6931868341711928,0.790483086920563,0.7161306582996751,0.6357590572855508,0.767876509078876
258,1.1426183063564097,1.0128327497095588,1.0788756011021483,1.138624035486432,0.8787042821857922,0.9061734220352511,0.8135761629894869,0.9823599091867393,0.8138610066774978,0.7758612352594675,0.586531770203002,0.5827008994440719,0.673689158318709,0.5963172136877304,0.5262972427591366,0.3320301489534896,0.38580849181164945,0.3833298280658077,0.41226322943319016,0.4154806728372373,0.47465200221375614,0.450863924449602,0.44623587252144103,0.48595314936973805,0.43427634617499733,0.592569162345886,0.6220172659617047,0.6536178600978672,0.637667501135451,0.5968593183982853,0.69449110227619,0.6469116151615649,0.762862555890319,0.6347742476441594,0.653691629467861
259,1.16149572126054,1.0375842623936093,1.0098246481238384,1.2123624288062806,0.9568793724486435,0.841602814019978,0.8733023729523397,0.869802048201499,0.9807104079478178,0.8291506060783282,0.6048905451946707,0.575550749841433,0.6786888748960231,0.6424836357832866,0.5557429552913686,0.3195018776970874,0.4110317087978742,0.38681252484587275,0.46751690271778296,0.40677159438796534,0.4481915947964893,0.5195840979565186,0.43214615988547683,0.4926113798959453,0.4366401235793293,0.5313041311606514,0.5959614003516869,0.669695103637433,0.6424678819024877,0.6408263249682148,0.6952482553202679,0.7179133313966326,0.7265602888183847,0.7526262718979766,0.7995048141214944
260,1.1470157103414778,1.0520287279630889,1.1316565525533062,1.1105594923646585,1.0680985281621678,0.887931536876749,0.8386793792432681,0.9371906659148077,0.8611833598193599,0.8109568485381952,0.5829276898370688,0.5761533736175659,0.6603585796564244,0.5898030370949392,0.6039613937105421,0.35378492540562967,0.431453266298942,0.3744759681779134,0.40292415747251475,0.4581454370332965,0.41368949336057487,0.4549539258819404,0.41492876075017915,0.4490466817774733,0.4666981577216359,0.6065307977807591,0.5183648173127424,0.6906601865374888,0.6334893242241652,0.6758521005420794,0.6632037233645293,0.6675074664022228,0.7793849852649598,0.7314059692640277,0.7765199135873
261,1.1980715200220717,1.0727822899611832,1.0768038809102638,1.1433658754491949,1.02498439505979,0.9353138123430857,0.8717497358540601,0.9191318673564208,0.9214039122929861,0.8220902648384785,0.5984534798050996,0.6192446594657348,0.7053766747664223,0.5948388212749723,0.5818193071118869,0.3672615426442016,0.4180758499285907,0.41468330990457636,0.4516992422733701,0.4668808816411577,0.42597644185028305,0.5093122239698472,0.44168741917894844,0.4829587025523873,0.4872379261357457,0.5874293814738241,0.5657236236860749,0.7004942943247541,0.5621545785930315,0.6580343877571303,0.7021603251172563,0.6922437303496297,0.7940326379620213,0.6573514693965687,0.7492150627914823
262,1.185663822356585,1.1072371697823953,1.046834901874491,1.1353222258956392,1.0836469895001068,0.9325771283805089,0.9369748181626187,0.9217278756735104,0.8563752623124666,0.810265984503252,0.6673764896226012,0.6912451570619171,0.6351909807918816,0.5784305782137358,0.5762061377725247,0.3570785858576597,0.49717578863929524,0.3690126253450202,0.4100906071144741,0.4484116630805352,0.4187017829111511,0.5769872452503066,0.40414625823476724,0.40589167460128484,0.47803043478642326,0.6278442437564788,0.6471769162296992,0.5903148060957603,0.606199664336126,0.6504305800955097,0.6671695562423217,0.7651065272477467,0.7546983502581608,0.688257968485195,0.743948603768357
263,1.0980051064620158,0.9584111812344907,1.0846332931619824,1.181115447361682,0.9827256786595961,0.8890753953353825,0.8185322995351038,0.9136706856001382,0.9265695699809378,0.8157476015388776,0.6503830095990586,0.5191053901607754,0.6408681991659873,0.5858102529911255,0.5899527104069057,0.37547369207526265,0.37278124003676955,0.3703649906984073,0.4413105052324825,0.4735437068983206,0.4230247143629625,0.5134093905630088,0.4098630303785531,0.454686010699073,0.4538935773633843,0.5800877090471461,0.590599891009342,0.6302598273856004,0.6090903566566692,0.7199360774008141,0.6437342821925605,0.6993305486413623,0.7128755770732873,0.7492872897665408,0.7911787050418979
264,1.2217016381967105,0.9595029475369354,1.0611691964609091,1.1515873097325249,0.9554465383882693,0.9394952468437557,0.7838128400058767,0.8790215203653944,0.9568614881416119,0.8181247675681949,0.6065137365806297,0.6109128684983298,0.6352782795270365,0.6096907952512897,0.5924775937872585,0.3389114598569415,0.4237213353019416,0.380341155757819,0.3808414857865021,0.4306719526524625,0.40743383116015397,0.46563805785479884,0.38892264603345206,0.4469139775978895,0.48738804278207937,0.6264350530268903,0.5638311355396218,0.6163568852896572,0.6155305759460925,0.6252039143329102,0.6781017452420067,0.6125936404845221,0.7631371858091169,0.7443351932319842,0.6983485881163064
265,1.1848515485394642,0.9063768536233021,1.1201708304712863,1.151896515633241,1.0245945759239763,0.9144716749245861,0.8833360189347874,0.9612185419363625,0.8582906582634301,0.8137635116586167,0.6107256626369308,0.5602690077158037,0.7068659278886151,0.5997217802648569,0.5650810956678523,0.3640872939006365,0.4481317865884471,0.4103294054309682,0.4259648756068063,0.477123586848776,0.3894060226342798,0.5162227271226121,0.41282395507130065,0.475555646475579,0.44638581828036383,0.6378971669536825,0.587522507584542,0.6583392013478429,0.6174030504324994,0.6878115437744989,0.7335225779743082,0.707945566880918,0.8207215909401373,0.7129281425963663,0.8030219246213832
266,1.2178707614283761,0.9214939337571184,1.0988598274906685,1.1682646187269177,0.9765778799195107,0.893384580945559,0.9084411559911847,0.9477704584951507,0.7705766179363605,0.8797123299704048,0.6328368210268664,0.6403362852664365,0.6198846283707876,0.611220110433887,0.6180855300564797,0.3712633246400061,0.49821626784779427,0.38795334932721026,0.3884984267660398,0.4562311679925587,0.37228800360580233,0.5537310326542957,0.4048133432927294,0.3820568812351406,0.4802876781558826,0.601486458908553,0.6103724161812525,0.6516367941998753,0.638808663232883,0.6603051760273178,0.6253147871900115,0.6996091160861619,0.6436795746551318,0.6569089344465151,0.7857377483084067
267,1.259427521027562,1.0238683825157335,1.0473843385343113,1.1203726074881473,0.9717691322354354,0.9423046483949511,0.9648881475237425,0.912899066132365,0.8383778299535417,0.7716126659722427,0.6432618738935243,0.5784722538152623,0.6312215656761393,0.6083251623362214,0.541904940457482,0.40227932118049514,0.5034444104948915,0.3728465241157588,0.38829528475931563,0.42775106195850887,0.32928598714577967,0.5197168374949303,0.4082022097622321,0.4818951146127872,0.44731243591943665,0.5584862065607907,0.7058331992375813,0.6243061117085551,0.5952489690347628,0.6069545287778236,0.7282160769986162,0.7179569635093148,0.7546668226954056,0.6525609144650429,0.7639826846195922
268,1.171560487901656,0.9403237349586365,1.069708215572681,1.1412271356968648,0.9581508515077458,0.9134679066365395,0.8887364422085869,0.935877273961854,0.810287419227835,0.818880692576509,0.6388074068285603,0.5994416324797874,0.5906053565148137,0.5816132593740106,0.5813434489950963,0.3914099165192819,0.47513215411164794,0.4022022006669693,0.37378902835039174,0.4381559382206151,0.3920672588702893,0.4843423067115548,0.3604817385116129,0.41725190492088776,0.4464847780388812,0.5358704000249268,0.6223700110238835,0.5701542222479433,0.6316232540735167,0.6447936984632402,0.6640780290346544,0.6322049563082288,0.7352313247701842,0.6570192165445002,0.7015837575269535
269,1.188594955210889,0.9449212832298008,1.1061832494783888,1.2483979760335684,1.0035674193860815,0.9152690282566791,0.8969468235369936,0.8646438308529181,0.8487276283289373,0.7779512766240874,0.7068645341899997,0.6322040564403573,0.6728913521570148,0.5911699959278336,0.5944905124915633,0.4033468079635175,0.5056335207880301,0.34193032738324963,0.4240857764209937,0.4482170442558059,0.3718104438116304,0.5067569530301859,0.39136943953249353,0.4662569022585023,0.47208212935525706,0.5866379156540436,0.6620413016734503,0.6034955967478817,0.6075801213746121,0.6544548181065029,0.6483145666300827,0.6255189505564176,0.7405853860152576,0.6519198261190249,0.6735747590395961
270,1.0967014769374857,1.0255826685014584,1.0878793854043853,1.182980853043201,1.0648542420322455,0.8435061334088378,0.8861111087328685,0.8759465056384326,0.8921821486671799,0.8580748293983644,0.5926567951110976,0.6159807455171864,0.61447984118534,0.5701579535356378,0.5472434820834451,0.36657663614502367,0.5246300919101402,0.3563845748238975,0.4316954938203549,0.4581047892703618,0.3684906388711668,0.5336169890562608,0.3769187202330383,0.4486662766436518,0.4588766357238355,0.5355469476847962,0.6055683726243087,0.6026363537212707,0.5993104109855673,0.6586530367724686,0.6116854734516384,0.7461270097218031,0.7411494469046518,0.6779222913401075,0.7158375613471586
271,1.1766451878084585,1.0003737227511218,1.109876755955744,1.1565547764485615,1.034648678419432,0.8441100440477002,0.8801718347521074,0.8883053442737026,0.8441936578345958,0.8202431644033458,0.6407149784924282,0.6106289547507466,0.5834353042484242,0.6105130952390374,0.528659460700685,0.4174827569639914,0.5295599318136759,0.3963633715597589,0.38770006082922204,0.4520496504453505,0.3779477551383559,0.5475882758511115,0.346440594732111,0.44158273315629665,0.43905122794734763,0.5733261637923049,0.6347664038498388,0.6184911169380924,0.5791778867417878,0.7056612876232691,0.652705639736873,0.7950237610574598,0.7269852190683701,0.6895254369844126,0.6831062608352029
272,1.116419906335941,0.9486359631338979,1.115099189764849,1.1710289377744083,0.9680084222615188,0.8583280358509843,0.8287512233998642,0.9120993697825637,0.8532037748731828,0.8207612940501237,0.6142325278192644,0.6258316507210371,0.6880955206019681,0.5768492476048717,0.5625399172020183,0.41408181969272956,0.47230163877442755,0.3771488208625676,0.42846994000826616,0.47175936702256804,0.3883377892631651,0.48554650155830037,0.370149171701001,0.4332349497054823,0.425936890072975,0.5263928566907059,0.6117979595812463,0.5587957060583731,0.5914954819159446,0.6829386856192987,0.670612394888322,0.7314201974941329,0.8201541759702597,0.7391873976569989,0.7027482760965915
273,1.2258485130300771,0.9349410205820285,1.1002683426039583,1.1816640141211092,1.0459686596607272,0.9229168979741711,0.8480185942299778,0.8616182254443057,0.8930613694688352,0.8532677134000937,0.6649646473993167,0.6078974369673154,0.6683837057331355,0.6446103591335085,0.5473522292214585,0.42627228059229794,0.4260848296362999,0.377044737601923,0.43213315410100267,0.48711839090037823,0.368863885162128,0.5193983989305229,0.3577389025804315,0.4611584313142131,0.4271274028590454,0.5395235045884383,0.6324304047298982,0.5736976796568938,0.5954272696409046,0.6439324101912978,0.6467846807882383,0.6692305024471796,0.7959802788423593,0.6955714043030878,0.7127420421932764
274,1.1484700592818509,0.944753255209458,1.0349486041130058,1.1188993851448021,1.0831952722029503,0.9019419178288605,0.8931275642034082,0.9221230611522675,0.8577485072829297,0.8179082956560644,0.6433248164598034,0.6261375832123164,0.6378533973604803,0.585245494556676,0.6248066007511383,0.40660491681585575,0.4592575314451638,0.4010539088990758,0.36135211895188024,0.5329494928625998,0.382573771292931,0.5571404747312931,0.3521603972436036,0.41617417454791195,0.50265705676912,0.5494503906174513,0.6674879633469171,0.5808806149853961,0.6401710344224829,0.7034124577142545,0.6462038275892521,0.713980938844168,0.7050482721044025,0.6947070579677646,0.7610157648557052
275,1.1946837116530569,0.9201379456209251,1.133632383792594,1.0710786581961234,1.123470537168846,0.9214130045249109,0.9095984511291366,0.9571348666192873,0.8349028272832542,0.8715534325723903,0.6764309102471444,0.5953694780858946,0.663326387476634,0.6246222196618385,0.5616655288797731,0.40539334707472596,0.45577165341941156,0.3944527308209195,0.4345934307091267,0.4513231627764506,0.43563876585018807,0.569073907836977,0.40278784280186575,0.49737861563157815,0.47194685938965875,0.5492718786077002,0.6253465523908526,0.6422141239709876,0.6367948099597978,0.7072581339981783,0.6547847432358367,0.7541614628123788,0.7085407467568816,0.726659906331579,0.7246769796421555
276,1.12864354886171,1.0045720493315264,1.100371738148176,1.1981675470058062,1.2034096370683314,0.8071684224590709,0.9196767453621625,0.869711714505102,0.8542307820267611,0.8352405463589238,0.618772207511211,0.6109863491912535,0.5961511946494865,0.5971445815823828,0.589646194716286,0.4349099776775152,0.48377163536274015,0.3664676632948469,0.3681412926468089,0.5038857057669968,0.43804190966699547,0.48540526714015597,0.38751625264721345,0.4190075097333137,0.5245868739742148,0.5591611513551612,0.675179497645803,0.5974795820796701,0.5845128261511943,0.7125038790212577,0.6208613826363936,0.7786901165314041,0.6568757904488155,0.7519467821664487,0.825936838621234
277,1.1049247944712164,1.0577363278400935,1.0554057414512545,1.178425032375019,1.061740177289628,0.823379237715641,0.8347312715741614,1.0183324024920313,0.9217528341052663,0.8308514857321263,0.6374491205999651,0.6008786829305179,0.6708622845345936,0.6166134995655337,0.577426509227686,0.381526648397272,0.47000005309607296,0.363976203672418,0.40408676048302083,0.4499634023178684,0.42748004525070704,0.4701524936748223,0.3910549009361713,0.4572935266300935,0.4680509936867666,0.5123652107393063,0.6058510889655713,0.5488362478186519,0.6424443481243258,0.6666131901988963,0.6534896434227737,0.7257029526284307,0.6214830383670371,0.8214973620534017,0.7049862687171355
278,0.9922677581281817,0.9841110112662752,1.135868823099749,1.1423887956261327,1.036485889467614,0.7714289548421401,0.810897664611012,0.9051846265292705,0.901222137851277,0.8250464466885439,0.5955539768260083,0.5825303254900462,0.6334298545453494,0.5852047402641887,0.5877853882648628,0.3519482284848736,0.440691373804465,0.3714060040484083,0.3784676093628321,0.4629675584301779,0.3892163948307243,0.4593921839941373,0.3669935216112687,0.42145641610866386,0.5002755304455851,0.48570832061827834,0.5515407461309326,0.5918350889770037,0.5487969580032204,0.6914540450801606,0.6656727006857461,0.731165072672782,0.6953752018081075,0.7603172735130198,0.7575719266362424
279,1.033273006202875,0.9783188425214431,1.0281349964296749,1.1226195308581643,1.067826570970467,0.7713477188127116,0.8504451537662697,0.9648049597996313,0.9061590044160774,0.8023665149943907,0.5951919981650551,0.5375585728328864,0.6153731148369946,0.5748831990943369,0.5878425815033241,0.3582873807568603,0.42315194056614625,0.34869804721768893,0.36649552149854653,0.450516810238181,0.40968551501237344,0.45764120605006553,0.3421313270813991,0.3770489372894016,0.4458273824005231,0.5189431041057804,0.5834378475589681,0.5911692277174532,0.552469545172209,0.6931868086687638,0.6707372359633457,0.7480098642975045,0.5630548987809499,0.727634340085646,0.7588039455861784
280,1.0499884716346017,1.0045292030551305,1.0722532847112358,1.1140397672571871,1.0633909272633844,0.822712549881974,0.8401631990945575,0.9464443650696637,0.9022528678601676,0.821132302421478,0.613889787652431,0.6110349184057873,0.6014124300946135,0.515775704406007,0.5528706293771984,0.3400111485941053,0.4256402944139311,0.38995723164400065,0.35918074384235466,0.45454922618418375,0.41748462768022465,0.47118168697700774,0.35000961563323074,0.399030527009418,0.4845738261467003,0.5059580637099651,0.6352439878413387,0.5426054601763285,0.5183278008703474,0.6663982378006481,0.650379169557143,0.7449386708536148,0.5729806399136151,0.7748349825726527,0.7767616542634098
281,1.0356764406137149,0.8838686946738445,1.1692759864191635,1.1384771043993234,1.090732709985306,0.8662725187272218,0.7576200062233698,0.9213239743462918,0.857040781140338,0.8175403345805929,0.6711357723769253,0.637442545715994,0.6477103584826478,0.5393125524632056,0.5577802800708278,0.3614819303221737,0.3987639297359439,0.36203438918277797,0.3669425346803702,0.47003007386713125,0.41725923973259926,0.4823914016308115,0.34452676295319484,0.5098394378042398,0.49885818851802166,0.6236805268428431,0.5656233254113667,0.6226195909491508,0.5874880948002261,0.6486559110805533,0.7348617352223347,0.7614972115857752,0.6597452913173096,0.7925276298031195,0.7373485870627638
282,1.0790933165249537,1.0186143638674467,1.0755469991169213,0.9887436072892866,1.159013229180914,0.8354035618412209,0.7842179043519755,0.9469196545649443,0.8207490589970795,0.9102448084710296,0.6730130606280279,0.6362928672522404,0.6215291830333568,0.509752077775711,0.617248480633416,0.38298637263396057,0.42284876955177614,0.36827201829681855,0.3540627071123916,0.4965592728430569,0.4337735881043995,0.5097406117898255,0.31179470699703826,0.41158007413960784,0.5521484360386892,0.5906483720391309,0.6664158579254003,0.6111846454255265,0.5637492840251743,0.7413235802534199,0.7251124591630962,0.7941994527426092,0.6147469570694488,0.7399619434396185,0.8283479081323486
283,1.0488540953588301,1.064264230519476,1.1409351978965567,1.1490391656630998,1.1504953670739804,0.8710971077492349,0.8227183558549739,0.9294064651327977,0.8858200007018067,0.8105061549740831,0.5936439556202836,0.6036119262686112,0.6152945501645097,0.5757255448301579,0.5521238248103919,0.3924456456449284,0.445434946808191,0.383360775672565,0.365421625116793,0.44977214259704157,0.43335380354908115,0.5299378972388564,0.3542597404626736,0.3981256267828872,0.46475735599158535,0.5482530104004165,0.6561701543061057,0.5801770465152973,0.6046008112789385,0.6633974606131189,0.6628804146706145,0.8216542161090468,0.7183240573122887,0.7660230627100417,0.7472394584802237
284,1.078126951472661,1.0889796731296204,1.030011327954127,1.0805047894959245,1.0992903121027273,0.8094829818244804,0.9057021297807647,0.8467356230429011,0.8522340237281345,0.7545487942720766,0.6127851404886123,0.5900175877143035,0.6216135915963457,0.5615593129544659,0.5697379553019863,0.39748629621534787,0.4689670502616408,0.355500387602083,0.32928012664237194,0.4183937164296948,0.3934058333869755,0.5118594404819862,0.30393808978766834,0.40109936583416056,0.47621753374827963,0.5995785235027006,0.6694430745474664,0.5253970183710138,0.58469069816525,0.6458150023917371,0.7051661181763533,0.7914761752249314,0.5609156853799145,0.7025222302508991,0.7148149232113148
285,1.1338315473103628,1.0179361484919467,0.9816598747533578,1.1211992011946619,1.072666180752996,0.8053453106886724,0.8662317384253324,0.8498252147506108,0.767732012028959,0.7586870328925133,0.6449331442534798,0.5925799087729762,0.6291113549009815,0.5192414221987749,0.5224134870173663,0.40623769729748566,0.43994631964864594,0.3370256240845737,0.3557040649313615,0.4214587901635112,0.40194724062907106,0.517008362330617,0.3143847169961076,0.32753058722689876,0.4737042851209027,0.5605003660332343,0.6152499199918858,0.5866894019890128,0.6012203780148879,0.6075473075757543,0.7421519483052976,0.7656280008965874,0.6327233315631895,0.6568206579102447,0.6907781803716443
286,1.126878389486695,0.9735001014913598,1.0013143290950786,1.0772678379139948,1.1177973613900207,0.8497323927885112,0.837078374749345,0.8788980514358751,0.8635253541277547,0.829322202494249,0.6766684523369773,0.5291109287226909,0.5823175792351144,0.5836132550922921,0.5909828029625493,0.4042721477442221,0.42267718057152315,0.38802111725113075,0.3311097019717178,0.4570202703165094,0.4646494338396002,0.43140249050019985,0.2980368440286626,0.2921790726658816,0.4721174809019684,0.6496790425597927,0.6012934819911933,0.5201004596968937,0.6201016964820352,0.6765313040407998,0.7473326964372131,0.6900356723677531,0.5462718462054091,0.7141287002109492,0.6708281039398776
287,1.1570495206443536,0.974362572088626,1.1291096108333085,1.1486946402880203,1.1480747137108578,0.8229826375771924,0.8550372001234638,0.9212658661648115,0.8522056879276263,0.7500005359229565,0.6957610941731289,0.5749925885260383,0.6037126955984212,0.6087389703384016,0.5981207259150274,0.3631528042649329,0.4063289651360499,0.38848300519532597,0.36645154084095943,0.5060516435999591,0.44100491647437723,0.46261895838626554,0.33991213909503565,0.36080027443770946,0.521792695230968,0.5583129227904502,0.602695316345455,0.5717074908841071,0.6024272143086045,0.6869502844167641,0.7537400808000398,0.6971626135674702,0.6518469560270801,0.7494966121211866,0.7152819884214613
288,1.1109409130856962,1.0830670561237015,1.1209627673107412,1.0816593140853532,1.1496019306683458,0.8283254345214194,0.8969753719106303,0.8960275270690479,0.8342224783931738,0.8053880721968476,0.676612877353391,0.5987179620331515,0.6507529455981512,0.6131041293543436,0.6491540774074303,0.4083116489875257,0.48351907769096025,0.38602306400952713,0.3138294885658316,0.4831758333916877,0.4441292508885053,0.4526981843596352,0.32180258454657473,0.4155321073437819,0.48738092495751056,0.6246844692706155,0.6189056061292135,0.6073617283482394,0.6205791002128414,0.6618775480912334,0.6988415420612148,0.751263450651585,0.6034914640662128,0.7418796393904918,0.7004015372237227
289,1.1835685881000257,1.0429861610630105,1.1217591207216122,1.1184270466814485,1.136300676593067,0.802696165406654,0.8086255155434865,0.9588431847326331,0.8397558715300371,0.8535115241054735,0.6851137267119267,0.565423385100851,0.6491192186157759,0.580958266828646,0.6126545431685477,0.3568215612606854,0.4385007724423885,0.39324825123720486,0.3592493156551805,0.4987908507781387,0.38088671443536354,0.4625303699819693,0.34891228089532583,0.4460950331500463,0.5225731739711871,0.6577862054655056,0.6298873028801069,0.5973764380300814,0.5917037456947032,0.7012778631568886,0.67272147570368,0.740263541286467,0.6986830389879728,0.740238135418527,0.6961483959301815
290,1.064864200200529,1.0010317072133599,1.142188226551928,1.1520549022594824,1.2498417197755418,0.7571168704518458,0.8394527770123463,0.8836414554673424,0.833275300839422,0.852441132349204,0.6024912725370053,0.5781968413043835,0.61561893005996,0.6404372178948807,0.6581843372369115,0.3371705383570806,0.4166177143864838,0.3910446337667276,0.3560282504970471,0.46882603559277636,0.4059004237037203,0.4594205112821126,0.37556135135438584,0.4271986419731676,0.49654251219426204,0.6154173531290359,0.585285172517682,0.6688471080369398,0.6132214962004159,0.6975639406572676,0.6721308246741927,0.7444901141955529,0.7140030440553984,0.7479613826236662,0.7242293061172437
291,1.110261648033173,1.0530853126934203,1.0667134315226359,1.0213347111348086,1.1902496315366486,0.8438685516590632,0.8735491493735916,0.8646318477541889,0.8495418676978885,0.8481157486200359,0.6270185077929992,0.6301432291963394,0.6258338814096956,0.5780601373507923,0.6415239796303855,0.3750093184130656,0.4183636063441072,0.3818999301328704,0.31713096676449176,0.4798269428241565,0.37186944540220157,0.49318522524312186,0.32270662711856324,0.4327783697826596,0.50300249477141,0.6065027908685146,0.6135189548228026,0.6513498233267736,0.5596124661598743,0.6454298856034956,0.6822705571325298,0.7543457892732379,0.6497068908190315,0.7193093200476914,0.7134486013166843
292,1.0690425565505106,1.1304915637835062,1.1513067283319092,1.158784831393067,1.0371807640452744,0.8082025290919652,0.9418411311487651,0.9557218326257662,0.7691291613352946,0.763320672523204,0.664198917752151,0.6057761975931639,0.671582783395423,0.603019523249539,0.5845709699930268,0.3573654908551086,0.47458737026125386,0.4185085209637506,0.3337985374335605,0.4810202581685214,0.42967807013638787,0.5502695829839255,0.3969916610010084,0.44877383019485806,0.48002297586734605,0.6068781568947959,0.6332089403600137,0.6161361792497997,0.5631888391030854,0.6649085832566128,0.6434330479093878,0.7873119421310784,0.7677291062364415,0.7246651639178816,0.6477460927189828
293,1.077039892589292,0.9951867914434263,1.0615307837320564,1.1044259624704174,1.1190045317549988,0.7697490995473627,0.8484764734392969,0.8743655768281108,0.8200942395521372,0.8527636334445566,0.6443803512510483,0.5706318221073993,0.6032605189341766,0.5777937767692161,0.6287596567745034,0.34619047595419183,0.4590381011068451,0.33937206849642865,0.36228083937586186,0.4434163244350383,0.39391351338200165,0.5046354432903145,0.35390361248647667,0.4421755450905833,0.45635377168477975,0.6384232711766865,0.6249547150588657,0.5254598180626924,0.607327049629622,0.6718434815369074,0.601186615711975,0.7456092826277828,0.647573434103021,0.790838935072115,0.7069704814956679
294,1.1171034902768036,1.020697571104197,1.178490762933738,1.16968396362045,1.1672305263713367,0.8039840607462897,0.9465783049759107,0.8873398931971129,0.8217497855411298,0.7808128448132329,0.6267245105252514,0.633190766769667,0.6714605390123927,0.6299556041528891,0.6232530138252642,0.40651893329947786,0.47900815020808585,0.3708256342883437,0.4052691924619484,0.4532274525563844,0.459100135854407,0.4836401010315319,0.39865449105129297,0.43150741109593505,0.4345911506396135,0.6209829974156207,0.6608616044416602,0.6148398350379723,0.579977282342805,0.6686336885132378,0.6684909593730799,0.7571739495257777,0.6991646889099415,0.724101474133183,0.7180684760806755
295,1.118584394629686,1.0544812392780583,1.1397453541230984,1.165962304633457,1.1507363904942796,0.8945072577074576,0.9311748123544958,0.902431499435222,0.8141028640287451,0.8033027492406029,0.6895558927866077,0.6189997213005918,0.6490875235662361,0.5998989507003573,0.6057665663915766,0.3906027112584883,0.46774986514468586,0.3894325127979741,0.3759512504069616,0.4653956459656562,0.4427780508363203,0.5209618199679251,0.41290650366565357,0.39889523397262777,0.48163608068572766,0.5837286433473232,0.6155283432266838,0.577373962005592,0.5661234769884693,0.6231926812624716,0.6133245679757722,0.7369863758285348,0.7200696835945375,0.7721128713578459,0.6195620231706612
296,1.0958216731035115,0.9644674678778619,1.1212873057553383,1.2044972886994505,1.1606797850242265,0.8342337538078441,0.9041073812202194,0.8394469617093174,0.9037162241900656,0.7830897250231325,0.6457282250813142,0.5786226537292882,0.595205985578765,0.625286765104481,0.650704510934101,0.3733142755261958,0.42249592165129285,0.35105751080583525,0.4028218000871952,0.44116419218605274,0.4216670527474514,0.49999108799993636,0.37317080596197555,0.4207527841904522,0.49833670723274187,0.5972724565501374,0.5844598428676872,0.5710372981205988,0.6350582310633057,0.6536540453385102,0.6380605695920297,0.685306835036601,0.7231346194223129,0.7965385987624075,0.6319577271912016
297,1.0950882385790368,0.9159041719542331,1.1171199310543412,1.2325605304884872,1.0648111689376059,0.8966130900781726,0.8077619898859467,0.8958329670298912,0.8565714833228444,0.8226591774210203,0.6610307214686117,0.5674882810735842,0.6570022094474735,0.622964295724765,0.635404451911167,0.379426384685584,0.404405235538036,0.38331947959578483,0.380044185641228,0.513486102947788,0.42230744017093225,0.4594156546377033,0.4155926696578301,0.4301988103469371,0.4857196546577145,0.6745513300416877,0.6066699672980584,0.5997958797744682,0.5602716512909462,0.6523889230180077,0.7161773082546945,0.6476038684453137,0.7007690812447122,0.7581332897594552,0.6019676664322968
298,1.0422616956581967,1.0655925060271714,1.0721361505241016,1.0801489983944763,1.1440802286978844,0.7888174054976475,0.8560367526460273,0.838007679542154,0.8348789540499351,0.8342581772449011,0.6402390017523708,0.6448417237886287,0.6317921029970719,0.6241879599580468,0.644275240436813,0.39532262790098993,0.46114255239079327,0.3551674700813474,0.3432690972872029,0.47333253371868783,0.4095609739947258,0.4580603989990449,0.37051401077061635,0.40338216707704977,0.47673967158836605,0.6181569299887097,0.6497845970533809,0.582656056868803,0.5749445511315331,0.6741370970546015,0.6424606398636714,0.7327045912076882,0.651492057246317,0.7338979517206038,0.7141648450023877
299,1.1456934397017822,1.0937849986653525,1.1763999645258416,1.1592584191256021,1.0590997829012019,0.8648846368921814,0.8905052107719634,0.8040504248572073,0.8375926977271829,0.6953819261013903,0.6776378496708022,0.5785194820821944,0.6051275090547974,0.5878064969954997,0.5972096571938492,0.37270705481253663,0.4611579136288614,0.3917255271203545,0.3939894653294621,0.4464754949493044,0.4142171691338582,0.4678008393093966,0.41453880449667263,0.357759457216965,0.3995207594934552,0.6612298111418375,0.6262763979857029,0.665768242983511,0.524671969605636,0.6501168508559465,0.7805415160042657,0.7523420017868864,0.6774589131071718,0.7422856236950781,0.6628923989811226
300,1.1023710746021251,1.0567542190958554,1.1014245073434885,1.1293893714369438,1.1790782867106393,0.8744114799573343,0.9147736316571891,0.9389491943112065,0.8352800611625053,0.792159558498134,0.6566418774658846,0.5700365267822949,0.6333126784720895,0.5896740613758753,0.6517415844830561,0.36300425986666707,0.4021417506760605,0.38715851509477905,0.38565848865246277,0.5028713211110442,0.3997731672244466,0.4444866291958578,0.388473355976669,0.3763173627643678,0.45272104162863563,0.7115682290791999,0.6427048024453681,0.6286863025938887,0.611461369772575,0.6784371295963527,0.7099399506250861,0.7395678544221221,0.6836992634986647,0.7847596020525645,0.7001039212147901
301,1.1443821374255343,0.9271594766383999,1.0227065555859032,1.078019676824733,1.2220424129135976,0.8938347405397467,0.9084536691071442,0.7978286895077065,0.8746935566543207,0.7474458430967166,0.6446257478668751,0.5641830817820561,0.5896044249293241,0.6341681528866037,0.6711735892096303,0.4641708255357808,0.423762899410019,0.3381673453374726,0.3787422726218197,0.4878645368430536,0.4058109107711511,0.4276689160378413,0.3282436033098618,0.3666798951616955,0.46808591638717184,0.7106837999589048,0.5835840213895656,0.5726505134331106,0.6214602152651114,0.6728543400603746,0.7135340735861833,0.7366365193729749,0.6554285667234543,0.7528914484748159,0.7273134562081495
302,1.1346496698250328,0.9560959613396615,1.1691254255686916,0.9609471092348693,1.179996055319791,0.8040981661604261,0.8603821442456545,0.8026920291157401,0.7296772939574077,0.737742972672993,0.655204685443235,0.5649573577740706,0.7007957821531718,0.5685928059641693,0.6629646804633493,0.36033175013354646,0.42481622364168947,0.43476977272934897,0.3327963043366171,0.47967660115547106,0.3991988737659035,0.4182141990214917,0.4230296355742926,0.3473261555455839,0.4670093741747608,0.6650298542821909,0.6020373072888999,0.659590976297358,0.5025966328908806,0.66117741394242,0.6933181365065753,0.7049401498124179,0.7541277271549659,0.6157752234518421,0.6739608485541014
303,1.1459950245110684,0.9757303160366287,1.16217692408707,1.101522965786312,1.1883102304192028,0.8629150973648051,0.8699737565384582,0.8758690768921138,0.8487274869384845,0.8007885356909215,0.657774086526361,0.6207921948787121,0.6918337255752451,0.5475803955832629,0.6506240486006979,0.39448134636213694,0.41572974965951176,0.4265521196773696,0.4016145002334719,0.5006519341903699,0.3713251811697342,0.4576656534419987,0.3888952325609346,0.38537426860384605,0.47595726926289594,0.7176374525492115,0.6126022911980811,0.6260844633081406,0.5493767095780681,0.6468849370507197,0.7110995950938297,0.7407441542818924,0.714828766642663,0.7278818334196535,0.6087540957746218
304,1.007910969685418,1.0121234335519138,1.0813670774000144,1.1030360465207103,1.15517421409414,0.7637888975464815,0.9228734206832093,0.8843783842946602,0.7620926774631256,0.7948553892267165,0.5931246892416888,0.6079778466293574,0.6744331986772004,0.5408646772025741,0.6453720200649697,0.34203513966453786,0.43117228426764703,0.4038555000946009,0.35084469733344836,0.4708082178972254,0.3890818910128462,0.5193936839535956,0.461506798914584,0.3841138667642632,0.4367649032885338,0.592271704405544,0.586895438685288,0.6334784809365439,0.6121209935531579,0.6085767968273763,0.6395551616586033,0.7346051725906704,0.6738928988948721,0.7379804639132345,0.6557133609485303
305,1.1356694710686244,1.0312311795659481,1.068320002309751,1.0502368201917198,1.2001686689693087,0.8509967872625864,0.831394828050718,0.9023673724526389,0.7603160771873125,0.7748960975771867,0.6009521638840594,0.5696703915998321,0.6804176288073185,0.5594562550874946,0.7028983269151525,0.4082032881830252,0.4178070181891745,0.41030304861497946,0.3598220081137083,0.5139433722739973,0.34125766315619194,0.47763396123218316,0.4088387479561527,0.35899491411663276,0.4540189777035675,0.665607538172897,0.5933574516719828,0.6435978501936668,0.5881865475866184,0.6318955727563331,0.6186135740455332,0.7230163452947035,0.7416294376345234,0.7726683230534315,0.6203774037066014
306,1.1513228447927664,1.0016673963926668,1.1009659115979666,0.9999895629887912,1.1308868889419934,0.841264859317352,0.9389648781203487,0.7933747656171017,0.8194785730902817,0.7710041610811238,0.598173113130746,0.553668359228096,0.6360919785293958,0.6063941233274717,0.7064274667361574,0.39919758453913584,0.3881536005583038,0.4108797264124885,0.37298472409490724,0.501669338023728,0.3927540244958857,0.4626177342397972,0.419209482944231,0.3953124895608348,0.3976625405888331,0.6941852912590826,0.5765211352541146,0.5967510130610334,0.5826768457111664,0.7188126902906185,0.7565863676817777,0.7173009989103016,0.7027948499816945,0.783481693407139,0.6756650392987049
307,1.2153290358103201,0.8920861978987932,1.1607583680391071,1.0065927442820368,1.1875943883188924,0.8919911824217825,0.8411996183477737,0.9053948113339859,0.7772522027152077,0.7770858963646725,0.6584640102282484,0.5615972783184269,0.7339772506781506,0.5580073577842243,0.6979287383898729,0.436179420289321,0.37685626768885094,0.42861682065399037,0.33676070456168367,0.5019547960951519,0.41742973763518365,0.4418874322020244,0.4639226945296845,0.37009976409663126,0.4725470026189109,0.6359403999860136,0.5972033729013689,0.698765031412385,0.5979572912176989,0.6695926483136638,0.7801838222666387,0.7667465609628548,0.7254545124098715,0.6991134079891579,0.6424568605852772
308,1.1251570187427988,1.0025695434998587,1.0975271247626663,1.096678420204149,1.117893208320413,0.8419255892344124,0.9119052808031551,0.7880373215588219,0.7622186384079905,0.7157476981546346,0.5900099483537953,0.5678412878377339,0.6099106209395514,0.5886980202380787,0.6109126581210068,0.4474761434515937,0.39353574454541534,0.40245324427381257,0.3743469536397125,0.46314823193994903,0.4074239130767424,0.44544796638323403,0.42368331923438596,0.3734660054711094,0.42686697490221925,0.6013721356376682,0.6703592132684519,0.6211332055397187,0.5787479219440215,0.6072910671958255,0.758757639588671,0.7802829861746401,0.6923262524112004,0.7390713490838978,0.6574033537253905
309,1.1233301665094229,1.0064002881158465,1.274053979666908,1.1143758863116853,1.2136643198550208,0.7923399267291595,0.9036770731700192,0.9375917447086567,0.8216693996772787,0.7828122928117202,0.6053815152271329,0.5994248731201908,0.7292203717631364,0.6056933452550788,0.6901508392036022,0.41831918647881483,0.4132631986006827,0.4382586749582371,0.3483347173733474,0.47561841067426536,0.39981005426558713,0.4622253288435838,0.49549941059840474,0.43531294014091826,0.5028011243586723,0.584008022805407,0.59369769194753,0.6910004912197333,0.5692278868598177,0.640102258905975,0.7280883356503818,0.8012133655721514,0.8494476158414734,0.749486352867241,0.7393774565450859
310,1.1122765345429397,1.0652497003376602,1.1517277004686086,0.8856029457364244,1.1122416348890138,0.8343216107006615,0.8941842084091618,0.870259219248984,0.7624641011901987,0.7222266579670835,0.6327907408144049,0.5847839776174601,0.6805844602867537,0.5607561354975907,0.6042840183589492,0.39048284286021656,0.39506666781197364,0.4052985332426783,0.3408456575515766,0.44549375307998784,0.3588553664627409,0.47248073173333727,0.42909131931618566,0.431705162554355,0.3905149113770021,0.6098555866363528,0.6060636244090085,0.618373984816984,0.5658618059754773,0.631717848707611,0.676110349163472,0.757693183416102,0.6879381424241263,0.6512176962872357,0.6010992175381211
311,1.0616367939451137,0.9638551762262787,1.0888085922383608,0.992956051196318,1.1806458181933954,0.8952783853537514,0.890959954031693,0.9076753497941378,0.7401994132743825,0.8443343470944262,0.6387550449041257,0.6118587041921104,0.6581941797351005,0.5119137403254481,0.645550382043731,0.3686047665330372,0.3958154684284184,0.4208771984936327,0.34042547970945536,0.480083351883303,0.37830371044260824,0.46172879292493063,0.4140180826876485,0.34530231911893267,0.4782940864480477,0.654108814213449,0.646838420183833,0.6266975864638498,0.5439176856683834,0.606976193141301,0.7549577957229255,0.8144740133017248,0.7451377070933751,0.675320203115261,0.6232496633599133
312,1.1200885944507997,1.1245057144203727,1.172500176712722,1.033357352369453,1.148428183372317,0.9256986843320716,0.8363758000994148,0.8291317638069441,0.6905899644480227,0.7740179090180417,0.6495762558365985,0.6184414200020328,0.6274150102792679,0.5266260549259322,0.6229830677979806,0.3784723858064965,0.3987944172431377,0.3637899294627279,0.2918429241443417,0.5216844933150786,0.38509092889975616,0.5109913874207206,0.41218933525568646,0.3457923488794261,0.4170129388016993,0.5989030837911672,0.6420299215599122,0.6313987794232494,0.528276079027379,0.658325892071058,0.7148277867766899,0.774452882046738,0.7063397353091908,0.7612235474752206,0.5874203374211675
313,1.1818588763171287,1.0424316721291247,1.1300810965479753,1.1053023884985795,1.0600304278859805,0.8497355461858596,0.8877510190340487,0.9325996137926797,0.7312963436665041,0.7620676236586821,0.6487315626071094,0.6161766416486731,0.645824226826492,0.5293979259226621,0.6804286864769113,0.4191098387364638,0.38096324392217934,0.41253182072511285,0.3580101445728403,0.4554552913978794,0.3902038651101837,0.4426257337581335,0.4072184909576603,0.3475301730499468,0.44860273375708276,0.650995627114865,0.6022502485975098,0.6766178739819404,0.5939243600441954,0.6302556088103095,0.6756916312085944,0.736402647286966,0.678663107360307,0.7181124112270729,0.6251368070053306
314,1.0948266307424965,1.0114936607196272,1.0440441648167322,1.1370808766299563,1.2079522872599555,0.8478883428613853,0.8870065068006543,0.7936473914589992,0.7338369485972309,0.730006527562727,0.6461529649081468,0.622651136469375,0.5985719333226135,0.4995929868591187,0.6504531250144636,0.4039265533287413,0.39666852325541946,0.38463016738521105,0.39449602289799346,0.4583053677398348,0.4314315915088743,0.5006465939118672,0.41387386815758637,0.39172910562368635,0.47404941899659214,0.6576348338276374,0.6295390456315924,0.6544736469649133,0.6299077773949873,0.6513406319752352,0.7854493503958622,0.7963825381608736,0.6699004681668428,0.7257781722013176,0.5181110044198444
315,1.1476276009051138,1.1098838861387585,1.184878107578251,1.1331839573261884,1.2281679373879997,0.8086242955847477,0.9259250929836766,0.8317279156482864,0.785331536645653,0.8337065236243442,0.6436140465651929,0.6718373021647773,0.731172031662725,0.5111283638917709,0.740565518709881,0.4174775103450721,0.4072123092932173,0.3738286852131177,0.37653688640614813,0.525060010487609,0.410154135090834,0.4938510661690881,0.4590360794800047,0.44188011277563366,0.4330768793926502,0.718164609052092,0.6587567255920671,0.6642171055726209,0.6625973825813667,0.7102687801496395,0.7748459809638996,0.7585849681379894,0.7069497382249608,0.7227140151226821,0.7321238949433008
316,0.9822654877753075,0.9642563282449526,1.101053994924955,1.1613844761448977,1.1864168987509198,0.7739961719551958,0.8399563566061399,0.7746490878175913,0.7685080492885025,0.793925991502749,0.5594308927105378,0.5541854088132112,0.6441853648914271,0.5469068315324159,0.704279780296056,0.3775717657885156,0.3803041232362797,0.384758983427402,0.419632085110765,0.4731688634750144,0.3843032580347765,0.5109775900464473,0.4653093252400586,0.389982110840973,0.4499282401437409,0.6207649514260107,0.5865056604840273,0.6384769914050857,0.5818400581245673,0.6616629748176799,0.7023713442762551,0.7378376148784762,0.7256504818566297,0.7087749010676475,0.6236014817567841
317,1.0886060428464108,0.95909588831806,1.0606984202038539,1.062389808734933,1.0970025353430652,0.8102522613762098,0.7910878796289875,0.8278336954676186,0.7633105735277406,0.7681653503511252,0.6063808072668055,0.5615890286407308,0.6773076595121941,0.5634885591474341,0.6730510982857009,0.3945284514026267,0.3535488996376968,0.40023234009387215,0.3426102442076733,0.4819939498615988,0.3418070369789856,0.4396750684516544,0.47647895815212016,0.4210719107924139,0.43034340089095885,0.6012082285633513,0.5936543928029427,0.6561174847932065,0.6011962956737986,0.6902436665163189,0.7512865799137523,0.7038115573558501,0.6978061446476072,0.673329295886107,0.6930904237986946
318,1.1643758814780547,1.0688355942870722,1.018361853203253,1.1079314680898706,1.2376056248205258,0.8319517230577628,0.8749351553631846,0.8753206560299683,0.7316956224250131,0.8364222967068815,0.650510510462802,0.6050617665550548,0.6851853243846158,0.5203798054383961,0.7057247750304017,0.43070124224814843,0.38997301776950155,0.3759765895432017,0.3587290521678921,0.5031551804064016,0.413968708835937,0.4688488922063969,0.49066170135926873,0.41249247086894325,0.4596339052569426,0.6932819752416919,0.6350415828983773,0.621390512160648,0.5908047259319407,0.7219663744676916,0.8359772241770413,0.7647486881096788,0.7117156315979095,0.6199998596780838,0.8048963149103368
319,1.1880439208864613,1.1242941794209518,1.0363489760822429,1.1161010824190096,1.1217995362076432,0.9055361067084601,0.8694610892785363,0.7977415466780592,0.7405373798244967,0.7666270831948501,0.6516682909153156,0.610317552214034,0.6643119917314402,0.5280976486627442,0.6689887456357934,0.3803436815320943,0.42148235348281143,0.3948121270156194,0.3605817921240495,0.4948625320794214,0.41893489095967235,0.42918074797796857,0.45450095746994634,0.41783165549906987,0.4436254736409564,0.6821032981381571,0.6360037167809688,0.6494875873150663,0.6082584168355983,0.657335426363153,0.7634488921402542,0.7771491307442175,0.6962557011188479,0.6702279755707573,0.7282084425559463
320,1.1379897827702194,1.1290238533039767,1.0940478244798402,1.1269455499243932,1.1935469740165405,0.8204206850075717,0.8552332364723603,0.8823577639812338,0.8154340564030709,0.8100643702436916,0.5528144858155307,0.578451858305576,0.6532412837699058,0.5836399498222864,0.6959894464955105,0.35553196708179935,0.37884776983005564,0.3865010931844546,0.3718485905528425,0.4602785386995304,0.41431726854465795,0.4166522237089414,0.44498982503781703,0.4492471205775073,0.47859359074579066,0.6011548720539664,0.5651162811957289,0.6058802376087715,0.5975727826027777,0.6536951847251571,0.6984189312842946,0.73833602841553,0.7643975904107239,0.696774369450237,0.7081614402424958
321,1.0567812108381647,1.093895945351402,1.0810021477206933,1.0948857397660148,1.1083133082125274,0.8334115157909918,0.8521125305478285,0.8057168684928373,0.7621558053787717,0.7768842020012723,0.6190106957512863,0.618904525512404,0.6416100513286975,0.5183567426040707,0.6582695110135949,0.3177990326794107,0.4084243365675587,0.38336945784673926,0.3457603945728065,0.45166792257263944,0.37235051903238137,0.4932516441502663,0.4502399610874138,0.4332818708277666,0.4421448859664699,0.6930276684483925,0.6228755190371971,0.6485905722985722,0.6253598467255047,0.6788157340188636,0.7562503624640873,0.7683137447015688,0.7054046504833833,0.6715918449429497,0.6848572971339362
322,1.117258614187096,1.0334459048165183,1.0976501715340827,1.1019509717302154,1.2291787967598118,0.8316902793669466,0.7977673543905579,0.9375505571193534,0.7546637457465565,0.8469879918924913,0.5747226275234467,0.5502507733585924,0.681036133750577,0.5788421418395905,0.7470830539846002,0.3284125423964388,0.42742335510396046,0.4127466151234819,0.34741507072586564,0.4617805314494708,0.4438509502336881,0.48699929518500706,0.47993064677082903,0.48025291110095647,0.5233838791703328,0.677037093312107,0.6282132701433201,0.658853298835268,0.6265707294974435,0.7025750846286956,0.7104709789215273,0.7761773869270976,0.7757500336965986,0.6883017522626806,0.7132197156542783
323,1.1393447068131923,1.0631594762415182,1.0775442507071693,1.184171970266071,1.1357441483576727,0.9247991683149732,0.7961508925395685,0.810408129828323,0.7914327191044623,0.8492714799542134,0.6601732865909019,0.5848378289149418,0.6609360829205947,0.5279110993396302,0.6726914430249791,0.36238717450297586,0.4291954692919267,0.3866851016048379,0.3469305826625881,0.4802076932561616,0.42080635989498205,0.42386737635109517,0.4278636813814791,0.4630920424865611,0.46206806053583116,0.650439248296466,0.6443213740107643,0.6697351861355778,0.6407747207387778,0.6303698982972422,0.7326543614001042,0.8012211682739323,0.6748566429868472,0.6858945014732519,0.7380404737154571
324,1.1374615437946674,0.9712511807070393,1.060026585494692,1.0426744879308292,1.1869502374601404,0.8531291232213114,0.8372685352887439,0.6991949550575403,0.7951716325178924,0.8373136315709947,0.5550292236895125,0.5805966748906044,0.6212648724643017,0.5599043722486341,0.6827320880500289,0.3543188502206388,0.37537551857824286,0.3679020535640143,0.384312980112399,0.46170979735942086,0.38799850548207915,0.42785240771615135,0.4246187008447514,0.46150175968771606,0.4575328156392586,0.6189713118587723,0.6111600048134997,0.5917162351262624,0.5557745659293913,0.688684781556618,0.7599060028359181,0.7711175182652331,0.6997328895664552,0.6395253335506307,0.719570012909085
325,1.1795867902116588,1.0936604664286886,1.06642632310036,1.0847825428874134,1.1513681339902142,0.8897445768983081,0.781933042322425,0.8541424641879396,0.7045787595396,0.8931998235546534,0.6607388922923558,0.6413883291630249,0.643400851237804,0.5395630034174195,0.6961312086561108,0.3546658931938078,0.39646274368382234,0.4136021635553758,0.36428112167563487,0.5167290235749937,0.4766636528501974,0.4172897851997355,0.47261426443545346,0.4866209367412948,0.4458580025241605,0.7088531347006302,0.6172436727158697,0.6225644203284222,0.6085075098664127,0.6755932972488445,0.8490667581646152,0.8062467423116257,0.7502639700236013,0.6720315314378222,0.6830963359100777
326,1.2258647482349216,1.0350891409005905,1.1026170677601652,1.1504714542876187,1.0681715233212272,0.901728875438882,0.8333649629952924,0.7490156082523156,0.8183050209657403,0.8236608952365103,0.6562932071690533,0.592087465086041,0.6561475107506083,0.5362198317297446,0.6474720537871645,0.3650334956144049,0.4065536419490723,0.4194919789248197,0.40339458968740705,0.47363720418474714,0.44424300552898766,0.36421055721877355,0.5009623129074184,0.5176884759197831,0.44042060124369337,0.679781016902446,0.581779602109544,0.6375118607913012,0.58165424023476,0.6801752524956015,0.8090661356572322,0.7446256580681789,0.7668476413693848,0.6224805948794052,0.7284943750101298
327,1.0423241198586153,1.187964653602685,1.1745701636914674,1.1582649394394948,1.2501443700756887,0.8486569012470127,0.8085743103300892,0.790769431958432,0.8549229855891828,0.8502928775775876,0.5924892409215811,0.6376225943537283,0.6722322690961133,0.547280764999102,0.7291204437653322,0.32199014666816816,0.3849697632727485,0.37040636779010006,0.3632284398449133,0.48075359816462904,0.40151890937103274,0.44844019519920186,0.5268587810718782,0.4807023905358219,0.46769777577097427,0.6092643163961069,0.5769436509713283,0.6509138688599792,0.598212617148118,0.7029443884221018,0.7492501709554494,0.7593824043353941,0.7239300556488635,0.6757947928029798,0.7380110101251791
328,1.1402948972612403,1.1486206391671931,1.155289922208485,1.0531980966941736,1.1816586928771275,0.8936585484358699,0.7696667109536377,0.7780802931160823,0.802968141553448,0.8180571789384832,0.637097693321265,0.6322360735898493,0.6605416745165772,0.5536078499677793,0.6056230591472596,0.34826737572465755,0.45289900403133276,0.3725958265551068,0.2995462843523455,0.44908583531530333,0.44778824828748387,0.4071533111209267,0.5386371358666059,0.45190432299422806,0.43828294609230534,0.6843752589718464,0.6646496241345573,0.6826152179352114,0.5689904789410439,0.6883606064560043,0.7440572041422573,0.823659419080498,0.748021593555489,0.5666889287949939,0.6983317676398462
329,1.1274857591708676,1.0312418697767274,1.1143391574426342,1.1197335531322397,1.2585410383808464,0.8939896083829667,0.7536955948383628,0.8792277162401096,0.8559108517502055,0.8007010707286597,0.5550370976232737,0.6026513067336131,0.6755385598684556,0.611588830877994,0.7177265120984657,0.3595629554913972,0.3624483925529469,0.3945875061547861,0.29934837910560447,0.509106399656349,0.4297349293389685,0.38426624187144226,0.5134933455371109,0.5128300813041646,0.45211645173457865,0.6047945903130134,0.519379257976206,0.6721606091930616,0.6246289404965403,0.6771351605731986,0.736888463149263,0.7711128587442049,0.7514387837860873,0.6311396688591385,0.7370919946924869
330,1.089104729278623,1.092547903725035,1.0215407257224747,1.1311305222062185,1.0778902931981602,0.7967349673148487,0.75456278789251,0.8004234691909756,0.883316168835215,0.7700473211335195,0.5465836468035823,0.6089593867036668,0.6334765464780612,0.5904422257771751,0.6664608743031554,0.3643991031125245,0.4127935155229615,0.3730929732578321,0.3170566133460152,0.49952236830836133,0.3534608342578197,0.4282507334582062,0.45024864618866467,0.4775122814127014,0.47535202226938456,0.6493774255958291,0.5885108599558682,0.5945365057187639,0.6113323614074191,0.690862533249295,0.7695640634058072,0.8011150376891847,0.7068727159720987,0.643218462380145,0.7098681712204379
331,1.0850520366732532,1.1596224963728994,1.0299053534276097,0.9844653812433954,1.2330923782198078,0.834324187287911,0.8286749479049438,0.8093609557253076,0.8107245490696691,0.7398823314105039,0.5475126983507286,0.6453521698169107,0.6087541167187323,0.5536140515046506,0.6977173393508153,0.3682746313980372,0.387761770033177,0.38027664121019844,0.2961696793000656,0.49659717495528233,0.4369089960190173,0.46861365918943965,0.4344750127254199,0.4304254749364407,0.4717824632263815,0.6227108531337686,0.6196920721071528,0.5905272121764006,0.5575640401002064,0.7413516069501547,0.7212708469194324,0.7456373858588908,0.6939938257346434,0.6412273040092986,0.753087471267516
332,1.0875583749819073,0.9488259931318643,1.0102939885390327,1.0452271975945344,1.1290964157520482,0.7739656183128352,0.7387580957921476,0.8646257877138619,0.858883168581225,0.7269842994639031,0.5609102893719655,0.566058435782353,0.6648488309303631,0.5703617604654975,0.64731685543224,0.38349073710399084,0.3609473822294392,0.3655381636242102,0.3379736919710602,0.4118886654879681,0.4621464660152509,0.40436856216057426,0.49362641317472566,0.3521339245525789,0.42391020917514144,0.6624637197080914,0.5736739038239262,0.639212003443278,0.6140682206316195,0.6318210352631579,0.7619577762619287,0.6500708689575541,0.7369752323330805,0.7269579111719757,0.6797693856410745
333,1.1053611858816053,1.1717377671298026,1.0688173833818362,1.1366682667948727,1.0646630306194713,0.7915003384553141,0.8318129247068772,0.7890877460403697,0.9363620304447771,0.7549651710251079,0.5711450157558624,0.6237639648626279,0.6243551609517002,0.5418504081599779,0.5957381172160808,0.3449180941581026,0.3449390708195424,0.3411191225973559,0.3395226776041378,0.4180205778554522,0.4352233583582505,0.48848997730842264,0.47431004271499394,0.361571736639186,0.403492384962311,0.6097026522980072,0.6268535150030682,0.6481163429767665,0.6534364215400394,0.6538632057242826,0.6813467673044098,0.8144116300425133,0.6941149956903053,0.6388632173078785,0.7288591730565241
334,1.1971515479803152,1.0055253069698336,1.1645536967315926,1.1757317011921948,0.993915602397661,0.8602306611272162,0.7363137866927904,0.8630865875123919,0.8623645908502457,0.7535100031897958,0.6740775971323338,0.5836078179346312,0.6517411298973834,0.5403136174696856,0.6163421853627703,0.38245718285534885,0.33141452558562456,0.4100357075340254,0.3149195560214344,0.3916990719074542,0.4847649867077492,0.41829255416654665,0.4767009839864288,0.40288620910289147,0.37079438003347426,0.6786353332120074,0.5627240886531947,0.6204562645985194,0.6350876114383438,0.587285666401857,0.809844918491084,0.7343936445165784,0.7357441005953078,0.5774029818221098,0.6633318300889202
335,1.1935403541410792,1.015998480222039,0.9265514831501966,1.2464768152215073,1.0953579365073942,0.8333285599243203,0.6460957181659055,0.8053757811535301,0.8928359448359218,0.7635034018762099,0.6470648628849438,0.5421187142340529,0.6377068130898815,0.5641476900658711,0.6862153963629665,0.308073485413432,0.35630564054538283,0.3562339451961522,0.3006487407131918,0.43832382660300656,0.45874063311393376,0.4762897080691403,0.4467456074477395,0.47799709237026616,0.4225736594358683,0.6433214932491425,0.5853202343866838,0.6376557485473522,0.6398698570816586,0.6711648608798818,0.8142685725958245,0.721903084723035,0.6956229319145376,0.7688746501629781,0.7576577124065775
336,1.1124575828600893,1.1317178972747088,1.0988700439572625,1.0817068231863356,1.0409556568275045,0.8886541082444637,0.8361716586261912,0.8050146456861642,0.8534176527176474,0.8222214650265698,0.6032225444846735,0.6684686988567938,0.6036165149204433,0.5127344316513631,0.6467548624477236,0.3175326011298597,0.40339168580053436,0.36293756134698624,0.34105112627736967,0.4742495831679985,0.4692275289950112,0.5188210536788398,0.491425934133948,0.40825575684392496,0.4027924725357388,0.6736263381924933,0.6505584609338687,0.6518481386357287,0.5595432235762876,0.640703327127993,0.7878208576391373,0.8591922498761708,0.7167015774709298,0.69184523620122,0.6842550579324481
337,1.1567174792064456,1.0543854800157244,1.112297294311599,1.1632168790585204,1.0964777950017093,0.8555909408715923,0.7370517426912538,0.8664485448922842,0.8641229783951808,0.8358913018948106,0.6271799059887758,0.6090446731230912,0.6380719607409688,0.5520359339973375,0.7156540373335574,0.3358041532948771,0.34738906747268516,0.4041707911729161,0.33293650590356616,0.4826101794905521,0.44590854195017215,0.4609202898222543,0.46540331587645156,0.4035365851954538,0.4345921641648318,0.6754406254193774,0.5506354618129633,0.5608481032982092,0.616229959460704,0.6485061554305651,0.7432615686914756,0.7784377326775902,0.7569076760313679,0.7117705815842763,0.7420850507157851
338,1.0796537731753386,1.1185761850444265,1.008482313197514,1.0800654140241277,1.0535306467405385,0.8781103355279487,0.8444418573081737,0.8325170037494942,0.8400213839036306,0.8300414450923024,0.6166913644703329,0.6651322870707541,0.6319531477031839,0.54697301406693,0.6614720690336267,0.3344526010531447,0.36201481723130224,0.38702870340372464,0.3247333285788656,0.46537078935362214,0.4737843197906647,0.4478978931714809,0.4932888648620556,0.4330704883270976,0.39431280850947126,0.7421718099663048,0.6353114400323324,0.6236025705641172,0.5881859233253599,0.7450927841866903,0.7619031401250895,0.819984962414466,0.7671403740183311,0.6592396495058074,0.75240008173319
339,1.2326382666998583,1.0691054179764217,0.9832034630786395,1.1145419051926764,1.0811286026481826,0.9317976986683524,0.7796345630740646,0.8025440919971507,0.8163761042904014,0.7558441513419349,0.7075660833257963,0.6213195799357731,0.6281710583319438,0.5406087164278874,0.6508867813803004,0.3234199399189587,0.41105612813953063,0.35665319442887733,0.33792930945577637,0.45946300326647094,0.5195236723033525,0.4921022430152914,0.47019336856309357,0.4213535986021295,0.40780894586586897,0.7017947541951808,0.6499299596099707,0.5639163224764205,0.6002496427013242,0.6505122406674462,0.7640831553422741,0.8354210273052565,0.7371319417572046,0.7108323815175623,0.7504821803328295
340,1.1255699355327773,1.1061401886483821,1.0236339217374075,1.0324460896244416,1.1134768806064819,0.8068766531065525,0.757370837057915,0.7960261573485106,0.7192351486162996,0.7937433371364906,0.4988880001260192,0.6023514209246508,0.6573217315772902,0.5332586494424757,0.6417944874303871,0.257532646138086,0.34432562331496275,0.36558507357680253,0.3399077958550193,0.4466427045541703,0.43748020672747906,0.4343791526545469,0.44942444325894765,0.40760185456298914,0.44882231246649706,0.5953474568785762,0.6632918135243402,0.6626323388267401,0.551803498802966,0.6470293076147713,0.6998543933239085,0.8064022512676853,0.7633734681433877,0.6718554856832889,0.7282835801546679
341,1.2673468147325448,1.0430437327444704,0.9521558504087151,1.036236302813536,1.1672261117931597,0.9493763685817791,0.7202061126322901,0.7208319047728804,0.7652181849367727,0.8123972912740904,0.5970627767299765,0.5948485229355887,0.5882544047010092,0.5054365294333549,0.7004986448183358,0.32283832085581043,0.3186067258999785,0.377852809675303,0.3392639986719676,0.5075473728480417,0.5244648550081751,0.4109533668178593,0.45088243220032104,0.3786908677097982,0.48151112884702907,0.755152160073231,0.5982533188757482,0.5868865453508629,0.5422081407760593,0.7066265210112114,0.7468731968117148,0.763764472972695,0.7136071577779363,0.6121812422983939,0.8254634883979952
342,1.1044892120383745,1.0120384153119244,1.082277856314008,1.062584112770259,1.1088105589208572,0.8610557301761895,0.7188471232113893,0.8527496403555608,0.7249094363494198,0.8313031693998474,0.6383713477673192,0.5227574107600419,0.6321013019636563,0.535728061685594,0.7071178410282637,0.28327351643550525,0.3056061998659302,0.38136910561372295,0.3466671889042406,0.4685642179133263,0.47262260942801915,0.3835697071291002,0.49778822656489896,0.41731576127034675,0.5101094943122731,0.644862877745793,0.5156742386417332,0.6338625936033921,0.6373871978992927,0.6778728931319153,0.7046902034318916,0.7221166395011991,0.7965253894881458,0.6797610662731541,0.7148443896129077
343,1.201619792675523,0.9627306237647295,1.1408404963534622,0.9850871605300506,1.1585416757427554,0.8597762642453455,0.7612799222792553,0.8460777178883774,0.7988679125958973,0.7961311358465125,0.5943330829798501,0.5935943316464345,0.6298575459994736,0.5539136402440921,0.7015369810775081,0.2860637594919135,0.35104947087262883,0.3883276029994185,0.36304351688469705,0.4515220304620279,0.5302949992871969,0.38562937687670507,0.45567421266397035,0.4122023295556899,0.4601611207690697,0.6584256796139956,0.5480482005473433,0.6218231711370521,0.5794392948101739,0.6713232076795523,0.7639474393638278,0.7089054582652048,0.7678164035225258,0.635377904430287,0.8234766244598024
344,1.042432321643857,1.1514184077825729,1.0300129316274156,1.1870925128399694,1.1999009274490517,0.8576454301057738,0.8646829535022127,0.889207177399364,0.873035861826061,0.8922978379755158,0.565962321801461,0.5857025851717865,0.616734832471735,0.5587319365614029,0.6747410089209276,0.27952891200248264,0.39465299368743423,0.39349832243706784,0.37652269607270694,0.49733839024987353,0.4520499247988629,0.4687687009800252,0.43645379397166506,0.43482164715525884,0.461086696682002,0.6074555304158513,0.6458277826609032,0.6070873333143224,0.6518066826418121,0.7122856229611646,0.6821968351488165,0.8108107522682668,0.6620287089011494,0.6684392386916994,0.7606939081743865
345,1.1401271713334493,1.1922172988984836,0.9226245825463621,1.0797917736847653,1.114505794964957,0.8836131944770869,0.8245415010895811,0.7881033462199201,0.8200587634628683,0.8676551819027059,0.6007141531654594,0.6445116653931339,0.5383055295222627,0.5875965971998809,0.6975613276103889,0.3227320712607172,0.37657159467743706,0.34338473806588254,0.4190912586095148,0.47541973439932095,0.47429699809087256,0.488675965577842,0.41930782267464606,0.4536442903179452,0.47700528799347625,0.6015714804446212,0.6548893892327523,0.5639467673313878,0.6128887429543219,0.6778058674312232,0.7146438521287822,0.8097723274769331,0.7247054614594274,0.6278378243064304,0.7937105200512347
346,1.0900497958423057,1.2007528256066418,1.147201356411639,1.1342698827619746,1.0567581269195523,0.8439061490336872,0.9004508248839302,0.9352486142501797,0.809338779670626,0.8435138821209813,0.6179272849576967,0.6376492543248129,0.6520943778512561,0.6016213277471523,0.6676272957343767,0.3172937326599189,0.3952948296423931,0.43016744244878014,0.34350356270771887,0.44657079905389774,0.4840574744293322,0.5073136651389676,0.5215256864197975,0.3760723587680047,0.4247027601052417,0.6200311569001536,0.6253123602312496,0.6474527903273811,0.5847714894289444,0.665360376547141,0.6891757073437309,0.8065192518869958,0.8297448522057331,0.6960887736419039,0.8409304957326926
347,1.0986253849589545,1.0911766268463912,1.003570474611871,1.1211863065043037,1.115129560998343,0.893426523726346,0.8757462292953406,0.7739108975406304,0.8531667484413572,0.7998638852751114,0.6134435606791351,0.6304431028978632,0.5884000195865373,0.5931038012103067,0.622715634296477,0.3202139526582264,0.39831405727029534,0.376959095496976,0.3509329414047968,0.4493770644285987,0.48093140262570794,0.4824097236626814,0.44709026305117877,0.36934665859461135,0.39348103314462346,0.65023363647158,0.6066600321801097,0.6216180769546168,0.6190331399952895,0.6873214539127107,0.7446789764237314,0.8322984483333267,0.7528699164505485,0.6988110281547166,0.7228801011805559
348,1.138861426532758,1.0743727743641904,1.0502231137751972,1.0149829389414704,1.0648019718035453,0.9081247204645588,0.8046205483314344,0.8202412539400901,0.8929579605358127,0.8059765469606259,0.5923847481675051,0.6182852050164592,0.6308086128736982,0.5482270696890168,0.6803123432504727,0.2982415668533548,0.3733603843208329,0.36388206782815447,0.30782421771930935,0.44225555631606667,0.483499423632853,0.4980579619093146,0.48135419810350444,0.46925535140980856,0.4205068860613358,0.6126439831290137,0.6556099061428297,0.6217397380566232,0.5876334655711046,0.6578771780639603,0.7114997089919602,0.8067960416518003,0.740271829258339,0.6485252585809685,0.782270949682317
349,1.2110751863342366,1.0321333720584291,1.1018692940567232,1.1426736059409044,1.1140817182162124,0.8994917376428511,0.7644637093645013,0.8041866193890028,0.871314254022103,0.7293478462365799,0.6197816153372813,0.5925130851412124,0.6247656944380016,0.6201377914674997,0.6438947556194061,0.2691922127553812,0.3606199335058577,0.39638093363237825,0.3883779322252488,0.48619441110484474,0.49790504695263704,0.440994370433333,0.4901655913860983,0.43105974658195,0.4270577200996358,0.630227723518361,0.6310765507204692,0.6725734129338428,0.6238147068379643,0.6115655418733574,0.7580489358518336,0.7786992069910392,0.7723824708616858,0.6994259128581481,0.6773314644248623
350,1.1378490544041409,1.1201722840334476,1.0623327490599175,1.0164194607943782,1.0741553462589035,0.9795881080861069,0.8065895803520688,0.797539502067397,0.8223960800655226,0.7984378617233393,0.6280501452947929,0.6627165089044145,0.5793320585262155,0.5361273108155553,0.6524733822186176,0.3120023382707484,0.4056792841067335,0.34968248393837637,0.3601400602396806,0.45893442509175053,0.4725278539357226,0.4257371406489103,0.4172026245154973,0.471702280509522,0.4235032033477612,0.628146415241531,0.5974717543204248,0.5614119178231105,0.5810147194572459,0.6517890125598209,0.7866214512752197,0.8354040410693924,0.7382065614676854,0.7180392930027428,0.7090274244599506
351,1.1747830749065993,1.0267181702414998,1.1322354032851116,1.1184540772692708,1.1194393532853781,0.9045783737392985,0.7525344383461423,0.8131841065328289,0.8315161602608643,0.8304491439669295,0.6662433196437849,0.5529475950705965,0.6612022903388401,0.6303051528202808,0.7187328118470612,0.33864355364361864,0.35608158295226033,0.45055797372260986,0.3695193870424698,0.4546520837116605,0.4590320146064347,0.38809108171581785,0.5117927585708493,0.46660196563359924,0.5080434219218513,0.6356085716466063,0.5903445940766372,0.6173241919782834,0.5735219520265122,0.6901296237364778,0.7522853102120678,0.7348392168135631,0.8458722889324912,0.7586365338987241,0.8101476463804137
352,1.1186070958250511,1.073038128860233,1.0896918228149348,1.046599121954071,1.1719364344622427,0.8973548088701534,0.8333893978109063,0.8453632240918376,0.8235321117725489,0.8332020131396392,0.6740494916383262,0.6574329034584063,0.6443864728383327,0.5265992830414312,0.6487748584965978,0.36597789028939587,0.40049329154877644,0.4630167297689667,0.37287954881498875,0.45269668656527606,0.49319530987892973,0.44786212327856467,0.52340810674955,0.42992057981338305,0.425367164558084,0.693168696707258,0.6770947208654131,0.6853234300695081,0.583765128614297,0.6605432956339371,0.7400598997735588,0.847295121397291,0.7997479638592223,0.6501012134527225,0.7128774146514302
353,1.1371781158596472,1.0727349727199256,1.0838834710721232,1.1174444729926345,1.2667508088718522,0.8346737959038437,0.7795136387788143,0.8664902356116884,0.8727470174885734,0.8913984165515394,0.6201140407918299,0.6792049781337719,0.6125938556225787,0.5647514366979411,0.705174651304844,0.3513661973234443,0.35745334193174977,0.4079246431297604,0.37155229715183125,0.5109440168987668,0.44663588228529255,0.42650756303064546,0.47720833112391425,0.41482604743183604,0.46264828783848544,0.6090684840465732,0.6374302688209414,0.66266648472464,0.5921147887967357,0.7604877620597752,0.7401296552432854,0.834919672815607,0.7670199314852225,0.7345740926561364,0.7706531896460717
354,1.087614247898398,0.9825201295408145,1.0128601138297437,1.1065022230938264,1.070641960515776,0.8127180306902029,0.7241067103402161,0.8872153611629533,0.8043717521889587,0.8209216945196275,0.6176069621650555,0.5089187238924698,0.6094119704653989,0.5351666252900775,0.6108717174245264,0.3422557803118821,0.333824069583533,0.37671898839609114,0.3743378994289749,0.4520353780070114,0.4745124421782464,0.3611471723257232,0.4914603690731235,0.47131532940085336,0.3814298705191373,0.6771810351518388,0.5694662734977173,0.6122659558854829,0.6241943261261578,0.6601450395470642,0.705653067431238,0.6894748126786221,0.7226175527459867,0.7326921905620799,0.7170593823339375
355,1.1058805774009242,1.0796144505885732,1.120137236067241,1.140540625930085,1.0018192886912582,0.7994369929160766,0.8198236924593907,0.8189207034250088,0.8981455520174764,0.7900847297877254,0.5820491266475752,0.6231458024594725,0.6562667821725793,0.5359785930075935,0.6527582442066191,0.3930079391613912,0.3519984726167166,0.40617462214487887,0.36422460538577417,0.48119083405306096,0.413647009407056,0.4242389173329265,0.5055419510477276,0.43447019408244514,0.46127753816678563,0.646334253894671,0.6613678682758897,0.6456516136095338,0.5788293781321104,0.6440396074424517,0.730751617169032,0.7563882982707799,0.6758058294392322,0.6405300413545008,0.7600465661716096
356,1.1326263831667154,1.1458725272996872,1.0022471155791433,1.0981527579071617,1.0341694110208555,0.8275984353264811,0.8065498205110313,0.7812827524869739,0.8606686220550219,0.8137535305047203,0.6182680354368315,0.6229815770291607,0.5845670854162288,0.5483404566921567,0.6630693722847049,0.3553378960269608,0.3759654324601919,0.3726901560232505,0.34849636327132455,0.4734237509470234,0.4461442029784056,0.38346050920501357,0.4795482519522857,0.4665107213773324,0.43025318054675843,0.6805132100642562,0.6197972858253209,0.5813543367684126,0.5994217186373858,0.6545599812186671,0.7440591402877172,0.7539591513060174,0.6256747231629229,0.7004609094470677,0.8463291552589967
357,1.262047268648691,1.1283084979111542,0.9741306171224435,1.1411143765588863,1.1386850008067448,0.8948482605936695,0.7516892482115494,0.790425364913933,0.8659769898086465,0.8314825023927247,0.6791696023499212,0.6415422314532627,0.6341299675726917,0.5964430261251281,0.7055465956236519,0.37114559332819475,0.3050667275334745,0.40596342013497233,0.3681344082878272,0.46348605942133925,0.48651195058528385,0.46275487466755294,0.5244332203865074,0.4190487916660011,0.4461089667527458,0.6722130969880381,0.5710837011676072,0.6421138415224641,0.6614141852695354,0.6977870102851907,0.7866427476038635,0.7384661365330705,0.7333150740011756,0.6308226208187299,0.7570486097512834
358,1.1331952062784374,1.0884215086404265,1.0525960973579531,1.0377726688356033,1.0800847398020057,0.7976615401181346,0.7967596761599007,0.8640400625282901,0.8286630825963806,0.8426941966798989,0.6044063217887258,0.6212341415370035,0.6799855563886394,0.49514743251460375,0.6310680256766339,0.320097164964594,0.3627777455724742,0.37742789373991315,0.3059012062990721,0.42754194686020053,0.3915569235347318,0.42696140347692635,0.48971004288823683,0.41967668838925404,0.3952478507134616,0.5957125614562182,0.6217029688044109,0.6195294722679048,0.543438474553068,0.6548691197169911,0.6400354586159818,0.851146764896209,0.7385747985375644,0.6032451012236826,0.7633362612344003
359,1.1430897225783,1.1052376749422783,1.0553806403000259,1.0521943238915918,1.1190841144748997,0.8262464402700258,0.8806404298250512,0.8326018811989482,0.7730140747631238,0.8240548383969124,0.6010831221612115,0.6283475931838548,0.6552353232004202,0.5687960757446548,0.6559584638358955,0.35643497815560443,0.38626330375419893,0.4325588399665604,0.2672557123126154,0.4552768397235586,0.39490479435885517,0.4502253296573935,0.5389413218245396,0.37999114581395255,0.42341123484176435,0.6920302727780485,0.6496359320759764,0.6563336370736028,0.5653305779201311,0.6886548787504643,0.7452101706961308,0.7999290202221352,0.7502164723486409,0.5939414062805348,0.744217606448397
360,1.1401025158028744,1.058645933921799,1.0927671301303095,1.1010365608758337,1.1437631587592336,0.771214125505333,0.8738736057356149,0.7992971298286031,0.855243406485987,0.84016968878535,0.5483594771086815,0.661773977590038,0.635923374478047,0.5493574964132428,0.7273807686147555,0.3648291719145869,0.36490735034525057,0.3574634055340166,0.35789795671851754,0.5062918991773574,0.44806350079140195,0.41072143039853615,0.4803666102916486,0.4895475197058873,0.4008256240894842,0.5920328921771165,0.6021818548061293,0.6002351982100498,0.6167912947192913,0.6562006515657528,0.7127089332918112,0.80702889912536,0.7430235280104939,0.6107999686365719,0.8112292821304943
361,1.1002968116302632,1.1955070965919545,1.114112526939956,1.0914391416962093,1.1541997487806146,0.7827940748269453,0.9086704023683133,0.8110707267508841,0.8669061467363302,0.8666512810501712,0.5226221483278071,0.7295632424433395,0.6315502188955455,0.5815696921424516,0.7490604158364751,0.3548332166085004,0.4206547117966821,0.3903373065716673,0.3794986317879806,0.5050219544546144,0.41931970521382933,0.4624573868592259,0.5613926612499631,0.48927538974874824,0.38898714659024247,0.6721657786056445,0.6609925400533014,0.6435097224005584,0.6414342178632311,0.6973577261626791,0.7410635538777708,0.818094550422598,0.7266188707857988,0.6379900211172731,0.8798201433780859
362,1.1706356142816539,1.0684533358458868,0.990844789305923,1.0536264418878307,1.140873402048975,0.8517774426645159,0.78720900685489,0.8489397662670268,0.7983358455039772,0.804076280380288,0.5618283461938571,0.6231591105692824,0.5917197780965727,0.5648753104634154,0.7086573733005841,0.3853534074759557,0.3378278438467762,0.3964447973450881,0.3645386002145219,0.4949681569190914,0.4369899773792295,0.4248889604839936,0.48660946614557443,0.47375903855814006,0.4398899445360107,0.6534829260843846,0.6074569806682165,0.5635113813530425,0.6360073469876151,0.6333355291176008,0.7655786268317415,0.7471918903094212,0.7019489827179425,0.668341419113553,0.7372366837869708
363,1.0748371154718288,1.2208004800950811,1.0686639655301464,1.1196431892061174,0.9491753042620897,0.7858037479291957,0.8691436773682423,0.8938749341060965,0.8745901869572483,0.7616105655309945,0.5131806032858305,0.6473206805509988,0.6668759539614849,0.5891481490505299,0.6153913900790694,0.3234290846794323,0.3785586903337944,0.4274203572389899,0.355933155520033,0.4197435170670286,0.42224618080444093,0.48990569432991293,0.561132273586201,0.47988889983108,0.4298124973358406,0.5795586058521499,0.6268271037059836,0.665207468098512,0.5468621731284936,0.5932792325151534,0.6741215311335448,0.8135466477440529,0.7461375602217815,0.6215454129830502,0.6992258709270562
364,1.0017452861760554,1.1734129103629538,1.0560820480682458,0.9345288062125999,0.9473939300896714,0.6339105568641203,0.786496817109707,0.8810938696601421,0.8473962016397735,0.7901994809951749,0.5012940646684171,0.614318134922258,0.6483113476658078,0.5535374648565713,0.6645849760180189,0.3337354366038814,0.3243983365848566,0.39059557629640185,0.36034415921360424,0.4402771995965402,0.4084316090176988,0.4774798139258522,0.5419193937991869,0.420251633477595,0.40861731708254745,0.5682134626444875,0.6098884571675132,0.667954186635971,0.5923357172552972,0.6564352105468766,0.7378197202785317,0.774703062723989,0.7607512508262672,0.6543949845242907,0.7556686432201805
365,1.1080909112103956,1.132950778332865,1.0861043657996723,1.104323210928591,0.9782710228381535,0.7451004785738751,0.8272725722726056,0.8561230194292839,0.7899308196984797,0.8260868767117638,0.534953484213865,0.6876089703962989,0.5983800370414414,0.6002762497885542,0.6596007463294167,0.349466970477299,0.40787018923696866,0.4121433503524443,0.39930115851291836,0.43068249320411395,0.46945333052518,0.43416402255192277,0.5243116324585081,0.45910965442025037,0.3929916548233192,0.6127836076338884,0.6671596148420929,0.6164811017694247,0.6362422386616179,0.6094724337426227,0.8368148120059037,0.852946052219152,0.7876877943734001,0.6597055579454676,0.8077398999101206
366,1.178058587558843,1.0700036620764581,1.100708152923139,1.0762543388116537,1.0291621058249738,0.7830314451661359,0.7613673686773887,0.9047858973284617,0.866523081097148,0.79362719326038,0.5195411994461564,0.6613289178355753,0.649980310051286,0.6170893911643717,0.6193824873895706,0.3676923088742915,0.39035471635930497,0.4451610978842794,0.40524975420233145,0.41544101397540667,0.4486941732965751,0.4658537951067141,0.49336704524543384,0.48814091886947575,0.3743550577281297,0.6746938908026252,0.6228479957207043,0.5658400963914996,0.6146380313992033,0.5762240000433351,0.7630840756681936,0.7702336032309081,0.743460392168835,0.6964067902942862,0.7387760718166054
367,1.1637530022387494,1.1505261688861652,1.0370029059643708,1.0408773818499086,0.9468348352691174,0.7791486763239635,0.797699718402263,0.8160665405132526,0.8078110897531443,0.8447576349147922,0.5114284257527458,0.6576329620034952,0.5919824141049828,0.5652096418072086,0.6931633658827714,0.36367026593858204,0.34447080530396207,0.3694314030218241,0.38521128648905156,0.4289868227147621,0.44397247619721913,0.4326844249622966,0.5344589868443149,0.42117112277336555,0.41080258921756163,0.6191136466660364,0.5970450023913514,0.6095409363440721,0.5713010273377479,0.6836860791224064,0.8580005265966661,0.7433932255065872,0.7264395040891589,0.6016113886440249,0.7552967648042677
368,1.1456565840829098,1.0757241364447823,1.0831673442536793,1.0389826927883905,1.1062368515923822,0.7508542445710084,0.7808631963232932,0.8930460232341725,0.8056891115133138,0.8550836909316462,0.4556914943386967,0.6335155211750062,0.6111053466946081,0.5322824591698543,0.7193926537469026,0.3341848560987355,0.40925967201589947,0.4132138198333825,0.386425711501602,0.4946505800446655,0.4916607331451791,0.4078559028812182,0.4933759885933038,0.4749740631897147,0.3836700274938194,0.616860582313189,0.6371997821484126,0.5627698632878481,0.653599196021484,0.7024810337177014,0.7200753295713074,0.8061929007312505,0.7451953970939749,0.6746688008783455,0.8387891700139907
369,1.2212573703203078,1.1725618309421768,1.11032961093514,1.08250950020425,1.0342263283986055,0.766960306124179,0.827962791268475,0.9203531023568756,0.8202956673948185,0.8531804584561007,0.4655696765699696,0.6417884258532306,0.6793576518860254,0.5890460393904925,0.6731118538725946,0.35668188001296197,0.3993087567810699,0.42131012508877075,0.3602275550524175,0.4200177178873139,0.4855756237915225,0.44886718559138017,0.5497059801808174,0.42187212658105167,0.39279617753054397,0.6317650094603575,0.5933624794426048,0.6654934522085973,0.6150702855279421,0.6811826466594904,0.7175684378621353,0.7976261188389642,0.8418336228445118,0.6965595703158887,0.7872641710243532
370,1.1942893260170566,1.1238693583173314,1.1839092793826236,1.0677380588952268,0.9477232002809274,0.8413980079263372,0.8545276645619789,0.9050243910274749,0.8704975480831276,0.8694522378661181,0.5446413195535852,0.645153403174664,0.6519490240609999,0.595317852102225,0.645964814792182,0.3438806072669608,0.3669942135358968,0.4250607532057392,0.3966487650986854,0.4579968356952484,0.5142010668383262,0.43224588534176356,0.49493217659397115,0.45985745088124536,0.3649404124812584,0.6394003680349406,0.6511364593516175,0.6381996829126124,0.6018239314487126,0.6703496626051203,0.7686097829201954,0.7977574066495106,0.7472869156143231,0.6969387059758402,0.7420096830185895
371,1.1576024340930184,1.1502924817128992,1.0349120209521263,0.9779963124698611,0.9814998648167625,0.8091816911991598,0.7572988636475988,0.9413091982342174,0.8776879524548917,0.7991925645270954,0.5156509789513165,0.61765972575819,0.6524529526264277,0.6055158579447589,0.64134389821341,0.3899419294962071,0.3623257607745216,0.371715425262951,0.38040883121886393,0.4643333726193782,0.5297571482100605,0.4353297224974353,0.5106004636907955,0.44850275491068825,0.386111332824954,0.6476015411617393,0.5333925090304098,0.6387203172250874,0.6306617834371007,0.6079432203595401,0.8502041941012991,0.7739073180363312,0.7381240162575748,0.6653983163115348,0.7360830777596288
372,1.1936496364370668,1.170365940958281,1.0670043381082293,1.0048542600478263,0.9121047787295079,0.815358106769808,0.8794521397230581,0.8914370164968044,0.8286589215812539,0.7548936338506754,0.48677930095146904,0.6438767722663995,0.5951444725934282,0.5713015781035409,0.6230135643394581,0.3341244528948685,0.3907230034041943,0.4193831206991936,0.33432509745188016,0.436772105493342,0.5159175070978971,0.42911549971594365,0.488986676833393,0.4090051423806078,0.36513938686025527,0.6629571510295061,0.6363785114290879,0.6232803508827558,0.6069493409756092,0.6183702541964747,0.8120039276674705,0.7755863564873384,0.7126511831798636,0.717369415238928,0.7228672890101093
373,1.126417271733656,1.1869168627025461,0.9770485332087067,1.0418132528731268,0.9133994611089826,0.8018836634095926,0.7909053673617774,0.8752616468399188,0.8604592691709583,0.8111452002833435,0.5510650496043608,0.5625022433532803,0.624902403701018,0.5825636019665799,0.6758066658234696,0.3643776402127472,0.37136340497098486,0.4184298538139667,0.3431993105873786,0.4498389305450431,0.4745081739663829,0.4947462716969855,0.563882523188556,0.48152686493233865,0.3402864034637686,0.664058873221328,0.5568571294929203,0.6341660177761868,0.6177681914267206,0.6734350715147652,0.8140159358421388,0.8190874086354409,0.8365160404313876,0.7805201667432411,0.6705358185853028
374,1.128327287670639,1.206601224886907,0.9164745795869058,1.0960386575263037,0.9601936843702611,0.8828529295231625,0.8342646036746388,0.8988635510305425,0.859965920562541,0.8806807813698287,0.5199936969642933,0.5612192766560569,0.6606275635238714,0.6176754254554957,0.7083674641857665,0.3280222352625173,0.3832406112220953,0.3952543445403558,0.3632850094179004,0.4504432917945068,0.5430709757209261,0.4623179901991845,0.5084897738991807,0.45458104116934595,0.37950451265549934,0.7073764365273225,0.6339530380421207,0.6012266270932054,0.6880130581302306,0.7217420072761953,0.737450223089694,0.7908885575273564,0.7412082219059446,0.7512170176872127,0.7411026675336936
375,1.1762672111068075,1.1834466005917994,0.9737451608890688,1.1651103198152701,0.9260577491396162,0.7841267460790005,0.8589403530388107,0.9344962590110732,0.8941819681220182,0.7601211626101041,0.57061236725898,0.6399423354086844,0.6495586796958367,0.6299498440227695,0.6557414841836056,0.35496499756900646,0.4136971909592996,0.39937638288268484,0.38709292196491024,0.4353388215144487,0.5133816415512322,0.535220798395432,0.5293021623898742,0.48795762462429887,0.3908669424679633,0.6799665924709914,0.6299412204101493,0.6302449646024538,0.5886684273989546,0.6395983882569851,0.8113930257267112,0.842314142961724,0.6951994469014404,0.736995504663807,0.6702228890310635
376,1.1623562522329185,1.0558799809100965,0.8487067038912148,1.081478019191178,0.9406489183776949,0.901960868449268,0.792524638871376,0.8990704874398645,0.8684204323817024,0.8322761607792103,0.47358593773938307,0.6266377692472601,0.5929430435911632,0.6122115006547948,0.6394022025420218,0.4063516925337044,0.37936161596691287,0.3821241165157421,0.4045536412622376,0.473476154229247,0.5674127048660904,0.44551160148139807,0.5014760573868593,0.497418704388196,0.40476105402971074,0.665159915078863,0.6286945792429597,0.6760341515512684,0.710541113112201,0.7525186269921283,0.8771182503420953,0.7572403890060765,0.7419864872562782,0.734372514142169,0.7122985202661797
377,1.1462595217058378,1.1436687844352738,1.0405026620814493,1.040900263818376,0.9363669077772572,0.8140432890521065,0.848857477609065,0.9103817152453736,0.8741569118853824,0.7903518189574826,0.5153890063710893,0.6878733265988303,0.6376431957820119,0.563039527570544,0.6531977641031741,0.3992595078337504,0.39440038945936406,0.4233049043511783,0.3368353346467855,0.507361399908621,0.5313592848356394,0.4563408694451075,0.5186354994126141,0.5072137200695974,0.43319990690708143,0.597852769334082,0.6414979768399642,0.6758056204912466,0.5751325203805082,0.7089648729153066,0.7169472796816898,0.8229030713675233,0.7450060575745932,0.7056784016973177,0.700470364189022
378,1.1086372397432092,1.124964385981319,1.0272898077551775,1.0211081796909984,1.024843020295906,0.8317917167490974,0.8644365441124331,0.8752285129583521,0.8823950805305072,0.8551030486517932,0.5186623666382405,0.6090374916075229,0.6331827713772142,0.5676037145029569,0.6737469242344079,0.36087203117011046,0.399255805859719,0.3880669773952823,0.4080130647049828,0.4705172276301407,0.5092802632645836,0.48420173289611146,0.42683861643879495,0.4922898679952199,0.4428875609887727,0.6270406075812056,0.608745559865202,0.5810648473300489,0.6299819446378114,0.7688444828119555,0.800130718929356,0.8367855105911808,0.6809369333185195,0.6907625625706871,0.7537275172899656
379,1.069232236383037,1.0632314987638747,0.9585857449336493,0.9422752532301064,1.0223957407209856,0.8317106678061295,0.7931896053052259,0.8441077089848745,0.8565884095725492,0.7431876379655598,0.5141336054715333,0.5802231925294012,0.5720218303146645,0.6008090599478269,0.6743909133162673,0.3971038669130015,0.39272881657859127,0.4039152820874716,0.3742354020094886,0.48293591098247224,0.4433431550374446,0.4816096225126503,0.44886470267869005,0.5134385680195237,0.3894251481225882,0.5375613355665784,0.6459304201998305,0.6191659669351935,0.5382776144247978,0.6861223265134676,0.7098947150742507,0.753493327437792,0.8208898493539303,0.7051165661551639,0.7632860094361026
380,1.133171958193493,1.1555471763505134,1.0492102186648666,1.0374126751636075,1.0650679990234224,0.9284909482658443,0.7968539154665968,0.8462973215080334,0.7891328957159756,0.8295987520053825,0.5348475826323443,0.6094492177357677,0.5891710330691267,0.596452928244797,0.6670480672259259,0.37003214446594734,0.3627137677450459,0.3835344517375851,0.3748664212102086,0.4234635044944105,0.514635140145351,0.47324981910728026,0.4236525354492148,0.46182472103015076,0.39830206279857566,0.5694290494122314,0.6961700784772655,0.5971251058561717,0.5907271528821842,0.6379181823037315,0.7336577118939915,0.732760337168453,0.6467168398684532,0.6759438133157163,0.6942947865161799
381,1.108760291434661,1.1125285266394254,0.9474468991328343,1.004149062089521,0.9366985929433747,0.8071001940306082,0.8211246431642887,0.8132929369229106,0.8117166847046948,0.7817701047253929,0.5111165643959077,0.6250027550465302,0.610079489414439,0.5992425117166416,0.6368150945285358,0.3298302100417548,0.36502422338616886,0.40227519588135546,0.39005819848689594,0.4515193879660804,0.4814455861846376,0.4782289465085918,0.43625943686164914,0.5280470565877785,0.4186666714501881,0.6033862256843188,0.6517312825880366,0.5876476668220169,0.617117880445344,0.5660592990997461,0.7447853622805346,0.8318599161254084,0.7238449212082756,0.6775391494767465,0.6865137946291252
382,1.1915453426808327,1.0637429187030611,0.85553128661879,1.0802789945755111,1.0344971058729562,0.8423365615238956,0.8194823415511622,0.8667876220566091,0.959508868855451,0.8100277193797691,0.5288235436838964,0.578113899144165,0.4904471415541354,0.6894029960652908,0.6366999512879064,0.3924790127566371,0.3689132693283994,0.3820964585453924,0.40733097260683626,0.43137974647025223,0.5337605009118738,0.4580620583963097,0.453105152964418,0.5530597409021114,0.32046372034729553,0.6043382157181965,0.6466231191490619,0.6267756489546596,0.6772396704855914,0.679575346872616,0.8283884909838248,0.7735877380853751,0.7813806928724407,0.762909781847209,0.6450204712870928
383,1.1243175164084998,1.086209792397074,0.989413599093994,1.0878599264602693,1.145186709925592,0.8697870612849004,0.7833639802901358,0.870237114346071,0.8954119825668374,0.7830893982861826,0.5606734501145907,0.5971889051811334,0.6349380720351274,0.5758431912251851,0.6123884280783717,0.36683308463497866,0.34306636668120116,0.39341306757575534,0.4150983127054234,0.48688232486582605,0.5283984708276037,0.5023719023781209,0.5007824629973114,0.49204526444721475,0.366778732464463,0.5770229507378299,0.6518676896243683,0.6497180912032224,0.6158383904126421,0.6833034077223223,0.7205202045882307,0.7502515162854921,0.743901171024874,0.6399852674964398,0.7185972977986812
384,1.248131161594095,1.0042951573209846,0.9583930068145095,1.024622237776255,1.0865645978510865,0.9265778425131808,0.7157302748767544,0.8669679462879475,0.8304302736210302,0.8046695163595916,0.6036036781965068,0.6162226416081513,0.5801597755338175,0.5516694598431922,0.6696187214152394,0.45151337422588866,0.35357550776947566,0.4111485314782178,0.4227683864118188,0.4989124884034195,0.5248334608450057,0.46520059761959487,0.48862425874812,0.48801888673265764,0.38043736548570356,0.6815671529684578,0.6376485527041744,0.6605836297677432,0.5844680564886717,0.654551485796973,0.7937852649570604,0.7361052303025485,0.7149718261134541,0.6377832574866962,0.664742130861461
385,1.1889168023866998,0.9696838967687664,1.0049895729160894,0.9851038265215193,1.1913975457454558,0.8777656136395966,0.7544003265488183,0.8566787473508721,0.7661104037859556,0.8501216899577326,0.5637760667410601,0.6414045543759248,0.5238116931398624,0.5896533479767601,0.6348305677989995,0.38233648952129135,0.34931344458603186,0.35599708835421373,0.39034316569144684,0.4378308308207475,0.5094562118913339,0.4943966651485535,0.4718793508293228,0.4915983279902263,0.35212488737604053,0.5753997329580846,0.6695716122824402,0.6083565629294045,0.6186325402194185,0.6142334665870418,0.7411664117456757,0.7471118678953401,0.6700147723889929,0.6310062787887765,0.6861345286652825
386,1.0534810690687562,1.0177852321701448,1.002059169873,1.0636180011354246,1.0797535051801117,0.830668890274463,0.7120521464487485,0.8562111044609926,0.8353168940758201,0.8038642726643168,0.6084589607447524,0.6170711712664559,0.5466010269778108,0.6219979940211494,0.651285527403243,0.35061049530699584,0.33032478038666024,0.3897396832139063,0.44633069474722487,0.4915543677000829,0.48432256448185196,0.44844139228005253,0.45358141416022413,0.49491719617956254,0.40263792006123594,0.5668289968589793,0.5899529600819572,0.6277312629304082,0.5892596800666131,0.6427478399835518,0.679834621299058,0.7029007030377588,0.6586273010054752,0.7484065474443896,0.693479980716021
387,1.119279374702216,1.0852626062033606,1.0710818145553416,1.0355159303623966,1.0446944783546717,0.866906379195933,0.8565942793136732,0.9092261167434046,0.8808952590146918,0.848980318285047,0.5026990207553785,0.6277042398941445,0.5268137836390301,0.6108862242803694,0.6793890368232086,0.38659393899271544,0.35248707356107856,0.39516116729157325,0.41962327993147364,0.518830530463167,0.508741186900567,0.46983950995558077,0.44531006710804744,0.5058621900848514,0.39029342691394964,0.5713473020777613,0.6821463803362429,0.5973162263462682,0.6000313977211316,0.6576444304266797,0.6548975439761213,0.7737975135250825,0.7094611565626694,0.6829136993869888,0.6601149089482742
388,1.1646035441437927,1.0333838286603965,1.0647493257237421,1.07215456212513,1.1439803665598025,0.874094252397944,0.8211319173513072,0.8533099108613549,0.8092948695007018,0.8222599853720503,0.5984088951419502,0.5918402512857397,0.5514241749750143,0.6748385486376878,0.6782944576556309,0.44170825712407596,0.38253690327399054,0.3765468367744672,0.39152671597000654,0.5252810409518223,0.4974404748129632,0.46408729581220676,0.47801290449161116,0.5046924511538999,0.3805194398683201,0.6126649120276373,0.6537753397943095,0.6081514407608892,0.6070258389675894,0.6897174566035537,0.6829702407356751,0.783780779330564,0.7165502454924064,0.7353180851392739,0.7767115936965691
389,1.0841517778602423,1.1163074334106269,1.1549849020383034,1.0722269279403431,1.1168225267189626,0.7793839619192693,0.7956709350672162,0.8990062489575605,0.8350691887762386,0.8420330771890396,0.5479677830708171,0.6285785123135024,0.5381145477356268,0.6555576565886614,0.6213980109745425,0.394122400754199,0.40708764235149625,0.3937936055377515,0.41214104170525223,0.45604491720572904,0.541685524603459,0.49548598666295474,0.4994393933565976,0.51821589675702,0.4072000430760838,0.5528990166551594,0.6539363500075214,0.5966439022450951,0.5846618496111244,0.6813937095145502,0.7155051783787045,0.799064673418848,0.6776775518799296,0.7412719429540451,0.7729146850878911
390,1.0690148777194122,1.164022367373604,1.132575128349488,1.1622461093008882,1.140103360863571,0.8106374857557714,0.8116950446302347,0.8055777146396773,0.8241077892642412,0.8904749502189062,0.5364147489250719,0.6619570358225039,0.5876829836331003,0.6541045108424902,0.6373793376328087,0.3493532799153583,0.36586411175971684,0.43223652798348167,0.466730814092566,0.4893005818555416,0.48339136145652023,0.5076496966028574,0.4612098092711998,0.5307092204658195,0.41066304330230785,0.6001998609952102,0.6677323581890107,0.6727913105385648,0.6295157274017318,0.6623601461786894,0.6809081730297919,0.7605146693222072,0.7469853467867731,0.7348751549539558,0.6374958414612912
391,1.1255146957343438,1.0475797233227069,1.025507284432424,1.206229630570336,1.0984666432661105,0.8625102860606697,0.7929293748522857,0.7632585027135188,0.8499209920810683,0.8480078701871494,0.6115164407804314,0.6010729071993934,0.5100965092224559,0.6764624369896883,0.6597085684722809,0.40501328909548556,0.4338730864387761,0.35961978521174565,0.4285298722601699,0.47206575025375197,0.5435037278442739,0.516888212402187,0.4304864175750185,0.4709725123431829,0.3684458806721845,0.6710762808577289,0.6465854732795822,0.592024006668487,0.6190068082179276,0.657785769280402,0.7278637984494314,0.8053703672764903,0.7362961699470192,0.6903197836147192,0.6540603874278006
392,1.1443143651864978,1.153327704418637,1.0298867462657189,1.0765625020139868,0.9821651300902317,0.9109161307170859,0.7987932309371442,0.8905449144652191,0.7885884617284008,0.8272461146356447,0.6361469978762664,0.6433565151195852,0.583747078659769,0.585859203586484,0.6043049597256485,0.4271717780291313,0.4208123972394887,0.4024272535126532,0.4051783748771867,0.4271316530298126,0.5538723242347141,0.49929300788301667,0.48161450706714926,0.44882284821138796,0.37008050344183313,0.6797711814489524,0.7246014295299782,0.6589637965146988,0.6303669588149594,0.5816683967951161,0.7318530276963937,0.8491330653691009,0.7452416524194589,0.6207556045018136,0.5930433255425007
393,1.1617025769578717,1.0840667553150092,1.1229142763170805,1.0664632147484792,1.133801478181108,0.9313333161982591,0.7787306593952861,0.8373280534430239,0.8421267271149204,0.869554320410281,0.5802447186837836,0.5602489619543684,0.6022694446935672,0.642997940068951,0.6194340566536796,0.3695680416559101,0.35901877023596707,0.4244090082345041,0.4039260142842933,0.5032404409205475,0.5169857635650472,0.45918696697785266,0.4848338606566218,0.5049768801652648,0.4421262443875828,0.6321453748263474,0.57879412881078,0.6101202311361418,0.6199215788227601,0.7126389554766661,0.715065533609235,0.6775501964050137,0.6961371875657172,0.6966934967470544,0.7264188246336156
394,1.219962324630611,1.1801964025758933,1.1240625567039804,1.1497813550800093,1.1239030622517023,0.9320573467543561,0.7771032899206118,0.9181292299800212,0.8059236221137487,0.8941947766307353,0.6368438206522395,0.643503026277271,0.6306494258109882,0.6525373737183217,0.622496485020472,0.40936566316381967,0.3708746973220674,0.4421653852515196,0.4376351325418101,0.4707842866647877,0.49238346464124905,0.46326636646637004,0.5236919695114188,0.4963893072139523,0.4536397327959044,0.6619771768594751,0.701988581921398,0.6466611028145614,0.6436858310525557,0.6784808495811641,0.6865688773040237,0.7233020438919959,0.6453034495065515,0.6712734368008595,0.6740668415888339
395,1.1797268578587534,1.0711753303462186,1.132292248239112,1.133550206052654,1.0768187256387443,0.8875846100920972,0.7441100485626582,0.9365021959180098,0.8360592150539754,0.8501158043631929,0.5863064380740663,0.6112580101527623,0.6192637060646048,0.6050009926527558,0.567334167674538,0.3818432512503127,0.3753412019115268,0.41045473336247557,0.3881720470584312,0.4512646193374068,0.5149589257022381,0.47146646529648467,0.5192364658173427,0.4925295790356693,0.42888699658449436,0.6094558574630636,0.6764057591627586,0.6530914146622837,0.5919902038078302,0.668681317406204,0.7442018462469813,0.7284774610716632,0.7330199581680092,0.7156128201158595,0.6929592166168022
396,1.1303987070858512,1.0962110074185123,1.0963166765870738,1.063845576716092,1.0457275725697055,0.9074011084642318,0.7464343517169651,0.9684550830838358,0.7830943372471357,0.8698303506210697,0.5766833576136561,0.5573461793310273,0.6381502957629712,0.6693188795251601,0.6541786304522974,0.3976266933877571,0.33133875631874554,0.4650646681360433,0.40457115130542576,0.4502254601794914,0.5408917532567343,0.455856023841186,0.48952432373827764,0.4780834039943175,0.4097094155578956,0.5948109565060853,0.6033743988872216,0.677636279268782,0.5677198181322439,0.6078868798250876,0.6972392647791139,0.7315856417296847,0.728759020454535,0.7149818323291088,0.6154776767301875
397,1.0905733088750273,1.1148183826249454,1.0499866558889228,1.127682930958709,1.0883599006590248,0.8422392642094436,0.8023819072585795,0.8789221646814465,0.8188072781570057,0.8860319678101738,0.5657628491294029,0.599582803302185,0.5906796962950362,0.5920885036413139,0.6511094078264036,0.38201153961838386,0.3878721406009864,0.4552743997154429,0.41743018287862893,0.46785181769746986,0.5209943819726849,0.4830051084504873,0.5114752436868726,0.39862372997662443,0.4349222955181977,0.6183479186744372,0.6448932501976692,0.6472845148774371,0.6032021995474035,0.7450440111059488,0.6729802356153717,0.7173704106313351,0.6905048665465777,0.7497287565341713,0.665844160083926
398,1.1472884990888186,1.1095152005355204,1.142960926036931,1.1055582592196465,1.1721380422808383,0.89638876180077,0.7691716765210203,0.8891401888727958,0.8335032239651405,0.941949801623945,0.5655453682167326,0.5687380812810354,0.585669336668726,0.633446011780898,0.6373918719616603,0.425832832748066,0.3502248872607184,0.44675737308193864,0.40760607950597,0.522132464179432,0.5866083868636612,0.42858556762139144,0.46052538920925135,0.4617234888548431,0.496364298879214,0.6650116652255373,0.6587648493197876,0.5948209356186994,0.590063590693213,0.6981644779654712,0.7659909694481013,0.698230480204198,0.6937748234461226,0.779644521949838,0.7166791180090927
399,1.156506417168763,1.1442362202141056,1.1415926423446305,1.032118462991788,1.0700908194047618,0.8713612266828876,0.8263977961070199,0.845632695958908,0.7126707165753118,0.8651043738668631,0.49455133019779984,0.5520329724251845,0.5446902744256688,0.5815013438848724,0.6958780683724858,0.40694693173733837,0.3949315010677236,0.419948322530018,0.3907379805710306,0.43173826440107427,0.5145955622886551,0.4547235637383442,0.491937046834683,0.41514818771914785,0.45431058174835187,0.6974647777171079,0.6418003214279777,0.6055931957882945,0.5572312806691002,0.6771815678233013,0.771275734708815,0.6357475618235451,0.6794042154055161,0.6820668646307768,0.6599862569794864
